candidate_order,candidate_id,dc_bus,bus_name,power_factor_case,data_center_power_factor,hour_index,timestamp,state_order,state_id,kind,element_uid,response_mode,branch_rating,data_center_power_mw,data_center_reactive_demand_mvar,native_reactive_demand_mvar,hvdc_dc1_flow_mw,dc_flow_reconstruction_residual_mw,evaluated,converged,secure,status,min_voltage_pu,min_voltage_bus,max_voltage_pu,max_voltage_bus,max_voltage_violation_pu,max_branch_loading_fraction,max_loaded_branch_uid,max_active_power_violation_mw,max_active_power_violation_generator_uid,max_reactive_power_violation_mvar,max_reactive_power_violation_generator_uid,max_non_slack_pg_deviation_mw,reference_bus,reference_generator_uid,active_generator_count,requested_generation_mw,ac_generation_mw,slack_and_loss_adjustment_mw
1,poi_bus_120,120,Attila,unity,1,0,2020-01-01T00:00:00+00:00,0,normal,normal,,base,continuous,173.104166667,0,679.176313276,-99.999999999,0.000000002,true,true,false,constraint_violation,0.987683476,307,1.087975144,210,0.037975144,0.967804843,C6,0,101_STEAM_3,52.525146717,314_SYNC_COND_1,0,123,123_STEAM_3,100,3510.436050866,3622.373097592,111.937046726
1,poi_bus_120,120,Attila,unity,1,0,2020-01-01T00:00:00+00:00,1,branch_A11_immediate,branch,A11,fixed,short_term,173.104166667,0,679.176313276,-100,0,true,true,false,constraint_violation,0.987427807,307,1.087795564,210,0.037795564,0.806780935,A10,0,101_STEAM_3,52.177931241,314_SYNC_COND_1,0,123,123_STEAM_3,100,3510.436050866,3622.726712255,112.290661389
1,poi_bus_120,120,Attila,unity,1,0,2020-01-01T00:00:00+00:00,2,branch_A11_sustained,branch,A11,bounded,continuous,173.104166667,0,679.176313276,-99.999999999,0,true,true,false,constraint_violation,0.940861713,307,1.088045733,210,0.038045733,0.966563479,CA-1,0,101_STEAM_3,180.820892631,316_STEAM_1,0,303,303_WIND_1,100,3510.436050867,3616.440891837,106.00484097
1,poi_bus_120,120,Attila,unity,1,0,2020-01-01T00:00:00+00:00,3,branch_A12-1_immediate,branch,A12-1,fixed,short_term,173.104166667,0,679.176313276,-100,0.000000001,true,true,false,constraint_violation,0.987588552,307,1.087809524,210,0.037809524,0.800423656,A10,0,101_STEAM_3,52.397270905,314_SYNC_COND_1,0,123,123_STEAM_3,100,3510.436050866,3623.897265265,113.461214399
1,poi_bus_120,120,Attila,unity,1,0,2020-01-01T00:00:00+00:00,4,branch_A12-1_sustained,branch,A12-1,bounded,continuous,173.104166667,0,679.176313276,-100,0.000000001,true,true,false,constraint_violation,0.973483318,307,1.085507499,210,0.035507499,1.021838838,C6,0,101_STEAM_3,324.564336315,317_WIND_1,0,317,317_WIND_1,100,3510.436050867,3590.977868054,80.541817187
1,poi_bus_120,120,Attila,unity,1,0,2020-01-01T00:00:00+00:00,5,branch_A34_immediate,branch,A34,fixed,short_term,173.104166667,0,679.176313276,-100,0.000000001,true,true,false,constraint_violation,0.987915268,307,1.088029558,210,0.038029558,1.021973473,A30,0,101_STEAM_3,95.6973741,116_STEAM_1,0,123,123_STEAM_3,100,3510.436050866,3654.277491568,143.841440702
1,poi_bus_120,120,Attila,unity,1,0,2020-01-01T00:00:00+00:00,6,branch_A34_sustained,branch,A34,bounded,continuous,173.104166667,0,679.176313276,88.763895844,0.000000001,true,true,false,constraint_violation,0.9596167,307,1.085569433,210,0.035569433,1.007799743,A30,0,101_STEAM_3,359.259175142,316_STEAM_1,0,317,317_WIND_1,100,3510.436050867,3643.685791575,133.249740708
1,poi_bus_120,120,Attila,unity,1,0,2020-01-01T00:00:00+00:00,7,branch_B12-1_immediate,branch,B12-1,fixed,short_term,173.104166667,0,679.176313276,-100,0.000000001,true,true,false,constraint_violation,0.959964424,207,1.076656111,210,0.026656111,0.802324248,A10,0,101_STEAM_3,52.498103247,314_SYNC_COND_1,0,123,123_STEAM_3,100,3510.436050866,3626.18129337,115.745242504
1,poi_bus_120,120,Attila,unity,1,0,2020-01-01T00:00:00+00:00,8,branch_B12-1_sustained,branch,B12-1,bounded,continuous,173.104166667,0,679.176313276,-100,0.000000001,true,true,false,constraint_violation,0.956282787,207,1.073594317,210,0.023594317,1.010629949,C6,0,101_STEAM_3,32.926002843,316_STEAM_1,0,122,122_WIND_1,100,3510.436050866,3584.847607271,74.411556405
1,poi_bus_120,120,Attila,unity,1,0,2020-01-01T00:00:00+00:00,9,branch_B22_immediate,branch,B22,fixed,short_term,173.104166667,0,679.176313276,-100,0.000000001,true,true,false,constraint_violation,0.987882582,307,1.082244848,210,0.032244848,0.80061203,A10,0,101_STEAM_3,52.787798928,314_SYNC_COND_1,0,123,123_STEAM_3,100,3510.436050866,3628.325882328,117.889831462
1,poi_bus_120,120,Attila,unity,1,0,2020-01-01T00:00:00+00:00,10,branch_B22_sustained,branch,B22,bounded,continuous,173.104166667,0,679.176313276,-100,0.000000001,true,true,false,constraint_violation,0.961364767,307,1.082615209,210,0.032615209,0.977498573,CA-1,0,101_STEAM_3,360.034771555,316_STEAM_1,0,317,317_WIND_1,100,3510.436050867,3627.082432852,116.646381985
1,poi_bus_120,120,Attila,unity,1,0,2020-01-01T00:00:00+00:00,11,branch_B6_immediate,branch,B6,fixed,short_term,173.104166667,0,679.176313276,-100,0,true,true,false,constraint_violation,0.987635406,307,1.089515219,210,0.039515219,0.80054436,A10,0,101_STEAM_3,52.460564252,314_SYNC_COND_1,0,123,123_STEAM_3,100,3510.436050866,3622.282493803,111.846442937
1,poi_bus_120,120,Attila,unity,1,0,2020-01-01T00:00:00+00:00,12,branch_B6_sustained,branch,B6,bounded,continuous,173.104166667,0,679.176313276,91.930363323,0.000000001,true,true,false,constraint_violation,0.970271763,307,1.087042112,210,0.037042112,0.975157934,CA-1,0,101_STEAM_3,357.999566098,316_STEAM_1,0,317,317_WIND_1,100,3510.436050867,3619.086800389,108.650749522
1,poi_bus_120,120,Attila,unity,1,0,2020-01-01T00:00:00+00:00,13,branch_C12-1_immediate,branch,C12-1,fixed,short_term,173.104166667,0,679.176313276,-100,0.000000001,true,true,false,constraint_violation,0.881315074,307,1.087986492,210,0.068684926,0.802225195,A10,0,101_STEAM_3,43.782284024,316_STEAM_1,0,123,123_STEAM_3,100,3510.436050866,3629.474842447,119.038791581
1,poi_bus_120,120,Attila,unity,1,0,2020-01-01T00:00:00+00:00,14,branch_C12-1_sustained,branch,C12-1,bounded,continuous,173.104166667,0,679.176313276,100,0,true,true,false,constraint_violation,0.873140972,307,1.08508392,210,0.076859028,1.006831692,C6,0,101_STEAM_3,24.645322046,316_STEAM_1,0,122,122_WIND_1,100,3510.436050867,3586.526524609,76.090473742
1,poi_bus_120,120,Attila,unity,1,0,2020-01-01T00:00:00+00:00,15,branch_C27_immediate,branch,C27,fixed,short_term,173.104166667,0,679.176313276,-100,0,true,true,false,constraint_violation,0.982892868,307,1.087895598,210,0.037895598,0.998582159,C29,0,101_STEAM_3,76.447201504,316_STEAM_1,0,123,123_STEAM_3,100,3510.436050866,3631.528873965,121.092823099
1,poi_bus_120,120,Attila,unity,1,0,2020-01-01T00:00:00+00:00,16,branch_C27_sustained,branch,C27,bounded,continuous,173.104166667,0,679.176313276,-100,0,true,true,false,constraint_violation,0.941959955,307,1.087685669,210,0.037685669,1.00250476,C29,0,101_STEAM_3,221.886498437,316_STEAM_1,0,303,303_WIND_1,100,3510.436050867,3626.963056635,116.527005768
1,poi_bus_120,120,Attila,unity,1,0,2020-01-01T00:00:00+00:00,17,branch_C6_immediate,branch,C6,fixed,short_term,173.104166667,0,679.176313276,-100,0.000000002,true,true,false,constraint_violation,0.970560572,307,1.087969952,210,0.037969952,0.912539387,C2,0,101_STEAM_3,79.47367012,316_STEAM_1,0,123,123_STEAM_3,100,3510.436050866,3632.366663231,121.930612365
1,poi_bus_120,120,Attila,unity,1,0,2020-01-01T00:00:00+00:00,18,branch_C6_sustained,branch,C6,bounded,continuous,173.104166667,0,679.176313276,-100,0.000000001,true,true,false,constraint_violation,0.955000598,307,1.085598524,210,0.035598524,0.936971813,A10,0,101_STEAM_3,172.237391679,316_STEAM_1,0,122,122_WIND_1,100,3510.436050867,3597.507969172,87.071918305
1,poi_bus_120,120,Attila,unity,1,0,2020-01-01T00:00:00+00:00,19,branch_CA-1_immediate,branch,CA-1,fixed,short_term,173.104166667,0,679.176313276,-100,0,true,true,false,constraint_violation,0.98207792,307,1.088139072,210,0.038139072,0.836571455,C6,0,101_STEAM_3,50.304637618,116_STEAM_1,0,123,123_STEAM_3,100,3510.436050866,3643.138021393,132.701970527
1,poi_bus_120,120,Attila,unity,1,0,2020-01-01T00:00:00+00:00,20,branch_CA-1_sustained,branch,CA-1,bounded,continuous,173.104166667,0,679.176313276,100,0,true,true,false,constraint_violation,0.956032159,307,1.084438116,210,0.034438116,1.21911233,CB-1,0,101_STEAM_3,347.917388811,316_STEAM_1,0,122,122_WIND_1,100,3510.436050867,3692.289789154,181.853738287
1,poi_bus_120,120,Attila,unity,1,0,2020-01-01T00:00:00+00:00,21,generator_121_NUCLEAR_1_sustained,generator,121_NUCLEAR_1,bounded,continuous,173.104166667,0,679.176313276,-99.999999999,0,true,true,false,constraint_violation,0.938848464,307,1.08565708,210,0.03565708,0.94759651,CA-1,0,101_STEAM_3,471.546879474,316_STEAM_1,0,317,317_WIND_1,99,3510.436050867,3643.176573998,132.740523131
1,poi_bus_120,120,Attila,unity,1,0,2020-01-01T00:00:00+00:00,22,generator_213_CC_3_sustained,generator,213_CC_3,bounded,continuous,173.104166667,0,679.176313276,100,0.000000001,true,true,false,constraint_violation,0.971171813,307,1.085668574,210,0.035668574,0.970051701,CA-1,0,101_STEAM_3,353.45053126,316_STEAM_1,0,317,317_WIND_1,100,3510.436050867,3621.086575614,110.650524747
1,poi_bus_120,120,Attila,unity,1,0,2020-01-01T00:00:00+00:00,23,generator_313_CC_1_sustained,generator,313_CC_1,bounded,continuous,173.104166667,0,679.176313276,100.000000001,0,true,true,false,constraint_violation,0.962625661,307,1.085365577,210,0.035365577,0.947269254,CA-1,0,101_STEAM_3,340.738502105,316_STEAM_1,0,317,317_WIND_1,100,3510.436050866,3639.722580541,129.286529675
1,poi_bus_120,120,Attila,unity,1,1,2020-01-01T01:00:00+00:00,0,normal,normal,,base,continuous,175.875,0,663.651430585,-99.999999999,0,true,true,false,constraint_violation,0.998309664,307,1.088823439,210,0.038823439,1.006666106,C6,0,102_STEAM_3,63.553572131,314_SYNC_COND_1,0,123,123_STEAM_3,100,3436.9208227,3548.452862954,111.532040254
1,poi_bus_120,120,Attila,unity,1,1,2020-01-01T01:00:00+00:00,1,branch_A11_immediate,branch,A11,fixed,short_term,175.875,0,663.651430585,-99.999999999,0,true,true,false,constraint_violation,0.998198928,307,1.088520772,210,0.038520772,0.80204256,A10,0,102_STEAM_3,63.406138972,314_SYNC_COND_1,0,123,123_STEAM_3,100,3436.9208227,3548.939528533,112.018705833
1,poi_bus_120,120,Attila,unity,1,1,2020-01-01T01:00:00+00:00,2,branch_A11_sustained,branch,A11,bounded,continuous,175.875,0,663.651430585,99.999999999,0.000000001,true,true,false,constraint_violation,0.965991454,307,1.08727653,210,0.03727653,0.909142801,A10,0,101_STEAM_3,85.1947377,316_STEAM_1,0,303,303_WIND_1,100,3436.9208227,3555.599881724,118.679059024
1,poi_bus_120,120,Attila,unity,1,1,2020-01-01T01:00:00+00:00,3,branch_A12-1_immediate,branch,A12-1,fixed,short_term,175.875,0,663.651430585,-100,0,true,true,false,constraint_violation,0.998266502,307,1.088637778,210,0.038637778,0.799213699,C6,0,102_STEAM_3,63.497050212,314_SYNC_COND_1,0,123,123_STEAM_3,100,3436.9208227,3549.920944368,113.000121668
1,poi_bus_120,120,Attila,unity,1,1,2020-01-01T01:00:00+00:00,4,branch_A12-1_sustained,branch,A12-1,bounded,continuous,175.875,0,663.651430585,100,0,true,true,false,constraint_violation,0.973328118,307,1.086320027,210,0.036320027,0.976363591,CA-1,0,101_STEAM_3,360.602881305,316_STEAM_1,0,317,317_WIND_1,100,3436.9208227,3546.056797506,109.135974806
1,poi_bus_120,120,Attila,unity,1,1,2020-01-01T01:00:00+00:00,5,branch_A34_immediate,branch,A34,fixed,short_term,175.875,0,663.651430585,-99.999999999,0,true,true,false,constraint_violation,0.998404037,307,1.088884051,210,0.038884051,1.022034635,A30,0,102_STEAM_3,101.811592924,116_STEAM_1,0,123,123_STEAM_3,100,3436.9208227,3579.947638516,143.026815816
1,poi_bus_120,120,Attila,unity,1,1,2020-01-01T01:00:00+00:00,6,branch_A34_sustained,branch,A34,bounded,continuous,175.875,0,663.651430585,-100,0,true,true,false,constraint_violation,0.953729171,307,1.086054873,210,0.036054873,1.00780418,A30,0,101_STEAM_3,151.759154084,316_STEAM_1,0,303,303_WIND_1,100,3436.9208227,3567.677386923,130.756564223
1,poi_bus_120,120,Attila,unity,1,1,2020-01-01T01:00:00+00:00,7,branch_B12-1_immediate,branch,B12-1,fixed,short_term,175.875,0,663.651430585,-100,0,true,true,false,constraint_violation,0.964514543,207,1.077983836,210,0.027983836,0.800418143,C6,0,102_STEAM_3,63.541909268,314_SYNC_COND_1,0,123,123_STEAM_3,100,3436.9208227,3552.05039904,115.12957634
1,poi_bus_120,120,Attila,unity,1,1,2020-01-01T01:00:00+00:00,8,branch_B12-1_sustained,branch,B12-1,bounded,continuous,175.875,0,663.651430585,99.999999999,0.000000001,true,true,false,constraint_violation,0.962878506,207,1.076613709,210,0.026613709,0.923532522,C10,0,101_STEAM_4,85.017744662,316_STEAM_1,0,122,122_WIND_1,100,3436.9208227,3515.341035472,78.420212772
1,poi_bus_120,120,Attila,unity,1,1,2020-01-01T01:00:00+00:00,9,branch_B22_immediate,branch,B22,fixed,short_term,175.875,0,663.651430585,-100,0,true,true,false,constraint_violation,0.998394653,307,1.083197893,210,0.033197893,0.80468913,C6,0,102_STEAM_3,63.658063058,314_SYNC_COND_1,0,123,123_STEAM_3,100,3436.9208227,3554.533428518,117.612605818
1,poi_bus_120,120,Attila,unity,1,1,2020-01-01T01:00:00+00:00,10,branch_B22_sustained,branch,B22,bounded,continuous,175.875,0,663.651430585,100,0.000000001,true,true,false,constraint_violation,0.957385639,307,1.082264528,210,0.032264528,0.897664837,A10,0,101_STEAM_3,94.023413806,316_STEAM_1,0,303,303_WIND_1,100,3436.9208227,3559.194948698,122.274125998
1,poi_bus_120,120,Attila,unity,1,1,2020-01-01T01:00:00+00:00,11,branch_B6_immediate,branch,B6,fixed,short_term,175.875,0,663.651430585,-100,0,true,true,false,constraint_violation,0.998291762,307,1.090311823,210,0.040311823,0.800092702,C6,0,102_STEAM_3,63.530314842,314_SYNC_COND_1,0,123,123_STEAM_3,100,3436.9208227,3548.371666965,111.450844265
1,poi_bus_120,120,Attila,unity,1,1,2020-01-01T01:00:00+00:00,12,branch_B6_sustained,branch,B6,bounded,continuous,175.875,0,663.651430585,-100,0.000000001,true,true,false,constraint_violation,0.952006076,307,1.08790373,210,0.03790373,0.97545177,CA-1,0,101_STEAM_3,190.024480742,316_STEAM_1,0,303,303_WIND_1,100,3436.9208227,3537.276590584,100.355767884
1,poi_bus_120,120,Attila,unity,1,1,2020-01-01T01:00:00+00:00,13,branch_C12-1_immediate,branch,C12-1,fixed,short_term,175.875,0,663.651430585,-100,0,true,true,false,constraint_violation,0.908102696,307,1.088833614,210,0.041897304,0.796650486,A10,0,102_STEAM_3,33.059677351,314_SYNC_COND_1,0,123,123_STEAM_3,100,3436.9208227,3554.204937634,117.284114934
1,poi_bus_120,120,Attila,unity,1,1,2020-01-01T01:00:00+00:00,14,branch_C12-1_sustained,branch,C12-1,bounded,continuous,175.875,0,663.651430585,-99.999999999,0,true,true,false,constraint_violation,0.904116038,307,1.086272249,210,0.045883962,1.006437809,C6,0,101_STEAM_3,39.066303874,316_STEAM_1,0,122,122_WIND_1,100,3436.9208227,3520.939340766,84.018518066
1,poi_bus_120,120,Attila,unity,1,1,2020-01-01T01:00:00+00:00,15,branch_C27_immediate,branch,C27,fixed,short_term,175.875,0,663.651430585,-100.000000001,0.000000001,true,true,false,constraint_violation,0.994144065,307,1.088725829,210,0.038725829,0.998745405,C29,0,102_STEAM_3,61.403523578,316_STEAM_1,0,123,123_STEAM_3,100,3436.9208227,3556.96417766,120.04335496
1,poi_bus_120,120,Attila,unity,1,1,2020-01-01T01:00:00+00:00,16,branch_C27_sustained,branch,C27,bounded,continuous,175.875,0,663.651430585,100,0,true,true,false,constraint_violation,0.963973612,307,1.08693182,210,0.03693182,1.002557032,C29,0,101_STEAM_3,145.660677335,316_STEAM_1,0,303,303_WIND_1,100,3436.9208227,3516.503017393,79.582194693
1,poi_bus_120,120,Attila,unity,1,1,2020-01-01T01:00:00+00:00,17,branch_C6_immediate,branch,C6,fixed,short_term,175.875,0,663.651430585,-100,0,true,true,false,constraint_violation,0.981226071,307,1.088815108,210,0.038815108,0.93080697,C2,0,102_STEAM_3,75.972237875,316_STEAM_1,0,123,123_STEAM_3,100,3436.9208227,3559.141436454,122.220613754
1,poi_bus_120,120,Attila,unity,1,1,2020-01-01T01:00:00+00:00,18,branch_C6_sustained,branch,C6,bounded,continuous,175.875,0,663.651430585,-100,0,true,true,false,constraint_violation,0.961951756,307,1.086461214,210,0.036461214,0.993020869,CA-1,0,101_STEAM_3,371.540029103,316_STEAM_1,0,317,317_WIND_1,100,3436.9208227,3543.030720557,106.109897857
1,poi_bus_120,120,Attila,unity,1,1,2020-01-01T01:00:00+00:00,19,branch_CA-1_immediate,branch,CA-1,fixed,short_term,175.875,0,663.651430585,-100,0.000000001,true,true,false,constraint_violation,0.993190093,307,1.089129608,210,0.039129608,0.852381435,C6,0,102_STEAM_3,55.271519023,314_SYNC_COND_1,0,123,123_STEAM_3,100,3436.9208227,3560.741741305,123.820918605
1,poi_bus_120,120,Attila,unity,1,1,2020-01-01T01:00:00+00:00,20,branch_CA-1_sustained,branch,CA-1,bounded,continuous,175.875,0,663.651430585,100.000000001,0,true,true,false,constraint_violation,0.987552929,307,1.085812634,210,0.035812634,1.044517202,C27,0,101_STEAM_3,112.358031828,316_STEAM_1,0,122,122_WIND_1,100,3436.9208227,3516.940699466,80.019876766
1,poi_bus_120,120,Attila,unity,1,1,2020-01-01T01:00:00+00:00,21,generator_121_NUCLEAR_1_sustained,generator,121_NUCLEAR_1,bounded,continuous,175.875,0,663.651430585,100,0,true,true,false,constraint_violation,0.965625362,307,1.085114814,210,0.035114814,0.905035363,A10,0,101_STEAM_3,103.741843273,316_STEAM_1,0,303,303_WIND_1,99,3436.9208227,3534.889656656,97.968833956
1,poi_bus_120,120,Attila,unity,1,1,2020-01-01T01:00:00+00:00,22,generator_213_CC_3_sustained,generator,213_CC_3,bounded,continuous,175.875,0,663.651430585,100,0,true,true,false,constraint_violation,0.998017312,307,1.087787991,210,0.037787991,1.008208017,C29,0,101_STEAM_3,57.253802239,314_SYNC_COND_1,0,122,122_WIND_1,100,3436.9208227,3542.09754816,105.17672546
1,poi_bus_120,120,Attila,unity,1,1,2020-01-01T01:00:00+00:00,23,generator_313_CC_1_sustained,generator,313_CC_1,bounded,continuous,175.875,0,663.651430585,-100,0,true,true,false,constraint_violation,0.953590065,307,1.087860798,210,0.037860798,0.925891146,CA-1,0,101_STEAM_3,131.119772796,316_STEAM_1,0,303,303_WIND_1,100,3436.9208227,3565.568020143,128.647197443
1,poi_bus_120,120,Attila,unity,1,2,2020-01-01T02:00:00+00:00,0,normal,normal,,base,continuous,177.145833333,0,660.828118246,-100,0,true,true,false,constraint_violation,1,102,1.088940469,210,0.038940469,0.969889795,C6,0,102_STEAM_3,71.153444851,314_SYNC_COND_1,0,123,123_STEAM_3,100,3424.318483333,3534.037962438,109.719479105
1,poi_bus_120,120,Attila,unity,1,2,2020-01-01T02:00:00+00:00,1,branch_A11_immediate,branch,A11,fixed,short_term,177.145833333,0,660.828118246,-100,0,true,true,false,constraint_violation,1,314,1.088646497,210,0.038646497,0.80209442,A10,0,102_STEAM_3,70.9996949,314_SYNC_COND_1,0,123,123_STEAM_3,100,3424.318483333,3534.523433808,110.204950475
1,poi_bus_120,120,Attila,unity,1,2,2020-01-01T02:00:00+00:00,2,branch_A11_sustained,branch,A11,bounded,continuous,177.145833333,0,660.828118246,100,0,true,true,false,constraint_violation,0.999849457,307,1.086066582,210,0.036066582,1.010913734,C6,0,101_STEAM_3,48.320744212,314_SYNC_COND_1,0,122,122_WIND_1,100,3424.318483333,3508.626697029,84.308213696
1,poi_bus_120,120,Attila,unity,1,2,2020-01-01T02:00:00+00:00,3,branch_A12-1_immediate,branch,A12-1,fixed,short_term,177.145833333,0,660.828118246,-100,0.000000001,true,true,false,constraint_violation,1,102,1.088747294,210,0.038747294,0.793302252,A10,0,102_STEAM_3,71.094116259,314_SYNC_COND_1,0,123,123_STEAM_3,100,3424.318483333,3535.550735038,111.232251705
1,poi_bus_120,120,Attila,unity,1,2,2020-01-01T02:00:00+00:00,4,branch_A12-1_sustained,branch,A12-1,bounded,continuous,177.145833333,0,660.828118246,100,0.000000001,true,true,false,constraint_violation,0.991430476,307,1.088966262,210,0.038966262,0.953959913,CA-1,0,101_STEAM_3,332.28392685,317_WIND_1,0,317,317_WIND_1,100,3424.318483333,3541.409827542,117.091344209
1,poi_bus_120,120,Attila,unity,1,2,2020-01-01T02:00:00+00:00,5,branch_A34_immediate,branch,A34,fixed,short_term,177.145833333,0,660.828118246,-100,0.000000001,true,true,false,constraint_violation,1,101,1.089001022,210,0.039001022,1.022049494,A30,0,102_STEAM_3,102.632545505,116_STEAM_1,0,123,123_STEAM_3,100,3424.318483333,3565.49879455,141.180311217
1,poi_bus_120,120,Attila,unity,1,2,2020-01-01T02:00:00+00:00,6,branch_A34_sustained,branch,A34,bounded,continuous,177.145833333,0,660.828118246,100,0,true,true,false,constraint_violation,0.994217188,307,1.087699285,210,0.037699285,1.034234731,C6,0,101_STEAM_3,363.808097629,317_WIND_1,0,317,317_WIND_1,100,3424.318483334,3535.86266278,111.544179446
1,poi_bus_120,120,Attila,unity,1,2,2020-01-01T02:00:00+00:00,7,branch_B12-1_immediate,branch,B12-1,fixed,short_term,177.145833333,0,660.828118246,-100,0.000000001,true,true,false,constraint_violation,0.965226584,207,1.082852143,310,0.032852143,0.796924907,A10,0,102_STEAM_3,71.141361852,314_SYNC_COND_1,0,123,123_STEAM_3,100,3424.318483333,3537.603241256,113.284757923
1,poi_bus_120,120,Attila,unity,1,2,2020-01-01T02:00:00+00:00,8,branch_B12-1_sustained,branch,B12-1,bounded,continuous,177.145833333,0,660.828118246,99.999999999,0.000000001,true,true,false,constraint_violation,0.96285357,207,1.07772335,310,0.02772335,1.011301818,C6,0,101_STEAM_3,47.44238421,314_SYNC_COND_1,0,122,122_WIND_1,100,3424.318483334,3508.725595321,84.407111987
1,poi_bus_120,120,Attila,unity,1,2,2020-01-01T02:00:00+00:00,9,branch_B22_immediate,branch,B22,fixed,short_term,177.145833333,0,660.828118246,-100,0.000000002,true,true,false,constraint_violation,1,101,1.083343994,210,0.033343994,0.795258126,A10,0,102_STEAM_3,71.263882641,314_SYNC_COND_1,0,123,123_STEAM_3,100,3424.318483333,3540.095322711,115.776839378
1,poi_bus_120,120,Attila,unity,1,2,2020-01-01T02:00:00+00:00,10,branch_B22_sustained,branch,B22,bounded,continuous,177.145833333,0,660.828118246,-100,0.000000001,true,true,false,constraint_violation,0.969660195,307,1.081803197,210,0.031803197,0.968203408,CA-1,0,101_STEAM_3,407.234083254,316_STEAM_1,0,317,317_WIND_1,100,3424.318483333,3544.741062519,120.422579186
1,poi_bus_120,120,Attila,unity,1,2,2020-01-01T02:00:00+00:00,11,branch_B6_immediate,branch,B6,fixed,short_term,177.145833333,0,660.828118246,-100,0.000000002,true,true,false,constraint_violation,1,102,1.090466922,210,0.040466922,0.795061325,A10,0,102_STEAM_3,71.129463583,314_SYNC_COND_1,0,123,123_STEAM_3,100,3424.318483333,3533.951515175,109.633031842
1,poi_bus_120,120,Attila,unity,1,2,2020-01-01T02:00:00+00:00,12,branch_B6_sustained,branch,B6,bounded,continuous,177.145833333,0,660.828118246,-100,0.000000001,true,true,false,constraint_violation,0.977269735,307,1.087800385,210,0.037800385,1.037153654,C6,0,101_STEAM_3,350.702236088,317_WIND_1,0,317,317_WIND_1,100,3424.318483334,3554.269936802,129.951453468
1,poi_bus_120,120,Attila,unity,1,2,2020-01-01T02:00:00+00:00,13,branch_C12-1_immediate,branch,C12-1,fixed,short_term,177.145833333,0,660.828118246,-100,0.000000001,true,true,false,constraint_violation,0.922258989,307,1.088949549,210,0.038949549,0.796868168,A10,0,102_STEAM_3,42.827945705,314_SYNC_COND_1,0,123,123_STEAM_3,100,3424.318483333,3539.244158918,114.925675585
1,poi_bus_120,120,Attila,unity,1,2,2020-01-01T02:00:00+00:00,14,branch_C12-1_sustained,branch,C12-1,bounded,continuous,177.145833333,0,660.828118246,100,0.000000001,true,true,false,constraint_violation,0.905286105,307,1.086319845,210,0.044713895,0.912008697,A10,0,101_STEAM_3,73.563002739,303_WIND_1,0,303,303_WIND_1,100,3424.318483333,3531.062532877,106.744049544
1,poi_bus_120,120,Attila,unity,1,2,2020-01-01T02:00:00+00:00,15,branch_C27_immediate,branch,C27,fixed,short_term,177.145833333,0,660.828118246,-100,0,true,true,false,constraint_violation,1,102,1.088845067,210,0.038845067,0.998824332,C29,0,102_STEAM_3,67.472171103,314_SYNC_COND_1,0,123,123_STEAM_3,100,3424.318483333,3542.094004847,117.775521514
1,poi_bus_120,120,Attila,unity,1,2,2020-01-01T02:00:00+00:00,16,branch_C27_sustained,branch,C27,bounded,continuous,177.145833333,0,660.828118246,-100,0.000000001,true,true,false,constraint_violation,0.993099637,307,1.086523287,210,0.036523287,1.026009003,C6,0,101_STEAM_3,155.396599577,317_WIND_1,0,317,317_WIND_1,100,3424.318483333,3496.650770938,72.332287605
1,poi_bus_120,120,Attila,unity,1,2,2020-01-01T02:00:00+00:00,17,branch_C6_immediate,branch,C6,fixed,short_term,177.145833333,0,660.828118246,-100,0.000000001,true,true,false,constraint_violation,0.990687652,307,1.088931374,210,0.038931374,0.906642045,C2,0,102_STEAM_3,58.647737546,316_STEAM_1,0,123,123_STEAM_3,100,3424.318483333,3543.70997852,119.391495187
1,poi_bus_120,120,Attila,unity,1,2,2020-01-01T02:00:00+00:00,18,branch_C6_sustained,branch,C6,bounded,continuous,177.145833333,0,660.828118246,-100,0.000000001,true,true,false,constraint_violation,0.96059408,307,1.085901686,210,0.035901686,1.039976675,C2,0,101_STEAM_3,358.998510577,316_STEAM_1,0,317,317_WIND_1,100,3424.318483333,3556.727655126,132.409171793
1,poi_bus_120,120,Attila,unity,1,2,2020-01-01T02:00:00+00:00,19,branch_CA-1_immediate,branch,CA-1,fixed,short_term,177.145833333,0,660.828118246,-100,0,true,true,false,constraint_violation,1,314,1.089241828,210,0.039241828,0.822061992,C6,0,102_STEAM_3,63.859627201,314_SYNC_COND_1,0,123,123_STEAM_3,100,3424.318483333,3545.684532536,121.366049203
1,poi_bus_120,120,Attila,unity,1,2,2020-01-01T02:00:00+00:00,20,branch_CA-1_sustained,branch,CA-1,bounded,continuous,177.145833333,0,660.828118246,100,0.000000001,true,true,false,constraint_violation,0.966177786,307,1.086220928,210,0.036220928,0.936726566,C27,0,101_STEAM_3,222.039663207,316_STEAM_1,0,303,303_WIND_1,100,3424.318483333,3550.32270967,126.004226337
1,poi_bus_120,120,Attila,unity,1,2,2020-01-01T02:00:00+00:00,21,generator_121_NUCLEAR_1_sustained,generator,121_NUCLEAR_1,bounded,continuous,177.145833333,0,660.828118246,100,0.000000001,true,true,false,constraint_violation,0.99783668,307,1.085036711,210,0.035036711,1.012913622,C6,0,101_STEAM_3,42.598227512,314_SYNC_COND_1,0,122,122_WIND_1,99,3424.318483333,3502.778277541,78.459794208
1,poi_bus_120,120,Attila,unity,1,2,2020-01-01T02:00:00+00:00,22,generator_213_CC_3_sustained,generator,213_CC_3,bounded,continuous,177.145833333,0,660.828118246,100,0.000000001,true,true,false,constraint_violation,0.978760206,307,1.086688318,210,0.036688318,0.962943586,CA-1,0,101_STEAM_3,338.295479007,316_STEAM_1,0,317,317_WIND_1,100,3424.318483333,3539.120004894,114.801521561
1,poi_bus_120,120,Attila,unity,1,2,2020-01-01T02:00:00+00:00,23,generator_313_CC_1_sustained,generator,313_CC_1,bounded,continuous,177.145833333,0,660.828118246,100,0,true,true,false,constraint_violation,0.992362576,307,1.089183051,210,0.039183051,0.947446392,CA-1,0,101_STEAM_3,333.805506126,317_WIND_1,0,317,317_WIND_1,100,3424.318483333,3545.463262401,121.144779068
1,poi_bus_120,120,Attila,unity,1,3,2020-01-01T03:00:00+00:00,0,normal,normal,,base,continuous,172.770833333,0,664.374395151,-100,0,true,true,false,constraint_violation,1,101,1.089145749,306,0.039145749,0.914375104,A10,0,101_STEAM_3,78.661999817,314_SYNC_COND_1,0,123,123_STEAM_3,100,3437.369154333,3543.586090369,106.216936036
1,poi_bus_120,120,Attila,unity,1,3,2020-01-01T03:00:00+00:00,1,branch_A11_immediate,branch,A11,fixed,short_term,172.770833333,0,664.374395151,-100.000000001,0.000000001,true,true,false,constraint_violation,1,314,1.088961506,306,0.038961506,0.804541196,A10,0,101_STEAM_3,78.42472161,314_SYNC_COND_1,0,123,123_STEAM_3,100,3437.369154333,3544.015661232,106.646506899
1,poi_bus_120,120,Attila,unity,1,3,2020-01-01T03:00:00+00:00,2,branch_A11_sustained,branch,A11,bounded,continuous,172.770833333,0,664.374395151,100,0,true,true,false,constraint_violation,1,101,1.084200585,210,0.034200585,1.011889135,C6,0,101_STEAM_3,50.363978067,314_SYNC_COND_1,0,122,122_WIND_1,100,3437.369154334,3522.04262638,84.673472046
1,poi_bus_120,120,Attila,unity,1,3,2020-01-01T03:00:00+00:00,3,branch_A12-1_immediate,branch,A12-1,fixed,short_term,172.770833333,0,664.374395151,-100,0.000000001,true,true,false,constraint_violation,1,102,1.089073345,306,0.039073345,0.797389345,A10,0,101_STEAM_3,78.570206134,314_SYNC_COND_1,0,123,123_STEAM_3,100,3437.369154333,3545.217195453,107.84804112
1,poi_bus_120,120,Attila,unity,1,3,2020-01-01T03:00:00+00:00,4,branch_A12-1_sustained,branch,A12-1,bounded,continuous,172.770833333,0,664.374395151,-100,0,true,true,false,constraint_violation,0.973291868,307,1.089087077,210,0.039087077,0.98022977,CA-1,0,101_STEAM_3,401.423811299,316_STEAM_1,0,317,317_WIND_1,100,3437.369154333,3547.561246152,110.192091819
1,poi_bus_120,120,Attila,unity,1,3,2020-01-01T03:00:00+00:00,5,branch_A34_immediate,branch,A34,fixed,short_term,172.770833333,0,664.374395151,-100,0,true,true,false,constraint_violation,1,101,1.089318248,306,0.039318248,1.022042762,A30,0,101_STEAM_3,100.127026063,116_STEAM_1,0,123,123_STEAM_3,100,3437.369154333,3575.234347953,137.86519362
1,poi_bus_120,120,Attila,unity,1,3,2020-01-01T03:00:00+00:00,6,branch_A34_sustained,branch,A34,bounded,continuous,172.770833333,0,664.374395151,-100,0.000000001,true,true,false,constraint_violation,0.986288905,307,1.086270176,210,0.036270176,1.00783753,A30,0,101_STEAM_3,348.107783073,317_WIND_1,0,317,317_WIND_1,100,3437.369154333,3564.923434167,127.554279834
1,poi_bus_120,120,Attila,unity,1,3,2020-01-01T03:00:00+00:00,7,branch_B12-1_immediate,branch,B12-1,fixed,short_term,172.770833333,0,664.374395151,-100,0,true,true,false,constraint_violation,0.965548954,207,1.089131112,306,0.039131112,0.800093483,A10,0,101_STEAM_3,78.643622848,314_SYNC_COND_1,0,123,123_STEAM_3,100,3437.369154333,3547.137478454,109.768324121
1,poi_bus_120,120,Attila,unity,1,3,2020-01-01T03:00:00+00:00,8,branch_B12-1_sustained,branch,B12-1,bounded,continuous,172.770833333,0,664.374395151,-100,0.000000002,true,true,false,constraint_violation,0.962549783,207,1.075778121,210,0.025778121,0.936641862,A10,0,101_STEAM_3,99.951694921,316_STEAM_1,0,303,303_WIND_1,100,3437.369154333,3535.525982011,98.156827678
1,poi_bus_120,120,Attila,unity,1,3,2020-01-01T03:00:00+00:00,9,branch_B22_immediate,branch,B22,fixed,short_term,172.770833333,0,664.374395151,-100,0.000000001,true,true,false,constraint_violation,1,101,1.089295748,306,0.039295748,0.798471175,A10,0,101_STEAM_3,78.843390768,314_SYNC_COND_1,0,123,123_STEAM_3,100,3437.369154333,3549.492754586,112.123600253
1,poi_bus_120,120,Attila,unity,1,3,2020-01-01T03:00:00+00:00,10,branch_B22_sustained,branch,B22,bounded,continuous,172.770833333,0,664.374395151,100,0.000000001,true,true,false,constraint_violation,0.996844385,307,1.080430663,210,0.030430663,0.936231286,C10,0,101_STEAM_3,65.544224983,316_STEAM_1,0,122,122_WIND_1,100,3437.369154333,3512.457368192,75.088213859
1,poi_bus_120,120,Attila,unity,1,3,2020-01-01T03:00:00+00:00,11,branch_B6_immediate,branch,B6,fixed,short_term,172.770833333,0,664.374395151,-100,0.000000002,true,true,false,constraint_violation,1,314,1.090604258,210,0.040604258,0.798151933,A10,0,101_STEAM_3,78.622898061,314_SYNC_COND_1,0,123,123_STEAM_3,100,3437.369154333,3543.485611376,106.116457043
1,poi_bus_120,120,Attila,unity,1,3,2020-01-01T03:00:00+00:00,12,branch_B6_sustained,branch,B6,bounded,continuous,172.770833333,0,664.374395151,100,0,true,true,false,constraint_violation,0.990294945,307,1.087994354,210,0.037994354,0.957287505,CA-1,0,101_STEAM_3,330.186355543,316_STEAM_1,0,317,317_WIND_1,100,3437.369154334,3552.611711764,115.24255743
1,poi_bus_120,120,Attila,unity,1,3,2020-01-01T03:00:00+00:00,13,branch_C12-1_immediate,branch,C12-1,fixed,short_term,172.770833333,0,664.374395151,-100,0,true,true,false,constraint_violation,0.935004304,307,1.088982719,210,0.038982719,0.800033162,A10,0,101_STEAM_3,52.366790462,314_SYNC_COND_1,0,123,123_STEAM_3,100,3437.369154333,3548.418105744,111.048951411
1,poi_bus_120,120,Attila,unity,1,3,2020-01-01T03:00:00+00:00,14,branch_C12-1_sustained,branch,C12-1,bounded,continuous,172.770833333,0,664.374395151,-100,0,true,true,false,constraint_violation,0.882556071,307,1.086627317,210,0.067443929,0.993018267,CA-1,0,101_STEAM_3,422.692366662,316_STEAM_1,0,317,317_WIND_1,100,3437.369154333,3548.342856068,110.973701735
1,poi_bus_120,120,Attila,unity,1,3,2020-01-01T03:00:00+00:00,15,branch_C27_immediate,branch,C27,fixed,short_term,172.770833333,0,664.374395151,-100.000000001,0.000000001,true,true,false,constraint_violation,1,101,1.088886429,210,0.038886429,0.998952741,C29,0,101_STEAM_3,74.992421738,314_SYNC_COND_1,0,123,123_STEAM_3,100,3437.369154333,3551.939130348,114.569976015
1,poi_bus_120,120,Attila,unity,1,3,2020-01-01T03:00:00+00:00,16,branch_C27_sustained,branch,C27,bounded,continuous,172.770833333,0,664.374395151,-100.000000001,0.000000001,true,true,false,constraint_violation,0.980840667,307,1.089316097,210,0.039316097,0.960299632,CA-1,0,101_STEAM_3,178.464981913,317_WIND_1,0,317,317_WIND_1,100,3437.369154333,3570.84302181,133.473867477
1,poi_bus_120,120,Attila,unity,1,3,2020-01-01T03:00:00+00:00,17,branch_C6_immediate,branch,C6,fixed,short_term,172.770833333,0,664.374395151,-100,0,true,true,false,constraint_violation,1,102,1.08896567,210,0.03896567,0.833653686,C2,0,101_STEAM_3,58.663645306,314_SYNC_COND_1,0,123,123_STEAM_3,100,3437.369154333,3550.801056808,113.431902475
1,poi_bus_120,120,Attila,unity,1,3,2020-01-01T03:00:00+00:00,18,branch_C6_sustained,branch,C6,bounded,continuous,172.770833333,0,664.374395151,99.999999999,0.000000001,true,true,false,constraint_violation,1,101,1.086545683,210,0.036545683,1.021372111,C2,0,101_STEAM_3,61.050841207,314_SYNC_COND_1,0,122,122_WIND_1,100,3437.369154333,3509.518586006,72.149431673
1,poi_bus_120,120,Attila,unity,1,3,2020-01-01T03:00:00+00:00,19,branch_CA-1_immediate,branch,CA-1,fixed,short_term,172.770833333,0,664.374395151,-100,0,true,true,false,constraint_violation,1,314,1.089226229,210,0.039226229,0.79436583,A10,0,101_STEAM_3,72.11333452,314_SYNC_COND_1,0,123,123_STEAM_3,100,3437.369154333,3558.148393999,120.779239666
1,poi_bus_120,120,Attila,unity,1,3,2020-01-01T03:00:00+00:00,20,branch_CA-1_sustained,branch,CA-1,bounded,continuous,172.770833333,0,664.374395151,100,0.000000002,true,true,false,constraint_violation,0.99611733,307,1.08854717,210,0.03854717,0.974891784,C6,0,101_STEAM_3,293.427305123,316_STEAM_1,0,317,317_WIND_1,100,3437.369154333,3565.218139448,127.848985115
1,poi_bus_120,120,Attila,unity,1,3,2020-01-01T03:00:00+00:00,21,generator_121_NUCLEAR_1_sustained,generator,121_NUCLEAR_1,bounded,continuous,172.770833333,0,664.374395151,-100,0,true,true,false,constraint_violation,0.969558344,307,1.08659253,210,0.03659253,0.932943706,A10,0,101_STEAM_3,109.47976051,316_STEAM_1,0,303,303_WIND_1,99,3437.369154333,3535.155452654,97.786298321
1,poi_bus_120,120,Attila,unity,1,3,2020-01-01T03:00:00+00:00,22,generator_213_CC_3_sustained,generator,213_CC_3,bounded,continuous,172.770833333,0,664.374395151,99.999999999,0.000000001,true,true,false,constraint_violation,1,102,1.085757917,210,0.035757917,1.012344302,C6,0,101_STEAM_3,50.551587109,314_SYNC_COND_1,0,122,122_WIND_1,100,3437.369154334,3517.952807293,80.583652959
1,poi_bus_120,120,Attila,unity,1,3,2020-01-01T03:00:00+00:00,23,generator_313_CC_1_sustained,generator,313_CC_1,bounded,continuous,172.770833333,0,664.374395151,-100,0.000000001,true,true,false,constraint_violation,1,101,1.090061343,306,0.040061343,0.960836806,C10,0,101_STEAM_3,62.465787159,314_SYNC_COND_1,0,122,122_WIND_1,100,3437.369154333,3499.892084723,62.52293039
1,poi_bus_120,120,Attila,unity,1,4,2020-01-01T04:00:00+00:00,0,normal,normal,,base,continuous,174.979166667,0,692.511540751,-100.000000001,0.000000001,true,true,false,constraint_violation,1,314,1.088467105,310,0.038467105,0.913996703,A10,0,101_STEAM_3,76.38413912,314_SYNC_COND_1,0,123,123_STEAM_3,100,3577.837599667,3679.992834417,102.15523475
1,poi_bus_120,120,Attila,unity,1,4,2020-01-01T04:00:00+00:00,1,branch_A11_immediate,branch,A11,fixed,short_term,174.979166667,0,692.511540751,-100,0.000000001,true,true,false,constraint_violation,1,102,1.088309763,310,0.038309763,0.804242985,A10,0,101_STEAM_3,76.218252147,314_SYNC_COND_1,0,123,123_STEAM_3,100,3577.837599667,3680.425372388,102.587772721
1,poi_bus_120,120,Attila,unity,1,4,2020-01-01T04:00:00+00:00,2,branch_A11_sustained,branch,A11,bounded,continuous,174.979166667,0,692.511540751,-100,0,true,true,false,constraint_violation,0.996957317,307,1.08522683,210,0.03522683,0.990095534,C6,0,101_STEAM_3,50.129494352,314_SYNC_COND_1,0,122,122_WIND_1,100,3577.837599667,3646.199656601,68.362056934
1,poi_bus_120,120,Attila,unity,1,4,2020-01-01T04:00:00+00:00,3,branch_A12-1_immediate,branch,A12-1,fixed,short_term,174.979166667,0,692.511540751,-100,0,true,true,false,constraint_violation,1,314,1.088397305,310,0.038397305,0.796037574,A10,0,101_STEAM_3,76.312561284,314_SYNC_COND_1,0,123,123_STEAM_3,100,3577.837599667,3681.810741029,103.973141362
1,poi_bus_120,120,Attila,unity,1,4,2020-01-01T04:00:00+00:00,4,branch_A12-1_sustained,branch,A12-1,bounded,continuous,174.979166667,0,692.511540751,-100,0.000000001,true,true,false,constraint_violation,0.965856728,307,1.08681592,210,0.03681592,0.903145804,A10,0,101_STEAM_3,103.494151846,316_STEAM_1,0,303,303_WIND_1,100,3577.837599667,3696.009646937,118.17204727
1,poi_bus_120,120,Attila,unity,1,4,2020-01-01T04:00:00+00:00,5,branch_A34_immediate,branch,A34,fixed,short_term,174.979166667,0,692.511540751,-100,0,true,true,false,constraint_violation,1,101,1.088635694,310,0.038635694,1.022097423,A30,0,101_STEAM_3,99.50343162,116_STEAM_1,0,123,123_STEAM_3,100,3577.837599667,3711.782387882,133.944788215
1,poi_bus_120,120,Attila,unity,1,4,2020-01-01T04:00:00+00:00,6,branch_A34_sustained,branch,A34,bounded,continuous,174.979166667,0,692.511540751,100,0,true,true,false,constraint_violation,0.979129363,307,1.085506114,210,0.035506114,1.007896475,A30,0,101_STEAM_3,347.90590586,316_STEAM_1,0,317,317_WIND_1,100,3577.837599667,3698.447056485,120.609456818
1,poi_bus_120,120,Attila,unity,1,4,2020-01-01T04:00:00+00:00,7,branch_B12-1_immediate,branch,B12-1,fixed,short_term,174.979166667,0,692.511540751,-100,0.000000002,true,true,false,constraint_violation,0.960101847,207,1.088452462,310,0.038452462,0.79976343,A10,0,101_STEAM_3,76.369431186,314_SYNC_COND_1,0,123,123_STEAM_3,100,3577.837599667,3683.73053134,105.892931673
1,poi_bus_120,120,Attila,unity,1,4,2020-01-01T04:00:00+00:00,8,branch_B12-1_sustained,branch,B12-1,bounded,continuous,174.979166667,0,692.511540751,100,0,true,true,false,constraint_violation,0.960489885,207,1.076642336,210,0.026642336,0.94397815,CA-1,0,101_STEAM_3,364.659802525,316_STEAM_1,0,317,317_WIND_1,100,3577.837599667,3711.94481734,134.107217673
1,poi_bus_120,120,Attila,unity,1,4,2020-01-01T04:00:00+00:00,9,branch_B22_immediate,branch,B22,fixed,short_term,174.979166667,0,692.511540751,-100,0,true,true,false,constraint_violation,1,101,1.088624259,310,0.038624259,0.798169674,A10,0,101_STEAM_3,76.528136509,314_SYNC_COND_1,0,123,123_STEAM_3,100,3577.837599667,3686.806306096,108.968706429
1,poi_bus_120,120,Attila,unity,1,4,2020-01-01T04:00:00+00:00,10,branch_B22_sustained,branch,B22,bounded,continuous,174.979166667,0,692.511540751,-100,0,true,true,false,constraint_violation,1,314,1.080016762,210,0.030016762,1.011194165,C6,0,101_STEAM_3,51.511344639,314_SYNC_COND_1,0,122,122_WIND_1,100,3577.837599667,3654.99444445,77.156844783
1,poi_bus_120,120,Attila,unity,1,4,2020-01-01T04:00:00+00:00,11,branch_B6_immediate,branch,B6,fixed,short_term,174.979166667,0,692.511540751,-100,0,true,true,false,constraint_violation,1,101,1.089280483,210,0.039280483,0.797650073,A10,0,101_STEAM_3,76.364033644,314_SYNC_COND_1,0,123,123_STEAM_3,100,3577.837599667,3679.878006919,102.040407252
1,poi_bus_120,120,Attila,unity,1,4,2020-01-01T04:00:00+00:00,12,branch_B6_sustained,branch,B6,bounded,continuous,174.979166667,0,692.511540751,100,0.000000001,true,true,false,constraint_violation,0.988135985,307,1.087351919,210,0.037351919,0.952038951,CA-1,0,101_STEAM_4,332.276423906,316_STEAM_1,0,317,317_WIND_1,100,3577.837599666,3697.518516534,119.680916868
1,poi_bus_120,120,Attila,unity,1,4,2020-01-01T04:00:00+00:00,13,branch_C12-1_immediate,branch,C12-1,fixed,short_term,174.979166667,0,692.511540751,-100.000000001,0.000000001,true,true,false,constraint_violation,0.931043645,307,1.087626589,210,0.037626589,0.799702063,A10,0,101_STEAM_3,49.668168056,314_SYNC_COND_1,0,123,123_STEAM_3,100,3577.837599667,3685.001258837,107.16365917
1,poi_bus_120,120,Attila,unity,1,4,2020-01-01T04:00:00+00:00,14,branch_C12-1_sustained,branch,C12-1,bounded,continuous,174.979166667,0,692.511540751,100,0,true,true,false,constraint_violation,0.89981888,307,1.0874496,210,0.05018112,0.917753878,A10,0,101_STEAM_3,337.78747887,317_WIND_1,0,317,317_WIND_1,100,3577.837599667,3703.270718521,125.433118854
1,poi_bus_120,120,Attila,unity,1,4,2020-01-01T04:00:00+00:00,15,branch_C27_immediate,branch,C27,fixed,short_term,174.979166667,0,692.511540751,-100,0.000000001,true,true,false,constraint_violation,1,102,1.087468693,210,0.037468693,0.998873352,C29,0,101_STEAM_3,72.523849912,314_SYNC_COND_1,0,123,123_STEAM_3,100,3577.837599667,3689.713790983,111.876191316
1,poi_bus_120,120,Attila,unity,1,4,2020-01-01T04:00:00+00:00,16,branch_C27_sustained,branch,C27,bounded,continuous,174.979166667,0,692.511540751,-99.999999999,0,true,true,false,constraint_violation,1,314,1.085589399,210,0.035589399,0.924834094,A10,0,101_STEAM_3,159.012012336,317_WIND_1,0,317,317_WIND_1,100,3577.837599667,3647.627814393,69.790214726
1,poi_bus_120,120,Attila,unity,1,4,2020-01-01T04:00:00+00:00,17,branch_C6_immediate,branch,C6,fixed,short_term,174.979166667,0,692.511540751,-100.000000001,0.000000001,true,true,false,constraint_violation,1,102,1.0875987,210,0.0375987,0.81445635,C2,0,101_STEAM_3,56.394737034,314_SYNC_COND_1,0,123,123_STEAM_3,100,3577.837599667,3686.694435409,108.856835742
1,poi_bus_120,120,Attila,unity,1,4,2020-01-01T04:00:00+00:00,18,branch_C6_sustained,branch,C6,bounded,continuous,174.979166667,0,692.511540751,100,0,true,true,false,constraint_violation,0.985290722,307,1.087322486,210,0.037322486,1.026007159,C2,0,101_STEAM_3,48.043536841,116_STEAM_1,0,123,123_STEAM_3,100,3577.837599667,3710.71753002,132.879930353
1,poi_bus_120,120,Attila,unity,1,4,2020-01-01T04:00:00+00:00,19,branch_CA-1_immediate,branch,CA-1,fixed,short_term,174.979166667,0,692.511540751,-100,0,true,true,false,constraint_violation,1,314,1.088134436,210,0.038134436,0.795166727,A10,0,101_STEAM_3,69.040247956,314_SYNC_COND_1,0,123,123_STEAM_3,100,3577.837599667,3693.87021717,116.032617503
1,poi_bus_120,120,Attila,unity,1,4,2020-01-01T04:00:00+00:00,20,branch_CA-1_sustained,branch,CA-1,bounded,continuous,174.979166667,0,692.511540751,78.821134562,0,true,true,false,constraint_violation,0.967049227,307,1.08512304,210,0.03512304,0.944845601,C27,0,101_STEAM_3,134.041906837,316_STEAM_1,0,303,303_WIND_1,100,3577.837599667,3682.632435417,104.79483575
1,poi_bus_120,120,Attila,unity,1,4,2020-01-01T04:00:00+00:00,21,generator_121_NUCLEAR_1_sustained,generator,121_NUCLEAR_1,bounded,continuous,174.979166667,0,692.511540751,-100,0.000000002,true,true,false,constraint_violation,1,102,1.086173291,210,0.036173291,1.011387561,C6,0,101_STEAM_3,54.598896861,314_SYNC_COND_1,0,122,122_WIND_1,99,3577.837599666,3650.141823514,72.304223848
1,poi_bus_120,120,Attila,unity,1,4,2020-01-01T04:00:00+00:00,22,generator_213_CC_3_sustained,generator,213_CC_3,bounded,continuous,174.979166667,0,692.511540751,-100,0.000000001,true,true,false,constraint_violation,1,102,1.08444455,210,0.03444455,0.954424556,C6,0,101_STEAM_3,50.270210983,314_SYNC_COND_1,0,122,122_WIND_1,100,3577.837599667,3651.011527337,73.17392767
1,poi_bus_120,120,Attila,unity,1,4,2020-01-01T04:00:00+00:00,23,generator_313_CC_1_sustained,generator,313_CC_1,bounded,continuous,174.979166667,0,692.511540751,-100,0,true,true,false,constraint_violation,0.987594592,307,1.085678738,210,0.035678738,0.944129449,C6,0,101_STEAM_3,326.607670489,317_WIND_1,0,317,317_WIND_1,100,3577.837599667,3665.775516254,87.937916587
1,poi_bus_120,120,Attila,unity,1,5,2020-01-01T05:00:00+00:00,0,normal,normal,,base,continuous,180.208333333,0,747.327172653,-100,0.000000001,true,true,false,constraint_violation,0.992668334,307,1.084237669,210,0.034237669,0.954858118,C6,0,101_STEAM_3,53.8989036,314_SYNC_COND_1,0,123,123_STEAM_3,100,3852.419440333,3959.525714222,107.106273889
1,poi_bus_120,120,Attila,unity,1,5,2020-01-01T05:00:00+00:00,1,branch_A11_immediate,branch,A11,fixed,short_term,180.208333333,0,747.327172653,-100,0,true,true,false,constraint_violation,0.992512097,307,1.083544538,210,0.033544538,0.79689196,A10,0,101_STEAM_3,53.719693148,314_SYNC_COND_1,0,123,123_STEAM_3,100,3852.419440333,3960.094500409,107.675060076
1,poi_bus_120,120,Attila,unity,1,5,2020-01-01T05:00:00+00:00,2,branch_A11_sustained,branch,A11,bounded,continuous,180.208333333,0,747.327172653,-100.000000001,0.000000001,true,true,false,constraint_violation,0.961945663,307,1.08457795,210,0.03457795,0.987648012,C6,0,101_STEAM_3,342.872401807,316_STEAM_1,0,317,317_WIND_1,100,3852.419440334,3983.566493418,131.147053084
1,poi_bus_120,120,Attila,unity,1,5,2020-01-01T05:00:00+00:00,3,branch_A12-1_immediate,branch,A12-1,fixed,short_term,180.208333333,0,747.327172653,-100,0.000000001,true,true,false,constraint_violation,0.991526202,108,1.083708623,210,0.033708623,0.784008495,A10,0,101_STEAM_3,53.809470826,314_SYNC_COND_1,0,123,123_STEAM_3,100,3852.419440333,3961.809930856,109.390490523
1,poi_bus_120,120,Attila,unity,1,5,2020-01-01T05:00:00+00:00,4,branch_A12-1_sustained,branch,A12-1,bounded,continuous,180.208333333,0,747.327172653,-100,0.000000001,true,true,false,constraint_violation,0.949671779,307,1.08297674,210,0.03297674,0.904573774,A10,0,101_STEAM_3,129.765526503,316_STEAM_1,0,303,303_WIND_1,100,3852.419440333,3979.74536702,127.325926687
1,poi_bus_120,120,Attila,unity,1,5,2020-01-01T05:00:00+00:00,5,branch_A34_immediate,branch,A34,fixed,short_term,180.208333333,0,747.327172653,-100,0.000000001,true,true,false,constraint_violation,0.992850456,307,1.084333611,210,0.034333611,1.022137038,A30,0,101_STEAM_3,95.210194822,116_STEAM_1,0,123,123_STEAM_3,100,3852.419440333,3991.847078013,139.42763768
1,poi_bus_120,120,Attila,unity,1,5,2020-01-01T05:00:00+00:00,6,branch_A34_sustained,branch,A34,bounded,continuous,180.208333333,0,747.327172653,100,0.000000001,true,true,false,constraint_violation,0.986219192,307,1.08267139,210,0.03267139,1.008026035,A30,0,101_STEAM_3,347.514777076,317_WIND_1,0,317,317_WIND_1,100,3852.419440333,3966.059499167,113.640058834
1,poi_bus_120,120,Attila,unity,1,5,2020-01-01T05:00:00+00:00,7,branch_B12-1_immediate,branch,B12-1,fixed,short_term,180.208333333,0,747.327172653,-100,0.000000001,true,true,false,constraint_violation,0.945101388,207,1.073991357,310,0.023991357,0.791009747,A10,0,101_STEAM_3,53.879487813,314_SYNC_COND_1,0,123,123_STEAM_3,100,3852.419440333,3963.916916539,111.497476206
1,poi_bus_120,120,Attila,unity,1,5,2020-01-01T05:00:00+00:00,8,branch_B12-1_sustained,branch,B12-1,bounded,continuous,180.208333333,0,747.327172653,-77.379750376,0.000000001,true,true,false,constraint_violation,0.943934951,207,1.070276169,210,0.020276169,0.991260332,C6,0,101_STEAM_3,352.732710831,316_STEAM_1,0,317,317_WIND_1,100,3852.419440333,3985.615818522,133.196378189
1,poi_bus_120,120,Attila,unity,1,5,2020-01-01T05:00:00+00:00,9,branch_B22_immediate,branch,B22,fixed,short_term,180.208333333,0,747.327172653,-100,0.000000001,true,true,false,constraint_violation,0.992852241,307,1.077084455,210,0.027084455,0.7890497,A10,0,101_STEAM_3,54.091280534,314_SYNC_COND_1,0,123,123_STEAM_3,100,3852.419440333,3967.885322512,115.465882179
1,poi_bus_120,120,Attila,unity,1,5,2020-01-01T05:00:00+00:00,10,branch_B22_sustained,branch,B22,bounded,continuous,180.208333333,0,747.327172653,-100.000000001,0.000000001,true,true,false,constraint_violation,0.945959384,307,1.077527403,210,0.027527403,0.933726571,CA-1,0,101_STEAM_3,180.221827105,316_STEAM_1,0,303,303_WIND_1,100,3852.419440334,3982.050140249,129.630699915
1,poi_bus_120,120,Attila,unity,1,5,2020-01-01T05:00:00+00:00,11,branch_B6_immediate,branch,B6,fixed,short_term,180.208333333,0,747.327172653,-100,0.000000001,true,true,false,constraint_violation,0.992655303,307,1.08591759,210,0.03591759,0.788848411,A10,0,101_STEAM_3,53.884384565,314_SYNC_COND_1,0,123,123_STEAM_3,100,3852.419440333,3959.42563778,107.006197447
1,poi_bus_120,120,Attila,unity,1,5,2020-01-01T05:00:00+00:00,12,branch_B6_sustained,branch,B6,bounded,continuous,180.208333333,0,747.327172653,-100,0.000000001,true,true,false,constraint_violation,0.945575157,307,1.084800942,210,0.034800942,0.948608687,CA-1,0,101_STEAM_3,168.89375623,316_STEAM_1,0,303,303_WIND_1,100,3852.419440334,3969.057609264,116.63816893
1,poi_bus_120,120,Attila,unity,1,5,2020-01-01T05:00:00+00:00,13,branch_C12-1_immediate,branch,C12-1,fixed,short_term,180.208333333,0,747.327172653,-100,0.000000001,true,true,false,constraint_violation,0.893828649,307,1.084257432,210,0.056171351,0.790916994,A10,0,101_STEAM_3,30.877750582,316_STEAM_1,0,123,123_STEAM_3,100,3852.419440333,3965.996925942,113.577485609
1,poi_bus_120,120,Attila,unity,1,5,2020-01-01T05:00:00+00:00,14,branch_C12-1_sustained,branch,C12-1,bounded,continuous,180.208333333,0,747.327172653,-100,0.000000001,true,true,false,constraint_violation,0.85750558,307,1.083033942,210,0.09249442,0.925360225,C6,0,101_STEAM_3,352.630709631,316_STEAM_1,0,317,317_WIND_1,100,3852.419440333,3985.809080132,133.389639799
1,poi_bus_120,120,Attila,unity,1,5,2020-01-01T05:00:00+00:00,15,branch_C27_immediate,branch,C27,fixed,short_term,180.208333333,0,747.327172653,-100,0.000000001,true,true,false,constraint_violation,0.987241327,307,1.084014988,210,0.034014988,0.998344472,C29,0,101_STEAM_3,79.182340256,316_STEAM_1,0,123,123_STEAM_3,100,3852.419440333,3971.217185719,118.797745386
1,poi_bus_120,120,Attila,unity,1,5,2020-01-01T05:00:00+00:00,16,branch_C27_sustained,branch,C27,bounded,continuous,180.208333333,0,747.327172653,-99.999999999,0,true,true,false,constraint_violation,0.944844057,307,1.082898446,210,0.032898446,1.00237727,C29,0,101_STEAM_3,240.95293891,316_STEAM_1,0,303,303_WIND_1,100,3852.419440333,3980.649337696,128.229897363
1,poi_bus_120,120,Attila,unity,1,5,2020-01-01T05:00:00+00:00,17,branch_C6_immediate,branch,C6,fixed,short_term,180.208333333,0,747.327172653,-100,0,true,true,false,constraint_violation,0.975331741,307,1.084213482,210,0.034213482,0.889787484,C2,0,101_STEAM_3,61.356815399,316_STEAM_1,0,123,123_STEAM_3,100,3852.419440333,3968.758991199,116.339550866
1,poi_bus_120,120,Attila,unity,1,5,2020-01-01T05:00:00+00:00,18,branch_C6_sustained,branch,C6,bounded,continuous,180.208333333,0,747.327172653,100.000000001,0,true,true,false,constraint_violation,0.985201213,307,1.081908291,210,0.031908291,1.032158457,C2,45.893241722,223_STEAM_1,61.232489355,116_STEAM_1,138.893241722,223,223_STEAM_3,100,3852.419440334,3991.312682056,138.893241722
1,poi_bus_120,120,Attila,unity,1,5,2020-01-01T05:00:00+00:00,19,branch_CA-1_immediate,branch,CA-1,fixed,short_term,180.208333333,0,747.327172653,-100,0.000000001,true,true,false,constraint_violation,0.986692973,307,1.085161861,210,0.035161861,0.824025881,C6,0,101_STEAM_3,45.331276341,316_STEAM_1,0,123,123_STEAM_3,100,3852.419440333,3978.173006707,125.753566374
1,poi_bus_120,120,Attila,unity,1,5,2020-01-01T05:00:00+00:00,20,branch_CA-1_sustained,branch,CA-1,bounded,continuous,180.208333333,0,747.327172653,100,0.000000001,true,true,false,constraint_violation,0.984186654,307,1.083030357,210,0.033030357,1.017046256,C6,0,101_STEAM_3,310.341297243,317_WIND_1,0,317,317_WIND_1,100,3852.419440333,3990.38513872,137.965698387
1,poi_bus_120,120,Attila,unity,1,5,2020-01-01T05:00:00+00:00,21,generator_121_NUCLEAR_1_sustained,generator,121_NUCLEAR_1,bounded,continuous,180.208333333,0,747.327172653,-100,0,true,true,false,constraint_violation,0.984733189,307,1.082866152,210,0.032866152,0.929881815,C6,0,101_STEAM_3,357.808836519,317_WIND_1,0,317,317_WIND_1,99,3852.419440333,3950.783192829,98.363752496
1,poi_bus_120,120,Attila,unity,1,5,2020-01-01T05:00:00+00:00,22,generator_213_CC_3_sustained,generator,213_CC_3,bounded,continuous,180.208333333,0,747.327172653,-100,0,true,true,false,constraint_violation,0.984859003,307,1.082456954,210,0.032456954,1.011066365,C6,0,101_STEAM_3,35.303653171,314_SYNC_COND_1,0,122,122_WIND_1,100,3852.419440333,3924.803378075,72.383937742
1,poi_bus_120,120,Attila,unity,1,5,2020-01-01T05:00:00+00:00,23,generator_313_CC_1_sustained,generator,313_CC_1,bounded,continuous,180.208333333,0,747.327172653,100,0,true,true,false,constraint_violation,0.98489864,307,1.082103227,210,0.032103227,1.026138422,C6,38.58335474,223_STEAM_1,54.271153427,116_STEAM_1,131.58335474,223,223_STEAM_3,100,3852.419440333,3984.002795073,131.58335474
1,poi_bus_120,120,Attila,unity,1,6,2020-01-01T06:00:00+00:00,0,normal,normal,,base,continuous,184.125,0,803.555549832,-100,0.000000001,true,true,false,constraint_violation,0.955574546,307,1.079887027,210,0.029887027,0.909360409,A10,111.808535515,223_STEAM_1,61.625392139,316_STEAM_1,111.808535515,223,223_STEAM_3,100,4132.630719,4244.439254515,111.808535515
1,poi_bus_120,120,Attila,unity,1,6,2020-01-01T06:00:00+00:00,1,branch_A11_immediate,branch,A11,fixed,short_term,184.125,0,803.555549832,-100,0.000000001,true,true,false,constraint_violation,0.955211063,307,1.079300116,210,0.029300116,0.801251172,A10,112.384254754,223_STEAM_1,62.042296021,316_STEAM_1,112.384254754,223,223_STEAM_3,100,4132.630719,4245.014973754,112.384254754
1,poi_bus_120,120,Attila,unity,1,6,2020-01-01T06:00:00+00:00,2,branch_A11_sustained,branch,A11,bounded,continuous,184.125,0,803.555549832,-100,0.000000001,true,true,false,constraint_violation,0.94309353,307,1.07917925,210,0.02917925,0.914532817,A10,0,101_STEAM_3,355.337120452,316_STEAM_1,0,317,317_WIND_1,100,4132.630719,4253.941895986,121.311176986
1,poi_bus_120,120,Attila,unity,1,6,2020-01-01T06:00:00+00:00,3,branch_A12-1_immediate,branch,A12-1,fixed,short_term,184.125,0,803.555549832,-100,0,true,true,false,constraint_violation,0.955394322,307,1.079356426,210,0.029356426,0.789351742,A10,114.219332606,223_STEAM_1,61.816638155,316_STEAM_1,114.219332606,223,223_STEAM_3,100,4132.630719,4246.850051606,114.219332606
1,poi_bus_120,120,Attila,unity,1,6,2020-01-01T06:00:00+00:00,4,branch_A12-1_sustained,branch,A12-1,bounded,continuous,184.125,0,803.555549832,-100,0.000000001,true,true,false,constraint_violation,0.943516731,307,1.079102498,210,0.029102498,0.900487646,A10,0,101_STEAM_3,354.193948257,316_STEAM_1,0,317,317_WIND_1,100,4132.630719,4255.652379847,123.021660847
1,poi_bus_120,120,Attila,unity,1,6,2020-01-01T06:00:00+00:00,5,branch_A34_immediate,branch,A34,fixed,short_term,184.125,0,803.555549832,-100.000000001,0,true,true,false,constraint_violation,0.956337495,307,1.079806906,210,0.029806906,1.022085843,A30,144.67205555,223_STEAM_1,87.087691798,116_STEAM_1,144.67205555,223,223_STEAM_3,100,4132.630719,4277.30277455,144.67205555
1,poi_bus_120,120,Attila,unity,1,6,2020-01-01T06:00:00+00:00,6,branch_A34_sustained,branch,A34,bounded,continuous,184.125,0,803.555549832,100,0,true,true,false,constraint_violation,0.949139356,307,1.078162784,210,0.028162784,1.361847214,A30,22.417018506,122_WIND_1,121.172773398,116_STEAM_1,0,122,122_WIND_1,100,4132.630719,4294.947737506,162.317018506
1,poi_bus_120,120,Attila,unity,1,6,2020-01-01T06:00:00+00:00,7,branch_B12-1_immediate,branch,B12-1,fixed,short_term,184.125,0,803.555549832,-100,0.000000001,true,true,false,constraint_violation,0.923830254,207,1.064382083,210,0.026169746,0.795851451,A10,116.998772131,223_STEAM_1,61.632865761,316_STEAM_1,116.998772131,223,223_STEAM_3,100,4132.630719,4249.629491131,116.998772131
1,poi_bus_120,120,Attila,unity,1,6,2020-01-01T06:00:00+00:00,8,branch_B12-1_sustained,branch,B12-1,bounded,continuous,184.125,0,803.555549832,100,0,true,true,false,constraint_violation,0.922698888,207,1.063488744,210,0.027301112,0.955522272,C6,0,101_STEAM_3,365.962154235,317_WIND_1,0,317,317_WIND_1,100,4132.630719,4257.580744891,124.950025891
1,poi_bus_120,120,Attila,unity,1,6,2020-01-01T06:00:00+00:00,9,branch_B22_immediate,branch,B22,fixed,short_term,184.125,0,803.555549832,-100,0.000000001,true,true,false,constraint_violation,0.95614699,307,1.072266664,210,0.022266664,0.794194673,A10,119.743585208,223_STEAM_1,61.261804096,316_STEAM_1,119.743585208,223,223_STEAM_3,100,4132.630719,4252.374304208,119.743585208
1,poi_bus_120,120,Attila,unity,1,6,2020-01-01T06:00:00+00:00,10,branch_B22_sustained,branch,B22,bounded,continuous,184.125,0,803.555549832,-100,0.000000001,true,true,false,constraint_violation,0.944940714,307,1.072842585,210,0.022842585,0.906481935,A10,0,101_STEAM_3,350.493385381,316_STEAM_1,0,317,317_WIND_1,100,4132.630719,4258.529798517,125.899079517
1,poi_bus_120,120,Attila,unity,1,6,2020-01-01T06:00:00+00:00,11,branch_B6_immediate,branch,B6,fixed,short_term,184.125,0,803.555549832,-100.000000001,0,true,true,false,constraint_violation,0.955543257,307,1.081505128,210,0.031505128,0.793568914,A10,111.712798545,223_STEAM_1,61.656274364,316_STEAM_1,111.712798545,223,223_STEAM_3,100,4132.630719,4244.343517545,111.712798545
1,poi_bus_120,120,Attila,unity,1,6,2020-01-01T06:00:00+00:00,12,branch_B6_sustained,branch,B6,bounded,continuous,184.125,0,803.555549832,-100,0,true,true,false,constraint_violation,0.943697425,307,1.081058326,210,0.031058326,0.905608657,A10,0,101_STEAM_3,353.744788645,316_STEAM_1,0,317,317_WIND_1,100,4132.630719,4253.21331877,120.58259977
1,poi_bus_120,120,Attila,unity,1,6,2020-01-01T06:00:00+00:00,13,branch_C12-1_immediate,branch,C12-1,fixed,short_term,184.125,0,803.555549832,-100,0,true,true,false,constraint_violation,0.798552524,307,1.079863915,210,0.151447476,0.799279597,C13-2,123.612451767,223_STEAM_1,98.522949951,316_STEAM_1,123.612451767,223,223_STEAM_3,100,4132.630719,4256.243170767,123.612451767
1,poi_bus_120,120,Attila,unity,1,6,2020-01-01T06:00:00+00:00,14,branch_C12-1_sustained,branch,C12-1,bounded,continuous,184.125,0,803.555549832,-100,0.000000001,true,true,false,constraint_violation,0.774558863,307,1.079479154,210,0.175441137,1.018909124,C13-2,0,101_STEAM_3,391.381518789,316_STEAM_1,0,317,317_WIND_1,100,4132.630719,4266.50494153,133.87422253
1,poi_bus_120,120,Attila,unity,1,6,2020-01-01T06:00:00+00:00,15,branch_C27_immediate,branch,C27,fixed,short_term,184.125,0,803.555549832,-100,0.000000001,true,true,false,constraint_violation,0.948011862,307,1.079597213,210,0.029597213,0.928856204,C29,125.685726575,223_STEAM_1,140.898380339,316_STEAM_1,125.685726575,223,223_STEAM_3,100,4132.630719,4258.316445575,125.685726575
1,poi_bus_120,120,Attila,unity,1,6,2020-01-01T06:00:00+00:00,16,branch_C27_sustained,branch,C27,bounded,continuous,184.125,0,803.555549832,-100,0.000000001,true,true,false,constraint_violation,0.934272579,307,1.080306305,210,0.030306305,1.001689394,C6,0,101_STEAM_3,158.92311464,316_STEAM_1,0,122,122_WIND_1,100,4132.630719,4259.425793238,126.795074238
1,poi_bus_120,120,Attila,unity,1,6,2020-01-01T06:00:00+00:00,17,branch_C6_immediate,branch,C6,fixed,short_term,184.125,0,803.555549832,-100,0,true,true,false,constraint_violation,0.934076881,307,1.079823855,210,0.029823855,0.856365924,C2,120.655703704,223_STEAM_1,105.191823433,316_STEAM_1,120.655703704,223,223_STEAM_3,100,4132.630719,4253.286422704,120.655703704
1,poi_bus_120,120,Attila,unity,1,6,2020-01-01T06:00:00+00:00,18,branch_C6_sustained,branch,C6,bounded,continuous,184.125,0,803.555549832,-100,0.000000001,true,true,false,constraint_violation,0.909135016,307,1.079420138,210,0.040864984,0.908260199,A10,0,101_STEAM_3,198.756695901,316_STEAM_1,0,303,303_WIND_1,100,4132.630719,4261.436223506,128.805504506
1,poi_bus_120,120,Attila,unity,1,6,2020-01-01T06:00:00+00:00,19,branch_CA-1_immediate,branch,CA-1,fixed,short_term,184.125,0,803.555549832,-100,0,true,true,false,constraint_violation,0.94750552,307,1.080739197,210,0.030739197,0.823277122,C27,152.488590615,223_STEAM_1,162.459345411,316_STEAM_1,152.488590615,223,223_STEAM_3,100,4132.630719,4285.119309615,152.488590615
1,poi_bus_120,120,Attila,unity,1,6,2020-01-01T06:00:00+00:00,20,branch_CA-1_sustained,branch,CA-1,bounded,continuous,184.125,0,803.555549832,32.467635999,0.000000002,true,true,false,constraint_violation,0.944684334,307,1.079431026,210,0.029431026,1.005452293,C6,0,101_STEAM_3,378.378493828,316_STEAM_1,0,317,317_WIND_1,100,4132.630719,4303.498503041,170.867784041
1,poi_bus_120,120,Attila,unity,1,6,2020-01-01T06:00:00+00:00,21,generator_121_NUCLEAR_1_sustained,generator,121_NUCLEAR_1,bounded,continuous,184.125,0,803.555549832,-100.000000001,0.000000002,true,true,false,constraint_violation,0.922910668,307,1.078809388,210,0.028809388,1.033876955,C6,60.533033405,303_WIND_1,105.920629404,316_STEAM_1,0,303,303_WIND_1,99,4132.630719,4237.633033405,105.002314405
1,poi_bus_120,120,Attila,unity,1,6,2020-01-01T06:00:00+00:00,22,generator_213_CC_3_sustained,generator,213_CC_3,bounded,continuous,184.125,0,803.555549832,-100,0,true,true,false,constraint_violation,0.957922069,307,1.078897539,210,0.028897539,0.921723951,C6,0,101_STEAM_3,55.56905032,316_STEAM_1,0,122,122_WIND_1,100,4132.630719,4217.488488855,84.857769855
1,poi_bus_120,120,Attila,unity,1,6,2020-01-01T06:00:00+00:00,23,generator_313_CC_1_sustained,generator,313_CC_1,bounded,continuous,184.125,0,803.555549832,-100,0.000000001,true,true,false,constraint_violation,0.943814013,307,1.079479121,210,0.029479121,0.907955575,A10,0,101_STEAM_3,353.439037531,316_STEAM_1,0,317,317_WIND_1,100,4132.630719,4253.282615626,120.651896626
1,poi_bus_120,120,Attila,unity,1,7,2020-01-01T07:00:00+00:00,0,normal,normal,,base,continuous,188.895833333,0,811.340510695,-99.999999999,0,true,true,false,constraint_violation,0.977483715,307,1.081429726,210,0.031429726,0.931177432,C10,90.988517074,113_PV_1,197.052820162,113_PV_1,0,113,113_PV_1,100,4175.655239333,4266.643756407,90.988517074
1,poi_bus_120,120,Attila,unity,1,7,2020-01-01T07:00:00+00:00,1,branch_A11_immediate,branch,A11,fixed,short_term,188.895833333,0,811.340510695,-100,0,true,true,false,constraint_violation,0.977126192,307,1.081051481,210,0.031051481,0.814757809,C10,91.172014077,113_PV_1,199.674283349,113_PV_1,0,113,113_PV_1,100,4175.655239333,4266.82725341,91.172014077
1,poi_bus_120,120,Attila,unity,1,7,2020-01-01T07:00:00+00:00,2,branch_A11_sustained,branch,A11,bounded,continuous,188.895833333,0,811.340510695,-99.999999999,0,true,true,false,constraint_violation,0.929773808,307,1.080403261,210,0.030403261,0.982060968,CA-1,124.333647604,113_PV_1,185.930122425,113_PV_1,0,113,113_PV_1,100,4175.655239333,4299.988886937,124.333647604
1,poi_bus_120,120,Attila,unity,1,7,2020-01-01T07:00:00+00:00,3,branch_A12-1_immediate,branch,A12-1,fixed,short_term,188.895833333,0,811.340510695,-100,0.000000001,true,true,false,constraint_violation,0.974485336,108,1.08094417,210,0.03094417,0.814775633,C10,93.474077364,113_PV_1,194.740140041,113_PV_1,0,113,113_PV_1,100,4175.655239333,4269.129316697,93.474077364
1,poi_bus_120,120,Attila,unity,1,7,2020-01-01T07:00:00+00:00,4,branch_A12-1_sustained,branch,A12-1,bounded,continuous,188.895833333,0,811.340510695,-100,0.000000001,true,true,false,constraint_violation,0.952297585,307,1.080865581,210,0.030865581,0.929156774,C10,73.580685261,113_PV_1,192.686109296,113_PV_1,0,113,113_PV_1,100,4175.655239333,4249.235924594,73.580685261
1,poi_bus_120,120,Attila,unity,1,7,2020-01-01T07:00:00+00:00,5,branch_A34_immediate,branch,A34,fixed,short_term,188.895833333,0,811.340510695,-99.999999999,0,true,true,false,constraint_violation,0.977806661,307,1.081494232,210,0.031494232,0.874983182,A30,113.824479192,113_PV_1,199.323871382,113_PV_1,0,113,113_PV_1,100,4175.655239333,4289.479718525,113.824479192
1,poi_bus_120,120,Attila,unity,1,7,2020-01-01T07:00:00+00:00,6,branch_A34_sustained,branch,A34,bounded,continuous,188.895833333,0,811.340510695,-100,0.000000001,true,true,false,constraint_violation,0.906276445,307,1.079821556,210,0.043723555,1.097542058,CA-1,161.089607519,113_PV_1,259.790127474,316_STEAM_1,0,113,113_PV_1,100,4175.655239334,4336.744846853,161.089607519
1,poi_bus_120,120,Attila,unity,1,7,2020-01-01T07:00:00+00:00,7,branch_B12-1_immediate,branch,B12-1,fixed,short_term,188.895833333,0,811.340510695,-100,0.000000001,true,true,false,constraint_violation,0.928624284,207,1.068262586,310,0.021375716,0.814780152,C10,96.162260612,113_PV_1,197.581902173,113_PV_1,0,113,113_PV_1,100,4175.655239333,4271.817499945,96.162260612
1,poi_bus_120,120,Attila,unity,1,7,2020-01-01T07:00:00+00:00,8,branch_B12-1_sustained,branch,B12-1,bounded,continuous,188.895833333,0,811.340510695,100,0.000000001,true,true,false,constraint_violation,0.92596897,207,1.064375792,210,0.02403103,0.892885112,C10,79.311670373,113_PV_1,167.335065583,113_PV_1,0,113,113_PV_1,100,4175.655239333,4254.966909706,79.311670373
1,poi_bus_120,120,Attila,unity,1,7,2020-01-01T07:00:00+00:00,9,branch_B22_immediate,branch,B22,fixed,short_term,188.895833333,0,811.340510695,-100,0.000000001,true,true,false,constraint_violation,0.977844468,307,1.073978481,210,0.023978481,0.814747964,C10,98.55941365,113_PV_1,195.994320857,113_PV_1,0,113,113_PV_1,100,4175.655239333,4274.214652983,98.55941365
1,poi_bus_120,120,Attila,unity,1,7,2020-01-01T07:00:00+00:00,10,branch_B22_sustained,branch,B22,bounded,continuous,188.895833333,0,811.340510695,-100,0.000000001,true,true,false,constraint_violation,0.907957328,307,1.075718384,210,0.042042672,1.10394079,CA-1,145.176246432,113_PV_1,253.892900093,316_STEAM_1,0,113,113_PV_1,100,4175.655239334,4320.831485766,145.176246432
1,poi_bus_120,120,Attila,unity,1,7,2020-01-01T07:00:00+00:00,11,branch_B6_immediate,branch,B6,fixed,short_term,188.895833333,0,811.340510695,-100,0.000000001,true,true,false,constraint_violation,0.97742289,307,1.083245585,210,0.033245585,0.814779766,C10,90.875066194,113_PV_1,196.26999774,113_PV_1,0,113,113_PV_1,100,4175.655239333,4266.530305527,90.875066194
1,poi_bus_120,120,Attila,unity,1,7,2020-01-01T07:00:00+00:00,12,branch_B6_sustained,branch,B6,bounded,continuous,188.895833333,0,811.340510695,-99.999999999,0,true,true,false,constraint_violation,0.9057311,307,1.081674141,210,0.0442689,1.105073773,CA-1,138.991410542,113_PV_1,262.635339066,316_STEAM_1,0,113,113_PV_1,100,4175.655239333,4314.646649875,138.991410542
1,poi_bus_120,120,Attila,unity,1,7,2020-01-01T07:00:00+00:00,13,branch_C12-1_immediate,branch,C12-1,fixed,short_term,188.895833333,0,811.340510695,-100,0.000000001,true,true,false,constraint_violation,0.842795018,307,1.081452726,210,0.107204982,0.764986762,C13-2,99.734463577,113_PV_1,197.906431077,113_PV_1,0,113,113_PV_1,100,4175.655239333,4275.38970291,99.734463577
1,poi_bus_120,120,Attila,unity,1,7,2020-01-01T07:00:00+00:00,14,branch_C12-1_sustained,branch,C12-1,bounded,continuous,188.895833333,0,811.340510695,-100,0.000000001,true,true,false,constraint_violation,0.723265872,307,1.081275727,210,0.226734128,1.057976914,CA-1,139.754982984,113_PV_1,265.298208131,316_STEAM_1,0,113,113_PV_1,100,4175.655239333,4315.410222317,139.754982984
1,poi_bus_120,120,Attila,unity,1,7,2020-01-01T07:00:00+00:00,15,branch_C27_immediate,branch,C27,fixed,short_term,188.895833333,0,811.340510695,-100,0,true,true,false,constraint_violation,0.974382878,307,1.081294258,210,0.031294258,0.878165334,C29,98.105262383,113_PV_1,199.046965907,113_PV_1,0,113,113_PV_1,100,4175.655239333,4273.760501716,98.105262383
1,poi_bus_120,120,Attila,unity,1,7,2020-01-01T07:00:00+00:00,16,branch_C27_sustained,branch,C27,bounded,continuous,188.895833333,0,811.340510695,100,0,true,true,false,constraint_violation,0.912781333,307,1.079956793,210,0.037218667,1.007307156,CA-1,126.257537016,113_PV_1,196.220068696,316_STEAM_1,0,113,113_PV_1,100,4175.655239333,4301.912776349,126.257537016
1,poi_bus_120,120,Attila,unity,1,7,2020-01-01T07:00:00+00:00,17,branch_C6_immediate,branch,C6,fixed,short_term,188.895833333,0,811.340510695,-100,0.000000001,true,true,false,constraint_violation,0.968612156,307,1.081416696,210,0.031416696,0.783380567,C10,93.086374862,113_PV_1,197.432402155,113_PV_1,0,113,113_PV_1,100,4175.655239333,4268.741614195,93.086374862
1,poi_bus_120,120,Attila,unity,1,7,2020-01-01T07:00:00+00:00,18,branch_C6_sustained,branch,C6,bounded,continuous,188.895833333,0,811.340510695,-100,0.000000001,true,true,false,constraint_violation,0.906077361,307,1.079930304,210,0.043922639,1.10708527,CA-1,135.85272305,113_PV_1,265.647499661,316_STEAM_1,0,113,113_PV_1,100,4175.655239333,4311.507962383,135.85272305
1,poi_bus_120,120,Attila,unity,1,7,2020-01-01T07:00:00+00:00,19,branch_CA-1_immediate,branch,CA-1,fixed,short_term,188.895833333,0,811.340510695,-100,0,true,true,false,constraint_violation,0.974614158,307,1.082002081,210,0.032002081,0.804122596,C10,108.08041031,113_PV_1,187.014337255,113_PV_1,0,113,113_PV_1,100,4175.655239333,4283.735649643,108.08041031
1,poi_bus_120,120,Attila,unity,1,7,2020-01-01T07:00:00+00:00,20,branch_CA-1_sustained,branch,CA-1,bounded,continuous,188.895833333,0,811.340510695,100,0,true,true,false,constraint_violation,0.973811672,307,1.081050353,210,0.031050353,0.968828933,A28,78.740241357,113_PV_1,153.181501719,113_PV_1,0,113,113_PV_1,100,4175.655239333,4304.09548069,128.440241357
1,poi_bus_120,120,Attila,unity,1,7,2020-01-01T07:00:00+00:00,21,generator_121_NUCLEAR_1_sustained,generator,121_NUCLEAR_1,bounded,continuous,188.895833333,0,811.340510695,100,0,true,true,false,constraint_violation,0.957377136,307,1.078192744,210,0.028192744,0.887559155,C10,40.830310357,113_PV_1,163.878088141,113_PV_1,0,113,113_PV_1,99,4175.655239333,4265.030310357,89.375071024
1,poi_bus_120,120,Attila,unity,1,7,2020-01-01T07:00:00+00:00,22,generator_213_CC_3_sustained,generator,213_CC_3,bounded,continuous,188.895833333,0,811.340510695,-100,0.000000002,true,true,false,constraint_violation,0.94925729,307,1.079996938,210,0.029996938,0.891372652,C10,88.719248331,113_PV_1,194.878498659,113_PV_1,0,113,113_PV_1,100,4175.655239333,4264.374487664,88.719248331
1,poi_bus_120,120,Attila,unity,1,7,2020-01-01T07:00:00+00:00,23,generator_313_CC_1_sustained,generator,313_CC_1,bounded,continuous,188.895833333,0,811.340510695,-100,0.000000001,true,true,false,constraint_violation,0.940377566,307,1.079859578,210,0.029859578,0.904072348,C10,75.486333788,113_PV_1,195.354165765,113_PV_1,0,113,113_PV_1,100,4175.655239333,4251.141573121,75.486333788
1,poi_bus_120,120,Attila,unity,1,8,2020-01-01T08:00:00+00:00,0,normal,normal,,base,continuous,189.3125,0,814.578910372,-99.999999999,0.000000001,true,true,false,constraint_violation,0.982993023,307,1.08270321,210,0.03270321,0.975958323,C10,88.601129241,113_PV_1,199.729793111,113_PV_1,0,113,113_PV_1,100,4191.984732,4280.585861241,88.601129241
1,poi_bus_120,120,Attila,unity,1,8,2020-01-01T08:00:00+00:00,1,branch_A11_immediate,branch,A11,fixed,short_term,189.3125,0,814.578910372,-100,0.000000001,true,true,false,constraint_violation,0.982633295,307,1.082603629,210,0.032603629,0.85400792,C10,88.661212432,113_PV_1,200.840219724,113_PV_1,0,113,113_PV_1,100,4191.984732,4280.645944432,88.661212432
1,poi_bus_120,120,Attila,unity,1,8,2020-01-01T08:00:00+00:00,2,branch_A11_sustained,branch,A11,bounded,continuous,189.3125,0,814.578910372,-100,0.000000001,true,true,false,constraint_violation,0.943213151,307,1.082785648,210,0.032785648,0.9124447,C10,87.677356333,113_PV_1,205.238373136,113_PV_1,0,113,113_PV_1,100,4191.984732,4279.662088333,87.677356333
1,poi_bus_120,120,Attila,unity,1,8,2020-01-01T08:00:00+00:00,3,branch_A12-1_immediate,branch,A12-1,fixed,short_term,189.3125,0,814.578910372,-99.999999999,0.000000001,true,true,false,constraint_violation,0.976594702,108,1.082363194,210,0.032363194,0.85398989,C10,91.003170822,113_PV_1,196.68768914,113_PV_1,0,113,113_PV_1,100,4191.984732,4282.987902822,91.003170822
1,poi_bus_120,120,Attila,unity,1,8,2020-01-01T08:00:00+00:00,4,branch_A12-1_sustained,branch,A12-1,bounded,continuous,189.3125,0,814.578910372,-100,0,true,true,false,constraint_violation,0.924988431,307,1.080545706,210,0.030545706,0.90844257,C10,45.333041422,113_PV_1,195.024856065,113_PV_1,0,113,113_PV_1,100,4191.984732,4300.417773422,108.433041422
1,poi_bus_120,120,Attila,unity,1,8,2020-01-01T08:00:00+00:00,5,branch_A34_immediate,branch,A34,fixed,short_term,189.3125,0,814.578910372,-100,0,true,true,false,constraint_violation,0.983202765,307,1.082737519,210,0.032737519,0.853900837,C10,102.991405406,113_PV_1,201.068317533,113_PV_1,0,113,113_PV_1,100,4191.984732,4294.976137406,102.991405406
1,poi_bus_120,120,Attila,unity,1,8,2020-01-01T08:00:00+00:00,6,branch_A34_sustained,branch,A34,bounded,continuous,189.3125,0,814.578910372,-100,0.000000001,true,true,false,constraint_violation,0.891053539,307,1.080653544,210,0.058946461,1.11518316,CA-1,166.007885571,113_PV_1,324.919512066,316_STEAM_1,0,113,113_PV_1,100,4191.984732,4357.992617571,166.007885571
1,poi_bus_120,120,Attila,unity,1,8,2020-01-01T08:00:00+00:00,7,branch_B12-1_immediate,branch,B12-1,fixed,short_term,189.3125,0,814.578910372,-100,0.000000001,true,true,false,constraint_violation,0.93384321,207,1.072767264,310,0.022767264,0.853969863,C10,93.585430859,113_PV_1,200.181262505,113_PV_1,0,113,113_PV_1,100,4191.984732,4285.570162859,93.585430859
1,poi_bus_120,120,Attila,unity,1,8,2020-01-01T08:00:00+00:00,8,branch_B12-1_sustained,branch,B12-1,bounded,continuous,189.3125,0,814.578910372,-100,0,true,true,false,constraint_violation,0.90879535,307,1.06689558,210,0.04120465,0.958284492,CA-1,113.905247073,113_PV_1,225.526605534,316_STEAM_1,0,113,113_PV_1,100,4191.984732,4305.889979073,113.905247073
1,poi_bus_120,120,Attila,unity,1,8,2020-01-01T08:00:00+00:00,9,branch_B22_immediate,branch,B22,fixed,short_term,189.3125,0,814.578910372,-100,0.000000001,true,true,false,constraint_violation,0.983270346,307,1.075894507,210,0.025894507,0.853873031,C10,95.060189668,113_PV_1,198.524386425,113_PV_1,0,113,113_PV_1,100,4191.984732,4287.044921668,95.060189668
1,poi_bus_120,120,Attila,unity,1,8,2020-01-01T08:00:00+00:00,10,branch_B22_sustained,branch,B22,bounded,continuous,189.3125,0,814.578910372,-100,0.000000001,true,true,false,constraint_violation,0.941449097,307,1.07630474,210,0.02630474,0.910386184,C10,110.107727305,113_PV_1,198.926841241,113_PV_1,0,113,113_PV_1,100,4191.984732,4302.092459305,110.107727305
1,poi_bus_120,120,Attila,unity,1,8,2020-01-01T08:00:00+00:00,11,branch_B6_immediate,branch,B6,fixed,short_term,189.3125,0,814.578910372,-100,0.000000001,true,true,false,constraint_violation,0.982919795,307,1.084600999,210,0.034600999,0.853978291,C10,88.524489608,113_PV_1,199.075555814,113_PV_1,0,113,113_PV_1,100,4191.984732,4280.509221608,88.524489608
1,poi_bus_120,120,Attila,unity,1,8,2020-01-01T08:00:00+00:00,12,branch_B6_sustained,branch,B6,bounded,continuous,189.3125,0,814.578910372,100,0.000000001,true,true,false,constraint_violation,0.941671091,307,1.081169436,210,0.031169436,0.91241487,C10,26.539749665,113_PV_1,175.685249932,113_PV_1,0,113,113_PV_1,100,4191.984732,4281.624481665,89.639749665
1,poi_bus_120,120,Attila,unity,1,8,2020-01-01T08:00:00+00:00,13,branch_C12-1_immediate,branch,C12-1,fixed,short_term,189.3125,0,814.578910372,-100,0,true,true,false,constraint_violation,0.865846561,307,1.082714393,210,0.084153439,0.79512659,C10,95.242073475,113_PV_1,200.347656808,113_PV_1,0,113,113_PV_1,100,4191.984732,4287.226805475,95.242073475
1,poi_bus_120,120,Attila,unity,1,8,2020-01-01T08:00:00+00:00,14,branch_C12-1_sustained,branch,C12-1,bounded,continuous,189.3125,0,814.578910372,-100,0,true,true,false,constraint_violation,0.820635997,307,1.080890922,210,0.129364003,0.894308178,C13-2,82.811146975,113_PV_1,210.517549179,113_PV_1,0,113,113_PV_1,100,4191.984732,4274.795878975,82.811146975
1,poi_bus_120,120,Attila,unity,1,8,2020-01-01T08:00:00+00:00,15,branch_C27_immediate,branch,C27,fixed,short_term,189.3125,0,814.578910372,-100,0.000000001,true,true,false,constraint_violation,0.98216502,307,1.082650623,210,0.032650623,0.850806325,C10,91.285963054,113_PV_1,201.090322791,113_PV_1,0,113,113_PV_1,100,4191.984732,4283.270695054,91.285963054
1,poi_bus_120,120,Attila,unity,1,8,2020-01-01T08:00:00+00:00,16,branch_C27_sustained,branch,C27,bounded,continuous,189.3125,0,814.578910372,-100,0,true,true,false,constraint_violation,0.933299455,307,1.080842456,210,0.030842456,0.922072007,C10,89.609180834,113_PV_1,202.797384116,113_PV_1,0,113,113_PV_1,100,4191.984732,4281.593912834,89.609180834
1,poi_bus_120,120,Attila,unity,1,8,2020-01-01T08:00:00+00:00,17,branch_C6_immediate,branch,C6,fixed,short_term,189.3125,0,814.578910372,-100,0,true,true,false,constraint_violation,0.979205245,307,1.082699975,210,0.032699975,0.843489051,C10,88.856207308,113_PV_1,199.830730539,113_PV_1,0,113,113_PV_1,100,4191.984732,4280.840939308,88.856207308
1,poi_bus_120,120,Attila,unity,1,8,2020-01-01T08:00:00+00:00,18,branch_C6_sustained,branch,C6,bounded,continuous,189.3125,0,814.578910372,100,0.000000001,true,true,false,constraint_violation,0.950210539,307,1.080754928,210,0.030754928,0.904839694,C10,66.856415547,113_PV_1,176.812535118,113_PV_1,0,113,113_PV_1,100,4191.984732,4258.841147547,66.856415547
1,poi_bus_120,120,Attila,unity,1,8,2020-01-01T08:00:00+00:00,19,branch_CA-1_immediate,branch,CA-1,fixed,short_term,189.3125,0,814.578910372,-100,0.000000001,true,true,false,constraint_violation,0.981570546,307,1.082887987,210,0.032887987,0.848956061,C10,93.081712832,113_PV_1,194.033154137,113_PV_1,0,113,113_PV_1,100,4191.984732,4285.066444832,93.081712832
1,poi_bus_120,120,Attila,unity,1,8,2020-01-01T08:00:00+00:00,20,branch_CA-1_sustained,branch,CA-1,bounded,continuous,189.3125,0,814.578910372,-58.797501,0,true,true,false,constraint_violation,0.944605647,307,1.080550724,210,0.030550724,1.143934811,CB-1,137.380370273,113_PV_1,202.691683657,316_STEAM_1,0,113,113_PV_1,100,4191.984732,4329.365102273,137.380370273
1,poi_bus_120,120,Attila,unity,1,8,2020-01-01T08:00:00+00:00,21,generator_121_NUCLEAR_1_sustained,generator,121_NUCLEAR_1,bounded,continuous,189.3125,0,814.578910372,100.000000001,0.000000001,true,true,false,constraint_violation,0.969360816,307,1.080616998,210,0.030616998,0.942247173,C10,59.607414259,113_PV_1,178.742479578,113_PV_1,0,113,113_PV_1,99,4191.984732,4251.592146259,59.607414259
1,poi_bus_120,120,Attila,unity,1,8,2020-01-01T08:00:00+00:00,22,generator_213_CC_3_sustained,generator,213_CC_3,bounded,continuous,189.3125,0,814.578910372,100,0,true,true,false,constraint_violation,0.953347466,307,1.080390272,210,0.030390272,0.924964967,C10,16.231096142,113_PV_1,166.898175716,113_PV_1,0,113,113_PV_1,100,4191.984732,4271.315828142,79.331096142
1,poi_bus_120,120,Attila,unity,1,8,2020-01-01T08:00:00+00:00,23,generator_313_CC_1_sustained,generator,313_CC_1,bounded,continuous,189.3125,0,814.578910372,-100,0.000000001,true,true,false,constraint_violation,0.924975156,307,1.080830015,210,0.030830015,0.905821611,C10,35.697346906,113_PV_1,194.373079499,113_PV_1,0,113,113_PV_1,100,4191.984732,4290.782078906,98.797346906
1,poi_bus_120,120,Attila,unity,1,9,2020-01-01T09:00:00+00:00,0,normal,normal,,base,continuous,189.729166667,0,820.615805572,-100,0.000000001,true,true,false,constraint_violation,0.968398865,307,1.082573203,210,0.032573203,0.988750435,C10,82.016101609,113_PV_1,202.983614302,113_PV_1,0,113,113_PV_1,100,4222.065452667,4304.081554276,82.016101609
1,poi_bus_120,120,Attila,unity,1,9,2020-01-01T09:00:00+00:00,1,branch_A11_immediate,branch,A11,fixed,short_term,189.729166667,0,820.615805572,-100.000000001,0,true,true,false,constraint_violation,0.967992675,307,1.082522998,210,0.032522998,0.865174793,C10,81.939268902,113_PV_1,203.599053988,113_PV_1,0,113,113_PV_1,100,4222.065452667,4304.004721569,81.939268902
1,poi_bus_120,120,Attila,unity,1,9,2020-01-01T09:00:00+00:00,2,branch_A11_sustained,branch,A11,bounded,continuous,189.729166667,0,820.615805572,100,0.000000001,true,true,false,constraint_violation,0.947985091,307,1.079682311,210,0.029682311,0.948566265,C10,54.463123479,113_PV_1,189.561271978,113_PV_1,0,113,113_PV_1,100,4222.065452667,4286.763123479,64.697670812
1,poi_bus_120,120,Attila,unity,1,9,2020-01-01T09:00:00+00:00,3,branch_A12-1_immediate,branch,A12-1,fixed,short_term,189.729166667,0,820.615805572,-100,0.000000001,true,true,false,constraint_violation,0.968238244,307,1.082269289,210,0.032269289,0.865171679,C10,84.21285828,113_PV_1,199.937380931,113_PV_1,0,113,113_PV_1,100,4222.065452667,4306.278310947,84.21285828
1,poi_bus_120,120,Attila,unity,1,9,2020-01-01T09:00:00+00:00,4,branch_A12-1_sustained,branch,A12-1,bounded,continuous,189.729166667,0,820.615805572,-100,0,true,true,false,constraint_violation,0.923559741,307,1.080713738,210,0.030713738,0.910976893,C10,84.51684981,113_PV_1,206.0070456,113_PV_1,0,113,113_PV_1,100,4222.065452667,4306.582302477,84.51684981
1,poi_bus_120,120,Attila,unity,1,9,2020-01-01T09:00:00+00:00,5,branch_A34_immediate,branch,A34,fixed,short_term,189.729166667,0,820.615805572,-100.000000001,0,true,true,false,constraint_violation,0.968539178,307,1.082591946,210,0.032591946,0.865133404,C10,87.565988497,113_PV_1,203.44349587,113_PV_1,0,113,113_PV_1,100,4222.065452667,4309.631441164,87.565988497
1,poi_bus_120,120,Attila,unity,1,9,2020-01-01T09:00:00+00:00,6,branch_A34_sustained,branch,A34,bounded,continuous,189.729166667,0,820.615805572,-100,0,true,true,false,constraint_violation,0.934130043,307,1.080781921,210,0.030781921,0.928911705,C10,78.877682678,113_PV_1,212.285441255,113_PV_1,0,113,113_PV_1,100,4222.065452667,4300.943135345,78.877682678
1,poi_bus_120,120,Attila,unity,1,9,2020-01-01T09:00:00+00:00,7,branch_B12-1_immediate,branch,B12-1,fixed,short_term,189.729166667,0,820.615805572,-100,0.000000002,true,true,false,constraint_violation,0.932567811,207,1.06812726,210,0.01812726,0.865160721,C10,87.06978362,113_PV_1,203.436231511,113_PV_1,0,113,113_PV_1,100,4222.065452667,4309.135236287,87.06978362
1,poi_bus_120,120,Attila,unity,1,9,2020-01-01T09:00:00+00:00,8,branch_B12-1_sustained,branch,B12-1,bounded,continuous,189.729166667,0,820.615805572,99.999999999,0,true,true,false,constraint_violation,0.929548091,207,1.065715696,210,0.020451909,0.948567749,C10,5.821209916,113_PV_1,177.841911111,113_PV_1,0,113,113_PV_1,100,4222.065452667,4294.486662583,72.421209916
1,poi_bus_120,120,Attila,unity,1,9,2020-01-01T09:00:00+00:00,9,branch_B22_immediate,branch,B22,fixed,short_term,189.729166667,0,820.615805572,-100,0,true,true,false,constraint_violation,0.968709289,307,1.075811295,210,0.025811295,0.865090189,C10,88.334441827,113_PV_1,201.849745263,113_PV_1,0,113,113_PV_1,100,4222.065452667,4310.399894494,88.334441827
1,poi_bus_120,120,Attila,unity,1,9,2020-01-01T09:00:00+00:00,10,branch_B22_sustained,branch,B22,bounded,continuous,189.729166667,0,820.615805572,-99.999999999,0.000000001,true,true,false,constraint_violation,0.927532519,307,1.075265443,210,0.025265443,0.9163223,C10,74.861787208,113_PV_1,208.930228902,113_PV_1,0,113,113_PV_1,100,4222.065452667,4296.927239875,74.861787208
1,poi_bus_120,120,Attila,unity,1,9,2020-01-01T09:00:00+00:00,11,branch_B6_immediate,branch,B6,fixed,short_term,189.729166667,0,820.615805572,-100,0.000000001,true,true,false,constraint_violation,0.968312972,307,1.084427408,210,0.034427408,0.865166092,C10,81.947755815,113_PV_1,202.338210886,113_PV_1,0,113,113_PV_1,100,4222.065452667,4304.013208482,81.947755815
1,poi_bus_120,120,Attila,unity,1,9,2020-01-01T09:00:00+00:00,12,branch_B6_sustained,branch,B6,bounded,continuous,189.729166667,0,820.615805572,-100.000000001,0,true,true,false,constraint_violation,0.910113465,307,1.082225743,210,0.039886535,0.903979438,A10,106.799900996,113_PV_1,226.559761922,316_STEAM_1,0,113,113_PV_1,100,4222.065452667,4328.865353663,106.799900996
1,poi_bus_120,120,Attila,unity,1,9,2020-01-01T09:00:00+00:00,13,branch_C12-1_immediate,branch,C12-1,fixed,short_term,189.729166667,0,820.615805572,-100,0.000000001,true,true,false,constraint_violation,0.854865299,307,1.082583033,210,0.095134701,0.811390993,C10,88.130554248,113_PV_1,203.545381272,113_PV_1,0,113,113_PV_1,100,4222.065452667,4310.196006915,88.130554248
1,poi_bus_120,120,Attila,unity,1,9,2020-01-01T09:00:00+00:00,14,branch_C12-1_sustained,branch,C12-1,bounded,continuous,189.729166667,0,820.615805572,-100,0.000000001,true,true,false,constraint_violation,0.788319304,307,1.082480901,210,0.161680696,0.863636056,C10,81.816173292,113_PV_1,211.244027163,113_PV_1,0,113,113_PV_1,100,4222.065452667,4303.881625959,81.816173292
1,poi_bus_120,120,Attila,unity,1,9,2020-01-01T09:00:00+00:00,15,branch_C27_immediate,branch,C27,fixed,short_term,189.729166667,0,820.615805572,-100,0.000000001,true,true,false,constraint_violation,0.9680968,307,1.08253498,210,0.03253498,0.863174996,C10,83.523134557,113_PV_1,203.937334788,113_PV_1,0,113,113_PV_1,100,4222.065452667,4305.588587224,83.523134557
1,poi_bus_120,120,Attila,unity,1,9,2020-01-01T09:00:00+00:00,16,branch_C27_sustained,branch,C27,bounded,continuous,189.729166667,0,820.615805572,-100,0.000000001,true,true,false,constraint_violation,0.946131114,307,1.081076094,210,0.031076094,0.937060255,C29,0,101_STEAM_3,198.890870523,113_PV_1,0,113,113_PV_1,100,4222.065452667,4284.240992609,62.175539942
1,poi_bus_120,120,Attila,unity,1,9,2020-01-01T09:00:00+00:00,17,branch_C6_immediate,branch,C6,fixed,short_term,189.729166667,0,820.615805572,-100,0.000000001,true,true,false,constraint_violation,0.96717998,307,1.08257629,210,0.03257629,0.867906747,C10,82.180278836,113_PV_1,202.937880727,113_PV_1,0,113,113_PV_1,100,4222.065452667,4304.245731503,82.180278836
1,poi_bus_120,120,Attila,unity,1,9,2020-01-01T09:00:00+00:00,18,branch_C6_sustained,branch,C6,bounded,continuous,189.729166667,0,820.615805572,-100,0.000000001,true,true,false,constraint_violation,0.928628366,307,1.081981288,210,0.031981288,0.928722558,C10,13.23869238,113_PV_1,198.159109369,113_PV_1,0,113,113_PV_1,100,4222.065452667,4301.904145047,79.83869238
1,poi_bus_120,120,Attila,unity,1,9,2020-01-01T09:00:00+00:00,19,branch_CA-1_immediate,branch,CA-1,fixed,short_term,189.729166667,0,820.615805572,-100,0,true,true,false,constraint_violation,0.965758008,307,1.082679328,210,0.032679328,0.86039395,C10,83.472539552,113_PV_1,200.240492718,113_PV_1,0,113,113_PV_1,100,4222.065452667,4305.537992219,83.472539552
1,poi_bus_120,120,Attila,unity,1,9,2020-01-01T09:00:00+00:00,20,branch_CA-1_sustained,branch,CA-1,bounded,continuous,189.729166667,0,820.615805572,100,0.000000001,true,true,false,constraint_violation,0.926999155,307,1.079446895,210,0.029446895,1.163177847,CB-1,151.71135764,113_PV_1,256.433399429,316_STEAM_1,0,113,113_PV_1,100,4222.065452667,4373.776810307,151.71135764
1,poi_bus_120,120,Attila,unity,1,9,2020-01-01T09:00:00+00:00,21,generator_121_NUCLEAR_1_sustained,generator,121_NUCLEAR_1,bounded,continuous,189.729166667,0,820.615805572,99.999999999,0,true,true,false,constraint_violation,0.968231343,307,1.080050764,210,0.030050764,0.987053529,C10,55.51148769,113_PV_1,179.16708575,113_PV_1,0,113,113_PV_1,99,4222.065452667,4277.576940357,55.51148769
1,poi_bus_120,120,Attila,unity,1,9,2020-01-01T09:00:00+00:00,22,generator_213_CC_3_sustained,generator,213_CC_3,bounded,continuous,189.729166667,0,820.615805572,-100,0.000000001,true,true,false,constraint_violation,0.928353948,307,1.082968973,210,0.032968973,0.922041079,C10,14.380457466,113_PV_1,198.685274173,113_PV_1,0,113,113_PV_1,100,4222.065452667,4303.045910133,80.980457466
1,poi_bus_120,120,Attila,unity,1,9,2020-01-01T09:00:00+00:00,23,generator_313_CC_1_sustained,generator,313_CC_1,bounded,continuous,189.729166667,0,820.615805572,-100,0,true,true,false,constraint_violation,0.933395241,307,1.080622712,210,0.030622712,0.933092791,C10,10.693461538,113_PV_1,199.415975537,113_PV_1,0,113,113_PV_1,100,4222.065452667,4299.358914205,77.293461538
1,poi_bus_120,120,Attila,unity,1,10,2020-01-01T10:00:00+00:00,0,normal,normal,,base,continuous,188.833333333,0,818.733972168,-100,0.000000001,true,true,false,constraint_violation,0.962684769,307,1.083910571,210,0.033910571,0.992331019,C10,67.104657057,113_PV_1,208.217185928,113_PV_1,0,113,113_PV_1,100,4211.922679333,4279.02733639,67.104657057
1,poi_bus_120,120,Attila,unity,1,10,2020-01-01T10:00:00+00:00,1,branch_A11_immediate,branch,A11,fixed,short_term,188.833333333,0,818.733972168,-100,0,true,true,false,constraint_violation,0.962359648,307,1.08378112,210,0.03378112,0.868344916,C10,66.976630572,113_PV_1,209.315333503,113_PV_1,0,113,113_PV_1,100,4211.922679333,4278.899309905,66.976630572
1,poi_bus_120,120,Attila,unity,1,10,2020-01-01T10:00:00+00:00,2,branch_A11_sustained,branch,A11,bounded,continuous,188.833333333,0,818.733972168,100,0.000000001,true,true,false,constraint_violation,0.924057633,307,1.081946998,210,0.031946998,0.93313008,C10,63.082738639,113_PV_1,188.599415959,113_PV_1,0,113,113_PV_1,100,4211.922679333,4275.005417972,63.082738639
1,poi_bus_120,120,Attila,unity,1,10,2020-01-01T10:00:00+00:00,3,branch_A12-1_immediate,branch,A12-1,fixed,short_term,188.833333333,0,818.733972168,-100,0.000000001,true,true,false,constraint_violation,0.962549195,307,1.083595735,210,0.033595735,0.868319138,C10,68.966086858,113_PV_1,205.754337626,113_PV_1,0,113,113_PV_1,100,4211.922679333,4280.888766191,68.966086858
1,poi_bus_120,120,Attila,unity,1,10,2020-01-01T10:00:00+00:00,4,branch_A12-1_sustained,branch,A12-1,bounded,continuous,188.833333333,0,818.733972168,-100,0.000000001,true,true,false,constraint_violation,0.93274639,307,1.083870053,210,0.033870053,0.944909613,C10,79.163733375,113_PV_1,196.02226973,113_PV_1,0,113,113_PV_1,100,4211.922679333,4291.086412708,79.163733375
1,poi_bus_120,120,Attila,unity,1,10,2020-01-01T10:00:00+00:00,5,branch_A34_immediate,branch,A34,fixed,short_term,188.833333333,0,818.733972168,-100,0.000000002,true,true,false,constraint_violation,0.962722254,307,1.083916804,210,0.033916804,0.868279621,C10,67.638505966,113_PV_1,208.244150838,113_PV_1,0,113,113_PV_1,100,4211.922679333,4279.561185299,67.638505966
1,poi_bus_120,120,Attila,unity,1,10,2020-01-01T10:00:00+00:00,6,branch_A34_sustained,branch,A34,bounded,continuous,188.833333333,0,818.733972168,-100,0.000000001,true,true,false,constraint_violation,0.896334517,307,1.083951758,210,0.053665483,0.905000024,A10,114.877101258,113_PV_1,271.100390597,316_STEAM_1,0,113,113_PV_1,100,4211.922679333,4326.799780591,114.877101258
1,poi_bus_120,120,Attila,unity,1,10,2020-01-01T10:00:00+00:00,7,branch_B12-1_immediate,branch,B12-1,fixed,short_term,188.833333333,0,818.733972168,-100,0.000000001,true,true,false,constraint_violation,0.939947101,207,1.070320208,210,0.020320208,0.868296955,C10,71.739883864,113_PV_1,208.675821769,113_PV_1,0,113,113_PV_1,100,4211.922679333,4283.662563197,71.739883864
1,poi_bus_120,120,Attila,unity,1,10,2020-01-01T10:00:00+00:00,8,branch_B12-1_sustained,branch,B12-1,bounded,continuous,188.833333333,0,818.733972168,-100,0,true,true,false,constraint_violation,0.878255938,307,1.068279458,210,0.071744062,1.062046089,CA-1,144.371591025,113_PV_1,363.82121029,316_STEAM_1,0,113,113_PV_1,100,4211.922679333,4356.294270358,144.371591025
1,poi_bus_120,120,Attila,unity,1,10,2020-01-01T10:00:00+00:00,9,branch_B22_immediate,branch,B22,fixed,short_term,188.833333333,0,818.733972168,-100,0.000000001,true,true,false,constraint_violation,0.962980263,307,1.077386115,210,0.027386115,0.868184161,C10,73.495076819,113_PV_1,207.398957671,113_PV_1,0,113,113_PV_1,100,4211.922679333,4285.417756152,73.495076819
1,poi_bus_120,120,Attila,unity,1,10,2020-01-01T10:00:00+00:00,10,branch_B22_sustained,branch,B22,bounded,continuous,188.833333333,0,818.733972168,100.000000001,0.000000001,true,true,false,constraint_violation,0.941585417,307,1.077795808,210,0.027795808,0.951223261,C10,64.603721809,113_PV_1,181.96249142,113_PV_1,0,113,113_PV_1,100,4211.922679333,4276.526401142,64.603721809
1,poi_bus_120,120,Attila,unity,1,10,2020-01-01T10:00:00+00:00,11,branch_B6_immediate,branch,B6,fixed,short_term,188.833333333,0,818.733972168,-100,0,true,true,false,constraint_violation,0.962621594,307,1.085706779,210,0.035706779,0.868304649,C10,67.004367164,113_PV_1,207.424065975,113_PV_1,0,113,113_PV_1,100,4211.922679333,4278.927046497,67.004367164
1,poi_bus_120,120,Attila,unity,1,10,2020-01-01T10:00:00+00:00,12,branch_B6_sustained,branch,B6,bounded,continuous,188.833333333,0,818.733972168,-100,0,true,true,false,constraint_violation,0.8777534,307,1.083422111,210,0.0722466,1.067430895,CA-1,140.097345847,113_PV_1,364.480806697,316_STEAM_1,0,113,113_PV_1,100,4211.922679333,4352.02002518,140.097345847
1,poi_bus_120,120,Attila,unity,1,10,2020-01-01T10:00:00+00:00,13,branch_C12-1_immediate,branch,C12-1,fixed,short_term,188.833333333,0,818.733972168,-100,0,true,true,false,constraint_violation,0.852235472,307,1.083922016,210,0.097764528,0.817274434,C10,72.871715964,113_PV_1,208.766820755,113_PV_1,0,113,113_PV_1,100,4211.922679333,4284.794395297,72.871715964
1,poi_bus_120,120,Attila,unity,1,10,2020-01-01T10:00:00+00:00,14,branch_C12-1_sustained,branch,C12-1,bounded,continuous,188.833333333,0,818.733972168,-100,0,true,true,false,constraint_violation,0.6755699,307,1.081699244,210,0.2744301,1.0845206,CA-1,157.338790812,113_PV_1,414.975102087,316_STEAM_1,0,113,113_PV_1,100,4211.922679333,4369.261470145,157.338790812
1,poi_bus_120,120,Attila,unity,1,10,2020-01-01T10:00:00+00:00,15,branch_C27_immediate,branch,C27,fixed,short_term,188.833333333,0,818.733972168,-100,0,true,true,false,constraint_violation,0.962725984,307,1.083883195,210,0.033883195,0.867532503,C10,67.485030001,113_PV_1,208.553318447,113_PV_1,0,113,113_PV_1,100,4211.922679333,4279.407709334,67.485030001
1,poi_bus_120,120,Attila,unity,1,10,2020-01-01T10:00:00+00:00,16,branch_C27_sustained,branch,C27,bounded,continuous,188.833333333,0,818.733972168,-100,0,true,true,false,constraint_violation,0.923829955,307,1.082922387,210,0.032922387,0.905526706,C10,66.296966867,113_PV_1,212.610082359,113_PV_1,0,113,113_PV_1,100,4211.922679333,4278.2196462,66.296966867
1,poi_bus_120,120,Attila,unity,1,10,2020-01-01T10:00:00+00:00,17,branch_C6_immediate,branch,C6,fixed,short_term,188.833333333,0,818.733972168,-100,0.000000001,true,true,false,constraint_violation,0.961186849,307,1.083916897,210,0.033916897,0.873333968,C10,67.451840649,113_PV_1,208.18761179,113_PV_1,0,113,113_PV_1,100,4211.922679333,4279.374519982,67.451840649
1,poi_bus_120,120,Attila,unity,1,10,2020-01-01T10:00:00+00:00,18,branch_C6_sustained,branch,C6,bounded,continuous,188.833333333,0,818.733972168,-99.999999999,0.000000001,true,true,false,constraint_violation,0.918738438,307,1.083777803,210,0.033777803,0.920004726,C10,17.262552125,113_PV_1,193.386782532,113_PV_1,0,113,113_PV_1,100,4211.922679333,4296.285231458,84.362552125
1,poi_bus_120,120,Attila,unity,1,10,2020-01-01T10:00:00+00:00,19,branch_CA-1_immediate,branch,CA-1,fixed,short_term,188.833333333,0,818.733972168,-100,0,true,true,false,constraint_violation,0.958786366,307,1.083969991,210,0.033969991,0.863268142,C10,67.501437056,113_PV_1,207.547240376,113_PV_1,0,113,113_PV_1,100,4211.922679333,4279.424116389,67.501437056
1,poi_bus_120,120,Attila,unity,1,10,2020-01-01T10:00:00+00:00,20,branch_CA-1_sustained,branch,CA-1,bounded,continuous,188.833333333,0,818.733972168,100,0.000000001,true,true,false,constraint_violation,0.918451493,307,1.081236161,210,0.031548507,1.12435947,CB-1,128.407185582,113_PV_1,259.974073264,316_STEAM_1,0,113,113_PV_1,100,4211.922679333,4340.329864915,128.407185582
1,poi_bus_120,120,Attila,unity,1,10,2020-01-01T10:00:00+00:00,21,generator_121_NUCLEAR_1_sustained,generator,121_NUCLEAR_1,bounded,continuous,188.833333333,0,818.733972168,-100,0,true,true,false,constraint_violation,0.938104662,307,1.082103673,210,0.032103673,0.937300512,C10,53.073156252,113_PV_1,210.889839242,113_PV_1,0,113,113_PV_1,99,4211.922679333,4264.995835585,53.073156252
1,poi_bus_120,120,Attila,unity,1,10,2020-01-01T10:00:00+00:00,22,generator_213_CC_3_sustained,generator,213_CC_3,bounded,continuous,188.833333333,0,818.733972168,-99.999999999,0.000000001,true,true,false,constraint_violation,0.92938087,307,1.08283497,210,0.03283497,0.916323012,C10,59.126719567,113_PV_1,216.137977264,113_PV_1,0,113,113_PV_1,100,4211.922679333,4271.0493989,59.126719567
1,poi_bus_120,120,Attila,unity,1,10,2020-01-01T10:00:00+00:00,23,generator_313_CC_1_sustained,generator,313_CC_1,bounded,continuous,188.833333333,0,818.733972168,-99.999999999,0.000000001,true,true,false,constraint_violation,0.930704466,307,1.084370605,210,0.034370605,0.933860508,C10,64.768174963,113_PV_1,210.610868193,113_PV_1,0,113,113_PV_1,100,4211.922679333,4276.690854296,64.768174963
1,poi_bus_120,120,Attila,unity,1,11,2020-01-01T11:00:00+00:00,0,normal,normal,,base,continuous,188.145833333,0,816.889884961,-99.999999999,0.000000001,true,true,false,constraint_violation,0.96750061,307,1.084367194,210,0.034367194,0.992793277,C10,63.052346978,113_PV_1,209.430875861,113_PV_1,0,113,113_PV_1,100,4202.173716333,4265.226063311,63.052346978
1,poi_bus_120,120,Attila,unity,1,11,2020-01-01T11:00:00+00:00,1,branch_A11_immediate,branch,A11,fixed,short_term,188.145833333,0,816.889884961,-100,0,true,true,false,constraint_violation,0.96711226,307,1.08427304,210,0.03427304,0.868669798,C10,62.874824002,113_PV_1,210.494184732,113_PV_1,0,113,113_PV_1,100,4202.173716333,4265.048540335,62.874824002
1,poi_bus_120,120,Attila,unity,1,11,2020-01-01T11:00:00+00:00,2,branch_A11_sustained,branch,A11,bounded,continuous,188.145833333,0,816.889884961,-100,0,true,true,false,constraint_violation,0.883221502,307,1.082776628,210,0.066778498,0.939261096,CA-1,121.714114788,113_PV_1,308.647199121,316_STEAM_1,0,113,113_PV_1,100,4202.173716333,4323.887831121,121.714114788
1,poi_bus_120,120,Attila,unity,1,11,2020-01-01T11:00:00+00:00,3,branch_A12-1_immediate,branch,A12-1,fixed,short_term,188.145833333,0,816.889884961,-100,0.000000001,true,true,false,constraint_violation,0.967340414,307,1.084077481,210,0.034077481,0.868689393,C10,64.818579076,113_PV_1,207.007104552,113_PV_1,0,113,113_PV_1,100,4202.173716333,4266.992295409,64.818579076
1,poi_bus_120,120,Attila,unity,1,11,2020-01-01T11:00:00+00:00,4,branch_A12-1_sustained,branch,A12-1,bounded,continuous,188.145833333,0,816.889884961,-100,0.000000002,true,true,false,constraint_violation,0.896445558,307,1.084626595,210,0.053554442,0.908906508,A10,112.928525952,113_PV_1,250.838863527,316_STEAM_1,0,113,113_PV_1,100,4202.173716333,4315.102242285,112.928525952
1,poi_bus_120,120,Attila,unity,1,11,2020-01-01T11:00:00+00:00,5,branch_A34_immediate,branch,A34,fixed,short_term,188.145833333,0,816.889884961,-100,0.000000001,true,true,false,constraint_violation,0.967498816,307,1.084366965,210,0.034366965,0.86869411,C10,63.052450005,113_PV_1,209.432277222,113_PV_1,0,113,113_PV_1,100,4202.173716333,4265.226166338,63.052450005
1,poi_bus_120,120,Attila,unity,1,11,2020-01-01T11:00:00+00:00,6,branch_A34_sustained,branch,A34,bounded,continuous,188.145833333,0,816.889884961,-99.999999999,0.000000001,true,true,false,constraint_violation,0.935090338,307,1.083577618,210,0.033577618,0.93447209,C10,74.99857303,113_PV_1,206.168416003,113_PV_1,0,113,113_PV_1,100,4202.173716333,4277.172289363,74.99857303
1,poi_bus_120,120,Attila,unity,1,11,2020-01-01T11:00:00+00:00,7,branch_B12-1_immediate,branch,B12-1,fixed,short_term,188.145833333,0,816.889884961,-100,0,true,true,false,constraint_violation,0.94196377,207,1.071012821,210,0.021012821,0.868693777,C10,67.596823884,113_PV_1,209.882334957,113_PV_1,0,113,113_PV_1,100,4202.173716333,4269.770540217,67.596823884
1,poi_bus_120,120,Attila,unity,1,11,2020-01-01T11:00:00+00:00,8,branch_B12-1_sustained,branch,B12-1,bounded,continuous,188.145833333,0,816.889884961,-100,0.000000002,true,true,false,constraint_violation,0.927209062,307,1.069216033,210,0.022790938,0.934975984,C10,0,101_STEAM_3,204.186360638,113_PV_1,0,113,113_PV_1,100,4202.173716333,4266.662941733,64.4892254
1,poi_bus_120,120,Attila,unity,1,11,2020-01-01T11:00:00+00:00,9,branch_B22_immediate,branch,B22,fixed,short_term,188.145833333,0,816.889884961,-100,0.000000002,true,true,false,constraint_violation,0.967855273,307,1.078005415,210,0.028005415,0.868671988,C10,69.229318092,113_PV_1,208.629669745,113_PV_1,0,113,113_PV_1,100,4202.173716333,4271.403034425,69.229318092
1,poi_bus_120,120,Attila,unity,1,11,2020-01-01T11:00:00+00:00,10,branch_B22_sustained,branch,B22,bounded,continuous,188.145833333,0,816.889884961,-100.000000001,0,true,true,false,constraint_violation,0.93510037,307,1.077602305,210,0.027602305,0.94730671,C10,63.728544446,113_PV_1,214.615460261,113_PV_1,0,113,113_PV_1,100,4202.173716333,4265.902260779,63.728544446
1,poi_bus_120,120,Attila,unity,1,11,2020-01-01T11:00:00+00:00,11,branch_B6_immediate,branch,B6,fixed,short_term,188.145833333,0,816.889884961,-100,0,true,true,false,constraint_violation,0.967421785,307,1.086155704,210,0.036155704,0.8686928,C10,62.957325501,113_PV_1,208.656979546,113_PV_1,0,113,113_PV_1,100,4202.173716333,4265.131041834,62.957325501
1,poi_bus_120,120,Attila,unity,1,11,2020-01-01T11:00:00+00:00,12,branch_B6_sustained,branch,B6,bounded,continuous,188.145833333,0,816.889884961,-100,0.000000001,true,true,false,constraint_violation,0.92971699,307,1.083885511,210,0.033885511,0.936823476,C10,55.182752927,113_PV_1,217.0429396,113_PV_1,0,113,113_PV_1,100,4202.173716333,4257.35646926,55.182752927
1,poi_bus_120,120,Attila,unity,1,11,2020-01-01T11:00:00+00:00,13,branch_C12-1_immediate,branch,C12-1,fixed,short_term,188.145833333,0,816.889884961,-100,0,true,true,false,constraint_violation,0.855741841,307,1.084378269,210,0.094258159,0.81575765,C10,68.968195004,113_PV_1,209.990727706,113_PV_1,0,113,113_PV_1,100,4202.173716333,4271.141911337,68.968195004
1,poi_bus_120,120,Attila,unity,1,11,2020-01-01T11:00:00+00:00,14,branch_C12-1_sustained,branch,C12-1,bounded,continuous,188.145833333,0,816.889884961,-100,0,true,true,false,constraint_violation,0.752943091,307,1.082435104,210,0.197056909,0.871897422,A10,92.794854946,113_PV_1,238.213194356,316_STEAM_1,0,113,113_PV_1,100,4202.173716333,4294.968571279,92.794854946
1,poi_bus_120,120,Attila,unity,1,11,2020-01-01T11:00:00+00:00,15,branch_C27_immediate,branch,C27,fixed,short_term,188.145833333,0,816.889884961,-100,0.000000001,true,true,false,constraint_violation,0.96749883,307,1.08437552,210,0.03437552,0.868948656,C10,63.101933222,113_PV_1,209.337716646,113_PV_1,0,113,113_PV_1,100,4202.173716333,4265.275649555,63.101933222
1,poi_bus_120,120,Attila,unity,1,11,2020-01-01T11:00:00+00:00,16,branch_C27_sustained,branch,C27,bounded,continuous,188.145833333,0,816.889884961,100,0.000000001,true,true,false,constraint_violation,0.938179372,307,1.082048106,210,0.032048106,0.948506692,C10,58.647228828,113_PV_1,193.150777263,113_PV_1,0,113,113_PV_1,100,4202.173716333,4260.820945161,58.647228828
1,poi_bus_120,120,Attila,unity,1,11,2020-01-01T11:00:00+00:00,17,branch_C6_immediate,branch,C6,fixed,short_term,188.145833333,0,816.889884961,-99.999999999,0,true,true,false,constraint_violation,0.965087445,307,1.084372157,210,0.034372157,0.872767994,C10,63.34896348,113_PV_1,209.407053761,113_PV_1,0,113,113_PV_1,100,4202.173716333,4265.522679813,63.34896348
1,poi_bus_120,120,Attila,unity,1,11,2020-01-01T11:00:00+00:00,18,branch_C6_sustained,branch,C6,bounded,continuous,188.145833333,0,816.889884961,-99.999999999,0.000000001,true,true,false,constraint_violation,0.92953907,307,1.082345155,210,0.032345155,0.919661344,C10,0,101_STEAM_3,202.755704905,113_PV_1,0,113,113_PV_1,100,4202.173716333,4259.432790979,57.259074646
1,poi_bus_120,120,Attila,unity,1,11,2020-01-01T11:00:00+00:00,19,branch_CA-1_immediate,branch,CA-1,fixed,short_term,188.145833333,0,816.889884961,-99.999999999,0.000000001,true,true,false,constraint_violation,0.964560301,307,1.084482262,210,0.034482262,0.863966733,C10,64.212668944,113_PV_1,207.908023453,113_PV_1,0,113,113_PV_1,100,4202.173716333,4266.386385277,64.212668944
1,poi_bus_120,120,Attila,unity,1,11,2020-01-01T11:00:00+00:00,20,branch_CA-1_sustained,branch,CA-1,bounded,continuous,188.145833333,0,816.889884961,-100,0,true,true,false,constraint_violation,0.915279521,307,1.083507984,210,0.034720479,1.168353081,CB-1,163.006343044,113_PV_1,277.132897908,316_STEAM_1,0,113,113_PV_1,100,4202.173716333,4365.180059377,163.006343044
1,poi_bus_120,120,Attila,unity,1,11,2020-01-01T11:00:00+00:00,21,generator_121_NUCLEAR_1_sustained,generator,121_NUCLEAR_1,bounded,continuous,188.145833333,0,816.889884961,-100,0.000000001,true,true,false,constraint_violation,0.937411733,307,1.081794172,210,0.031794172,0.945536124,C10,60.561528539,113_PV_1,210.158494487,113_PV_1,0,113,113_PV_1,99,4202.173716333,4262.735244872,60.561528539
1,poi_bus_120,120,Attila,unity,1,11,2020-01-01T11:00:00+00:00,22,generator_213_CC_3_sustained,generator,213_CC_3,bounded,continuous,188.145833333,0,816.889884961,100,0.000000001,true,true,false,constraint_violation,0.9254943,307,1.084224611,210,0.034224611,0.925353868,C10,0,101_STEAM_3,178.720764843,113_PV_1,0,113,113_PV_1,100,4202.173716333,4265.627969783,63.45425345
1,poi_bus_120,120,Attila,unity,1,11,2020-01-01T11:00:00+00:00,23,generator_313_CC_1_sustained,generator,313_CC_1,bounded,continuous,188.145833333,0,816.889884961,-99.999999999,0.000000001,true,true,false,constraint_violation,0.922252285,307,1.083765056,210,0.033765056,0.920910613,C10,67.071832873,113_PV_1,213.283444583,113_PV_1,0,113,113_PV_1,100,4202.173716333,4269.245549206,67.071832873
1,poi_bus_120,120,Attila,unity,1,12,2020-01-01T12:00:00+00:00,0,normal,normal,,base,continuous,187.125,0,810.127122204,-100,0,true,true,false,constraint_violation,0.966473147,307,1.084423381,210,0.034423381,0.987336918,C10,62.717536125,113_PV_1,209.981696015,113_PV_1,0,113,113_PV_1,100,4167.922066,4230.639602125,62.717536125
1,poi_bus_120,120,Attila,unity,1,12,2020-01-01T12:00:00+00:00,1,branch_A11_immediate,branch,A11,fixed,short_term,187.125,0,810.127122204,-99.999999999,0,true,true,false,constraint_violation,0.96601115,307,1.084381851,210,0.034381851,0.863828539,C10,62.496098686,113_PV_1,210.873949568,113_PV_1,0,113,113_PV_1,100,4167.922066,4230.418164686,62.496098686
1,poi_bus_120,120,Attila,unity,1,12,2020-01-01T12:00:00+00:00,2,branch_A11_sustained,branch,A11,bounded,continuous,187.125,0,810.127122204,-100,0.000000001,true,true,false,constraint_violation,0.943328915,307,1.081910777,210,0.031910777,0.936203113,C10,0,101_STEAM_3,210.406680088,113_PV_1,0,113,113_PV_1,100,4167.922066,4226.586521093,58.664455093
1,poi_bus_120,120,Attila,unity,1,12,2020-01-01T12:00:00+00:00,3,branch_A12-1_immediate,branch,A12-1,fixed,short_term,187.125,0,810.127122204,-100,0.000000003,true,true,false,constraint_violation,0.966287658,307,1.084162986,210,0.034162986,0.863888175,C10,64.44436897,113_PV_1,207.479039546,113_PV_1,0,113,113_PV_1,100,4167.922066,4232.36643497,64.44436897
1,poi_bus_120,120,Attila,unity,1,12,2020-01-01T12:00:00+00:00,4,branch_A12-1_sustained,branch,A12-1,bounded,continuous,187.125,0,810.127122204,-100,0,true,true,false,constraint_violation,0.935069386,307,1.083955094,210,0.033955094,0.947076827,C10,0,101_STEAM_3,202.721186333,113_PV_1,0,113,113_PV_1,100,4167.922066,4228.434599968,60.512533968
1,poi_bus_120,120,Attila,unity,1,12,2020-01-01T12:00:00+00:00,5,branch_A34_immediate,branch,A34,fixed,short_term,187.125,0,810.127122204,-100,0.000000001,true,true,false,constraint_violation,0.966470964,307,1.084423165,210,0.034423165,0.863919474,C10,62.71762173,113_PV_1,209.983365096,113_PV_1,0,113,113_PV_1,100,4167.922066,4230.63968773,62.71762173
1,poi_bus_120,120,Attila,unity,1,12,2020-01-01T12:00:00+00:00,6,branch_A34_sustained,branch,A34,bounded,continuous,187.125,0,810.127122204,-100,0.000000002,true,true,false,constraint_violation,0.882132783,307,1.082055535,210,0.067867217,0.985643783,CA-1,131.922459383,113_PV_1,342.301830132,316_STEAM_1,0,113,113_PV_1,100,4167.922066,4299.844525383,131.922459383
1,poi_bus_120,120,Attila,unity,1,12,2020-01-01T12:00:00+00:00,7,branch_B12-1_immediate,branch,B12-1,fixed,short_term,187.125,0,810.127122204,-100,0,true,true,false,constraint_violation,0.941879917,207,1.071062167,210,0.021062167,0.86391345,C10,67.280433872,113_PV_1,210.428350298,113_PV_1,0,113,113_PV_1,100,4167.922066,4235.202499872,67.280433872
1,poi_bus_120,120,Attila,unity,1,12,2020-01-01T12:00:00+00:00,8,branch_B12-1_sustained,branch,B12-1,bounded,continuous,187.125,0,810.127122204,-100,0.000000001,true,true,false,constraint_violation,0.893138085,307,1.071607626,210,0.056861915,0.907837837,A10,121.505545179,113_PV_1,274.109260966,316_STEAM_1,0,113,113_PV_1,100,4167.922066,4289.427611179,121.505545179
1,poi_bus_120,120,Attila,unity,1,12,2020-01-01T12:00:00+00:00,9,branch_B22_immediate,branch,B22,fixed,short_term,187.125,0,810.127122204,-100,0,true,true,false,constraint_violation,0.966877624,307,1.078135753,210,0.028135753,0.863960836,C10,68.69506464,113_PV_1,209.140281985,113_PV_1,0,113,113_PV_1,100,4167.922066,4236.61713064,68.69506464
1,poi_bus_120,120,Attila,unity,1,12,2020-01-01T12:00:00+00:00,10,branch_B22_sustained,branch,B22,bounded,continuous,187.125,0,810.127122204,-100,0.000000001,true,true,false,constraint_violation,0.921912749,307,1.078672216,210,0.028672216,0.930714764,C10,75.843989013,113_PV_1,213.880678931,113_PV_1,0,113,113_PV_1,100,4167.922066,4243.766055013,75.843989013
1,poi_bus_120,120,Attila,unity,1,12,2020-01-01T12:00:00+00:00,11,branch_B6_immediate,branch,B6,fixed,short_term,187.125,0,810.127122204,-100,0.000000001,true,true,false,constraint_violation,0.966373606,307,1.086203831,210,0.036203831,0.863903727,C10,62.637061738,113_PV_1,209.257642212,113_PV_1,0,113,113_PV_1,100,4167.922066,4230.559127738,62.637061738
1,poi_bus_120,120,Attila,unity,1,12,2020-01-01T12:00:00+00:00,12,branch_B6_sustained,branch,B6,bounded,continuous,187.125,0,810.127122204,-100,0,true,true,false,constraint_violation,0.924959868,307,1.084092843,210,0.034092843,0.922129887,C10,60.094378374,113_PV_1,211.614118625,113_PV_1,0,113,113_PV_1,100,4167.922066,4234.294378374,66.372312374
1,poi_bus_120,120,Attila,unity,1,12,2020-01-01T12:00:00+00:00,13,branch_C12-1_immediate,branch,C12-1,fixed,short_term,187.125,0,810.127122204,-100,0.000000001,true,true,false,constraint_violation,0.856135197,307,1.084433236,210,0.093864803,0.812361693,C10,68.572041579,113_PV_1,210.529282293,113_PV_1,0,113,113_PV_1,100,4167.922066,4236.494107579,68.572041579
1,poi_bus_120,120,Attila,unity,1,12,2020-01-01T12:00:00+00:00,14,branch_C12-1_sustained,branch,C12-1,bounded,continuous,187.125,0,810.127122204,-100,0.000000001,true,true,false,constraint_violation,0.707753573,307,1.084258359,210,0.242246427,0.912032366,CA-1,134.378071439,113_PV_1,335.169850097,316_STEAM_1,0,113,113_PV_1,100,4167.922066,4302.300137439,134.378071439
1,poi_bus_120,120,Attila,unity,1,12,2020-01-01T12:00:00+00:00,15,branch_C27_immediate,branch,C27,fixed,short_term,187.125,0,810.127122204,-100,0.000000001,true,true,false,constraint_violation,0.966481772,307,1.084433406,210,0.034433406,0.864280901,C10,62.808292705,113_PV_1,209.843524683,113_PV_1,0,113,113_PV_1,100,4167.922066,4230.730358705,62.808292705
1,poi_bus_120,120,Attila,unity,1,12,2020-01-01T12:00:00+00:00,16,branch_C27_sustained,branch,C27,bounded,continuous,187.125,0,810.127122204,-100,0,true,true,false,constraint_violation,0.933818432,307,1.081823235,210,0.031823235,0.912736528,A10,73.944388441,113_PV_1,210.753343734,113_PV_1,0,113,113_PV_1,100,4167.922066,4241.866454441,73.944388441
1,poi_bus_120,120,Attila,unity,1,12,2020-01-01T12:00:00+00:00,17,branch_C6_immediate,branch,C6,fixed,short_term,187.125,0,810.127122204,-100,0,true,true,false,constraint_violation,0.96282894,307,1.084424453,210,0.034424453,0.862776149,C10,62.828366828,113_PV_1,209.979231135,113_PV_1,0,113,113_PV_1,100,4167.922066,4230.750432828,62.828366828
1,poi_bus_120,120,Attila,unity,1,12,2020-01-01T12:00:00+00:00,18,branch_C6_sustained,branch,C6,bounded,continuous,187.125,0,810.127122204,-100,0.000000001,true,true,false,constraint_violation,0.928170442,307,1.08473567,210,0.03473567,0.907647759,C10,64.01791903,113_PV_1,212.789408642,113_PV_1,0,113,113_PV_1,100,4167.922066,4231.93998503,64.01791903
1,poi_bus_120,120,Attila,unity,1,12,2020-01-01T12:00:00+00:00,19,branch_CA-1_immediate,branch,CA-1,fixed,short_term,187.125,0,810.127122204,-100,0.000000001,true,true,false,constraint_violation,0.964384631,307,1.084577451,210,0.034577451,0.859059787,C10,65.634868554,113_PV_1,206.992440704,113_PV_1,0,113,113_PV_1,100,4167.922066,4233.556934554,65.634868554
1,poi_bus_120,120,Attila,unity,1,12,2020-01-01T12:00:00+00:00,20,branch_CA-1_sustained,branch,CA-1,bounded,continuous,187.125,0,810.127122204,11.188864001,0,true,true,false,constraint_violation,0.928406635,307,1.084350303,210,0.034350303,1.157511399,CB-1,138.89254683,113_PV_1,254.388145657,316_STEAM_1,0,113,113_PV_1,100,4167.922066,4306.81461283,138.89254683
1,poi_bus_120,120,Attila,unity,1,12,2020-01-01T12:00:00+00:00,21,generator_121_NUCLEAR_1_sustained,generator,121_NUCLEAR_1,bounded,continuous,187.125,0,810.127122204,-100,0,true,true,false,constraint_violation,0.936684145,307,1.082114655,210,0.032114655,0.946194435,C10,67.691197861,113_PV_1,208.641013206,113_PV_1,0,113,113_PV_1,99,4167.922066,4235.613263861,67.691197861
1,poi_bus_120,120,Attila,unity,1,12,2020-01-01T12:00:00+00:00,22,generator_213_CC_3_sustained,generator,213_CC_3,bounded,continuous,187.125,0,810.127122204,-99.999999999,0.000000002,true,true,false,constraint_violation,0.945569172,307,1.082273685,210,0.032273685,0.939647624,C10,61.222687891,113_PV_1,209.646998639,113_PV_1,0,113,113_PV_1,100,4167.922066,4229.144753891,61.222687891
1,poi_bus_120,120,Attila,unity,1,12,2020-01-01T12:00:00+00:00,23,generator_313_CC_1_sustained,generator,313_CC_1,bounded,continuous,187.125,0,810.127122204,100,0,true,true,false,constraint_violation,0.948883696,307,1.081776683,210,0.031776683,0.93979769,C10,0,101_STEAM_3,181.947577933,113_PV_1,0,113,113_PV_1,100,4167.922066,4224.340138847,56.418072847
1,poi_bus_120,120,Attila,unity,1,13,2020-01-01T13:00:00+00:00,0,normal,normal,,base,continuous,182.645833333,0,805.598865614,-100,0.000000001,true,true,false,constraint_violation,0.962235719,307,1.084898955,210,0.034898955,0.977907978,C10,58.679894395,113_PV_1,212.186837666,113_PV_1,0,113,113_PV_1,101,4141.191983333,4199.871877728,58.679894395
1,poi_bus_120,120,Attila,unity,1,13,2020-01-01T13:00:00+00:00,1,branch_A11_immediate,branch,A11,fixed,short_term,182.645833333,0,805.598865614,-100,0.000000001,true,true,false,constraint_violation,0.961950413,307,1.084800993,210,0.034800993,0.855764773,C10,58.489438268,113_PV_1,213.196038308,113_PV_1,0,113,113_PV_1,101,4141.191983333,4199.681421601,58.489438268
1,poi_bus_120,120,Attila,unity,1,13,2020-01-01T13:00:00+00:00,2,branch_A11_sustained,branch,A11,bounded,continuous,182.645833333,0,805.598865614,100,0,true,true,false,constraint_violation,0.924858918,307,1.084113826,210,0.034113826,0.919759563,C10,6.450117157,113_PV_1,172.166483989,113_PV_1,0,113,113_PV_1,101,4141.191983333,4210.94210049,69.750117157
1,poi_bus_120,120,Attila,unity,1,13,2020-01-01T13:00:00+00:00,3,branch_A12-1_immediate,branch,A12-1,fixed,short_term,182.645833333,0,805.598865614,-100,0.000000002,true,true,false,constraint_violation,0.962118385,307,1.084627346,210,0.034627346,0.855714707,C10,60.280778166,113_PV_1,209.900557949,113_PV_1,0,113,113_PV_1,101,4141.191983333,4201.472761499,60.280778166
1,poi_bus_120,120,Attila,unity,1,13,2020-01-01T13:00:00+00:00,4,branch_A12-1_sustained,branch,A12-1,bounded,continuous,182.645833333,0,805.598865614,-100,0.000000002,true,true,false,constraint_violation,0.901778391,307,1.082421203,210,0.048221609,0.912855988,A10,97.938000756,113_PV_1,200.617554398,113_PV_1,0,113,113_PV_1,101,4141.191983333,4239.129984089,97.938000756
1,poi_bus_120,120,Attila,unity,1,13,2020-01-01T13:00:00+00:00,5,branch_A34_immediate,branch,A34,fixed,short_term,182.645833333,0,805.598865614,-100,0,true,true,false,constraint_violation,0.962233451,307,1.084898554,210,0.034898554,0.855670444,C10,58.680832505,113_PV_1,212.188892611,113_PV_1,0,113,113_PV_1,101,4141.191983333,4199.872815838,58.680832505
1,poi_bus_120,120,Attila,unity,1,13,2020-01-01T13:00:00+00:00,6,branch_A34_sustained,branch,A34,bounded,continuous,182.645833333,0,805.598865614,99.999999999,0.000000001,true,true,false,constraint_violation,0.942663181,307,1.085078899,210,0.035078899,0.938921026,C10,5.350898671,113_PV_1,179.328496143,113_PV_1,0,113,113_PV_1,101,4141.191983333,4209.842882004,68.650898671
1,poi_bus_120,120,Attila,unity,1,13,2020-01-01T13:00:00+00:00,7,branch_B12-1_immediate,branch,B12-1,fixed,short_term,182.645833333,0,805.598865614,-100,0.000000001,true,true,false,constraint_violation,0.944989661,207,1.071893803,210,0.021893803,0.855680497,C10,63.063229361,113_PV_1,212.632401086,113_PV_1,0,113,113_PV_1,101,4141.191983333,4204.255212694,63.063229361
1,poi_bus_120,120,Attila,unity,1,13,2020-01-01T13:00:00+00:00,8,branch_B12-1_sustained,branch,B12-1,bounded,continuous,182.645833333,0,805.598865614,-100,0,true,true,false,constraint_violation,0.92089531,307,1.071989628,210,0.02910469,0.925460771,C10,19.503821209,113_PV_1,195.585274241,113_PV_1,0,113,113_PV_1,101,4141.191983333,4223.995804542,82.803821209
1,poi_bus_120,120,Attila,unity,1,13,2020-01-01T13:00:00+00:00,9,branch_B22_immediate,branch,B22,fixed,short_term,182.645833333,0,805.598865614,-100,0.000000001,true,true,false,constraint_violation,0.962507177,307,1.078601474,210,0.028601474,0.855523414,C10,64.936317361,113_PV_1,211.490339751,113_PV_1,0,113,113_PV_1,101,4141.191983333,4206.128300694,64.936317361
1,poi_bus_120,120,Attila,unity,1,13,2020-01-01T13:00:00+00:00,10,branch_B22_sustained,branch,B22,bounded,continuous,182.645833333,0,805.598865614,-99.999999999,0.000000002,true,true,false,constraint_violation,0.912263214,307,1.077840442,210,0.037736786,0.915256565,C10,90.194370951,113_PV_1,202.19519972,113_PV_1,0,113,113_PV_1,101,4141.191983333,4231.386354284,90.194370951
1,poi_bus_120,120,Attila,unity,1,13,2020-01-01T13:00:00+00:00,11,branch_B6_immediate,branch,B6,fixed,short_term,182.645833333,0,805.598865614,-100,0.000000001,true,true,false,constraint_violation,0.962179905,307,1.086649949,210,0.036649949,0.855692146,C10,58.574842265,113_PV_1,211.374610354,113_PV_1,0,113,113_PV_1,101,4141.191983333,4199.766825598,58.574842265
1,poi_bus_120,120,Attila,unity,1,13,2020-01-01T13:00:00+00:00,12,branch_B6_sustained,branch,B6,bounded,continuous,182.645833333,0,805.598865614,100,0,true,true,false,constraint_violation,0.930703189,307,1.08408694,210,0.03408694,0.930426258,C10,55.087066982,113_PV_1,191.683587161,113_PV_1,0,113,113_PV_1,101,4141.191983333,4196.279050315,55.087066982
1,poi_bus_120,120,Attila,unity,1,13,2020-01-01T13:00:00+00:00,13,branch_C12-1_immediate,branch,C12-1,fixed,short_term,182.645833333,0,805.598865614,-99.999999999,0,true,true,false,constraint_violation,0.840836559,307,1.084912231,210,0.109163441,0.799372839,C10,65.391980566,113_PV_1,212.83222512,113_PV_1,0,113,113_PV_1,101,4141.191983333,4206.583963899,65.391980566
1,poi_bus_120,120,Attila,unity,1,13,2020-01-01T13:00:00+00:00,14,branch_C12-1_sustained,branch,C12-1,bounded,continuous,182.645833333,0,805.598865614,-100,0,true,true,false,constraint_violation,0.776696095,307,1.082557842,210,0.173303905,0.913712041,A10,78.235244134,113_PV_1,208.493491849,113_PV_1,0,113,113_PV_1,101,4141.191983333,4219.427227467,78.235244134
1,poi_bus_120,120,Attila,unity,1,13,2020-01-01T13:00:00+00:00,15,branch_C27_immediate,branch,C27,fixed,short_term,182.645833333,0,805.598865614,-100,0.000000001,true,true,false,constraint_violation,0.962177132,307,1.084886783,210,0.034886783,0.855232001,C10,58.745386026,113_PV_1,212.309049888,113_PV_1,0,113,113_PV_1,101,4141.191983333,4199.937369359,58.745386026
1,poi_bus_120,120,Attila,unity,1,13,2020-01-01T13:00:00+00:00,16,branch_C27_sustained,branch,C27,bounded,continuous,182.645833333,0,805.598865614,-100,0,true,true,false,constraint_violation,0.873095339,307,1.082691095,210,0.076904661,1.065210022,CA-1,135.517890797,113_PV_1,268.435823938,316_STEAM_1,0,113,113_PV_1,101,4141.191983333,4276.70987413,135.517890797
1,poi_bus_120,120,Attila,unity,1,13,2020-01-01T13:00:00+00:00,17,branch_C6_immediate,branch,C6,fixed,short_term,182.645833333,0,805.598865614,-100,0.000000001,true,true,false,constraint_violation,0.957236393,307,1.084896642,210,0.034896642,0.84830435,C10,58.821171814,113_PV_1,212.225314162,113_PV_1,0,113,113_PV_1,101,4141.191983333,4200.013155147,58.821171814
1,poi_bus_120,120,Attila,unity,1,13,2020-01-01T13:00:00+00:00,18,branch_C6_sustained,branch,C6,bounded,continuous,182.645833333,0,805.598865614,-100,0.000000002,true,true,false,constraint_violation,0.910958473,307,1.085521198,210,0.039041527,0.93444176,C10,73.788641295,113_PV_1,215.8074963,113_PV_1,0,113,113_PV_1,101,4141.191983333,4214.980624628,73.788641295
1,poi_bus_120,120,Attila,unity,1,13,2020-01-01T13:00:00+00:00,19,branch_CA-1_immediate,branch,CA-1,fixed,short_term,182.645833333,0,805.598865614,-100,0.000000001,true,true,false,constraint_violation,0.959042587,307,1.085045024,210,0.035045024,0.850316347,C10,60.167874058,113_PV_1,210.567837226,113_PV_1,0,113,113_PV_1,101,4141.191983333,4201.359857391,60.167874058
1,poi_bus_120,120,Attila,unity,1,13,2020-01-01T13:00:00+00:00,20,branch_CA-1_sustained,branch,CA-1,bounded,continuous,182.645833333,0,805.598865614,100,0,true,true,false,constraint_violation,0.925180922,307,1.082296419,210,0.032296419,0.917114889,A10,79.393149946,113_PV_1,176.83425868,113_PV_1,0,113,113_PV_1,101,4141.191983333,4220.585133279,79.393149946
1,poi_bus_120,120,Attila,unity,1,13,2020-01-01T13:00:00+00:00,21,generator_121_NUCLEAR_1_sustained,generator,121_NUCLEAR_1,bounded,continuous,182.645833333,0,805.598865614,100,0,true,true,false,constraint_violation,0.933276163,307,1.083296044,210,0.033296044,0.92306024,C10,66.41519076,113_PV_1,186.027107817,113_PV_1,0,113,113_PV_1,100,4141.191983333,4207.607174093,66.41519076
1,poi_bus_120,120,Attila,unity,1,13,2020-01-01T13:00:00+00:00,22,generator_213_CC_3_sustained,generator,213_CC_3,bounded,continuous,182.645833333,0,805.598865614,-100,0.000000002,true,true,false,constraint_violation,0.931604243,307,1.082537261,210,0.032537261,0.925966158,C10,0,101_STEAM_3,211.485991663,113_PV_1,0,113,113_PV_1,101,4141.191983333,4194.111163363,52.91918003
1,poi_bus_120,120,Attila,unity,1,13,2020-01-01T13:00:00+00:00,23,generator_313_CC_1_sustained,generator,313_CC_1,bounded,continuous,182.645833333,0,805.598865614,-100,0.000000001,true,true,false,constraint_violation,0.895837272,307,1.084835334,210,0.054162728,0.905116098,A10,102.112150321,113_PV_1,205.929209781,113_PV_1,0,113,113_PV_1,101,4141.191983333,4243.304133654,102.112150321
1,poi_bus_120,120,Attila,unity,1,14,2020-01-01T14:00:00+00:00,0,normal,normal,,base,continuous,181.333333333,0,799.633003319,-100,0.000000001,true,true,false,constraint_violation,0.945749868,307,1.084651203,210,0.034651203,0.962121536,C10,60.54821916,113_PV_1,210.317887207,113_PV_1,0,113,113_PV_1,101,4110.564470333,4171.112689493,60.54821916
1,poi_bus_120,120,Attila,unity,1,14,2020-01-01T14:00:00+00:00,1,branch_A11_immediate,branch,A11,fixed,short_term,181.333333333,0,799.633003319,-100,0.000000001,true,true,false,constraint_violation,0.945142297,307,1.084823465,210,0.034823465,0.841570365,C10,60.445625074,113_PV_1,211.188732317,113_PV_1,0,113,113_PV_1,101,4110.564470333,4171.010095407,60.445625074
1,poi_bus_120,120,Attila,unity,1,14,2020-01-01T14:00:00+00:00,2,branch_A11_sustained,branch,A11,bounded,continuous,181.333333333,0,799.633003319,100,0.000000002,true,true,false,constraint_violation,0.924408241,307,1.082755879,210,0.032755879,0.926817579,C10,9.293574482,113_PV_1,180.263446692,113_PV_1,0,113,113_PV_1,101,4110.564470333,4174.958044815,64.393574482
1,poi_bus_120,120,Attila,unity,1,14,2020-01-01T14:00:00+00:00,3,branch_A12-1_immediate,branch,A12-1,fixed,short_term,181.333333333,0,799.633003319,-100,0,true,true,false,constraint_violation,0.9454942,307,1.084488364,210,0.034488364,0.841738643,C10,62.111617255,113_PV_1,208.15259693,113_PV_1,0,113,113_PV_1,101,4110.564470333,4172.676087588,62.111617255
1,poi_bus_120,120,Attila,unity,1,14,2020-01-01T14:00:00+00:00,4,branch_A12-1_sustained,branch,A12-1,bounded,continuous,181.333333333,0,799.633003319,-100,0,true,true,false,constraint_violation,0.923298912,307,1.085416489,210,0.035416489,0.922618576,C10,76.8101569,113_PV_1,199.5012669,113_PV_1,0,113,113_PV_1,101,4110.564470333,4187.374627233,76.8101569
1,poi_bus_120,120,Attila,unity,1,14,2020-01-01T14:00:00+00:00,5,branch_A34_immediate,branch,A34,fixed,short_term,181.333333333,0,799.633003319,-100,0.000000001,true,true,false,constraint_violation,0.945756435,307,1.084651459,210,0.034651459,0.841859314,C10,60.553673609,113_PV_1,210.315610644,113_PV_1,0,113,113_PV_1,101,4110.564470333,4171.118143942,60.553673609
1,poi_bus_120,120,Attila,unity,1,14,2020-01-01T14:00:00+00:00,6,branch_A34_sustained,branch,A34,bounded,continuous,181.333333333,0,799.633003319,-100,0.000000001,true,true,false,constraint_violation,0.885705934,307,1.084184592,210,0.064294066,0.902932911,A10,111.440641803,113_PV_1,211.37591999,113_PV_1,0,113,113_PV_1,101,4110.564470333,4222.005112136,111.440641803
1,poi_bus_120,120,Attila,unity,1,14,2020-01-01T14:00:00+00:00,7,branch_B12-1_immediate,branch,B12-1,fixed,short_term,181.333333333,0,799.633003319,-100,0,true,true,false,constraint_violation,0.945647772,207,1.07184805,210,0.02184805,0.841828859,C10,64.788065902,113_PV_1,210.770094069,113_PV_1,0,113,113_PV_1,101,4110.564470333,4175.352536235,64.788065902
1,poi_bus_120,120,Attila,unity,1,14,2020-01-01T14:00:00+00:00,8,branch_B12-1_sustained,branch,B12-1,bounded,continuous,181.333333333,0,799.633003319,100,0.000000001,true,true,false,constraint_violation,0.928011041,307,1.071434269,210,0.021988959,0.916488908,C10,68.724198364,113_PV_1,188.399308455,113_PV_1,0,113,113_PV_1,101,4110.564470333,4179.288668697,68.724198364
1,poi_bus_120,120,Attila,unity,1,14,2020-01-01T14:00:00+00:00,9,branch_B22_immediate,branch,B22,fixed,short_term,181.333333333,0,799.633003319,-100,0.000000001,true,true,false,constraint_violation,0.946320254,307,1.079058211,210,0.029058211,0.842103603,C10,65.204689871,113_PV_1,209.709727909,113_PV_1,0,113,113_PV_1,101,4110.564470333,4175.769160204,65.204689871
1,poi_bus_120,120,Attila,unity,1,14,2020-01-01T14:00:00+00:00,10,branch_B22_sustained,branch,B22,bounded,continuous,181.333333333,0,799.633003319,-100,0,true,true,false,constraint_violation,0.905499446,307,1.078264347,210,0.044500554,0.904300346,C10,79.666423448,113_PV_1,215.772925247,113_PV_1,0,113,113_PV_1,101,4110.564470333,4190.230893781,79.666423448
1,poi_bus_120,120,Attila,unity,1,14,2020-01-01T14:00:00+00:00,11,branch_B6_immediate,branch,B6,fixed,short_term,181.333333333,0,799.633003319,-100,0.000000001,true,true,false,constraint_violation,0.945609852,307,1.086367729,210,0.036367729,0.841792379,C10,60.49461536,113_PV_1,209.534104418,113_PV_1,0,113,113_PV_1,101,4110.564470333,4171.059085693,60.49461536
1,poi_bus_120,120,Attila,unity,1,14,2020-01-01T14:00:00+00:00,12,branch_B6_sustained,branch,B6,bounded,continuous,181.333333333,0,799.633003319,-100,0.000000001,true,true,false,constraint_violation,0.8971244,307,1.08465553,210,0.0528756,0.884873764,C10,90.418353764,113_PV_1,216.310239909,113_PV_1,0,113,113_PV_1,101,4110.564470333,4200.982824097,90.418353764
1,poi_bus_120,120,Attila,unity,1,14,2020-01-01T14:00:00+00:00,13,branch_C12-1_immediate,branch,C12-1,fixed,short_term,181.333333333,0,799.633003319,-99.999999999,0,true,true,false,constraint_violation,0.797658501,307,1.084660509,210,0.152341499,0.783972034,A10,70.094762368,113_PV_1,211.217443709,113_PV_1,0,113,113_PV_1,101,4110.564470333,4180.659232701,70.094762368
1,poi_bus_120,120,Attila,unity,1,14,2020-01-01T14:00:00+00:00,14,branch_C12-1_sustained,branch,C12-1,bounded,continuous,181.333333333,0,799.633003319,-100,0.000000001,true,true,false,constraint_violation,0.730620543,307,1.083296438,210,0.219379457,0.958716331,C13-2,13.177688821,113_PV_1,207.886528333,113_PV_1,0,113,113_PV_1,101,4110.564470333,4178.842159154,68.277688821
1,poi_bus_120,120,Attila,unity,1,14,2020-01-01T14:00:00+00:00,15,branch_C27_immediate,branch,C27,fixed,short_term,181.333333333,0,799.633003319,-100,0.000000001,true,true,false,constraint_violation,0.945525426,307,1.084644755,210,0.034644755,0.84108765,C10,60.660456272,113_PV_1,210.480042745,113_PV_1,0,113,113_PV_1,101,4110.564470333,4171.224926605,60.660456272
1,poi_bus_120,120,Attila,unity,1,14,2020-01-01T14:00:00+00:00,16,branch_C27_sustained,branch,C27,bounded,continuous,181.333333333,0,799.633003319,-100,0,true,true,false,constraint_violation,0.882542252,307,1.085055081,210,0.067457748,0.902900657,A10,111.340964,113_PV_1,211.143079308,113_PV_1,0,113,113_PV_1,101,4110.564470333,4221.905434333,111.340964
1,poi_bus_120,120,Attila,unity,1,14,2020-01-01T14:00:00+00:00,17,branch_C6_immediate,branch,C6,fixed,short_term,181.333333333,0,799.633003319,-100,0,true,true,false,constraint_violation,0.941580915,307,1.084651152,210,0.034651152,0.837986256,C10,60.666811016,113_PV_1,210.333264183,113_PV_1,0,113,113_PV_1,101,4110.564470333,4171.231281349,60.666811016
1,poi_bus_120,120,Attila,unity,1,14,2020-01-01T14:00:00+00:00,18,branch_C6_sustained,branch,C6,bounded,continuous,181.333333333,0,799.633003319,-100,0.000000002,true,true,false,constraint_violation,0.930186705,307,1.085229237,210,0.035229237,0.939013015,C10,63.392739441,113_PV_1,213.166757162,113_PV_1,0,113,113_PV_1,101,4110.564470333,4173.957209774,63.392739441
1,poi_bus_120,120,Attila,unity,1,14,2020-01-01T14:00:00+00:00,19,branch_CA-1_immediate,branch,CA-1,fixed,short_term,181.333333333,0,799.633003319,-100,0,true,true,false,constraint_violation,0.946550745,307,1.084552557,210,0.034552557,0.835270033,C10,80.256020296,113_PV_1,201.589257018,113_PV_1,0,113,113_PV_1,101,4110.564470333,4190.820490629,80.256020296
1,poi_bus_120,120,Attila,unity,1,14,2020-01-01T14:00:00+00:00,20,branch_CA-1_sustained,branch,CA-1,bounded,continuous,181.333333333,0,799.633003319,100,0,true,true,false,constraint_violation,0.946582282,307,1.082356903,210,0.032356903,0.956823614,C10,4.68839268,113_PV_1,179.88085102,113_PV_1,0,113,113_PV_1,101,4110.564470333,4170.352863013,59.78839268
1,poi_bus_120,120,Attila,unity,1,14,2020-01-01T14:00:00+00:00,21,generator_121_NUCLEAR_1_sustained,generator,121_NUCLEAR_1,bounded,continuous,181.333333333,0,799.633003319,-99.999999999,0,true,true,false,constraint_violation,0.934533392,307,1.084683746,210,0.034683746,0.924459177,C10,60.777619292,113_PV_1,208.431042759,113_PV_1,0,113,113_PV_1,100,4110.564470333,4171.342089625,60.777619292
1,poi_bus_120,120,Attila,unity,1,14,2020-01-01T14:00:00+00:00,22,generator_213_CC_3_sustained,generator,213_CC_3,bounded,continuous,181.333333333,0,799.633003319,100.000000001,0,true,true,false,constraint_violation,0.925843803,307,1.08498041,210,0.03498041,0.92616143,C10,70.716990792,113_PV_1,178.408278122,113_PV_1,0,113,113_PV_1,101,4110.564470333,4181.281461125,70.716990792
1,poi_bus_120,120,Attila,unity,1,14,2020-01-01T14:00:00+00:00,23,generator_313_CC_1_sustained,generator,313_CC_1,bounded,continuous,181.333333333,0,799.633003319,-100,0,true,true,false,constraint_violation,0.880257774,307,1.082879606,210,0.069742226,0.937139967,CA-1,116.913248408,113_PV_1,220.59720178,316_STEAM_1,0,113,113_PV_1,101,4110.564470333,4227.477718741,116.913248408
1,poi_bus_120,120,Attila,unity,1,15,2020-01-01T15:00:00+00:00,0,normal,normal,,base,continuous,185.25,0,796.28929986,-100,0,true,true,false,constraint_violation,0.908929212,307,1.083942138,210,0.041070788,0.901039785,A10,84.272515462,113_PV_1,220.276646138,113_PV_1,0,113,113_PV_1,102,4098.05087,4182.323385462,84.272515462
1,poi_bus_120,120,Attila,unity,1,15,2020-01-01T15:00:00+00:00,1,branch_A11_immediate,branch,A11,fixed,short_term,185.25,0,796.28929986,-99.999999999,0.000000001,true,true,false,constraint_violation,0.909773793,307,1.082547445,210,0.040226207,0.782115086,C10,90.424374172,113_PV_1,214.669958686,113_PV_1,0,113,113_PV_1,102,4098.05087,4188.475244172,90.424374172
1,poi_bus_120,120,Attila,unity,1,15,2020-01-01T15:00:00+00:00,2,branch_A11_sustained,branch,A11,bounded,continuous,185.25,0,796.28929986,100,0,true,true,false,constraint_violation,0.873165632,307,1.08146274,210,0.076834368,0.892006986,A10,89.096028573,113_PV_1,191.039257608,113_PV_1,0,113,113_PV_1,102,4098.05087,4187.146898573,89.096028573
1,poi_bus_120,120,Attila,unity,1,15,2020-01-01T15:00:00+00:00,3,branch_A12-1_immediate,branch,A12-1,fixed,short_term,185.25,0,796.28929986,-99.999999999,0,true,true,false,constraint_violation,0.908924413,307,1.083948769,210,0.041075587,0.787971653,A10,84.197262784,113_PV_1,218.204456253,113_PV_1,0,113,113_PV_1,102,4098.05087,4182.248132784,84.197262784
1,poi_bus_120,120,Attila,unity,1,15,2020-01-01T15:00:00+00:00,4,branch_A12-1_sustained,branch,A12-1,bounded,continuous,185.25,0,796.28929986,-99.999999999,0.000000001,true,true,false,constraint_violation,0.845772406,307,1.083082362,210,0.104227594,1.034466269,CA-1,127.807365046,113_PV_1,260.644461695,316_STEAM_1,0,113,113_PV_1,102,4098.05087,4225.858235046,127.807365046
1,poi_bus_120,120,Attila,unity,1,15,2020-01-01T15:00:00+00:00,5,branch_A34_immediate,branch,A34,fixed,short_term,185.25,0,796.28929986,-100,0.000000001,true,true,false,constraint_violation,0.909055896,307,1.083941137,210,0.040944104,0.788360585,A10,84.765539946,113_PV_1,220.30871798,113_PV_1,0,113,113_PV_1,102,4098.05087,4182.816409946,84.765539946
1,poi_bus_120,120,Attila,unity,1,15,2020-01-01T15:00:00+00:00,6,branch_A34_sustained,branch,A34,bounded,continuous,185.25,0,796.28929986,-99.999999999,0.000000001,true,true,false,constraint_violation,0.830372756,307,1.081404305,210,0.119627244,1.144774415,CA-1,153.930893041,113_PV_1,310.215671446,316_STEAM_1,0,113,113_PV_1,102,4098.05087,4251.981763041,153.930893041
1,poi_bus_120,120,Attila,unity,1,15,2020-01-01T15:00:00+00:00,7,branch_B12-1_immediate,branch,B12-1,fixed,short_term,185.25,0,796.28929986,-99.999999999,0,true,true,false,constraint_violation,0.908825208,307,1.071075143,210,0.041174792,0.788304068,A10,88.566138814,113_PV_1,220.624462145,113_PV_1,0,113,113_PV_1,102,4098.05087,4186.617008814,88.566138814
1,poi_bus_120,120,Attila,unity,1,15,2020-01-01T15:00:00+00:00,8,branch_B12-1_sustained,branch,B12-1,bounded,continuous,185.25,0,796.28929986,100,0,true,true,false,constraint_violation,0.890825119,307,1.069662971,210,0.059174881,0.868531624,C10,70.679369825,113_PV_1,197.242688699,113_PV_1,0,113,113_PV_1,102,4098.05087,4168.730239825,70.679369825
1,poi_bus_120,120,Attila,unity,1,15,2020-01-01T15:00:00+00:00,9,branch_B22_immediate,branch,B22,fixed,short_term,185.25,0,796.28929986,-100,0,true,true,false,constraint_violation,0.909743453,307,1.07884283,210,0.040256547,0.789320845,A10,87.822301127,113_PV_1,220.612962127,113_PV_1,0,113,113_PV_1,102,4098.05087,4185.873171127,87.822301127
1,poi_bus_120,120,Attila,unity,1,15,2020-01-01T15:00:00+00:00,10,branch_B22_sustained,branch,B22,bounded,continuous,185.25,0,796.28929986,-100,0.000000002,true,true,false,constraint_violation,0.875634963,307,1.077708545,210,0.074365037,0.906378898,A10,97.643327095,113_PV_1,218.309847367,113_PV_1,0,113,113_PV_1,102,4098.05087,4195.694197095,97.643327095
1,poi_bus_120,120,Attila,unity,1,15,2020-01-01T15:00:00+00:00,11,branch_B6_immediate,branch,B6,fixed,short_term,185.25,0,796.28929986,-100,0.000000001,true,true,false,constraint_violation,0.908428562,307,1.085044094,210,0.041571438,0.786862165,A10,84.935299114,113_PV_1,219.921519626,113_PV_1,0,113,113_PV_1,102,4098.05087,4182.986169114,84.935299114
1,poi_bus_120,120,Attila,unity,1,15,2020-01-01T15:00:00+00:00,12,branch_B6_sustained,branch,B6,bounded,continuous,185.25,0,796.28929986,-100,0,true,true,false,constraint_violation,0.838054843,307,1.083192364,210,0.111945157,1.074309424,CA-1,135.349577077,113_PV_1,288.084390807,316_STEAM_1,0,113,113_PV_1,102,4098.05087,4233.400447077,135.349577077
1,poi_bus_120,120,Attila,unity,1,15,2020-01-01T15:00:00+00:00,13,branch_C12-1_immediate,branch,C12-1,fixed,short_term,185.25,0,796.28929986,-100,0.000000001,true,false,false,not_converged,,,,,,,,,,,,,113,113_PV_1,102,,,
1,poi_bus_120,120,Attila,unity,1,15,2020-01-01T15:00:00+00:00,14,branch_C12-1_sustained,branch,C12-1,bounded,continuous,185.25,0,796.28929986,100,0,true,false,false,not_converged,,,,,,,,,,,,,113,113_PV_1,102,,,
1,poi_bus_120,120,Attila,unity,1,15,2020-01-01T15:00:00+00:00,15,branch_C27_immediate,branch,C27,fixed,short_term,185.25,0,796.28929986,-99.999999999,0.000000001,true,true,false,constraint_violation,0.906334412,307,1.083968516,210,0.043665588,0.787743951,A10,86.87791054,113_PV_1,220.85014953,113_PV_1,0,113,113_PV_1,102,4098.05087,4184.92878054,86.87791054
1,poi_bus_120,120,Attila,unity,1,15,2020-01-01T15:00:00+00:00,16,branch_C27_sustained,branch,C27,bounded,continuous,185.25,0,796.28929986,-100,0,true,true,false,constraint_violation,0.867915289,307,1.085054641,210,0.082084711,0.875380059,A10,93.325125906,113_PV_1,224.563439038,113_PV_1,0,113,113_PV_1,102,4098.05087,4191.375995906,93.325125906
1,poi_bus_120,120,Attila,unity,1,15,2020-01-01T15:00:00+00:00,17,branch_C6_immediate,branch,C6,fixed,short_term,185.25,0,796.28929986,-100,0,true,true,false,constraint_violation,0.898297299,307,1.083944532,210,0.051702701,0.788332044,A10,85.677653853,113_PV_1,220.449586186,113_PV_1,0,113,113_PV_1,102,4098.05087,4183.728523853,85.677653853
1,poi_bus_120,120,Attila,unity,1,15,2020-01-01T15:00:00+00:00,18,branch_C6_sustained,branch,C6,bounded,continuous,185.25,0,796.28929986,-99.999999999,0.000000001,true,true,false,constraint_violation,0.904792519,307,1.084888128,210,0.045207481,0.872577995,C10,66.827780502,113_PV_1,222.680157809,113_PV_1,0,113,113_PV_1,102,4098.05087,4164.878650502,66.827780502
1,poi_bus_120,120,Attila,unity,1,15,2020-01-01T15:00:00+00:00,19,branch_CA-1_immediate,branch,CA-1,fixed,short_term,185.25,0,796.28929986,-100,0,true,true,false,constraint_violation,0.913675126,307,1.081721908,210,0.036324874,1.089115537,CB-1,166.897125172,113_PV_1,204.852337776,113_PV_1,0,113,113_PV_1,102,4098.05087,4264.947995172,166.897125172
1,poi_bus_120,120,Attila,unity,1,15,2020-01-01T15:00:00+00:00,20,branch_CA-1_sustained,branch,CA-1,bounded,continuous,185.25,0,796.28929986,100,0.000000002,true,true,false,constraint_violation,0.898053741,307,1.082703209,210,0.051946259,0.878872256,A10,50.984310108,113_PV_1,194.849932526,113_PV_1,0,113,113_PV_1,102,4098.05087,4180.435180108,82.384310108
1,poi_bus_120,120,Attila,unity,1,15,2020-01-01T15:00:00+00:00,21,generator_121_NUCLEAR_1_sustained,generator,121_NUCLEAR_1,bounded,continuous,185.25,0,796.28929986,100,0,true,true,false,constraint_violation,0.921876304,307,1.08271318,210,0.03271318,0.899561995,C10,61.835358795,113_PV_1,194.20219499,113_PV_1,0,113,113_PV_1,101,4098.05087,4159.886228795,61.835358795
1,poi_bus_120,120,Attila,unity,1,15,2020-01-01T15:00:00+00:00,22,generator_213_CC_3_sustained,generator,213_CC_3,bounded,continuous,185.25,0,796.28929986,100,0.000000001,true,true,false,constraint_violation,0.888510795,307,1.08283199,210,0.061489205,0.875951568,A10,68.59835968,113_PV_1,197.322219592,113_PV_1,0,113,113_PV_1,102,4098.05087,4166.64922968,68.59835968
1,poi_bus_120,120,Attila,unity,1,15,2020-01-01T15:00:00+00:00,23,generator_313_CC_1_sustained,generator,313_CC_1,bounded,continuous,185.25,0,796.28929986,-99.999999999,0.000000001,true,true,false,constraint_violation,0.858899032,307,1.084877914,210,0.091100968,0.960727393,CA-1,116.985214884,113_PV_1,226.595564527,316_STEAM_1,0,113,113_PV_1,102,4098.05087,4215.036084884,116.985214884
1,poi_bus_120,120,Attila,unity,1,16,2020-01-01T16:00:00+00:00,0,normal,normal,,base,continuous,185.666666667,0,825.723262372,100,0.000000001,true,true,false,constraint_violation,0.9568,307,1.080129124,210,0.030129124,0.965358716,A11,0,101_CT_1,196.877671014,216_STEAM_1,0,107,107_CC_1,106,4243.099938667,4342.473417718,99.373479051
1,poi_bus_120,120,Attila,unity,1,16,2020-01-01T16:00:00+00:00,1,branch_A11_immediate,branch,A11,fixed,short_term,185.666666667,0,825.723262372,100,0.000000001,true,true,false,constraint_violation,0.9568,307,1.072970112,210,0.022970112,1.495793968,AB1,22.946341074,107_CC_1,193.165439972,216_STEAM_1,0,107,107_CC_1,106,4243.099938667,4382.942998802,139.843060135
1,poi_bus_120,120,Attila,unity,1,16,2020-01-01T16:00:00+00:00,2,branch_A11_sustained,branch,A11,bounded,continuous,185.666666667,0,825.723262372,-100,0.000000002,true,true,false,constraint_violation,0.9568,307,1.079862673,210,0.029862673,1.328762786,AB1,0,101_CT_1,201.396282787,216_STEAM_1,0,107,107_CC_1,106,4243.099938667,4356.910591114,113.810652447
1,poi_bus_120,120,Attila,unity,1,16,2020-01-01T16:00:00+00:00,3,branch_A12-1_immediate,branch,A12-1,fixed,short_term,185.666666667,0,825.723262372,100,0,true,true,false,constraint_violation,0.9568,307,1.079678586,210,0.029678586,0.779126523,C10,0,101_CT_1,196.382531865,216_STEAM_1,0,107,107_CC_1,106,4243.099938667,4344.660652069,101.560713402
1,poi_bus_120,120,Attila,unity,1,16,2020-01-01T16:00:00+00:00,4,branch_A12-1_sustained,branch,A12-1,bounded,continuous,185.666666667,0,825.723262372,-99.999999999,0.000000001,true,true,false,constraint_violation,0.9568,307,1.0802192,210,0.0302192,0.904643737,A10,0,101_CT_1,198.490978252,216_STEAM_1,0,107,107_CC_1,106,4243.099938667,4346.899131936,103.799193269
1,poi_bus_120,120,Attila,unity,1,16,2020-01-01T16:00:00+00:00,5,branch_A34_immediate,branch,A34,fixed,short_term,185.666666667,0,825.723262372,99.999999999,0.000000001,true,true,false,constraint_violation,0.9568,307,1.080122757,210,0.030122757,0.780176276,A10,0,101_CT_1,196.911905068,216_STEAM_1,0,107,107_CC_1,106,4243.099938667,4343.022203838,99.922265171
1,poi_bus_120,120,Attila,unity,1,16,2020-01-01T16:00:00+00:00,6,branch_A34_sustained,branch,A34,bounded,continuous,185.666666667,0,825.723262372,100,0,true,true,false,constraint_violation,0.9568,307,1.079646975,210,0.029646975,0.902252438,A10,0,101_CT_1,209.348230814,216_STEAM_1,0,107,107_CC_1,106,4243.099938667,4341.910830387,98.81089172
1,poi_bus_120,120,Attila,unity,1,16,2020-01-01T16:00:00+00:00,7,branch_B12-1_immediate,branch,B12-1,fixed,short_term,185.666666667,0,825.723262372,100,0,true,true,false,constraint_violation,0.933104268,207,1.066466239,210,0.016895732,0.784322556,A11,0,101_CT_1,197.3310209,216_STEAM_1,0,107,107_CC_1,106,4243.099938667,4347.448641619,104.348702952
1,poi_bus_120,120,Attila,unity,1,16,2020-01-01T16:00:00+00:00,8,branch_B12-1_sustained,branch,B12-1,bounded,continuous,185.666666667,0,825.723262372,-100,0.000000001,true,true,false,constraint_violation,0.933799278,207,1.067024308,210,0.017024308,1.018381594,CA-1,0,101_CT_1,217.469975384,316_STEAM_1,0,107,107_CC_1,106,4243.099938667,4381.517709425,138.417770758
1,poi_bus_120,120,Attila,unity,1,16,2020-01-01T16:00:00+00:00,9,branch_B22_immediate,branch,B22,fixed,short_term,185.666666667,0,825.723262372,100,0,true,true,false,constraint_violation,0.9568,307,1.074455613,210,0.024455613,0.781236047,A10,0,101_CT_1,203.401265973,216_STEAM_1,0,107,107_CC_1,106,4243.099938667,4346.14696702,103.047028353
1,poi_bus_120,120,Attila,unity,1,16,2020-01-01T16:00:00+00:00,10,branch_B22_sustained,branch,B22,bounded,continuous,185.666666667,0,825.723262372,-100,0.000000001,true,true,false,constraint_violation,0.9568,307,1.074761428,210,0.024761428,0.912171875,A10,0,101_CT_1,204.421437304,216_STEAM_1,0,107,107_CC_1,106,4243.099938667,4347.142107731,104.042169064
1,poi_bus_120,120,Attila,unity,1,16,2020-01-01T16:00:00+00:00,11,branch_B6_immediate,branch,B6,fixed,short_term,185.666666667,0,825.723262372,100,0,true,true,false,constraint_violation,0.9568,307,1.082559864,210,0.032559864,0.826661793,A11,0,101_CT_1,199.827659916,216_STEAM_1,0,107,107_CC_1,106,4243.099938667,4343.548912478,100.448973811
1,poi_bus_120,120,Attila,unity,1,16,2020-01-01T16:00:00+00:00,12,branch_B6_sustained,branch,B6,bounded,continuous,185.666666667,0,825.723262372,100,0.000000001,true,true,false,constraint_violation,0.9568,307,1.081736996,210,0.031736996,0.900425197,A10,0,101_CT_1,212.186705737,216_STEAM_1,0,107,107_CC_1,106,4243.099938667,4340.607844735,97.507906068
1,poi_bus_120,120,Attila,unity,1,16,2020-01-01T16:00:00+00:00,13,branch_C12-1_immediate,branch,C12-1,fixed,short_term,185.666666667,0,825.723262372,100,0,true,true,false,constraint_violation,0.9407579,308,1.08004048,210,0.03004048,0.791757252,A11,0,101_CT_1,196.872836392,216_STEAM_1,0,107,107_CC_1,106,4243.099938667,4351.764767547,108.66482888
1,poi_bus_120,120,Attila,unity,1,16,2020-01-01T16:00:00+00:00,14,branch_C12-1_sustained,branch,C12-1,bounded,continuous,185.666666667,0,825.723262372,100.000000001,0,true,true,false,constraint_violation,0.947631212,308,1.082128866,210,0.032128866,0.905512255,A10,0,101_CT_1,198.942117489,216_STEAM_1,0,107,107_CC_1,106,4243.099938667,4326.385315967,83.2853773
1,poi_bus_120,120,Attila,unity,1,16,2020-01-01T16:00:00+00:00,15,branch_C27_immediate,branch,C27,fixed,short_term,185.666666667,0,825.723262372,100,0,true,true,false,constraint_violation,0.9568,307,1.080136108,210,0.030136108,0.791347791,A11,0,101_CT_1,196.339253818,216_STEAM_1,0,107,107_CC_1,106,4243.099938667,4346.34534554,103.245406873
1,poi_bus_120,120,Attila,unity,1,16,2020-01-01T16:00:00+00:00,16,branch_C27_sustained,branch,C27,bounded,continuous,185.666666667,0,825.723262372,99.999999999,0.000000001,true,true,false,constraint_violation,0.9568,307,1.079742324,210,0.029742324,0.90327422,A10,0,101_CT_1,200.621957127,216_STEAM_1,0,107,107_CC_1,106,4243.099938667,4336.738610773,93.638672106
1,poi_bus_120,120,Attila,unity,1,16,2020-01-01T16:00:00+00:00,17,branch_C6_immediate,branch,C6,fixed,short_term,185.666666667,0,825.723262372,100,0.000000001,true,true,false,constraint_violation,0.9568,307,1.080123411,210,0.030123411,0.780011643,A10,0,101_CT_1,196.809890075,216_STEAM_1,0,107,107_CC_1,106,4243.099938667,4343.621742968,100.521804301
1,poi_bus_120,120,Attila,unity,1,16,2020-01-01T16:00:00+00:00,18,branch_C6_sustained,branch,C6,bounded,continuous,185.666666667,0,825.723262372,-100,0,true,true,false,constraint_violation,0.9568,307,1.078905231,210,0.028905231,1.108815261,CA-1,0,101_CT_1,245.657449947,316_STEAM_1,0,107,107_CC_1,106,4243.099938667,4395.385747198,152.285808531
1,poi_bus_120,120,Attila,unity,1,16,2020-01-01T16:00:00+00:00,19,branch_CA-1_immediate,branch,CA-1,fixed,short_term,185.666666667,0,825.723262372,100.000000001,0,true,true,false,constraint_violation,0.9568,307,1.076236325,210,0.026236325,1.24061228,CB-1,78.244874615,107_CC_1,254.227803421,316_STEAM_1,0,107,107_CC_1,106,4243.099938667,4438.241532343,195.141593676
1,poi_bus_120,120,Attila,unity,1,16,2020-01-01T16:00:00+00:00,20,branch_CA-1_sustained,branch,CA-1,bounded,continuous,185.666666667,0,825.723262372,99.999999999,0.000000001,true,true,false,constraint_violation,0.9568,307,1.078390959,210,0.028390959,1.173369424,CB-1,0,101_CT_1,213.960964766,216_STEAM_1,0,107,107_CC_1,106,4243.099938667,4371.259941925,128.160003258
1,poi_bus_120,120,Attila,unity,1,16,2020-01-01T16:00:00+00:00,21,generator_121_NUCLEAR_1_sustained,generator,121_NUCLEAR_1,bounded,continuous,185.666666667,0,825.723262372,50.713890528,0.000000001,true,true,false,constraint_violation,0.9568,307,1.079945781,210,0.029945781,1.326146952,A11,64.629715251,107_CC_1,34.113541352,313_CC_1,0,107,107_CC_1,105,4243.099938667,4344.129715251,101.029776584
1,poi_bus_120,120,Attila,unity,1,16,2020-01-01T16:00:00+00:00,22,generator_213_CC_3_sustained,generator,213_CC_3,bounded,continuous,185.666666667,0,825.723262372,-99.999999999,0,true,true,false,constraint_violation,0.9568,307,1.078951425,210,0.028951425,1.009887815,CA-1,0,101_CT_1,223.210947508,316_STEAM_1,0,107,107_CC_1,106,4243.099938667,4375.502329774,132.402391107
1,poi_bus_120,120,Attila,unity,1,16,2020-01-01T16:00:00+00:00,23,generator_313_CC_1_sustained,generator,313_CC_1,bounded,continuous,185.666666667,0,825.723262372,100,0.000000001,true,true,false,constraint_violation,0.942494728,312,1.078763539,210,0.028763539,1.400060549,A11,116.823653917,107_CC_1,284.441151452,316_STEAM_1,0,107,107_CC_1,105,4243.099938667,4408.323653917,165.22371525
1,poi_bus_120,120,Attila,unity,1,17,2020-01-01T17:00:00+00:00,0,normal,normal,,base,continuous,189.020833333,0,931.674803888,57.3134342,0,true,true,false,constraint_violation,0.9568,307,1.070999151,210,0.020999151,0.99784466,A11,35.652616881,107_CC_1,95.370303369,316_STEAM_1,0,107,107_CC_1,105,4767.078059333,4894.385950409,127.307891076
1,poi_bus_120,120,Attila,unity,1,17,2020-01-01T17:00:00+00:00,1,branch_A11_immediate,branch,A11,fixed,short_term,189.020833333,0,931.674803888,57.313434199,0,true,true,false,constraint_violation,0.9568,307,1.062551138,210,0.012551138,1.785900771,AB1,88.319222157,107_CC_1,95.115640257,316_STEAM_1,0,107,107_CC_1,105,4767.078059333,4947.052555685,179.974496352
1,poi_bus_120,120,Attila,unity,1,17,2020-01-01T17:00:00+00:00,2,branch_A11_sustained,branch,A11,bounded,continuous,189.020833333,0,931.674803888,-100,0.000000001,true,true,false,constraint_violation,0.9568,307,1.069861392,210,0.019861392,1.001691458,AB1,0,101_STEAM_3,378.348096332,317_WIND_1,0,317,317_WIND_1,105,4767.078059333,4901.850831725,134.772772392
1,poi_bus_120,120,Attila,unity,1,17,2020-01-01T17:00:00+00:00,3,branch_A12-1_immediate,branch,A12-1,fixed,short_term,189.020833333,0,931.674803888,57.3134342,0.000000001,true,true,false,constraint_violation,0.9568,307,1.07054023,210,0.02054023,0.814716633,AB1,38.180453903,107_CC_1,95.296924001,316_STEAM_1,0,107,107_CC_1,105,4767.078059333,4896.913787431,129.835728098
1,poi_bus_120,120,Attila,unity,1,17,2020-01-01T17:00:00+00:00,4,branch_A12-1_sustained,branch,A12-1,bounded,continuous,189.020833333,0,931.674803888,-100,0,true,true,false,constraint_violation,0.955359981,308,1.07080469,210,0.02080469,0.950467356,CA-1,0,101_STEAM_3,126.558842691,316_STEAM_1,0,107,107_CC_1,105,4767.078059333,4894.977898611,127.899839278
1,poi_bus_120,120,Attila,unity,1,17,2020-01-01T17:00:00+00:00,5,branch_A34_immediate,branch,A34,fixed,short_term,189.020833333,0,931.674803888,57.3134342,0,true,true,false,constraint_violation,0.9568,307,1.070885135,210,0.020885135,0.823565261,A11,47.512958132,107_CC_1,95.198796724,316_STEAM_1,0,107,107_CC_1,105,4767.078059333,4906.24629166,139.168232327
1,poi_bus_120,120,Attila,unity,1,17,2020-01-01T17:00:00+00:00,6,branch_A34_sustained,branch,A34,bounded,continuous,189.020833333,0,931.674803888,100,0.000000001,true,true,false,constraint_violation,0.955644005,308,1.071296253,210,0.021296253,0.914987565,C10,0,101_STEAM_3,98.202727194,316_STEAM_1,0,107,107_CC_1,105,4767.078059333,4892.33825552,125.260196187
1,poi_bus_120,120,Attila,unity,1,17,2020-01-01T17:00:00+00:00,7,branch_B12-1_immediate,branch,B12-1,fixed,short_term,189.020833333,0,931.674803888,57.3134342,0,true,true,false,constraint_violation,0.869034496,207,1.058028555,110,0.080965504,0.819976686,A11,44.834356242,107_CC_1,95.411903267,316_STEAM_1,0,107,107_CC_1,105,4767.078059333,4903.56768977,136.489630437
1,poi_bus_120,120,Attila,unity,1,17,2020-01-01T17:00:00+00:00,8,branch_B12-1_sustained,branch,B12-1,bounded,continuous,189.020833333,0,931.674803888,-100,0,true,true,false,constraint_violation,0.870327096,207,1.065343717,110,0.079672904,1.004573329,B13-2,0,101_STEAM_3,384.36509721,317_WIND_1,0,317,317_WIND_1,105,4767.078059333,4895.639479549,128.561420216
1,poi_bus_120,120,Attila,unity,1,17,2020-01-01T17:00:00+00:00,9,branch_B22_immediate,branch,B22,fixed,short_term,189.020833333,0,931.674803888,57.3134342,0.000000001,true,true,false,constraint_violation,0.9568,307,1.062882026,210,0.012882026,0.791772464,A10,41.599984683,107_CC_1,95.152648727,316_STEAM_1,0,107,107_CC_1,105,4767.078059333,4900.333318211,133.255258878
1,poi_bus_120,120,Attila,unity,1,17,2020-01-01T17:00:00+00:00,10,branch_B22_sustained,branch,B22,bounded,continuous,189.020833333,0,931.674803888,-100,0.000000001,true,true,false,constraint_violation,0.9568,307,1.06521037,110,0.01521037,0.981435569,CA-1,0,101_STEAM_3,380.179238029,317_WIND_1,0,317,317_WIND_1,105,4767.078059334,4894.885292896,127.807233562
1,poi_bus_120,120,Attila,unity,1,17,2020-01-01T17:00:00+00:00,11,branch_B6_immediate,branch,B6,fixed,short_term,189.020833333,0,931.674803888,57.313434199,0.000000001,true,true,false,constraint_violation,0.9568,307,1.071758181,210,0.021758181,0.870385914,A11,37.436623,107_CC_1,95.592845295,316_STEAM_1,0,107,107_CC_1,105,4767.078059333,4896.169956528,129.091897195
1,poi_bus_120,120,Attila,unity,1,17,2020-01-01T17:00:00+00:00,12,branch_B6_sustained,branch,B6,bounded,continuous,189.020833333,0,931.674803888,-100,0.000000002,true,true,false,constraint_violation,0.9568,307,1.071026148,210,0.021026148,0.96252065,A11,0,101_STEAM_3,107.657978273,316_STEAM_1,0,122,122_WIND_1,105,4767.078059333,4885.769299726,118.691240393
1,poi_bus_120,120,Attila,unity,1,17,2020-01-01T17:00:00+00:00,13,branch_C12-1_immediate,branch,C12-1,fixed,short_term,189.020833333,0,931.674803888,57.3134342,0.000000001,true,true,false,constraint_violation,0.930401273,308,1.070857792,210,0.020857792,0.87671287,C13-2,49.990311346,107_CC_1,102.349987982,316_STEAM_1,0,107,107_CC_1,105,4767.078059333,4908.723644874,141.645585541
1,poi_bus_120,120,Attila,unity,1,17,2020-01-01T17:00:00+00:00,14,branch_C12-1_sustained,branch,C12-1,bounded,continuous,189.020833333,0,931.674803888,100.000000001,0,true,true,false,constraint_violation,0.940819939,308,1.071403824,210,0.021403824,0.903812479,A10,0,101_STEAM_3,48.776320162,316_STEAM_1,0,107,107_CC_1,105,4767.078059333,4866.412820826,99.334761493
1,poi_bus_120,120,Attila,unity,1,17,2020-01-01T17:00:00+00:00,15,branch_C27_immediate,branch,C27,fixed,short_term,189.020833333,0,931.674803888,57.3134342,0,true,true,false,constraint_violation,0.956269353,308,1.070924911,210,0.020924911,0.847234875,A11,47.896733696,107_CC_1,131.112804132,316_STEAM_1,0,107,107_CC_1,105,4767.078059333,4906.630067224,139.552007891
1,poi_bus_120,120,Attila,unity,1,17,2020-01-01T17:00:00+00:00,16,branch_C27_sustained,branch,C27,bounded,continuous,189.020833333,0,931.674803888,-100,0,true,true,false,constraint_violation,0.9568,307,1.072715704,210,0.022715704,1.004164698,CA-1,0,101_STEAM_3,139.286795595,316_STEAM_1,0,107,107_CC_1,105,4767.078059333,4895.788757797,128.710698464
1,poi_bus_120,120,Attila,unity,1,17,2020-01-01T17:00:00+00:00,17,branch_C6_immediate,branch,C6,fixed,short_term,189.020833333,0,931.674803888,57.3134342,0.000000001,true,true,false,constraint_violation,0.9568,307,1.070988365,210,0.020988365,0.799005412,A11,37.121705169,107_CC_1,97.631776922,316_STEAM_1,0,107,107_CC_1,105,4767.078059333,4895.855038697,128.776979364
1,poi_bus_120,120,Attila,unity,1,17,2020-01-01T17:00:00+00:00,18,branch_C6_sustained,branch,C6,bounded,continuous,189.020833333,0,931.674803888,-99.999999999,0,true,true,false,constraint_violation,0.956360668,308,1.070642903,210,0.020642903,0.986714241,CA-1,0,101_STEAM_3,375.416054131,317_WIND_1,0,317,317_WIND_1,105,4767.078059333,4903.568351806,136.490292473
1,poi_bus_120,120,Attila,unity,1,17,2020-01-01T17:00:00+00:00,19,branch_CA-1_immediate,branch,CA-1,fixed,short_term,189.020833333,0,931.674803888,57.3134342,0,true,true,false,constraint_violation,0.956399966,308,1.065594567,210,0.015594567,1.323299617,AB1,177.795449182,107_CC_1,252.903496776,316_STEAM_1,0,107,107_CC_1,105,4767.078059333,5036.52878271,269.450723377
1,poi_bus_120,120,Attila,unity,1,17,2020-01-01T17:00:00+00:00,20,branch_CA-1_sustained,branch,CA-1,bounded,continuous,189.020833333,0,931.674803888,99.999999999,0.000000001,true,true,false,constraint_violation,0.9568,307,1.069514086,210,0.019514086,1.208149871,CB-1,0,101_STEAM_3,163.128175446,316_STEAM_1,0,107,107_CC_1,105,4767.078059333,4938.564113176,171.486053843
1,poi_bus_120,120,Attila,unity,1,17,2020-01-01T17:00:00+00:00,21,generator_121_NUCLEAR_1_sustained,generator,121_NUCLEAR_1,bounded,continuous,189.020833333,0,931.674803888,-99.999999999,0,true,true,false,constraint_violation,0.9568,307,1.070865496,210,0.020865496,0.966345325,A11,79.117712176,317_WIND_1,406.829248519,317_WIND_1,0,317,317_WIND_1,104,4767.078059333,4879.517712176,112.439652843
1,poi_bus_120,120,Attila,unity,1,17,2020-01-01T17:00:00+00:00,22,generator_213_CC_3_sustained,generator,213_CC_3,bounded,continuous,189.020833333,0,931.674803888,-100,0.000000001,true,true,false,constraint_violation,0.9568,307,1.072240508,210,0.022240508,0.974655416,CA-1,0,101_STEAM_3,383.616941101,317_WIND_1,0,317,317_WIND_1,105,4767.078059333,4886.789716568,119.711657235
1,poi_bus_120,120,Attila,unity,1,17,2020-01-01T17:00:00+00:00,23,generator_313_CC_1_sustained,generator,313_CC_1,bounded,continuous,189.020833333,0,931.674803888,55.465638882,0.000000001,true,true,false,constraint_violation,0.913440065,304,1.069559088,210,0.036559935,1.215988714,A11,99.687542065,107_CC_1,360.116615977,316_STEAM_1,0,107,107_CC_1,104,4767.078059333,4945.087542065,178.009482732
1,poi_bus_120,120,Attila,unity,1,18,2020-01-01T18:00:00+00:00,0,normal,normal,,base,continuous,188.833333333,0,926.859082204,-79.689411373,0,true,true,false,constraint_violation,0.9568,307,1.070308103,210,0.020308103,0.914406006,A10,4.256483448,107_CC_1,123.085145079,316_STEAM_1,0,107,107_CC_1,105,4743.227099333,4870.816915981,127.589816648
1,poi_bus_120,120,Attila,unity,1,18,2020-01-01T18:00:00+00:00,1,branch_A11_immediate,branch,A11,fixed,short_term,188.833333333,0,926.859082204,-79.689411372,0.000000001,true,true,false,constraint_violation,0.9568,307,1.06419091,210,0.01419091,1.560421595,AB1,41.47224839,107_CC_1,123.18362767,316_STEAM_1,0,107,107_CC_1,105,4743.227099333,4908.032680923,164.80558159
1,poi_bus_120,120,Attila,unity,1,18,2020-01-01T18:00:00+00:00,2,branch_A11_sustained,branch,A11,bounded,continuous,188.833333333,0,926.859082204,-100,0.000000001,true,true,false,constraint_violation,0.954790998,308,1.06917997,210,0.01917997,1.001625164,AB1,0,101_STEAM_3,400.389526243,317_WIND_1,0,317,317_WIND_1,105,4743.227099333,4879.346164679,136.119065346
1,poi_bus_120,120,Attila,unity,1,18,2020-01-01T18:00:00+00:00,3,branch_A12-1_immediate,branch,A12-1,fixed,short_term,188.833333333,0,926.859082204,-79.689411372,0,true,true,false,constraint_violation,0.9568,307,1.069995657,210,0.019995657,0.792098865,A10,5.846839627,107_CC_1,123.064377521,316_STEAM_1,0,107,107_CC_1,105,4743.227099333,4872.40727216,129.180172827
1,poi_bus_120,120,Attila,unity,1,18,2020-01-01T18:00:00+00:00,4,branch_A12-1_sustained,branch,A12-1,bounded,continuous,188.833333333,0,926.859082204,-100,0.000000001,true,true,false,constraint_violation,0.9568,307,1.070188301,210,0.020188301,0.920969857,A10,0,101_STEAM_3,99.279905768,316_STEAM_1,0,107,107_CC_1,105,4743.227099333,4858.222552775,114.995453442
1,poi_bus_120,120,Attila,unity,1,18,2020-01-01T18:00:00+00:00,5,branch_A34_immediate,branch,A34,fixed,short_term,188.833333333,0,926.859082204,-79.689411373,0,true,true,false,constraint_violation,0.9568,307,1.070220171,210,0.020220171,0.798972607,A10,14.204088044,107_CC_1,123.039164622,316_STEAM_1,0,107,107_CC_1,105,4743.227099333,4880.764520577,137.537421244
1,poi_bus_120,120,Attila,unity,1,18,2020-01-01T18:00:00+00:00,6,branch_A34_sustained,branch,A34,bounded,continuous,188.833333333,0,926.859082204,-100,0.000000001,true,true,false,constraint_violation,0.955591139,308,1.070400389,210,0.020400389,0.974664464,CA-1,0,101_STEAM_3,390.504708963,317_WIND_1,0,317,317_WIND_1,105,4743.227099333,4885.702897593,142.47579826
1,poi_bus_120,120,Attila,unity,1,18,2020-01-01T18:00:00+00:00,7,branch_B12-1_immediate,branch,B12-1,fixed,short_term,188.833333333,0,926.859082204,-79.689411373,0,true,true,false,constraint_violation,0.86240374,207,1.061433211,110,0.08759626,0.815143595,B13-2,13.885336877,107_CC_1,123.103870391,316_STEAM_1,0,107,107_CC_1,105,4743.227099333,4880.44576941,137.218670077
1,poi_bus_120,120,Attila,unity,1,18,2020-01-01T18:00:00+00:00,8,branch_B12-1_sustained,branch,B12-1,bounded,continuous,188.833333333,0,926.859082204,-100,0.000000001,true,true,false,constraint_violation,0.863522634,207,1.063184932,110,0.086477366,1.024220593,B13-2,0,101_STEAM_3,387.665031747,317_WIND_1,0,317,317_WIND_1,105,4743.227099333,4883.343328854,140.116229521
1,poi_bus_120,120,Attila,unity,1,18,2020-01-01T18:00:00+00:00,9,branch_B22_immediate,branch,B22,fixed,short_term,188.833333333,0,926.859082204,-79.689411373,0,true,true,false,constraint_violation,0.9568,307,1.061955283,110,0.011955283,0.800948548,A10,10.710899667,107_CC_1,123.043080746,316_STEAM_1,0,107,107_CC_1,105,4743.227099333,4877.2713322,134.044232867
1,poi_bus_120,120,Attila,unity,1,18,2020-01-01T18:00:00+00:00,10,branch_B22_sustained,branch,B22,bounded,continuous,188.833333333,0,926.859082204,-99.999999999,0.000000001,true,true,false,constraint_violation,0.955016812,308,1.064119787,110,0.014119787,0.92454973,A10,0,101_STEAM_3,135.873735586,316_STEAM_1,0,107,107_CC_1,105,4743.227099333,4879.921494858,136.694395525
1,poi_bus_120,120,Attila,unity,1,18,2020-01-01T18:00:00+00:00,11,branch_B6_immediate,branch,B6,fixed,short_term,188.833333333,0,926.859082204,-79.689411372,0.000000001,true,true,false,constraint_violation,0.9568,307,1.070945369,210,0.020945369,0.797006381,A10,5.892315017,107_CC_1,123.195486741,316_STEAM_1,0,107,107_CC_1,105,4743.227099333,4872.45274755,129.225648217
1,poi_bus_120,120,Attila,unity,1,18,2020-01-01T18:00:00+00:00,12,branch_B6_sustained,branch,B6,bounded,continuous,188.833333333,0,926.859082204,-100,0.000000001,true,true,false,constraint_violation,0.955824228,308,1.070247764,210,0.020247764,0.920406504,A10,0,101_STEAM_3,124.159750942,316_STEAM_1,0,107,107_CC_1,105,4743.227099333,4862.495615262,119.268515929
1,poi_bus_120,120,Attila,unity,1,18,2020-01-01T18:00:00+00:00,13,branch_C12-1_immediate,branch,C12-1,fixed,short_term,188.833333333,0,926.859082204,-79.689411372,0.000000001,true,true,false,constraint_violation,0.931987891,308,1.070184952,210,0.020184952,0.859681793,C13-2,17.669619321,107_CC_1,129.746929239,316_STEAM_1,0,107,107_CC_1,105,4743.227099333,4884.230051854,141.002952521
1,poi_bus_120,120,Attila,unity,1,18,2020-01-01T18:00:00+00:00,14,branch_C12-1_sustained,branch,C12-1,bounded,continuous,188.833333333,0,926.859082204,99.999999999,0,true,true,false,constraint_violation,0.942372343,308,1.070956766,210,0.020956766,0.917148933,A10,0,101_STEAM_3,40.621962972,316_STEAM_1,0,107,107_CC_1,105,4743.227099333,4846.443705686,103.216606353
1,poi_bus_120,120,Attila,unity,1,18,2020-01-01T18:00:00+00:00,15,branch_C27_immediate,branch,C27,fixed,short_term,188.833333333,0,926.859082204,-79.689411372,0.000000001,true,true,false,constraint_violation,0.956240157,308,1.07014215,210,0.02014215,0.818672574,CA-1,26.130002693,107_CC_1,180.676852565,316_STEAM_1,0,107,107_CC_1,105,4743.227099333,4892.690435226,149.463335893
1,poi_bus_120,120,Attila,unity,1,18,2020-01-01T18:00:00+00:00,16,branch_C27_sustained,branch,C27,bounded,continuous,188.833333333,0,926.859082204,100,0.000000001,true,true,false,constraint_violation,0.9568,307,1.070790143,210,0.020790143,0.905374643,A10,0,101_STEAM_3,92.994271524,316_STEAM_1,0,107,107_CC_1,105,4743.227099333,4851.956781275,108.729681942
1,poi_bus_120,120,Attila,unity,1,18,2020-01-01T18:00:00+00:00,17,branch_C6_immediate,branch,C6,fixed,short_term,188.833333333,0,926.859082204,-79.689411372,0.000000001,true,true,false,constraint_violation,0.9568,307,1.070293621,210,0.020293621,0.799834263,A10,6.124622271,107_CC_1,126.131259762,316_STEAM_1,0,107,107_CC_1,105,4743.227099333,4872.685054804,129.457955471
1,poi_bus_120,120,Attila,unity,1,18,2020-01-01T18:00:00+00:00,18,branch_C6_sustained,branch,C6,bounded,continuous,188.833333333,0,926.859082204,-100,0,true,true,false,constraint_violation,0.9568,307,1.071274767,210,0.021274767,0.924502624,A10,0,101_STEAM_3,101.284573,316_STEAM_1,0,107,107_CC_1,105,4743.227099333,4859.362983156,116.135883823
1,poi_bus_120,120,Attila,unity,1,18,2020-01-01T18:00:00+00:00,19,branch_CA-1_immediate,branch,CA-1,fixed,short_term,188.833333333,0,926.859082204,-79.689411372,0.000000001,true,true,false,constraint_violation,0.956709011,308,1.065024816,210,0.015024816,1.326054489,AB1,151.13728573,107_CC_1,296.364975616,316_STEAM_1,0,107,107_CC_1,105,4743.227099333,5017.697718263,274.47061893
1,poi_bus_120,120,Attila,unity,1,18,2020-01-01T18:00:00+00:00,20,branch_CA-1_sustained,branch,CA-1,bounded,continuous,188.833333333,0,926.859082204,99.999999999,0,true,true,false,constraint_violation,0.9568,307,1.068883855,210,0.018883855,1.076487008,C27,0,101_STEAM_3,206.51965456,316_STEAM_1,0,107,107_CC_1,105,4743.227099333,4917.673033878,174.445934545
1,poi_bus_120,120,Attila,unity,1,18,2020-01-01T18:00:00+00:00,21,generator_121_NUCLEAR_1_sustained,generator,121_NUCLEAR_1,bounded,continuous,188.833333333,0,926.859082204,-99.999999999,0.000000001,true,true,false,constraint_violation,0.9568,307,1.069841167,210,0.019841167,0.98967944,A11,13.54952645,107_CC_1,90.477301793,316_STEAM_1,0,107,107_CC_1,104,4743.227099333,4847.44952645,104.222427117
1,poi_bus_120,120,Attila,unity,1,18,2020-01-01T18:00:00+00:00,22,generator_213_CC_3_sustained,generator,213_CC_3,bounded,continuous,188.833333333,0,926.859082204,-100,0,true,true,false,constraint_violation,0.9568,307,1.070521001,210,0.020521001,0.971754923,CA-1,0,101_STEAM_3,384.473472465,317_WIND_1,0,317,317_WIND_1,105,4743.227099333,4870.466448895,127.239349562
1,poi_bus_120,120,Attila,unity,1,18,2020-01-01T18:00:00+00:00,23,generator_313_CC_1_sustained,generator,313_CC_1,bounded,continuous,188.833333333,0,926.859082204,-93.826766469,0.000000002,true,true,false,constraint_violation,0.913839843,312,1.069385516,210,0.036160157,1.145362279,CA-1,35.839922848,107_CC_1,386.095580643,316_STEAM_1,0,107,107_CC_1,104,4743.227099333,4914.739922848,171.512823515
1,poi_bus_120,120,Attila,unity,1,19,2020-01-01T19:00:00+00:00,0,normal,normal,,base,continuous,188.895833333,0,905.491554147,-29.969999357,0,true,true,false,constraint_violation,0.955127147,308,1.072094352,210,0.022094352,0.944755581,AB1,0,101_STEAM_3,184.16850074,316_STEAM_1,0,107,107_CC_1,104,4638.293987333,4757.977914547,119.683927214
1,poi_bus_120,120,Attila,unity,1,19,2020-01-01T19:00:00+00:00,1,branch_A11_immediate,branch,A11,fixed,short_term,188.895833333,0,905.491554147,-29.969999357,0,true,true,false,constraint_violation,0.955191559,308,1.06730812,210,0.01730812,1.503922149,AB1,28.782157799,107_CC_1,185.220529822,316_STEAM_1,0,107,107_CC_1,104,4638.293987333,4790.409478332,152.115490999
1,poi_bus_120,120,Attila,unity,1,19,2020-01-01T19:00:00+00:00,2,branch_A11_sustained,branch,A11,bounded,continuous,188.895833333,0,905.491554147,100.000000001,0.000000001,true,true,false,constraint_violation,0.955457993,308,1.07115721,210,0.02115721,0.911013485,A10,13.28559459,123_STEAM_2,143.103786706,316_STEAM_1,106.28559459,123,123_STEAM_3,104,4638.293987333,4744.579581923,106.28559459
1,poi_bus_120,120,Attila,unity,1,19,2020-01-01T19:00:00+00:00,3,branch_A12-1_immediate,branch,A12-1,fixed,short_term,188.895833333,0,905.491554147,-29.969999357,0,true,true,false,constraint_violation,0.955132716,308,1.071885123,210,0.021885123,0.799663041,AB1,0,101_STEAM_3,184.231703748,316_STEAM_1,0,107,107_CC_1,104,4638.293987333,4759.219415155,120.925427822
1,poi_bus_120,120,Attila,unity,1,19,2020-01-01T19:00:00+00:00,4,branch_A12-1_sustained,branch,A12-1,bounded,continuous,188.895833333,0,905.491554147,-100,0,true,true,false,constraint_violation,0.9568,307,1.07352166,210,0.02352166,0.934034046,A10,0,101_STEAM_3,393.374512949,317_WIND_1,0,317,317_WIND_1,104,4638.293987333,4751.498075276,113.204087943
1,poi_bus_120,120,Attila,unity,1,19,2020-01-01T19:00:00+00:00,5,branch_A34_immediate,branch,A34,fixed,short_term,188.895833333,0,905.491554147,-29.969999356,0,true,true,false,constraint_violation,0.955152904,308,1.072017278,210,0.022017278,0.800710425,A10,8.487416619,107_CC_1,184.500195,316_STEAM_1,0,107,107_CC_1,104,4638.293987333,4770.114737152,131.820749819
1,poi_bus_120,120,Attila,unity,1,19,2020-01-01T19:00:00+00:00,6,branch_A34_sustained,branch,A34,bounded,continuous,188.895833333,0,905.491554147,-100,0.000000001,true,true,false,constraint_violation,0.955797336,308,1.072720712,210,0.022720712,0.948141319,CA-1,0,101_STEAM_3,223.026236865,316_STEAM_1,0,107,107_CC_1,104,4638.293987333,4782.008343999,143.714356666
1,poi_bus_120,120,Attila,unity,1,19,2020-01-01T19:00:00+00:00,7,branch_B12-1_immediate,branch,B12-1,fixed,short_term,188.895833333,0,905.491554147,-29.969999356,0.000000001,true,true,false,constraint_violation,0.871088063,207,1.061468686,110,0.078911937,0.80103822,A10,5.601498223,107_CC_1,184.11577938,316_STEAM_1,0,107,107_CC_1,104,4638.293987333,4767.228818756,128.934831423
1,poi_bus_120,120,Attila,unity,1,19,2020-01-01T19:00:00+00:00,8,branch_B12-1_sustained,branch,B12-1,bounded,continuous,188.895833333,0,905.491554147,100,0,true,true,false,constraint_violation,0.872051163,207,1.062743224,110,0.077948837,1.001895758,B13-2,0,101_STEAM_3,128.398565919,316_STEAM_1,0,223,223_STEAM_3,104,4638.293987333,4748.156169307,109.862181974
1,poi_bus_120,120,Attila,unity,1,19,2020-01-01T19:00:00+00:00,9,branch_B22_immediate,branch,B22,fixed,short_term,188.895833333,0,905.491554147,-29.969999356,0.000000001,true,true,false,constraint_violation,0.955167581,308,1.06295966,210,0.01295966,0.810265952,AB1,4.80292814,107_CC_1,184.738507665,316_STEAM_1,0,107,107_CC_1,104,4638.293987333,4766.430248673,128.13626134
1,poi_bus_120,120,Attila,unity,1,19,2020-01-01T19:00:00+00:00,10,branch_B22_sustained,branch,B22,bounded,continuous,188.895833333,0,905.491554147,-100,0,true,true,false,constraint_violation,0.9568,307,1.066059552,110,0.016059552,0.932896442,A10,0,101_STEAM_3,393.03569189,317_WIND_1,0,317,317_WIND_1,104,4638.293987333,4754.409543618,116.115556285
1,poi_bus_120,120,Attila,unity,1,19,2020-01-01T19:00:00+00:00,11,branch_B6_immediate,branch,B6,fixed,short_term,188.895833333,0,905.491554147,-29.969999357,0,true,true,false,constraint_violation,0.955103946,308,1.073041651,210,0.023041651,0.799210135,A10,0,101_STEAM_3,183.950007095,316_STEAM_1,0,107,107_CC_1,104,4638.293987333,4759.313311828,121.019324495
1,poi_bus_120,120,Attila,unity,1,19,2020-01-01T19:00:00+00:00,12,branch_B6_sustained,branch,B6,bounded,continuous,188.895833333,0,905.491554147,-99.999999999,0.000000001,true,true,false,constraint_violation,0.95286387,308,1.072912677,210,0.022912677,0.932101934,A10,15.119783141,123_STEAM_2,202.768407836,316_STEAM_1,108.119783141,123,123_STEAM_3,104,4638.293987333,4746.413770474,108.119783141
1,poi_bus_120,120,Attila,unity,1,19,2020-01-01T19:00:00+00:00,13,branch_C12-1_immediate,branch,C12-1,fixed,short_term,188.895833333,0,905.491554147,-29.969999356,0.000000001,true,true,false,constraint_violation,0.931917782,308,1.072011251,210,0.022011251,0.822671148,C13-2,8.257620469,107_CC_1,190.200866918,316_STEAM_1,0,107,107_CC_1,104,4638.293987333,4769.884941002,131.590953669
1,poi_bus_120,120,Attila,unity,1,19,2020-01-01T19:00:00+00:00,14,branch_C12-1_sustained,branch,C12-1,bounded,continuous,188.895833333,0,905.491554147,-100,0.000000001,true,true,false,constraint_violation,0.938144709,308,1.072526242,210,0.022526242,1.017283331,CA-1,0,101_STEAM_3,251.685382449,316_STEAM_1,0,107,107_CC_1,104,4638.293987333,4782.047536675,143.753549342
1,poi_bus_120,120,Attila,unity,1,19,2020-01-01T19:00:00+00:00,15,branch_C27_immediate,branch,C27,fixed,short_term,188.895833333,0,905.491554147,-29.969999356,0,true,true,false,constraint_violation,0.953733159,308,1.071841602,210,0.021841602,0.887587877,C29,20.80807945,107_CC_1,250.235222959,316_STEAM_1,0,107,107_CC_1,104,4638.293987333,4782.435399983,144.14141265
1,poi_bus_120,120,Attila,unity,1,19,2020-01-01T19:00:00+00:00,16,branch_C27_sustained,branch,C27,bounded,continuous,188.895833333,0,905.491554147,-99.999999999,0.000000001,true,true,false,constraint_violation,0.951282763,308,1.07325914,210,0.02325914,1.019886876,C29,0,101_STEAM_3,266.144880831,316_STEAM_1,0,317,317_WIND_1,104,4638.293987334,4778.129828927,139.835841593
1,poi_bus_120,120,Attila,unity,1,19,2020-01-01T19:00:00+00:00,17,branch_C6_immediate,branch,C6,fixed,short_term,188.895833333,0,905.491554147,-29.969999356,0.000000001,true,true,false,constraint_violation,0.954595237,308,1.072076995,210,0.022076995,0.801786628,A10,0,101_STEAM_3,186.518353246,316_STEAM_1,0,107,107_CC_1,104,4638.293987333,4759.889216009,121.595228676
1,poi_bus_120,120,Attila,unity,1,19,2020-01-01T19:00:00+00:00,18,branch_C6_sustained,branch,C6,bounded,continuous,188.895833333,0,905.491554147,-100,0,true,true,false,constraint_violation,0.9568,307,1.073423005,210,0.023423005,0.932202543,A10,0,101_STEAM_3,393.733594222,317_WIND_1,0,317,317_WIND_1,104,4638.293987333,4752.922517978,114.628530645
1,poi_bus_120,120,Attila,unity,1,19,2020-01-01T19:00:00+00:00,19,branch_CA-1_immediate,branch,CA-1,fixed,short_term,188.895833333,0,905.491554147,-29.969999356,0.000000001,true,true,false,constraint_violation,0.953775442,308,1.070069205,210,0.020069205,1.171229366,AB1,82.116572887,107_CC_1,316.869153817,316_STEAM_1,0,107,107_CC_1,104,4638.293987333,4843.74389342,205.449906087
1,poi_bus_120,120,Attila,unity,1,19,2020-01-01T19:00:00+00:00,20,branch_CA-1_sustained,branch,CA-1,bounded,continuous,188.895833333,0,905.491554147,100,0,true,true,false,constraint_violation,0.9568,307,1.073374375,210,0.023374375,0.926915296,A10,0,101_STEAM_3,383.519745937,316_STEAM_1,0,317,317_WIND_1,104,4638.293987333,4783.368661337,145.074674004
1,poi_bus_120,120,Attila,unity,1,19,2020-01-01T19:00:00+00:00,21,generator_121_NUCLEAR_1_sustained,generator,121_NUCLEAR_1,bounded,continuous,188.895833333,0,905.491554147,100.000000001,0.000000001,true,true,false,constraint_violation,0.955219788,308,1.071856136,210,0.021856136,0.912259863,A10,0,101_STEAM_3,157.95811198,316_STEAM_1,0,107,107_CC_1,103,4638.293987333,4737.148056802,98.854069469
1,poi_bus_120,120,Attila,unity,1,19,2020-01-01T19:00:00+00:00,22,generator_213_CC_3_sustained,generator,213_CC_3,bounded,continuous,188.895833333,0,905.491554147,100,0,true,true,false,constraint_violation,0.955062099,308,1.07310503,210,0.02310503,0.924967946,A10,0,101_STEAM_3,410.346535863,317_WIND_1,0,317,317_WIND_1,104,4638.293987333,4743.466181056,105.172193723
1,poi_bus_120,120,Attila,unity,1,19,2020-01-01T19:00:00+00:00,23,generator_313_CC_1_sustained,generator,313_CC_1,bounded,continuous,188.895833333,0,905.491554147,-99.999999999,0.000000001,true,true,false,constraint_violation,0.933554854,312,1.073368394,210,0.023368394,1.132419409,C27,0,101_STEAM_3,527.179380444,316_STEAM_1,0,317,317_WIND_1,103,4638.293987333,4779.929565876,141.635578543
1,poi_bus_120,120,Attila,unity,1,20,2020-01-01T20:00:00+00:00,0,normal,normal,,base,continuous,189.041666667,0,873.422843137,-35.025198361,0,true,true,false,constraint_violation,0.9568,307,1.074226968,210,0.024226968,0.979925082,C27,0,101_STEAM_3,16.761389184,101_STEAM_3,0,107,107_CC_1,102,4480.860809667,4587.78968605,106.928876383
1,poi_bus_120,120,Attila,unity,1,20,2020-01-01T20:00:00+00:00,1,branch_A11_immediate,branch,A11,fixed,short_term,189.041666667,0,873.422843137,-35.02519836,0.000000001,true,true,false,constraint_violation,0.9568,307,1.071824257,210,0.021824257,1.094147366,AB1,0,101_STEAM_3,18.629039511,321_CC_1,0,107,107_CC_1,102,4480.860809667,4604.407023864,123.546214197
1,poi_bus_120,120,Attila,unity,1,20,2020-01-01T20:00:00+00:00,2,branch_A11_sustained,branch,A11,bounded,continuous,189.041666667,0,873.422843137,100.000000001,0.000000001,true,true,false,constraint_violation,0.954352239,308,1.074279508,210,0.024279508,0.916482842,A10,0,101_STEAM_3,239.01951821,317_WIND_1,0,317,317_WIND_1,102,4480.860809667,4591.865980701,111.005171034
1,poi_bus_120,120,Attila,unity,1,20,2020-01-01T20:00:00+00:00,3,branch_A12-1_immediate,branch,A12-1,fixed,short_term,189.041666667,0,873.422843137,-35.02519836,0.000000001,true,true,false,constraint_violation,0.9568,307,1.074163701,210,0.024163701,0.805981135,A10,0,101_STEAM_3,16.598417247,101_STEAM_3,0,107,107_CC_1,102,4480.860809667,4588.121087492,107.260277825
1,poi_bus_120,120,Attila,unity,1,20,2020-01-01T20:00:00+00:00,4,branch_A12-1_sustained,branch,A12-1,bounded,continuous,189.041666667,0,873.422843137,-100,0,true,true,false,constraint_violation,0.9568,307,1.075319989,210,0.025319989,0.934689505,A10,0,101_STEAM_3,211.988879907,317_WIND_1,0,317,317_WIND_1,102,4480.860809667,4588.564824352,107.704014685
1,poi_bus_120,120,Attila,unity,1,20,2020-01-01T20:00:00+00:00,5,branch_A34_immediate,branch,A34,fixed,short_term,189.041666667,0,873.422843137,-35.025198361,0,true,true,false,constraint_violation,0.9568,307,1.074164225,210,0.024164225,0.807754484,A10,0,101_STEAM_3,17.698840654,321_CC_1,0,107,107_CC_1,102,4480.860809667,4603.753827496,122.893017829
1,poi_bus_120,120,Attila,unity,1,20,2020-01-01T20:00:00+00:00,6,branch_A34_sustained,branch,A34,bounded,continuous,189.041666667,0,873.422843137,-100,0.000000001,true,true,false,constraint_violation,0.953357338,308,1.075218603,210,0.025218603,0.932612191,A10,0,101_STEAM_3,230.500349228,321_CC_1,0,317,317_WIND_1,102,4480.860809667,4617.031157053,136.170347386
1,poi_bus_120,120,Attila,unity,1,20,2020-01-01T20:00:00+00:00,7,branch_B12-1_immediate,branch,B12-1,fixed,short_term,189.041666667,0,873.422843137,-35.02519836,0,true,true,false,constraint_violation,0.8835284,207,1.063701349,110,0.0664716,0.808545859,A10,0,101_STEAM_3,16.671643521,101_STEAM_3,0,107,107_CC_1,102,4480.860809667,4595.887973017,115.02716335
1,poi_bus_120,120,Attila,unity,1,20,2020-01-01T20:00:00+00:00,8,branch_B12-1_sustained,branch,B12-1,bounded,continuous,189.041666667,0,873.422843137,100,0,true,true,false,constraint_violation,0.884861492,207,1.063543472,110,0.065138508,0.966649045,B13-2,22.167296647,223_STEAM_2,28.398078193,321_CC_1,115.167296647,223,223_STEAM_3,102,4480.860809667,4596.028106314,115.167296647
1,poi_bus_120,120,Attila,unity,1,20,2020-01-01T20:00:00+00:00,9,branch_B22_immediate,branch,B22,fixed,short_term,189.041666667,0,873.422843137,-35.02519836,0,true,true,false,constraint_violation,0.9568,307,1.065338228,210,0.015338228,0.810035175,A10,0,101_STEAM_3,18.277461469,321_CC_1,0,107,107_CC_1,102,4480.860809667,4596.514445322,115.653635655
1,poi_bus_120,120,Attila,unity,1,20,2020-01-01T20:00:00+00:00,10,branch_B22_sustained,branch,B22,bounded,continuous,189.041666667,0,873.422843137,-100,0,true,true,false,constraint_violation,0.953739662,308,1.070165661,110,0.020165661,1.039379475,C27,0,101_STEAM_3,101.723968727,321_CC_1,0,107,107_CC_1,102,4480.860809667,4608.326229539,127.465419872
1,poi_bus_120,120,Attila,unity,1,20,2020-01-01T20:00:00+00:00,11,branch_B6_immediate,branch,B6,fixed,short_term,189.041666667,0,873.422843137,-35.025198361,0,true,true,false,constraint_violation,0.9568,307,1.074733997,210,0.024733997,0.807466147,A10,0,101_STEAM_3,16.54400552,101_STEAM_3,0,107,107_CC_1,102,4480.860809667,4588.493181274,107.632371607
1,poi_bus_120,120,Attila,unity,1,20,2020-01-01T20:00:00+00:00,12,branch_B6_sustained,branch,B6,bounded,continuous,189.041666667,0,873.422843137,-100,0.000000001,true,true,false,constraint_violation,0.956585077,308,1.075297133,210,0.025297133,0.93196998,A10,0,101_STEAM_3,222.718226417,321_CC_1,0,317,317_WIND_1,102,4480.860809667,4597.330025063,116.469215396
1,poi_bus_120,120,Attila,unity,1,20,2020-01-01T20:00:00+00:00,13,branch_C12-1_immediate,branch,C12-1,fixed,short_term,189.041666667,0,873.422843137,-35.02519836,0.000000001,true,true,false,constraint_violation,0.937420021,308,1.074184254,210,0.024184254,0.808497197,A10,0,101_STEAM_3,41.087868414,307_CT_1,0,107,107_CC_1,102,4480.860809667,4597.350752644,116.489942977
1,poi_bus_120,120,Attila,unity,1,20,2020-01-01T20:00:00+00:00,14,branch_C12-1_sustained,branch,C12-1,bounded,continuous,189.041666667,0,873.422843137,-100,0.000000001,true,true,false,constraint_violation,0.941671997,308,1.073663953,210,0.023663953,0.960854498,AB1,0,101_STEAM_3,242.784234004,321_CC_1,0,317,317_WIND_1,102,4480.860809667,4612.670220599,131.809410932
1,poi_bus_120,120,Attila,unity,1,20,2020-01-01T20:00:00+00:00,15,branch_C27_immediate,branch,C27,fixed,short_term,189.041666667,0,873.422843137,-35.025198361,0.000000002,true,true,false,constraint_violation,0.955509501,308,1.073910981,210,0.023910981,0.992664764,C29,0,101_STEAM_3,139.757630399,321_CC_1,0,107,107_CC_1,102,4480.860809667,4616.033224696,135.172415029
1,poi_bus_120,120,Attila,unity,1,20,2020-01-01T20:00:00+00:00,16,branch_C27_sustained,branch,C27,bounded,continuous,189.041666667,0,873.422843137,-100,0.000000001,true,true,false,constraint_violation,0.955329426,308,1.074606761,210,0.024606761,0.971939242,CA-1,0,101_STEAM_3,274.872777681,321_CC_1,0,317,317_WIND_1,102,4480.860809667,4609.526416017,128.66560635
1,poi_bus_120,120,Attila,unity,1,20,2020-01-01T20:00:00+00:00,17,branch_C6_immediate,branch,C6,fixed,short_term,189.041666667,0,873.422843137,-35.025198361,0.000000001,true,true,false,constraint_violation,0.9568,307,1.074196388,210,0.024196388,0.808888994,A10,0,101_STEAM_3,16.956161982,321_CC_1,0,107,107_CC_1,102,4480.860809667,4591.423855517,110.56304585
1,poi_bus_120,120,Attila,unity,1,20,2020-01-01T20:00:00+00:00,18,branch_C6_sustained,branch,C6,bounded,continuous,189.041666667,0,873.422843137,-100,0.000000001,true,true,false,constraint_violation,0.9568,307,1.07522875,210,0.02522875,0.927560813,A10,0,101_STEAM_3,215.483425384,317_WIND_1,0,317,317_WIND_1,102,4480.860809667,4585.981109979,105.120300312
1,poi_bus_120,120,Attila,unity,1,20,2020-01-01T20:00:00+00:00,19,branch_CA-1_immediate,branch,CA-1,fixed,short_term,189.041666667,0,873.422843137,-35.02519836,0.000000001,true,true,false,constraint_violation,0.955998907,308,1.073795663,210,0.023795663,1.052133453,C27,0,101_STEAM_3,154.993072778,321_CC_1,0,107,107_CC_1,102,4480.860809667,4641.83765818,160.976848513
1,poi_bus_120,120,Attila,unity,1,20,2020-01-01T20:00:00+00:00,20,branch_CA-1_sustained,branch,CA-1,bounded,continuous,189.041666667,0,873.422843137,100,0.000000001,true,true,false,constraint_violation,0.9568,307,1.073744403,210,0.023744403,1.013564911,C27,0,101_STEAM_3,21.896249761,321_CC_1,0,122,122_WIND_1,102,4480.860809667,4577.407438477,96.54662881
1,poi_bus_120,120,Attila,unity,1,20,2020-01-01T20:00:00+00:00,21,generator_121_NUCLEAR_1_sustained,generator,121_NUCLEAR_1,bounded,continuous,189.041666667,0,873.422843137,99.999999999,0,true,true,false,constraint_violation,0.95537105,308,1.074060252,210,0.024060252,1.02930309,C27,0,101_STEAM_3,47.364800351,321_CC_1,0,107,107_CC_1,101,4480.860809667,4582.94163911,102.080829443
1,poi_bus_120,120,Attila,unity,1,20,2020-01-01T20:00:00+00:00,22,generator_213_CC_3_sustained,generator,213_CC_3,bounded,continuous,189.041666667,0,873.422843137,100,0.000000002,true,true,false,constraint_violation,0.9568,307,1.074931517,210,0.024931517,0.926128236,A10,0,101_STEAM_3,245.130958368,317_WIND_1,0,317,317_WIND_1,102,4480.860809667,4580.797832806,99.937023139
1,poi_bus_120,120,Attila,unity,1,20,2020-01-01T20:00:00+00:00,23,generator_313_CC_1_sustained,generator,313_CC_1,bounded,continuous,189.041666667,0,873.422843137,13.008319796,0,true,true,false,constraint_violation,0.954005338,308,1.074034474,210,0.024034474,0.987871751,CA-1,0,101_STEAM_3,221.43301145,317_WIND_1,0,317,317_WIND_1,101,4480.860809667,4624.274390589,143.413580922
1,poi_bus_120,120,Attila,unity,1,21,2020-01-01T21:00:00+00:00,0,normal,normal,,base,continuous,188.895833333,0,817.335364035,-100,0.000000001,true,true,false,constraint_violation,0.895090076,307,1.078226526,210,0.054909924,0.92808543,A10,0,101_STEAM_3,17.941195648,101_STEAM_3,0,107,107_CC_1,99,4205.112708333,4307.629952581,102.517244248
1,poi_bus_120,120,Attila,unity,1,21,2020-01-01T21:00:00+00:00,1,branch_A11_immediate,branch,A11,fixed,short_term,188.895833333,0,817.335364035,-100,0,true,true,false,constraint_violation,0.894964116,307,1.075592501,210,0.055035884,1.102234745,AB1,0,101_STEAM_3,18.184187185,101_STEAM_3,0,107,107_CC_1,99,4205.112708333,4324.615619284,119.502910951
1,poi_bus_120,120,Attila,unity,1,21,2020-01-01T21:00:00+00:00,2,branch_A11_sustained,branch,A11,bounded,continuous,188.895833333,0,817.335364035,-100.000000001,0,true,true,false,constraint_violation,0.893572937,307,1.077236972,210,0.056427063,1.002437703,AB1,14.336108625,223_STEAM_1,18.12038162,101_STEAM_3,107.336108625,223,223_STEAM_3,99,4205.112708333,4312.448816958,107.336108625
1,poi_bus_120,120,Attila,unity,1,21,2020-01-01T21:00:00+00:00,3,branch_A12-1_immediate,branch,A12-1,fixed,short_term,188.895833333,0,817.335364035,-100.000000001,0,true,true,false,constraint_violation,0.895083608,307,1.078123967,210,0.054916392,0.807678292,A10,0,101_STEAM_3,17.781926476,101_STEAM_3,0,107,107_CC_1,99,4205.112708333,4308.140172409,103.027464076
1,poi_bus_120,120,Attila,unity,1,21,2020-01-01T21:00:00+00:00,4,branch_A12-1_sustained,branch,A12-1,bounded,continuous,188.895833333,0,817.335364035,-100,0,true,true,false,constraint_violation,0.899691198,307,1.079528735,210,0.050308802,0.93977443,A10,4.395698704,223_STEAM_1,18.662409481,101_STEAM_3,97.395698704,223,223_STEAM_3,99,4205.112708333,4302.508407037,97.395698704
1,poi_bus_120,120,Attila,unity,1,21,2020-01-01T21:00:00+00:00,5,branch_A34_immediate,branch,A34,fixed,short_term,188.895833333,0,817.335364035,-100.000000001,0,true,true,false,constraint_violation,0.895029333,307,1.078155394,210,0.054970667,0.810464077,A10,0,101_STEAM_3,17.539057298,101_STEAM_3,0,107,107_CC_1,99,4205.112708333,4321.423502054,116.310793721
1,poi_bus_120,120,Attila,unity,1,21,2020-01-01T21:00:00+00:00,6,branch_A34_sustained,branch,A34,bounded,continuous,188.895833333,0,817.335364035,-100.000000001,0,true,true,false,constraint_violation,0.894527042,307,1.078864682,210,0.055472958,0.917775914,A10,0,101_STEAM_3,72.880247468,317_WIND_1,0,317,317_WIND_1,99,4205.112708333,4307.348543843,102.23583551
1,poi_bus_120,120,Attila,unity,1,21,2020-01-01T21:00:00+00:00,7,branch_B12-1_immediate,branch,B12-1,fixed,short_term,188.895833333,0,817.335364035,-100.000000001,0,true,true,false,constraint_violation,0.895097424,307,1.065815543,110,0.054902576,0.811391847,A10,0,101_STEAM_3,17.854382934,101_STEAM_3,0,107,107_CC_1,99,4205.112708333,4314.235177667,109.122469334
1,poi_bus_120,120,Attila,unity,1,21,2020-01-01T21:00:00+00:00,8,branch_B12-1_sustained,branch,B12-1,bounded,continuous,188.895833333,0,817.335364035,-100,0,true,true,false,constraint_violation,0.896579995,307,1.067647484,110,0.053420005,1.003475546,C27,0,101_STEAM_3,18.125904319,101_STEAM_3,0,122,122_WIND_1,99,4205.112708333,4294.948148219,89.835439886
1,poi_bus_120,120,Attila,unity,1,21,2020-01-01T21:00:00+00:00,9,branch_B22_immediate,branch,B22,fixed,short_term,188.895833333,0,817.335364035,-100,0,true,true,false,constraint_violation,0.894999554,307,1.070615536,210,0.055000446,0.812874659,A10,0,101_STEAM_3,18.036461668,101_STEAM_3,0,107,107_CC_1,99,4205.112708333,4314.767836086,109.655127753
1,poi_bus_120,120,Attila,unity,1,21,2020-01-01T21:00:00+00:00,10,branch_B22_sustained,branch,B22,bounded,continuous,188.895833333,0,817.335364035,100,0.000000001,true,true,false,constraint_violation,0.895825388,307,1.069004893,210,0.054174612,0.930661077,A10,0,101_STEAM_3,17.941783153,101_STEAM_3,0,123,123_STEAM_3,99,4205.112708333,4315.814788577,110.702080244
1,poi_bus_120,120,Attila,unity,1,21,2020-01-01T21:00:00+00:00,11,branch_B6_immediate,branch,B6,fixed,short_term,188.895833333,0,817.335364035,-100,0.000000001,true,true,false,constraint_violation,0.895120949,307,1.079076182,210,0.054879051,0.810078372,A10,0,101_STEAM_3,17.687481428,101_STEAM_3,0,107,107_CC_1,99,4205.112708333,4308.37016014,103.257451807
1,poi_bus_120,120,Attila,unity,1,21,2020-01-01T21:00:00+00:00,12,branch_B6_sustained,branch,B6,bounded,continuous,188.895833333,0,817.335364035,-100,0,true,true,false,constraint_violation,0.891471431,307,1.079009242,210,0.058528569,0.927845185,CA-1,0,101_STEAM_3,16.357474054,101_STEAM_3,0,317,317_WIND_1,99,4205.112708333,4334.659781455,129.547073122
1,poi_bus_120,120,Attila,unity,1,21,2020-01-01T21:00:00+00:00,13,branch_C12-1_immediate,branch,C12-1,fixed,short_term,188.895833333,0,817.335364035,-100,0.000000001,true,false,false,not_converged,,,,,,,,,,,,,107,107_CC_1,99,,,
1,poi_bus_120,120,Attila,unity,1,21,2020-01-01T21:00:00+00:00,14,branch_C12-1_sustained,branch,C12-1,bounded,continuous,188.895833333,0,817.335364035,-100,0,true,false,false,not_converged,,,,,,,,,,,,,303,303_WIND_1,99,,,
1,poi_bus_120,120,Attila,unity,1,21,2020-01-01T21:00:00+00:00,15,branch_C27_immediate,branch,C27,fixed,short_term,188.895833333,0,817.335364035,-100,0.000000001,true,true,false,constraint_violation,0.878074105,307,1.077943807,210,0.071925895,0.994649553,C29,0,101_STEAM_3,17.336420664,101_STEAM_3,0,107,107_CC_1,99,4205.112708333,4337.936682545,132.823974212
1,poi_bus_120,120,Attila,unity,1,21,2020-01-01T21:00:00+00:00,16,branch_C27_sustained,branch,C27,bounded,continuous,188.895833333,0,817.335364035,99.999999999,0,true,true,false,constraint_violation,0.89249117,307,1.078623903,210,0.05750883,0.926687361,A10,0,101_STEAM_3,85.170754227,317_WIND_1,0,317,317_WIND_1,99,4205.112708333,4301.899014219,96.786305886
1,poi_bus_120,120,Attila,unity,1,21,2020-01-01T21:00:00+00:00,17,branch_C6_immediate,branch,C6,fixed,short_term,188.895833333,0,817.335364035,-100,0.000000001,true,true,false,constraint_violation,0.884146531,307,1.078163652,210,0.065853469,0.811057724,A10,0,101_STEAM_3,17.815859838,101_STEAM_3,0,107,107_CC_1,99,4205.112708333,4316.501675603,111.38896727
1,poi_bus_120,120,Attila,unity,1,21,2020-01-01T21:00:00+00:00,18,branch_C6_sustained,branch,C6,bounded,continuous,188.895833333,0,817.335364035,-100.000000001,0,true,true,false,constraint_violation,0.895229853,307,1.078408898,210,0.054770147,0.992578726,C27,0,101_STEAM_3,18.604500758,101_STEAM_3,0,303,303_WIND_1,99,4205.112708334,4298.530102702,93.417394368
1,poi_bus_120,120,Attila,unity,1,21,2020-01-01T21:00:00+00:00,19,branch_CA-1_immediate,branch,CA-1,fixed,short_term,188.895833333,0,817.335364035,-100,0,true,true,false,constraint_violation,0.874237918,307,1.077160876,210,0.075762082,1.00129556,C27,0,101_STEAM_3,21.23672407,322_HYDRO_1,0,107,107_CC_1,99,4205.112708333,4371.43971722,166.327008887
1,poi_bus_120,120,Attila,unity,1,21,2020-01-01T21:00:00+00:00,20,branch_CA-1_sustained,branch,CA-1,bounded,continuous,188.895833333,0,817.335364035,90.003520666,0.000000002,true,true,false,constraint_violation,0.888835056,307,1.078802214,210,0.061164944,0.933021866,A10,0,101_STEAM_3,28.319646674,317_WIND_1,0,317,317_WIND_1,99,4205.112708333,4335.984908614,130.872200281
1,poi_bus_120,120,Attila,unity,1,21,2020-01-01T21:00:00+00:00,21,generator_121_NUCLEAR_1_sustained,generator,121_NUCLEAR_1,bounded,continuous,188.895833333,0,817.335364035,-100,0.000000001,true,true,false,constraint_violation,0.895075451,307,1.077748164,210,0.054924549,0.983138324,C27,0,101_STEAM_3,14.922305984,102_STEAM_3,0,303,303_WIND_1,98,4205.112708333,4304.098512309,98.985803976
1,poi_bus_120,120,Attila,unity,1,21,2020-01-01T21:00:00+00:00,22,generator_213_CC_3_sustained,generator,213_CC_3,bounded,continuous,188.895833333,0,817.335364035,100,0,true,true,false,constraint_violation,0.901298285,307,1.077995747,210,0.048701715,0.92965231,A10,0,101_STEAM_3,17.709268008,101_STEAM_3,0,123,123_STEAM_3,99,4205.112708333,4297.838398345,92.725690012
1,poi_bus_120,120,Attila,unity,1,21,2020-01-01T21:00:00+00:00,23,generator_313_CC_1_sustained,generator,313_CC_1,bounded,continuous,188.895833333,0,817.335364035,2.291375361,0,true,true,false,constraint_violation,0.785067878,307,1.076795126,210,0.164932122,1.052613079,C27,0,101_STEAM_3,204.690533459,216_STEAM_1,0,107,107_CC_1,98,4205.112708333,4340.681170133,135.5684618
1,poi_bus_120,120,Attila,unity,1,22,2020-01-01T22:00:00+00:00,0,normal,normal,,base,continuous,186.645833333,0,754.430540512,-100,0.000000001,true,true,false,constraint_violation,0.927156262,307,1.082114723,210,0.032114723,0.933499401,A10,0,101_STEAM_3,19.134837838,101_STEAM_3,0,107,107_CC_1,98,3893.761420333,3997.583504016,103.822083683
1,poi_bus_120,120,Attila,unity,1,22,2020-01-01T22:00:00+00:00,1,branch_A11_immediate,branch,A11,fixed,short_term,186.645833333,0,754.430540512,-100.000000001,0.000000001,true,true,false,constraint_violation,0.927124333,307,1.079321539,210,0.029321539,1.11665778,AB1,0,101_STEAM_3,19.684455794,101_STEAM_3,0,107,107_CC_1,98,3893.761420333,4014.654164539,120.892744206
1,poi_bus_120,120,Attila,unity,1,22,2020-01-01T22:00:00+00:00,2,branch_A11_sustained,branch,A11,bounded,continuous,186.645833333,0,754.430540512,-100,0.000000001,true,true,false,constraint_violation,0.927837934,307,1.080390132,210,0.030390132,1.002701325,AB1,0,101_STEAM_3,19.612214812,101_STEAM_3,0,122,122_WIND_1,98,3893.761420333,3978.68603463,84.924614297
1,poi_bus_120,120,Attila,unity,1,22,2020-01-01T22:00:00+00:00,3,branch_A12-1_immediate,branch,A12-1,fixed,short_term,186.645833333,0,754.430540512,-100,0.000000001,true,true,false,constraint_violation,0.927155523,307,1.081987485,210,0.031987485,0.811614061,A10,0,101_STEAM_3,18.961885088,101_STEAM_3,0,107,107_CC_1,98,3893.761420333,3998.197744456,104.436324123
1,poi_bus_120,120,Attila,unity,1,22,2020-01-01T22:00:00+00:00,4,branch_A12-1_sustained,branch,A12-1,bounded,continuous,186.645833333,0,754.430540512,-100,0.000000001,true,true,false,constraint_violation,0.923099994,307,1.082918374,210,0.032918374,0.944380716,A10,0,101_STEAM_3,19.91651712,101_STEAM_3,0,303,303_WIND_1,98,3893.761420333,3991.531406416,97.769986083
1,poi_bus_120,120,Attila,unity,1,22,2020-01-01T22:00:00+00:00,5,branch_A34_immediate,branch,A34,fixed,short_term,186.645833333,0,754.430540512,-100,0.000000001,true,true,false,constraint_violation,0.927131819,307,1.081916801,210,0.031916801,0.952422505,A30,0,101_STEAM_3,21.751966519,121_NUCLEAR_1,0,107,107_CC_1,98,3893.761420333,4028.797201307,135.035780974
1,poi_bus_120,120,Attila,unity,1,22,2020-01-01T22:00:00+00:00,6,branch_A34_sustained,branch,A34,bounded,continuous,186.645833333,0,754.430540512,100,0.000000002,true,true,false,constraint_violation,0.916172621,307,1.082484655,210,0.033827379,1.009528078,A30,0,101_STEAM_3,77.937175287,317_WIND_1,0,317,317_WIND_1,98,3893.761420333,4005.889361607,112.127941274
1,poi_bus_120,120,Attila,unity,1,22,2020-01-01T22:00:00+00:00,7,branch_B12-1_immediate,branch,B12-1,fixed,short_term,186.645833333,0,754.430540512,-100,0.000000002,true,true,false,constraint_violation,0.92715671,307,1.067635297,210,0.02284329,0.816169086,A10,0,101_STEAM_3,19.059333826,101_STEAM_3,0,107,107_CC_1,98,3893.761420333,4002.824458583,109.06303825
1,poi_bus_120,120,Attila,unity,1,22,2020-01-01T22:00:00+00:00,8,branch_B12-1_sustained,branch,B12-1,bounded,continuous,186.645833333,0,754.430540512,-99.999999999,0,true,true,false,constraint_violation,0.911626178,307,1.068679784,110,0.038373822,0.940101614,A10,0,101_STEAM_3,23.571910903,317_WIND_1,0,317,317_WIND_1,98,3893.761420333,4009.104525616,115.343105283
1,poi_bus_120,120,Attila,unity,1,22,2020-01-01T22:00:00+00:00,9,branch_B22_immediate,branch,B22,fixed,short_term,186.645833333,0,754.430540512,-99.999999999,0,true,true,false,constraint_violation,0.927137903,307,1.075463719,210,0.025463719,0.81765058,A10,0,101_STEAM_3,19.205285109,101_STEAM_3,0,107,107_CC_1,98,3893.761420333,4004.110000503,110.34858017
1,poi_bus_120,120,Attila,unity,1,22,2020-01-01T22:00:00+00:00,10,branch_B22_sustained,branch,B22,bounded,continuous,186.645833333,0,754.430540512,-100,0.000000001,true,true,false,constraint_violation,0.91891001,307,1.076732736,210,0.03108999,0.940984351,A10,0,101_STEAM_3,20.180818116,101_STEAM_3,0,303,303_WIND_1,98,3893.761420333,4012.498321134,118.736900801
1,poi_bus_120,120,Attila,unity,1,22,2020-01-01T22:00:00+00:00,11,branch_B6_immediate,branch,B6,fixed,short_term,186.645833333,0,754.430540512,-100,0.000000001,true,true,false,constraint_violation,0.927156639,307,1.08332154,210,0.03332154,0.814766418,A10,0,101_STEAM_3,18.898382861,101_STEAM_3,0,107,107_CC_1,98,3893.761420333,3998.110862522,104.349442189
1,poi_bus_120,120,Attila,unity,1,22,2020-01-01T22:00:00+00:00,12,branch_B6_sustained,branch,B6,bounded,continuous,186.645833333,0,754.430540512,-100,0.000000001,true,true,false,constraint_violation,0.915836683,307,1.082918396,210,0.034163317,1.003013489,C27,0,101_STEAM_3,17.127186194,101_STEAM_3,0,122,122_WIND_1,98,3893.761420334,3986.590169138,92.828748804
1,poi_bus_120,120,Attila,unity,1,22,2020-01-01T22:00:00+00:00,13,branch_C12-1_immediate,branch,C12-1,fixed,short_term,186.645833333,0,754.430540512,-100.000000001,0.000000001,true,true,false,constraint_violation,0.744169569,307,1.082011359,210,0.205830431,0.900891659,C13-2,0,101_STEAM_3,18.956835658,101_STEAM_3,0,107,107_CC_1,98,3893.761420333,4014.028528388,120.267108055
1,poi_bus_120,120,Attila,unity,1,22,2020-01-01T22:00:00+00:00,14,branch_C12-1_sustained,branch,C12-1,bounded,continuous,186.645833333,0,754.430540512,-100,0.000000001,true,true,false,constraint_violation,0.707379945,307,1.082840728,210,0.242620055,1.165160434,C13-2,0,101_STEAM_3,20.09464038,101_STEAM_3,0,317,317_WIND_1,98,3893.761420333,4021.864316093,128.10289576
1,poi_bus_120,120,Attila,unity,1,22,2020-01-01T22:00:00+00:00,15,branch_C27_immediate,branch,C27,fixed,short_term,186.645833333,0,754.430540512,-100,0,true,true,false,constraint_violation,0.913917288,307,1.081868944,210,0.036082712,0.995474409,C29,0,101_STEAM_3,18.773021371,101_STEAM_3,0,107,107_CC_1,98,3893.761420333,4022.462474747,128.701054414
1,poi_bus_120,120,Attila,unity,1,22,2020-01-01T22:00:00+00:00,16,branch_C27_sustained,branch,C27,bounded,continuous,186.645833333,0,754.430540512,-100,0,true,true,false,constraint_violation,0.91378411,307,1.081500018,210,0.03621589,1.002062481,CA-1,0,101_STEAM_3,45.975171752,121_NUCLEAR_1,0,317,317_WIND_1,98,3893.761420334,4029.279746347,135.518326013
1,poi_bus_120,120,Attila,unity,1,22,2020-01-01T22:00:00+00:00,17,branch_C6_immediate,branch,C6,fixed,short_term,186.645833333,0,754.430540512,-100,0,true,true,false,constraint_violation,0.920370761,307,1.082074776,210,0.032074776,0.816155554,A10,0,101_STEAM_3,19.077412731,101_STEAM_3,0,107,107_CC_1,98,3893.761420333,4002.608602385,108.847182052
1,poi_bus_120,120,Attila,unity,1,22,2020-01-01T22:00:00+00:00,18,branch_C6_sustained,branch,C6,bounded,continuous,186.645833333,0,754.430540512,-100,0.000000001,true,true,false,constraint_violation,0.918176466,307,1.082853083,210,0.032853083,0.940569426,A10,0,101_STEAM_3,48.559882607,317_WIND_1,0,317,317_WIND_1,98,3893.761420333,4000.35134505,106.589924717
1,poi_bus_120,120,Attila,unity,1,22,2020-01-01T22:00:00+00:00,19,branch_CA-1_immediate,branch,CA-1,fixed,short_term,186.645833333,0,754.430540512,-100,0,true,true,false,constraint_violation,0.912996781,307,1.081232393,210,0.037003219,0.944349379,C27,0,101_STEAM_3,17.938439136,101_STEAM_3,0,107,107_CC_1,98,3893.761420333,4049.185315305,155.423894972
1,poi_bus_120,120,Attila,unity,1,22,2020-01-01T22:00:00+00:00,20,branch_CA-1_sustained,branch,CA-1,bounded,continuous,186.645833333,0,754.430540512,97.460376667,0,true,true,false,constraint_violation,0.920936422,307,1.082692493,210,0.032692493,0.939475006,A10,0,101_STEAM_3,18.106068925,101_STEAM_3,0,317,317_WIND_1,98,3893.761420333,4025.981812443,132.22039211
1,poi_bus_120,120,Attila,unity,1,22,2020-01-01T22:00:00+00:00,21,generator_121_NUCLEAR_1_sustained,generator,121_NUCLEAR_1,bounded,continuous,186.645833333,0,754.430540512,-100,0.000000001,true,true,false,constraint_violation,0.928006746,307,1.082204627,210,0.032204627,0.998356732,C27,0,101_STEAM_3,17.942474339,101_STEAM_3,0,122,122_WIND_1,97,3893.761420333,3974.325081324,80.563660991
1,poi_bus_120,120,Attila,unity,1,22,2020-01-01T22:00:00+00:00,22,generator_213_CC_3_sustained,generator,213_CC_3,bounded,continuous,186.645833333,0,754.430540512,-100,0.000000001,true,true,false,constraint_violation,0.91981317,307,1.081115911,210,0.031115911,0.983184866,C27,0,101_STEAM_3,18.340466856,101_STEAM_3,0,303,303_WIND_1,98,3893.761420333,4014.901379783,121.13995945
1,poi_bus_120,120,Attila,unity,1,22,2020-01-01T22:00:00+00:00,23,generator_313_CC_1_sustained,generator,313_CC_1,bounded,continuous,186.645833333,0,754.430540512,100,0.000000001,true,true,false,constraint_violation,0.879283543,307,1.081612546,210,0.070716457,0.948788831,C27,0,101_STEAM_3,17.681943404,101_STEAM_3,0,107,107_CC_1,97,3893.761420333,4015.877021325,122.115600992
1,poi_bus_120,120,Attila,unity,1,23,2020-01-01T23:00:00+00:00,0,normal,normal,,base,continuous,183,0,702.837257408,-100,0,true,true,false,constraint_violation,0.954468401,307,1.086097361,210,0.036097361,0.940338572,A10,0,101_STEAM_3,20.025452972,101_STEAM_3,0,221,221_CC_1,97,3636.5968683,3728.255037782,91.658169482
1,poi_bus_120,120,Attila,unity,1,23,2020-01-01T23:00:00+00:00,1,branch_A11_immediate,branch,A11,fixed,short_term,183,0,702.837257408,-100,0.000000001,true,true,false,constraint_violation,0.954446717,307,1.085710328,210,0.035710328,0.825335031,A10,0,101_STEAM_3,20.44848753,101_STEAM_3,0,221,221_CC_1,97,3636.5968683,3728.220977309,91.624109009
1,poi_bus_120,120,Attila,unity,1,23,2020-01-01T23:00:00+00:00,2,branch_A11_sustained,branch,A11,bounded,continuous,183,0,702.837257408,-99.999999999,0,true,true,false,constraint_violation,0.945969794,307,1.085952225,210,0.035952225,0.942888743,A10,0,101_STEAM_3,20.557841293,101_STEAM_3,0,313,313_CC_1,97,3636.5968683,3732.756049078,96.159180778
1,poi_bus_120,120,Attila,unity,1,23,2020-01-01T23:00:00+00:00,3,branch_A12-1_immediate,branch,A12-1,fixed,short_term,183,0,702.837257408,-100.000000001,0.000000001,true,true,false,constraint_violation,0.954459564,307,1.085843049,210,0.035843049,0.822634155,A10,0,101_STEAM_3,19.075216616,101_STEAM_3,0,221,221_CC_1,97,3636.5968683,3729.273099677,92.676231377
1,poi_bus_120,120,Attila,unity,1,23,2020-01-01T23:00:00+00:00,4,branch_A12-1_sustained,branch,A12-1,bounded,continuous,183,0,702.837257408,-100,0.000000001,true,true,false,constraint_violation,0.949992755,307,1.085931411,210,0.035931411,0.938924824,A10,0,101_STEAM_3,89.156421259,317_WIND_1,0,317,317_WIND_1,97,3636.5968683,3732.182146876,95.585278576
1,poi_bus_120,120,Attila,unity,1,23,2020-01-01T23:00:00+00:00,5,branch_A34_immediate,branch,A34,fixed,short_term,183,0,702.837257408,-100,0.000000002,true,true,false,constraint_violation,0.954482999,307,1.086179528,210,0.036179528,0.964863574,A30,0,101_STEAM_3,19.911230696,121_NUCLEAR_1,0,221,221_CC_1,97,3636.5968683,3758.057877596,121.461009296
1,poi_bus_120,120,Attila,unity,1,23,2020-01-01T23:00:00+00:00,6,branch_A34_sustained,branch,A34,bounded,continuous,183,0,702.837257408,100,0.000000001,true,true,false,constraint_violation,0.959344036,307,1.084644972,210,0.034644972,1.01009472,A30,0,101_STEAM_3,25.286950632,313_CC_1,0,221,221_CC_1,97,3636.5968683,3739.955182625,103.358314325
1,poi_bus_120,120,Attila,unity,1,23,2020-01-01T23:00:00+00:00,7,branch_B12-1_immediate,branch,B12-1,fixed,short_term,183,0,702.837257408,-100,0.000000001,true,true,false,constraint_violation,0.950845663,207,1.073674076,210,0.023674076,0.82284661,A10,0,101_STEAM_3,20.036129895,101_STEAM_3,0,221,221_CC_1,97,3636.5968683,3732.268137162,95.671268862
1,poi_bus_120,120,Attila,unity,1,23,2020-01-01T23:00:00+00:00,8,branch_B12-1_sustained,branch,B12-1,bounded,continuous,183,0,702.837257408,100,0,true,true,false,constraint_violation,0.947320422,307,1.073423578,210,0.023423578,0.912998133,A10,0,101_STEAM_3,33.972186466,303_WIND_1,0,303,303_WIND_1,97,3636.5968683,3727.438927947,90.842059647
1,poi_bus_120,120,Attila,unity,1,23,2020-01-01T23:00:00+00:00,9,branch_B22_immediate,branch,B22,fixed,short_term,183,0,702.837257408,-100,0,true,true,false,constraint_violation,0.954483262,307,1.080039268,210,0.030039268,0.822119219,A10,0,101_STEAM_3,19.87428629,101_STEAM_3,0,221,221_CC_1,97,3636.5968683,3734.186242455,97.589374155
1,poi_bus_120,120,Attila,unity,1,23,2020-01-01T23:00:00+00:00,10,branch_B22_sustained,branch,B22,bounded,continuous,183,0,702.837257408,-100,0,true,true,false,constraint_violation,0.950272309,307,1.080617298,210,0.030617298,0.938929863,A10,0,101_STEAM_3,87.811551646,317_WIND_1,0,317,317_WIND_1,97,3636.5968683,3735.627143409,99.030275109
1,poi_bus_120,120,Attila,unity,1,23,2020-01-01T23:00:00+00:00,11,branch_B6_immediate,branch,B6,fixed,short_term,183,0,702.837257408,-100,0.000000001,true,true,false,constraint_violation,0.954464799,307,1.087409215,210,0.037409215,0.820823387,A10,0,101_STEAM_3,19.788412772,101_STEAM_3,0,221,221_CC_1,97,3636.5968683,3728.197510315,91.600642015
1,poi_bus_120,120,Attila,unity,1,23,2020-01-01T23:00:00+00:00,12,branch_B6_sustained,branch,B6,bounded,continuous,183,0,702.837257408,-100,0,true,true,false,constraint_violation,0.95764285,307,1.087523904,210,0.037523904,0.921595426,A10,0,101_STEAM_3,19.84232002,102_STEAM_3,0,223,223_STEAM_3,97,3636.5968683,3718.9511205,82.3542522
1,poi_bus_120,120,Attila,unity,1,23,2020-01-01T23:00:00+00:00,13,branch_C12-1_immediate,branch,C12-1,fixed,short_term,183,0,702.837257408,-100,0,true,true,false,constraint_violation,0.836069007,307,1.086123318,210,0.113930993,0.822762012,A10,0,101_STEAM_3,20.039606962,101_STEAM_3,0,221,221_CC_1,97,3636.5968683,3737.026619314,100.429751014
1,poi_bus_120,120,Attila,unity,1,23,2020-01-01T23:00:00+00:00,14,branch_C12-1_sustained,branch,C12-1,bounded,continuous,183,0,702.837257408,100,0,true,true,false,constraint_violation,0.830835304,307,1.085423768,210,0.119164696,0.949649306,C13-2,0,101_STEAM_3,126.826496599,317_WIND_1,0,317,317_WIND_1,97,3636.5968683,3736.529381079,99.932512779
1,poi_bus_120,120,Attila,unity,1,23,2020-01-01T23:00:00+00:00,15,branch_C27_immediate,branch,C27,fixed,short_term,183,0,702.837257408,-100,0,true,true,false,constraint_violation,0.943180864,307,1.085927937,210,0.035927937,0.994527965,C29,0,101_STEAM_3,20.183909039,101_STEAM_3,0,221,221_CC_1,97,3636.5968683,3750.027300569,113.430432269
1,poi_bus_120,120,Attila,unity,1,23,2020-01-01T23:00:00+00:00,16,branch_C27_sustained,branch,C27,bounded,continuous,183,0,702.837257408,-100,0.000000002,true,true,false,constraint_violation,0.9371155,307,1.085857624,210,0.035857624,0.997387568,C29,0,101_STEAM_3,20.26332388,101_STEAM_3,0,122,122_WIND_1,97,3636.5968683,3743.781582478,107.184714178
1,poi_bus_120,120,Attila,unity,1,23,2020-01-01T23:00:00+00:00,17,branch_C6_immediate,branch,C6,fixed,short_term,183,0,702.837257408,-100,0,true,true,false,constraint_violation,0.951509703,307,1.086087909,210,0.036087909,0.822764089,A10,0,101_STEAM_3,20.039814729,101_STEAM_3,0,221,221_CC_1,97,3636.5968683,3729.936679361,93.339811061
1,poi_bus_120,120,Attila,unity,1,23,2020-01-01T23:00:00+00:00,18,branch_C6_sustained,branch,C6,bounded,continuous,183,0,702.837257408,100,0,true,true,false,constraint_violation,0.950851651,307,1.085697593,210,0.035697593,0.933119742,A10,0,101_STEAM_3,132.354097599,317_WIND_1,0,317,317_WIND_1,97,3636.5968683,3724.010193744,87.413325444
1,poi_bus_120,120,Attila,unity,1,23,2020-01-01T23:00:00+00:00,19,branch_CA-1_immediate,branch,CA-1,fixed,short_term,183,0,702.837257408,-100,0.000000001,true,true,false,constraint_violation,0.942428308,307,1.086496123,210,0.036496123,0.938136609,C27,0,101_STEAM_3,17.933310815,101_STEAM_3,0,221,221_CC_1,97,3636.5968683,3774.062274077,137.465405777
1,poi_bus_120,120,Attila,unity,1,23,2020-01-01T23:00:00+00:00,20,branch_CA-1_sustained,branch,CA-1,bounded,continuous,183,0,702.837257408,52.622429699,0.000000001,true,true,false,constraint_violation,0.948017515,307,1.08614007,210,0.03614007,0.93450087,A10,0,101_STEAM_3,19.700511359,317_WIND_1,0,317,317_WIND_1,97,3636.5968683,3761.865958033,125.269089733
1,poi_bus_120,120,Attila,unity,1,23,2020-01-01T23:00:00+00:00,21,generator_121_NUCLEAR_1_sustained,generator,121_NUCLEAR_1,bounded,continuous,183,0,702.837257408,-100.000000001,0.000000001,true,true,false,constraint_violation,0.955624925,307,1.085449108,210,0.035449108,0.930554754,A10,33.208592888,102_STEAM_3,18.791212455,101_STEAM_3,0,102,102_STEAM_3,96,3636.5968683,3715.805461188,79.208592888
1,poi_bus_120,120,Attila,unity,1,23,2020-01-01T23:00:00+00:00,22,generator_213_CC_3_sustained,generator,213_CC_3,bounded,continuous,183,0,702.837257408,-100,0.000000001,true,true,false,constraint_violation,0.957664717,307,1.085143591,210,0.035143591,0.939110942,A10,0,101_STEAM_3,20.253561509,101_STEAM_3,0,122,122_WIND_1,97,3636.5968683,3706.544782909,69.947914609
1,poi_bus_120,120,Attila,unity,1,23,2020-01-01T23:00:00+00:00,23,generator_313_CC_1_sustained,generator,313_CC_1,bounded,continuous,183,0,702.837257408,-71.8894123,0.000000001,true,true,false,constraint_violation,0.913908107,307,1.085952055,210,0.036091893,1.014109723,C27,0,101_STEAM_3,20.140131611,101_STEAM_3,0,122,122_WIND_1,96,3636.5968683,3746.15095031,109.55408201
1,poi_bus_120,120,Attila,lagging_095,0.95,0,2020-01-01T00:00:00+00:00,0,normal,normal,,base,continuous,173.104166667,56.896588124,679.176313276,-99.999999999,0.000000002,true,true,false,constraint_violation,0.987681686,307,1.087974474,210,0.037974474,0.96776532,C6,0,101_STEAM_3,52.522748178,314_SYNC_COND_1,0,123,123_STEAM_3,100,3510.436050866,3622.443928945,112.007878079
1,poi_bus_120,120,Attila,lagging_095,0.95,0,2020-01-01T00:00:00+00:00,1,branch_A11_immediate,branch,A11,fixed,short_term,173.104166667,56.896588124,679.176313276,-100,0,true,true,false,constraint_violation,0.987425577,307,1.087795072,210,0.037795072,0.806778931,A10,0,101_STEAM_3,52.174867352,314_SYNC_COND_1,0,123,123_STEAM_3,100,3510.436050866,3622.798700639,112.362649773
1,poi_bus_120,120,Attila,lagging_095,0.95,0,2020-01-01T00:00:00+00:00,2,branch_A11_sustained,branch,A11,bounded,continuous,173.104166667,56.896588124,679.176313276,-99.999999999,0,true,true,false,constraint_violation,0.940860807,307,1.088045508,210,0.038045508,0.966581408,CA-1,0,101_STEAM_3,180.807785377,316_STEAM_1,0,303,303_WIND_1,100,3510.436050867,3616.475665277,106.03961441
1,poi_bus_120,120,Attila,lagging_095,0.95,0,2020-01-01T00:00:00+00:00,3,branch_A12-1_immediate,branch,A12-1,fixed,short_term,173.104166667,56.896588124,679.176313276,-100,0.000000001,true,true,false,constraint_violation,0.98758659,307,1.087808923,210,0.037808923,0.800426239,A10,0,101_STEAM_3,52.394614181,314_SYNC_COND_1,0,123,123_STEAM_3,100,3510.436050866,3623.968809921,113.532759055
1,poi_bus_120,120,Attila,lagging_095,0.95,0,2020-01-01T00:00:00+00:00,4,branch_A12-1_sustained,branch,A12-1,bounded,continuous,173.104166667,56.896588124,679.176313276,-100,0.000000001,true,true,false,constraint_violation,0.973484396,307,1.085507465,210,0.035507465,1.021845906,C6,0,101_STEAM_3,324.570507891,317_WIND_1,0,317,317_WIND_1,100,3510.436050867,3591.011813957,80.57576309
1,poi_bus_120,120,Attila,lagging_095,0.95,0,2020-01-01T00:00:00+00:00,5,branch_A34_immediate,branch,A34,fixed,short_term,173.104166667,56.896588124,679.176313276,-100,0.000000001,true,true,false,constraint_violation,0.987913904,307,1.088028938,210,0.038028938,1.021973276,A30,0,101_STEAM_3,107.307941003,116_STEAM_1,0,123,123_STEAM_3,100,3510.436050866,3654.344776498,143.908725632
1,poi_bus_120,120,Attila,lagging_095,0.95,0,2020-01-01T00:00:00+00:00,6,branch_A34_sustained,branch,A34,bounded,continuous,173.104166667,56.896588124,679.176313276,88.763895844,0.000000001,true,true,false,constraint_violation,0.959614677,307,1.085569177,210,0.035569177,1.007799733,A30,0,101_STEAM_3,359.262885539,316_STEAM_1,0,317,317_WIND_1,100,3510.436050867,3643.72480261,133.288751743
1,poi_bus_120,120,Attila,lagging_095,0.95,0,2020-01-01T00:00:00+00:00,7,branch_B12-1_immediate,branch,B12-1,fixed,short_term,173.104166667,56.896588124,679.176313276,-100,0.000000001,true,true,false,constraint_violation,0.959963641,207,1.076655459,210,0.026655459,0.802324539,A10,0,101_STEAM_3,52.495670365,314_SYNC_COND_1,0,123,123_STEAM_3,100,3510.436050866,3626.251892106,115.81584124
1,poi_bus_120,120,Attila,lagging_095,0.95,0,2020-01-01T00:00:00+00:00,8,branch_B12-1_sustained,branch,B12-1,bounded,continuous,173.104166667,56.896588124,679.176313276,-100,0.000000001,true,true,false,constraint_violation,0.956282391,207,1.073593988,210,0.023593988,1.010611488,C6,0,101_STEAM_3,32.921195859,316_STEAM_1,0,122,122_WIND_1,100,3510.436050866,3584.890745481,74.454694615
1,poi_bus_120,120,Attila,lagging_095,0.95,0,2020-01-01T00:00:00+00:00,9,branch_B22_immediate,branch,B22,fixed,short_term,173.104166667,56.896588124,679.176313276,-100,0.000000001,true,true,false,constraint_violation,0.987881073,307,1.082243815,210,0.032243815,0.800611962,A10,0,101_STEAM_3,52.785845201,314_SYNC_COND_1,0,123,123_STEAM_3,100,3510.436050866,3628.39806051,117.962009644
1,poi_bus_120,120,Attila,lagging_095,0.95,0,2020-01-01T00:00:00+00:00,10,branch_B22_sustained,branch,B22,bounded,continuous,173.104166667,56.896588124,679.176313276,-100,0.000000001,true,true,false,constraint_violation,0.961363859,307,1.082614838,210,0.032614838,0.977519376,CA-1,0,101_STEAM_3,360.035996885,316_STEAM_1,0,317,317_WIND_1,100,3510.436050867,3627.118055238,116.682004371
1,poi_bus_120,120,Attila,lagging_095,0.95,0,2020-01-01T00:00:00+00:00,11,branch_B6_immediate,branch,B6,fixed,short_term,173.104166667,56.896588124,679.176313276,-100,0,true,true,false,constraint_violation,0.987633554,307,1.089514754,210,0.039514754,0.800544455,A10,0,101_STEAM_3,52.458068898,314_SYNC_COND_1,0,123,123_STEAM_3,100,3510.436050866,3622.353183078,111.917132212
1,poi_bus_120,120,Attila,lagging_095,0.95,0,2020-01-01T00:00:00+00:00,12,branch_B6_sustained,branch,B6,bounded,continuous,173.104166667,56.896588124,679.176313276,91.930363323,0.000000001,true,true,false,constraint_violation,0.970269624,307,1.087041944,210,0.037041944,0.975200217,CA-1,0,101_STEAM_3,358.003903777,316_STEAM_1,0,317,317_WIND_1,100,3510.436050867,3619.125746604,108.689695737
1,poi_bus_120,120,Attila,lagging_095,0.95,0,2020-01-01T00:00:00+00:00,13,branch_C12-1_immediate,branch,C12-1,fixed,short_term,173.104166667,56.896588124,679.176313276,-100,0.000000001,true,true,false,constraint_violation,0.881311869,307,1.087985834,210,0.068688131,0.802225575,A10,0,101_STEAM_3,43.797055658,316_STEAM_1,0,123,123_STEAM_3,100,3510.436050866,3629.544900848,119.108849982
1,poi_bus_120,120,Attila,lagging_095,0.95,0,2020-01-01T00:00:00+00:00,14,branch_C12-1_sustained,branch,C12-1,bounded,continuous,173.104166667,56.896588124,679.176313276,100,0,true,true,false,constraint_violation,0.873140772,307,1.085083771,210,0.076859228,1.00682281,C6,0,101_STEAM_3,24.643338616,316_STEAM_1,0,122,122_WIND_1,100,3510.436050867,3586.564164863,76.128113996
1,poi_bus_120,120,Attila,lagging_095,0.95,0,2020-01-01T00:00:00+00:00,15,branch_C27_immediate,branch,C27,fixed,short_term,173.104166667,56.896588124,679.176313276,-100,0,true,true,false,constraint_violation,0.982891571,307,1.087894993,210,0.037894993,0.998590063,C29,0,101_STEAM_3,76.449761519,316_STEAM_1,0,123,123_STEAM_3,100,3510.436050866,3631.593496693,121.157445827
1,poi_bus_120,120,Attila,lagging_095,0.95,0,2020-01-01T00:00:00+00:00,16,branch_C27_sustained,branch,C27,bounded,continuous,173.104166667,56.896588124,679.176313276,-100,0,true,true,false,constraint_violation,0.941958545,307,1.087685287,210,0.037685287,1.00251178,C29,0,101_STEAM_3,221.87059292,316_STEAM_1,0,303,303_WIND_1,100,3510.436050867,3627.001208795,116.565157928
1,poi_bus_120,120,Attila,lagging_095,0.95,0,2020-01-01T00:00:00+00:00,17,branch_C6_immediate,branch,C6,fixed,short_term,173.104166667,56.896588124,679.176313276,-100,0.000000002,true,true,false,constraint_violation,0.970558657,307,1.087969307,210,0.037969307,0.912514064,C2,0,101_STEAM_3,79.485148565,316_STEAM_1,0,123,123_STEAM_3,100,3510.436050866,3632.434818054,121.998767188
1,poi_bus_120,120,Attila,lagging_095,0.95,0,2020-01-01T00:00:00+00:00,18,branch_C6_sustained,branch,C6,bounded,continuous,173.104166667,56.896588124,679.176313276,-100,0.000000001,true,true,false,constraint_violation,0.955000864,307,1.085598548,210,0.035598548,0.936970958,A10,0,101_STEAM_3,172.237665778,316_STEAM_1,0,122,122_WIND_1,100,3510.436050867,3597.545080549,87.109029682
1,poi_bus_120,120,Attila,lagging_095,0.95,0,2020-01-01T00:00:00+00:00,19,branch_CA-1_immediate,branch,CA-1,fixed,short_term,173.104166667,56.896588124,679.176313276,-100,0,true,true,false,constraint_violation,0.98207792,307,1.088138142,210,0.038138142,0.836571455,C6,0,101_STEAM_3,61.952302822,116_STEAM_1,0,123,123_STEAM_3,100,3510.436050866,3643.247291717,132.811240851
1,poi_bus_120,120,Attila,lagging_095,0.95,0,2020-01-01T00:00:00+00:00,20,branch_CA-1_sustained,branch,CA-1,bounded,continuous,173.104166667,56.896588124,679.176313276,100,0,true,true,false,constraint_violation,0.956032159,307,1.084436897,210,0.034436897,1.21911233,CB-1,0,101_STEAM_3,347.917388811,316_STEAM_1,0,122,122_WIND_1,100,3510.436050867,3692.396189059,181.960138192
1,poi_bus_120,120,Attila,lagging_095,0.95,0,2020-01-01T00:00:00+00:00,21,generator_121_NUCLEAR_1_sustained,generator,121_NUCLEAR_1,bounded,continuous,173.104166667,56.896588124,679.176313276,-99.999999999,0,true,true,false,constraint_violation,0.938849487,307,1.085657013,210,0.035657013,0.947582999,CA-1,0,101_STEAM_3,471.543467097,316_STEAM_1,0,317,317_WIND_1,99,3510.436050867,3643.209434771,132.773383904
1,poi_bus_120,120,Attila,lagging_095,0.95,0,2020-01-01T00:00:00+00:00,22,generator_213_CC_3_sustained,generator,213_CC_3,bounded,continuous,173.104166667,56.896588124,679.176313276,100,0.000000001,true,true,false,constraint_violation,0.971168796,307,1.085668252,210,0.035668252,0.970111161,CA-1,0,101_STEAM_3,353.457296848,316_STEAM_1,0,317,317_WIND_1,100,3510.436050867,3621.129209565,110.693158698
1,poi_bus_120,120,Attila,lagging_095,0.95,0,2020-01-01T00:00:00+00:00,23,generator_313_CC_1_sustained,generator,313_CC_1,bounded,continuous,173.104166667,56.896588124,679.176313276,100.000000001,0,true,true,false,constraint_violation,0.962619284,307,1.08536478,210,0.03536478,0.947402075,CA-1,0,101_STEAM_3,340.754499948,316_STEAM_1,0,317,317_WIND_1,100,3510.436050866,3639.799546174,129.363495308
1,poi_bus_120,120,Attila,lagging_095,0.95,1,2020-01-01T01:00:00+00:00,0,normal,normal,,base,continuous,175.875,57.807316998,663.651430585,-99.999999999,0,true,true,false,constraint_violation,0.998308791,307,1.088822728,210,0.038822728,1.006624263,C6,0,102_STEAM_3,63.552445694,314_SYNC_COND_1,0,123,123_STEAM_3,100,3436.9208227,3548.527977455,111.607154755
1,poi_bus_120,120,Attila,lagging_095,0.95,1,2020-01-01T01:00:00+00:00,1,branch_A11_immediate,branch,A11,fixed,short_term,175.875,57.807316998,663.651430585,-99.999999999,0,true,true,false,constraint_violation,0.998197714,307,1.08852022,210,0.03852022,0.802038062,A10,0,102_STEAM_3,63.404485254,314_SYNC_COND_1,0,123,123_STEAM_3,100,3436.9208227,3549.0157421,112.0949194
1,poi_bus_120,120,Attila,lagging_095,0.95,1,2020-01-01T01:00:00+00:00,2,branch_A11_sustained,branch,A11,bounded,continuous,175.875,57.807316998,663.651430585,99.999999999,0.000000001,true,true,false,constraint_violation,0.965988959,307,1.087275457,210,0.037275457,0.90913557,A10,0,101_STEAM_3,85.184026653,316_STEAM_1,0,303,303_WIND_1,100,3436.9208227,3555.690804205,118.769981505
1,poi_bus_120,120,Attila,lagging_095,0.95,1,2020-01-01T01:00:00+00:00,3,branch_A12-1_immediate,branch,A12-1,fixed,short_term,175.875,57.807316998,663.651430585,-100,0,true,true,false,constraint_violation,0.998265487,307,1.088637139,210,0.038637139,0.799179667,C6,0,102_STEAM_3,63.49570508,314_SYNC_COND_1,0,123,123_STEAM_3,100,3436.9208227,3549.996774926,113.075952226
1,poi_bus_120,120,Attila,lagging_095,0.95,1,2020-01-01T01:00:00+00:00,4,branch_A12-1_sustained,branch,A12-1,bounded,continuous,175.875,57.807316998,663.651430585,100,0,true,true,false,constraint_violation,0.973326023,307,1.0863198,210,0.0363198,0.976405444,CA-1,0,101_STEAM_3,360.606926206,316_STEAM_1,0,317,317_WIND_1,100,3436.9208227,3546.09672934,109.17590664
1,poi_bus_120,120,Attila,lagging_095,0.95,1,2020-01-01T01:00:00+00:00,5,branch_A34_immediate,branch,A34,fixed,short_term,175.875,57.807316998,663.651430585,-99.999999999,0,true,true,false,constraint_violation,0.998403538,307,1.088883392,210,0.038883392,1.022034407,A30,0,102_STEAM_3,113.610047307,116_STEAM_1,0,123,123_STEAM_3,100,3436.9208227,3580.019058623,143.098235923
1,poi_bus_120,120,Attila,lagging_095,0.95,1,2020-01-01T01:00:00+00:00,6,branch_A34_sustained,branch,A34,bounded,continuous,175.875,57.807316998,663.651430585,-100,0,true,true,false,constraint_violation,0.953726813,307,1.086054745,210,0.036054745,1.007804165,A30,0,101_STEAM_3,151.750343812,316_STEAM_1,0,303,303_WIND_1,100,3436.9208227,3567.720309348,130.799486648
1,poi_bus_120,120,Attila,lagging_095,0.95,1,2020-01-01T01:00:00+00:00,7,branch_B12-1_immediate,branch,B12-1,fixed,short_term,175.875,57.807316998,663.651430585,-100,0,true,true,false,constraint_violation,0.964513713,207,1.07798314,210,0.02798314,0.800384963,C6,0,102_STEAM_3,63.540745015,314_SYNC_COND_1,0,123,123_STEAM_3,100,3436.9208227,3552.125282935,115.204460235
1,poi_bus_120,120,Attila,lagging_095,0.95,1,2020-01-01T01:00:00+00:00,8,branch_B12-1_sustained,branch,B12-1,bounded,continuous,175.875,57.807316998,663.651430585,99.999999999,0.000000001,true,true,false,constraint_violation,0.962878253,207,1.076613497,210,0.026613497,0.923533148,C10,0,101_STEAM_4,85.013766599,316_STEAM_1,0,122,122_WIND_1,100,3436.9208227,3515.380674224,78.459851524
1,poi_bus_120,120,Attila,lagging_095,0.95,1,2020-01-01T01:00:00+00:00,9,branch_B22_immediate,branch,B22,fixed,short_term,175.875,57.807316998,663.651430585,-100,0,true,true,false,constraint_violation,0.998394079,307,1.083196804,210,0.033196804,0.804655578,C6,0,102_STEAM_3,63.657410636,314_SYNC_COND_1,0,123,123_STEAM_3,100,3436.9208227,3554.609975913,117.689153213
1,poi_bus_120,120,Attila,lagging_095,0.95,1,2020-01-01T01:00:00+00:00,10,branch_B22_sustained,branch,B22,bounded,continuous,175.875,57.807316998,663.651430585,100,0.000000001,true,true,false,constraint_violation,0.957381701,307,1.082263777,210,0.032263777,0.89766399,A10,0,101_STEAM_3,94.020628267,316_STEAM_1,0,303,303_WIND_1,100,3436.9208227,3559.261848401,122.341025701
1,poi_bus_120,120,Attila,lagging_095,0.95,1,2020-01-01T01:00:00+00:00,11,branch_B6_immediate,branch,B6,fixed,short_term,175.875,57.807316998,663.651430585,-100,0,true,true,false,constraint_violation,0.99829084,307,1.0903113,210,0.0403113,0.800059464,C6,0,102_STEAM_3,63.529108749,314_SYNC_COND_1,0,123,123_STEAM_3,100,3436.9208227,3548.446659865,111.525837165
1,poi_bus_120,120,Attila,lagging_095,0.95,1,2020-01-01T01:00:00+00:00,12,branch_B6_sustained,branch,B6,bounded,continuous,175.875,57.807316998,663.651430585,-100,0.000000001,true,true,false,constraint_violation,0.952006621,307,1.087903695,210,0.037903695,0.97543108,CA-1,0,101_STEAM_3,190.009001998,316_STEAM_1,0,303,303_WIND_1,100,3436.9208227,3537.309661174,100.388838474
1,poi_bus_120,120,Attila,lagging_095,0.95,1,2020-01-01T01:00:00+00:00,13,branch_C12-1_immediate,branch,C12-1,fixed,short_term,175.875,57.807316998,663.651430585,-100,0,true,true,false,constraint_violation,0.908100984,307,1.088832913,210,0.041899016,0.796648173,A10,0,102_STEAM_3,33.058433954,314_SYNC_COND_1,0,123,123_STEAM_3,100,3436.9208227,3554.279321188,117.358498488
1,poi_bus_120,120,Attila,lagging_095,0.95,1,2020-01-01T01:00:00+00:00,14,branch_C12-1_sustained,branch,C12-1,bounded,continuous,175.875,57.807316998,663.651430585,-99.999999999,0,true,true,false,constraint_violation,0.90411664,307,1.086271817,210,0.04588336,1.006408595,C6,0,101_STEAM_3,39.063363059,316_STEAM_1,0,122,122_WIND_1,100,3436.9208227,3520.994590183,84.073767483
1,poi_bus_120,120,Attila,lagging_095,0.95,1,2020-01-01T01:00:00+00:00,15,branch_C27_immediate,branch,C27,fixed,short_term,175.875,57.807316998,663.651430585,-100.000000001,0.000000001,true,true,false,constraint_violation,0.994143576,307,1.088725188,210,0.038725188,0.998753803,C29,0,102_STEAM_3,61.404984945,316_STEAM_1,0,123,123_STEAM_3,100,3436.9208227,3557.033041472,120.112218772
1,poi_bus_120,120,Attila,lagging_095,0.95,1,2020-01-01T01:00:00+00:00,16,branch_C27_sustained,branch,C27,bounded,continuous,175.875,57.807316998,663.651430585,100,0,true,true,false,constraint_violation,0.963973596,307,1.086931654,210,0.036931654,1.002560355,C29,0,101_STEAM_3,145.64866104,316_STEAM_1,0,303,303_WIND_1,100,3436.9208227,3516.53896804,79.61814534
1,poi_bus_120,120,Attila,lagging_095,0.95,1,2020-01-01T01:00:00+00:00,17,branch_C6_immediate,branch,C6,fixed,short_term,175.875,57.807316998,663.651430585,-100,0,true,true,false,constraint_violation,0.981225178,307,1.088814426,210,0.038814426,0.930780419,C2,0,102_STEAM_3,75.983552447,316_STEAM_1,0,123,123_STEAM_3,100,3436.9208227,3559.213574413,122.292751713
1,poi_bus_120,120,Attila,lagging_095,0.95,1,2020-01-01T01:00:00+00:00,18,branch_C6_sustained,branch,C6,bounded,continuous,175.875,57.807316998,663.651430585,-100,0,true,true,false,constraint_violation,0.96195262,307,1.086461152,210,0.036461152,0.99300718,CA-1,0,101_STEAM_3,371.536477406,316_STEAM_1,0,317,317_WIND_1,100,3436.9208227,3543.064475305,106.143652605
1,poi_bus_120,120,Attila,lagging_095,0.95,1,2020-01-01T01:00:00+00:00,19,branch_CA-1_immediate,branch,CA-1,fixed,short_term,175.875,57.807316998,663.651430585,-100,0.000000001,true,true,false,constraint_violation,0.993190093,307,1.089128856,210,0.039128856,0.852381435,C6,0,102_STEAM_3,59.245369074,116_STEAM_1,0,123,123_STEAM_3,100,3436.9208227,3560.846738148,123.925915448
1,poi_bus_120,120,Attila,lagging_095,0.95,1,2020-01-01T01:00:00+00:00,20,branch_CA-1_sustained,branch,CA-1,bounded,continuous,175.875,57.807316998,663.651430585,100.000000001,0,true,true,false,constraint_violation,0.987552929,307,1.085812529,210,0.035812529,1.044517202,C27,0,101_STEAM_3,112.358031828,316_STEAM_1,0,122,122_WIND_1,100,3436.9208227,3516.981447283,80.060624583
1,poi_bus_120,120,Attila,lagging_095,0.95,1,2020-01-01T01:00:00+00:00,21,generator_121_NUCLEAR_1_sustained,generator,121_NUCLEAR_1,bounded,continuous,175.875,57.807316998,663.651430585,100,0,true,true,false,constraint_violation,0.965624444,307,1.08511404,210,0.03511404,0.905036639,A10,0,101_STEAM_3,103.720615645,316_STEAM_1,0,303,303_WIND_1,99,3436.9208227,3534.94705594,98.02623324
1,poi_bus_120,120,Attila,lagging_095,0.95,1,2020-01-01T01:00:00+00:00,22,generator_213_CC_3_sustained,generator,213_CC_3,bounded,continuous,175.875,57.807316998,663.651430585,100,0,true,true,false,constraint_violation,0.998022355,307,1.087787084,210,0.037787084,1.00832585,C29,0,101_STEAM_3,57.262832476,314_SYNC_COND_1,0,122,122_WIND_1,100,3436.9208227,3542.178375051,105.257552351
1,poi_bus_120,120,Attila,lagging_095,0.95,1,2020-01-01T01:00:00+00:00,23,generator_313_CC_1_sustained,generator,313_CC_1,bounded,continuous,175.875,57.807316998,663.651430585,-100,0,true,true,false,constraint_violation,0.953585641,307,1.087860406,210,0.037860406,0.925997507,CA-1,0,101_STEAM_3,131.118392116,316_STEAM_1,0,303,303_WIND_1,100,3436.9208227,3565.630237058,128.709414358
1,poi_bus_120,120,Attila,lagging_095,0.95,2,2020-01-01T02:00:00+00:00,0,normal,normal,,base,continuous,177.145833333,58.225019715,660.828118246,-100,0,true,true,false,constraint_violation,1,314,1.088939749,210,0.038939749,0.969847352,C6,0,102_STEAM_3,71.152257997,314_SYNC_COND_1,0,123,123_STEAM_3,100,3424.318483333,3534.114575862,109.796092529
1,poi_bus_120,120,Attila,lagging_095,0.95,2,2020-01-01T02:00:00+00:00,1,branch_A11_immediate,branch,A11,fixed,short_term,177.145833333,58.225019715,660.828118246,-100,0,true,true,false,constraint_violation,1,102,1.088645938,210,0.038645938,0.802090217,A10,0,102_STEAM_3,70.997975262,314_SYNC_COND_1,0,123,123_STEAM_3,100,3424.318483333,3534.601161352,110.282678019
1,poi_bus_120,120,Attila,lagging_095,0.95,2,2020-01-01T02:00:00+00:00,2,branch_A11_sustained,branch,A11,bounded,continuous,177.145833333,58.225019715,660.828118246,100,0,true,true,false,constraint_violation,0.999851223,307,1.086066216,210,0.036066216,1.01088002,C6,0,101_STEAM_3,48.324926657,314_SYNC_COND_1,0,122,122_WIND_1,100,3424.318483333,3508.68587356,84.367390227
1,poi_bus_120,120,Attila,lagging_095,0.95,2,2020-01-01T02:00:00+00:00,3,branch_A12-1_immediate,branch,A12-1,fixed,short_term,177.145833333,58.225019715,660.828118246,-100,0.000000001,true,true,false,constraint_violation,1,102,1.088746647,210,0.038746647,0.793302358,A10,0,102_STEAM_3,71.09270788,314_SYNC_COND_1,0,123,123_STEAM_3,100,3424.318483333,3535.628079279,111.309595946
1,poi_bus_120,120,Attila,lagging_095,0.95,2,2020-01-01T02:00:00+00:00,4,branch_A12-1_sustained,branch,A12-1,bounded,continuous,177.145833333,58.225019715,660.828118246,100,0.000000001,true,true,false,constraint_violation,0.99142613,307,1.088965725,210,0.038965725,0.954048822,CA-1,0,101_STEAM_3,332.302933659,317_WIND_1,0,317,317_WIND_1,100,3424.318483333,3541.463227156,117.144743823
1,poi_bus_120,120,Attila,lagging_095,0.95,2,2020-01-01T02:00:00+00:00,5,branch_A34_immediate,branch,A34,fixed,short_term,177.145833333,58.225019715,660.828118246,-100,0.000000001,true,true,false,constraint_violation,1,101,1.089000354,210,0.039000354,1.022049263,A30,0,102_STEAM_3,114.51750044,116_STEAM_1,0,123,123_STEAM_3,100,3424.318483333,3565.571683499,141.253200166
1,poi_bus_120,120,Attila,lagging_095,0.95,2,2020-01-01T02:00:00+00:00,6,branch_A34_sustained,branch,A34,bounded,continuous,177.145833333,58.225019715,660.828118246,100,0,true,true,false,constraint_violation,0.99421626,307,1.087698315,210,0.037698315,1.034210641,C6,0,101_STEAM_3,363.817249504,317_WIND_1,0,317,317_WIND_1,100,3424.318483334,3535.932209388,111.613726054
1,poi_bus_120,120,Attila,lagging_095,0.95,2,2020-01-01T02:00:00+00:00,7,branch_B12-1_immediate,branch,B12-1,fixed,short_term,177.145833333,58.225019715,660.828118246,-100,0.000000001,true,true,false,constraint_violation,0.965225745,207,1.082851032,310,0.032851032,0.796922844,A10,0,102_STEAM_3,71.140137676,314_SYNC_COND_1,0,123,123_STEAM_3,100,3424.318483333,3537.679623274,113.361139941
1,poi_bus_120,120,Attila,lagging_095,0.95,2,2020-01-01T02:00:00+00:00,8,branch_B12-1_sustained,branch,B12-1,bounded,continuous,177.145833333,58.225019715,660.828118246,99.999999999,0.000000001,true,true,false,constraint_violation,0.962853384,207,1.077723915,310,0.027723915,1.011290957,C6,0,101_STEAM_3,47.443902458,314_SYNC_COND_1,0,122,122_WIND_1,100,3424.318483334,3508.76652193,84.448038596
1,poi_bus_120,120,Attila,lagging_095,0.95,2,2020-01-01T02:00:00+00:00,9,branch_B22_immediate,branch,B22,fixed,short_term,177.145833333,58.225019715,660.828118246,-100,0.000000002,true,true,false,constraint_violation,1,102,1.083342893,210,0.033342893,0.795255639,A10,0,102_STEAM_3,71.263167317,314_SYNC_COND_1,0,123,123_STEAM_3,100,3424.318483333,3540.173386236,115.854902903
1,poi_bus_120,120,Attila,lagging_095,0.95,2,2020-01-01T02:00:00+00:00,10,branch_B22_sustained,branch,B22,bounded,continuous,177.145833333,58.225019715,660.828118246,-100,0.000000001,true,true,false,constraint_violation,0.969655507,307,1.081802322,210,0.031802322,0.968296918,CA-1,0,101_STEAM_3,407.242656183,316_STEAM_1,0,317,317_WIND_1,100,3424.318483333,3544.800791923,120.48230859
1,poi_bus_120,120,Attila,lagging_095,0.95,2,2020-01-01T02:00:00+00:00,11,branch_B6_immediate,branch,B6,fixed,short_term,177.145833333,58.225019715,660.828118246,-100,0.000000002,true,true,false,constraint_violation,1,101,1.090466394,210,0.040466394,0.795059064,A10,0,102_STEAM_3,71.128198127,314_SYNC_COND_1,0,123,123_STEAM_3,100,3424.318483333,3534.028006362,109.709523029
1,poi_bus_120,120,Attila,lagging_095,0.95,2,2020-01-01T02:00:00+00:00,12,branch_B6_sustained,branch,B6,bounded,continuous,177.145833333,58.225019715,660.828118246,-100,0.000000001,true,true,false,constraint_violation,0.977263699,307,1.087800224,210,0.037800224,1.03712387,C6,0,101_STEAM_3,350.718827863,317_WIND_1,0,317,317_WIND_1,100,3424.318483334,3554.356442268,130.037958934
1,poi_bus_120,120,Attila,lagging_095,0.95,2,2020-01-01T02:00:00+00:00,13,branch_C12-1_immediate,branch,C12-1,fixed,short_term,177.145833333,58.225019715,660.828118246,-100,0.000000001,true,true,false,constraint_violation,0.922257351,307,1.08894884,210,0.03894884,0.796866189,A10,0,102_STEAM_3,42.82666857,314_SYNC_COND_1,0,123,123_STEAM_3,100,3424.318483333,3539.320098425,115.001615092
1,poi_bus_120,120,Attila,lagging_095,0.95,2,2020-01-01T02:00:00+00:00,14,branch_C12-1_sustained,branch,C12-1,bounded,continuous,177.145833333,58.225019715,660.828118246,100,0.000000001,true,true,false,constraint_violation,0.905283709,307,1.08631898,210,0.044716291,0.91200853,A10,0,101_STEAM_3,73.573988089,303_WIND_1,0,303,303_WIND_1,100,3424.318483333,3531.151608363,106.83312503
1,poi_bus_120,120,Attila,lagging_095,0.95,2,2020-01-01T02:00:00+00:00,15,branch_C27_immediate,branch,C27,fixed,short_term,177.145833333,58.225019715,660.828118246,-100,0,true,true,false,constraint_violation,1,314,1.088844416,210,0.038844416,0.998832864,C29,0,102_STEAM_3,67.4708015,314_SYNC_COND_1,0,123,123_STEAM_3,100,3424.318483333,3542.164470594,117.845987261
1,poi_bus_120,120,Attila,lagging_095,0.95,2,2020-01-01T02:00:00+00:00,16,branch_C27_sustained,branch,C27,bounded,continuous,177.145833333,58.225019715,660.828118246,-100,0.000000001,true,true,false,constraint_violation,0.993100573,307,1.0865233,210,0.0365233,1.026023888,C6,0,101_STEAM_3,155.401086234,317_WIND_1,0,317,317_WIND_1,100,3424.318483333,3496.688589625,72.370106292
1,poi_bus_120,120,Attila,lagging_095,0.95,2,2020-01-01T02:00:00+00:00,17,branch_C6_immediate,branch,C6,fixed,short_term,177.145833333,58.225019715,660.828118246,-100,0.000000001,true,true,false,constraint_violation,0.990686767,307,1.088930681,210,0.038930681,0.906614802,C2,0,102_STEAM_3,58.659700539,316_STEAM_1,0,123,123_STEAM_3,100,3424.318483333,3543.783778931,119.465295598
1,poi_bus_120,120,Attila,lagging_095,0.95,2,2020-01-01T02:00:00+00:00,18,branch_C6_sustained,branch,C6,bounded,continuous,177.145833333,58.225019715,660.828118246,-100,0.000000001,true,true,false,constraint_violation,0.960589623,307,1.085901475,210,0.035901475,1.039961247,C2,0,101_STEAM_3,359.012098736,316_STEAM_1,0,317,317_WIND_1,100,3424.318483333,3556.780744347,132.462261014
1,poi_bus_120,120,Attila,lagging_095,0.95,2,2020-01-01T02:00:00+00:00,19,branch_CA-1_immediate,branch,CA-1,fixed,short_term,177.145833333,58.225019715,660.828118246,-100,0,true,true,false,constraint_violation,1,102,1.089241077,210,0.039241077,0.822061992,C6,0,102_STEAM_3,63.859627201,314_SYNC_COND_1,0,123,123_STEAM_3,100,3424.318483333,3545.790510946,121.472027613
1,poi_bus_120,120,Attila,lagging_095,0.95,2,2020-01-01T02:00:00+00:00,20,branch_CA-1_sustained,branch,CA-1,bounded,continuous,177.145833333,58.225019715,660.828118246,100,0.000000001,true,true,false,constraint_violation,0.96617673,307,1.086220491,210,0.036220491,0.936668547,C27,0,101_STEAM_3,222.002462684,316_STEAM_1,0,303,303_WIND_1,100,3424.318483333,3550.374371581,126.055888248
1,poi_bus_120,120,Attila,lagging_095,0.95,2,2020-01-01T02:00:00+00:00,21,generator_121_NUCLEAR_1_sustained,generator,121_NUCLEAR_1,bounded,continuous,177.145833333,58.225019715,660.828118246,100,0.000000001,true,true,false,constraint_violation,0.997836192,307,1.0850368,210,0.0350368,1.012918059,C6,0,101_STEAM_3,42.597267701,314_SYNC_COND_1,0,122,122_WIND_1,99,3424.318483333,3502.818673948,78.500190615
1,poi_bus_120,120,Attila,lagging_095,0.95,2,2020-01-01T02:00:00+00:00,22,generator_213_CC_3_sustained,generator,213_CC_3,bounded,continuous,177.145833333,58.225019715,660.828118246,100,0.000000001,true,true,false,constraint_violation,0.978756771,307,1.086687945,210,0.036687945,0.963014661,CA-1,0,101_STEAM_3,338.303525009,316_STEAM_1,0,317,317_WIND_1,100,3424.318483333,3539.168136318,114.849652985
1,poi_bus_120,120,Attila,lagging_095,0.95,2,2020-01-01T02:00:00+00:00,23,generator_313_CC_1_sustained,generator,313_CC_1,bounded,continuous,177.145833333,58.225019715,660.828118246,100,0,true,true,false,constraint_violation,0.992357927,307,1.089182425,210,0.039182425,0.947542291,CA-1,0,101_STEAM_3,333.825280772,317_WIND_1,0,317,317_WIND_1,100,3424.318483333,3545.520176618,121.201693285
1,poi_bus_120,120,Attila,lagging_095,0.95,3,2020-01-01T03:00:00+00:00,0,normal,normal,,base,continuous,172.770833333,56.787026755,664.374395151,-100,0,true,true,false,constraint_violation,1,102,1.089144373,306,0.039144373,0.914375075,A10,0,101_STEAM_3,78.660276681,314_SYNC_COND_1,0,123,123_STEAM_3,100,3437.369154333,3543.658613638,106.289459305
1,poi_bus_120,120,Attila,lagging_095,0.95,3,2020-01-01T03:00:00+00:00,1,branch_A11_immediate,branch,A11,fixed,short_term,172.770833333,56.787026755,664.374395151,-100.000000001,0.000000001,true,true,false,constraint_violation,1,102,1.08895977,306,0.03895977,0.804539025,A10,0,101_STEAM_3,78.422432546,314_SYNC_COND_1,0,123,123_STEAM_3,100,3437.369154333,3544.089285122,106.720130789
1,poi_bus_120,120,Attila,lagging_095,0.95,3,2020-01-01T03:00:00+00:00,2,branch_A11_sustained,branch,A11,bounded,continuous,172.770833333,56.787026755,664.374395151,100,0,true,true,false,constraint_violation,1,102,1.084200064,210,0.034200064,1.011862589,C6,0,101_STEAM_3,50.368274606,314_SYNC_COND_1,0,122,122_WIND_1,100,3437.369154334,3522.092963032,84.723808698
1,poi_bus_120,120,Attila,lagging_095,0.95,3,2020-01-01T03:00:00+00:00,3,branch_A12-1_immediate,branch,A12-1,fixed,short_term,172.770833333,56.787026755,664.374395151,-100,0.000000001,true,true,false,constraint_violation,1,314,1.089071821,306,0.039071821,0.797391592,A10,0,101_STEAM_3,78.568251991,314_SYNC_COND_1,0,123,123_STEAM_3,100,3437.369154333,3545.290438594,107.921284261
1,poi_bus_120,120,Attila,lagging_095,0.95,3,2020-01-01T03:00:00+00:00,4,branch_A12-1_sustained,branch,A12-1,bounded,continuous,172.770833333,56.787026755,664.374395151,-100,0,true,true,false,constraint_violation,0.973290917,307,1.089086846,210,0.039086846,0.980249511,CA-1,0,101_STEAM_3,401.425073102,316_STEAM_1,0,317,317_WIND_1,100,3437.369154333,3547.598123739,110.228969406
1,poi_bus_120,120,Attila,lagging_095,0.95,3,2020-01-01T03:00:00+00:00,5,branch_A34_immediate,branch,A34,fixed,short_term,172.770833333,56.787026755,664.374395151,-100,0,true,true,false,constraint_violation,1,101,1.089317243,306,0.039317243,1.022042552,A30,0,101_STEAM_3,111.717790127,116_STEAM_1,0,123,123_STEAM_3,100,3437.369154333,3575.303329987,137.934175654
1,poi_bus_120,120,Attila,lagging_095,0.95,3,2020-01-01T03:00:00+00:00,6,branch_A34_sustained,branch,A34,bounded,continuous,172.770833333,56.787026755,664.374395151,-100,0.000000001,true,true,false,constraint_violation,0.986286781,307,1.086270049,210,0.036270049,1.007837512,A30,0,101_STEAM_3,348.118420783,317_WIND_1,0,317,317_WIND_1,100,3437.369154333,3564.966653753,127.59749942
1,poi_bus_120,120,Attila,lagging_095,0.95,3,2020-01-01T03:00:00+00:00,7,branch_B12-1_immediate,branch,B12-1,fixed,short_term,172.770833333,56.787026755,664.374395151,-100,0,true,true,false,constraint_violation,0.965548166,207,1.089129717,306,0.039129717,0.800093487,A10,0,101_STEAM_3,78.641866537,314_SYNC_COND_1,0,123,123_STEAM_3,100,3437.369154333,3547.209781604,109.840627271
1,poi_bus_120,120,Attila,lagging_095,0.95,3,2020-01-01T03:00:00+00:00,8,branch_B12-1_sustained,branch,B12-1,bounded,continuous,172.770833333,56.787026755,664.374395151,-100,0.000000002,true,true,false,constraint_violation,0.962549172,207,1.075777609,210,0.025777609,0.936646856,A10,0,101_STEAM_3,99.94097867,316_STEAM_1,0,303,303_WIND_1,100,3437.369154333,3535.596326655,98.227172322
1,poi_bus_120,120,Attila,lagging_095,0.95,3,2020-01-01T03:00:00+00:00,9,branch_B22_immediate,branch,B22,fixed,short_term,172.770833333,56.787026755,664.374395151,-100,0.000000001,true,true,false,constraint_violation,1,101,1.089294632,306,0.039294632,0.798470816,A10,0,101_STEAM_3,78.842099395,314_SYNC_COND_1,0,123,123_STEAM_3,100,3437.369154333,3549.566647521,112.197493188
1,poi_bus_120,120,Attila,lagging_095,0.95,3,2020-01-01T03:00:00+00:00,10,branch_B22_sustained,branch,B22,bounded,continuous,172.770833333,56.787026755,664.374395151,100,0.000000001,true,true,false,constraint_violation,0.99684428,307,1.080430453,210,0.030430453,0.936231962,C10,0,101_STEAM_3,65.540185609,316_STEAM_1,0,122,122_WIND_1,100,3437.369154333,3512.4961188,75.126964467
1,poi_bus_120,120,Attila,lagging_095,0.95,3,2020-01-01T03:00:00+00:00,11,branch_B6_immediate,branch,B6,fixed,short_term,172.770833333,56.787026755,664.374395151,-100,0.000000002,true,true,false,constraint_violation,1,101,1.090603774,210,0.040603774,0.798151751,A10,0,101_STEAM_3,78.621096058,314_SYNC_COND_1,0,123,123_STEAM_3,100,3437.369154333,3543.55800984,106.188855507
1,poi_bus_120,120,Attila,lagging_095,0.95,3,2020-01-01T03:00:00+00:00,12,branch_B6_sustained,branch,B6,bounded,continuous,172.770833333,56.787026755,664.374395151,100,0,true,true,false,constraint_violation,0.990291143,307,1.087994052,210,0.037994052,0.957365482,CA-1,0,101_STEAM_3,330.195963433,316_STEAM_1,0,317,317_WIND_1,100,3437.369154334,3552.661149523,115.291995189
1,poi_bus_120,120,Attila,lagging_095,0.95,3,2020-01-01T03:00:00+00:00,13,branch_C12-1_immediate,branch,C12-1,fixed,short_term,172.770833333,56.787026755,664.374395151,-100,0,true,true,false,constraint_violation,0.935002191,307,1.088982049,210,0.038982049,0.800033226,A10,0,101_STEAM_3,52.36495033,314_SYNC_COND_1,0,123,123_STEAM_3,100,3437.369154333,3548.490054373,111.12090004
1,poi_bus_120,120,Attila,lagging_095,0.95,3,2020-01-01T03:00:00+00:00,14,branch_C12-1_sustained,branch,C12-1,bounded,continuous,172.770833333,56.787026755,664.374395151,-100,0,true,true,false,constraint_violation,0.882557199,307,1.086627248,210,0.067442801,0.993004936,CA-1,0,101_STEAM_3,422.689126712,316_STEAM_1,0,317,317_WIND_1,100,3437.369154333,3548.37671714,111.007562807
1,poi_bus_120,120,Attila,lagging_095,0.95,3,2020-01-01T03:00:00+00:00,15,branch_C27_immediate,branch,C27,fixed,short_term,172.770833333,56.787026755,664.374395151,-100.000000001,0.000000001,true,true,false,constraint_violation,1,314,1.088885815,210,0.038885815,0.998960791,C29,0,101_STEAM_3,74.990545161,314_SYNC_COND_1,0,123,123_STEAM_3,100,3437.369154333,3552.005664474,114.636510141
1,poi_bus_120,120,Attila,lagging_095,0.95,3,2020-01-01T03:00:00+00:00,16,branch_C27_sustained,branch,C27,bounded,continuous,172.770833333,56.787026755,664.374395151,-100.000000001,0.000000001,true,true,false,constraint_violation,0.980836604,307,1.089315762,210,0.039315762,0.960390855,CA-1,0,101_STEAM_3,178.473228697,317_WIND_1,0,317,317_WIND_1,100,3437.369154333,3570.897860895,133.528706562
1,poi_bus_120,120,Attila,lagging_095,0.95,3,2020-01-01T03:00:00+00:00,17,branch_C6_immediate,branch,C6,fixed,short_term,172.770833333,56.787026755,664.374395151,-100,0,true,true,false,constraint_violation,1,101,1.088965012,210,0.038965012,0.833626903,C2,0,101_STEAM_3,58.662841067,314_SYNC_COND_1,0,123,123_STEAM_3,100,3437.369154333,3550.871376602,113.502222269
1,poi_bus_120,120,Attila,lagging_095,0.95,3,2020-01-01T03:00:00+00:00,18,branch_C6_sustained,branch,C6,bounded,continuous,172.770833333,56.787026755,664.374395151,99.999999999,0.000000001,true,true,false,constraint_violation,1,101,1.086545443,210,0.036545443,1.021356197,C2,0,101_STEAM_3,61.052684548,314_SYNC_COND_1,0,122,122_WIND_1,100,3437.369154333,3509.561928986,72.192774653
1,poi_bus_120,120,Attila,lagging_095,0.95,3,2020-01-01T03:00:00+00:00,19,branch_CA-1_immediate,branch,CA-1,fixed,short_term,172.770833333,56.787026755,664.374395151,-100,0,true,true,false,constraint_violation,1,314,1.089225426,210,0.039225426,0.794355243,A10,0,101_STEAM_3,72.11333452,314_SYNC_COND_1,0,123,123_STEAM_3,100,3437.369154333,3558.252818186,120.883663853
1,poi_bus_120,120,Attila,lagging_095,0.95,3,2020-01-01T03:00:00+00:00,20,branch_CA-1_sustained,branch,CA-1,bounded,continuous,172.770833333,56.787026755,664.374395151,100,0.000000002,true,true,false,constraint_violation,0.996117706,307,1.088546584,210,0.038546584,0.974890039,C6,0,101_STEAM_3,293.422004747,316_STEAM_1,0,317,317_WIND_1,100,3437.369154333,3565.282648429,127.913494096
1,poi_bus_120,120,Attila,lagging_095,0.95,3,2020-01-01T03:00:00+00:00,21,generator_121_NUCLEAR_1_sustained,generator,121_NUCLEAR_1,bounded,continuous,172.770833333,56.787026755,664.374395151,-100,0,true,true,false,constraint_violation,0.969557805,307,1.08659243,210,0.03659243,0.932947781,A10,0,101_STEAM_3,109.470638679,316_STEAM_1,0,303,303_WIND_1,99,3437.369154333,3535.192712629,97.823558296
1,poi_bus_120,120,Attila,lagging_095,0.95,3,2020-01-01T03:00:00+00:00,22,generator_213_CC_3_sustained,generator,213_CC_3,bounded,continuous,172.770833333,56.787026755,664.374395151,99.999999999,0.000000001,true,true,false,constraint_violation,1,101,1.085757511,210,0.035757511,1.01232521,C6,0,101_STEAM_3,50.554625056,314_SYNC_COND_1,0,122,122_WIND_1,100,3437.369154334,3517.996960103,80.627805769
1,poi_bus_120,120,Attila,lagging_095,0.95,3,2020-01-01T03:00:00+00:00,23,generator_313_CC_1_sustained,generator,313_CC_1,bounded,continuous,172.770833333,56.787026755,664.374395151,-100,0.000000001,true,true,false,constraint_violation,1,102,1.090060674,306,0.040060674,0.960837581,C10,0,101_STEAM_3,62.465766277,314_SYNC_COND_1,0,122,122_WIND_1,100,3437.369154333,3499.936475845,62.567321512
1,poi_bus_120,120,Attila,lagging_095,0.95,4,2020-01-01T04:00:00+00:00,0,normal,normal,,base,continuous,174.979166667,57.512870821,692.511540751,-100.000000001,0.000000001,true,true,false,constraint_violation,1,101,1.088465867,310,0.038465867,0.913998601,A10,0,101_STEAM_3,76.382902319,314_SYNC_COND_1,0,123,123_STEAM_3,100,3577.837599667,3680.063046784,102.225447117
1,poi_bus_120,120,Attila,lagging_095,0.95,4,2020-01-01T04:00:00+00:00,1,branch_A11_immediate,branch,A11,fixed,short_term,174.979166667,57.512870821,692.511540751,-100,0.000000001,true,true,false,constraint_violation,1,101,1.088308232,310,0.038308232,0.804242939,A10,0,101_STEAM_3,76.216563612,314_SYNC_COND_1,0,123,123_STEAM_3,100,3577.837599667,3680.496479531,102.658879864
1,poi_bus_120,120,Attila,lagging_095,0.95,4,2020-01-01T04:00:00+00:00,2,branch_A11_sustained,branch,A11,bounded,continuous,174.979166667,57.512870821,692.511540751,-100,0,true,true,false,constraint_violation,0.996957249,307,1.085226819,210,0.035226819,0.990094555,C6,0,101_STEAM_3,50.129407221,314_SYNC_COND_1,0,122,122_WIND_1,100,3577.837599667,3646.241243753,68.403644086
1,poi_bus_120,120,Attila,lagging_095,0.95,4,2020-01-01T04:00:00+00:00,3,branch_A12-1_immediate,branch,A12-1,fixed,short_term,174.979166667,57.512870821,692.511540751,-100,0,true,true,false,constraint_violation,1,101,1.088395934,310,0.038395934,0.796041299,A10,0,101_STEAM_3,76.311120031,314_SYNC_COND_1,0,123,123_STEAM_3,100,3577.837599667,3681.881615895,104.044016228
1,poi_bus_120,120,Attila,lagging_095,0.95,4,2020-01-01T04:00:00+00:00,4,branch_A12-1_sustained,branch,A12-1,bounded,continuous,174.979166667,57.512870821,692.511540751,-100,0.000000001,true,true,false,constraint_violation,0.965852717,307,1.086815351,210,0.036815351,0.903147822,A10,0,101_STEAM_3,103.488237001,316_STEAM_1,0,303,303_WIND_1,100,3577.837599667,3696.09424892,118.256649253
1,poi_bus_120,120,Attila,lagging_095,0.95,4,2020-01-01T04:00:00+00:00,5,branch_A34_immediate,branch,A34,fixed,short_term,174.979166667,57.512870821,692.511540751,-100,0,true,true,false,constraint_violation,1,102,1.088634794,310,0.038634794,1.022097237,A30,0,101_STEAM_3,111.25006994,116_STEAM_1,0,123,123_STEAM_3,100,3577.837599667,3711.849354952,134.011755285
1,poi_bus_120,120,Attila,lagging_095,0.95,4,2020-01-01T04:00:00+00:00,6,branch_A34_sustained,branch,A34,bounded,continuous,174.979166667,57.512870821,692.511540751,100,0,true,true,false,constraint_violation,0.979128041,307,1.085505796,210,0.035505796,1.007896461,A30,0,101_STEAM_3,347.907469363,316_STEAM_1,0,317,317_WIND_1,100,3577.837599667,3698.491730037,120.65413037
1,poi_bus_120,120,Attila,lagging_095,0.95,4,2020-01-01T04:00:00+00:00,7,branch_B12-1_immediate,branch,B12-1,fixed,short_term,174.979166667,57.512870821,692.511540751,-100,0.000000002,true,true,false,constraint_violation,0.960101051,207,1.088451207,310,0.038451207,0.799765114,A10,0,101_STEAM_3,76.368162317,314_SYNC_COND_1,0,123,123_STEAM_3,100,3577.837599667,3683.800533681,105.962934014
1,poi_bus_120,120,Attila,lagging_095,0.95,4,2020-01-01T04:00:00+00:00,8,branch_B12-1_sustained,branch,B12-1,bounded,continuous,174.979166667,57.512870821,692.511540751,100,0,true,true,false,constraint_violation,0.960489058,207,1.076641647,210,0.026641647,0.944067675,CA-1,0,101_STEAM_3,364.670206632,316_STEAM_1,0,317,317_WIND_1,100,3577.837599667,3712.003938461,134.166338794
1,poi_bus_120,120,Attila,lagging_095,0.95,4,2020-01-01T04:00:00+00:00,9,branch_B22_immediate,branch,B22,fixed,short_term,174.979166667,57.512870821,692.511540751,-100,0,true,true,false,constraint_violation,1,101,1.088623271,310,0.038623271,0.798171047,A10,0,101_STEAM_3,76.527333136,314_SYNC_COND_1,0,123,123_STEAM_3,100,3577.837599667,3686.87787847,109.040278803
1,poi_bus_120,120,Attila,lagging_095,0.95,4,2020-01-01T04:00:00+00:00,10,branch_B22_sustained,branch,B22,bounded,continuous,174.979166667,57.512870821,692.511540751,-100,0,true,true,false,constraint_violation,1,101,1.080016591,210,0.030016591,1.011186598,C6,0,101_STEAM_3,51.511908074,314_SYNC_COND_1,0,122,122_WIND_1,100,3577.837599667,3655.036682458,77.199082791
1,poi_bus_120,120,Attila,lagging_095,0.95,4,2020-01-01T04:00:00+00:00,11,branch_B6_immediate,branch,B6,fixed,short_term,174.979166667,57.512870821,692.511540751,-100,0,true,true,false,constraint_violation,1,102,1.089279959,210,0.039279959,0.797651619,A10,0,101_STEAM_3,76.362748631,314_SYNC_COND_1,0,123,123_STEAM_3,100,3577.837599667,3679.948137527,102.11053786
1,poi_bus_120,120,Attila,lagging_095,0.95,4,2020-01-01T04:00:00+00:00,12,branch_B6_sustained,branch,B6,bounded,continuous,174.979166667,57.512870821,692.511540751,100,0.000000001,true,true,false,constraint_violation,0.988132383,307,1.087351609,210,0.037351609,0.952113373,CA-1,0,101_STEAM_4,332.285180304,316_STEAM_1,0,317,317_WIND_1,100,3577.837599666,3697.571182124,119.733582458
1,poi_bus_120,120,Attila,lagging_095,0.95,4,2020-01-01T04:00:00+00:00,13,branch_C12-1_immediate,branch,C12-1,fixed,short_term,174.979166667,57.512870821,692.511540751,-100.000000001,0.000000001,true,true,false,constraint_violation,0.931041833,307,1.087625929,210,0.037625929,0.799703794,A10,0,101_STEAM_3,49.666824361,314_SYNC_COND_1,0,123,123_STEAM_3,100,3577.837599667,3685.070921608,107.233321941
1,poi_bus_120,120,Attila,lagging_095,0.95,4,2020-01-01T04:00:00+00:00,14,branch_C12-1_sustained,branch,C12-1,bounded,continuous,174.979166667,57.512870821,692.511540751,100,0,true,true,false,constraint_violation,0.899814937,307,1.087449106,210,0.050185063,0.917760347,A10,0,101_STEAM_3,337.803467982,317_WIND_1,0,317,317_WIND_1,100,3577.837599667,3703.32153842,125.483938753
1,poi_bus_120,120,Attila,lagging_095,0.95,4,2020-01-01T04:00:00+00:00,15,branch_C27_immediate,branch,C27,fixed,short_term,174.979166667,57.512870821,692.511540751,-100,0.000000001,true,true,false,constraint_violation,1,101,1.087468106,210,0.037468106,0.998880717,C29,0,101_STEAM_3,72.522408317,314_SYNC_COND_1,0,123,123_STEAM_3,100,3577.837599667,3689.777980142,111.940380475
1,poi_bus_120,120,Attila,lagging_095,0.95,4,2020-01-01T04:00:00+00:00,16,branch_C27_sustained,branch,C27,bounded,continuous,174.979166667,57.512870821,692.511540751,-99.999999999,0,true,true,false,constraint_violation,1,101,1.085589319,210,0.035589319,0.924835087,A10,0,101_STEAM_3,159.018839861,317_WIND_1,0,317,317_WIND_1,100,3577.837599667,3647.666855249,69.829255582
1,poi_bus_120,120,Attila,lagging_095,0.95,4,2020-01-01T04:00:00+00:00,17,branch_C6_immediate,branch,C6,fixed,short_term,174.979166667,57.512870821,692.511540751,-100.000000001,0.000000001,true,true,false,constraint_violation,1,101,1.087598051,210,0.037598051,0.814431534,C2,0,101_STEAM_3,56.394310332,314_SYNC_COND_1,0,123,123_STEAM_3,100,3577.837599667,3686.762704402,108.925104735
1,poi_bus_120,120,Attila,lagging_095,0.95,4,2020-01-01T04:00:00+00:00,18,branch_C6_sustained,branch,C6,bounded,continuous,174.979166667,57.512870821,692.511540751,100,0,true,true,false,constraint_violation,0.98528957,307,1.087321631,210,0.037321631,1.025967191,C2,0,101_STEAM_3,59.792091735,116_STEAM_1,0,123,123_STEAM_3,100,3577.837599667,3710.804446335,132.966846668
1,poi_bus_120,120,Attila,lagging_095,0.95,4,2020-01-01T04:00:00+00:00,19,branch_CA-1_immediate,branch,CA-1,fixed,short_term,174.979166667,57.512870821,692.511540751,-100,0,true,true,false,constraint_violation,1,101,1.088133806,210,0.038133806,0.795159861,A10,0,101_STEAM_3,69.040247956,314_SYNC_COND_1,0,123,123_STEAM_3,100,3577.837599667,3693.969563848,116.131964181
1,poi_bus_120,120,Attila,lagging_095,0.95,4,2020-01-01T04:00:00+00:00,20,branch_CA-1_sustained,branch,CA-1,bounded,continuous,174.979166667,57.512870821,692.511540751,78.821134562,0,true,true,false,constraint_violation,0.967047917,307,1.085122308,210,0.035122308,0.944765157,C27,0,101_STEAM_3,134.009839792,316_STEAM_1,0,303,303_WIND_1,100,3577.837599667,3682.712703303,104.875103636
1,poi_bus_120,120,Attila,lagging_095,0.95,4,2020-01-01T04:00:00+00:00,21,generator_121_NUCLEAR_1_sustained,generator,121_NUCLEAR_1,bounded,continuous,174.979166667,57.512870821,692.511540751,-100,0.000000002,true,true,false,constraint_violation,1,314,1.086173486,210,0.036173486,1.011398083,C6,0,101_STEAM_3,54.597020156,314_SYNC_COND_1,0,122,122_WIND_1,99,3577.837599666,3650.187701202,72.350101536
1,poi_bus_120,120,Attila,lagging_095,0.95,4,2020-01-01T04:00:00+00:00,22,generator_213_CC_3_sustained,generator,213_CC_3,bounded,continuous,174.979166667,57.512870821,692.511540751,-100,0.000000001,true,true,false,constraint_violation,1,102,1.084444263,210,0.034444263,0.954409403,C6,0,101_STEAM_3,50.271840979,314_SYNC_COND_1,0,122,122_WIND_1,100,3577.837599667,3651.056836153,73.219236486
1,poi_bus_120,120,Attila,lagging_095,0.95,4,2020-01-01T04:00:00+00:00,23,generator_313_CC_1_sustained,generator,313_CC_1,bounded,continuous,174.979166667,57.512870821,692.511540751,-100,0,true,true,false,constraint_violation,0.987595087,307,1.085678622,210,0.035678622,0.944130608,C6,0,101_STEAM_3,326.617958727,317_WIND_1,0,317,317_WIND_1,100,3577.837599667,3665.813806631,87.976206964
1,poi_bus_120,120,Attila,lagging_095,0.95,5,2020-01-01T05:00:00+00:00,0,normal,normal,,base,continuous,180.208333333,59.231614787,747.327172653,-100,0.000000001,true,true,false,constraint_violation,0.992667211,307,1.084237064,210,0.034237064,0.954827135,C6,0,101_STEAM_3,53.897656323,314_SYNC_COND_1,0,123,123_STEAM_3,100,3852.419440333,3959.592551307,107.173110974
1,poi_bus_120,120,Attila,lagging_095,0.95,5,2020-01-01T05:00:00+00:00,1,branch_A11_immediate,branch,A11,fixed,short_term,180.208333333,59.231614787,747.327172653,-100,0,true,true,false,constraint_violation,0.992510711,307,1.083543953,210,0.033543953,0.796893381,A10,0,101_STEAM_3,53.718060182,314_SYNC_COND_1,0,123,123_STEAM_3,100,3852.419440333,3960.162040547,107.742600214
1,poi_bus_120,120,Attila,lagging_095,0.95,5,2020-01-01T05:00:00+00:00,2,branch_A11_sustained,branch,A11,bounded,continuous,180.208333333,59.231614787,747.327172653,-100.000000001,0.000000001,true,true,false,constraint_violation,0.961942645,307,1.084577505,210,0.034577505,0.987634421,C6,0,101_STEAM_3,342.881271289,316_STEAM_1,0,317,317_WIND_1,100,3852.419440334,3983.62223139,131.202791056
1,poi_bus_120,120,Attila,lagging_095,0.95,5,2020-01-01T05:00:00+00:00,3,branch_A12-1_immediate,branch,A12-1,fixed,short_term,180.208333333,59.231614787,747.327172653,-100,0.000000001,true,true,false,constraint_violation,0.991523216,108,1.08370804,210,0.03370804,0.784012403,A10,0,101_STEAM_3,53.80802697,314_SYNC_COND_1,0,123,123_STEAM_3,100,3852.419440333,3961.877333116,109.457892783
1,poi_bus_120,120,Attila,lagging_095,0.95,5,2020-01-01T05:00:00+00:00,4,branch_A12-1_sustained,branch,A12-1,bounded,continuous,180.208333333,59.231614787,747.327172653,-100,0.000000001,true,true,false,constraint_violation,0.949668589,307,1.082976446,210,0.032976446,0.904581993,A10,0,101_STEAM_3,129.757951785,316_STEAM_1,0,303,303_WIND_1,100,3852.419440333,3979.810002153,127.39056182
1,poi_bus_120,120,Attila,lagging_095,0.95,5,2020-01-01T05:00:00+00:00,5,branch_A34_immediate,branch,A34,fixed,short_term,180.208333333,59.231614787,747.327172653,-100,0.000000001,true,true,false,constraint_violation,0.992849662,307,1.084333061,210,0.034333061,1.022136903,A30,0,101_STEAM_3,107.325172281,116_STEAM_1,0,123,123_STEAM_3,100,3852.419440333,3991.911196464,139.491756131
1,poi_bus_120,120,Attila,lagging_095,0.95,5,2020-01-01T05:00:00+00:00,6,branch_A34_sustained,branch,A34,bounded,continuous,180.208333333,59.231614787,747.327172653,100,0.000000001,true,true,false,constraint_violation,0.986218472,307,1.082670888,210,0.032670888,1.008026003,A30,0,101_STEAM_3,347.526055032,317_WIND_1,0,317,317_WIND_1,100,3852.419440333,3966.115278504,113.695838171
1,poi_bus_120,120,Attila,lagging_095,0.95,5,2020-01-01T05:00:00+00:00,7,branch_B12-1_immediate,branch,B12-1,fixed,short_term,180.208333333,59.231614787,747.327172653,-100,0.000000001,true,true,false,constraint_violation,0.945100638,207,1.073990049,310,0.023990049,0.791012126,A10,0,101_STEAM_3,53.878211571,314_SYNC_COND_1,0,123,123_STEAM_3,100,3852.419440333,3963.983554177,111.564113844
1,poi_bus_120,120,Attila,lagging_095,0.95,5,2020-01-01T05:00:00+00:00,8,branch_B12-1_sustained,branch,B12-1,bounded,continuous,180.208333333,59.231614787,747.327172653,-77.379750376,0.000000001,true,true,false,constraint_violation,0.94393452,207,1.070275817,210,0.020275817,0.991250263,C6,0,101_STEAM_3,352.737935599,316_STEAM_1,0,317,317_WIND_1,100,3852.419440333,3985.667800066,133.248359733
1,poi_bus_120,120,Attila,lagging_095,0.95,5,2020-01-01T05:00:00+00:00,9,branch_B22_immediate,branch,B22,fixed,short_term,180.208333333,59.231614787,747.327172653,-100,0.000000001,true,true,false,constraint_violation,0.992851376,307,1.077083521,210,0.027083521,0.78905182,A10,0,101_STEAM_3,54.090448537,314_SYNC_COND_1,0,123,123_STEAM_3,100,3852.419440333,3967.953394386,115.533954053
1,poi_bus_120,120,Attila,lagging_095,0.95,5,2020-01-01T05:00:00+00:00,10,branch_B22_sustained,branch,B22,bounded,continuous,180.208333333,59.231614787,747.327172653,-100.000000001,0.000000001,true,true,false,constraint_violation,0.945957971,307,1.077526877,210,0.027526877,0.933750811,CA-1,0,101_STEAM_3,180.202853443,316_STEAM_1,0,303,303_WIND_1,100,3852.419440334,3982.099027463,129.679587129
1,poi_bus_120,120,Attila,lagging_095,0.95,5,2020-01-01T05:00:00+00:00,11,branch_B6_immediate,branch,B6,fixed,short_term,180.208333333,59.231614787,747.327172653,-100,0.000000001,true,true,false,constraint_violation,0.992654165,307,1.085917069,210,0.035917069,0.788850705,A10,0,101_STEAM_3,53.88311224,314_SYNC_COND_1,0,123,123_STEAM_3,100,3852.419440333,3959.49242613,107.072985797
1,poi_bus_120,120,Attila,lagging_095,0.95,5,2020-01-01T05:00:00+00:00,12,branch_B6_sustained,branch,B6,bounded,continuous,180.208333333,59.231614787,747.327172653,-100,0.000000001,true,true,false,constraint_violation,0.945573809,307,1.084800723,210,0.034800723,0.948633985,CA-1,0,101_STEAM_3,168.87602708,316_STEAM_1,0,303,303_WIND_1,100,3852.419440334,3969.105893049,116.686452715
1,poi_bus_120,120,Attila,lagging_095,0.95,5,2020-01-01T05:00:00+00:00,13,branch_C12-1_immediate,branch,C12-1,fixed,short_term,180.208333333,59.231614787,747.327172653,-100,0.000000001,true,true,false,constraint_violation,0.893826597,307,1.08425684,210,0.056173403,0.79091941,A10,0,101_STEAM_3,30.882414564,316_STEAM_1,0,123,123_STEAM_3,100,3852.419440333,3966.063206706,113.643766373
1,poi_bus_120,120,Attila,lagging_095,0.95,5,2020-01-01T05:00:00+00:00,14,branch_C12-1_sustained,branch,C12-1,bounded,continuous,180.208333333,59.231614787,747.327172653,-100,0.000000001,true,true,false,constraint_violation,0.857500492,307,1.083033425,210,0.092499508,0.925344203,C6,0,101_STEAM_3,352.639854239,316_STEAM_1,0,317,317_WIND_1,100,3852.419440333,3985.87159695,133.452156617
1,poi_bus_120,120,Attila,lagging_095,0.95,5,2020-01-01T05:00:00+00:00,15,branch_C27_immediate,branch,C27,fixed,short_term,180.208333333,59.231614787,747.327172653,-100,0.000000001,true,true,false,constraint_violation,0.987240617,307,1.084014487,210,0.034014487,0.998350467,C29,0,101_STEAM_3,79.179214079,316_STEAM_1,0,123,123_STEAM_3,100,3852.419440333,3971.278563566,118.859123233
1,poi_bus_120,120,Attila,lagging_095,0.95,5,2020-01-01T05:00:00+00:00,16,branch_C27_sustained,branch,C27,bounded,continuous,180.208333333,59.231614787,747.327172653,-99.999999999,0,true,true,false,constraint_violation,0.94484398,307,1.082898231,210,0.032898231,1.002382717,C29,0,101_STEAM_3,240.932890882,316_STEAM_1,0,303,303_WIND_1,100,3852.419440333,3980.69333643,128.273896097
1,poi_bus_120,120,Attila,lagging_095,0.95,5,2020-01-01T05:00:00+00:00,17,branch_C6_immediate,branch,C6,fixed,short_term,180.208333333,59.231614787,747.327172653,-100,0,true,true,false,constraint_violation,0.975330503,307,1.084212908,210,0.034212908,0.889767656,C2,0,101_STEAM_3,61.359095807,316_STEAM_1,0,123,123_STEAM_3,100,3852.419440333,3968.823848315,116.404407982
1,poi_bus_120,120,Attila,lagging_095,0.95,5,2020-01-01T05:00:00+00:00,18,branch_C6_sustained,branch,C6,bounded,continuous,180.208333333,59.231614787,747.327172653,100.000000001,0,true,true,false,constraint_violation,0.985201821,307,1.081906461,210,0.031906461,1.032115932,C2,46.017481339,223_STEAM_1,73.361986381,116_STEAM_1,139.017481339,223,223_STEAM_3,100,3852.419440334,3991.436921673,139.017481339
1,poi_bus_120,120,Attila,lagging_095,0.95,5,2020-01-01T05:00:00+00:00,19,branch_CA-1_immediate,branch,CA-1,fixed,short_term,180.208333333,59.231614787,747.327172653,-100,0.000000001,true,true,false,constraint_violation,0.986692973,307,1.085161372,210,0.035161372,0.824025881,C6,0,101_STEAM_3,56.232929356,116_STEAM_1,0,123,123_STEAM_3,100,3852.419440333,3978.26966034,125.850220007
1,poi_bus_120,120,Attila,lagging_095,0.95,5,2020-01-01T05:00:00+00:00,20,branch_CA-1_sustained,branch,CA-1,bounded,continuous,180.208333333,59.231614787,747.327172653,100,0.000000001,true,true,false,constraint_violation,0.984187033,307,1.083029734,210,0.033029734,1.017043958,C6,0,101_STEAM_3,310.370425537,317_WIND_1,0,317,317_WIND_1,100,3852.419440333,3990.464134884,138.044694551
1,poi_bus_120,120,Attila,lagging_095,0.95,5,2020-01-01T05:00:00+00:00,21,generator_121_NUCLEAR_1_sustained,generator,121_NUCLEAR_1,bounded,continuous,180.208333333,59.231614787,747.327172653,-100,0,true,true,false,constraint_violation,0.984733454,307,1.082865927,210,0.032865927,0.929882184,C6,0,101_STEAM_3,357.817129741,317_WIND_1,0,317,317_WIND_1,99,3852.419440333,3950.830038415,98.410598082
1,poi_bus_120,120,Attila,lagging_095,0.95,5,2020-01-01T05:00:00+00:00,22,generator_213_CC_3_sustained,generator,213_CC_3,bounded,continuous,180.208333333,59.231614787,747.327172653,-100,0,true,true,false,constraint_violation,0.984858982,307,1.08245692,210,0.03245692,1.011064174,C6,0,101_STEAM_3,35.303693138,314_SYNC_COND_1,0,122,122_WIND_1,100,3852.419440333,3924.851561884,72.432121551
1,poi_bus_120,120,Attila,lagging_095,0.95,5,2020-01-01T05:00:00+00:00,23,generator_313_CC_1_sustained,generator,313_CC_1,bounded,continuous,180.208333333,59.231614787,747.327172653,100,0,true,true,false,constraint_violation,0.984898568,307,1.082101823,210,0.032101823,1.026097376,C6,38.68359242,223_STEAM_1,66.385136521,116_STEAM_1,131.68359242,223,223_STEAM_3,100,3852.419440333,3984.103032753,131.68359242
1,poi_bus_120,120,Attila,lagging_095,0.95,6,2020-01-01T06:00:00+00:00,0,normal,normal,,base,continuous,184.125,60.518960866,803.555549832,-100,0.000000001,true,true,false,constraint_violation,0.955572345,307,1.079886128,210,0.029886128,0.909366556,A10,111.875830912,223_STEAM_1,61.627532138,316_STEAM_1,111.875830912,223,223_STEAM_3,100,4132.630719,4244.506549912,111.875830912
1,poi_bus_120,120,Attila,lagging_095,0.95,6,2020-01-01T06:00:00+00:00,1,branch_A11_immediate,branch,A11,fixed,short_term,184.125,60.518960866,803.555549832,-100,0.000000001,true,true,false,constraint_violation,0.955208579,307,1.079299183,210,0.029299183,0.801255413,A10,112.452182514,223_STEAM_1,62.045556998,316_STEAM_1,112.452182514,223,223_STEAM_3,100,4132.630719,4245.082901514,112.452182514
1,poi_bus_120,120,Attila,lagging_095,0.95,6,2020-01-01T06:00:00+00:00,2,branch_A11_sustained,branch,A11,bounded,continuous,184.125,60.518960866,803.555549832,-100,0.000000001,true,true,false,constraint_violation,0.943091484,307,1.079178826,210,0.029178826,0.914537916,A10,0,101_STEAM_3,355.342021126,316_STEAM_1,0,317,317_WIND_1,100,4132.630719,4253.999755329,121.369036329
1,poi_bus_120,120,Attila,lagging_095,0.95,6,2020-01-01T06:00:00+00:00,3,branch_A12-1_immediate,branch,A12-1,fixed,short_term,184.125,60.518960866,803.555549832,-100,0,true,true,false,constraint_violation,0.95539196,307,1.079355508,210,0.029355508,0.789358839,A10,114.287203909,223_STEAM_1,61.819353285,316_STEAM_1,114.287203909,223,223_STEAM_3,100,4132.630719,4246.917922909,114.287203909
1,poi_bus_120,120,Attila,lagging_095,0.95,6,2020-01-01T06:00:00+00:00,4,branch_A12-1_sustained,branch,A12-1,bounded,continuous,184.125,60.518960866,803.555549832,-100,0.000000001,true,true,false,constraint_violation,0.943514828,307,1.079102064,210,0.029102064,0.900495132,A10,0,101_STEAM_3,354.198375852,316_STEAM_1,0,317,317_WIND_1,100,4132.630719,4255.7102415,123.0795225
1,poi_bus_120,120,Attila,lagging_095,0.95,6,2020-01-01T06:00:00+00:00,5,branch_A34_immediate,branch,A34,fixed,short_term,184.125,60.518960866,803.555549832,-100.000000001,0,true,true,false,constraint_violation,0.956335725,307,1.07980601,210,0.02980601,1.022085757,A30,144.73839617,223_STEAM_1,99.474277832,116_STEAM_1,144.73839617,223,223_STEAM_3,100,4132.630719,4277.36911517,144.73839617
1,poi_bus_120,120,Attila,lagging_095,0.95,6,2020-01-01T06:00:00+00:00,6,branch_A34_sustained,branch,A34,bounded,continuous,184.125,60.518960866,803.555549832,100,0,true,true,false,constraint_violation,0.949138341,307,1.078162057,210,0.028162057,1.362068765,A30,22.514173208,122_WIND_1,133.61253222,116_STEAM_1,0,122,122_WIND_1,100,4132.630719,4295.044892208,162.414173208
1,poi_bus_120,120,Attila,lagging_095,0.95,6,2020-01-01T06:00:00+00:00,7,branch_B12-1_immediate,branch,B12-1,fixed,short_term,184.125,60.518960866,803.555549832,-100,0.000000001,true,true,false,constraint_violation,0.92382902,207,1.064381109,210,0.02617098,0.795856813,A10,117.066123201,223_STEAM_1,61.635027345,316_STEAM_1,117.066123201,223,223_STEAM_3,100,4132.630719,4249.696842201,117.066123201
1,poi_bus_120,120,Attila,lagging_095,0.95,6,2020-01-01T06:00:00+00:00,8,branch_B12-1_sustained,branch,B12-1,bounded,continuous,184.125,60.518960866,803.555549832,100,0,true,true,false,constraint_violation,0.922697943,207,1.063487998,210,0.027302057,0.955507104,C6,0,101_STEAM_3,365.971260201,317_WIND_1,0,317,317_WIND_1,100,4132.630719,4257.647706296,125.016987296
1,poi_bus_120,120,Attila,lagging_095,0.95,6,2020-01-01T06:00:00+00:00,9,branch_B22_immediate,branch,B22,fixed,short_term,184.125,60.518960866,803.555549832,-100,0.000000001,true,true,false,constraint_violation,0.95614502,307,1.072265171,210,0.022265171,0.794200034,A10,119.813103335,223_STEAM_1,61.262308099,316_STEAM_1,119.813103335,223,223_STEAM_3,100,4132.630719,4252.443822335,119.813103335
1,poi_bus_120,120,Attila,lagging_095,0.95,6,2020-01-01T06:00:00+00:00,10,branch_B22_sustained,branch,B22,bounded,continuous,184.125,60.518960866,803.555549832,-100,0.000000001,true,true,false,constraint_violation,0.94493908,307,1.072841799,210,0.022841799,0.906487857,A10,0,101_STEAM_3,350.496720205,316_STEAM_1,0,317,317_WIND_1,100,4132.630719,4258.588491245,125.957772245
1,poi_bus_120,120,Attila,lagging_095,0.95,6,2020-01-01T06:00:00+00:00,11,branch_B6_immediate,branch,B6,fixed,short_term,184.125,60.518960866,803.555549832,-100.000000001,0,true,true,false,constraint_violation,0.955541063,307,1.081504332,210,0.031504332,0.793574175,A10,111.780065229,223_STEAM_1,61.658476724,316_STEAM_1,111.780065229,223,223_STEAM_3,100,4132.630719,4244.410784229,111.780065229
1,poi_bus_120,120,Attila,lagging_095,0.95,6,2020-01-01T06:00:00+00:00,12,branch_B6_sustained,branch,B6,bounded,continuous,184.125,60.518960866,803.555549832,-100,0,true,true,false,constraint_violation,0.943695738,307,1.081057972,210,0.031057972,0.905614427,A10,0,101_STEAM_3,353.748567038,316_STEAM_1,0,317,317_WIND_1,100,4132.630719,4253.27058234,120.63986334
1,poi_bus_120,120,Attila,lagging_095,0.95,6,2020-01-01T06:00:00+00:00,13,branch_C12-1_immediate,branch,C12-1,fixed,short_term,184.125,60.518960866,803.555549832,-100,0,true,true,false,constraint_violation,0.798547649,307,1.07986302,210,0.151452351,0.799281764,C13-2,123.679631446,223_STEAM_1,98.525582038,316_STEAM_1,123.679631446,223,223_STEAM_3,100,4132.630719,4256.310350446,123.679631446
1,poi_bus_120,120,Attila,lagging_095,0.95,6,2020-01-01T06:00:00+00:00,14,branch_C12-1_sustained,branch,C12-1,bounded,continuous,184.125,60.518960866,803.555549832,-100,0.000000001,true,true,false,constraint_violation,0.774554873,307,1.079478716,210,0.175445127,1.018911588,C13-2,0,101_STEAM_3,391.385882106,316_STEAM_1,0,317,317_WIND_1,100,4132.630719,4266.562517424,133.931798424
1,poi_bus_120,120,Attila,lagging_095,0.95,6,2020-01-01T06:00:00+00:00,15,branch_C27_immediate,branch,C27,fixed,short_term,184.125,60.518960866,803.555549832,-100,0.000000001,true,true,false,constraint_violation,0.94801029,307,1.079596377,210,0.029596377,0.928860486,C29,125.748669779,223_STEAM_1,140.896049317,316_STEAM_1,125.748669779,223,223_STEAM_3,100,4132.630719,4258.379388779,125.748669779
1,poi_bus_120,120,Attila,lagging_095,0.95,6,2020-01-01T06:00:00+00:00,16,branch_C27_sustained,branch,C27,bounded,continuous,184.125,60.518960866,803.555549832,-100,0.000000001,true,true,false,constraint_violation,0.934269798,307,1.080305932,210,0.030305932,1.00166697,C6,0,101_STEAM_3,158.923344303,316_STEAM_1,0,122,122_WIND_1,100,4132.630719,4259.488725153,126.858006153
1,poi_bus_120,120,Attila,lagging_095,0.95,6,2020-01-01T06:00:00+00:00,17,branch_C6_immediate,branch,C6,fixed,short_term,184.125,60.518960866,803.555549832,-100,0,true,true,false,constraint_violation,0.934074371,307,1.079822967,210,0.029822967,0.856351937,C2,120.721892368,223_STEAM_1,105.192321433,316_STEAM_1,120.721892368,223,223_STEAM_3,100,4132.630719,4253.352611368,120.721892368
1,poi_bus_120,120,Attila,lagging_095,0.95,6,2020-01-01T06:00:00+00:00,18,branch_C6_sustained,branch,C6,bounded,continuous,184.125,60.518960866,803.555549832,-100,0.000000001,true,true,false,constraint_violation,0.90913247,307,1.079419719,210,0.04086753,0.908265898,A10,0,101_STEAM_3,198.738595809,316_STEAM_1,0,303,303_WIND_1,100,4132.630719,4261.491839752,128.861120752
1,poi_bus_120,120,Attila,lagging_095,0.95,6,2020-01-01T06:00:00+00:00,19,branch_CA-1_immediate,branch,CA-1,fixed,short_term,184.125,60.518960866,803.555549832,-100,0,true,true,false,constraint_violation,0.94750552,307,1.080738304,210,0.030738304,0.823277122,C27,152.598325001,223_STEAM_1,162.459345411,316_STEAM_1,152.598325001,223,223_STEAM_3,100,4132.630719,4285.229044001,152.598325001
1,poi_bus_120,120,Attila,lagging_095,0.95,6,2020-01-01T06:00:00+00:00,20,branch_CA-1_sustained,branch,CA-1,bounded,continuous,184.125,60.518960866,803.555549832,32.467635999,0.000000002,true,true,false,constraint_violation,0.944684994,307,1.079430221,210,0.029430221,1.005449669,C6,0,101_STEAM_3,378.371063733,316_STEAM_1,0,317,317_WIND_1,100,4132.630719,4303.602873194,170.972154194
1,poi_bus_120,120,Attila,lagging_095,0.95,6,2020-01-01T06:00:00+00:00,21,generator_121_NUCLEAR_1_sustained,generator,121_NUCLEAR_1,bounded,continuous,184.125,60.518960866,803.555549832,-100.000000001,0.000000002,true,true,false,constraint_violation,0.922907359,307,1.0788091,210,0.0288091,1.033975614,C6,60.587145856,303_WIND_1,105.914492473,316_STEAM_1,0,303,303_WIND_1,99,4132.630719,4237.687145856,105.056426856
1,poi_bus_120,120,Attila,lagging_095,0.95,6,2020-01-01T06:00:00+00:00,22,generator_213_CC_3_sustained,generator,213_CC_3,bounded,continuous,184.125,60.518960866,803.555549832,-100,0,true,true,false,constraint_violation,0.957921562,307,1.078897342,210,0.028897342,0.92171287,C6,0,101_STEAM_3,55.567058407,316_STEAM_1,0,122,122_WIND_1,100,4132.630719,4217.543027636,84.912308636
1,poi_bus_120,120,Attila,lagging_095,0.95,6,2020-01-01T06:00:00+00:00,23,generator_313_CC_1_sustained,generator,313_CC_1,bounded,continuous,184.125,60.518960866,803.555549832,-100,0.000000001,true,true,false,constraint_violation,0.943812314,307,1.079478682,210,0.029478682,0.907961473,A10,0,101_STEAM_3,353.44281428,316_STEAM_1,0,317,317_WIND_1,100,4132.630719,4253.339939199,120.709220199
1,poi_bus_120,120,Attila,lagging_095,0.95,7,2020-01-01T07:00:00+00:00,0,normal,normal,,base,continuous,188.895833333,62.087057951,811.340510695,-99.999999999,0,true,true,false,constraint_violation,0.977481287,307,1.081429093,210,0.031429093,0.931177443,C10,91.06578408,113_PV_1,197.061581809,113_PV_1,0,113,113_PV_1,100,4175.655239333,4266.721023413,91.06578408
1,poi_bus_120,120,Attila,lagging_095,0.95,7,2020-01-01T07:00:00+00:00,1,branch_A11_immediate,branch,A11,fixed,short_term,188.895833333,62.087057951,811.340510695,-100,0,true,true,false,constraint_violation,0.97712332,307,1.08105093,210,0.03105093,0.814757453,C10,91.25028632,113_PV_1,199.679835366,113_PV_1,0,113,113_PV_1,100,4175.655239333,4266.905525653,91.25028632
1,poi_bus_120,120,Attila,lagging_095,0.95,7,2020-01-01T07:00:00+00:00,2,branch_A11_sustained,branch,A11,bounded,continuous,188.895833333,62.087057951,811.340510695,-99.999999999,0,true,true,false,constraint_violation,0.929767296,307,1.08040326,210,0.03040326,0.982169498,CA-1,124.394543387,113_PV_1,185.937128149,113_PV_1,0,113,113_PV_1,100,4175.655239333,4300.04978272,124.394543387
1,poi_bus_120,120,Attila,lagging_095,0.95,7,2020-01-01T07:00:00+00:00,3,branch_A12-1_immediate,branch,A12-1,fixed,short_term,188.895833333,62.087057951,811.340510695,-100,0.000000001,true,true,false,constraint_violation,0.974480301,108,1.08094357,210,0.03094357,0.814775475,C10,93.552257745,113_PV_1,194.747123294,113_PV_1,0,113,113_PV_1,100,4175.655239333,4269.207497078,93.552257745
1,poi_bus_120,120,Attila,lagging_095,0.95,7,2020-01-01T07:00:00+00:00,4,branch_A12-1_sustained,branch,A12-1,bounded,continuous,188.895833333,62.087057951,811.340510695,-100,0.000000001,true,true,false,constraint_violation,0.952298396,307,1.080865686,210,0.030865686,0.929157123,C10,73.633832661,113_PV_1,192.689970903,113_PV_1,0,113,113_PV_1,100,4175.655239333,4249.289071994,73.633832661
1,poi_bus_120,120,Attila,lagging_095,0.95,7,2020-01-01T07:00:00+00:00,5,branch_A34_immediate,branch,A34,fixed,short_term,188.895833333,62.087057951,811.340510695,-99.999999999,0,true,true,false,constraint_violation,0.977804542,307,1.081493621,210,0.031493621,0.874983075,A30,113.901019038,113_PV_1,199.332585264,113_PV_1,0,113,113_PV_1,100,4175.655239333,4289.556258371,113.901019038
1,poi_bus_120,120,Attila,lagging_095,0.95,7,2020-01-01T07:00:00+00:00,6,branch_A34_sustained,branch,A34,bounded,continuous,188.895833333,62.087057951,811.340510695,-100,0.000000001,true,true,false,constraint_violation,0.906273365,307,1.079821463,210,0.043726635,1.097581955,CA-1,161.143181202,113_PV_1,259.795297192,316_STEAM_1,0,113,113_PV_1,100,4175.655239334,4336.798420536,161.143181202
1,poi_bus_120,120,Attila,lagging_095,0.95,7,2020-01-01T07:00:00+00:00,7,branch_B12-1_immediate,branch,B12-1,fixed,short_term,188.895833333,62.087057951,811.340510695,-100,0.000000001,true,true,false,constraint_violation,0.928623483,207,1.06826009,310,0.021376517,0.814780126,C10,96.239540906,113_PV_1,197.590495056,113_PV_1,0,113,113_PV_1,100,4175.655239333,4271.894780239,96.239540906
1,poi_bus_120,120,Attila,lagging_095,0.95,7,2020-01-01T07:00:00+00:00,8,branch_B12-1_sustained,branch,B12-1,bounded,continuous,188.895833333,62.087057951,811.340510695,100,0.000000001,true,true,false,constraint_violation,0.925968797,207,1.064375655,210,0.024031203,0.892886405,C10,79.363222911,113_PV_1,167.349186249,113_PV_1,0,113,113_PV_1,100,4175.655239333,4255.018462244,79.363222911
1,poi_bus_120,120,Attila,lagging_095,0.95,7,2020-01-01T07:00:00+00:00,9,branch_B22_immediate,branch,B22,fixed,short_term,188.895833333,62.087057951,811.340510695,-100,0.000000001,true,true,false,constraint_violation,0.977842293,307,1.073977481,210,0.023977481,0.814748368,C10,98.638480823,113_PV_1,196.002846291,113_PV_1,0,113,113_PV_1,100,4175.655239333,4274.293720156,98.638480823
1,poi_bus_120,120,Attila,lagging_095,0.95,7,2020-01-01T07:00:00+00:00,10,branch_B22_sustained,branch,B22,bounded,continuous,188.895833333,62.087057951,811.340510695,-100,0.000000001,true,true,false,constraint_violation,0.907952863,307,1.075718151,210,0.042047137,1.103999102,CA-1,145.231579495,113_PV_1,253.900695171,316_STEAM_1,0,113,113_PV_1,100,4175.655239334,4320.886818829,145.231579495
1,poi_bus_120,120,Attila,lagging_095,0.95,7,2020-01-01T07:00:00+00:00,11,branch_B6_immediate,branch,B6,fixed,short_term,188.895833333,62.087057951,811.340510695,-100,0.000000001,true,true,false,constraint_violation,0.977420418,307,1.083245079,210,0.033245079,0.814779714,C10,90.952209823,113_PV_1,196.27857292,113_PV_1,0,113,113_PV_1,100,4175.655239333,4266.607449156,90.952209823
1,poi_bus_120,120,Attila,lagging_095,0.95,7,2020-01-01T07:00:00+00:00,12,branch_B6_sustained,branch,B6,bounded,continuous,188.895833333,62.087057951,811.340510695,-99.999999999,0,true,true,false,constraint_violation,0.905729839,307,1.081674104,210,0.044270161,1.10509024,CA-1,139.043565215,113_PV_1,262.637392027,316_STEAM_1,0,113,113_PV_1,100,4175.655239333,4314.698804548,139.043565215
1,poi_bus_120,120,Attila,lagging_095,0.95,7,2020-01-01T07:00:00+00:00,13,branch_C12-1_immediate,branch,C12-1,fixed,short_term,188.895833333,62.087057951,811.340510695,-100,0.000000001,true,true,false,constraint_violation,0.842790417,307,1.081452105,210,0.107209583,0.76498845,C13-2,99.811442068,113_PV_1,197.915032876,113_PV_1,0,113,113_PV_1,100,4175.655239333,4275.466681401,99.811442068
1,poi_bus_120,120,Attila,lagging_095,0.95,7,2020-01-01T07:00:00+00:00,14,branch_C12-1_sustained,branch,C12-1,bounded,continuous,188.895833333,62.087057951,811.340510695,-100,0.000000001,true,true,false,constraint_violation,0.723254382,307,1.081275598,210,0.226745618,1.058032379,CA-1,139.810358812,113_PV_1,265.307666181,316_STEAM_1,0,113,113_PV_1,100,4175.655239333,4315.465598145,139.810358812
1,poi_bus_120,120,Attila,lagging_095,0.95,7,2020-01-01T07:00:00+00:00,15,branch_C27_immediate,branch,C27,fixed,short_term,188.895833333,62.087057951,811.340510695,-100,0,true,true,false,constraint_violation,0.974380869,307,1.0812937,210,0.0312937,0.878172297,C29,98.177938977,113_PV_1,199.055876424,113_PV_1,0,113,113_PV_1,100,4175.655239333,4273.83317831,98.177938977
1,poi_bus_120,120,Attila,lagging_095,0.95,7,2020-01-01T07:00:00+00:00,16,branch_C27_sustained,branch,C27,bounded,continuous,188.895833333,62.087057951,811.340510695,100,0,true,true,false,constraint_violation,0.91277679,307,1.079956607,210,0.03722321,1.00737484,CA-1,126.313576306,113_PV_1,196.229670404,316_STEAM_1,0,113,113_PV_1,100,4175.655239333,4301.968815639,126.313576306
1,poi_bus_120,120,Attila,lagging_095,0.95,7,2020-01-01T07:00:00+00:00,17,branch_C6_immediate,branch,C6,fixed,short_term,188.895833333,62.087057951,811.340510695,-100,0.000000001,true,true,false,constraint_violation,0.968609446,307,1.081416073,210,0.031416073,0.783382568,C10,93.162917972,113_PV_1,197.441167342,113_PV_1,0,113,113_PV_1,100,4175.655239333,4268.818157305,93.162917972
1,poi_bus_120,120,Attila,lagging_095,0.95,7,2020-01-01T07:00:00+00:00,18,branch_C6_sustained,branch,C6,bounded,continuous,188.895833333,62.087057951,811.340510695,-100,0.000000001,true,true,false,constraint_violation,0.906075479,307,1.079930242,210,0.043924521,1.107107283,CA-1,135.905112505,113_PV_1,265.650140537,316_STEAM_1,0,113,113_PV_1,100,4175.655239333,4311.560351838,135.905112505
1,poi_bus_120,120,Attila,lagging_095,0.95,7,2020-01-01T07:00:00+00:00,19,branch_CA-1_immediate,branch,CA-1,fixed,short_term,188.895833333,62.087057951,811.340510695,-100,0,true,true,false,constraint_violation,0.974614158,307,1.082001412,210,0.032001412,0.804122596,C10,108.191637388,113_PV_1,187.007401559,113_PV_1,0,113,113_PV_1,100,4175.655239333,4283.846876721,108.191637388
1,poi_bus_120,120,Attila,lagging_095,0.95,7,2020-01-01T07:00:00+00:00,20,branch_CA-1_sustained,branch,CA-1,bounded,continuous,188.895833333,62.087057951,811.340510695,100,0,true,true,false,constraint_violation,0.973811672,307,1.08104925,210,0.03104925,0.967725556,A28,78.889180948,113_PV_1,153.16803824,113_PV_1,0,113,113_PV_1,100,4175.655239333,4304.244420281,128.589180948
1,poi_bus_120,120,Attila,lagging_095,0.95,7,2020-01-01T07:00:00+00:00,21,generator_121_NUCLEAR_1_sustained,generator,121_NUCLEAR_1,bounded,continuous,188.895833333,62.087057951,811.340510695,100,0,true,true,false,constraint_violation,0.957377759,307,1.078192512,210,0.028192512,0.887561319,C10,40.883328801,113_PV_1,163.895591033,113_PV_1,0,113,113_PV_1,99,4175.655239333,4265.083328801,89.428089468
1,poi_bus_120,120,Attila,lagging_095,0.95,7,2020-01-01T07:00:00+00:00,22,generator_213_CC_3_sustained,generator,213_CC_3,bounded,continuous,188.895833333,62.087057951,811.340510695,-100,0.000000002,true,true,false,constraint_violation,0.949257829,307,1.079996956,210,0.029996956,0.891373117,C10,88.771243174,113_PV_1,194.883939185,113_PV_1,0,113,113_PV_1,100,4175.655239333,4264.426482507,88.771243174
1,poi_bus_120,120,Attila,lagging_095,0.95,7,2020-01-01T07:00:00+00:00,23,generator_313_CC_1_sustained,generator,313_CC_1,bounded,continuous,188.895833333,62.087057951,811.340510695,-100,0.000000001,true,true,false,constraint_violation,0.940379069,307,1.079859716,210,0.029859716,0.904073204,C10,75.541269253,113_PV_1,195.355834092,113_PV_1,0,113,113_PV_1,100,4175.655239333,4251.196508586,75.541269253
1,poi_bus_120,120,Attila,lagging_095,0.95,8,2020-01-01T08:00:00+00:00,0,normal,normal,,base,continuous,189.3125,62.224009662,814.578910372,-99.999999999,0.000000001,true,true,false,constraint_violation,0.982990609,307,1.082702508,210,0.032702508,0.97595894,C10,88.687022118,113_PV_1,199.733441093,113_PV_1,0,113,113_PV_1,100,4191.984732,4280.671754118,88.687022118
1,poi_bus_120,120,Attila,lagging_095,0.95,8,2020-01-01T08:00:00+00:00,1,branch_A11_immediate,branch,A11,fixed,short_term,189.3125,62.224009662,814.578910372,-100,0.000000001,true,true,false,constraint_violation,0.982630347,307,1.082603107,210,0.032603107,0.854008021,C10,88.748504762,113_PV_1,200.838810362,113_PV_1,0,113,113_PV_1,100,4191.984732,4280.733236762,88.748504762
1,poi_bus_120,120,Attila,lagging_095,0.95,8,2020-01-01T08:00:00+00:00,2,branch_A11_sustained,branch,A11,bounded,continuous,189.3125,62.224009662,814.578910372,-100,0.000000001,true,true,false,constraint_violation,0.943209714,307,1.082785474,210,0.032785474,0.91244165,C10,87.730471922,113_PV_1,205.252282762,113_PV_1,0,113,113_PV_1,100,4191.984732,4279.715203922,87.730471922
1,poi_bus_120,120,Attila,lagging_095,0.95,8,2020-01-01T08:00:00+00:00,3,branch_A12-1_immediate,branch,A12-1,fixed,short_term,189.3125,62.224009662,814.578910372,-99.999999999,0.000000001,true,true,false,constraint_violation,0.976587642,108,1.082362554,210,0.032362554,0.853990253,C10,91.090184026,113_PV_1,196.688956668,113_PV_1,0,113,113_PV_1,100,4191.984732,4283.074916025,91.090184026
1,poi_bus_120,120,Attila,lagging_095,0.95,8,2020-01-01T08:00:00+00:00,4,branch_A12-1_sustained,branch,A12-1,bounded,continuous,189.3125,62.224009662,814.578910372,-100,0,true,true,false,constraint_violation,0.924979749,307,1.080545379,210,0.030545379,0.90843424,C10,45.402591764,113_PV_1,195.028567431,113_PV_1,0,113,113_PV_1,100,4191.984732,4300.487323764,108.502591764
1,poi_bus_120,120,Attila,lagging_095,0.95,8,2020-01-01T08:00:00+00:00,5,branch_A34_immediate,branch,A34,fixed,short_term,189.3125,62.224009662,814.578910372,-100,0,true,true,false,constraint_violation,0.983200596,307,1.082736829,210,0.032736829,0.853901661,C10,103.077105207,113_PV_1,201.07202299,113_PV_1,0,113,113_PV_1,100,4191.984732,4295.061837207,103.077105207
1,poi_bus_120,120,Attila,lagging_095,0.95,8,2020-01-01T08:00:00+00:00,6,branch_A34_sustained,branch,A34,bounded,continuous,189.3125,62.224009662,814.578910372,-100,0.000000001,true,true,false,constraint_violation,0.891054403,307,1.080653543,210,0.058945597,1.115173097,CA-1,166.057613689,113_PV_1,324.918194826,316_STEAM_1,0,113,113_PV_1,100,4191.984732,4358.042345689,166.057613689
1,poi_bus_120,120,Attila,lagging_095,0.95,8,2020-01-01T08:00:00+00:00,7,branch_B12-1_immediate,branch,B12-1,fixed,short_term,189.3125,62.224009662,814.578910372,-100,0.000000001,true,true,false,constraint_violation,0.933842347,207,1.072764839,310,0.022764839,0.853970364,C10,93.67133312,113_PV_1,200.184723985,113_PV_1,0,113,113_PV_1,100,4191.984732,4285.65606512,93.67133312
1,poi_bus_120,120,Attila,lagging_095,0.95,8,2020-01-01T08:00:00+00:00,8,branch_B12-1_sustained,branch,B12-1,bounded,continuous,189.3125,62.224009662,814.578910372,-100,0,true,true,false,constraint_violation,0.908792283,307,1.066895483,210,0.041207717,0.958328807,CA-1,113.956367904,113_PV_1,225.531751191,316_STEAM_1,0,113,113_PV_1,100,4191.984732,4305.941099904,113.956367904
1,poi_bus_120,120,Attila,lagging_095,0.95,8,2020-01-01T08:00:00+00:00,9,branch_B22_immediate,branch,B22,fixed,short_term,189.3125,62.224009662,814.578910372,-100,0.000000001,true,true,false,constraint_violation,0.983268208,307,1.075893406,210,0.025893406,0.853873975,C10,95.148021739,113_PV_1,198.527648517,113_PV_1,0,113,113_PV_1,100,4191.984732,4287.132753739,95.148021739
1,poi_bus_120,120,Attila,lagging_095,0.95,8,2020-01-01T08:00:00+00:00,10,branch_B22_sustained,branch,B22,bounded,continuous,189.3125,62.224009662,814.578910372,-100,0.000000001,true,true,false,constraint_violation,0.941441255,307,1.076303957,210,0.026303957,0.910378916,C10,110.180682948,113_PV_1,198.930077776,113_PV_1,0,113,113_PV_1,100,4191.984732,4302.165414948,110.180682948
1,poi_bus_120,120,Attila,lagging_095,0.95,8,2020-01-01T08:00:00+00:00,11,branch_B6_immediate,branch,B6,fixed,short_term,189.3125,62.224009662,814.578910372,-100,0.000000001,true,true,false,constraint_violation,0.982917308,307,1.084600503,210,0.034600503,0.853978735,C10,88.610191827,113_PV_1,199.078885962,113_PV_1,0,113,113_PV_1,100,4191.984732,4280.594923827,88.610191827
1,poi_bus_120,120,Attila,lagging_095,0.95,8,2020-01-01T08:00:00+00:00,12,branch_B6_sustained,branch,B6,bounded,continuous,189.3125,62.224009662,814.578910372,100,0.000000001,true,true,false,constraint_violation,0.941670343,307,1.081168606,210,0.031168606,0.912418323,C10,26.62482075,113_PV_1,175.707082368,113_PV_1,0,113,113_PV_1,100,4191.984732,4281.70955275,89.72482075
1,poi_bus_120,120,Attila,lagging_095,0.95,8,2020-01-01T08:00:00+00:00,13,branch_C12-1_immediate,branch,C12-1,fixed,short_term,189.3125,62.224009662,814.578910372,-100,0,true,true,false,constraint_violation,0.865842543,307,1.0827137,210,0.084157457,0.795126633,C10,95.32762801,113_PV_1,200.351204624,113_PV_1,0,113,113_PV_1,100,4191.984732,4287.31236001,95.32762801
1,poi_bus_120,120,Attila,lagging_095,0.95,8,2020-01-01T08:00:00+00:00,14,branch_C12-1_sustained,branch,C12-1,bounded,continuous,189.3125,62.224009662,814.578910372,-100,0,true,true,false,constraint_violation,0.82062646,307,1.080890489,210,0.12937354,0.894312521,C13-2,82.882615355,113_PV_1,210.531910909,113_PV_1,0,113,113_PV_1,100,4191.984732,4274.867347355,82.882615355
1,poi_bus_120,120,Attila,lagging_095,0.95,8,2020-01-01T08:00:00+00:00,15,branch_C27_immediate,branch,C27,fixed,short_term,189.3125,62.224009662,814.578910372,-100,0.000000001,true,true,false,constraint_violation,0.982162743,307,1.082649965,210,0.032649965,0.850807591,C10,91.368509975,113_PV_1,201.094225967,113_PV_1,0,113,113_PV_1,100,4191.984732,4283.353241975,91.368509975
1,poi_bus_120,120,Attila,lagging_095,0.95,8,2020-01-01T08:00:00+00:00,16,branch_C27_sustained,branch,C27,bounded,continuous,189.3125,62.224009662,814.578910372,-100,0,true,true,false,constraint_violation,0.933294789,307,1.080842188,210,0.030842188,0.922068237,C10,89.666350743,113_PV_1,202.812084219,113_PV_1,0,113,113_PV_1,100,4191.984732,4281.651082743,89.666350743
1,poi_bus_120,120,Attila,lagging_095,0.95,8,2020-01-01T08:00:00+00:00,17,branch_C6_immediate,branch,C6,fixed,short_term,189.3125,62.224009662,814.578910372,-100,0,true,true,false,constraint_violation,0.979202703,307,1.082699276,210,0.032699276,0.84349167,C10,88.941840041,113_PV_1,199.834392425,113_PV_1,0,113,113_PV_1,100,4191.984732,4280.926572041,88.941840041
1,poi_bus_120,120,Attila,lagging_095,0.95,8,2020-01-01T08:00:00+00:00,18,branch_C6_sustained,branch,C6,bounded,continuous,189.3125,62.224009662,814.578910372,100,0.000000001,true,true,false,constraint_violation,0.950210503,307,1.080754723,210,0.030754723,0.904841974,C10,66.908993573,113_PV_1,176.826406019,113_PV_1,0,113,113_PV_1,100,4191.984732,4258.893725573,66.908993573
1,poi_bus_120,120,Attila,lagging_095,0.95,8,2020-01-01T08:00:00+00:00,19,branch_CA-1_immediate,branch,CA-1,fixed,short_term,189.3125,62.224009662,814.578910372,-100,0.000000001,true,true,false,constraint_violation,0.981570546,307,1.082887335,210,0.032887335,0.848956061,C10,93.18553861,113_PV_1,194.024390526,113_PV_1,0,113,113_PV_1,100,4191.984732,4285.17027061,93.18553861
1,poi_bus_120,120,Attila,lagging_095,0.95,8,2020-01-01T08:00:00+00:00,20,branch_CA-1_sustained,branch,CA-1,bounded,continuous,189.3125,62.224009662,814.578910372,-58.797501,0,true,true,false,constraint_violation,0.944605647,307,1.080549712,210,0.030549712,1.143934811,CB-1,137.495839599,113_PV_1,202.691683657,316_STEAM_1,0,113,113_PV_1,100,4191.984732,4329.480571599,137.495839599
1,poi_bus_120,120,Attila,lagging_095,0.95,8,2020-01-01T08:00:00+00:00,21,generator_121_NUCLEAR_1_sustained,generator,121_NUCLEAR_1,bounded,continuous,189.3125,62.224009662,814.578910372,100.000000001,0.000000001,true,true,false,constraint_violation,0.969360544,307,1.080616929,210,0.030616929,0.942247264,C10,59.656465252,113_PV_1,178.753790515,113_PV_1,0,113,113_PV_1,99,4191.984732,4251.641197252,59.656465252
1,poi_bus_120,120,Attila,lagging_095,0.95,8,2020-01-01T08:00:00+00:00,22,generator_213_CC_3_sustained,generator,213_CC_3,bounded,continuous,189.3125,62.224009662,814.578910372,100,0,true,true,false,constraint_violation,0.953343817,307,1.08038982,210,0.03038982,0.924962825,C10,16.293744466,113_PV_1,166.92168968,113_PV_1,0,113,113_PV_1,100,4191.984732,4271.378476466,79.393744466
1,poi_bus_120,120,Attila,lagging_095,0.95,8,2020-01-01T08:00:00+00:00,23,generator_313_CC_1_sustained,generator,313_CC_1,bounded,continuous,189.3125,62.224009662,814.578910372,-100,0.000000001,true,true,false,constraint_violation,0.924975849,307,1.080830026,210,0.030830026,0.905822262,C10,35.746983073,113_PV_1,194.378734524,113_PV_1,0,113,113_PV_1,100,4191.984732,4290.831715073,98.846983073
1,poi_bus_120,120,Attila,lagging_095,0.95,9,2020-01-01T09:00:00+00:00,0,normal,normal,,base,continuous,189.729166667,62.360961372,820.615805572,-100,0.000000001,true,true,false,constraint_violation,0.968396441,307,1.082572582,210,0.032572582,0.988750794,C10,82.093732159,113_PV_1,202.986724495,113_PV_1,0,113,113_PV_1,100,4222.065452667,4304.159184826,82.093732159
1,poi_bus_120,120,Attila,lagging_095,0.95,9,2020-01-01T09:00:00+00:00,1,branch_A11_immediate,branch,A11,fixed,short_term,189.729166667,62.360961372,820.615805572,-100.000000001,0,true,true,false,constraint_violation,0.96798972,307,1.08252254,210,0.03252254,0.865174702,C10,82.018160959,113_PV_1,203.597489886,113_PV_1,0,113,113_PV_1,100,4222.065452667,4304.083613626,82.018160959
1,poi_bus_120,120,Attila,lagging_095,0.95,9,2020-01-01T09:00:00+00:00,2,branch_A11_sustained,branch,A11,bounded,continuous,189.729166667,62.360961372,820.615805572,100,0.000000001,true,true,false,constraint_violation,0.947982572,307,1.079681803,210,0.029681803,0.948566431,C10,54.532791541,113_PV_1,189.580077666,113_PV_1,0,113,113_PV_1,100,4222.065452667,4286.832791541,64.767338874
1,poi_bus_120,120,Attila,lagging_095,0.95,9,2020-01-01T09:00:00+00:00,3,branch_A12-1_immediate,branch,A12-1,fixed,short_term,189.729166667,62.360961372,820.615805572,-100,0.000000001,true,true,false,constraint_violation,0.968235599,307,1.082268721,210,0.032268721,0.865171834,C10,84.291473289,113_PV_1,199.938387318,113_PV_1,0,113,113_PV_1,100,4222.065452667,4306.356925956,84.291473289
1,poi_bus_120,120,Attila,lagging_095,0.95,9,2020-01-01T09:00:00+00:00,4,branch_A12-1_sustained,branch,A12-1,bounded,continuous,189.729166667,62.360961372,820.615805572,-100,0,true,true,false,constraint_violation,0.92355713,307,1.080713634,210,0.030713634,0.910974591,C10,84.566449653,113_PV_1,206.018045221,113_PV_1,0,113,113_PV_1,100,4222.065452667,4306.63190232,84.566449653
1,poi_bus_120,120,Attila,lagging_095,0.95,9,2020-01-01T09:00:00+00:00,5,branch_A34_immediate,branch,A34,fixed,short_term,189.729166667,62.360961372,820.615805572,-100.000000001,0,true,true,false,constraint_violation,0.968536875,307,1.082591327,210,0.032591327,0.865133869,C10,87.643938752,113_PV_1,203.446645053,113_PV_1,0,113,113_PV_1,100,4222.065452667,4309.709391419,87.643938752
1,poi_bus_120,120,Attila,lagging_095,0.95,9,2020-01-01T09:00:00+00:00,6,branch_A34_sustained,branch,A34,bounded,continuous,189.729166667,62.360961372,820.615805572,-100,0,true,true,false,constraint_violation,0.934126596,307,1.080781692,210,0.030781692,0.928909028,C10,78.931938841,113_PV_1,212.296184598,113_PV_1,0,113,113_PV_1,100,4222.065452667,4300.997391508,78.931938841
1,poi_bus_120,120,Attila,lagging_095,0.95,9,2020-01-01T09:00:00+00:00,7,branch_B12-1_immediate,branch,B12-1,fixed,short_term,189.729166667,62.360961372,820.615805572,-100,0.000000002,true,true,false,constraint_violation,0.932567047,207,1.06812665,210,0.01812665,0.865161001,C10,87.147423007,113_PV_1,203.439172472,113_PV_1,0,113,113_PV_1,100,4222.065452667,4309.212875674,87.147423007
1,poi_bus_120,120,Attila,lagging_095,0.95,9,2020-01-01T09:00:00+00:00,8,branch_B12-1_sustained,branch,B12-1,bounded,continuous,189.729166667,62.360961372,820.615805572,99.999999999,0,true,true,false,constraint_violation,0.929547191,207,1.065714978,210,0.020452809,0.94856758,C10,5.900834005,113_PV_1,177.863714388,113_PV_1,0,113,113_PV_1,100,4222.065452667,4294.566286672,72.500834005
1,poi_bus_120,120,Attila,lagging_095,0.95,9,2020-01-01T09:00:00+00:00,9,branch_B22_immediate,branch,B22,fixed,short_term,189.729166667,62.360961372,820.615805572,-100,0,true,true,false,constraint_violation,0.968707115,307,1.075810318,210,0.025810318,0.86509086,C10,88.413790984,113_PV_1,201.852500152,113_PV_1,0,113,113_PV_1,100,4222.065452667,4310.479243651,88.413790984
1,poi_bus_120,120,Attila,lagging_095,0.95,9,2020-01-01T09:00:00+00:00,10,branch_B22_sustained,branch,B22,bounded,continuous,189.729166667,62.360961372,820.615805572,-99.999999999,0.000000001,true,true,false,constraint_violation,0.927532394,307,1.075265424,210,0.025265424,0.916322202,C10,74.909821563,113_PV_1,208.936802993,113_PV_1,0,113,113_PV_1,100,4222.065452667,4296.97527423,74.909821563
1,poi_bus_120,120,Attila,lagging_095,0.95,9,2020-01-01T09:00:00+00:00,11,branch_B6_immediate,branch,B6,fixed,short_term,189.729166667,62.360961372,820.615805572,-100,0.000000001,true,true,false,constraint_violation,0.968310477,307,1.084426973,210,0.034426973,0.865166317,C10,82.025211467,113_PV_1,202.34102614,113_PV_1,0,113,113_PV_1,100,4222.065452667,4304.090664134,82.025211467
1,poi_bus_120,120,Attila,lagging_095,0.95,9,2020-01-01T09:00:00+00:00,12,branch_B6_sustained,branch,B6,bounded,continuous,189.729166667,62.360961372,820.615805572,-100.000000001,0,true,true,false,constraint_violation,0.910106461,307,1.082225556,210,0.039893539,0.90398683,A10,106.859812726,113_PV_1,226.570813944,316_STEAM_1,0,113,113_PV_1,100,4222.065452667,4328.925265393,106.859812726
1,poi_bus_120,120,Attila,lagging_095,0.95,9,2020-01-01T09:00:00+00:00,13,branch_C12-1_immediate,branch,C12-1,fixed,short_term,189.729166667,62.360961372,820.615805572,-100,0.000000001,true,true,false,constraint_violation,0.854861423,307,1.082582419,210,0.095138577,0.811390863,C10,88.20791746,113_PV_1,203.548413303,113_PV_1,0,113,113_PV_1,100,4222.065452667,4310.273370127,88.20791746
1,poi_bus_120,120,Attila,lagging_095,0.95,9,2020-01-01T09:00:00+00:00,14,branch_C12-1_sustained,branch,C12-1,bounded,continuous,189.729166667,62.360961372,820.615805572,-100,0.000000001,true,true,false,constraint_violation,0.788309997,307,1.082480558,210,0.161690003,0.863630333,C10,81.876544885,113_PV_1,211.258446994,113_PV_1,0,113,113_PV_1,100,4222.065452667,4303.941997552,81.876544885
1,poi_bus_120,120,Attila,lagging_095,0.95,9,2020-01-01T09:00:00+00:00,15,branch_C27_immediate,branch,C27,fixed,short_term,189.729166667,62.360961372,820.615805572,-100,0.000000001,true,true,false,constraint_violation,0.968094399,307,1.082534394,210,0.032534394,0.86317583,C10,83.598520413,113_PV_1,203.940594145,113_PV_1,0,113,113_PV_1,100,4222.065452667,4305.66397308,83.598520413
1,poi_bus_120,120,Attila,lagging_095,0.95,9,2020-01-01T09:00:00+00:00,16,branch_C27_sustained,branch,C27,bounded,continuous,189.729166667,62.360961372,820.615805572,-100,0.000000001,true,true,false,constraint_violation,0.946130771,307,1.081075947,210,0.031075947,0.937062757,C29,0,101_STEAM_3,198.902862924,113_PV_1,0,113,113_PV_1,100,4222.065452667,4284.289991265,62.224538598
1,poi_bus_120,120,Attila,lagging_095,0.95,9,2020-01-01T09:00:00+00:00,17,branch_C6_immediate,branch,C6,fixed,short_term,189.729166667,62.360961372,820.615805572,-100,0.000000001,true,true,false,constraint_violation,0.967177418,307,1.082575669,210,0.032575669,0.867908584,C10,82.258077896,113_PV_1,202.940937083,113_PV_1,0,113,113_PV_1,100,4222.065452667,4304.323530563,82.258077896
1,poi_bus_120,120,Attila,lagging_095,0.95,9,2020-01-01T09:00:00+00:00,18,branch_C6_sustained,branch,C6,bounded,continuous,189.729166667,62.360961372,820.615805572,-100,0.000000001,true,true,false,constraint_violation,0.928622423,307,1.081980807,210,0.031980807,0.928719575,C10,13.302479125,113_PV_1,198.16970979,113_PV_1,0,113,113_PV_1,100,4222.065452667,4301.967931792,79.902479125
1,poi_bus_120,120,Attila,lagging_095,0.95,9,2020-01-01T09:00:00+00:00,19,branch_CA-1_immediate,branch,CA-1,fixed,short_term,189.729166667,62.360961372,820.615805572,-100,0,true,true,false,constraint_violation,0.965758008,307,1.082678828,210,0.032678828,0.86039395,C10,83.55858421,113_PV_1,200.235705787,113_PV_1,0,113,113_PV_1,100,4222.065452667,4305.624036877,83.55858421
1,poi_bus_120,120,Attila,lagging_095,0.95,9,2020-01-01T09:00:00+00:00,20,branch_CA-1_sustained,branch,CA-1,bounded,continuous,189.729166667,62.360961372,820.615805572,100,0.000000001,true,true,false,constraint_violation,0.926999155,307,1.079445843,210,0.029445843,1.163177847,CB-1,151.806074008,113_PV_1,256.433399429,316_STEAM_1,0,113,113_PV_1,100,4222.065452667,4373.871526675,151.806074008
1,poi_bus_120,120,Attila,lagging_095,0.95,9,2020-01-01T09:00:00+00:00,21,generator_121_NUCLEAR_1_sustained,generator,121_NUCLEAR_1,bounded,continuous,189.729166667,62.360961372,820.615805572,99.999999999,0,true,true,false,constraint_violation,0.968231303,307,1.080050706,210,0.030050706,0.987053848,C10,55.559072696,113_PV_1,179.177937155,113_PV_1,0,113,113_PV_1,99,4222.065452667,4277.624525363,55.559072696
1,poi_bus_120,120,Attila,lagging_095,0.95,9,2020-01-01T09:00:00+00:00,22,generator_213_CC_3_sustained,generator,213_CC_3,bounded,continuous,189.729166667,62.360961372,820.615805572,-100,0.000000001,true,true,false,constraint_violation,0.928350586,307,1.082968775,210,0.032968775,0.922038208,C10,14.432134511,113_PV_1,198.699269387,113_PV_1,0,113,113_PV_1,100,4222.065452667,4303.097587178,81.032134511
1,poi_bus_120,120,Attila,lagging_095,0.95,9,2020-01-01T09:00:00+00:00,23,generator_313_CC_1_sustained,generator,313_CC_1,bounded,continuous,189.729166667,62.360961372,820.615805572,-100,0,true,true,false,constraint_violation,0.933391486,307,1.080622469,210,0.030622469,0.93308965,C10,10.746618031,113_PV_1,199.430437854,113_PV_1,0,113,113_PV_1,100,4222.065452667,4299.412070698,77.346618031
1,poi_bus_120,120,Attila,lagging_095,0.95,10,2020-01-01T10:00:00+00:00,0,normal,normal,,base,continuous,188.833333333,62.066515194,818.733972168,-100,0.000000001,true,true,false,constraint_violation,0.962683212,307,1.083910141,210,0.033910141,0.992331474,C10,67.165417134,113_PV_1,208.222839112,113_PV_1,0,113,113_PV_1,100,4211.922679333,4279.088096467,67.165417134
1,poi_bus_120,120,Attila,lagging_095,0.95,10,2020-01-01T10:00:00+00:00,1,branch_A11_immediate,branch,A11,fixed,short_term,188.833333333,62.066515194,818.733972168,-100,0,true,true,false,constraint_violation,0.962357744,307,1.083780768,210,0.033780768,0.868345094,C10,67.038117272,113_PV_1,209.318381925,113_PV_1,0,113,113_PV_1,100,4211.922679333,4278.960796605,67.038117272
1,poi_bus_120,120,Attila,lagging_095,0.95,10,2020-01-01T10:00:00+00:00,2,branch_A11_sustained,branch,A11,bounded,continuous,188.833333333,62.066515194,818.733972168,100,0.000000001,true,true,false,constraint_violation,0.924055805,307,1.081946896,210,0.031946896,0.933128898,C10,63.130693728,113_PV_1,188.613226881,113_PV_1,0,113,113_PV_1,100,4211.922679333,4275.053373061,63.130693728
1,poi_bus_120,120,Attila,lagging_095,0.95,10,2020-01-01T10:00:00+00:00,3,branch_A12-1_immediate,branch,A12-1,fixed,short_term,188.833333333,62.066515194,818.733972168,-100,0.000000001,true,true,false,constraint_violation,0.962547485,307,1.083595329,210,0.033595329,0.868319447,C10,69.027461146,113_PV_1,205.758745989,113_PV_1,0,113,113_PV_1,100,4211.922679333,4280.950140479,69.027461146
1,poi_bus_120,120,Attila,lagging_095,0.95,10,2020-01-01T10:00:00+00:00,4,branch_A12-1_sustained,branch,A12-1,bounded,continuous,188.833333333,62.066515194,818.733972168,-100,0.000000001,true,true,false,constraint_violation,0.932742741,307,1.083869881,210,0.033869881,0.944906807,C10,79.216969512,113_PV_1,196.031009871,113_PV_1,0,113,113_PV_1,100,4211.922679333,4291.139648845,79.216969512
1,poi_bus_120,120,Attila,lagging_095,0.95,10,2020-01-01T10:00:00+00:00,5,branch_A34_immediate,branch,A34,fixed,short_term,188.833333333,62.066515194,818.733972168,-100,0.000000002,true,true,false,constraint_violation,0.962720716,307,1.083916374,210,0.033916374,0.868280049,C10,67.699433425,113_PV_1,208.249820821,113_PV_1,0,113,113_PV_1,100,4211.922679333,4279.622112758,67.699433425
1,poi_bus_120,120,Attila,lagging_095,0.95,10,2020-01-01T10:00:00+00:00,6,branch_A34_sustained,branch,A34,bounded,continuous,188.833333333,62.066515194,818.733972168,-100,0.000000001,true,true,false,constraint_violation,0.896336917,307,1.083951819,210,0.053663083,0.904996607,A10,114.924821725,113_PV_1,271.097135311,316_STEAM_1,0,113,113_PV_1,100,4211.922679333,4326.847501058,114.924821725
1,poi_bus_120,120,Attila,lagging_095,0.95,10,2020-01-01T10:00:00+00:00,7,branch_B12-1_immediate,branch,B12-1,fixed,short_term,188.833333333,62.066515194,818.733972168,-100,0.000000001,true,true,false,constraint_violation,0.939946574,207,1.070319782,210,0.020319782,0.86829733,C10,71.800649923,113_PV_1,208.681359358,113_PV_1,0,113,113_PV_1,100,4211.922679333,4283.723329256,71.800649923
1,poi_bus_120,120,Attila,lagging_095,0.95,10,2020-01-01T10:00:00+00:00,8,branch_B12-1_sustained,branch,B12-1,bounded,continuous,188.833333333,62.066515194,818.733972168,-100,0,true,true,false,constraint_violation,0.878259404,307,1.068279503,210,0.071740596,1.062008816,CA-1,144.419400205,113_PV_1,363.816712479,316_STEAM_1,0,113,113_PV_1,100,4211.922679333,4356.342079538,144.419400205
1,poi_bus_120,120,Attila,lagging_095,0.95,10,2020-01-01T10:00:00+00:00,9,branch_B22_immediate,branch,B22,fixed,short_term,188.833333333,62.066515194,818.733972168,-100,0.000000001,true,true,false,constraint_violation,0.962978873,307,1.077385436,210,0.027385436,0.868184817,C10,73.557045884,113_PV_1,207.404428783,113_PV_1,0,113,113_PV_1,100,4211.922679333,4285.479725217,73.557045884
1,poi_bus_120,120,Attila,lagging_095,0.95,10,2020-01-01T10:00:00+00:00,10,branch_B22_sustained,branch,B22,bounded,continuous,188.833333333,62.066515194,818.733972168,100.000000001,0.000000001,true,true,false,constraint_violation,0.941583638,307,1.077795402,210,0.027795402,0.951223035,C10,64.657583552,113_PV_1,181.981046808,113_PV_1,0,113,113_PV_1,100,4211.922679333,4276.580262885,64.657583552
1,poi_bus_120,120,Attila,lagging_095,0.95,10,2020-01-01T10:00:00+00:00,11,branch_B6_immediate,branch,B6,fixed,short_term,188.833333333,62.066515194,818.733972168,-100,0,true,true,false,constraint_violation,0.962619999,307,1.085706451,210,0.035706451,0.868304998,C10,67.065028184,113_PV_1,207.429560749,113_PV_1,0,113,113_PV_1,100,4211.922679333,4278.987707517,67.065028184
1,poi_bus_120,120,Attila,lagging_095,0.95,10,2020-01-01T10:00:00+00:00,12,branch_B6_sustained,branch,B6,bounded,continuous,188.833333333,62.066515194,818.733972168,-100,0,true,true,false,constraint_violation,0.877756896,307,1.083422129,210,0.072243104,1.067393568,CA-1,140.145169721,113_PV_1,364.476167581,316_STEAM_1,0,113,113_PV_1,100,4211.922679333,4352.067849054,140.145169721
1,poi_bus_120,120,Attila,lagging_095,0.95,10,2020-01-01T10:00:00+00:00,13,branch_C12-1_immediate,branch,C12-1,fixed,short_term,188.833333333,62.066515194,818.733972168,-100,0,true,true,false,constraint_violation,0.852233025,307,1.083921592,210,0.097766975,0.817274564,C10,72.932304498,113_PV_1,208.772401488,113_PV_1,0,113,113_PV_1,100,4211.922679333,4284.854983831,72.932304498
1,poi_bus_120,120,Attila,lagging_095,0.95,10,2020-01-01T10:00:00+00:00,14,branch_C12-1_sustained,branch,C12-1,bounded,continuous,188.833333333,62.066515194,818.733972168,-100,0,true,true,false,constraint_violation,0.675583162,307,1.081699297,210,0.274416838,1.084479306,CA-1,157.385525834,113_PV_1,414.966592348,316_STEAM_1,0,113,113_PV_1,100,4211.922679333,4369.308205167,157.385525834
1,poi_bus_120,120,Attila,lagging_095,0.95,10,2020-01-01T10:00:00+00:00,15,branch_C27_immediate,branch,C27,fixed,short_term,188.833333333,62.066515194,818.733972168,-100,0,true,true,false,constraint_violation,0.962724423,307,1.083882789,210,0.033882789,0.867533245,C10,67.544997108,113_PV_1,208.558947225,113_PV_1,0,113,113_PV_1,100,4211.922679333,4279.467676441,67.544997108
1,poi_bus_120,120,Attila,lagging_095,0.95,10,2020-01-01T10:00:00+00:00,16,branch_C27_sustained,branch,C27,bounded,continuous,188.833333333,62.066515194,818.733972168,-100,0,true,true,false,constraint_violation,0.923830544,307,1.082922442,210,0.032922442,0.905526884,C10,66.345499451,113_PV_1,212.613884542,113_PV_1,0,113,113_PV_1,100,4211.922679333,4278.268178784,66.345499451
1,poi_bus_120,120,Attila,lagging_095,0.95,10,2020-01-01T10:00:00+00:00,17,branch_C6_immediate,branch,C6,fixed,short_term,188.833333333,62.066515194,818.733972168,-100,0.000000001,true,true,false,constraint_violation,0.961185202,307,1.083916466,210,0.033916466,0.873335394,C10,67.512771933,113_PV_1,208.193227604,113_PV_1,0,113,113_PV_1,100,4211.922679333,4279.435451266,67.512771933
1,poi_bus_120,120,Attila,lagging_095,0.95,10,2020-01-01T10:00:00+00:00,18,branch_C6_sustained,branch,C6,bounded,continuous,188.833333333,62.066515194,818.733972168,-99.999999999,0.000000001,true,true,false,constraint_violation,0.918737662,307,1.083777749,210,0.033777749,0.920004305,C10,17.309424883,113_PV_1,193.393511167,113_PV_1,0,113,113_PV_1,100,4211.922679333,4296.332104216,84.409424883
1,poi_bus_120,120,Attila,lagging_095,0.95,10,2020-01-01T10:00:00+00:00,19,branch_CA-1_immediate,branch,CA-1,fixed,short_term,188.833333333,62.066515194,818.733972168,-100,0,true,true,false,constraint_violation,0.958786366,307,1.083969743,210,0.033969743,0.863268142,C10,67.564542393,113_PV_1,207.549968121,113_PV_1,0,113,113_PV_1,100,4211.922679333,4279.487221726,67.564542393
1,poi_bus_120,120,Attila,lagging_095,0.95,10,2020-01-01T10:00:00+00:00,20,branch_CA-1_sustained,branch,CA-1,bounded,continuous,188.833333333,62.066515194,818.733972168,100,0.000000001,true,true,false,constraint_violation,0.918451493,307,1.08123573,210,0.031548507,1.12435947,CB-1,128.463815555,113_PV_1,259.974073264,316_STEAM_1,0,113,113_PV_1,100,4211.922679333,4340.386494888,128.463815555
1,poi_bus_120,120,Attila,lagging_095,0.95,10,2020-01-01T10:00:00+00:00,21,generator_121_NUCLEAR_1_sustained,generator,121_NUCLEAR_1,bounded,continuous,188.833333333,62.066515194,818.733972168,-100,0,true,true,false,constraint_violation,0.938104972,307,1.08210382,210,0.03210382,0.93729946,C10,53.125681875,113_PV_1,210.889757068,113_PV_1,0,113,113_PV_1,99,4211.922679333,4265.048361208,53.125681875
1,poi_bus_120,120,Attila,lagging_095,0.95,10,2020-01-01T10:00:00+00:00,22,generator_213_CC_3_sustained,generator,213_CC_3,bounded,continuous,188.833333333,62.066515194,818.733972168,-99.999999999,0.000000001,true,true,false,constraint_violation,0.929378226,307,1.082834646,210,0.032834646,0.916321906,C10,59.182850507,113_PV_1,216.150210143,113_PV_1,0,113,113_PV_1,100,4211.922679333,4271.10552984,59.182850507
1,poi_bus_120,120,Attila,lagging_095,0.95,10,2020-01-01T10:00:00+00:00,23,generator_313_CC_1_sustained,generator,313_CC_1,bounded,continuous,188.833333333,62.066515194,818.733972168,-99.999999999,0.000000001,true,true,false,constraint_violation,0.930704128,307,1.084370578,210,0.034370578,0.933860265,C10,64.814760596,113_PV_1,210.61792541,113_PV_1,0,113,113_PV_1,100,4211.922679333,4276.737439929,64.814760596
1,poi_bus_120,120,Attila,lagging_095,0.95,11,2020-01-01T11:00:00+00:00,0,normal,normal,,base,continuous,188.145833333,61.840544872,816.889884961,-99.999999999,0.000000001,true,true,false,constraint_violation,0.96749923,307,1.084366885,210,0.034366885,0.99279327,C10,63.105683936,113_PV_1,209.437362356,113_PV_1,0,113,113_PV_1,100,4202.173716333,4265.279400269,63.105683936
1,poi_bus_120,120,Attila,lagging_095,0.95,11,2020-01-01T11:00:00+00:00,1,branch_A11_immediate,branch,A11,fixed,short_term,188.145833333,61.840544872,816.889884961,-100,0,true,true,false,constraint_violation,0.967110575,307,1.084272785,210,0.034272785,0.868669602,C10,62.928680661,113_PV_1,210.498806609,113_PV_1,0,113,113_PV_1,100,4202.173716333,4265.102396994,62.928680661
1,poi_bus_120,120,Attila,lagging_095,0.95,11,2020-01-01T11:00:00+00:00,2,branch_A11_sustained,branch,A11,bounded,continuous,188.145833333,61.840544872,816.889884961,-100,0,true,true,false,constraint_violation,0.88322425,307,1.082776633,210,0.06677575,0.939228357,CA-1,121.760926746,113_PV_1,308.643249034,316_STEAM_1,0,113,113_PV_1,100,4202.173716333,4323.934643079,121.760926746
1,poi_bus_120,120,Attila,lagging_095,0.95,11,2020-01-01T11:00:00+00:00,3,branch_A12-1_immediate,branch,A12-1,fixed,short_term,188.145833333,61.840544872,816.889884961,-100,0.000000001,true,true,false,constraint_violation,0.967338897,307,1.084077186,210,0.034077186,0.868689311,C10,64.872354848,113_PV_1,207.012728657,113_PV_1,0,113,113_PV_1,100,4202.173716333,4267.046071181,64.872354848
1,poi_bus_120,120,Attila,lagging_095,0.95,11,2020-01-01T11:00:00+00:00,4,branch_A12-1_sustained,branch,A12-1,bounded,continuous,188.145833333,61.840544872,816.889884961,-100,0.000000002,true,true,false,constraint_violation,0.896447026,307,1.084626632,210,0.053552974,0.908903928,A10,112.97472854,113_PV_1,250.836858184,316_STEAM_1,0,113,113_PV_1,100,4202.173716333,4315.148444873,112.97472854
1,poi_bus_120,120,Attila,lagging_095,0.95,11,2020-01-01T11:00:00+00:00,5,branch_A34_immediate,branch,A34,fixed,short_term,188.145833333,61.840544872,816.889884961,-100,0.000000001,true,true,false,constraint_violation,0.967497439,307,1.084366657,210,0.034366657,0.868694103,C10,63.105782106,113_PV_1,209.438760072,113_PV_1,0,113,113_PV_1,100,4202.173716333,4265.279498439,63.105782106
1,poi_bus_120,120,Attila,lagging_095,0.95,11,2020-01-01T11:00:00+00:00,6,branch_A34_sustained,branch,A34,bounded,continuous,188.145833333,61.840544872,816.889884961,-99.999999999,0.000000001,true,true,false,constraint_violation,0.935086323,307,1.083577186,210,0.033577186,0.934469435,C10,75.057221054,113_PV_1,206.171749822,113_PV_1,0,113,113_PV_1,100,4202.173716333,4277.230937387,75.057221054
1,poi_bus_120,120,Attila,lagging_095,0.95,11,2020-01-01T11:00:00+00:00,7,branch_B12-1_immediate,branch,B12-1,fixed,short_term,188.145833333,61.840544872,816.889884961,-100,0,true,true,false,constraint_violation,0.941963394,207,1.071012516,210,0.021012516,0.868693755,C10,67.65016571,113_PV_1,209.888729151,113_PV_1,0,113,113_PV_1,100,4202.173716333,4269.823882043,67.65016571
1,poi_bus_120,120,Attila,lagging_095,0.95,11,2020-01-01T11:00:00+00:00,8,branch_B12-1_sustained,branch,B12-1,bounded,continuous,188.145833333,61.840544872,816.889884961,-100,0.000000002,true,true,false,constraint_violation,0.9272074,307,1.069215923,210,0.0227926,0.934975026,C10,0,101_STEAM_3,204.19726705,113_PV_1,0,113,113_PV_1,100,4202.173716333,4266.710648487,64.536932154
1,poi_bus_120,120,Attila,lagging_095,0.95,11,2020-01-01T11:00:00+00:00,9,branch_B22_immediate,branch,B22,fixed,short_term,188.145833333,61.840544872,816.889884961,-100,0.000000002,true,true,false,constraint_violation,0.967853989,307,1.078004919,210,0.028004919,0.868672163,C10,69.283535124,113_PV_1,208.636072487,113_PV_1,0,113,113_PV_1,100,4202.173716333,4271.457251457,69.283535124
1,poi_bus_120,120,Attila,lagging_095,0.95,11,2020-01-01T11:00:00+00:00,10,branch_B22_sustained,branch,B22,bounded,continuous,188.145833333,61.840544872,816.889884961,-100.000000001,0,true,true,false,constraint_violation,0.935098396,307,1.077601843,210,0.027601843,0.947306096,C10,63.781458431,113_PV_1,214.627847327,113_PV_1,0,113,113_PV_1,100,4202.173716333,4265.955174764,63.781458431
1,poi_bus_120,120,Attila,lagging_095,0.95,11,2020-01-01T11:00:00+00:00,11,branch_B6_immediate,branch,B6,fixed,short_term,188.145833333,61.840544872,816.889884961,-100,0,true,true,false,constraint_violation,0.967420377,307,1.086155468,210,0.036155468,0.868692758,C10,63.010586969,113_PV_1,208.663343908,113_PV_1,0,113,113_PV_1,100,4202.173716333,4265.184303302,63.010586969
1,poi_bus_120,120,Attila,lagging_095,0.95,11,2020-01-01T11:00:00+00:00,12,branch_B6_sustained,branch,B6,bounded,continuous,188.145833333,61.840544872,816.889884961,-100,0.000000001,true,true,false,constraint_violation,0.929714768,307,1.083885255,210,0.033885255,0.936822629,C10,55.235920019,113_PV_1,217.05425582,113_PV_1,0,113,113_PV_1,100,4202.173716333,4257.409636352,55.235920019
1,poi_bus_120,120,Attila,lagging_095,0.95,11,2020-01-01T11:00:00+00:00,13,branch_C12-1_immediate,branch,C12-1,fixed,short_term,188.145833333,61.840544872,816.889884961,-100,0,true,true,false,constraint_violation,0.855739697,307,1.084377966,210,0.094260303,0.815757415,C10,69.021421902,113_PV_1,209.997134754,113_PV_1,0,113,113_PV_1,100,4202.173716333,4271.195138235,69.021421902
1,poi_bus_120,120,Attila,lagging_095,0.95,11,2020-01-01T11:00:00+00:00,14,branch_C12-1_sustained,branch,C12-1,bounded,continuous,188.145833333,61.840544872,816.889884961,-100,0,true,true,false,constraint_violation,0.752944919,307,1.082435125,210,0.197055081,0.871896473,A10,92.840735245,113_PV_1,238.211806857,316_STEAM_1,0,113,113_PV_1,100,4202.173716333,4295.014451578,92.840735245
1,poi_bus_120,120,Attila,lagging_095,0.95,11,2020-01-01T11:00:00+00:00,15,branch_C27_immediate,branch,C27,fixed,short_term,188.145833333,61.840544872,816.889884961,-100,0.000000001,true,true,false,constraint_violation,0.967497434,307,1.084375217,210,0.034375217,0.868948937,C10,63.15546817,113_PV_1,209.34407517,113_PV_1,0,113,113_PV_1,100,4202.173716333,4265.329184503,63.15546817
1,poi_bus_120,120,Attila,lagging_095,0.95,11,2020-01-01T11:00:00+00:00,16,branch_C27_sustained,branch,C27,bounded,continuous,188.145833333,61.840544872,816.889884961,100,0.000000001,true,true,false,constraint_violation,0.938178314,307,1.082047626,210,0.032047626,0.948509219,C10,58.714034942,113_PV_1,193.167697714,113_PV_1,0,113,113_PV_1,100,4202.173716333,4260.887751275,58.714034942
1,poi_bus_120,120,Attila,lagging_095,0.95,11,2020-01-01T11:00:00+00:00,17,branch_C6_immediate,branch,C6,fixed,short_term,188.145833333,61.840544872,816.889884961,-99.999999999,0,true,true,false,constraint_violation,0.965085977,307,1.084371847,210,0.034371847,0.872768795,C10,63.402411964,113_PV_1,209.41352283,113_PV_1,0,113,113_PV_1,100,4202.173716333,4265.576128297,63.402411964
1,poi_bus_120,120,Attila,lagging_095,0.95,11,2020-01-01T11:00:00+00:00,18,branch_C6_sustained,branch,C6,bounded,continuous,188.145833333,61.840544872,816.889884961,-99.999999999,0.000000001,true,true,false,constraint_violation,0.929538679,307,1.082345114,210,0.032345114,0.919661321,C10,0,101_STEAM_3,202.763988791,113_PV_1,0,113,113_PV_1,100,4202.173716333,4259.478137095,57.304420762
1,poi_bus_120,120,Attila,lagging_095,0.95,11,2020-01-01T11:00:00+00:00,19,branch_CA-1_immediate,branch,CA-1,fixed,short_term,188.145833333,61.840544872,816.889884961,-99.999999999,0.000000001,true,true,false,constraint_violation,0.964560301,307,1.08448204,210,0.03448204,0.863966733,C10,64.269727711,113_PV_1,207.911817631,113_PV_1,0,113,113_PV_1,100,4202.173716333,4266.443444044,64.269727711
1,poi_bus_120,120,Attila,lagging_095,0.95,11,2020-01-01T11:00:00+00:00,20,branch_CA-1_sustained,branch,CA-1,bounded,continuous,188.145833333,61.840544872,816.889884961,-100,0,true,true,false,constraint_violation,0.915279521,307,1.083507267,210,0.034720479,1.168353081,CB-1,163.07666744,113_PV_1,277.132897908,316_STEAM_1,0,113,113_PV_1,100,4202.173716333,4365.250383773,163.07666744
1,poi_bus_120,120,Attila,lagging_095,0.95,11,2020-01-01T11:00:00+00:00,21,generator_121_NUCLEAR_1_sustained,generator,121_NUCLEAR_1,bounded,continuous,188.145833333,61.840544872,816.889884961,-100,0.000000001,true,true,false,constraint_violation,0.937411662,307,1.081794136,210,0.031794136,0.945536214,C10,60.60793824,113_PV_1,210.163460754,113_PV_1,0,113,113_PV_1,99,4202.173716333,4262.781654573,60.60793824
1,poi_bus_120,120,Attila,lagging_095,0.95,11,2020-01-01T11:00:00+00:00,22,generator_213_CC_3_sustained,generator,213_CC_3,bounded,continuous,188.145833333,61.840544872,816.889884961,100,0.000000001,true,true,false,constraint_violation,0.925492852,307,1.084224439,210,0.034224439,0.92535315,C10,0,101_STEAM_3,178.733906133,113_PV_1,0,113,113_PV_1,100,4202.173716333,4265.675026011,63.501309678
1,poi_bus_120,120,Attila,lagging_095,0.95,11,2020-01-01T11:00:00+00:00,23,generator_313_CC_1_sustained,generator,313_CC_1,bounded,continuous,188.145833333,61.840544872,816.889884961,-99.999999999,0.000000001,true,true,false,constraint_violation,0.922252703,307,1.083765071,210,0.033765071,0.920910929,C10,67.117559872,113_PV_1,213.288234875,113_PV_1,0,113,113_PV_1,100,4202.173716333,4269.291276205,67.117559872
1,poi_bus_120,120,Attila,lagging_095,0.95,12,2020-01-01T12:00:00+00:00,0,normal,normal,,base,continuous,187.125,61.505013182,810.127122204,-100,0,true,true,false,constraint_violation,0.966471714,307,1.08442311,210,0.03442311,0.987336671,C10,62.768320262,113_PV_1,209.988153419,113_PV_1,0,113,113_PV_1,100,4167.922066,4230.690386262,62.768320262
1,poi_bus_120,120,Attila,lagging_095,0.95,12,2020-01-01T12:00:00+00:00,1,branch_A11_immediate,branch,A11,fixed,short_term,187.125,61.505013182,810.127122204,-99.999999999,0,true,true,false,constraint_violation,0.966009399,307,1.084381631,210,0.034381631,0.863828117,C10,62.547357108,113_PV_1,210.878663322,113_PV_1,0,113,113_PV_1,100,4167.922066,4230.469423108,62.547357108
1,poi_bus_120,120,Attila,lagging_095,0.95,12,2020-01-01T12:00:00+00:00,2,branch_A11_sustained,branch,A11,bounded,continuous,187.125,61.505013182,810.127122204,-100,0.000000001,true,true,false,constraint_violation,0.943328091,307,1.081910709,210,0.031910709,0.936202644,C10,0,101_STEAM_3,210.415637531,113_PV_1,0,113,113_PV_1,100,4167.922066,4226.631220805,58.709154805
1,poi_bus_120,120,Attila,lagging_095,0.95,12,2020-01-01T12:00:00+00:00,3,branch_A12-1_immediate,branch,A12-1,fixed,short_term,187.125,61.505013182,810.127122204,-100,0.000000003,true,true,false,constraint_violation,0.966286084,307,1.084162728,210,0.034162728,0.863887877,C10,64.495543186,113_PV_1,207.484727495,113_PV_1,0,113,113_PV_1,100,4167.922066,4232.417609186,64.495543186
1,poi_bus_120,120,Attila,lagging_095,0.95,12,2020-01-01T12:00:00+00:00,4,branch_A12-1_sustained,branch,A12-1,bounded,continuous,187.125,61.505013182,810.127122204,-100,0,true,true,false,constraint_violation,0.935067769,307,1.08395495,210,0.03395495,0.947075915,C10,0,101_STEAM_3,202.732551279,113_PV_1,0,113,113_PV_1,100,4167.922066,4228.481074361,60.559008361
1,poi_bus_120,120,Attila,lagging_095,0.95,12,2020-01-01T12:00:00+00:00,5,branch_A34_immediate,branch,A34,fixed,short_term,187.125,61.505013182,810.127122204,-100,0.000000001,true,true,false,constraint_violation,0.966469534,307,1.084422894,210,0.034422894,0.863919258,C10,62.768401344,113_PV_1,209.989818698,113_PV_1,0,113,113_PV_1,100,4167.922066,4230.690467344,62.768401344
1,poi_bus_120,120,Attila,lagging_095,0.95,12,2020-01-01T12:00:00+00:00,6,branch_A34_sustained,branch,A34,bounded,continuous,187.125,61.505013182,810.127122204,-100,0.000000002,true,true,false,constraint_violation,0.882137154,307,1.082055609,210,0.067862846,0.985593361,CA-1,131.969369926,113_PV_1,342.296774883,316_STEAM_1,0,113,113_PV_1,100,4167.922066,4299.891435926,131.969369926
1,poi_bus_120,120,Attila,lagging_095,0.95,12,2020-01-01T12:00:00+00:00,7,branch_B12-1_immediate,branch,B12-1,fixed,short_term,187.125,61.505013182,810.127122204,-100,0,true,true,false,constraint_violation,0.941879587,207,1.0710619,210,0.0210619,0.863913219,C10,67.331222506,113_PV_1,210.43472151,113_PV_1,0,113,113_PV_1,100,4167.922066,4235.253288506,67.331222506
1,poi_bus_120,120,Attila,lagging_095,0.95,12,2020-01-01T12:00:00+00:00,8,branch_B12-1_sustained,branch,B12-1,bounded,continuous,187.125,61.505013182,810.127122204,-100,0.000000001,true,true,false,constraint_violation,0.893139844,307,1.071607673,210,0.056860156,0.907835331,A10,121.550717662,113_PV_1,274.106741755,316_STEAM_1,0,113,113_PV_1,100,4167.922066,4289.472783662,121.550717662
1,poi_bus_120,120,Attila,lagging_095,0.95,12,2020-01-01T12:00:00+00:00,9,branch_B22_immediate,branch,B22,fixed,short_term,187.125,61.505013182,810.127122204,-100,0,true,true,false,constraint_violation,0.966876262,307,1.078135314,210,0.028135314,0.863960771,C10,68.746623154,113_PV_1,209.146679224,113_PV_1,0,113,113_PV_1,100,4167.922066,4236.668689154,68.746623154
1,poi_bus_120,120,Attila,lagging_095,0.95,12,2020-01-01T12:00:00+00:00,10,branch_B22_sustained,branch,B22,bounded,continuous,187.125,61.505013182,810.127122204,-100,0.000000001,true,true,false,constraint_violation,0.921912201,307,1.078672159,210,0.028672159,0.93071434,C10,75.88859429,113_PV_1,213.887651825,113_PV_1,0,113,113_PV_1,100,4167.922066,4243.81066029,75.88859429
1,poi_bus_120,120,Attila,lagging_095,0.95,12,2020-01-01T12:00:00+00:00,11,branch_B6_immediate,branch,B6,fixed,short_term,187.125,61.505013182,810.127122204,-100,0.000000001,true,true,false,constraint_violation,0.966372145,307,1.086203628,210,0.036203628,0.863903475,C10,62.687773197,113_PV_1,209.26397848,113_PV_1,0,113,113_PV_1,100,4167.922066,4230.609839197,62.687773197
1,poi_bus_120,120,Attila,lagging_095,0.95,12,2020-01-01T12:00:00+00:00,12,branch_B6_sustained,branch,B6,bounded,continuous,187.125,61.505013182,810.127122204,-100,0,true,true,false,constraint_violation,0.924960589,307,1.084092864,210,0.034092864,0.922130427,C10,60.139359283,113_PV_1,211.617814059,113_PV_1,0,113,113_PV_1,100,4167.922066,4234.339359283,66.417293283
1,poi_bus_120,120,Attila,lagging_095,0.95,12,2020-01-01T12:00:00+00:00,13,branch_C12-1_immediate,branch,C12-1,fixed,short_term,187.125,61.505013182,810.127122204,-100,0.000000001,true,true,false,constraint_violation,0.85613298,307,1.08443297,210,0.09386702,0.812361242,C10,68.622741328,113_PV_1,210.535661311,113_PV_1,0,113,113_PV_1,100,4167.922066,4236.544807328,68.622741328
1,poi_bus_120,120,Attila,lagging_095,0.95,12,2020-01-01T12:00:00+00:00,14,branch_C12-1_sustained,branch,C12-1,bounded,continuous,187.125,61.505013182,810.127122204,-100,0.000000001,true,true,false,constraint_violation,0.70776104,307,1.084258422,210,0.24223896,0.911996932,CA-1,134.423276367,113_PV_1,335.164527501,316_STEAM_1,0,113,113_PV_1,100,4167.922066,4302.345342367,134.423276367
1,poi_bus_120,120,Attila,lagging_095,0.95,12,2020-01-01T12:00:00+00:00,15,branch_C27_immediate,branch,C27,fixed,short_term,187.125,61.505013182,810.127122204,-100,0.000000001,true,true,false,constraint_violation,0.966480342,307,1.084433137,210,0.034433137,0.864280975,C10,62.859318291,113_PV_1,209.84985844,113_PV_1,0,113,113_PV_1,100,4167.922066,4230.781384291,62.859318291
1,poi_bus_120,120,Attila,lagging_095,0.95,12,2020-01-01T12:00:00+00:00,16,branch_C27_sustained,branch,C27,bounded,continuous,187.125,61.505013182,810.127122204,-100,0,true,true,false,constraint_violation,0.933816214,307,1.081822987,210,0.031822987,0.912742205,A10,73.995964664,113_PV_1,210.757574541,113_PV_1,0,113,113_PV_1,100,4167.922066,4241.918030664,73.995964664
1,poi_bus_120,120,Attila,lagging_095,0.95,12,2020-01-01T12:00:00+00:00,17,branch_C6_immediate,branch,C6,fixed,short_term,187.125,61.505013182,810.127122204,-100,0,true,true,false,constraint_violation,0.962827432,307,1.084424182,210,0.034424182,0.862776732,C10,62.879183169,113_PV_1,209.985680567,113_PV_1,0,113,113_PV_1,100,4167.922066,4230.801249169,62.879183169
1,poi_bus_120,120,Attila,lagging_095,0.95,12,2020-01-01T12:00:00+00:00,18,branch_C6_sustained,branch,C6,bounded,continuous,187.125,61.505013182,810.127122204,-100,0.000000001,true,true,false,constraint_violation,0.928170215,307,1.084735652,210,0.034735652,0.907647685,C10,64.062372483,113_PV_1,212.79588587,113_PV_1,0,113,113_PV_1,100,4167.922066,4231.984438483,64.062372483
1,poi_bus_120,120,Attila,lagging_095,0.95,12,2020-01-01T12:00:00+00:00,19,branch_CA-1_immediate,branch,CA-1,fixed,short_term,187.125,61.505013182,810.127122204,-100,0.000000001,true,true,false,constraint_violation,0.964384631,307,1.084577185,210,0.034577185,0.859059787,C10,65.691739053,113_PV_1,206.995413014,113_PV_1,0,113,113_PV_1,100,4167.922066,4233.613805053,65.691739053
1,poi_bus_120,120,Attila,lagging_095,0.95,12,2020-01-01T12:00:00+00:00,20,branch_CA-1_sustained,branch,CA-1,bounded,continuous,187.125,61.505013182,810.127122204,11.188864001,0,true,true,false,constraint_violation,0.928406635,307,1.084349776,210,0.034349776,1.157511399,CB-1,138.955686462,113_PV_1,254.388145657,316_STEAM_1,0,113,113_PV_1,100,4167.922066,4306.877752462,138.955686462
1,poi_bus_120,120,Attila,lagging_095,0.95,12,2020-01-01T12:00:00+00:00,21,generator_121_NUCLEAR_1_sustained,generator,121_NUCLEAR_1,bounded,continuous,187.125,61.505013182,810.127122204,-100,0,true,true,false,constraint_violation,0.93668632,307,1.082114901,210,0.032114901,0.946195162,C10,67.745154047,113_PV_1,208.638658361,113_PV_1,0,113,113_PV_1,99,4167.922066,4235.667220047,67.745154047
1,poi_bus_120,120,Attila,lagging_095,0.95,12,2020-01-01T12:00:00+00:00,22,generator_213_CC_3_sustained,generator,213_CC_3,bounded,continuous,187.125,61.505013182,810.127122204,-99.999999999,0.000000002,true,true,false,constraint_violation,0.945568536,307,1.082273633,210,0.032273633,0.939647234,C10,61.268896239,113_PV_1,209.653948117,113_PV_1,0,113,113_PV_1,100,4167.922066,4229.190962239,61.268896239
1,poi_bus_120,120,Attila,lagging_095,0.95,12,2020-01-01T12:00:00+00:00,23,generator_313_CC_1_sustained,generator,313_CC_1,bounded,continuous,187.125,61.505013182,810.127122204,100,0,true,true,false,constraint_violation,0.948882301,307,1.081776318,210,0.031776318,0.939798216,C10,0,101_STEAM_3,181.965034432,113_PV_1,0,113,113_PV_1,100,4167.922066,4224.394169233,56.472103233
1,poi_bus_120,120,Attila,lagging_095,0.95,13,2020-01-01T13:00:00+00:00,0,normal,normal,,base,continuous,182.645833333,60.032782294,805.598865614,-100,0.000000001,true,true,false,constraint_violation,0.962234726,307,1.084898661,210,0.034898661,0.97790846,C10,58.728841307,113_PV_1,212.192754934,113_PV_1,0,113,113_PV_1,101,4141.191983333,4199.92082464,58.728841307
1,poi_bus_120,120,Attila,lagging_095,0.95,13,2020-01-01T13:00:00+00:00,1,branch_A11_immediate,branch,A11,fixed,short_term,182.645833333,60.032782294,805.598865614,-100,0.000000001,true,true,false,constraint_violation,0.961949183,307,1.084800745,210,0.034800745,0.855765083,C10,58.538834435,113_PV_1,213.200302083,113_PV_1,0,113,113_PV_1,101,4141.191983333,4199.730817768,58.538834435
1,poi_bus_120,120,Attila,lagging_095,0.95,13,2020-01-01T13:00:00+00:00,2,branch_A11_sustained,branch,A11,bounded,continuous,182.645833333,60.032782294,805.598865614,100,0,true,true,false,constraint_violation,0.9248579,307,1.084113699,210,0.034113699,0.91975925,C10,6.493121564,113_PV_1,172.174701053,113_PV_1,0,113,113_PV_1,101,4141.191983333,4210.985104897,69.793121564
1,poi_bus_120,120,Attila,lagging_095,0.95,13,2020-01-01T13:00:00+00:00,3,branch_A12-1_immediate,branch,A12-1,fixed,short_term,182.645833333,60.032782294,805.598865614,-100,0.000000002,true,true,false,constraint_violation,0.962117287,307,1.084627064,210,0.034627064,0.855715088,C10,60.330110592,113_PV_1,209.905708643,113_PV_1,0,113,113_PV_1,101,4141.191983333,4201.522093925,60.330110592
1,poi_bus_120,120,Attila,lagging_095,0.95,13,2020-01-01T13:00:00+00:00,4,branch_A12-1_sustained,branch,A12-1,bounded,continuous,182.645833333,60.032782294,805.598865614,-100,0.000000002,true,true,false,constraint_violation,0.901777927,307,1.082421175,210,0.048222073,0.912856552,A10,97.980309768,113_PV_1,200.622461503,113_PV_1,0,113,113_PV_1,101,4141.191983333,4239.172293101,97.980309768
1,poi_bus_120,120,Attila,lagging_095,0.95,13,2020-01-01T13:00:00+00:00,5,branch_A34_immediate,branch,A34,fixed,short_term,182.645833333,60.032782294,805.598865614,-100,0,true,true,false,constraint_violation,0.96223246,307,1.084898261,210,0.034898261,0.855670864,C10,58.72977128,113_PV_1,212.194806121,113_PV_1,0,113,113_PV_1,101,4141.191983333,4199.921754613,58.72977128
1,poi_bus_120,120,Attila,lagging_095,0.95,13,2020-01-01T13:00:00+00:00,6,branch_A34_sustained,branch,A34,bounded,continuous,182.645833333,60.032782294,805.598865614,99.999999999,0.000000001,true,true,false,constraint_violation,0.942663652,307,1.085078644,210,0.035078644,0.938923452,C10,5.397826201,113_PV_1,179.345186242,113_PV_1,0,113,113_PV_1,101,4141.191983333,4209.889809534,68.697826201
1,poi_bus_120,120,Attila,lagging_095,0.95,13,2020-01-01T13:00:00+00:00,7,branch_B12-1_immediate,branch,B12-1,fixed,short_term,182.645833333,60.032782294,805.598865614,-100,0.000000001,true,true,false,constraint_violation,0.944989305,207,1.071893512,210,0.021893512,0.855680905,C10,63.112180462,113_PV_1,212.638235421,113_PV_1,0,113,113_PV_1,101,4141.191983333,4204.304163795,63.112180462
1,poi_bus_120,120,Attila,lagging_095,0.95,13,2020-01-01T13:00:00+00:00,8,branch_B12-1_sustained,branch,B12-1,bounded,continuous,182.645833333,60.032782294,805.598865614,-100,0,true,true,false,constraint_violation,0.920892944,307,1.071989492,210,0.029107056,0.925459084,C10,19.549347996,113_PV_1,195.591800957,113_PV_1,0,113,113_PV_1,101,4141.191983333,4224.041331329,82.849347996
1,poi_bus_120,120,Attila,lagging_095,0.95,13,2020-01-01T13:00:00+00:00,9,branch_B22_immediate,branch,B22,fixed,short_term,182.645833333,60.032782294,805.598865614,-100,0.000000001,true,true,false,constraint_violation,0.962506278,307,1.078601004,210,0.028601004,0.855524013,C10,64.98609004,113_PV_1,211.496181004,113_PV_1,0,113,113_PV_1,101,4141.191983333,4206.178073373,64.98609004
1,poi_bus_120,120,Attila,lagging_095,0.95,13,2020-01-01T13:00:00+00:00,10,branch_B22_sustained,branch,B22,bounded,continuous,182.645833333,60.032782294,805.598865614,-99.999999999,0.000000002,true,true,false,constraint_violation,0.912262441,307,1.077840382,210,0.037737559,0.915255912,C10,90.236820227,113_PV_1,202.20058957,113_PV_1,0,113,113_PV_1,101,4141.191983333,4231.42880356,90.236820227
1,poi_bus_120,120,Attila,lagging_095,0.95,13,2020-01-01T13:00:00+00:00,11,branch_B6_immediate,branch,B6,fixed,short_term,182.645833333,60.032782294,805.598865614,-100,0.000000001,true,true,false,constraint_violation,0.962178889,307,1.08664972,210,0.03664972,0.855692539,C10,58.623723429,113_PV_1,211.380422087,113_PV_1,0,113,113_PV_1,101,4141.191983333,4199.815706762,58.623723429
1,poi_bus_120,120,Attila,lagging_095,0.95,13,2020-01-01T13:00:00+00:00,12,branch_B6_sustained,branch,B6,bounded,continuous,182.645833333,60.032782294,805.598865614,100,0,true,true,false,constraint_violation,0.930702303,307,1.084086569,210,0.034086569,0.930427521,C10,55.139033905,113_PV_1,191.699283328,113_PV_1,0,113,113_PV_1,101,4141.191983333,4196.331017238,55.139033905
1,poi_bus_120,120,Attila,lagging_095,0.95,13,2020-01-01T13:00:00+00:00,13,branch_C12-1_immediate,branch,C12-1,fixed,short_term,182.645833333,60.032782294,805.598865614,-99.999999999,0,true,true,false,constraint_violation,0.840834853,307,1.084911944,210,0.109165147,0.79937303,C10,65.4408001,113_PV_1,212.838059956,113_PV_1,0,113,113_PV_1,101,4141.191983333,4206.632783433,65.4408001
1,poi_bus_120,120,Attila,lagging_095,0.95,13,2020-01-01T13:00:00+00:00,14,branch_C12-1_sustained,branch,C12-1,bounded,continuous,182.645833333,60.032782294,805.598865614,-100,0,true,true,false,constraint_violation,0.776688656,307,1.082557578,210,0.173311344,0.913719834,A10,78.29031716,113_PV_1,208.496240136,113_PV_1,0,113,113_PV_1,101,4141.191983333,4219.482300493,78.29031716
1,poi_bus_120,120,Attila,lagging_095,0.95,13,2020-01-01T13:00:00+00:00,15,branch_C27_immediate,branch,C27,fixed,short_term,182.645833333,60.032782294,805.598865614,-100,0.000000001,true,true,false,constraint_violation,0.962176184,307,1.084886504,210,0.034886504,0.855232736,C10,58.794097467,113_PV_1,212.314898559,113_PV_1,0,113,113_PV_1,101,4141.191983333,4199.9860808,58.794097467
1,poi_bus_120,120,Attila,lagging_095,0.95,13,2020-01-01T13:00:00+00:00,16,branch_C27_sustained,branch,C27,bounded,continuous,182.645833333,60.032782294,805.598865614,-100,0,true,true,false,constraint_violation,0.873101635,307,1.082691212,210,0.076898365,1.065142123,CA-1,135.564161091,113_PV_1,268.420862962,316_STEAM_1,0,113,113_PV_1,101,4141.191983333,4276.756144424,135.564161091
1,poi_bus_120,120,Attila,lagging_095,0.95,13,2020-01-01T13:00:00+00:00,17,branch_C6_immediate,branch,C6,fixed,short_term,182.645833333,60.032782294,805.598865614,-100,0.000000001,true,true,false,constraint_violation,0.957235333,307,1.084896351,210,0.034896351,0.848305643,C10,58.870067207,113_PV_1,212.231228221,113_PV_1,0,113,113_PV_1,101,4141.191983333,4200.06205054,58.870067207
1,poi_bus_120,120,Attila,lagging_095,0.95,13,2020-01-01T13:00:00+00:00,18,branch_C6_sustained,branch,C6,bounded,continuous,182.645833333,60.032782294,805.598865614,-100,0.000000002,true,true,false,constraint_violation,0.910958754,307,1.085521206,210,0.039041246,0.934441934,C10,73.830775384,113_PV_1,215.812299302,113_PV_1,0,113,113_PV_1,101,4141.191983333,4215.022758717,73.830775384
1,poi_bus_120,120,Attila,lagging_095,0.95,13,2020-01-01T13:00:00+00:00,19,branch_CA-1_immediate,branch,CA-1,fixed,short_term,182.645833333,60.032782294,805.598865614,-100,0.000000001,true,true,false,constraint_violation,0.959042587,307,1.085044813,210,0.035044813,0.850316347,C10,60.220926045,113_PV_1,210.571216839,113_PV_1,0,113,113_PV_1,101,4141.191983333,4201.412909378,60.220926045
1,poi_bus_120,120,Attila,lagging_095,0.95,13,2020-01-01T13:00:00+00:00,20,branch_CA-1_sustained,branch,CA-1,bounded,continuous,182.645833333,60.032782294,805.598865614,100,0,true,true,false,constraint_violation,0.925180922,307,1.082295754,210,0.032295754,0.917124968,A10,79.462676604,113_PV_1,176.833259899,113_PV_1,0,113,113_PV_1,101,4141.191983333,4220.654659937,79.462676604
1,poi_bus_120,120,Attila,lagging_095,0.95,13,2020-01-01T13:00:00+00:00,21,generator_121_NUCLEAR_1_sustained,generator,121_NUCLEAR_1,bounded,continuous,182.645833333,60.032782294,805.598865614,100,0,true,true,false,constraint_violation,0.93327596,307,1.083296264,210,0.033296264,0.92305879,C10,66.459941569,113_PV_1,186.030149529,113_PV_1,0,113,113_PV_1,100,4141.191983333,4207.651924902,66.459941569
1,poi_bus_120,120,Attila,lagging_095,0.95,13,2020-01-01T13:00:00+00:00,22,generator_213_CC_3_sustained,generator,213_CC_3,bounded,continuous,182.645833333,60.032782294,805.598865614,-100,0.000000002,true,true,false,constraint_violation,0.931602673,307,1.082536988,210,0.032536988,0.925966063,C10,0,101_STEAM_3,211.497839552,113_PV_1,0,113,113_PV_1,101,4141.191983333,4194.159870047,52.967886714
1,poi_bus_120,120,Attila,lagging_095,0.95,13,2020-01-01T13:00:00+00:00,23,generator_313_CC_1_sustained,generator,313_CC_1,bounded,continuous,182.645833333,60.032782294,805.598865614,-100,0.000000001,true,true,false,constraint_violation,0.895837906,307,1.084835339,210,0.054162094,0.905115084,A10,102.154452481,113_PV_1,205.933552379,113_PV_1,0,113,113_PV_1,101,4141.191983333,4243.346435814,102.154452481
1,poi_bus_120,120,Attila,lagging_095,0.95,14,2020-01-01T14:00:00+00:00,0,normal,normal,,base,continuous,181.333333333,59.601384406,799.633003319,-100,0.000000001,true,true,false,constraint_violation,0.945749141,307,1.084651119,210,0.034651119,0.962121161,C10,60.590583798,113_PV_1,210.323699482,113_PV_1,0,113,113_PV_1,101,4110.564470333,4171.155054131,60.590583798
1,poi_bus_120,120,Attila,lagging_095,0.95,14,2020-01-01T14:00:00+00:00,1,branch_A11_immediate,branch,A11,fixed,short_term,181.333333333,59.601384406,799.633003319,-100,0.000000001,true,true,false,constraint_violation,0.945141332,307,1.084823401,210,0.034823401,0.841569895,C10,60.488109569,113_PV_1,211.194118544,113_PV_1,0,113,113_PV_1,101,4110.564470333,4171.052579902,60.488109569
1,poi_bus_120,120,Attila,lagging_095,0.95,14,2020-01-01T14:00:00+00:00,2,branch_A11_sustained,branch,A11,bounded,continuous,181.333333333,59.601384406,799.633003319,100,0.000000002,true,true,false,constraint_violation,0.924406073,307,1.082755603,210,0.032755603,0.926817603,C10,9.348662296,113_PV_1,180.269845331,113_PV_1,0,113,113_PV_1,101,4110.564470333,4175.013132629,64.448662296
1,poi_bus_120,120,Attila,lagging_095,0.95,14,2020-01-01T14:00:00+00:00,3,branch_A12-1_immediate,branch,A12-1,fixed,short_term,181.333333333,59.601384406,799.633003319,-100,0,true,true,false,constraint_violation,0.945493354,307,1.084488282,210,0.034488282,0.841738247,C10,62.154099003,113_PV_1,208.158237999,113_PV_1,0,113,113_PV_1,101,4110.564470333,4172.718569336,62.154099003
1,poi_bus_120,120,Attila,lagging_095,0.95,14,2020-01-01T14:00:00+00:00,4,branch_A12-1_sustained,branch,A12-1,bounded,continuous,181.333333333,59.601384406,799.633003319,-100,0,true,true,false,constraint_violation,0.92329672,307,1.08541634,210,0.03541634,0.922617253,C10,76.855803149,113_PV_1,199.506552762,113_PV_1,0,113,113_PV_1,101,4110.564470333,4187.420273482,76.855803149
1,poi_bus_120,120,Attila,lagging_095,0.95,14,2020-01-01T14:00:00+00:00,5,branch_A34_immediate,branch,A34,fixed,short_term,181.333333333,59.601384406,799.633003319,-100,0.000000001,true,true,false,constraint_violation,0.945755708,307,1.084651375,210,0.034651375,0.841858986,C10,60.596042043,113_PV_1,210.32142539,113_PV_1,0,113,113_PV_1,101,4110.564470333,4171.160512376,60.596042043
1,poi_bus_120,120,Attila,lagging_095,0.95,14,2020-01-01T14:00:00+00:00,6,branch_A34_sustained,branch,A34,bounded,continuous,181.333333333,59.601384406,799.633003319,-100,0.000000001,true,true,false,constraint_violation,0.885709513,307,1.084184682,210,0.064290487,0.902927681,A10,111.48460188,113_PV_1,211.37761543,113_PV_1,0,113,113_PV_1,101,4110.564470333,4222.049072213,111.48460188
1,poi_bus_120,120,Attila,lagging_095,0.95,14,2020-01-01T14:00:00+00:00,7,branch_B12-1_immediate,branch,B12-1,fixed,short_term,181.333333333,59.601384406,799.633003319,-100,0,true,true,false,constraint_violation,0.945647672,207,1.071847969,210,0.021847969,0.841828527,C10,64.830436157,113_PV_1,210.775855395,113_PV_1,0,113,113_PV_1,101,4110.564470333,4175.39490649,64.830436157
1,poi_bus_120,120,Attila,lagging_095,0.95,14,2020-01-01T14:00:00+00:00,8,branch_B12-1_sustained,branch,B12-1,bounded,continuous,181.333333333,59.601384406,799.633003319,100,0.000000001,true,true,false,constraint_violation,0.928009127,307,1.071433869,210,0.021990873,0.916488759,C10,68.775921197,113_PV_1,188.406646381,113_PV_1,0,113,113_PV_1,101,4110.564470333,4179.34039153,68.775921197
1,poi_bus_120,120,Attila,lagging_095,0.95,14,2020-01-01T14:00:00+00:00,9,branch_B22_immediate,branch,B22,fixed,short_term,181.333333333,59.601384406,799.633003319,-100,0.000000001,true,true,false,constraint_violation,0.946319476,307,1.079058066,210,0.029058066,0.842103281,C10,65.247276223,113_PV_1,209.715623448,113_PV_1,0,113,113_PV_1,101,4110.564470333,4175.811746556,65.247276223
1,poi_bus_120,120,Attila,lagging_095,0.95,14,2020-01-01T14:00:00+00:00,10,branch_B22_sustained,branch,B22,bounded,continuous,181.333333333,59.601384406,799.633003319,-100,0,true,true,false,constraint_violation,0.905500764,307,1.078264425,210,0.044499236,0.904301425,C10,79.7088044,113_PV_1,215.775750099,113_PV_1,0,113,113_PV_1,101,4110.564470333,4190.273274733,79.7088044
1,poi_bus_120,120,Attila,lagging_095,0.95,14,2020-01-01T14:00:00+00:00,11,branch_B6_immediate,branch,B6,fixed,short_term,181.333333333,59.601384406,799.633003319,-100,0.000000001,true,true,false,constraint_violation,0.945609119,307,1.086367665,210,0.036367665,0.841792041,C10,60.536959316,113_PV_1,209.539872949,113_PV_1,0,113,113_PV_1,101,4110.564470333,4171.101429649,60.536959316
1,poi_bus_120,120,Attila,lagging_095,0.95,14,2020-01-01T14:00:00+00:00,12,branch_B6_sustained,branch,B6,bounded,continuous,181.333333333,59.601384406,799.633003319,-100,0.000000001,true,true,false,constraint_violation,0.897127145,307,1.084655581,210,0.052872855,0.884876191,C10,90.461982138,113_PV_1,216.311499746,113_PV_1,0,113,113_PV_1,101,4110.564470333,4201.026452471,90.461982138
1,poi_bus_120,120,Attila,lagging_095,0.95,14,2020-01-01T14:00:00+00:00,13,branch_C12-1_immediate,branch,C12-1,fixed,short_term,181.333333333,59.601384406,799.633003319,-99.999999999,0,true,true,false,constraint_violation,0.797657157,307,1.08466043,210,0.152342843,0.78397359,A10,70.137135604,113_PV_1,211.223118393,113_PV_1,0,113,113_PV_1,101,4110.564470333,4180.701605937,70.137135604
1,poi_bus_120,120,Attila,lagging_095,0.95,14,2020-01-01T14:00:00+00:00,14,branch_C12-1_sustained,branch,C12-1,bounded,continuous,181.333333333,59.601384406,799.633003319,-100,0.000000001,true,true,false,constraint_violation,0.730620278,307,1.083296422,210,0.219379722,0.958716516,C13-2,13.219019627,113_PV_1,207.892847664,113_PV_1,0,113,113_PV_1,101,4110.564470333,4178.88348996,68.319019627
1,poi_bus_120,120,Attila,lagging_095,0.95,14,2020-01-01T14:00:00+00:00,15,branch_C27_immediate,branch,C27,fixed,short_term,181.333333333,59.601384406,799.633003319,-100,0.000000001,true,true,false,constraint_violation,0.945524784,307,1.084644677,210,0.034644677,0.841087463,C10,60.7027375,113_PV_1,210.48577102,113_PV_1,0,113,113_PV_1,101,4110.564470333,4171.267207833,60.7027375
1,poi_bus_120,120,Attila,lagging_095,0.95,14,2020-01-01T14:00:00+00:00,16,branch_C27_sustained,branch,C27,bounded,continuous,181.333333333,59.601384406,799.633003319,-100,0,true,true,false,constraint_violation,0.882545732,307,1.085055186,210,0.067454268,0.902895448,A10,111.384818636,113_PV_1,211.144825521,113_PV_1,0,113,113_PV_1,101,4110.564470333,4221.949288969,111.384818636
1,poi_bus_120,120,Attila,lagging_095,0.95,14,2020-01-01T14:00:00+00:00,17,branch_C6_immediate,branch,C6,fixed,short_term,181.333333333,59.601384406,799.633003319,-100,0,true,true,false,constraint_violation,0.941580117,307,1.084651068,210,0.034651068,0.837986163,C10,60.709174387,113_PV_1,210.339071601,113_PV_1,0,113,113_PV_1,101,4110.564470333,4171.27364472,60.709174387
1,poi_bus_120,120,Attila,lagging_095,0.95,14,2020-01-01T14:00:00+00:00,18,branch_C6_sustained,branch,C6,bounded,continuous,181.333333333,59.601384406,799.633003319,-100,0.000000002,true,true,false,constraint_violation,0.930186829,307,1.085229236,210,0.035229236,0.939013065,C10,63.434302316,113_PV_1,213.17178581,113_PV_1,0,113,113_PV_1,101,4110.564470333,4173.998772649,63.434302316
1,poi_bus_120,120,Attila,lagging_095,0.95,14,2020-01-01T14:00:00+00:00,19,branch_CA-1_immediate,branch,CA-1,fixed,short_term,181.333333333,59.601384406,799.633003319,-100,0,true,true,false,constraint_violation,0.946550745,307,1.084552167,210,0.034552167,0.835270033,C10,80.310208611,113_PV_1,201.590741918,113_PV_1,0,113,113_PV_1,101,4110.564470333,4190.874678944,80.310208611
1,poi_bus_120,120,Attila,lagging_095,0.95,14,2020-01-01T14:00:00+00:00,20,branch_CA-1_sustained,branch,CA-1,bounded,continuous,181.333333333,59.601384406,799.633003319,100,0,true,true,false,constraint_violation,0.946582282,307,1.082356762,210,0.032356762,0.956823614,C10,4.737242024,113_PV_1,179.888974453,113_PV_1,0,113,113_PV_1,101,4110.564470333,4170.401712357,59.837242024
1,poi_bus_120,120,Attila,lagging_095,0.95,14,2020-01-01T14:00:00+00:00,21,generator_121_NUCLEAR_1_sustained,generator,121_NUCLEAR_1,bounded,continuous,181.333333333,59.601384406,799.633003319,-99.999999999,0,true,true,false,constraint_violation,0.93453425,307,1.084683959,210,0.034683959,0.924458703,C10,60.82447085,113_PV_1,208.431154128,113_PV_1,0,113,113_PV_1,100,4110.564470333,4171.388941183,60.82447085
1,poi_bus_120,120,Attila,lagging_095,0.95,14,2020-01-01T14:00:00+00:00,22,generator_213_CC_3_sustained,generator,213_CC_3,bounded,continuous,181.333333333,59.601384406,799.633003319,100.000000001,0,true,true,false,constraint_violation,0.925842229,307,1.084980253,210,0.034980253,0.926160711,C10,70.761204673,113_PV_1,178.417262392,113_PV_1,0,113,113_PV_1,101,4110.564470333,4181.325675006,70.761204673
1,poi_bus_120,120,Attila,lagging_095,0.95,14,2020-01-01T14:00:00+00:00,23,generator_313_CC_1_sustained,generator,313_CC_1,bounded,continuous,181.333333333,59.601384406,799.633003319,-100,0,true,true,false,constraint_violation,0.880262321,307,1.082879702,210,0.069737679,0.937081337,CA-1,116.95814592,113_PV_1,220.588434764,316_STEAM_1,0,113,113_PV_1,101,4110.564470333,4227.522616253,116.95814592
1,poi_bus_120,120,Attila,lagging_095,0.95,15,2020-01-01T15:00:00+00:00,0,normal,normal,,base,continuous,185.25,60.888730484,796.28929986,-100,0,true,true,false,constraint_violation,0.908930189,307,1.083942169,210,0.041069811,0.901037784,A10,84.317502378,113_PV_1,220.280866948,113_PV_1,0,113,113_PV_1,102,4098.05087,4182.368372378,84.317502378
1,poi_bus_120,120,Attila,lagging_095,0.95,15,2020-01-01T15:00:00+00:00,1,branch_A11_immediate,branch,A11,fixed,short_term,185.25,60.888730484,796.28929986,-99.999999999,0.000000001,true,true,false,constraint_violation,0.909775008,307,1.082547452,210,0.040224992,0.7821159,C10,90.469712226,113_PV_1,214.673674013,113_PV_1,0,113,113_PV_1,102,4098.05087,4188.520582226,90.469712226
1,poi_bus_120,120,Attila,lagging_095,0.95,15,2020-01-01T15:00:00+00:00,2,branch_A11_sustained,branch,A11,bounded,continuous,185.25,60.888730484,796.28929986,100,0,true,true,false,constraint_violation,0.873165027,307,1.081462716,210,0.076834973,0.892008101,A10,89.14015982,113_PV_1,191.046833769,113_PV_1,0,113,113_PV_1,102,4098.05087,4187.19102982,89.14015982
1,poi_bus_120,120,Attila,lagging_095,0.95,15,2020-01-01T15:00:00+00:00,3,branch_A12-1_immediate,branch,A12-1,fixed,short_term,185.25,60.888730484,796.28929986,-99.999999999,0,true,true,false,constraint_violation,0.908925395,307,1.083948792,210,0.041074605,0.787969682,A10,84.242270655,113_PV_1,218.208720453,113_PV_1,0,113,113_PV_1,102,4098.05087,4182.293140655,84.242270655
1,poi_bus_120,120,Attila,lagging_095,0.95,15,2020-01-01T15:00:00+00:00,4,branch_A12-1_sustained,branch,A12-1,bounded,continuous,185.25,60.888730484,796.28929986,-99.999999999,0.000000001,true,true,false,constraint_violation,0.845778565,307,1.083082435,210,0.104221435,1.034396495,CA-1,127.855741875,113_PV_1,260.633546877,316_STEAM_1,0,113,113_PV_1,102,4098.05087,4225.906611875,127.855741875
1,poi_bus_120,120,Attila,lagging_095,0.95,15,2020-01-01T15:00:00+00:00,5,branch_A34_immediate,branch,A34,fixed,short_term,185.25,60.888730484,796.28929986,-100,0.000000001,true,true,false,constraint_violation,0.909056833,307,1.083941167,210,0.040943167,0.788358891,A10,84.810495641,113_PV_1,220.312959232,113_PV_1,0,113,113_PV_1,102,4098.05087,4182.861365641,84.810495641
1,poi_bus_120,120,Attila,lagging_095,0.95,15,2020-01-01T15:00:00+00:00,6,branch_A34_sustained,branch,A34,bounded,continuous,185.25,60.888730484,796.28929986,-99.999999999,0.000000001,true,true,false,constraint_violation,0.83038186,307,1.081404437,210,0.11961814,1.144688573,CA-1,153.98075625,113_PV_1,310.199232397,316_STEAM_1,0,113,113_PV_1,102,4098.05087,4252.03162625,153.98075625
1,poi_bus_120,120,Attila,lagging_095,0.95,15,2020-01-01T15:00:00+00:00,7,branch_B12-1_immediate,branch,B12-1,fixed,short_term,185.25,60.888730484,796.28929986,-99.999999999,0,true,true,false,constraint_violation,0.908826191,307,1.071075176,210,0.041173809,0.788302309,A10,88.611134694,113_PV_1,220.62865148,113_PV_1,0,113,113_PV_1,102,4098.05087,4186.662004694,88.611134694
1,poi_bus_120,120,Attila,lagging_095,0.95,15,2020-01-01T15:00:00+00:00,8,branch_B12-1_sustained,branch,B12-1,bounded,continuous,185.25,60.888730484,796.28929986,100,0,true,true,false,constraint_violation,0.890825304,307,1.069662978,210,0.059174696,0.868531707,C10,70.72314612,113_PV_1,197.249460426,113_PV_1,0,113,113_PV_1,102,4098.05087,4168.77401612,70.72314612
1,poi_bus_120,120,Attila,lagging_095,0.95,15,2020-01-01T15:00:00+00:00,9,branch_B22_immediate,branch,B22,fixed,short_term,185.25,60.888730484,796.28929986,-100,0,true,true,false,constraint_violation,0.909744246,307,1.078842881,210,0.040255754,0.789319344,A10,87.86714171,113_PV_1,220.617286727,113_PV_1,0,113,113_PV_1,102,4098.05087,4185.91801171,87.86714171
1,poi_bus_120,120,Attila,lagging_095,0.95,15,2020-01-01T15:00:00+00:00,10,branch_B22_sustained,branch,B22,bounded,continuous,185.25,60.888730484,796.28929986,-100,0.000000002,true,true,false,constraint_violation,0.875636306,307,1.077708581,210,0.074363694,0.906376797,A10,97.688055928,113_PV_1,218.313973764,113_PV_1,0,113,113_PV_1,102,4098.05087,4195.738925928,97.688055928
1,poi_bus_120,120,Attila,lagging_095,0.95,15,2020-01-01T15:00:00+00:00,11,branch_B6_immediate,branch,B6,fixed,short_term,185.25,60.888730484,796.28929986,-100,0.000000001,true,true,false,constraint_violation,0.908429565,307,1.085044115,210,0.041570435,0.786860396,A10,84.980322296,113_PV_1,219.925753165,113_PV_1,0,113,113_PV_1,102,4098.05087,4183.031192296,84.980322296
1,poi_bus_120,120,Attila,lagging_095,0.95,15,2020-01-01T15:00:00+00:00,12,branch_B6_sustained,branch,B6,bounded,continuous,185.25,60.888730484,796.28929986,-100,0,true,true,false,constraint_violation,0.838062045,307,1.083192426,210,0.111937955,1.074233157,CA-1,135.398593359,113_PV_1,288.071953348,316_STEAM_1,0,113,113_PV_1,102,4098.05087,4233.449463359,135.398593359
1,poi_bus_120,120,Attila,lagging_095,0.95,15,2020-01-01T15:00:00+00:00,13,branch_C12-1_immediate,branch,C12-1,fixed,short_term,185.25,60.888730484,796.28929986,-100,0.000000001,true,false,false,not_converged,,,,,,,,,,,,,113,113_PV_1,102,,,
1,poi_bus_120,120,Attila,lagging_095,0.95,15,2020-01-01T15:00:00+00:00,14,branch_C12-1_sustained,branch,C12-1,bounded,continuous,185.25,60.888730484,796.28929986,100,0,true,false,false,not_converged,,,,,,,,,,,,,113,113_PV_1,102,,,
1,poi_bus_120,120,Attila,lagging_095,0.95,15,2020-01-01T15:00:00+00:00,15,branch_C27_immediate,branch,C27,fixed,short_term,185.25,60.888730484,796.28929986,-99.999999999,0.000000001,true,true,false,constraint_violation,0.906335746,307,1.083968572,210,0.043664254,0.787741414,A10,86.923367941,113_PV_1,220.853941988,113_PV_1,0,113,113_PV_1,102,4098.05087,4184.974237941,86.923367941
1,poi_bus_120,120,Attila,lagging_095,0.95,15,2020-01-01T15:00:00+00:00,16,branch_C27_sustained,branch,C27,bounded,continuous,185.25,60.888730484,796.28929986,-100,0,true,true,false,constraint_violation,0.867918022,307,1.085054758,210,0.082081978,0.875377067,A10,93.371848112,113_PV_1,224.564590272,113_PV_1,0,113,113_PV_1,102,4098.05087,4191.422718112,93.371848112
1,poi_bus_120,120,Attila,lagging_095,0.95,15,2020-01-01T15:00:00+00:00,17,branch_C6_immediate,branch,C6,fixed,short_term,185.25,60.888730484,796.28929986,-100,0,true,true,false,constraint_violation,0.898298478,307,1.083944566,210,0.051701522,0.788330193,A10,85.722691175,113_PV_1,220.453745204,113_PV_1,0,113,113_PV_1,102,4098.05087,4183.773561175,85.722691175
1,poi_bus_120,120,Attila,lagging_095,0.95,15,2020-01-01T15:00:00+00:00,18,branch_C6_sustained,branch,C6,bounded,continuous,185.25,60.888730484,796.28929986,-99.999999999,0.000000001,true,true,false,constraint_violation,0.904793056,307,1.084888159,210,0.045206944,0.87257813,C10,66.872157638,113_PV_1,222.684552867,113_PV_1,0,113,113_PV_1,102,4098.05087,4164.923027638,66.872157638
1,poi_bus_120,120,Attila,lagging_095,0.95,15,2020-01-01T15:00:00+00:00,19,branch_CA-1_immediate,branch,CA-1,fixed,short_term,185.25,60.888730484,796.28929986,-100,0,true,true,false,constraint_violation,0.913675126,307,1.081721196,210,0.036324874,1.089115537,CB-1,166.962931849,113_PV_1,204.847054419,113_PV_1,0,113,113_PV_1,102,4098.05087,4265.013801849,166.962931849
1,poi_bus_120,120,Attila,lagging_095,0.95,15,2020-01-01T15:00:00+00:00,20,branch_CA-1_sustained,branch,CA-1,bounded,continuous,185.25,60.888730484,796.28929986,100,0.000000002,true,true,false,constraint_violation,0.898053741,307,1.082702908,210,0.051946259,0.878877037,A10,51.035071059,113_PV_1,194.860586493,113_PV_1,0,113,113_PV_1,102,4098.05087,4180.485941059,82.435071059
1,poi_bus_120,120,Attila,lagging_095,0.95,15,2020-01-01T15:00:00+00:00,21,generator_121_NUCLEAR_1_sustained,generator,121_NUCLEAR_1,bounded,continuous,185.25,60.888730484,796.28929986,100,0,true,true,false,constraint_violation,0.921877044,307,1.082713463,210,0.032713463,0.8995608,C10,61.888715044,113_PV_1,194.201115524,113_PV_1,0,113,113_PV_1,101,4098.05087,4159.939585044,61.888715044
1,poi_bus_120,120,Attila,lagging_095,0.95,15,2020-01-01T15:00:00+00:00,22,generator_213_CC_3_sustained,generator,213_CC_3,bounded,continuous,185.25,60.888730484,796.28929986,100,0.000000001,true,true,false,constraint_violation,0.888510671,307,1.082831963,210,0.061489329,0.875952031,A10,68.642050141,113_PV_1,197.329813013,113_PV_1,0,113,113_PV_1,102,4098.05087,4166.692920141,68.642050141
1,poi_bus_120,120,Attila,lagging_095,0.95,15,2020-01-01T15:00:00+00:00,23,generator_313_CC_1_sustained,generator,313_CC_1,bounded,continuous,185.25,60.888730484,796.28929986,-99.999999999,0.000000001,true,true,false,constraint_violation,0.858903398,307,1.084878013,210,0.091096602,0.960672456,CA-1,117.032170847,113_PV_1,226.587636449,316_STEAM_1,0,113,113_PV_1,102,4098.05087,4215.083040847,117.032170847
1,poi_bus_120,120,Attila,lagging_095,0.95,16,2020-01-01T16:00:00+00:00,0,normal,normal,,base,continuous,185.666666667,61.025682195,825.723262372,100,0.000000001,true,true,false,constraint_violation,0.9568,307,1.080128774,210,0.030128774,0.965590114,A11,0,101_CT_1,196.878628985,216_STEAM_1,0,107,107_CC_1,106,4243.099938667,4342.531669909,99.431731242
1,poi_bus_120,120,Attila,lagging_095,0.95,16,2020-01-01T16:00:00+00:00,1,branch_A11_immediate,branch,A11,fixed,short_term,185.666666667,61.025682195,825.723262372,100,0.000000001,true,true,false,constraint_violation,0.9568,307,1.072966228,210,0.022966228,1.496189192,AB1,23.029054374,107_CC_1,193.164770264,216_STEAM_1,0,107,107_CC_1,106,4243.099938667,4383.025712102,139.925773435
1,poi_bus_120,120,Attila,lagging_095,0.95,16,2020-01-01T16:00:00+00:00,2,branch_A11_sustained,branch,A11,bounded,continuous,185.666666667,61.025682195,825.723262372,-100,0.000000002,true,true,false,constraint_violation,0.9568,307,1.079860476,210,0.029860476,1.329185574,AB1,0,101_CT_1,201.397241486,216_STEAM_1,0,107,107_CC_1,106,4243.099938667,4356.984194865,113.884256198
1,poi_bus_120,120,Attila,lagging_095,0.95,16,2020-01-01T16:00:00+00:00,3,branch_A12-1_immediate,branch,A12-1,fixed,short_term,185.666666667,61.025682195,825.723262372,100,0,true,true,false,constraint_violation,0.9568,307,1.079677979,210,0.029677979,0.779125494,C10,0,101_CT_1,196.383222054,216_STEAM_1,0,107,107_CC_1,106,4243.099938667,4344.720769349,101.620830682
1,poi_bus_120,120,Attila,lagging_095,0.95,16,2020-01-01T16:00:00+00:00,4,branch_A12-1_sustained,branch,A12-1,bounded,continuous,185.666666667,61.025682195,825.723262372,-99.999999999,0.000000001,true,true,false,constraint_violation,0.9568,307,1.080218664,210,0.030218664,0.9046245,A10,0,101_CT_1,198.492850693,216_STEAM_1,0,107,107_CC_1,106,4243.099938667,4346.957383206,103.857444539
1,poi_bus_120,120,Attila,lagging_095,0.95,16,2020-01-01T16:00:00+00:00,5,branch_A34_immediate,branch,A34,fixed,short_term,185.666666667,61.025682195,825.723262372,99.999999999,0.000000001,true,true,false,constraint_violation,0.9568,307,1.080122404,210,0.030122404,0.780163328,A10,0,101_CT_1,196.912863415,216_STEAM_1,0,107,107_CC_1,106,4243.099938667,4343.080347514,99.980408847
1,poi_bus_120,120,Attila,lagging_095,0.95,16,2020-01-01T16:00:00+00:00,6,branch_A34_sustained,branch,A34,bounded,continuous,185.666666667,61.025682195,825.723262372,100,0,true,true,false,constraint_violation,0.9568,307,1.079646655,210,0.029646655,0.902239331,A10,0,101_CT_1,209.349420732,216_STEAM_1,0,107,107_CC_1,106,4243.099938667,4341.966629277,98.86669061
1,poi_bus_120,120,Attila,lagging_095,0.95,16,2020-01-01T16:00:00+00:00,7,branch_B12-1_immediate,branch,B12-1,fixed,short_term,185.666666667,61.025682195,825.723262372,100,0,true,true,false,constraint_violation,0.933103923,207,1.066465962,210,0.016896077,0.784506869,A11,0,101_CT_1,197.332033396,216_STEAM_1,0,107,107_CC_1,106,4243.099938667,4347.506997301,104.407058634
1,poi_bus_120,120,Attila,lagging_095,0.95,16,2020-01-01T16:00:00+00:00,8,branch_B12-1_sustained,branch,B12-1,bounded,continuous,185.666666667,61.025682195,825.723262372,-100,0.000000001,true,true,false,constraint_violation,0.93379886,207,1.067023972,210,0.017023972,1.0182631,CA-1,0,101_CT_1,217.465081618,316_STEAM_1,0,107,107_CC_1,106,4243.099938667,4381.583740919,138.483802252
1,poi_bus_120,120,Attila,lagging_095,0.95,16,2020-01-01T16:00:00+00:00,9,branch_B22_immediate,branch,B22,fixed,short_term,185.666666667,61.025682195,825.723262372,100,0,true,true,false,constraint_violation,0.9568,307,1.074455343,210,0.024455343,0.781223475,A10,0,101_CT_1,203.401277345,216_STEAM_1,0,107,107_CC_1,106,4243.099938667,4346.204635764,103.104697097
1,poi_bus_120,120,Attila,lagging_095,0.95,16,2020-01-01T16:00:00+00:00,10,branch_B22_sustained,branch,B22,bounded,continuous,185.666666667,61.025682195,825.723262372,-100,0.000000001,true,true,false,constraint_violation,0.9568,307,1.07476119,210,0.02476119,0.912158537,A10,0,101_CT_1,204.422618456,216_STEAM_1,0,107,107_CC_1,106,4243.099938667,4347.198791723,104.098853056
1,poi_bus_120,120,Attila,lagging_095,0.95,16,2020-01-01T16:00:00+00:00,11,branch_B6_immediate,branch,B6,fixed,short_term,185.666666667,61.025682195,825.723262372,100,0,true,true,false,constraint_violation,0.9568,307,1.082559719,210,0.032559719,0.826853796,A11,0,101_CT_1,199.82932373,216_STEAM_1,0,107,107_CC_1,106,4243.099938667,4343.607564331,100.507625664
1,poi_bus_120,120,Attila,lagging_095,0.95,16,2020-01-01T16:00:00+00:00,12,branch_B6_sustained,branch,B6,bounded,continuous,185.666666667,61.025682195,825.723262372,100,0.000000001,true,true,false,constraint_violation,0.9568,307,1.081736814,210,0.031736814,0.90041158,A10,0,101_CT_1,212.188539096,216_STEAM_1,0,107,107_CC_1,106,4243.099938667,4340.663755194,97.563816527
1,poi_bus_120,120,Attila,lagging_095,0.95,16,2020-01-01T16:00:00+00:00,13,branch_C12-1_immediate,branch,C12-1,fixed,short_term,185.666666667,61.025682195,825.723262372,100,0,true,true,false,constraint_violation,0.940758049,308,1.080040118,210,0.030040118,0.791943077,A11,0,101_CT_1,196.87384778,216_STEAM_1,0,107,107_CC_1,106,4243.099938667,4351.82348095,108.723542283
1,poi_bus_120,120,Attila,lagging_095,0.95,16,2020-01-01T16:00:00+00:00,14,branch_C12-1_sustained,branch,C12-1,bounded,continuous,185.666666667,61.025682195,825.723262372,100.000000001,0,true,true,false,constraint_violation,0.947631244,308,1.082128613,210,0.032128613,0.905505179,A10,0,101_CT_1,198.941807598,216_STEAM_1,0,107,107_CC_1,106,4243.099938667,4326.435778269,83.335839602
1,poi_bus_120,120,Attila,lagging_095,0.95,16,2020-01-01T16:00:00+00:00,15,branch_C27_immediate,branch,C27,fixed,short_term,185.666666667,61.025682195,825.723262372,100,0,true,true,false,constraint_violation,0.9568,307,1.080135787,210,0.030135787,0.791542649,A11,0,101_CT_1,196.340027805,216_STEAM_1,0,107,107_CC_1,106,4243.099938667,4346.405548283,103.305609616
1,poi_bus_120,120,Attila,lagging_095,0.95,16,2020-01-01T16:00:00+00:00,16,branch_C27_sustained,branch,C27,bounded,continuous,185.666666667,61.025682195,825.723262372,99.999999999,0.000000001,true,true,false,constraint_violation,0.9568,307,1.079741966,210,0.029741966,0.903261077,A10,0,101_CT_1,200.623723486,216_STEAM_1,0,107,107_CC_1,106,4243.099938667,4336.794337442,93.694398775
1,poi_bus_120,120,Attila,lagging_095,0.95,16,2020-01-01T16:00:00+00:00,17,branch_C6_immediate,branch,C6,fixed,short_term,185.666666667,61.025682195,825.723262372,100,0.000000001,true,true,false,constraint_violation,0.9568,307,1.080123062,210,0.030123062,0.779998426,A10,0,101_CT_1,196.810839468,216_STEAM_1,0,107,107_CC_1,106,4243.099938667,4343.680267985,100.580329318
1,poi_bus_120,120,Attila,lagging_095,0.95,16,2020-01-01T16:00:00+00:00,18,branch_C6_sustained,branch,C6,bounded,continuous,185.666666667,61.025682195,825.723262372,-100,0,true,true,false,constraint_violation,0.9568,307,1.078904718,210,0.028904718,1.108678021,CA-1,0,101_CT_1,245.653979951,316_STEAM_1,0,107,107_CC_1,106,4243.099938667,4395.457023959,152.357085292
1,poi_bus_120,120,Attila,lagging_095,0.95,16,2020-01-01T16:00:00+00:00,19,branch_CA-1_immediate,branch,CA-1,fixed,short_term,185.666666667,61.025682195,825.723262372,100.000000001,0,true,true,false,constraint_violation,0.9568,307,1.076234819,210,0.026234819,1.24061228,CB-1,78.307643673,107_CC_1,254.227803421,316_STEAM_1,0,107,107_CC_1,106,4243.099938667,4438.304301401,195.204362734
1,poi_bus_120,120,Attila,lagging_095,0.95,16,2020-01-01T16:00:00+00:00,20,branch_CA-1_sustained,branch,CA-1,bounded,continuous,185.666666667,61.025682195,825.723262372,99.999999999,0.000000001,true,true,false,constraint_violation,0.9568,307,1.07838968,210,0.02838968,1.173369424,CB-1,0,101_CT_1,213.955622705,216_STEAM_1,0,107,107_CC_1,106,4243.099938667,4371.324746414,128.224807747
1,poi_bus_120,120,Attila,lagging_095,0.95,16,2020-01-01T16:00:00+00:00,21,generator_121_NUCLEAR_1_sustained,generator,121_NUCLEAR_1,bounded,continuous,185.666666667,61.025682195,825.723262372,50.713890528,0.000000001,true,true,false,constraint_violation,0.9568,307,1.079945264,210,0.029945264,1.32654607,A11,64.723192598,107_CC_1,34.124918204,313_CC_1,0,107,107_CC_1,105,4243.099938667,4344.223192598,101.123253931
1,poi_bus_120,120,Attila,lagging_095,0.95,16,2020-01-01T16:00:00+00:00,22,generator_213_CC_3_sustained,generator,213_CC_3,bounded,continuous,185.666666667,61.025682195,825.723262372,-99.999999999,0,true,true,false,constraint_violation,0.9568,307,1.078950917,210,0.028950917,1.009770689,CA-1,0,101_CT_1,223.206700399,316_STEAM_1,0,107,107_CC_1,106,4243.099938667,4375.567721941,132.467783274
1,poi_bus_120,120,Attila,lagging_095,0.95,16,2020-01-01T16:00:00+00:00,23,generator_313_CC_1_sustained,generator,313_CC_1,bounded,continuous,185.666666667,61.025682195,825.723262372,100,0.000000001,true,true,false,constraint_violation,0.942502433,312,1.078762909,210,0.028762909,1.400358009,A11,116.894711877,107_CC_1,284.432064243,316_STEAM_1,0,107,107_CC_1,105,4243.099938667,4408.394711877,165.29477321
1,poi_bus_120,120,Attila,lagging_095,0.95,17,2020-01-01T17:00:00+00:00,0,normal,normal,,base,continuous,189.020833333,62.128143464,931.674803888,57.3134342,0,true,true,false,constraint_violation,0.9568,307,1.070998598,210,0.020998598,0.998038221,A11,35.709896261,107_CC_1,95.370222165,316_STEAM_1,0,107,107_CC_1,105,4767.078059333,4894.443229789,127.365170456
1,poi_bus_120,120,Attila,lagging_095,0.95,17,2020-01-01T17:00:00+00:00,1,branch_A11_immediate,branch,A11,fixed,short_term,189.020833333,62.128143464,931.674803888,57.313434199,0,true,true,false,constraint_violation,0.9568,307,1.0625466,210,0.0125466,1.786327533,AB1,88.404794527,107_CC_1,95.11577934,316_STEAM_1,0,107,107_CC_1,105,4767.078059333,4947.138128055,180.060068722
1,poi_bus_120,120,Attila,lagging_095,0.95,17,2020-01-01T17:00:00+00:00,2,branch_A11_sustained,branch,A11,bounded,continuous,189.020833333,62.128143464,931.674803888,-100,0.000000001,true,true,false,constraint_violation,0.9568,307,1.069861397,210,0.019861397,1.001691457,AB1,0,101_STEAM_3,378.35381929,317_WIND_1,0,317,317_WIND_1,105,4767.078059333,4901.89875906,134.820699727
1,poi_bus_120,120,Attila,lagging_095,0.95,17,2020-01-01T17:00:00+00:00,3,branch_A12-1_immediate,branch,A12-1,fixed,short_term,189.020833333,62.128143464,931.674803888,57.3134342,0.000000001,true,true,false,constraint_violation,0.9568,307,1.070539454,210,0.020539454,0.814852767,AB1,38.239328751,107_CC_1,95.296803182,316_STEAM_1,0,107,107_CC_1,105,4767.078059333,4896.972662279,129.894602946
1,poi_bus_120,120,Attila,lagging_095,0.95,17,2020-01-01T17:00:00+00:00,4,branch_A12-1_sustained,branch,A12-1,bounded,continuous,189.020833333,62.128143464,931.674803888,-100,0,true,true,false,constraint_violation,0.955359996,308,1.070804034,210,0.020804034,0.95046309,CA-1,0,101_STEAM_3,126.558738071,316_STEAM_1,0,107,107_CC_1,105,4767.078059333,4895.033714353,127.95565502
1,poi_bus_120,120,Attila,lagging_095,0.95,17,2020-01-01T17:00:00+00:00,5,branch_A34_immediate,branch,A34,fixed,short_term,189.020833333,62.128143464,931.674803888,57.3134342,0,true,true,false,constraint_violation,0.9568,307,1.070884563,210,0.020884563,0.82371969,A11,47.570517608,107_CC_1,95.198751306,316_STEAM_1,0,107,107_CC_1,105,4767.078059333,4906.303851136,139.225791803
1,poi_bus_120,120,Attila,lagging_095,0.95,17,2020-01-01T17:00:00+00:00,6,branch_A34_sustained,branch,A34,bounded,continuous,189.020833333,62.128143464,931.674803888,100,0.000000001,true,true,false,constraint_violation,0.955644076,308,1.071295884,210,0.021295884,0.914987633,C10,0,101_STEAM_3,98.203042951,316_STEAM_1,0,107,107_CC_1,105,4767.078059333,4892.394212616,125.316153283
1,poi_bus_120,120,Attila,lagging_095,0.95,17,2020-01-01T17:00:00+00:00,7,branch_B12-1_immediate,branch,B12-1,fixed,short_term,189.020833333,62.128143464,931.674803888,57.3134342,0,true,true,false,constraint_violation,0.869033826,207,1.058026495,110,0.080966174,0.820131143,A11,44.891860881,107_CC_1,95.411820224,316_STEAM_1,0,107,107_CC_1,105,4767.078059333,4903.625194409,136.547135076
1,poi_bus_120,120,Attila,lagging_095,0.95,17,2020-01-01T17:00:00+00:00,8,branch_B12-1_sustained,branch,B12-1,bounded,continuous,189.020833333,62.128143464,931.674803888,-100,0,true,true,false,constraint_violation,0.870327119,207,1.065343648,110,0.079672881,1.004573318,B13-2,0,101_STEAM_3,384.372310343,317_WIND_1,0,317,317_WIND_1,105,4767.078059333,4895.686241281,128.608181948
1,poi_bus_120,120,Attila,lagging_095,0.95,17,2020-01-01T17:00:00+00:00,9,branch_B22_immediate,branch,B22,fixed,short_term,189.020833333,62.128143464,931.674803888,57.3134342,0.000000001,true,true,false,constraint_violation,0.9568,307,1.062881414,210,0.012881414,0.791766264,A10,41.657280126,107_CC_1,95.15263881,316_STEAM_1,0,107,107_CC_1,105,4767.078059333,4900.390613654,133.312554321
1,poi_bus_120,120,Attila,lagging_095,0.95,17,2020-01-01T17:00:00+00:00,10,branch_B22_sustained,branch,B22,bounded,continuous,189.020833333,62.128143464,931.674803888,-100,0.000000001,true,true,false,constraint_violation,0.9568,307,1.065210304,110,0.015210304,0.981363188,CA-1,0,101_STEAM_3,380.186708119,317_WIND_1,0,317,317_WIND_1,105,4767.078059334,4894.931945776,127.853886442
1,poi_bus_120,120,Attila,lagging_095,0.95,17,2020-01-01T17:00:00+00:00,11,branch_B6_immediate,branch,B6,fixed,short_term,189.020833333,62.128143464,931.674803888,57.313434199,0.000000001,true,true,false,constraint_violation,0.9568,307,1.071757998,210,0.021757998,0.870546893,A11,37.494244327,107_CC_1,95.592750619,316_STEAM_1,0,107,107_CC_1,105,4767.078059333,4896.227577855,129.149518522
1,poi_bus_120,120,Attila,lagging_095,0.95,17,2020-01-01T17:00:00+00:00,12,branch_B6_sustained,branch,B6,bounded,continuous,189.020833333,62.128143464,931.674803888,-100,0.000000002,true,true,false,constraint_violation,0.9568,307,1.071026219,210,0.021026219,0.962540555,A11,0,101_STEAM_3,107.657645679,316_STEAM_1,0,122,122_WIND_1,105,4767.078059333,4885.825117803,118.74705847
1,poi_bus_120,120,Attila,lagging_095,0.95,17,2020-01-01T17:00:00+00:00,13,branch_C12-1_immediate,branch,C12-1,fixed,short_term,189.020833333,62.128143464,931.674803888,57.3134342,0.000000001,true,true,false,constraint_violation,0.930401296,308,1.070857224,210,0.020857224,0.876712872,C13-2,50.047992182,107_CC_1,102.349869103,316_STEAM_1,0,107,107_CC_1,105,4767.078059333,4908.78132571,141.703266377
1,poi_bus_120,120,Attila,lagging_095,0.95,17,2020-01-01T17:00:00+00:00,14,branch_C12-1_sustained,branch,C12-1,bounded,continuous,189.020833333,62.128143464,931.674803888,100.000000001,0,true,true,false,constraint_violation,0.94081986,308,1.071403276,210,0.021403276,0.903809546,A10,0,101_STEAM_3,48.775235815,316_STEAM_1,0,107,107_CC_1,105,4767.078059333,4866.469785757,99.391726424
1,poi_bus_120,120,Attila,lagging_095,0.95,17,2020-01-01T17:00:00+00:00,15,branch_C27_immediate,branch,C27,fixed,short_term,189.020833333,62.128143464,931.674803888,57.3134342,0,true,true,false,constraint_violation,0.956269409,308,1.070924414,210,0.020924414,0.847399053,A11,47.955071437,107_CC_1,131.112062514,316_STEAM_1,0,107,107_CC_1,105,4767.078059333,4906.688404965,139.610345632
1,poi_bus_120,120,Attila,lagging_095,0.95,17,2020-01-01T17:00:00+00:00,16,branch_C27_sustained,branch,C27,bounded,continuous,189.020833333,62.128143464,931.674803888,-100,0,true,true,false,constraint_violation,0.9568,307,1.072715312,210,0.022715312,1.004144299,CA-1,0,101_STEAM_3,139.28577033,316_STEAM_1,0,107,107_CC_1,105,4767.078059333,4895.843999206,128.765939873
1,poi_bus_120,120,Attila,lagging_095,0.95,17,2020-01-01T17:00:00+00:00,17,branch_C6_immediate,branch,C6,fixed,short_term,189.020833333,62.128143464,931.674803888,57.3134342,0.000000001,true,true,false,constraint_violation,0.9568,307,1.070987816,210,0.020987816,0.799160085,A11,37.179056849,107_CC_1,97.631713468,316_STEAM_1,0,107,107_CC_1,105,4767.078059333,4895.912390377,128.834331044
1,poi_bus_120,120,Attila,lagging_095,0.95,17,2020-01-01T17:00:00+00:00,18,branch_C6_sustained,branch,C6,bounded,continuous,189.020833333,62.128143464,931.674803888,-99.999999999,0,true,true,false,constraint_violation,0.956361232,308,1.070643134,210,0.020643134,0.986588552,CA-1,0,101_STEAM_3,375.419385209,317_WIND_1,0,317,317_WIND_1,105,4767.078059333,4903.618961879,136.540902546
1,poi_bus_120,120,Attila,lagging_095,0.95,17,2020-01-01T17:00:00+00:00,19,branch_CA-1_immediate,branch,CA-1,fixed,short_term,189.020833333,62.128143464,931.674803888,57.3134342,0,true,true,false,constraint_violation,0.956399966,308,1.065591377,210,0.015591377,1.323639967,AB1,177.902772681,107_CC_1,252.903496776,316_STEAM_1,0,107,107_CC_1,105,4767.078059333,5036.636106209,269.558046876
1,poi_bus_120,120,Attila,lagging_095,0.95,17,2020-01-01T17:00:00+00:00,20,branch_CA-1_sustained,branch,CA-1,bounded,continuous,189.020833333,62.128143464,931.674803888,99.999999999,0.000000001,true,true,false,constraint_violation,0.9568,307,1.069512495,210,0.019512495,1.208149871,CB-1,0,101_STEAM_3,163.128175446,316_STEAM_1,0,107,107_CC_1,105,4767.078059333,4938.639919146,171.561859813
1,poi_bus_120,120,Attila,lagging_095,0.95,17,2020-01-01T17:00:00+00:00,21,generator_121_NUCLEAR_1_sustained,generator,121_NUCLEAR_1,bounded,continuous,189.020833333,62.128143464,931.674803888,-99.999999999,0,true,true,false,constraint_violation,0.9568,307,1.070865844,210,0.020865844,0.966419983,A11,79.179962579,317_WIND_1,406.828879551,317_WIND_1,0,317,317_WIND_1,104,4767.078059333,4879.579962579,112.501903246
1,poi_bus_120,120,Attila,lagging_095,0.95,17,2020-01-01T17:00:00+00:00,22,generator_213_CC_3_sustained,generator,213_CC_3,bounded,continuous,189.020833333,62.128143464,931.674803888,-100,0.000000001,true,true,false,constraint_violation,0.9568,307,1.072240542,210,0.022240542,0.974583546,CA-1,0,101_STEAM_3,383.624237782,317_WIND_1,0,317,317_WIND_1,105,4767.078059333,4886.836484254,119.758424921
1,poi_bus_120,120,Attila,lagging_095,0.95,17,2020-01-01T17:00:00+00:00,23,generator_313_CC_1_sustained,generator,313_CC_1,bounded,continuous,189.020833333,62.128143464,931.674803888,55.465638882,0.000000001,true,true,false,constraint_violation,0.913442218,304,1.069558479,210,0.036557782,1.216209166,A11,99.747558233,107_CC_1,360.111891176,316_STEAM_1,0,107,107_CC_1,104,4767.078059333,4945.147558233,178.0694989
1,poi_bus_120,120,Attila,lagging_095,0.95,18,2020-01-01T18:00:00+00:00,0,normal,normal,,base,continuous,188.833333333,62.066515194,926.859082204,-79.689411373,0,true,true,false,constraint_violation,0.9568,307,1.070307613,210,0.020307613,0.91439893,A10,4.312630787,107_CC_1,123.085067197,316_STEAM_1,0,107,107_CC_1,105,4743.227099333,4870.87306332,127.645963987
1,poi_bus_120,120,Attila,lagging_095,0.95,18,2020-01-01T18:00:00+00:00,1,branch_A11_immediate,branch,A11,fixed,short_term,188.833333333,62.066515194,926.859082204,-79.689411372,0.000000001,true,true,false,constraint_violation,0.9568,307,1.064187468,210,0.014187468,1.560787216,AB1,41.548653172,107_CC_1,123.183997745,316_STEAM_1,0,107,107_CC_1,105,4743.227099333,4908.109085705,164.881986372
1,poi_bus_120,120,Attila,lagging_095,0.95,18,2020-01-01T18:00:00+00:00,2,branch_A11_sustained,branch,A11,bounded,continuous,188.833333333,62.066515194,926.859082204,-100,0.000000001,true,true,false,constraint_violation,0.954791278,308,1.069179951,210,0.019179951,1.00162516,AB1,0,101_STEAM_3,400.395068455,317_WIND_1,0,317,317_WIND_1,105,4743.227099333,4879.393927753,136.16682842
1,poi_bus_120,120,Attila,lagging_095,0.95,18,2020-01-01T18:00:00+00:00,3,branch_A12-1_immediate,branch,A12-1,fixed,short_term,188.833333333,62.066515194,926.859082204,-79.689411372,0,true,true,false,constraint_violation,0.9568,307,1.069994973,210,0.019994973,0.792088541,A10,5.904265373,107_CC_1,123.06430347,316_STEAM_1,0,107,107_CC_1,105,4743.227099333,4872.464697906,129.237598573
1,poi_bus_120,120,Attila,lagging_095,0.95,18,2020-01-01T18:00:00+00:00,4,branch_A12-1_sustained,branch,A12-1,bounded,continuous,188.833333333,62.066515194,926.859082204,-100,0.000000001,true,true,false,constraint_violation,0.9568,307,1.070187631,210,0.020187631,0.92096327,A10,0,101_STEAM_3,99.279961593,316_STEAM_1,0,107,107_CC_1,105,4743.227099333,4858.277060978,115.049961645
1,poi_bus_120,120,Attila,lagging_095,0.95,18,2020-01-01T18:00:00+00:00,5,branch_A34_immediate,branch,A34,fixed,short_term,188.833333333,62.066515194,926.859082204,-79.689411373,0,true,true,false,constraint_violation,0.9568,307,1.070219663,210,0.020219663,0.798966297,A10,14.260446917,107_CC_1,123.039152541,316_STEAM_1,0,107,107_CC_1,105,4743.227099333,4880.82087945,137.593780117
1,poi_bus_120,120,Attila,lagging_095,0.95,18,2020-01-01T18:00:00+00:00,6,branch_A34_sustained,branch,A34,bounded,continuous,188.833333333,62.066515194,926.859082204,-100,0.000000001,true,true,false,constraint_violation,0.955591431,308,1.07040046,210,0.02040046,0.974591326,CA-1,0,101_STEAM_3,390.511101703,317_WIND_1,0,317,317_WIND_1,105,4743.227099333,4885.749361323,142.52226199
1,poi_bus_120,120,Attila,lagging_095,0.95,18,2020-01-01T18:00:00+00:00,7,branch_B12-1_immediate,branch,B12-1,fixed,short_term,188.833333333,62.066515194,926.859082204,-79.689411373,0,true,true,false,constraint_violation,0.862403146,207,1.061431454,110,0.087596854,0.815143819,B13-2,13.941707151,107_CC_1,123.103780268,316_STEAM_1,0,107,107_CC_1,105,4743.227099333,4880.502139684,137.275040351
1,poi_bus_120,120,Attila,lagging_095,0.95,18,2020-01-01T18:00:00+00:00,8,branch_B12-1_sustained,branch,B12-1,bounded,continuous,188.833333333,62.066515194,926.859082204,-100,0.000000001,true,true,false,constraint_violation,0.863522655,207,1.063184835,110,0.086477345,1.024220583,B13-2,0,101_STEAM_3,387.672113524,317_WIND_1,0,317,317_WIND_1,105,4743.227099333,4883.389630371,140.162531038
1,poi_bus_120,120,Attila,lagging_095,0.95,18,2020-01-01T18:00:00+00:00,9,branch_B22_immediate,branch,B22,fixed,short_term,188.833333333,62.066515194,926.859082204,-79.689411373,0,true,true,false,constraint_violation,0.9568,307,1.061953645,110,0.011953645,0.80094276,A10,10.767001885,107_CC_1,123.043097853,316_STEAM_1,0,107,107_CC_1,105,4743.227099333,4877.327434418,134.100335085
1,poi_bus_120,120,Attila,lagging_095,0.95,18,2020-01-01T18:00:00+00:00,10,branch_B22_sustained,branch,B22,bounded,continuous,188.833333333,62.066515194,926.859082204,-99.999999999,0.000000001,true,true,false,constraint_violation,0.955016811,308,1.064118744,110,0.014118744,0.924545824,A10,0,101_STEAM_3,135.873735565,316_STEAM_1,0,107,107_CC_1,105,4743.227099333,4879.975806784,136.748707451
1,poi_bus_120,120,Attila,lagging_095,0.95,18,2020-01-01T18:00:00+00:00,11,branch_B6_immediate,branch,B6,fixed,short_term,188.833333333,62.066515194,926.859082204,-79.689411372,0.000000001,true,true,false,constraint_violation,0.9568,307,1.070945226,210,0.020945226,0.79699937,A10,5.948788202,107_CC_1,123.195352191,316_STEAM_1,0,107,107_CC_1,105,4743.227099333,4872.509220735,129.282121402
1,poi_bus_120,120,Attila,lagging_095,0.95,18,2020-01-01T18:00:00+00:00,12,branch_B6_sustained,branch,B6,bounded,continuous,188.833333333,62.066515194,926.859082204,-100,0.000000001,true,true,false,constraint_violation,0.955824206,308,1.070247551,210,0.020247551,0.920401896,A10,0,101_STEAM_3,124.159787781,316_STEAM_1,0,107,107_CC_1,105,4743.227099333,4862.549927863,119.32282853
1,poi_bus_120,120,Attila,lagging_095,0.95,18,2020-01-01T18:00:00+00:00,13,branch_C12-1_immediate,branch,C12-1,fixed,short_term,188.833333333,62.066515194,926.859082204,-79.689411372,0.000000001,true,true,false,constraint_violation,0.931987936,308,1.070184448,210,0.020184448,0.859681799,C13-2,17.726150809,107_CC_1,129.746820287,316_STEAM_1,0,107,107_CC_1,105,4743.227099333,4884.286583342,141.059484009
1,poi_bus_120,120,Attila,lagging_095,0.95,18,2020-01-01T18:00:00+00:00,14,branch_C12-1_sustained,branch,C12-1,bounded,continuous,188.833333333,62.066515194,926.859082204,99.999999999,0,true,true,false,constraint_violation,0.942372321,308,1.07095639,210,0.02095639,0.917146423,A10,0,101_STEAM_3,40.621088605,316_STEAM_1,0,107,107_CC_1,105,4743.227099333,4846.49774634,103.270647007
1,poi_bus_120,120,Attila,lagging_095,0.95,18,2020-01-01T18:00:00+00:00,15,branch_C27_immediate,branch,C27,fixed,short_term,188.833333333,62.066515194,926.859082204,-79.689411372,0.000000001,true,true,false,constraint_violation,0.956240245,308,1.07014173,210,0.02014173,0.818642995,CA-1,26.188198243,107_CC_1,180.676079964,316_STEAM_1,0,107,107_CC_1,105,4743.227099333,4892.748630776,149.521531443
1,poi_bus_120,120,Attila,lagging_095,0.95,18,2020-01-01T18:00:00+00:00,16,branch_C27_sustained,branch,C27,bounded,continuous,188.833333333,62.066515194,926.859082204,100,0.000000001,true,true,false,constraint_violation,0.9568,307,1.070789809,210,0.020789809,0.905371206,A10,0,101_STEAM_3,92.993510221,316_STEAM_1,0,107,107_CC_1,105,4743.227099333,4852.010734726,108.783635393
1,poi_bus_120,120,Attila,lagging_095,0.95,18,2020-01-01T18:00:00+00:00,17,branch_C6_immediate,branch,C6,fixed,short_term,188.833333333,62.066515194,926.859082204,-79.689411372,0.000000001,true,true,false,constraint_violation,0.9568,307,1.070293135,210,0.020293135,0.799827911,A10,6.180879359,107_CC_1,126.13125851,316_STEAM_1,0,107,107_CC_1,105,4743.227099333,4872.741311892,129.514212559
1,poi_bus_120,120,Attila,lagging_095,0.95,18,2020-01-01T18:00:00+00:00,18,branch_C6_sustained,branch,C6,bounded,continuous,188.833333333,62.066515194,926.859082204,-100,0,true,true,false,constraint_violation,0.9568,307,1.071274329,210,0.021274329,0.924499792,A10,0,101_STEAM_3,101.28447988,316_STEAM_1,0,107,107_CC_1,105,4743.227099333,4859.417072135,116.189972802
1,poi_bus_120,120,Attila,lagging_095,0.95,18,2020-01-01T18:00:00+00:00,19,branch_CA-1_immediate,branch,CA-1,fixed,short_term,188.833333333,62.066515194,926.859082204,-79.689411372,0.000000001,true,true,false,constraint_violation,0.956709011,308,1.065021733,210,0.015021733,1.326387066,AB1,151.241848485,107_CC_1,296.364975616,316_STEAM_1,0,107,107_CC_1,105,4743.227099333,5017.802281018,274.575181685
1,poi_bus_120,120,Attila,lagging_095,0.95,18,2020-01-01T18:00:00+00:00,20,branch_CA-1_sustained,branch,CA-1,bounded,continuous,188.833333333,62.066515194,926.859082204,99.999999999,0,true,true,false,constraint_violation,0.9568,307,1.068882278,210,0.018882278,1.076487008,C27,0,101_STEAM_3,206.51965456,316_STEAM_1,0,107,107_CC_1,105,4743.227099333,4917.748884027,174.521784694
1,poi_bus_120,120,Attila,lagging_095,0.95,18,2020-01-01T18:00:00+00:00,21,generator_121_NUCLEAR_1_sustained,generator,121_NUCLEAR_1,bounded,continuous,188.833333333,62.066515194,926.859082204,-99.999999999,0.000000001,true,true,false,constraint_violation,0.9568,307,1.069840897,210,0.019840897,0.989963891,A11,13.619241386,107_CC_1,90.482601149,316_STEAM_1,0,107,107_CC_1,104,4743.227099333,4847.519241386,104.292142053
1,poi_bus_120,120,Attila,lagging_095,0.95,18,2020-01-01T18:00:00+00:00,22,generator_213_CC_3_sustained,generator,213_CC_3,bounded,continuous,188.833333333,62.066515194,926.859082204,-100,0,true,true,false,constraint_violation,0.9568,307,1.070521061,210,0.020521061,0.971683891,CA-1,0,101_STEAM_3,384.480499467,317_WIND_1,0,317,317_WIND_1,105,4743.227099333,4870.512876061,127.285776728
1,poi_bus_120,120,Attila,lagging_095,0.95,18,2020-01-01T18:00:00+00:00,23,generator_313_CC_1_sustained,generator,313_CC_1,bounded,continuous,188.833333333,62.066515194,926.859082204,-93.826766469,0.000000002,true,true,false,constraint_violation,0.913843469,312,1.06938501,210,0.036156531,1.145313199,CA-1,35.898013954,107_CC_1,386.090494541,316_STEAM_1,0,107,107_CC_1,104,4743.227099333,4914.798013954,171.570914621
1,poi_bus_120,120,Attila,lagging_095,0.95,19,2020-01-01T19:00:00+00:00,0,normal,normal,,base,continuous,188.895833333,62.087057951,905.491554147,-29.969999357,0,true,true,false,constraint_violation,0.955127101,308,1.07209379,210,0.02209379,0.944900353,AB1,0,101_STEAM_3,184.167987679,316_STEAM_1,0,107,107_CC_1,104,4638.293987333,4758.033545146,119.739557813
1,poi_bus_120,120,Attila,lagging_095,0.95,19,2020-01-01T19:00:00+00:00,1,branch_A11_immediate,branch,A11,fixed,short_term,188.895833333,62.087057951,905.491554147,-29.969999357,0,true,true,false,constraint_violation,0.955191549,308,1.067305192,210,0.017305192,1.504264269,AB1,28.854325804,107_CC_1,185.220314863,316_STEAM_1,0,107,107_CC_1,104,4638.293987333,4790.481646337,152.187659004
1,poi_bus_120,120,Attila,lagging_095,0.95,19,2020-01-01T19:00:00+00:00,2,branch_A11_sustained,branch,A11,bounded,continuous,188.895833333,62.087057951,905.491554147,100.000000001,0.000000001,true,true,false,constraint_violation,0.955458062,308,1.071156838,210,0.021156838,0.911017829,A10,13.343946577,123_STEAM_2,143.095377063,316_STEAM_1,106.343946577,123,123_STEAM_3,104,4638.293987333,4744.63793391,106.343946577
1,poi_bus_120,120,Attila,lagging_095,0.95,19,2020-01-01T19:00:00+00:00,3,branch_A12-1_immediate,branch,A12-1,fixed,short_term,188.895833333,62.087057951,905.491554147,-29.969999357,0,true,true,false,constraint_violation,0.955132675,308,1.071884419,210,0.021884419,0.799803482,AB1,0,101_STEAM_3,184.231220161,316_STEAM_1,0,107,107_CC_1,104,4638.293987333,4759.276027037,120.982039704
1,poi_bus_120,120,Attila,lagging_095,0.95,19,2020-01-01T19:00:00+00:00,4,branch_A12-1_sustained,branch,A12-1,bounded,continuous,188.895833333,62.087057951,905.491554147,-100,0,true,true,false,constraint_violation,0.9568,307,1.073521562,210,0.023521562,0.934035313,A10,0,101_STEAM_3,393.383172756,317_WIND_1,0,317,317_WIND_1,104,4638.293987333,4751.544275742,113.250288409
1,poi_bus_120,120,Attila,lagging_095,0.95,19,2020-01-01T19:00:00+00:00,5,branch_A34_immediate,branch,A34,fixed,short_term,188.895833333,62.087057951,905.491554147,-29.969999356,0,true,true,false,constraint_violation,0.95515286,308,1.072016696,210,0.022016696,0.800706937,A10,8.543355808,107_CC_1,184.499530256,316_STEAM_1,0,107,107_CC_1,104,4638.293987333,4770.170676341,131.876689008
1,poi_bus_120,120,Attila,lagging_095,0.95,19,2020-01-01T19:00:00+00:00,6,branch_A34_sustained,branch,A34,bounded,continuous,188.895833333,62.087057951,905.491554147,-100,0.000000001,true,true,false,constraint_violation,0.955797324,308,1.072720316,210,0.022720316,0.948144527,CA-1,0,101_STEAM_3,223.026328086,316_STEAM_1,0,107,107_CC_1,104,4638.293987333,4782.062312466,143.768325133
1,poi_bus_120,120,Attila,lagging_095,0.95,19,2020-01-01T19:00:00+00:00,7,branch_B12-1_immediate,branch,B12-1,fixed,short_term,188.895833333,62.087057951,905.491554147,-29.969999356,0.000000001,true,true,false,constraint_violation,0.871087391,207,1.061466977,110,0.078912609,0.801034713,A10,5.657362858,107_CC_1,184.115287416,316_STEAM_1,0,107,107_CC_1,104,4638.293987333,4767.284683391,128.990696058
1,poi_bus_120,120,Attila,lagging_095,0.95,19,2020-01-01T19:00:00+00:00,8,branch_B12-1_sustained,branch,B12-1,bounded,continuous,188.895833333,62.087057951,905.491554147,100,0,true,true,false,constraint_violation,0.872050117,207,1.062741897,110,0.077949883,1.001896223,B13-2,0,101_STEAM_3,128.393889591,316_STEAM_1,0,223,223_STEAM_3,104,4638.293987333,4748.220726383,109.92673905
1,poi_bus_120,120,Attila,lagging_095,0.95,19,2020-01-01T19:00:00+00:00,9,branch_B22_immediate,branch,B22,fixed,short_term,188.895833333,62.087057951,905.491554147,-29.969999356,0.000000001,true,true,false,constraint_violation,0.955167531,308,1.062958956,210,0.012958956,0.810383998,AB1,4.859019303,107_CC_1,184.737638458,316_STEAM_1,0,107,107_CC_1,104,4638.293987333,4766.486339836,128.192352503
1,poi_bus_120,120,Attila,lagging_095,0.95,19,2020-01-01T19:00:00+00:00,10,branch_B22_sustained,branch,B22,bounded,continuous,188.895833333,62.087057951,905.491554147,-100,0,true,true,false,constraint_violation,0.9568,307,1.066059587,110,0.016059587,0.932897867,A10,0,101_STEAM_3,393.044504803,317_WIND_1,0,317,317_WIND_1,104,4638.293987333,4754.456267965,116.162280632
1,poi_bus_120,120,Attila,lagging_095,0.95,19,2020-01-01T19:00:00+00:00,11,branch_B6_immediate,branch,B6,fixed,short_term,188.895833333,62.087057951,905.491554147,-29.969999357,0,true,true,false,constraint_violation,0.955103895,308,1.073041502,210,0.023041502,0.799206024,A10,0,101_STEAM_3,183.949603027,316_STEAM_1,0,107,107_CC_1,104,4638.293987333,4759.369153737,121.075166404
1,poi_bus_120,120,Attila,lagging_095,0.95,19,2020-01-01T19:00:00+00:00,12,branch_B6_sustained,branch,B6,bounded,continuous,188.895833333,62.087057951,905.491554147,-99.999999999,0.000000001,true,true,false,constraint_violation,0.952863715,308,1.072912482,210,0.022912482,0.932106148,A10,15.174383376,123_STEAM_2,202.767381236,316_STEAM_1,108.174383376,123,123_STEAM_3,104,4638.293987333,4746.468370709,108.174383376
1,poi_bus_120,120,Attila,lagging_095,0.95,19,2020-01-01T19:00:00+00:00,13,branch_C12-1_immediate,branch,C12-1,fixed,short_term,188.895833333,62.087057951,905.491554147,-29.969999356,0.000000001,true,true,false,constraint_violation,0.931917733,308,1.07201068,210,0.02201068,0.822671145,C13-2,8.313466119,107_CC_1,190.200401065,316_STEAM_1,0,107,107_CC_1,104,4638.293987333,4769.940786652,131.646799319
1,poi_bus_120,120,Attila,lagging_095,0.95,19,2020-01-01T19:00:00+00:00,14,branch_C12-1_sustained,branch,C12-1,bounded,continuous,188.895833333,62.087057951,905.491554147,-100,0.000000001,true,true,false,constraint_violation,0.938144726,308,1.072525783,210,0.022525783,1.017277272,CA-1,0,101_STEAM_3,251.685262927,316_STEAM_1,0,107,107_CC_1,104,4638.293987333,4782.101612161,143.807624828
1,poi_bus_120,120,Attila,lagging_095,0.95,19,2020-01-01T19:00:00+00:00,15,branch_C27_immediate,branch,C27,fixed,short_term,188.895833333,62.087057951,905.491554147,-29.969999356,0,true,true,false,constraint_violation,0.953733159,308,1.07184114,210,0.02184114,0.88758791,C29,20.863752471,107_CC_1,250.235209534,316_STEAM_1,0,107,107_CC_1,104,4638.293987333,4782.491073004,144.197085671
1,poi_bus_120,120,Attila,lagging_095,0.95,19,2020-01-01T19:00:00+00:00,16,branch_C27_sustained,branch,C27,bounded,continuous,188.895833333,62.087057951,905.491554147,-99.999999999,0.000000001,true,true,false,constraint_violation,0.951282924,308,1.07325906,210,0.02325906,1.019971295,C29,0,101_STEAM_3,266.143267851,316_STEAM_1,0,317,317_WIND_1,104,4638.293987334,4778.178557559,139.884570225
1,poi_bus_120,120,Attila,lagging_095,0.95,19,2020-01-01T19:00:00+00:00,17,branch_C6_immediate,branch,C6,fixed,short_term,188.895833333,62.087057951,905.491554147,-29.969999356,0.000000001,true,true,false,constraint_violation,0.954595175,308,1.072076439,210,0.022076439,0.8017832,A10,0,101_STEAM_3,186.517712567,316_STEAM_1,0,107,107_CC_1,104,4638.293987333,4759.94480551,121.650818177
1,poi_bus_120,120,Attila,lagging_095,0.95,19,2020-01-01T19:00:00+00:00,18,branch_C6_sustained,branch,C6,bounded,continuous,188.895833333,62.087057951,905.491554147,-100,0,true,true,false,constraint_violation,0.9568,307,1.073422918,210,0.023422918,0.932203607,A10,0,101_STEAM_3,393.742034776,317_WIND_1,0,317,317_WIND_1,104,4638.293987333,4752.968771458,114.674784125
1,poi_bus_120,120,Attila,lagging_095,0.95,19,2020-01-01T19:00:00+00:00,19,branch_CA-1_immediate,branch,CA-1,fixed,short_term,188.895833333,62.087057951,905.491554147,-29.969999356,0.000000001,true,true,false,constraint_violation,0.953775442,308,1.070066778,210,0.020066778,1.171552712,AB1,82.217277573,107_CC_1,316.869153817,316_STEAM_1,0,107,107_CC_1,104,4638.293987333,4843.844598106,205.550610773
1,poi_bus_120,120,Attila,lagging_095,0.95,19,2020-01-01T19:00:00+00:00,20,branch_CA-1_sustained,branch,CA-1,bounded,continuous,188.895833333,62.087057951,905.491554147,100,0,true,true,false,constraint_violation,0.9568,307,1.073374005,210,0.023374005,0.926922683,A10,0,101_STEAM_3,383.519902763,316_STEAM_1,0,317,317_WIND_1,104,4638.293987333,4783.436197397,145.142210064
1,poi_bus_120,120,Attila,lagging_095,0.95,19,2020-01-01T19:00:00+00:00,21,generator_121_NUCLEAR_1_sustained,generator,121_NUCLEAR_1,bounded,continuous,188.895833333,62.087057951,905.491554147,100.000000001,0.000000001,true,true,false,constraint_violation,0.955219708,308,1.071856155,210,0.021856155,0.912248771,A10,0,101_STEAM_3,157.965206269,316_STEAM_1,0,107,107_CC_1,103,4638.293987333,4737.20594721,98.911959877
1,poi_bus_120,120,Attila,lagging_095,0.95,19,2020-01-01T19:00:00+00:00,22,generator_213_CC_3_sustained,generator,213_CC_3,bounded,continuous,188.895833333,62.087057951,905.491554147,100,0,true,true,false,constraint_violation,0.955062129,308,1.073104776,210,0.023104776,0.924971381,A10,0,101_STEAM_3,410.355327264,317_WIND_1,0,317,317_WIND_1,104,4638.293987333,4743.515704822,105.221717489
1,poi_bus_120,120,Attila,lagging_095,0.95,19,2020-01-01T19:00:00+00:00,23,generator_313_CC_1_sustained,generator,313_CC_1,bounded,continuous,188.895833333,62.087057951,905.491554147,-99.999999999,0.000000001,true,true,false,constraint_violation,0.933558164,312,1.073368326,210,0.023368326,1.132455821,C27,0,101_STEAM_3,527.174812204,316_STEAM_1,0,317,317_WIND_1,103,4638.293987333,4779.976167012,141.682179679
1,poi_bus_120,120,Attila,lagging_095,0.95,20,2020-01-01T20:00:00+00:00,0,normal,normal,,base,continuous,189.041666667,62.13499105,873.422843137,-35.025198361,0,true,true,false,constraint_violation,0.9568,307,1.074226264,210,0.024226264,0.979879119,C27,0,101_STEAM_3,16.761002104,101_STEAM_3,0,107,107_CC_1,102,4480.860809667,4587.856235353,106.995425686
1,poi_bus_120,120,Attila,lagging_095,0.95,20,2020-01-01T20:00:00+00:00,1,branch_A11_immediate,branch,A11,fixed,short_term,189.041666667,62.13499105,873.422843137,-35.02519836,0.000000001,true,true,false,constraint_violation,0.9568,307,1.07182187,210,0.02182187,1.094503558,AB1,0,101_STEAM_3,18.62376937,321_CC_1,0,107,107_CC_1,102,4480.860809667,4604.485302446,123.624492779
1,poi_bus_120,120,Attila,lagging_095,0.95,20,2020-01-01T20:00:00+00:00,2,branch_A11_sustained,branch,A11,bounded,continuous,189.041666667,62.13499105,873.422843137,100.000000001,0.000000001,true,true,false,constraint_violation,0.954352272,308,1.074279242,210,0.024279242,0.916485715,A10,0,101_STEAM_3,239.029040197,317_WIND_1,0,317,317_WIND_1,102,4480.860809667,4591.924935483,111.064125816
1,poi_bus_120,120,Attila,lagging_095,0.95,20,2020-01-01T20:00:00+00:00,3,branch_A12-1_immediate,branch,A12-1,fixed,short_term,189.041666667,62.13499105,873.422843137,-35.02519836,0.000000001,true,true,false,constraint_violation,0.9568,307,1.074162897,210,0.024162897,0.805977221,A10,0,101_STEAM_3,16.598013795,101_STEAM_3,0,107,107_CC_1,102,4480.860809667,4588.188253685,107.327444018
1,poi_bus_120,120,Attila,lagging_095,0.95,20,2020-01-01T20:00:00+00:00,4,branch_A12-1_sustained,branch,A12-1,bounded,continuous,189.041666667,62.13499105,873.422843137,-100,0,true,true,false,constraint_violation,0.9568,307,1.075319903,210,0.025319903,0.934689894,A10,0,101_STEAM_3,212.000454955,317_WIND_1,0,317,317_WIND_1,102,4480.860809667,4588.61796096,107.757151293
1,poi_bus_120,120,Attila,lagging_095,0.95,20,2020-01-01T20:00:00+00:00,5,branch_A34_immediate,branch,A34,fixed,short_term,189.041666667,62.13499105,873.422843137,-35.025198361,0,true,true,false,constraint_violation,0.9568,307,1.074163372,210,0.024163372,0.807751068,A10,0,101_STEAM_3,17.693151701,321_CC_1,0,107,107_CC_1,102,4480.860809667,4603.843911225,122.983101558
1,poi_bus_120,120,Attila,lagging_095,0.95,20,2020-01-01T20:00:00+00:00,6,branch_A34_sustained,branch,A34,bounded,continuous,189.041666667,62.13499105,873.422843137,-100,0.000000001,true,true,false,constraint_violation,0.953357621,308,1.075218526,210,0.025218526,0.932611582,A10,0,101_STEAM_3,230.496450817,321_CC_1,0,317,317_WIND_1,102,4480.860809667,4617.105337707,136.24452804
1,poi_bus_120,120,Attila,lagging_095,0.95,20,2020-01-01T20:00:00+00:00,7,branch_B12-1_immediate,branch,B12-1,fixed,short_term,189.041666667,62.13499105,873.422843137,-35.02519836,0,true,true,false,constraint_violation,0.883527522,207,1.063698938,110,0.066472478,0.808544828,A10,0,101_STEAM_3,16.671239553,101_STEAM_3,0,107,107_CC_1,102,4480.860809667,4595.954740256,115.093930589
1,poi_bus_120,120,Attila,lagging_095,0.95,20,2020-01-01T20:00:00+00:00,8,branch_B12-1_sustained,branch,B12-1,bounded,continuous,189.041666667,62.13499105,873.422843137,100,0,true,true,false,constraint_violation,0.884860659,207,1.063542492,110,0.065139341,0.966649378,B13-2,22.232813125,223_STEAM_2,28.39599118,321_CC_1,115.232813125,223,223_STEAM_3,102,4480.860809667,4596.093622792,115.232813125
1,poi_bus_120,120,Attila,lagging_095,0.95,20,2020-01-01T20:00:00+00:00,9,branch_B22_immediate,branch,B22,fixed,short_term,189.041666667,62.13499105,873.422843137,-35.02519836,0,true,true,false,constraint_violation,0.9568,307,1.06533725,210,0.01533725,0.810034848,A10,0,101_STEAM_3,18.270312371,321_CC_1,0,107,107_CC_1,102,4480.860809667,4596.582223049,115.721413382
1,poi_bus_120,120,Attila,lagging_095,0.95,20,2020-01-01T20:00:00+00:00,10,branch_B22_sustained,branch,B22,bounded,continuous,189.041666667,62.13499105,873.422843137,-100,0,true,true,false,constraint_violation,0.953739662,308,1.070163802,110,0.020163802,1.039379391,C27,0,101_STEAM_3,101.723945468,321_CC_1,0,107,107_CC_1,102,4480.860809667,4608.388699449,127.527889782
1,poi_bus_120,120,Attila,lagging_095,0.95,20,2020-01-01T20:00:00+00:00,11,branch_B6_immediate,branch,B6,fixed,short_term,189.041666667,62.13499105,873.422843137,-35.025198361,0,true,true,false,constraint_violation,0.9568,307,1.074733651,210,0.024733651,0.807464585,A10,0,101_STEAM_3,16.543564306,101_STEAM_3,0,107,107_CC_1,102,4480.860809667,4588.559728527,107.69891886
1,poi_bus_120,120,Attila,lagging_095,0.95,20,2020-01-01T20:00:00+00:00,12,branch_B6_sustained,branch,B6,bounded,continuous,189.041666667,62.13499105,873.422843137,-100,0.000000001,true,true,false,constraint_violation,0.956585275,308,1.075297021,210,0.025297021,0.931969784,A10,0,101_STEAM_3,222.714606726,321_CC_1,0,317,317_WIND_1,102,4480.860809667,4597.383274644,116.522464977
1,poi_bus_120,120,Attila,lagging_095,0.95,20,2020-01-01T20:00:00+00:00,13,branch_C12-1_immediate,branch,C12-1,fixed,short_term,189.041666667,62.13499105,873.422843137,-35.02519836,0.000000001,true,true,false,constraint_violation,0.937419952,308,1.074183545,210,0.024183545,0.808496073,A10,0,101_STEAM_3,41.08797755,307_CT_1,0,107,107_CC_1,102,4480.860809667,4597.417261936,116.556452269
1,poi_bus_120,120,Attila,lagging_095,0.95,20,2020-01-01T20:00:00+00:00,14,branch_C12-1_sustained,branch,C12-1,bounded,continuous,189.041666667,62.13499105,873.422843137,-100,0.000000001,true,true,false,constraint_violation,0.941672094,308,1.073663898,210,0.023663898,0.960835366,AB1,0,101_STEAM_3,242.779932336,321_CC_1,0,317,317_WIND_1,102,4480.860809667,4612.7234219,131.862612233
1,poi_bus_120,120,Attila,lagging_095,0.95,20,2020-01-01T20:00:00+00:00,15,branch_C27_immediate,branch,C27,fixed,short_term,189.041666667,62.13499105,873.422843137,-35.025198361,0.000000002,true,true,false,constraint_violation,0.955509541,308,1.073910432,210,0.023910432,0.992666964,C29,0,101_STEAM_3,139.748571237,321_CC_1,0,107,107_CC_1,102,4480.860809667,4616.096354705,135.235545038
1,poi_bus_120,120,Attila,lagging_095,0.95,20,2020-01-01T20:00:00+00:00,16,branch_C27_sustained,branch,C27,bounded,continuous,189.041666667,62.13499105,873.422843137,-100,0.000000001,true,true,false,constraint_violation,0.955329639,308,1.07460681,210,0.02460681,0.971866009,CA-1,0,101_STEAM_3,274.878653588,321_CC_1,0,317,317_WIND_1,102,4480.860809667,4609.581314193,128.720504525
1,poi_bus_120,120,Attila,lagging_095,0.95,20,2020-01-01T20:00:00+00:00,17,branch_C6_immediate,branch,C6,fixed,short_term,189.041666667,62.13499105,873.422843137,-35.025198361,0.000000001,true,true,false,constraint_violation,0.9568,307,1.074195695,210,0.024195695,0.808887966,A10,0,101_STEAM_3,16.950334913,321_CC_1,0,107,107_CC_1,102,4480.860809667,4591.489957283,110.629147616
1,poi_bus_120,120,Attila,lagging_095,0.95,20,2020-01-01T20:00:00+00:00,18,branch_C6_sustained,branch,C6,bounded,continuous,189.041666667,62.13499105,873.422843137,-100,0.000000001,true,true,false,constraint_violation,0.9568,307,1.075228664,210,0.025228664,0.92756108,A10,0,101_STEAM_3,215.494690438,317_WIND_1,0,317,317_WIND_1,102,4480.860809667,4586.034909651,105.174099984
1,poi_bus_120,120,Attila,lagging_095,0.95,20,2020-01-01T20:00:00+00:00,19,branch_CA-1_immediate,branch,CA-1,fixed,short_term,189.041666667,62.13499105,873.422843137,-35.02519836,0.000000001,true,true,false,constraint_violation,0.955998907,308,1.073793499,210,0.023793499,1.052133453,C27,0,101_STEAM_3,154.993072778,321_CC_1,0,107,107_CC_1,102,4480.860809667,4641.959634056,161.098824389
1,poi_bus_120,120,Attila,lagging_095,0.95,20,2020-01-01T20:00:00+00:00,20,branch_CA-1_sustained,branch,CA-1,bounded,continuous,189.041666667,62.13499105,873.422843137,100,0.000000001,true,true,false,constraint_violation,0.9568,307,1.073744373,210,0.023744373,1.013564911,C27,0,101_STEAM_3,21.896249761,321_CC_1,0,122,122_WIND_1,102,4480.860809667,4577.468622735,96.607813068
1,poi_bus_120,120,Attila,lagging_095,0.95,20,2020-01-01T20:00:00+00:00,21,generator_121_NUCLEAR_1_sustained,generator,121_NUCLEAR_1,bounded,continuous,189.041666667,62.13499105,873.422843137,99.999999999,0,true,true,false,constraint_violation,0.955367013,308,1.07406023,210,0.02406023,1.029351988,C27,0,101_STEAM_3,47.427388366,321_CC_1,0,107,107_CC_1,101,4480.860809667,4583.012005225,102.151195558
1,poi_bus_120,120,Attila,lagging_095,0.95,20,2020-01-01T20:00:00+00:00,22,generator_213_CC_3_sustained,generator,213_CC_3,bounded,continuous,189.041666667,62.13499105,873.422843137,100,0.000000002,true,true,false,constraint_violation,0.9568,307,1.07493123,210,0.02493123,0.926131952,A10,0,101_STEAM_3,245.142269398,317_WIND_1,0,317,317_WIND_1,102,4480.860809667,4580.856310264,99.995500597
1,poi_bus_120,120,Attila,lagging_095,0.95,20,2020-01-01T20:00:00+00:00,23,generator_313_CC_1_sustained,generator,313_CC_1,bounded,continuous,189.041666667,62.13499105,873.422843137,13.008319796,0,true,true,false,constraint_violation,0.95400651,308,1.074034528,210,0.024034528,0.987806878,CA-1,0,101_STEAM_3,221.443612891,317_WIND_1,0,317,317_WIND_1,101,4480.860809667,4624.326924771,143.466115104
1,poi_bus_120,120,Attila,lagging_095,0.95,21,2020-01-01T21:00:00+00:00,0,normal,normal,,base,continuous,188.895833333,62.087057951,817.335364035,-100,0.000000001,true,true,false,constraint_violation,0.895090246,307,1.078226064,210,0.054909754,0.92800764,A10,0,101_STEAM_3,17.854103261,101_STEAM_3,0,107,107_CC_1,99,4205.112708333,4307.691872872,102.579164539
1,poi_bus_120,120,Attila,lagging_095,0.95,21,2020-01-01T21:00:00+00:00,1,branch_A11_immediate,branch,A11,fixed,short_term,188.895833333,62.087057951,817.335364035,-100,0,true,true,false,constraint_violation,0.894964276,307,1.075590215,210,0.055035724,1.102574822,AB1,0,101_STEAM_3,18.093335902,101_STEAM_3,0,107,107_CC_1,99,4205.112708333,4324.690402169,119.577693836
1,poi_bus_120,120,Attila,lagging_095,0.95,21,2020-01-01T21:00:00+00:00,2,branch_A11_sustained,branch,A11,bounded,continuous,188.895833333,62.087057951,817.335364035,-100.000000001,0,true,true,false,constraint_violation,0.893572973,307,1.077236947,210,0.056427027,1.002437711,AB1,14.394163248,223_STEAM_1,18.029212194,101_STEAM_3,107.394163248,223,223_STEAM_3,99,4205.112708333,4312.506871581,107.394163248
1,poi_bus_120,120,Attila,lagging_095,0.95,21,2020-01-01T21:00:00+00:00,3,branch_A12-1_immediate,branch,A12-1,fixed,short_term,188.895833333,62.087057951,817.335364035,-100.000000001,0,true,true,false,constraint_violation,0.895083772,307,1.078123341,210,0.054916228,0.80760714,A10,0,101_STEAM_3,17.693466216,101_STEAM_3,0,107,107_CC_1,99,4205.112708333,4308.202882389,103.090174056
1,poi_bus_120,120,Attila,lagging_095,0.95,21,2020-01-01T21:00:00+00:00,4,branch_A12-1_sustained,branch,A12-1,bounded,continuous,188.895833333,62.087057951,817.335364035,-100,0,true,true,false,constraint_violation,0.899691154,307,1.079528555,210,0.050308846,0.939701442,A10,4.453599398,223_STEAM_1,18.574148494,101_STEAM_3,97.453599398,223,223_STEAM_3,99,4205.112708333,4302.566307731,97.453599398
1,poi_bus_120,120,Attila,lagging_095,0.95,21,2020-01-01T21:00:00+00:00,5,branch_A34_immediate,branch,A34,fixed,short_term,188.895833333,62.087057951,817.335364035,-100.000000001,0,true,true,false,constraint_violation,0.895029478,307,1.078154749,210,0.054970522,0.810392745,A10,0,101_STEAM_3,17.451174021,101_STEAM_3,0,107,107_CC_1,99,4205.112708333,4321.512798316,116.400089983
1,poi_bus_120,120,Attila,lagging_095,0.95,21,2020-01-01T21:00:00+00:00,6,branch_A34_sustained,branch,A34,bounded,continuous,188.895833333,62.087057951,817.335364035,-100.000000001,0,true,true,false,constraint_violation,0.894527416,307,1.078864662,210,0.055472584,0.917701488,A10,0,101_STEAM_3,72.891057279,317_WIND_1,0,317,317_WIND_1,99,4205.112708333,4307.433373852,102.320665519
1,poi_bus_120,120,Attila,lagging_095,0.95,21,2020-01-01T21:00:00+00:00,7,branch_B12-1_immediate,branch,B12-1,fixed,short_term,188.895833333,62.087057951,817.335364035,-100.000000001,0,true,true,false,constraint_violation,0.895097587,307,1.065793096,110,0.054902413,0.811323673,A10,0,101_STEAM_3,17.767291569,101_STEAM_3,0,107,107_CC_1,99,4205.112708333,4314.297231408,109.184523075
1,poi_bus_120,120,Attila,lagging_095,0.95,21,2020-01-01T21:00:00+00:00,8,branch_B12-1_sustained,branch,B12-1,bounded,continuous,188.895833333,62.087057951,817.335364035,-100,0,true,true,false,constraint_violation,0.896579264,307,1.067625718,110,0.053420736,1.003529571,C27,0,101_STEAM_3,18.037010959,101_STEAM_3,0,122,122_WIND_1,99,4205.112708333,4295.013764992,89.901056659
1,poi_bus_120,120,Attila,lagging_095,0.95,21,2020-01-01T21:00:00+00:00,9,branch_B22_immediate,branch,B22,fixed,short_term,188.895833333,62.087057951,817.335364035,-100,0,true,true,false,constraint_violation,0.894999825,307,1.070614906,210,0.055000175,0.812807021,A10,0,101_STEAM_3,17.949384885,101_STEAM_3,0,107,107_CC_1,99,4205.112708333,4314.830355266,109.717646933
1,poi_bus_120,120,Attila,lagging_095,0.95,21,2020-01-01T21:00:00+00:00,10,branch_B22_sustained,branch,B22,bounded,continuous,188.895833333,62.087057951,817.335364035,100,0.000000001,true,true,false,constraint_violation,0.895827138,307,1.069003946,210,0.054172862,0.930592345,A10,0,101_STEAM_3,17.85445295,101_STEAM_3,0,123,123_STEAM_3,99,4205.112708333,4315.885584799,110.772876466
1,poi_bus_120,120,Attila,lagging_095,0.95,21,2020-01-01T21:00:00+00:00,11,branch_B6_immediate,branch,B6,fixed,short_term,188.895833333,62.087057951,817.335364035,-100,0.000000001,true,true,false,constraint_violation,0.895121087,307,1.079075973,210,0.054878913,0.810009823,A10,0,101_STEAM_3,17.600374365,101_STEAM_3,0,107,107_CC_1,99,4205.112708333,4308.432146172,103.319437839
1,poi_bus_120,120,Attila,lagging_095,0.95,21,2020-01-01T21:00:00+00:00,12,branch_B6_sustained,branch,B6,bounded,continuous,188.895833333,62.087057951,817.335364035,-100,0,true,true,false,constraint_violation,0.891473221,307,1.079009327,210,0.058526779,0.927719088,CA-1,0,101_STEAM_3,16.269774538,101_STEAM_3,0,317,317_WIND_1,99,4205.112708333,4334.713205256,129.600496923
1,poi_bus_120,120,Attila,lagging_095,0.95,21,2020-01-01T21:00:00+00:00,13,branch_C12-1_immediate,branch,C12-1,fixed,short_term,188.895833333,62.087057951,817.335364035,-100,0.000000001,true,false,false,not_converged,,,,,,,,,,,,,107,107_CC_1,99,,,
1,poi_bus_120,120,Attila,lagging_095,0.95,21,2020-01-01T21:00:00+00:00,14,branch_C12-1_sustained,branch,C12-1,bounded,continuous,188.895833333,62.087057951,817.335364035,-100,0,true,false,false,not_converged,,,,,,,,,,,,,303,303_WIND_1,99,,,
1,poi_bus_120,120,Attila,lagging_095,0.95,21,2020-01-01T21:00:00+00:00,15,branch_C27_immediate,branch,C27,fixed,short_term,188.895833333,62.087057951,817.335364035,-100,0.000000001,true,true,false,constraint_violation,0.87807412,307,1.077943472,210,0.07192588,0.994649599,C29,0,101_STEAM_3,17.248957281,101_STEAM_3,0,107,107_CC_1,99,4205.112708333,4337.998022854,132.885314521
1,poi_bus_120,120,Attila,lagging_095,0.95,21,2020-01-01T21:00:00+00:00,16,branch_C27_sustained,branch,C27,bounded,continuous,188.895833333,62.087057951,817.335364035,99.999999999,0,true,true,false,constraint_violation,0.892491147,307,1.078623833,210,0.057508853,0.926610343,A10,0,101_STEAM_3,85.176877595,317_WIND_1,0,317,317_WIND_1,99,4205.112708333,4301.958319511,96.845611178
1,poi_bus_120,120,Attila,lagging_095,0.95,21,2020-01-01T21:00:00+00:00,17,branch_C6_immediate,branch,C6,fixed,short_term,188.895833333,62.087057951,817.335364035,-100,0.000000001,true,true,false,constraint_violation,0.884146654,307,1.078163204,210,0.065853346,0.810989169,A10,0,101_STEAM_3,17.728738136,101_STEAM_3,0,107,107_CC_1,99,4205.112708333,4316.563273645,111.450565312
1,poi_bus_120,120,Attila,lagging_095,0.95,21,2020-01-01T21:00:00+00:00,18,branch_C6_sustained,branch,C6,bounded,continuous,188.895833333,62.087057951,817.335364035,-100.000000001,0,true,true,false,constraint_violation,0.895228713,307,1.078408495,210,0.054771287,0.992503731,C27,0,101_STEAM_3,18.518260041,101_STEAM_3,0,303,303_WIND_1,99,4205.112708334,4298.592048414,93.47934008
1,poi_bus_120,120,Attila,lagging_095,0.95,21,2020-01-01T21:00:00+00:00,19,branch_CA-1_immediate,branch,CA-1,fixed,short_term,188.895833333,62.087057951,817.335364035,-100,0,true,true,false,constraint_violation,0.874237918,307,1.077158919,210,0.075762082,1.00129556,C27,0,101_STEAM_3,21.23672407,322_HYDRO_1,0,107,107_CC_1,99,4205.112708333,4371.553350035,166.440641702
1,poi_bus_120,120,Attila,lagging_095,0.95,21,2020-01-01T21:00:00+00:00,20,branch_CA-1_sustained,branch,CA-1,bounded,continuous,188.895833333,62.087057951,817.335364035,90.003520666,0.000000002,true,true,false,constraint_violation,0.888835657,307,1.078802114,210,0.061164343,0.932956267,A10,0,101_STEAM_3,28.27676457,317_WIND_1,0,317,317_WIND_1,99,4205.112708333,4336.064454778,130.951746445
1,poi_bus_120,120,Attila,lagging_095,0.95,21,2020-01-01T21:00:00+00:00,21,generator_121_NUCLEAR_1_sustained,generator,121_NUCLEAR_1,bounded,continuous,188.895833333,62.087057951,817.335364035,-100,0.000000001,true,true,false,constraint_violation,0.8950207,307,1.077748583,210,0.0549793,0.983270748,C27,0,101_STEAM_3,14.874693214,102_STEAM_3,0,303,303_WIND_1,98,4205.112708333,4304.199295719,99.086587386
1,poi_bus_120,120,Attila,lagging_095,0.95,21,2020-01-01T21:00:00+00:00,22,generator_213_CC_3_sustained,generator,213_CC_3,bounded,continuous,188.895833333,62.087057951,817.335364035,100,0,true,true,false,constraint_violation,0.901299667,307,1.077995175,210,0.048700333,0.929584999,A10,0,101_STEAM_3,17.621596519,101_STEAM_3,0,123,123_STEAM_3,99,4205.112708333,4297.916811321,92.804102988
1,poi_bus_120,120,Attila,lagging_095,0.95,21,2020-01-01T21:00:00+00:00,23,generator_313_CC_1_sustained,generator,313_CC_1,bounded,continuous,188.895833333,62.087057951,817.335364035,2.291375361,0,true,true,false,constraint_violation,0.785068647,307,1.076794875,210,0.164931353,1.052623588,C27,0,101_STEAM_3,204.690772871,216_STEAM_1,0,107,107_CC_1,98,4205.112708333,4340.745775648,135.633067315
1,poi_bus_120,120,Attila,lagging_095,0.95,22,2020-01-01T22:00:00+00:00,0,normal,normal,,base,continuous,186.645833333,61.347518714,754.430540512,-100,0.000000001,true,true,false,constraint_violation,0.927156329,307,1.082113319,210,0.032113319,0.933424588,A10,0,101_STEAM_3,19.047915095,101_STEAM_3,0,107,107_CC_1,98,3893.761420333,3997.683638118,103.922217785
1,poi_bus_120,120,Attila,lagging_095,0.95,22,2020-01-01T22:00:00+00:00,1,branch_A11_immediate,branch,A11,fixed,short_term,186.645833333,61.347518714,754.430540512,-100.000000001,0.000000001,true,true,false,constraint_violation,0.927124741,307,1.079317562,210,0.029317562,1.117185968,AB1,0,101_STEAM_3,19.59379952,101_STEAM_3,0,107,107_CC_1,98,3893.761420333,4014.770323944,121.008903611
1,poi_bus_120,120,Attila,lagging_095,0.95,22,2020-01-01T22:00:00+00:00,2,branch_A11_sustained,branch,A11,bounded,continuous,186.645833333,61.347518714,754.430540512,-100,0.000000001,true,true,false,constraint_violation,0.927838105,307,1.080390099,210,0.030390099,1.002701315,AB1,0,101_STEAM_3,19.523203531,101_STEAM_3,0,122,122_WIND_1,98,3893.761420333,3978.73426891,84.972848577
1,poi_bus_120,120,Attila,lagging_095,0.95,22,2020-01-01T22:00:00+00:00,3,branch_A12-1_immediate,branch,A12-1,fixed,short_term,186.645833333,61.347518714,754.430540512,-100,0.000000001,true,true,false,constraint_violation,0.927155616,307,1.081985881,210,0.031985881,0.811544417,A10,0,101_STEAM_3,18.873569935,101_STEAM_3,0,107,107_CC_1,98,3893.761420333,3998.298771893,104.53735156
1,poi_bus_120,120,Attila,lagging_095,0.95,22,2020-01-01T22:00:00+00:00,4,branch_A12-1_sustained,branch,A12-1,bounded,continuous,186.645833333,61.347518714,754.430540512,-100,0.000000001,true,true,false,constraint_violation,0.923098517,307,1.082918121,210,0.032918121,0.944319678,A10,0,101_STEAM_3,19.828907162,101_STEAM_3,0,303,303_WIND_1,98,3893.761420333,3991.6162603,97.854839967
1,poi_bus_120,120,Attila,lagging_095,0.95,22,2020-01-01T22:00:00+00:00,5,branch_A34_immediate,branch,A34,fixed,short_term,186.645833333,61.347518714,754.430540512,-100,0.000000001,true,true,false,constraint_violation,0.927132159,307,1.081914889,210,0.031914889,0.952663912,A30,0,101_STEAM_3,28.196859117,121_NUCLEAR_1,0,107,107_CC_1,98,3893.761420333,4028.961309669,135.199889336
1,poi_bus_120,120,Attila,lagging_095,0.95,22,2020-01-01T22:00:00+00:00,6,branch_A34_sustained,branch,A34,bounded,continuous,186.645833333,61.347518714,754.430540512,100,0.000000002,true,true,false,constraint_violation,0.916172617,307,1.082483931,210,0.033827383,1.009731022,A30,0,101_STEAM_3,77.961075933,317_WIND_1,0,317,317_WIND_1,98,3893.761420333,4006.005233359,112.243813026
1,poi_bus_120,120,Attila,lagging_095,0.95,22,2020-01-01T22:00:00+00:00,7,branch_B12-1_immediate,branch,B12-1,fixed,short_term,186.645833333,61.347518714,754.430540512,-100,0.000000002,true,true,false,constraint_violation,0.927156753,307,1.067633987,210,0.022843247,0.816103378,A10,0,101_STEAM_3,18.972414863,101_STEAM_3,0,107,107_CC_1,98,3893.761420333,4002.924807392,109.163387059
1,poi_bus_120,120,Attila,lagging_095,0.95,22,2020-01-01T22:00:00+00:00,8,branch_B12-1_sustained,branch,B12-1,bounded,continuous,186.645833333,61.347518714,754.430540512,-99.999999999,0,true,true,false,constraint_violation,0.911625425,307,1.068658004,110,0.038374575,0.940036511,A10,0,101_STEAM_3,23.599853598,317_WIND_1,0,317,317_WIND_1,98,3893.761420333,4009.169588661,115.408168328
1,poi_bus_120,120,Attila,lagging_095,0.95,22,2020-01-01T22:00:00+00:00,9,branch_B22_immediate,branch,B22,fixed,short_term,186.645833333,61.347518714,754.430540512,-99.999999999,0,true,true,false,constraint_violation,0.927138252,307,1.075461728,210,0.025461728,0.81758522,A10,0,101_STEAM_3,19.118183198,101_STEAM_3,0,107,107_CC_1,98,3893.761420333,4004.212917346,110.451497013
1,poi_bus_120,120,Attila,lagging_095,0.95,22,2020-01-01T22:00:00+00:00,10,branch_B22_sustained,branch,B22,bounded,continuous,186.645833333,61.347518714,754.430540512,-100,0.000000001,true,true,false,constraint_violation,0.918908933,307,1.076732028,210,0.031091067,0.940919409,A10,0,101_STEAM_3,20.095871098,101_STEAM_3,0,303,303_WIND_1,98,3893.761420333,4012.560875746,118.799455413
1,poi_bus_120,120,Attila,lagging_095,0.95,22,2020-01-01T22:00:00+00:00,11,branch_B6_immediate,branch,B6,fixed,short_term,186.645833333,61.347518714,754.430540512,-100,0.000000001,true,true,false,constraint_violation,0.927156589,307,1.083320717,210,0.033320717,0.814700029,A10,0,101_STEAM_3,18.811479282,101_STEAM_3,0,107,107_CC_1,98,3893.761420333,3998.210788551,104.449368218
1,poi_bus_120,120,Attila,lagging_095,0.95,22,2020-01-01T22:00:00+00:00,12,branch_B6_sustained,branch,B6,bounded,continuous,186.645833333,61.347518714,754.430540512,-100,0.000000001,true,true,false,constraint_violation,0.915836751,307,1.082918359,210,0.034163249,1.003003612,C27,0,101_STEAM_3,17.042774835,101_STEAM_3,0,122,122_WIND_1,98,3893.761420334,3986.638853686,92.877433352
1,poi_bus_120,120,Attila,lagging_095,0.95,22,2020-01-01T22:00:00+00:00,13,branch_C12-1_immediate,branch,C12-1,fixed,short_term,186.645833333,61.347518714,754.430540512,-100.000000001,0.000000001,true,true,false,constraint_violation,0.744168298,307,1.082009943,210,0.205831702,0.900892484,C13-2,0,101_STEAM_3,18.870023143,101_STEAM_3,0,107,107_CC_1,98,3893.761420333,4014.127932445,120.366512112
1,poi_bus_120,120,Attila,lagging_095,0.95,22,2020-01-01T22:00:00+00:00,14,branch_C12-1_sustained,branch,C12-1,bounded,continuous,186.645833333,61.347518714,754.430540512,-100,0.000000001,true,true,false,constraint_violation,0.707377321,307,1.082840415,210,0.242622679,1.16516296,C13-2,0,101_STEAM_3,20.009726054,101_STEAM_3,0,317,317_WIND_1,98,3893.761420333,4021.929209349,128.167789016
1,poi_bus_120,120,Attila,lagging_095,0.95,22,2020-01-01T22:00:00+00:00,15,branch_C27_immediate,branch,C27,fixed,short_term,186.645833333,61.347518714,754.430540512,-100,0,true,true,false,constraint_violation,0.913919266,307,1.081867715,210,0.036080734,0.995484293,C29,0,101_STEAM_3,18.687074446,101_STEAM_3,0,107,107_CC_1,98,3893.761420333,4022.548805853,128.78738552
1,poi_bus_120,120,Attila,lagging_095,0.95,22,2020-01-01T22:00:00+00:00,16,branch_C27_sustained,branch,C27,bounded,continuous,186.645833333,61.347518714,754.430540512,-100,0,true,true,false,constraint_violation,0.913783938,307,1.081499895,210,0.036216062,1.00210026,CA-1,0,101_STEAM_3,52.196226045,121_NUCLEAR_1,0,317,317_WIND_1,98,3893.761420334,4029.334415241,135.572994907
1,poi_bus_120,120,Attila,lagging_095,0.95,22,2020-01-01T22:00:00+00:00,17,branch_C6_immediate,branch,C6,fixed,short_term,186.645833333,61.347518714,754.430540512,-100,0,true,true,false,constraint_violation,0.920370608,307,1.08207339,210,0.03207339,0.816090113,A10,0,101_STEAM_3,18.990628226,101_STEAM_3,0,107,107_CC_1,98,3893.761420333,4002.706830363,108.94541003
1,poi_bus_120,120,Attila,lagging_095,0.95,22,2020-01-01T22:00:00+00:00,18,branch_C6_sustained,branch,C6,bounded,continuous,186.645833333,61.347518714,754.430540512,-100,0.000000001,true,true,false,constraint_violation,0.918175732,307,1.082852771,210,0.032852771,0.940504523,A10,0,101_STEAM_3,48.589577059,317_WIND_1,0,317,317_WIND_1,98,3893.761420333,4000.416742662,106.655322329
1,poi_bus_120,120,Attila,lagging_095,0.95,22,2020-01-01T22:00:00+00:00,19,branch_CA-1_immediate,branch,CA-1,fixed,short_term,186.645833333,61.347518714,754.430540512,-100,0,true,true,false,constraint_violation,0.912996781,307,1.08122871,210,0.037003219,0.944349379,C27,0,101_STEAM_3,42.311252721,123_STEAM_2,0,107,107_CC_1,98,3893.761420333,4049.393935234,155.632514901
1,poi_bus_120,120,Attila,lagging_095,0.95,22,2020-01-01T22:00:00+00:00,20,branch_CA-1_sustained,branch,CA-1,bounded,continuous,186.645833333,61.347518714,754.430540512,97.460376667,0,true,true,false,constraint_violation,0.920937362,307,1.082692048,210,0.032692048,0.939410068,A10,0,101_STEAM_3,31.139315728,123_STEAM_2,0,317,317_WIND_1,98,3893.761420333,4026.128746945,132.367326612
1,poi_bus_120,120,Attila,lagging_095,0.95,22,2020-01-01T22:00:00+00:00,21,generator_121_NUCLEAR_1_sustained,generator,121_NUCLEAR_1,bounded,continuous,186.645833333,61.347518714,754.430540512,-100,0.000000001,true,true,false,constraint_violation,0.92792825,307,1.082204605,210,0.032204605,0.998354809,C27,0,101_STEAM_3,17.770793645,101_STEAM_3,0,122,122_WIND_1,97,3893.761420333,3974.39918524,80.637764907
1,poi_bus_120,120,Attila,lagging_095,0.95,22,2020-01-01T22:00:00+00:00,22,generator_213_CC_3_sustained,generator,213_CC_3,bounded,continuous,186.645833333,61.347518714,754.430540512,-100,0.000000001,true,true,false,constraint_violation,0.919811635,307,1.081115855,210,0.031115855,0.983060539,C27,0,101_STEAM_3,18.25581828,101_STEAM_3,0,303,303_WIND_1,98,3893.761420333,4014.971631373,121.21021104
1,poi_bus_120,120,Attila,lagging_095,0.95,22,2020-01-01T22:00:00+00:00,23,generator_313_CC_1_sustained,generator,313_CC_1,bounded,continuous,186.645833333,61.347518714,754.430540512,100,0.000000001,true,true,false,constraint_violation,0.879280685,307,1.081611078,210,0.070719315,0.948654224,C27,0,101_STEAM_3,17.594381103,101_STEAM_3,0,107,107_CC_1,97,3893.761420333,4015.980592388,122.219172055
1,poi_bus_120,120,Attila,lagging_095,0.95,23,2020-01-01T23:00:00+00:00,0,normal,normal,,base,continuous,183,60.149191248,702.837257408,-100,0,true,true,false,constraint_violation,0.954468136,307,1.086095758,210,0.036095758,0.94025628,A10,0,101_STEAM_3,19.938130058,101_STEAM_3,0,221,221_CC_1,97,3636.5968683,3728.341778382,91.744910082
1,poi_bus_120,120,Attila,lagging_095,0.95,23,2020-01-01T23:00:00+00:00,1,branch_A11_immediate,branch,A11,fixed,short_term,183,60.149191248,702.837257408,-100,0.000000001,true,true,false,constraint_violation,0.954446299,307,1.08570969,210,0.03570969,0.825249543,A10,0,101_STEAM_3,20.359835569,101_STEAM_3,0,221,221_CC_1,97,3636.5968683,3728.307399638,91.710531338
1,poi_bus_120,120,Attila,lagging_095,0.95,23,2020-01-01T23:00:00+00:00,2,branch_A11_sustained,branch,A11,bounded,continuous,183,60.149191248,702.837257408,-99.999999999,0,true,true,false,constraint_violation,0.945971309,307,1.085951735,210,0.035951735,0.942791498,A10,0,101_STEAM_3,20.469786893,101_STEAM_3,0,313,313_CC_1,97,3636.5968683,3732.827196557,96.230328257
1,poi_bus_120,120,Attila,lagging_095,0.95,23,2020-01-01T23:00:00+00:00,3,branch_A12-1_immediate,branch,A12-1,fixed,short_term,183,60.149191248,702.837257408,-100.000000001,0.000000001,true,true,false,constraint_violation,0.954459227,307,1.085842117,210,0.035842117,0.822577155,A10,0,101_STEAM_3,18.988281344,101_STEAM_3,0,221,221_CC_1,97,3636.5968683,3729.359714388,92.762846088
1,poi_bus_120,120,Attila,lagging_095,0.95,23,2020-01-01T23:00:00+00:00,4,branch_A12-1_sustained,branch,A12-1,bounded,continuous,183,60.149191248,702.837257408,-100,0.000000001,true,true,false,constraint_violation,0.949991868,307,1.085930621,210,0.035930621,0.938858654,A10,0,101_STEAM_3,89.184854363,317_WIND_1,0,317,317_WIND_1,97,3636.5968683,3732.249732996,95.652864696
1,poi_bus_120,120,Attila,lagging_095,0.95,23,2020-01-01T23:00:00+00:00,5,branch_A34_immediate,branch,A34,fixed,short_term,183,60.149191248,702.837257408,-100,0.000000002,true,true,false,constraint_violation,0.954483031,307,1.086178071,210,0.036178071,0.965107109,A30,0,101_STEAM_3,26.23652672,121_NUCLEAR_1,0,221,221_CC_1,97,3636.5968683,3758.202803833,121.605935533
1,poi_bus_120,120,Attila,lagging_095,0.95,23,2020-01-01T23:00:00+00:00,6,branch_A34_sustained,branch,A34,bounded,continuous,183,60.149191248,702.837257408,100,0.000000001,true,true,false,constraint_violation,0.959345266,307,1.08464287,210,0.03464287,1.010300147,A30,0,101_STEAM_3,25.286447888,313_CC_1,0,221,221_CC_1,97,3636.5968683,3740.096787203,103.499918903
1,poi_bus_120,120,Attila,lagging_095,0.95,23,2020-01-01T23:00:00+00:00,7,branch_B12-1_immediate,branch,B12-1,fixed,short_term,183,60.149191248,702.837257408,-100,0.000000001,true,true,false,constraint_violation,0.95084386,207,1.073672594,210,0.023672594,0.822774585,A10,0,101_STEAM_3,19.948820661,101_STEAM_3,0,221,221_CC_1,97,3636.5968683,3732.354817108,95.757948808
1,poi_bus_120,120,Attila,lagging_095,0.95,23,2020-01-01T23:00:00+00:00,8,branch_B12-1_sustained,branch,B12-1,bounded,continuous,183,60.149191248,702.837257408,100,0,true,true,false,constraint_violation,0.947318831,307,1.073421598,210,0.023421598,0.912908417,A10,0,101_STEAM_3,33.99478657,303_WIND_1,0,303,303_WIND_1,97,3636.5968683,3727.553482877,90.956614577
1,poi_bus_120,120,Attila,lagging_095,0.95,23,2020-01-01T23:00:00+00:00,9,branch_B22_immediate,branch,B22,fixed,short_term,183,60.149191248,702.837257408,-100,0,true,true,false,constraint_violation,0.954483242,307,1.080037004,210,0.030037004,0.822047231,A10,0,101_STEAM_3,19.786707084,101_STEAM_3,0,221,221_CC_1,97,3636.5968683,3734.275267054,97.678398754
1,poi_bus_120,120,Attila,lagging_095,0.95,23,2020-01-01T23:00:00+00:00,10,branch_B22_sustained,branch,B22,bounded,continuous,183,60.149191248,702.837257408,-100,0,true,true,false,constraint_violation,0.950271536,307,1.080615185,210,0.030615185,0.938847311,A10,0,101_STEAM_3,87.842693681,317_WIND_1,0,317,317_WIND_1,97,3636.5968683,3735.696965855,99.100097555
1,poi_bus_120,120,Attila,lagging_095,0.95,23,2020-01-01T23:00:00+00:00,11,branch_B6_immediate,branch,B6,fixed,short_term,183,60.149191248,702.837257408,-100,0.000000001,true,true,false,constraint_violation,0.954464506,307,1.08740869,210,0.03740869,0.820750459,A10,0,101_STEAM_3,19.700998341,101_STEAM_3,0,221,221_CC_1,97,3636.5968683,3728.284072084,91.687203784
1,poi_bus_120,120,Attila,lagging_095,0.95,23,2020-01-01T23:00:00+00:00,12,branch_B6_sustained,branch,B6,bounded,continuous,183,60.149191248,702.837257408,-100,0,true,true,false,constraint_violation,0.957642114,307,1.087523406,210,0.037523406,0.921506367,A10,0,101_STEAM_3,19.815348977,102_STEAM_3,0,223,223_STEAM_3,97,3636.5968683,3719.043807515,82.446939215
1,poi_bus_120,120,Attila,lagging_095,0.95,23,2020-01-01T23:00:00+00:00,13,branch_C12-1_immediate,branch,C12-1,fixed,short_term,183,60.149191248,702.837257408,-100,0,true,true,false,constraint_violation,0.836067894,307,1.086121733,210,0.113932106,0.822689994,A10,0,101_STEAM_3,19.952357998,101_STEAM_3,0,221,221_CC_1,97,3636.5968683,3737.112514573,100.515646273
1,poi_bus_120,120,Attila,lagging_095,0.95,23,2020-01-01T23:00:00+00:00,14,branch_C12-1_sustained,branch,C12-1,bounded,continuous,183,60.149191248,702.837257408,100,0,true,true,false,constraint_violation,0.830834985,307,1.085421708,210,0.119165015,0.949649452,C13-2,0,101_STEAM_3,126.847863745,317_WIND_1,0,317,317_WIND_1,97,3636.5968683,3736.6202997,100.0234314
1,poi_bus_120,120,Attila,lagging_095,0.95,23,2020-01-01T23:00:00+00:00,15,branch_C27_immediate,branch,C27,fixed,short_term,183,60.149191248,702.837257408,-100,0,true,true,false,constraint_violation,0.943182074,307,1.085926454,210,0.035926454,0.994536946,C29,0,101_STEAM_3,20.097489752,101_STEAM_3,0,221,221_CC_1,97,3636.5968683,3750.101567776,113.504699476
1,poi_bus_120,120,Attila,lagging_095,0.95,23,2020-01-01T23:00:00+00:00,16,branch_C27_sustained,branch,C27,bounded,continuous,183,60.149191248,702.837257408,-100,0.000000002,true,true,false,constraint_violation,0.937115849,307,1.08585636,210,0.03585636,0.997395087,C29,0,101_STEAM_3,20.177754478,101_STEAM_3,0,122,122_WIND_1,97,3636.5968683,3743.843214286,107.246345986
1,poi_bus_120,120,Attila,lagging_095,0.95,23,2020-01-01T23:00:00+00:00,17,branch_C6_immediate,branch,C6,fixed,short_term,183,60.149191248,702.837257408,-100,0,true,true,false,constraint_violation,0.951509084,307,1.086086313,210,0.036086313,0.822692072,A10,0,101_STEAM_3,19.952563217,101_STEAM_3,0,221,221_CC_1,97,3636.5968683,3730.022426508,93.425558208
1,poi_bus_120,120,Attila,lagging_095,0.95,23,2020-01-01T23:00:00+00:00,18,branch_C6_sustained,branch,C6,bounded,continuous,183,60.149191248,702.837257408,100,0,true,true,false,constraint_violation,0.950850846,307,1.085695708,210,0.035695708,0.933037475,A10,0,101_STEAM_3,132.379483131,317_WIND_1,0,317,317_WIND_1,97,3636.5968683,3724.096761545,87.499893245
1,poi_bus_120,120,Attila,lagging_095,0.95,23,2020-01-01T23:00:00+00:00,19,branch_CA-1_immediate,branch,CA-1,fixed,short_term,183,60.149191248,702.837257408,-100,0.000000001,true,true,false,constraint_violation,0.942428308,307,1.086494406,210,0.036494406,0.938136609,C27,0,101_STEAM_3,30.861043887,123_STEAM_2,0,221,221_CC_1,97,3636.5968683,3774.236297316,137.639429016
1,poi_bus_120,120,Attila,lagging_095,0.95,23,2020-01-01T23:00:00+00:00,20,branch_CA-1_sustained,branch,CA-1,bounded,continuous,183,60.149191248,702.837257408,52.622429699,0.000000001,true,true,false,constraint_violation,0.948018337,307,1.086138418,210,0.036138418,0.934412495,A10,0,101_STEAM_3,30.965608193,123_STEAM_2,0,317,317_WIND_1,97,3636.5968683,3762.011754785,125.414886485
1,poi_bus_120,120,Attila,lagging_095,0.95,23,2020-01-01T23:00:00+00:00,21,generator_121_NUCLEAR_1_sustained,generator,121_NUCLEAR_1,bounded,continuous,183,60.149191248,702.837257408,-100.000000001,0.000000001,true,true,false,constraint_violation,0.955550865,307,1.085446955,210,0.035446955,0.93039806,A10,33.309649832,102_STEAM_3,18.611670374,101_STEAM_3,0,102,102_STEAM_3,96,3636.5968683,3715.906518132,79.309649832
1,poi_bus_120,120,Attila,lagging_095,0.95,23,2020-01-01T23:00:00+00:00,22,generator_213_CC_3_sustained,generator,213_CC_3,bounded,continuous,183,60.149191248,702.837257408,-100,0.000000001,true,true,false,constraint_violation,0.957665297,307,1.085141984,210,0.035141984,0.939028422,A10,0,101_STEAM_3,20.167467311,101_STEAM_3,0,122,122_WIND_1,97,3636.5968683,3706.611887539,70.015019239
1,poi_bus_120,120,Attila,lagging_095,0.95,23,2020-01-01T23:00:00+00:00,23,generator_313_CC_1_sustained,generator,313_CC_1,bounded,continuous,183,60.149191248,702.837257408,-71.8894123,0.000000001,true,true,false,constraint_violation,0.913902723,307,1.08595069,210,0.036097277,1.014024917,C27,0,101_STEAM_3,20.054090354,101_STEAM_3,0,122,122_WIND_1,96,3636.5968683,3746.22245038,109.62558208
0,poi_bus_108,108,Alger,unity,1,0,2020-01-01T00:00:00+00:00,0,normal,normal,,base,continuous,173.104166667,0,679.176313276,-100,0.000000001,true,true,false,constraint_violation,0.973946713,108,1.087063746,210,0.037063746,0.96395116,C6,0,101_STEAM_3,52.27334625,314_SYNC_COND_1,0,123,123_STEAM_3,100,3510.436050867,3638.495919879,128.059869012
0,poi_bus_108,108,Alger,unity,1,0,2020-01-01T00:00:00+00:00,1,branch_A11_immediate,branch,A11,fixed,short_term,173.104166667,0,679.176313276,-100,0.000000002,true,true,false,constraint_violation,0.962268301,108,1.087795077,210,0.037795077,0.765589889,C6,0,101_STEAM_3,52.165715279,314_SYNC_COND_1,0,123,123_STEAM_3,100,3510.436050867,3637.392520414,126.956469547
0,poi_bus_108,108,Alger,unity,1,0,2020-01-01T00:00:00+00:00,2,branch_A11_sustained,branch,A11,bounded,continuous,173.104166667,0,679.176313276,-100,0.000000001,true,true,false,constraint_violation,0.957976642,307,1.085476166,210,0.035476166,1.011789916,C27,0,101_STEAM_3,190.74200244,316_STEAM_1,0,122,122_WIND_1,100,3510.436050866,3614.024634879,103.588584013
0,poi_bus_108,108,Alger,unity,1,0,2020-01-01T00:00:00+00:00,3,branch_A12-1_immediate,branch,A12-1,fixed,short_term,173.104166667,0,679.176313276,-100,0,true,true,false,constraint_violation,0.897524053,108,1.085198452,210,0.052475947,1.041454727,A13-2,0,101_STEAM_3,51.928971015,314_SYNC_COND_1,0,123,123_STEAM_3,100,3510.436050867,3652.379858628,141.943807761
0,poi_bus_108,108,Alger,unity,1,0,2020-01-01T00:00:00+00:00,4,branch_A12-1_sustained,branch,A12-1,bounded,continuous,173.104166667,0,679.176313276,100,0.000000001,true,true,false,constraint_violation,0.904159583,108,1.082793357,210,0.045840417,1.126899497,A13-2,0,101_STEAM_3,28.26651312,314_SYNC_COND_1,0,122,122_WIND_1,100,3510.436050867,3607.849260106,97.413209239
0,poi_bus_108,108,Alger,unity,1,0,2020-01-01T00:00:00+00:00,5,branch_A34_immediate,branch,A34,fixed,short_term,173.104166667,0,679.176313276,-100,0.000000001,true,true,false,constraint_violation,0.974020887,108,1.087128749,210,0.037128749,1.021945559,A30,0,101_STEAM_3,87.402600521,116_STEAM_1,0,123,123_STEAM_3,100,3510.436050867,3670.62904504,160.192994173
0,poi_bus_108,108,Alger,unity,1,0,2020-01-01T00:00:00+00:00,6,branch_A34_sustained,branch,A34,bounded,continuous,173.104166667,0,679.176313276,-51.010495431,0.000000001,true,true,false,constraint_violation,0.963789412,307,1.086693764,210,0.036693764,1.007799301,A30,0,101_STEAM_3,341.352868875,316_STEAM_1,0,317,317_WIND_1,100,3510.436050867,3661.068246507,150.63219564
0,poi_bus_108,108,Alger,unity,1,0,2020-01-01T00:00:00+00:00,7,branch_B12-1_immediate,branch,B12-1,fixed,short_term,173.104166667,0,679.176313276,-100,0.000000001,true,true,false,constraint_violation,0.958976321,207,1.07583381,210,0.02583381,0.766432053,C6,0,101_STEAM_3,52.242493428,314_SYNC_COND_1,0,123,123_STEAM_3,100,3510.436050867,3642.351082501,131.915031634
0,poi_bus_108,108,Alger,unity,1,0,2020-01-01T00:00:00+00:00,8,branch_B12-1_sustained,branch,B12-1,bounded,continuous,173.104166667,0,679.176313276,-100,0.000000001,true,true,false,constraint_violation,0.956378029,207,1.073673452,210,0.023673452,0.940347252,CA-1,0,101_STEAM_3,344.810980663,316_STEAM_1,0,317,317_WIND_1,100,3510.436050866,3652.763066278,142.327015412
0,poi_bus_108,108,Alger,unity,1,0,2020-01-01T00:00:00+00:00,9,branch_B22_immediate,branch,B22,fixed,short_term,173.104166667,0,679.176313276,-100,0.000000001,true,true,false,constraint_violation,0.970826527,108,1.081014309,210,0.031014309,0.770730076,C6,0,101_STEAM_3,52.591303191,314_SYNC_COND_1,0,123,123_STEAM_3,100,3510.436050867,3644.858354891,134.422304024
0,poi_bus_108,108,Alger,unity,1,0,2020-01-01T00:00:00+00:00,10,branch_B22_sustained,branch,B22,bounded,continuous,173.104166667,0,679.176313276,-99.999999999,0.000000002,true,true,false,constraint_violation,0.956898877,307,1.081575341,210,0.031575341,0.978415023,C6,0,101_STEAM_3,363.474328309,316_STEAM_1,0,317,317_WIND_1,100,3510.436050866,3648.671159689,138.235108823
0,poi_bus_108,108,Alger,unity,1,0,2020-01-01T00:00:00+00:00,11,branch_B6_immediate,branch,B6,fixed,short_term,173.104166667,0,679.176313276,-100,0.000000001,true,true,false,constraint_violation,0.969525899,108,1.089656686,210,0.039656686,0.766420077,C6,0,101_STEAM_3,52.241420983,314_SYNC_COND_1,0,123,123_STEAM_3,100,3510.436050867,3638.43884087,128.002790003
0,poi_bus_108,108,Alger,unity,1,0,2020-01-01T00:00:00+00:00,12,branch_B6_sustained,branch,B6,bounded,continuous,173.104166667,0,679.176313276,-100,0,true,true,false,constraint_violation,0.973225859,108,1.087626498,210,0.037626498,1.024074136,C6,0,101_STEAM_3,327.63033627,317_WIND_1,0,317,317_WIND_1,100,3510.436050867,3603.515229273,93.079178406
0,poi_bus_108,108,Alger,unity,1,0,2020-01-01T00:00:00+00:00,13,branch_C12-1_immediate,branch,C12-1,fixed,short_term,173.104166667,0,679.176313276,-100,0.000000001,true,true,false,constraint_violation,0.880980969,307,1.087078488,210,0.069019031,0.761317714,A10,0,101_STEAM_3,45.273528314,316_STEAM_1,0,123,123_STEAM_3,100,3510.436050867,3645.657080846,135.221029979
0,poi_bus_108,108,Alger,unity,1,0,2020-01-01T00:00:00+00:00,14,branch_C12-1_sustained,branch,C12-1,bounded,continuous,173.104166667,0,679.176313276,100,0.000000001,true,true,false,constraint_violation,0.873061187,307,1.083581288,210,0.076938813,1.004156315,C6,0,101_STEAM_3,52.12836147,316_STEAM_1,0,122,122_WIND_1,100,3510.436050867,3624.958173014,114.522122147
0,poi_bus_108,108,Alger,unity,1,0,2020-01-01T00:00:00+00:00,15,branch_C27_immediate,branch,C27,fixed,short_term,173.104166667,0,679.176313276,-100,0,true,true,false,constraint_violation,0.975127588,108,1.08694355,210,0.03694355,0.998696827,C29,0,101_STEAM_3,76.736773487,316_STEAM_1,0,123,123_STEAM_3,100,3510.436050867,3647.413763924,136.977713057
0,poi_bus_108,108,Alger,unity,1,0,2020-01-01T00:00:00+00:00,16,branch_C27_sustained,branch,C27,bounded,continuous,173.104166667,0,679.176313276,100,0.000000001,true,true,false,constraint_violation,0.967898328,108,1.086752382,210,0.036752382,0.954093624,CA-1,0,101_STEAM_3,161.778004831,317_WIND_1,0,317,317_WIND_1,100,3510.436050867,3646.748170063,136.312119196
0,poi_bus_108,108,Alger,unity,1,0,2020-01-01T00:00:00+00:00,17,branch_C6_immediate,branch,C6,fixed,short_term,173.104166667,0,679.176313276,-100,0,true,true,false,constraint_violation,0.970354319,307,1.087051745,210,0.037051745,0.90998035,C2,0,101_STEAM_3,80.661585642,316_STEAM_1,0,123,123_STEAM_3,100,3510.436050867,3648.468094509,138.032043642
0,poi_bus_108,108,Alger,unity,1,0,2020-01-01T00:00:00+00:00,18,branch_C6_sustained,branch,C6,bounded,continuous,173.104166667,0,679.176313276,-100,0,true,true,false,constraint_violation,0.939190058,307,1.086927458,210,0.036927458,0.977374028,C2,0,101_STEAM_3,386.357570419,316_STEAM_1,0,317,317_WIND_1,100,3510.436050867,3639.738802112,129.302751245
0,poi_bus_108,108,Alger,unity,1,0,2020-01-01T00:00:00+00:00,19,branch_CA-1_immediate,branch,CA-1,fixed,short_term,173.104166667,0,679.176313276,-100,0.000000002,true,true,false,constraint_violation,0.96350651,108,1.087523051,210,0.037523051,0.836582388,C6,0,101_STEAM_3,43.107949105,314_SYNC_COND_1,0,123,123_STEAM_3,100,3510.436050867,3661.536893816,151.100842949
0,poi_bus_108,108,Alger,unity,1,0,2020-01-01T00:00:00+00:00,20,branch_CA-1_sustained,branch,CA-1,bounded,continuous,173.104166667,0,679.176313276,100,0.000000001,true,true,false,constraint_violation,0.956032159,307,1.08430158,210,0.03430158,1.21911233,CB-1,0,101_STEAM_3,347.917388811,316_STEAM_1,0,122,122_WIND_1,100,3510.436050867,3714.20792859,203.771877723
0,poi_bus_108,108,Alger,unity,1,0,2020-01-01T00:00:00+00:00,21,generator_121_NUCLEAR_1_sustained,generator,121_NUCLEAR_1,bounded,continuous,173.104166667,0,679.176313276,-100,0.000000001,true,true,false,constraint_violation,0.953644987,307,1.085094186,210,0.035094186,0.927877863,A34,0,101_STEAM_3,386.321627078,316_STEAM_1,0,317,317_WIND_1,99,3510.436050867,3655.233535943,144.797485076
0,poi_bus_108,108,Alger,unity,1,0,2020-01-01T00:00:00+00:00,22,generator_213_CC_3_sustained,generator,213_CC_3,bounded,continuous,173.104166667,0,679.176313276,-100,0.000000001,true,true,false,constraint_violation,0.941464651,307,1.086874664,210,0.036874664,0.947709842,CA-1,0,101_STEAM_3,172.978955925,316_STEAM_1,0,303,303_WIND_1,100,3510.436050866,3631.14887031,120.712819444
0,poi_bus_108,108,Alger,unity,1,0,2020-01-01T00:00:00+00:00,23,generator_313_CC_1_sustained,generator,313_CC_1,bounded,continuous,173.104166667,0,679.176313276,100,0,true,true,false,constraint_violation,0.964375451,307,1.084500407,210,0.034500407,0.931091853,CA-1,0,101_STEAM_3,339.049236394,317_WIND_1,0,317,317_WIND_1,100,3510.436050866,3655.045258053,144.609207187
0,poi_bus_108,108,Alger,unity,1,1,2020-01-01T01:00:00+00:00,0,normal,normal,,base,continuous,175.875,0,663.651430585,-100,0,true,true,false,constraint_violation,0.976437696,108,1.087815421,210,0.037815421,1.005941703,C6,0,101_STEAM_3,63.273817446,314_SYNC_COND_1,0,123,123_STEAM_3,100,3436.9208227,3565.348868556,128.428045856
0,poi_bus_108,108,Alger,unity,1,1,2020-01-01T01:00:00+00:00,1,branch_A11_immediate,branch,A11,fixed,short_term,175.875,0,663.651430585,-100,0,true,true,false,constraint_violation,0.962597223,108,1.088515725,210,0.038515725,0.799529432,C6,0,101_STEAM_3,63.244012012,314_SYNC_COND_1,0,123,123_STEAM_3,100,3436.9208227,3564.789135245,127.868312545
0,poi_bus_108,108,Alger,unity,1,1,2020-01-01T01:00:00+00:00,2,branch_A11_sustained,branch,A11,bounded,continuous,175.875,0,663.651430585,100.000000001,0,true,true,false,constraint_violation,0.953997279,307,1.088131754,210,0.038131754,0.912710847,CA-1,0,101_STEAM_3,121.551851948,316_STEAM_1,0,303,303_WIND_1,100,3436.9208227,3573.799277053,136.878454353
0,poi_bus_108,108,Alger,unity,1,1,2020-01-01T01:00:00+00:00,3,branch_A12-1_immediate,branch,A12-1,fixed,short_term,175.875,0,663.651430585,-100,0,true,true,false,constraint_violation,0.900652572,108,1.085892848,210,0.049347428,1.015712703,A13-2,0,101_STEAM_3,63.092926821,314_SYNC_COND_1,0,123,123_STEAM_3,100,3436.9208227,3579.168731933,142.247909233
0,poi_bus_108,108,Alger,unity,1,1,2020-01-01T01:00:00+00:00,4,branch_A12-1_sustained,branch,A12-1,bounded,continuous,175.875,0,663.651430585,-100,0,true,true,false,constraint_violation,0.909759075,108,1.083791618,210,0.040240925,1.117690047,A13-2,0,101_STEAM_3,113.179936368,316_STEAM_1,0,303,303_WIND_1,100,3436.9208227,3544.383581667,107.462758967
0,poi_bus_108,108,Alger,unity,1,1,2020-01-01T01:00:00+00:00,5,branch_A34_immediate,branch,A34,fixed,short_term,175.875,0,663.651430585,-100,0,true,true,false,constraint_violation,0.976512998,108,1.087886743,210,0.037886743,1.022004555,A30,0,101_STEAM_3,93.405721577,116_STEAM_1,0,123,123_STEAM_3,100,3436.9208227,3597.065343886,160.144521186
0,poi_bus_108,108,Alger,unity,1,1,2020-01-01T01:00:00+00:00,6,branch_A34_sustained,branch,A34,bounded,continuous,175.875,0,663.651430585,-100,0,true,true,false,constraint_violation,0.956016133,307,1.08799575,210,0.03799575,1.007811864,A30,0,101_STEAM_3,120.768627212,316_STEAM_1,0,303,303_WIND_1,100,3436.9208227,3581.460215345,144.539392645
0,poi_bus_108,108,Alger,unity,1,1,2020-01-01T01:00:00+00:00,7,branch_B12-1_immediate,branch,B12-1,fixed,short_term,175.875,0,663.651430585,-100,0.000000001,true,true,false,constraint_violation,0.96343637,207,1.077407302,310,0.027407302,0.799846595,C6,0,101_STEAM_3,63.258718826,314_SYNC_COND_1,0,123,123_STEAM_3,100,3436.9208227,3568.990893689,132.070070989
0,poi_bus_108,108,Alger,unity,1,1,2020-01-01T01:00:00+00:00,8,branch_B12-1_sustained,branch,B12-1,bounded,continuous,175.875,0,663.651430585,-100.000000001,0.000000001,true,true,false,constraint_violation,0.963226756,207,1.076905267,210,0.026905267,1.021228122,C6,0,101_STEAM_3,341.48048754,317_WIND_1,0,317,317_WIND_1,100,3436.9208227,3526.254139799,89.333317099
0,poi_bus_108,108,Alger,unity,1,1,2020-01-01T01:00:00+00:00,9,branch_B22_immediate,branch,B22,fixed,short_term,175.875,0,663.651430585,-99.999999999,0,true,true,false,constraint_violation,0.973573175,108,1.081853984,210,0.031853984,0.804254942,C6,0,101_STEAM_3,63.42468324,314_SYNC_COND_1,0,123,123_STEAM_3,100,3436.9208227,3571.849261872,134.928439172
0,poi_bus_108,108,Alger,unity,1,1,2020-01-01T01:00:00+00:00,10,branch_B22_sustained,branch,B22,bounded,continuous,175.875,0,663.651430585,-100,0,true,true,false,constraint_violation,0.959107351,307,1.082793207,210,0.032793207,0.869560554,A34,0,101_STEAM_3,128.065333269,316_STEAM_1,0,303,303_WIND_1,100,3436.9208227,3580.311081863,143.390259163
0,poi_bus_108,108,Alger,unity,1,1,2020-01-01T01:00:00+00:00,11,branch_B6_immediate,branch,B6,fixed,short_term,175.875,0,663.651430585,-100,0,true,true,false,constraint_violation,0.971715217,108,1.090445152,210,0.040445152,0.799996064,C6,0,101_STEAM_3,63.265520589,314_SYNC_COND_1,0,123,123_STEAM_3,100,3436.9208227,3565.3497876,128.4289649
0,poi_bus_108,108,Alger,unity,1,1,2020-01-01T01:00:00+00:00,12,branch_B6_sustained,branch,B6,bounded,continuous,175.875,0,663.651430585,-100,0,true,true,false,constraint_violation,0.961294328,307,1.088524632,210,0.038524632,0.932536848,C27,0,101_STEAM_3,135.236408484,316_STEAM_1,0,303,303_WIND_1,100,3436.9208227,3535.583498958,98.662676258
0,poi_bus_108,108,Alger,unity,1,1,2020-01-01T01:00:00+00:00,13,branch_C12-1_immediate,branch,C12-1,fixed,short_term,175.875,0,663.651430585,-100,0,true,true,false,constraint_violation,0.907707169,307,1.087828155,210,0.042292831,0.754693202,B10,0,101_STEAM_3,32.730335318,314_SYNC_COND_1,0,123,123_STEAM_3,100,3436.9208227,3571.148809661,134.227986961
0,poi_bus_108,108,Alger,unity,1,1,2020-01-01T01:00:00+00:00,14,branch_C12-1_sustained,branch,C12-1,bounded,continuous,175.875,0,663.651430585,-100,0,true,true,false,constraint_violation,0.911674079,307,1.085689552,210,0.038325921,0.895740621,A10,0,101_STEAM_3,330.073044122,317_WIND_1,0,317,317_WIND_1,100,3436.9208227,3523.475713976,86.554891276
0,poi_bus_108,108,Alger,unity,1,1,2020-01-01T01:00:00+00:00,15,branch_C27_immediate,branch,C27,fixed,short_term,175.875,0,663.651430585,-100,0.000000001,true,true,false,constraint_violation,0.977430786,108,1.087678372,210,0.037678372,0.998856291,C29,0,101_STEAM_3,61.669672323,316_STEAM_1,0,123,123_STEAM_3,100,3436.9208227,3573.61690692,136.69608422
0,poi_bus_108,108,Alger,unity,1,1,2020-01-01T01:00:00+00:00,16,branch_C27_sustained,branch,C27,bounded,continuous,175.875,0,663.651430585,100,0.000000001,true,true,false,constraint_violation,0.961673488,108,1.08839504,210,0.03839504,0.933684758,CA-1,0,101_STEAM_3,175.475776442,317_WIND_1,0,317,317_WIND_1,100,3436.9208227,3584.947665437,148.026842737
0,poi_bus_108,108,Alger,unity,1,1,2020-01-01T01:00:00+00:00,17,branch_C6_immediate,branch,C6,fixed,short_term,175.875,0,663.651430585,-100,0,true,true,false,constraint_violation,0.976661774,108,1.087800023,210,0.037800023,0.930246858,C2,0,101_STEAM_3,77.969094116,316_STEAM_1,0,123,123_STEAM_3,100,3436.9208227,3576.108300733,139.187478033
0,poi_bus_108,108,Alger,unity,1,1,2020-01-01T01:00:00+00:00,18,branch_C6_sustained,branch,C6,bounded,continuous,175.875,0,663.651430585,-100,0.000000001,true,true,false,constraint_violation,0.958869248,307,1.087676885,210,0.037676885,1.03632433,C2,0,101_STEAM_3,351.463222322,316_STEAM_1,0,317,317_WIND_1,100,3436.9208227,3548.8879262,111.9671035
0,poi_bus_108,108,Alger,unity,1,1,2020-01-01T01:00:00+00:00,19,branch_CA-1_immediate,branch,CA-1,fixed,short_term,175.875,0,663.651430585,-100,0.000000001,true,true,false,constraint_violation,0.969592993,108,1.088366138,210,0.038366138,0.854654338,C6,0,101_STEAM_3,55.099823895,314_SYNC_COND_1,0,123,123_STEAM_3,100,3436.9208227,3579.202972955,142.282150255
0,poi_bus_108,108,Alger,unity,1,1,2020-01-01T01:00:00+00:00,20,branch_CA-1_sustained,branch,CA-1,bounded,continuous,175.875,0,663.651430585,-99.999999999,0,true,true,false,constraint_violation,0.960773577,108,1.086348284,210,0.036348284,1.200134347,CB-1,0,101_STEAM_3,277.903532369,316_STEAM_1,0,122,122_WIND_1,100,3436.9208227,3608.037232361,171.116409661
0,poi_bus_108,108,Alger,unity,1,1,2020-01-01T01:00:00+00:00,21,generator_121_NUCLEAR_1_sustained,generator,121_NUCLEAR_1,bounded,continuous,175.875,0,663.651430585,99.999999999,0.000000001,true,true,false,constraint_violation,0.964034523,307,1.085674286,210,0.035674286,0.890879236,A34,0,101_STEAM_3,93.892913445,316_STEAM_1,0,303,303_WIND_1,99,3436.9208227,3557.863815473,120.942992773
0,poi_bus_108,108,Alger,unity,1,1,2020-01-01T01:00:00+00:00,22,generator_213_CC_3_sustained,generator,213_CC_3,bounded,continuous,175.875,0,663.651430585,98.776682752,0,true,true,false,constraint_violation,0.974222386,108,1.086998822,210,0.036998822,1.013949316,C29,0,101_STEAM_3,43.823425953,314_SYNC_COND_1,0,122,122_WIND_1,100,3436.9208227,3591.354408944,154.433586244
0,poi_bus_108,108,Alger,unity,1,1,2020-01-01T01:00:00+00:00,23,generator_313_CC_1_sustained,generator,313_CC_1,bounded,continuous,175.875,0,663.651430585,-100,0,true,true,false,constraint_violation,0.953747091,307,1.088155357,210,0.038155357,0.918026185,CA-1,0,101_STEAM_3,128.668514868,316_STEAM_1,0,303,303_WIND_1,100,3436.9208227,3575.174721342,138.253898642
0,poi_bus_108,108,Alger,unity,1,2,2020-01-01T02:00:00+00:00,0,normal,normal,,base,continuous,177.145833333,0,660.828118246,-100,0,true,true,false,constraint_violation,0.97443496,108,1.087920156,210,0.037920156,0.965887621,C6,0,102_STEAM_3,71.024282127,314_SYNC_COND_1,0,123,123_STEAM_3,100,3424.318483333,3551.042795041,126.724311708
0,poi_bus_108,108,Alger,unity,1,2,2020-01-01T02:00:00+00:00,1,branch_A11_immediate,branch,A11,fixed,short_term,177.145833333,0,660.828118246,-100,0.000000001,true,true,false,constraint_violation,0.960119673,108,1.08864512,210,0.03864512,0.768607274,C10,0,102_STEAM_3,70.992684564,314_SYNC_COND_1,0,123,123_STEAM_3,100,3424.318483333,3550.469148571,126.150665238
0,poi_bus_108,108,Alger,unity,1,2,2020-01-01T02:00:00+00:00,2,branch_A11_sustained,branch,A11,bounded,continuous,177.145833333,0,660.828118246,-100,0.000000001,true,true,false,constraint_violation,0.958063393,108,1.086234676,210,0.036234676,1.006361375,C27,0,101_STEAM_3,135.827353282,316_STEAM_1,0,122,122_WIND_1,100,3424.318483334,3516.787574288,92.469090954
0,poi_bus_108,108,Alger,unity,1,2,2020-01-01T02:00:00+00:00,3,branch_A12-1_immediate,branch,A12-1,fixed,short_term,177.145833333,0,660.828118246,-100,0,true,true,false,constraint_violation,0.896423997,108,1.085941706,210,0.053576003,1.027940768,A13-2,0,102_STEAM_3,70.832700499,314_SYNC_COND_1,0,123,123_STEAM_3,100,3424.318483333,3565.317354282,140.998870949
0,poi_bus_108,108,Alger,unity,1,2,2020-01-01T02:00:00+00:00,4,branch_A12-1_sustained,branch,A12-1,bounded,continuous,177.145833333,0,660.828118246,100,0.000000001,true,true,false,constraint_violation,0.903413317,108,1.083518708,210,0.046586683,1.114766434,A13-2,0,101_STEAM_3,81.388444735,316_STEAM_1,0,303,303_WIND_1,100,3424.318483333,3561.02675641,136.708273077
0,poi_bus_108,108,Alger,unity,1,2,2020-01-01T02:00:00+00:00,5,branch_A34_immediate,branch,A34,fixed,short_term,177.145833333,0,660.828118246,-100,0.000000001,true,true,false,constraint_violation,0.974513091,108,1.087991412,210,0.037991412,1.022017888,A30,0,102_STEAM_3,93.996322501,116_STEAM_1,0,123,123_STEAM_3,100,3424.318483333,3582.734428996,158.415945663
0,poi_bus_108,108,Alger,unity,1,2,2020-01-01T02:00:00+00:00,6,branch_A34_sustained,branch,A34,bounded,continuous,177.145833333,0,660.828118246,-100,0.000000001,true,true,false,constraint_violation,0.972074257,108,1.087942085,210,0.037942085,1.007807414,A30,0,101_STEAM_3,338.608882043,316_STEAM_1,0,317,317_WIND_1,100,3424.318483333,3570.198102546,145.879619213
0,poi_bus_108,108,Alger,unity,1,2,2020-01-01T02:00:00+00:00,7,branch_B12-1_immediate,branch,B12-1,fixed,short_term,177.145833333,0,660.828118246,-99.999999999,0,true,true,false,constraint_violation,0.96413894,207,1.08273694,310,0.03273694,0.768594088,C10,0,102_STEAM_3,71.008528423,314_SYNC_COND_1,0,123,123_STEAM_3,100,3424.318483333,3554.652429944,130.333946611
0,poi_bus_108,108,Alger,unity,1,2,2020-01-01T02:00:00+00:00,8,branch_B12-1_sustained,branch,B12-1,bounded,continuous,177.145833333,0,660.828118246,-100,0.000000001,true,true,false,constraint_violation,0.961720839,207,1.075252042,210,0.025252042,1.000659342,C27,0,101_STEAM_3,128.392668075,316_STEAM_1,0,122,122_WIND_1,100,3424.318483333,3519.585798006,95.267314673
0,poi_bus_108,108,Alger,unity,1,2,2020-01-01T02:00:00+00:00,9,branch_B22_immediate,branch,B22,fixed,short_term,177.145833333,0,660.828118246,-99.999999999,0,true,true,false,constraint_violation,0.971552886,108,1.082891836,310,0.032891836,0.772403367,C6,0,102_STEAM_3,71.18446282,314_SYNC_COND_1,0,123,123_STEAM_3,100,3424.318483333,3557.519658647,133.201175314
0,poi_bus_108,108,Alger,unity,1,2,2020-01-01T02:00:00+00:00,10,branch_B22_sustained,branch,B22,bounded,continuous,177.145833333,0,660.828118246,-100,0.000000001,true,true,false,constraint_violation,0.958938064,307,1.082035639,210,0.032035639,0.915278568,CA-1,0,101_STEAM_3,132.121210326,316_STEAM_1,0,303,303_WIND_1,100,3424.318483333,3561.05079887,136.732315537
0,poi_bus_108,108,Alger,unity,1,2,2020-01-01T02:00:00+00:00,11,branch_B6_immediate,branch,B6,fixed,short_term,177.145833333,0,660.828118246,-99.999999999,0,true,true,false,constraint_violation,0.96960884,108,1.090606068,210,0.040606068,0.768587675,C10,0,102_STEAM_3,71.015947228,314_SYNC_COND_1,0,123,123_STEAM_3,100,3424.318483333,3551.047036271,126.728552938
0,poi_bus_108,108,Alger,unity,1,2,2020-01-01T02:00:00+00:00,12,branch_B6_sustained,branch,B6,bounded,continuous,177.145833333,0,660.828118246,-100,0.000000001,true,true,false,constraint_violation,0.97063917,108,1.088698018,210,0.038698018,1.027652079,C6,0,101_STEAM_3,328.718012742,317_WIND_1,0,317,317_WIND_1,100,3424.318483333,3518.47598171,94.157498377
0,poi_bus_108,108,Alger,unity,1,2,2020-01-01T02:00:00+00:00,13,branch_C12-1_immediate,branch,C12-1,fixed,short_term,177.145833333,0,660.828118246,-99.999999999,0.000000001,true,true,false,constraint_violation,0.922088294,307,1.087931497,210,0.037931497,0.754764006,B10,0,102_STEAM_3,42.68766322,314_SYNC_COND_1,0,123,123_STEAM_3,100,3424.318483333,3556.288271898,131.969788565
0,poi_bus_108,108,Alger,unity,1,2,2020-01-01T02:00:00+00:00,14,branch_C12-1_sustained,branch,C12-1,bounded,continuous,177.145833333,0,660.828118246,-100,0.000000001,true,true,false,constraint_violation,0.892833314,307,1.085798943,210,0.057166686,0.926987466,C27,0,101_STEAM_3,164.516152556,316_STEAM_1,0,122,122_WIND_1,100,3424.318483333,3526.730285636,102.411802303
0,poi_bus_108,108,Alger,unity,1,2,2020-01-01T02:00:00+00:00,15,branch_C27_immediate,branch,C27,fixed,short_term,177.145833333,0,660.828118246,-100,0.000000001,true,true,false,constraint_violation,0.975422889,108,1.087786107,210,0.037786107,0.99894416,C29,0,102_STEAM_3,67.318987745,314_SYNC_COND_1,0,123,123_STEAM_3,100,3424.318483333,3558.86809711,134.549613777
0,poi_bus_108,108,Alger,unity,1,2,2020-01-01T02:00:00+00:00,16,branch_C27_sustained,branch,C27,bounded,continuous,177.145833333,0,660.828118246,-100,0,true,true,false,constraint_violation,0.972638144,108,1.087885272,210,0.037885272,0.987094211,CA-1,0,101_STEAM_3,178.049804897,316_STEAM_1,0,317,317_WIND_1,100,3424.318483333,3545.66001361,121.341530277
0,poi_bus_108,108,Alger,unity,1,2,2020-01-01T02:00:00+00:00,17,branch_C6_immediate,branch,C6,fixed,short_term,177.145833333,0,660.828118246,-100,0,true,true,false,constraint_violation,0.974657516,108,1.08790391,210,0.03790391,0.903984581,C2,0,102_STEAM_3,59.831281729,316_STEAM_1,0,123,123_STEAM_3,100,3424.318483333,3560.69039395,136.371910617
0,poi_bus_108,108,Alger,unity,1,2,2020-01-01T02:00:00+00:00,18,branch_C6_sustained,branch,C6,bounded,continuous,177.145833333,0,660.828118246,-100,0.000000001,true,true,false,constraint_violation,0.960822874,108,1.087872573,210,0.037872573,0.918132859,CA-1,0,101_STEAM_3,353.835743815,317_WIND_1,0,317,317_WIND_1,100,3424.318483333,3578.465034888,154.146551555
0,poi_bus_108,108,Alger,unity,1,2,2020-01-01T02:00:00+00:00,19,branch_CA-1_immediate,branch,CA-1,fixed,short_term,177.145833333,0,660.828118246,-100,0,true,true,false,constraint_violation,0.96766275,108,1.088461673,210,0.038461673,0.8220733,C6,0,102_STEAM_3,63.859631562,314_SYNC_COND_1,0,123,123_STEAM_3,100,3424.318483333,3564.370928448,140.052445115
0,poi_bus_108,108,Alger,unity,1,2,2020-01-01T02:00:00+00:00,20,branch_CA-1_sustained,branch,CA-1,bounded,continuous,177.145833333,0,660.828118246,100,0.000000001,true,true,false,constraint_violation,0.955444618,108,1.085277775,210,0.035277775,1.205163698,CB-1,0,101_STEAM_3,308.06321336,316_STEAM_1,0,122,122_WIND_1,100,3424.318483333,3617.907667422,193.589184089
0,poi_bus_108,108,Alger,unity,1,2,2020-01-01T02:00:00+00:00,21,generator_121_NUCLEAR_1_sustained,generator,121_NUCLEAR_1,bounded,continuous,177.145833333,0,660.828118246,-99.999999999,0,true,true,false,constraint_violation,0.977552805,108,1.085440501,210,0.035440501,1.004919488,C27,0,101_STEAM_3,117.774101804,316_STEAM_1,0,122,122_WIND_1,99,3424.318483334,3514.056821928,89.738338594
0,poi_bus_108,108,Alger,unity,1,2,2020-01-01T02:00:00+00:00,22,generator_213_CC_3_sustained,generator,213_CC_3,bounded,continuous,177.145833333,0,660.828118246,100.000000001,0,true,true,false,constraint_violation,0.974846556,108,1.087716419,210,0.037716419,0.935792631,C10,0,101_STEAM_3,337.189061662,317_WIND_1,0,317,317_WIND_1,100,3424.318483333,3559.674185188,135.355701855
0,poi_bus_108,108,Alger,unity,1,2,2020-01-01T02:00:00+00:00,23,generator_313_CC_1_sustained,generator,313_CC_1,bounded,continuous,177.145833333,0,660.828118246,82.643450759,0.000000001,true,true,false,constraint_violation,0.959373425,307,1.088532389,210,0.038532389,0.89932809,CA-1,0,101_STEAM_3,93.290254588,316_STEAM_1,0,303,303_WIND_1,100,3424.318483333,3576.356207206,152.037723873
0,poi_bus_108,108,Alger,unity,1,3,2020-01-01T03:00:00+00:00,0,normal,normal,,base,continuous,172.770833333,0,664.374395151,-100,0,true,true,false,constraint_violation,0.971798527,108,1.089002954,306,0.039002954,0.900848328,C10,0,101_STEAM_3,78.47913269,314_SYNC_COND_1,0,123,123_STEAM_3,100,3437.369154333,3560.011166911,122.642012578
0,poi_bus_108,108,Alger,unity,1,3,2020-01-01T03:00:00+00:00,1,branch_A11_immediate,branch,A11,fixed,short_term,172.770833333,0,664.374395151,-100.000000001,0.000000001,true,true,false,constraint_violation,0.958572872,108,1.088955139,306,0.038955139,0.78826222,C10,0,101_STEAM_3,78.416349112,314_SYNC_COND_1,0,123,123_STEAM_3,100,3437.369154333,3559.170022281,121.800867948
0,poi_bus_108,108,Alger,unity,1,3,2020-01-01T03:00:00+00:00,2,branch_A11_sustained,branch,A11,bounded,continuous,172.770833333,0,664.374395151,-100,0,true,true,false,constraint_violation,0.958124474,108,1.086375118,210,0.036375118,0.928583736,C10,0,101_STEAM_3,134.765418038,316_STEAM_1,0,122,122_WIND_1,100,3437.369154333,3531.365745716,93.996591383
0,poi_bus_108,108,Alger,unity,1,3,2020-01-01T03:00:00+00:00,3,branch_A12-1_immediate,branch,A12-1,fixed,short_term,172.770833333,0,664.374395151,-100,0.000000001,true,true,false,constraint_violation,0.892835792,108,1.088807346,306,0.057164208,1.038493841,A13-2,0,101_STEAM_3,78.218681141,314_SYNC_COND_1,0,123,123_STEAM_3,100,3437.369154333,3574.355170474,136.986016141
0,poi_bus_108,108,Alger,unity,1,3,2020-01-01T03:00:00+00:00,4,branch_A12-1_sustained,branch,A12-1,bounded,continuous,172.770833333,0,664.374395151,-100.000000001,0.000000001,true,true,false,constraint_violation,0.902414967,108,1.084026051,210,0.047585033,1.140501336,A13-2,0,101_STEAM_3,126.758555429,316_STEAM_1,0,122,122_WIND_1,100,3437.369154333,3538.240484639,100.871330306
0,poi_bus_108,108,Alger,unity,1,3,2020-01-01T03:00:00+00:00,5,branch_A34_immediate,branch,A34,fixed,short_term,172.770833333,0,664.374395151,-100.000000001,0.000000001,true,true,false,constraint_violation,0.971881508,108,1.089206472,306,0.039206472,1.02201335,A30,0,101_STEAM_3,91.761754323,116_STEAM_1,0,123,123_STEAM_3,100,3437.369154333,3591.886555451,154.517401118
0,poi_bus_108,108,Alger,unity,1,3,2020-01-01T03:00:00+00:00,6,branch_A34_sustained,branch,A34,bounded,continuous,172.770833333,0,664.374395151,-100,0.000000002,true,true,false,constraint_violation,0.968477722,108,1.085950806,210,0.035950806,1.007833939,A30,0,101_STEAM_3,351.036225053,317_WIND_1,0,317,317_WIND_1,100,3437.369154333,3580.314503425,142.945349092
0,poi_bus_108,108,Alger,unity,1,3,2020-01-01T03:00:00+00:00,7,branch_B12-1_immediate,branch,B12-1,fixed,short_term,172.770833333,0,664.374395151,-100.000000001,0.000000001,true,true,false,constraint_violation,0.964524985,207,1.088986268,306,0.038986268,0.788249667,C10,0,101_STEAM_3,78.457297143,314_SYNC_COND_1,0,123,123_STEAM_3,100,3437.369154333,3563.605315522,126.236161189
0,poi_bus_108,108,Alger,unity,1,3,2020-01-01T03:00:00+00:00,8,branch_B12-1_sustained,branch,B12-1,bounded,continuous,172.770833333,0,664.374395151,-100,0,true,true,false,constraint_violation,0.964850333,108,1.078002593,210,0.028002593,0.888642694,A10,0,101_STEAM_3,114.82881944,316_STEAM_1,0,303,303_WIND_1,100,3437.369154333,3585.726624241,148.357469908
0,poi_bus_108,108,Alger,unity,1,3,2020-01-01T03:00:00+00:00,9,branch_B22_immediate,branch,B22,fixed,short_term,172.770833333,0,664.374395151,-100,0.000000002,true,true,false,constraint_violation,0.968848413,108,1.08918468,306,0.03918468,0.788125173,C10,0,101_STEAM_3,78.710491721,314_SYNC_COND_1,0,123,123_STEAM_3,100,3437.369154333,3566.324361526,128.955207193
0,poi_bus_108,108,Alger,unity,1,3,2020-01-01T03:00:00+00:00,10,branch_B22_sustained,branch,B22,bounded,continuous,172.770833333,0,664.374395151,100,0,true,true,false,constraint_violation,0.976181189,108,1.078652598,210,0.028652598,0.936372198,C10,0,101_STEAM_3,64.697361265,316_STEAM_1,0,122,122_WIND_1,100,3437.369154333,3528.954436834,91.585282501
0,poi_bus_108,108,Alger,unity,1,3,2020-01-01T03:00:00+00:00,11,branch_B6_immediate,branch,B6,fixed,short_term,172.770833333,0,664.374395151,-100,0.000000001,true,true,false,constraint_violation,0.966962494,108,1.090752695,210,0.040752695,0.788247558,C10,0,101_STEAM_3,78.463687212,314_SYNC_COND_1,0,123,123_STEAM_3,100,3437.369154333,3559.992215133,122.6230608
0,poi_bus_108,108,Alger,unity,1,3,2020-01-01T03:00:00+00:00,12,branch_B6_sustained,branch,B6,bounded,continuous,172.770833333,0,664.374395151,100,0,true,true,false,constraint_violation,0.967416048,108,1.088593334,210,0.038593334,0.943304788,CA-1,0,101_STEAM_3,335.094500841,317_WIND_1,0,317,317_WIND_1,100,3437.369154333,3568.254380952,130.885226619
0,poi_bus_108,108,Alger,unity,1,3,2020-01-01T03:00:00+00:00,13,branch_C12-1_immediate,branch,C12-1,fixed,short_term,172.770833333,0,664.374395151,-100,0,true,true,false,constraint_violation,0.934784561,307,1.08802404,210,0.03802404,0.758304864,A10,0,101_STEAM_3,52.169738272,314_SYNC_COND_1,0,123,123_STEAM_3,100,3437.369154333,3564.880322753,127.51116842
0,poi_bus_108,108,Alger,unity,1,3,2020-01-01T03:00:00+00:00,14,branch_C12-1_sustained,branch,C12-1,bounded,continuous,172.770833333,0,664.374395151,-100,0,true,true,false,constraint_violation,0.903471126,307,1.085799121,210,0.046528874,0.891167916,A10,0,101_STEAM_3,132.996290621,316_STEAM_1,0,122,122_WIND_1,100,3437.369154333,3534.148663245,96.779508912
0,poi_bus_108,108,Alger,unity,1,3,2020-01-01T03:00:00+00:00,15,branch_C27_immediate,branch,C27,fixed,short_term,172.770833333,0,664.374395151,-100,0,true,true,false,constraint_violation,0.972877749,108,1.087886461,210,0.037886461,0.999071707,C29,0,101_STEAM_3,74.782489437,314_SYNC_COND_1,0,123,123_STEAM_3,100,3437.369154333,3568.134320248,130.765165915
0,poi_bus_108,108,Alger,unity,1,3,2020-01-01T03:00:00+00:00,16,branch_C27_sustained,branch,C27,bounded,continuous,172.770833333,0,664.374395151,-100,0,true,true,false,constraint_violation,0.960792001,307,1.088669771,210,0.038669771,1.004959755,C29,0,101_STEAM_3,165.742404885,316_STEAM_1,0,303,303_WIND_1,100,3437.369154334,3574.327142686,136.957988352
0,poi_bus_108,108,Alger,unity,1,3,2020-01-01T03:00:00+00:00,17,branch_C6_immediate,branch,C6,fixed,short_term,172.770833333,0,664.374395151,-100,0.000000001,true,true,false,constraint_violation,0.972017317,108,1.087998062,210,0.037998062,0.830993881,C2,0,101_STEAM_3,58.566027567,314_SYNC_COND_1,0,123,123_STEAM_3,100,3437.369154333,3567.196146431,129.826992098
0,poi_bus_108,108,Alger,unity,1,3,2020-01-01T03:00:00+00:00,18,branch_C6_sustained,branch,C6,bounded,continuous,172.770833333,0,664.374395151,-100,0,true,true,false,constraint_violation,0.977349758,108,1.087989068,210,0.037989068,0.956841815,CA-1,0,101_STEAM_3,330.438636025,317_WIND_1,0,317,317_WIND_1,100,3437.369154334,3555.483867239,118.114712905
0,poi_bus_108,108,Alger,unity,1,3,2020-01-01T03:00:00+00:00,19,branch_CA-1_immediate,branch,CA-1,fixed,short_term,172.770833333,0,664.374395151,-100,0,true,true,false,constraint_violation,0.963678481,108,1.08852135,210,0.03852135,0.777617978,C10,0,101_STEAM_3,72.113128404,314_SYNC_COND_1,0,123,123_STEAM_3,100,3437.369154333,3576.437229787,139.068075454
0,poi_bus_108,108,Alger,unity,1,3,2020-01-01T03:00:00+00:00,20,branch_CA-1_sustained,branch,CA-1,bounded,continuous,172.770833333,0,664.374395151,-100,0.000000001,true,true,false,constraint_violation,0.962042574,108,1.088083758,210,0.038083758,1.022497164,C27,0,101_STEAM_3,181.546680368,316_STEAM_1,0,122,122_WIND_1,100,3437.369154333,3571.415699664,134.046545331
0,poi_bus_108,108,Alger,unity,1,3,2020-01-01T03:00:00+00:00,21,generator_121_NUCLEAR_1_sustained,generator,121_NUCLEAR_1,bounded,continuous,172.770833333,0,664.374395151,-100,0.000000002,true,true,false,constraint_violation,0.969395296,307,1.086004019,210,0.036004019,0.924952065,A34,0,101_STEAM_3,419.840251469,316_STEAM_1,0,317,317_WIND_1,99,3437.369154333,3575.464195352,138.095041019
0,poi_bus_108,108,Alger,unity,1,3,2020-01-01T03:00:00+00:00,22,generator_213_CC_3_sustained,generator,213_CC_3,bounded,continuous,172.770833333,0,664.374395151,-100,0,true,true,false,constraint_violation,0.97599663,108,1.085784031,210,0.035784031,0.928461397,C10,0,101_STEAM_3,134.582082335,316_STEAM_1,0,122,122_WIND_1,100,3437.369154333,3530.729459977,93.360305644
0,poi_bus_108,108,Alger,unity,1,3,2020-01-01T03:00:00+00:00,23,generator_313_CC_1_sustained,generator,313_CC_1,bounded,continuous,172.770833333,0,664.374395151,-100,0.000000001,true,true,false,constraint_violation,0.969376706,108,1.088127628,210,0.038127628,0.936568721,CA-1,0,101_STEAM_3,340.368643778,317_WIND_1,0,317,317_WIND_1,100,3437.369154333,3568.542389623,131.17323529
0,poi_bus_108,108,Alger,unity,1,4,2020-01-01T04:00:00+00:00,0,normal,normal,,base,continuous,174.979166667,0,692.511540751,-99.999999999,0,true,true,false,constraint_violation,0.964480121,108,1.088326995,310,0.038326995,0.903777802,C10,0,101_STEAM_3,76.237481333,314_SYNC_COND_1,0,123,123_STEAM_3,100,3577.837599667,3697.212608885,119.375009218
0,poi_bus_108,108,Alger,unity,1,4,2020-01-01T04:00:00+00:00,1,branch_A11_immediate,branch,A11,fixed,short_term,174.979166667,0,692.511540751,-100,0.000000001,true,true,false,constraint_violation,0.948357509,108,1.088305036,310,0.038305036,0.790820033,C10,0,101_STEAM_3,76.21335105,314_SYNC_COND_1,0,123,123_STEAM_3,100,3577.837599667,3696.81234088,118.974741213
0,poi_bus_108,108,Alger,unity,1,4,2020-01-01T04:00:00+00:00,2,branch_A11_sustained,branch,A11,bounded,continuous,174.979166667,0,692.511540751,-100,0,true,true,false,constraint_violation,0.947113326,108,1.087419423,210,0.037419423,0.935092135,C6,0,101_STEAM_3,336.496046326,317_WIND_1,0,317,317_WIND_1,100,3577.837599667,3689.104803659,111.267203992
0,poi_bus_108,108,Alger,unity,1,4,2020-01-01T04:00:00+00:00,3,branch_A12-1_immediate,branch,A12-1,fixed,short_term,174.979166667,0,692.511540751,-100,0,true,true,false,constraint_violation,0.87600807,108,1.088134062,310,0.07399193,1.053701885,A13-2,0,101_STEAM_3,76.017924694,314_SYNC_COND_1,0,123,123_STEAM_3,100,3577.837599667,3713.174580936,135.336981269
0,poi_bus_108,108,Alger,unity,1,4,2020-01-01T04:00:00+00:00,4,branch_A12-1_sustained,branch,A12-1,bounded,continuous,174.979166667,0,692.511540751,100,0.000000002,true,true,false,constraint_violation,0.884809598,108,1.081742593,210,0.065190402,1.134023854,A13-2,0,101_STEAM_3,362.626769751,317_WIND_1,0,317,317_WIND_1,100,3577.837599667,3717.329786633,139.492186966
0,poi_bus_108,108,Alger,unity,1,4,2020-01-01T04:00:00+00:00,5,branch_A34_immediate,branch,A34,fixed,short_term,174.979166667,0,692.511540751,-100,0.000000001,true,true,false,constraint_violation,0.964572308,108,1.088525945,310,0.038525945,1.022068697,A30,0,101_STEAM_3,91.522922553,116_STEAM_1,0,123,123_STEAM_3,100,3577.837599667,3729.233519539,151.395919872
0,poi_bus_108,108,Alger,unity,1,4,2020-01-01T04:00:00+00:00,6,branch_A34_sustained,branch,A34,bounded,continuous,174.979166667,0,692.511540751,99.999999999,0.000000001,true,true,false,constraint_violation,0.964880379,108,1.084826947,210,0.034826947,1.007968429,A30,0,101_STEAM_3,78.735613278,316_STEAM_1,0,303,303_WIND_1,100,3577.837599667,3708.76087724,130.923277573
0,poi_bus_108,108,Alger,unity,1,4,2020-01-01T04:00:00+00:00,7,branch_B12-1_immediate,branch,B12-1,fixed,short_term,174.979166667,0,692.511540751,-100,0.000000001,true,true,false,constraint_violation,0.958818132,207,1.088310303,310,0.038310303,0.79081665,C10,0,101_STEAM_3,76.21916276,314_SYNC_COND_1,0,123,123_STEAM_3,100,3577.837599667,3700.997115655,123.159515988
0,poi_bus_108,108,Alger,unity,1,4,2020-01-01T04:00:00+00:00,8,branch_B12-1_sustained,branch,B12-1,bounded,continuous,174.979166667,0,692.511540751,-99.999999999,0,true,true,false,constraint_violation,0.958629032,207,1.075092455,210,0.025092455,0.881861584,A10,0,101_STEAM_3,108.573854042,316_STEAM_1,0,303,303_WIND_1,100,3577.837599667,3711.684896339,133.847296672
0,poi_bus_108,108,Alger,unity,1,4,2020-01-01T04:00:00+00:00,9,branch_B22_immediate,branch,B22,fixed,short_term,174.979166667,0,692.511540751,-100,0.000000001,true,true,false,constraint_violation,0.961478439,108,1.088517215,310,0.038517215,0.79063234,C10,0,101_STEAM_3,76.433413509,314_SYNC_COND_1,0,123,123_STEAM_3,100,3577.837599667,3704.489492317,126.65189265
0,poi_bus_108,108,Alger,unity,1,4,2020-01-01T04:00:00+00:00,10,branch_B22_sustained,branch,B22,bounded,continuous,174.979166667,0,692.511540751,-100,0,true,true,false,constraint_violation,0.966801798,108,1.078886747,210,0.028886747,1.002994286,C27,0,101_STEAM_3,121.667503797,316_STEAM_1,0,122,122_WIND_1,100,3577.837599667,3674.031734139,96.194134472
0,poi_bus_108,108,Alger,unity,1,4,2020-01-01T04:00:00+00:00,11,branch_B6_immediate,branch,B6,fixed,short_term,174.979166667,0,692.511540751,-100,0,true,true,false,constraint_violation,0.959043074,108,1.089358866,210,0.039358866,0.790805363,C10,0,101_STEAM_3,76.237824994,314_SYNC_COND_1,0,123,123_STEAM_3,100,3577.837599667,3697.281978333,119.444378666
0,poi_bus_108,108,Alger,unity,1,4,2020-01-01T04:00:00+00:00,12,branch_B6_sustained,branch,B6,bounded,continuous,174.979166667,0,692.511540751,-99.999999999,0,true,true,false,constraint_violation,0.95012162,108,1.089928065,210,0.039928065,0.919164257,CA-1,0,101_STEAM_3,355.856727143,317_WIND_1,0,317,317_WIND_1,100,3577.837599667,3724.085651541,146.248051874
0,poi_bus_108,108,Alger,unity,1,4,2020-01-01T04:00:00+00:00,13,branch_C12-1_immediate,branch,C12-1,fixed,short_term,174.979166667,0,692.511540751,-100,0,true,true,false,constraint_violation,0.93083707,307,1.086435247,210,0.036435247,0.755952411,A10,0,101_STEAM_3,49.50750014,314_SYNC_COND_1,0,123,123_STEAM_3,100,3577.837599667,3702.259320571,124.421720904
0,poi_bus_108,108,Alger,unity,1,4,2020-01-01T04:00:00+00:00,14,branch_C12-1_sustained,branch,C12-1,bounded,continuous,174.979166667,0,692.511540751,-100,0.000000001,true,true,false,constraint_violation,0.90872232,307,1.084989087,210,0.04127768,0.965307545,CA-1,0,101_STEAM_3,348.355478911,316_STEAM_1,0,317,317_WIND_1,100,3577.837599667,3700.300125593,122.462525926
0,poi_bus_108,108,Alger,unity,1,4,2020-01-01T04:00:00+00:00,15,branch_C27_immediate,branch,C27,fixed,short_term,174.979166667,0,692.511540751,-100,0.000000001,true,true,false,constraint_violation,0.965503712,108,1.086231722,210,0.036231722,0.998998315,C29,0,101_STEAM_3,72.342754687,314_SYNC_COND_1,0,123,123_STEAM_3,100,3577.837599667,3706.688132926,128.850533259
0,poi_bus_108,108,Alger,unity,1,4,2020-01-01T04:00:00+00:00,16,branch_C27_sustained,branch,C27,bounded,continuous,174.979166667,0,692.511540751,-100,0.000000001,true,true,false,constraint_violation,0.967432501,108,1.08467711,210,0.03467711,0.89163355,C10,0,101_STEAM_3,162.615031358,317_WIND_1,0,317,317_WIND_1,100,3577.837599667,3662.915485328,85.077885661
0,poi_bus_108,108,Alger,unity,1,4,2020-01-01T04:00:00+00:00,17,branch_C6_immediate,branch,C6,fixed,short_term,174.979166667,0,692.511540751,-100,0.000000001,true,true,false,constraint_violation,0.96467049,108,1.086398065,210,0.036398065,0.811773088,C2,0,101_STEAM_3,56.330560145,314_SYNC_COND_1,0,123,123_STEAM_3,100,3577.837599667,3703.882512066,126.044912399
0,poi_bus_108,108,Alger,unity,1,4,2020-01-01T04:00:00+00:00,18,branch_C6_sustained,branch,C6,bounded,continuous,174.979166667,0,692.511540751,100,0,true,true,false,constraint_violation,0.964303318,108,1.086225016,210,0.036225016,1.02493153,C2,0,101_STEAM_3,46.08090439,116_STEAM_1,0,123,123_STEAM_3,100,3577.837599667,3737.264580088,159.426980421
0,poi_bus_108,108,Alger,unity,1,4,2020-01-01T04:00:00+00:00,19,branch_CA-1_immediate,branch,CA-1,fixed,short_term,174.979166667,0,692.511540751,-100,0.000000001,true,true,false,constraint_violation,0.957276077,108,1.087216843,210,0.037216843,0.779580469,C10,0,101_STEAM_3,69.039733508,314_SYNC_COND_1,0,123,123_STEAM_3,100,3577.837599667,3712.896521678,135.058922011
0,poi_bus_108,108,Alger,unity,1,4,2020-01-01T04:00:00+00:00,20,branch_CA-1_sustained,branch,CA-1,bounded,continuous,174.979166667,0,692.511540751,100,0,true,true,false,constraint_violation,0.963747053,108,1.085851645,210,0.035851645,0.921094894,A27,0,101_STEAM_3,116.691883147,316_STEAM_1,0,303,303_WIND_1,100,3577.837599667,3730.396403364,152.558803697
0,poi_bus_108,108,Alger,unity,1,4,2020-01-01T04:00:00+00:00,21,generator_121_NUCLEAR_1_sustained,generator,121_NUCLEAR_1,bounded,continuous,174.979166667,0,692.511540751,-100,0,true,true,false,constraint_violation,0.965219946,108,1.086480033,210,0.036480033,0.958855597,C6,0,101_STEAM_3,348.957454097,317_WIND_1,0,317,317_WIND_1,99,3577.837599667,3700.378180359,122.540580692
0,poi_bus_108,108,Alger,unity,1,4,2020-01-01T04:00:00+00:00,22,generator_213_CC_3_sustained,generator,213_CC_3,bounded,continuous,174.979166667,0,692.511540751,-100,0,true,true,false,constraint_violation,0.968125275,108,1.084461491,210,0.034461491,0.991841016,C27,0,101_STEAM_3,120.230132127,316_STEAM_1,0,122,122_WIND_1,100,3577.837599667,3668.96436518,91.126765513
0,poi_bus_108,108,Alger,unity,1,4,2020-01-01T04:00:00+00:00,23,generator_313_CC_1_sustained,generator,313_CC_1,bounded,continuous,174.979166667,0,692.511540751,99.999999999,0.000000001,true,true,false,constraint_violation,0.965039466,108,1.084788552,210,0.034788552,0.938927639,CA-1,0,101_STEAM_3,331.207598278,317_WIND_1,0,317,317_WIND_1,100,3577.837599666,3711.786545542,133.948945876
0,poi_bus_108,108,Alger,unity,1,5,2020-01-01T05:00:00+00:00,0,normal,normal,,base,continuous,180.208333333,0,747.327172653,-100,0.000000001,true,true,false,constraint_violation,0.951081239,108,1.082684544,210,0.032684544,0.950764188,C6,0,101_STEAM_3,53.713730875,314_SYNC_COND_1,0,123,123_STEAM_3,100,3852.419440333,3979.809039345,127.389599012
0,poi_bus_108,108,Alger,unity,1,5,2020-01-01T05:00:00+00:00,1,branch_A11_immediate,branch,A11,fixed,short_term,180.208333333,0,747.327172653,-100,0.000000001,true,true,false,constraint_violation,0.93170082,108,1.083538412,210,0.033538412,0.763880826,C10,0,101_STEAM_3,53.710544808,314_SYNC_COND_1,0,123,123_STEAM_3,100,3852.419440333,3979.832604586,127.413164253
0,poi_bus_108,108,Alger,unity,1,5,2020-01-01T05:00:00+00:00,2,branch_A11_sustained,branch,A11,bounded,continuous,180.208333333,0,747.327172653,-100,0.000000001,true,true,false,constraint_violation,0.930147099,108,1.082998079,210,0.032998079,0.941804536,CA-1,0,101_STEAM_3,339.815804752,316_STEAM_1,0,317,317_WIND_1,100,3852.419440333,3993.051604172,140.632163839
0,poi_bus_108,108,Alger,unity,1,5,2020-01-01T05:00:00+00:00,3,branch_A12-1_immediate,branch,A12-1,fixed,short_term,180.208333333,0,747.327172653,-100,0,true,true,false,constraint_violation,0.842861241,108,1.079474447,210,0.107138759,1.112935123,A13-2,7.67950128,123_STEAM_3,53.438226413,314_SYNC_COND_1,0,123,123_STEAM_3,100,3852.419440333,4000.098941613,147.67950128
0,poi_bus_108,108,Alger,unity,1,5,2020-01-01T05:00:00+00:00,4,branch_A12-1_sustained,branch,A12-1,bounded,continuous,180.208333333,0,747.327172653,-99.999999999,0,true,true,false,constraint_violation,0.85401253,108,1.078011833,210,0.09598747,1.22099644,A13-2,0,101_STEAM_3,33.746524891,314_SYNC_COND_1,0,122,122_WIND_1,100,3852.419440334,3977.753426324,125.33398599
0,poi_bus_108,108,Alger,unity,1,5,2020-01-01T05:00:00+00:00,5,branch_A34_immediate,branch,A34,fixed,short_term,180.208333333,0,747.327172653,-100,0,true,true,false,constraint_violation,0.95113963,108,1.08279245,210,0.03279245,1.02211086,A30,19.960525912,123_STEAM_3,88.430466578,116_STEAM_1,0,123,123_STEAM_3,100,3852.419440333,4012.379966245,159.960525912
0,poi_bus_108,108,Alger,unity,1,5,2020-01-01T05:00:00+00:00,6,branch_A34_sustained,branch,A34,bounded,continuous,180.208333333,0,747.327172653,100,0.000000001,true,true,false,constraint_violation,0.949650352,108,1.081419396,210,0.031419396,1.008019958,A30,0,101_STEAM_3,350.701564365,317_WIND_1,0,317,317_WIND_1,100,3852.419440333,3985.747001593,133.32756126
0,poi_bus_108,108,Alger,unity,1,5,2020-01-01T05:00:00+00:00,7,branch_B12-1_immediate,branch,B12-1,fixed,short_term,180.208333333,0,747.327172653,-100,0,true,true,false,constraint_violation,0.943381627,207,1.073805396,310,0.023805396,0.763889789,C10,0,101_STEAM_3,53.689888684,314_SYNC_COND_1,0,123,123_STEAM_3,100,3852.419440333,3984.262839663,131.84339933
0,poi_bus_108,108,Alger,unity,1,5,2020-01-01T05:00:00+00:00,8,branch_B12-1_sustained,branch,B12-1,bounded,continuous,180.208333333,0,747.327172653,-61.68767692,0.000000001,true,true,false,constraint_violation,0.944543577,207,1.070772537,210,0.020772537,0.908304582,CA-1,0,101_STEAM_3,150.231947976,316_STEAM_1,0,303,303_WIND_1,100,3852.419440333,4004.432485836,152.013045503
0,poi_bus_108,108,Alger,unity,1,5,2020-01-01T05:00:00+00:00,9,branch_B22_immediate,branch,B22,fixed,short_term,180.208333333,0,747.327172653,-99.999999999,0,true,true,false,constraint_violation,0.947668236,108,1.075078008,210,0.025078008,0.763706689,C10,0,101_STEAM_3,53.969392874,314_SYNC_COND_1,0,123,123_STEAM_3,100,3852.419440333,3988.752222381,136.332782048
0,poi_bus_108,108,Alger,unity,1,5,2020-01-01T05:00:00+00:00,10,branch_B22_sustained,branch,B22,bounded,continuous,180.208333333,0,747.327172653,-100,0.000000002,true,true,false,constraint_violation,0.945914151,108,1.076670378,210,0.026670378,0.909614572,CA-1,0,101_STEAM_3,154.835294258,316_STEAM_1,0,303,303_WIND_1,100,3852.419440333,4001.361341621,148.941901288
0,poi_bus_108,108,Alger,unity,1,5,2020-01-01T05:00:00+00:00,11,branch_B6_immediate,branch,B6,fixed,short_term,180.208333333,0,747.327172653,-100.000000001,0.000000001,true,true,false,constraint_violation,0.944984764,108,1.085885036,210,0.035885036,0.763873536,C10,0,101_STEAM_3,53.726486965,314_SYNC_COND_1,0,123,123_STEAM_3,100,3852.419440333,3980.006533026,127.587092693
0,poi_bus_108,108,Alger,unity,1,5,2020-01-01T05:00:00+00:00,12,branch_B6_sustained,branch,B6,bounded,continuous,180.208333333,0,747.327172653,-100,0.000000001,true,true,false,constraint_violation,0.944373762,108,1.086183799,210,0.036183799,0.864987048,B10,0,101_STEAM_3,123.954390685,316_STEAM_1,0,303,303_WIND_1,100,3852.419440333,3967.712935075,115.293494742
0,poi_bus_108,108,Alger,unity,1,5,2020-01-01T05:00:00+00:00,13,branch_C12-1_immediate,branch,C12-1,fixed,short_term,180.208333333,0,747.327172653,-100,0,true,true,false,constraint_violation,0.893533809,307,1.082707719,210,0.056466191,0.757942542,B10,0,101_STEAM_3,31.569402145,316_STEAM_1,0,123,123_STEAM_3,100,3852.419440333,3986.3360111,133.916570767
0,poi_bus_108,108,Alger,unity,1,5,2020-01-01T05:00:00+00:00,14,branch_C12-1_sustained,branch,C12-1,bounded,continuous,180.208333333,0,747.327172653,-11.18047467,0.000000001,true,true,false,constraint_violation,0.86182125,307,1.08204456,210,0.08817875,0.937626489,CA-1,0,101_STEAM_3,351.267075819,316_STEAM_1,0,317,317_WIND_1,100,3852.419440333,4004.62469559,152.205255257
0,poi_bus_108,108,Alger,unity,1,5,2020-01-01T05:00:00+00:00,15,branch_C27_immediate,branch,C27,fixed,short_term,180.208333333,0,747.327172653,-100,0.000000002,true,true,false,constraint_violation,0.952094428,108,1.082413656,210,0.032413656,0.998488957,C29,0,101_STEAM_3,78.745809459,316_STEAM_1,0,123,123_STEAM_3,100,3852.419440333,3991.216505488,138.797065155
0,poi_bus_108,108,Alger,unity,1,5,2020-01-01T05:00:00+00:00,16,branch_C27_sustained,branch,C27,bounded,continuous,180.208333333,0,747.327172653,-100,0.000000001,true,true,false,constraint_violation,0.950930562,108,1.082103228,210,0.032103228,0.965364711,CA-1,0,101_STEAM_3,172.274240708,316_STEAM_1,0,317,317_WIND_1,100,3852.419440334,3993.290289692,140.870849358
0,poi_bus_108,108,Alger,unity,1,5,2020-01-01T05:00:00+00:00,17,branch_C6_immediate,branch,C6,fixed,short_term,180.208333333,0,747.327172653,-100,0.000000001,true,true,false,constraint_violation,0.951268226,108,1.082652814,210,0.032652814,0.887044966,C2,0,101_STEAM_3,61.734755188,316_STEAM_1,0,123,123_STEAM_3,100,3852.419440333,3989.01414421,136.594703877
0,poi_bus_108,108,Alger,unity,1,5,2020-01-01T05:00:00+00:00,18,branch_C6_sustained,branch,C6,bounded,continuous,180.208333333,0,747.327172653,100,0.000000001,true,true,false,constraint_violation,0.948289023,108,1.081372625,210,0.031372625,1.020720235,C2,0,101_STEAM_3,42.517135285,116_STEAM_1,0,123,123_STEAM_3,100,3852.419440333,4012.930215672,160.510775339
0,poi_bus_108,108,Alger,unity,1,5,2020-01-01T05:00:00+00:00,19,branch_CA-1_immediate,branch,CA-1,fixed,short_term,180.208333333,0,747.327172653,-100,0.000000001,true,true,false,constraint_violation,0.94282033,108,1.083956553,210,0.033956553,0.824037319,C6,8.339073824,123_STEAM_3,45.372755511,316_STEAM_1,0,123,123_STEAM_3,100,3852.419440333,4000.758514157,148.339073824
0,poi_bus_108,108,Alger,unity,1,5,2020-01-01T05:00:00+00:00,20,branch_CA-1_sustained,branch,CA-1,bounded,continuous,180.208333333,0,747.327172653,-100,0.000000001,true,true,false,constraint_violation,0.943186754,108,1.082237321,210,0.032237321,1.016668954,C6,0,101_STEAM_3,321.12873351,317_WIND_1,0,317,317_WIND_1,100,3852.419440333,4018.303230782,165.883790449
0,poi_bus_108,108,Alger,unity,1,5,2020-01-01T05:00:00+00:00,21,generator_121_NUCLEAR_1_sustained,generator,121_NUCLEAR_1,bounded,continuous,180.208333333,0,747.327172653,-100,0.000000001,true,true,false,constraint_violation,0.95329527,108,1.081666993,210,0.031666993,0.929526243,C6,0,101_STEAM_3,361.032491997,317_WIND_1,0,317,317_WIND_1,99,3852.419440333,3969.071942589,116.652502256
0,poi_bus_108,108,Alger,unity,1,5,2020-01-01T05:00:00+00:00,22,generator_213_CC_3_sustained,generator,213_CC_3,bounded,continuous,180.208333333,0,747.327172653,-100,0,true,true,false,constraint_violation,0.950942109,108,1.082100281,210,0.032100281,1.001161528,C6,0,101_STEAM_3,334.467075134,317_WIND_1,0,317,317_WIND_1,100,3852.419440333,3985.249394454,132.829954121
0,poi_bus_108,108,Alger,unity,1,5,2020-01-01T05:00:00+00:00,23,generator_313_CC_1_sustained,generator,313_CC_1,bounded,continuous,180.208333333,0,747.327172653,-100,0.000000002,true,true,false,constraint_violation,0.946058733,108,1.082356895,210,0.032356895,0.864649722,B10,0,101_STEAM_3,123.307401344,316_STEAM_1,0,303,303_WIND_1,100,3852.419440333,3996.966023329,144.546582996
0,poi_bus_108,108,Alger,unity,1,6,2020-01-01T06:00:00+00:00,0,normal,normal,,base,continuous,184.125,0,803.555549832,-23.633233331,0,true,true,false,constraint_violation,0.942884168,108,1.087415196,310,0.037415196,0.904978358,C6,0,101_STEAM_3,4.600280847,101_STEAM_3,0,223,223_STEAM_3,102,4132.630719,4263.980981445,131.350262445
0,poi_bus_108,108,Alger,unity,1,6,2020-01-01T06:00:00+00:00,1,branch_A11_immediate,branch,A11,fixed,short_term,184.125,0,803.555549832,-23.633233331,0.000000001,true,true,false,constraint_violation,0.91979991,108,1.0874772,310,0.0374772,0.79147069,C10,0,101_STEAM_3,2.361995164,101_STEAM_3,0,223,223_STEAM_3,102,4132.630719,4264.723838186,132.093119186
0,poi_bus_108,108,Alger,unity,1,6,2020-01-01T06:00:00+00:00,2,branch_A11_sustained,branch,A11,bounded,continuous,184.125,0,803.555549832,100,0.000000001,true,true,false,constraint_violation,0.916310715,108,1.08204074,310,0.033689285,0.897409326,C10,0,101_STEAM_3,362.913167039,317_WIND_1,0,317,317_WIND_1,102,4132.630719,4268.926433618,136.295714618
0,poi_bus_108,108,Alger,unity,1,6,2020-01-01T06:00:00+00:00,3,branch_A12-1_immediate,branch,A12-1,fixed,short_term,184.125,0,803.555549832,-23.633233331,0,true,true,false,constraint_violation,0.822868046,108,1.087195712,310,0.127131954,1.116424371,A13-2,13.360646571,223_STEAM_3,11.189707641,215_HYDRO_1,0,223,223_STEAM_3,102,4132.630719,4285.991365571,153.360646571
0,poi_bus_108,108,Alger,unity,1,6,2020-01-01T06:00:00+00:00,4,branch_A12-1_sustained,branch,A12-1,bounded,continuous,184.125,0,803.555549832,100,0.000000001,true,true,false,constraint_violation,0.829056325,108,1.089786403,310,0.120943675,1.260822341,A13-2,51.57007727,122_WIND_1,18.279208925,116_STEAM_1,0,122,122_WIND_1,102,4132.630719,4294.957571994,162.326852994
0,poi_bus_108,108,Alger,unity,1,6,2020-01-01T06:00:00+00:00,5,branch_A34_immediate,branch,A34,fixed,short_term,184.125,0,803.555549832,-23.633233331,0,true,true,false,constraint_violation,0.943450597,108,1.088007684,310,0.038007684,1.022111326,A30,23.972790325,223_STEAM_3,86.685103038,116_STEAM_1,0,223,223_STEAM_3,102,4132.630719,4296.603509325,163.972790325
0,poi_bus_108,108,Alger,unity,1,6,2020-01-01T06:00:00+00:00,6,branch_A34_sustained,branch,A34,bounded,continuous,184.125,0,803.555549832,100,0,true,true,false,constraint_violation,0.943635053,108,1.081710901,310,0.031710901,1.422682596,A30,48.820285594,122_WIND_1,130.703236793,116_STEAM_1,0,122,122_WIND_1,102,4132.630719,4321.351004594,188.720285594
0,poi_bus_108,108,Alger,unity,1,6,2020-01-01T06:00:00+00:00,7,branch_B12-1_immediate,branch,B12-1,fixed,short_term,184.125,0,803.555549832,-23.633233331,0.000000001,true,true,false,constraint_violation,0.921335108,207,1.087410149,310,0.037410149,0.791466423,C10,0,101_STEAM_3,4.638039836,101_STEAM_3,0,223,223_STEAM_3,102,4132.630719,4269.1786094,136.5478904
0,poi_bus_108,108,Alger,unity,1,6,2020-01-01T06:00:00+00:00,8,branch_B12-1_sustained,branch,B12-1,bounded,continuous,184.125,0,803.555549832,99.999999999,0,true,true,false,constraint_violation,0.919577106,207,1.061027417,210,0.030422894,0.873724866,C10,0,101_STEAM_3,74.341532746,303_WIND_1,0,303,303_WIND_1,102,4132.630719,4270.650477667,138.019758667
0,poi_bus_108,108,Alger,unity,1,6,2020-01-01T06:00:00+00:00,9,branch_B22_immediate,branch,B22,fixed,short_term,184.125,0,803.555549832,-23.633233331,0,true,true,false,constraint_violation,0.9401327,108,1.087890796,310,0.037890796,0.791452646,C10,0.198415497,223_STEAM_3,4.120438998,101_STEAM_3,0,223,223_STEAM_3,102,4132.630719,4272.829134497,140.198415497
0,poi_bus_108,108,Alger,unity,1,6,2020-01-01T06:00:00+00:00,10,branch_B22_sustained,branch,B22,bounded,continuous,184.125,0,803.555549832,-100,0.000000001,true,true,false,constraint_violation,0.941538521,108,1.070420342,210,0.020420342,0.867951096,CA-1,0,101_STEAM_3,76.487645168,316_STEAM_1,0,303,303_WIND_1,102,4132.630719,4282.56955789,149.93883889
0,poi_bus_108,108,Alger,unity,1,6,2020-01-01T06:00:00+00:00,11,branch_B6_immediate,branch,B6,fixed,short_term,184.125,0,803.555549832,-23.633233331,0.000000001,true,true,false,constraint_violation,0.936326456,108,1.087457661,310,0.037457661,0.791469629,C10,0,101_STEAM_3,3.951102097,101_STEAM_3,0,223,223_STEAM_3,102,4132.630719,4264.32565626,131.69493726
0,poi_bus_108,108,Alger,unity,1,6,2020-01-01T06:00:00+00:00,12,branch_B6_sustained,branch,B6,bounded,continuous,184.125,0,803.555549832,-100,0.000000001,true,true,false,constraint_violation,0.937087915,108,1.080663722,210,0.030663722,0.92826546,C6,0,101_STEAM_3,355.478583923,317_WIND_1,0,317,317_WIND_1,102,4132.630719,4276.836897508,144.206178508
0,poi_bus_108,108,Alger,unity,1,6,2020-01-01T06:00:00+00:00,13,branch_C12-1_immediate,branch,C12-1,fixed,short_term,184.125,0,803.555549832,-23.633233331,0,true,true,false,constraint_violation,0.872999767,307,1.07774381,210,0.077000233,0.770655719,C13-2,0.271959305,223_STEAM_3,4.629908178,101_STEAM_3,0,223,223_STEAM_3,102,4132.630719,4272.902678305,140.271959305
0,poi_bus_108,108,Alger,unity,1,6,2020-01-01T06:00:00+00:00,14,branch_C12-1_sustained,branch,C12-1,bounded,continuous,184.125,0,803.555549832,-100,0.000000001,true,true,false,constraint_violation,0.86411898,307,1.077547589,210,0.08588102,0.972590025,C13-2,0,101_STEAM_3,4.484974691,101_STEAM_3,0,223,223_STEAM_3,102,4132.630719,4277.127843908,144.497124908
0,poi_bus_108,108,Alger,unity,1,6,2020-01-01T06:00:00+00:00,15,branch_C27_immediate,branch,C27,fixed,short_term,184.125,0,803.555549832,-23.63323333,0.000000001,true,true,false,constraint_violation,0.943856779,108,1.08241186,310,0.03241186,0.933683769,C29,2.980096612,223_STEAM_3,4.966513516,101_STEAM_3,0,223,223_STEAM_3,102,4132.630719,4275.610815612,142.980096612
0,poi_bus_108,108,Alger,unity,1,6,2020-01-01T06:00:00+00:00,16,branch_C27_sustained,branch,C27,bounded,continuous,184.125,0,803.555549832,-100.000000001,0,true,true,false,constraint_violation,0.946167879,108,1.080843172,310,0.030843172,0.999330826,C29,0,101_STEAM_3,6.094071148,101_STEAM_3,0,122,122_WIND_1,102,4132.630719,4252.425199,119.79448
0,poi_bus_108,108,Alger,unity,1,6,2020-01-01T06:00:00+00:00,17,branch_C6_immediate,branch,C6,fixed,short_term,184.125,0,803.555549832,-23.633233331,0.000000001,true,true,false,constraint_violation,0.943145672,108,1.07768152,210,0.02768152,0.863124074,C2,0,101_STEAM_3,4.697345471,101_STEAM_3,0,223,223_STEAM_3,102,4132.630719,4272.439522059,139.808803059
0,poi_bus_108,108,Alger,unity,1,6,2020-01-01T06:00:00+00:00,18,branch_C6_sustained,branch,C6,bounded,continuous,184.125,0,803.555549832,-100,0.000000001,true,true,false,constraint_violation,0.943839577,108,1.077266293,210,0.027266293,0.906900509,CA-1,0,101_STEAM_3,80.608387768,316_STEAM_1,0,303,303_WIND_1,102,4132.630719,4280.110769446,147.480050446
0,poi_bus_108,108,Alger,unity,1,6,2020-01-01T06:00:00+00:00,19,branch_CA-1_immediate,branch,CA-1,fixed,short_term,184.125,0,803.555549832,-23.633233331,0.000000001,true,true,false,constraint_violation,0.934174517,108,1.083671041,310,0.033671041,0.804931896,C6,22.171543997,223_STEAM_3,45.295183633,116_STEAM_1,0,223,223_STEAM_3,102,4132.630719,4294.802262997,162.171543997
0,poi_bus_108,108,Alger,unity,1,6,2020-01-01T06:00:00+00:00,20,branch_CA-1_sustained,branch,CA-1,bounded,continuous,184.125,0,803.555549832,72.467635999,0.000000002,true,true,false,constraint_violation,0.92905096,108,1.080945249,310,0.030945249,1.007820496,C6,0,101_STEAM_3,303.790298653,317_WIND_1,0,317,317_WIND_1,102,4132.630719,4320.115333971,187.484614971
0,poi_bus_108,108,Alger,unity,1,6,2020-01-01T06:00:00+00:00,21,generator_121_NUCLEAR_1_sustained,generator,121_NUCLEAR_1,bounded,continuous,184.125,0,803.555549832,-100.000000001,0,true,true,false,constraint_violation,0.946551013,108,1.076433264,210,0.026433264,0.928051769,C6,120.39146856,223_STEAM_2,66.968392445,316_STEAM_1,120.39146856,223,223_STEAM_1,101,4132.630719,4253.02218756,120.39146856
0,poi_bus_108,108,Alger,unity,1,6,2020-01-01T06:00:00+00:00,22,generator_213_CC_3_sustained,generator,213_CC_3,bounded,continuous,184.125,0,803.555549832,-100.000000001,0,true,true,false,constraint_violation,0.946254884,108,1.088269577,310,0.038269577,0.924681491,C6,0,101_STEAM_3,6.122982569,101_STEAM_3,0,122,122_WIND_1,102,4132.630719,4234.445944232,101.815225232
0,poi_bus_108,108,Alger,unity,1,6,2020-01-01T06:00:00+00:00,23,generator_313_CC_1_sustained,generator,313_CC_1,bounded,continuous,184.125,0,803.555549832,-100,0.000000001,true,true,false,constraint_violation,0.943447693,108,1.07732488,210,0.02732488,0.92809384,C6,0,101_STEAM_3,355.501143339,317_WIND_1,0,317,317_WIND_1,102,4132.630719,4276.650349798,144.019630798
0,poi_bus_108,108,Alger,unity,1,7,2020-01-01T07:00:00+00:00,0,normal,normal,,base,continuous,188.895833333,0,811.340510695,100,0.000000001,true,true,false,constraint_violation,0.932897228,108,1.078900488,210,0.028900488,0.930209168,C10,118.193624552,113_PV_1,141.206355635,113_PV_1,0,113,113_PV_1,100,4175.655239333,4293.848863885,118.193624552
0,poi_bus_108,108,Alger,unity,1,7,2020-01-01T07:00:00+00:00,1,branch_A11_immediate,branch,A11,fixed,short_term,188.895833333,0,811.340510695,100.000000001,0,true,true,false,constraint_violation,0.906542499,108,1.080115745,210,0.043457501,0.813913924,C10,118.504556397,113_PV_1,131.978188047,113_PV_1,0,113,113_PV_1,100,4175.655239333,4294.15979573,118.504556397
0,poi_bus_108,108,Alger,unity,1,7,2020-01-01T07:00:00+00:00,2,branch_A11_sustained,branch,A11,bounded,continuous,188.895833333,0,811.340510695,-99.999999999,0,true,true,false,constraint_violation,0.907111858,108,1.080325954,210,0.042888142,0.887830859,C10,137.078486228,113_PV_1,143.780211708,316_STEAM_1,0,113,113_PV_1,100,4175.655239333,4312.733725561,137.078486228
0,poi_bus_108,108,Alger,unity,1,7,2020-01-01T07:00:00+00:00,3,branch_A12-1_immediate,branch,A12-1,fixed,short_term,188.895833333,0,811.340510695,100,0.000000001,true,true,false,constraint_violation,0.808198719,108,1.07507483,210,0.141801281,1.160442635,A13-2,141.59297336,113_PV_1,128.031534555,113_PV_1,0,113,113_PV_1,100,4175.655239333,4317.248212693,141.59297336
0,poi_bus_108,108,Alger,unity,1,7,2020-01-01T07:00:00+00:00,4,branch_A12-1_sustained,branch,A12-1,bounded,continuous,188.895833333,0,811.340510695,39.37273647,0.000000001,true,true,false,constraint_violation,0.825421264,108,1.074033807,210,0.124578736,1.254981227,A13-2,102.508666751,113_PV_1,129.218692803,113_PV_1,0,113,113_PV_1,100,4175.655239333,4278.163906084,102.508666751
0,poi_bus_108,108,Alger,unity,1,7,2020-01-01T07:00:00+00:00,5,branch_A34_immediate,branch,A34,fixed,short_term,188.895833333,0,811.340510695,100,0.000000001,true,true,false,constraint_violation,0.933086835,108,1.079002612,210,0.029002612,0.875070613,A30,139.869855077,113_PV_1,144.208997515,113_PV_1,0,113,113_PV_1,100,4175.655239333,4315.52509441,139.869855077
0,poi_bus_108,108,Alger,unity,1,7,2020-01-01T07:00:00+00:00,6,branch_A34_sustained,branch,A34,bounded,continuous,188.895833333,0,811.340510695,-100,0.000000002,true,true,false,constraint_violation,0.893669828,307,1.079091086,210,0.056330172,1.103842615,CA-1,184.882752147,113_PV_1,283.901622496,316_STEAM_1,0,113,113_PV_1,100,4175.655239333,4360.53799148,184.882752147
0,poi_bus_108,108,Alger,unity,1,7,2020-01-01T07:00:00+00:00,7,branch_B12-1_immediate,branch,B12-1,fixed,short_term,188.895833333,0,811.340510695,100.000000001,0.000000001,true,true,false,constraint_violation,0.925456354,207,1.069854725,310,0.024543646,0.813967098,C10,123.321487712,113_PV_1,141.993934141,113_PV_1,0,113,113_PV_1,100,4175.655239333,4298.976727045,123.321487712
0,poi_bus_108,108,Alger,unity,1,7,2020-01-01T07:00:00+00:00,8,branch_B12-1_sustained,branch,B12-1,bounded,continuous,188.895833333,0,811.340510695,-100,0.000000001,true,true,false,constraint_violation,0.918299259,108,1.066704226,210,0.031700741,0.962922951,A13-2,146.889266647,113_PV_1,141.471949529,113_PV_1,0,113,113_PV_1,100,4175.655239333,4322.54450598,146.889266647
0,poi_bus_108,108,Alger,unity,1,7,2020-01-01T07:00:00+00:00,9,branch_B22_immediate,branch,B22,fixed,short_term,188.895833333,0,811.340510695,100.000000001,0.000000001,true,true,false,constraint_violation,0.929326658,108,1.070407491,210,0.020673342,0.813454186,C10,127.603965779,113_PV_1,139.731694932,113_PV_1,0,113,113_PV_1,100,4175.655239333,4303.259205112,127.603965779
0,poi_bus_108,108,Alger,unity,1,7,2020-01-01T07:00:00+00:00,10,branch_B22_sustained,branch,B22,bounded,continuous,188.895833333,0,811.340510695,-99.999999999,0,true,true,false,constraint_violation,0.911615166,307,1.074077721,210,0.038384834,1.103133324,CA-1,169.636679317,113_PV_1,239.206857036,316_STEAM_1,0,113,113_PV_1,100,4175.655239334,4345.291918651,169.636679317
0,poi_bus_108,108,Alger,unity,1,7,2020-01-01T07:00:00+00:00,11,branch_B6_immediate,branch,B6,fixed,short_term,188.895833333,0,811.340510695,100,0.000000002,true,true,false,constraint_violation,0.926505854,108,1.082340678,210,0.032340678,0.813915946,C10,118.394580792,113_PV_1,138.827965955,113_PV_1,0,113,113_PV_1,100,4175.655239333,4294.049820125,118.394580792
0,poi_bus_108,108,Alger,unity,1,7,2020-01-01T07:00:00+00:00,12,branch_B6_sustained,branch,B6,bounded,continuous,188.895833333,0,811.340510695,-100,0.000000001,true,true,false,constraint_violation,0.919268097,307,1.08219585,210,0.03219585,1.095862263,CA-1,156.683871553,113_PV_1,227.016264443,316_STEAM_1,0,113,113_PV_1,100,4175.655239333,4332.339110886,156.683871553
0,poi_bus_108,108,Alger,unity,1,7,2020-01-01T07:00:00+00:00,13,branch_C12-1_immediate,branch,C12-1,fixed,short_term,188.895833333,0,811.340510695,100,0,true,true,false,constraint_violation,0.845869589,307,1.078935265,210,0.104130411,0.763865217,C13-2,126.372115597,113_PV_1,142.35659022,113_PV_1,0,113,113_PV_1,100,4175.655239333,4302.02735493,126.372115597
0,poi_bus_108,108,Alger,unity,1,7,2020-01-01T07:00:00+00:00,14,branch_C12-1_sustained,branch,C12-1,bounded,continuous,188.895833333,0,811.340510695,-100,0.000000001,true,true,false,constraint_violation,0.780940519,307,1.081150206,210,0.169059481,0.994037761,C13-2,157.941459128,113_PV_1,154.785534354,316_STEAM_1,0,113,113_PV_1,100,4175.655239333,4333.596698461,157.941459128
0,poi_bus_108,108,Alger,unity,1,7,2020-01-01T07:00:00+00:00,15,branch_C27_immediate,branch,C27,fixed,short_term,188.895833333,0,811.340510695,100,0.000000002,true,true,false,constraint_violation,0.9335564,108,1.07870371,210,0.02870371,0.907765008,C29,122.751133881,113_PV_1,142.860778658,113_PV_1,0,113,113_PV_1,100,4175.655239333,4298.406373214,122.751133881
0,poi_bus_108,108,Alger,unity,1,7,2020-01-01T07:00:00+00:00,16,branch_C27_sustained,branch,C27,bounded,continuous,188.895833333,0,811.340510695,-12.097191369,0,true,true,false,constraint_violation,0.906321044,307,1.079071306,210,0.043678956,1.106389472,CA-1,105.852874688,113_PV_1,232.82026359,316_STEAM_1,0,113,113_PV_1,100,4175.655239333,4331.208114021,155.552874688
0,poi_bus_108,108,Alger,unity,1,7,2020-01-01T07:00:00+00:00,17,branch_C6_immediate,branch,C6,fixed,short_term,188.895833333,0,811.340510695,100,0.000000001,true,true,false,constraint_violation,0.933013072,108,1.078873914,210,0.028873914,0.780846586,C10,120.475070611,113_PV_1,141.710290676,113_PV_1,0,113,113_PV_1,100,4175.655239333,4296.130309944,120.475070611
0,poi_bus_108,108,Alger,unity,1,7,2020-01-01T07:00:00+00:00,18,branch_C6_sustained,branch,C6,bounded,continuous,188.895833333,0,811.340510695,-100,0.000000001,true,true,false,constraint_violation,0.904100237,307,1.079118192,210,0.045899763,1.104663363,CA-1,156.848658761,113_PV_1,249.605866296,316_STEAM_1,0,113,113_PV_1,100,4175.655239334,4332.503898095,156.848658761
0,poi_bus_108,108,Alger,unity,1,7,2020-01-01T07:00:00+00:00,19,branch_CA-1_immediate,branch,CA-1,fixed,short_term,188.895833333,0,811.340510695,100,0.000000001,true,true,false,constraint_violation,0.930269921,108,1.079572105,210,0.029572105,0.805418803,C10,121.817120854,113_PV_1,137.338645683,113_PV_1,0,113,113_PV_1,100,4175.655239333,4297.472360187,121.817120854
0,poi_bus_108,108,Alger,unity,1,7,2020-01-01T07:00:00+00:00,20,branch_CA-1_sustained,branch,CA-1,bounded,continuous,188.895833333,0,811.340510695,-69.88627,0,true,true,false,constraint_violation,0.920930844,108,1.078776577,210,0.029069156,1.147934184,CB-1,149.831107527,113_PV_1,165.056489395,316_STEAM_1,0,113,113_PV_1,100,4175.655239333,4325.48634686,149.831107527
0,poi_bus_108,108,Alger,unity,1,7,2020-01-01T07:00:00+00:00,21,generator_121_NUCLEAR_1_sustained,generator,121_NUCLEAR_1,bounded,continuous,188.895833333,0,811.340510695,-99.999999999,0,true,true,false,constraint_violation,0.942473125,108,1.078340275,210,0.028340275,0.891277311,C10,95.895779638,113_PV_1,156.427294982,113_PV_1,0,113,113_PV_1,99,4175.655239333,4271.551018971,95.895779638
0,poi_bus_108,108,Alger,unity,1,7,2020-01-01T07:00:00+00:00,22,generator_213_CC_3_sustained,generator,213_CC_3,bounded,continuous,188.895833333,0,811.340510695,-100,0.000000001,true,true,false,constraint_violation,0.929213222,108,1.07881119,210,0.02881119,0.885309458,CA-1,127.257606344,113_PV_1,155.399731554,113_PV_1,0,113,113_PV_1,100,4175.655239333,4302.912845677,127.257606344
0,poi_bus_108,108,Alger,unity,1,7,2020-01-01T07:00:00+00:00,23,generator_313_CC_1_sustained,generator,313_CC_1,bounded,continuous,188.895833333,0,811.340510695,-100.000000001,0.000000001,true,true,false,constraint_violation,0.908012046,307,1.079120983,210,0.041987954,1.106563331,CA-1,152.855393707,113_PV_1,259.417502718,316_STEAM_1,0,113,113_PV_1,100,4175.655239334,4328.510633041,152.855393707
0,poi_bus_108,108,Alger,unity,1,8,2020-01-01T08:00:00+00:00,0,normal,normal,,base,continuous,189.3125,0,814.578910372,100,0.000000001,true,true,false,constraint_violation,0.938841625,108,1.080682058,210,0.030682058,0.973132229,C10,114.414524987,113_PV_1,149.071834338,113_PV_1,0,113,113_PV_1,100,4191.984732,4306.399256987,114.414524987
0,poi_bus_108,108,Alger,unity,1,8,2020-01-01T08:00:00+00:00,1,branch_A11_immediate,branch,A11,fixed,short_term,189.3125,0,814.578910372,99.999999999,0,true,true,false,constraint_violation,0.914374519,108,1.081825909,210,0.035625481,0.851498091,C10,114.38052727,113_PV_1,140.962994747,113_PV_1,0,113,113_PV_1,100,4191.984732,4306.36525927,114.38052727
0,poi_bus_108,108,Alger,unity,1,8,2020-01-01T08:00:00+00:00,2,branch_A11_sustained,branch,A11,bounded,continuous,189.3125,0,814.578910372,-99.999999999,0.000000001,true,true,false,constraint_violation,0.916764981,108,1.083229682,210,0.033235019,0.964461975,C10,113.541450598,113_PV_1,150.194312412,113_PV_1,0,113,113_PV_1,100,4191.984732,4305.526182598,113.541450598
0,poi_bus_108,108,Alger,unity,1,8,2020-01-01T08:00:00+00:00,3,branch_A12-1_immediate,branch,A12-1,fixed,short_term,189.3125,0,814.578910372,100.000000001,0.000000001,true,true,false,constraint_violation,0.82443801,108,1.077316167,210,0.12556199,1.145272639,A13-2,135.999860948,113_PV_1,136.5158261,113_PV_1,0,113,113_PV_1,100,4191.984732,4327.984592948,135.999860948
0,poi_bus_108,108,Alger,unity,1,8,2020-01-01T08:00:00+00:00,4,branch_A12-1_sustained,branch,A12-1,bounded,continuous,189.3125,0,814.578910372,99.999999999,0,true,true,false,constraint_violation,0.840118837,108,1.075663878,210,0.109881163,1.227206871,A13-2,49.908065402,113_PV_1,125.412119272,113_PV_1,0,113,113_PV_1,100,4191.984732,4304.992797402,113.008065402
0,poi_bus_108,108,Alger,unity,1,8,2020-01-01T08:00:00+00:00,5,branch_A34_immediate,branch,A34,fixed,short_term,189.3125,0,814.578910372,100,0.000000001,true,true,false,constraint_violation,0.938962622,108,1.080745425,210,0.030745425,0.851179128,C10,127.927700447,113_PV_1,150.851707148,113_PV_1,0,113,113_PV_1,100,4191.984732,4319.912432447,127.927700447
0,poi_bus_108,108,Alger,unity,1,8,2020-01-01T08:00:00+00:00,6,branch_A34_sustained,branch,A34,bounded,continuous,189.3125,0,814.578910372,-99.999999999,0.000000001,true,true,false,constraint_violation,0.893746325,307,1.079950405,210,0.056253675,1.108363899,CA-1,180.422507279,113_PV_1,290.672936857,316_STEAM_1,0,113,113_PV_1,100,4191.984732,4372.407239279,180.422507279
0,poi_bus_108,108,Alger,unity,1,8,2020-01-01T08:00:00+00:00,7,branch_B12-1_immediate,branch,B12-1,fixed,short_term,189.3125,0,814.578910372,100,0,true,true,false,constraint_violation,0.931283146,207,1.073341463,310,0.023341463,0.851529791,C10,119.335512251,113_PV_1,149.801512261,113_PV_1,0,113,113_PV_1,100,4191.984732,4311.320244251,119.335512251
0,poi_bus_108,108,Alger,unity,1,8,2020-01-01T08:00:00+00:00,8,branch_B12-1_sustained,branch,B12-1,bounded,continuous,189.3125,0,814.578910372,-100,0.000000001,true,true,false,constraint_violation,0.916738568,307,1.068364657,210,0.033261432,0.926074982,A12-1,136.261225378,113_PV_1,156.250041147,113_PV_1,0,113,113_PV_1,100,4191.984732,4328.245957378,136.261225378
0,poi_bus_108,108,Alger,unity,1,8,2020-01-01T08:00:00+00:00,9,branch_B22_immediate,branch,B22,fixed,short_term,189.3125,0,814.578910372,100,0,true,true,false,constraint_violation,0.935394226,108,1.073346673,310,0.023346673,0.850981662,C10,122.471109952,113_PV_1,147.477394548,113_PV_1,0,113,113_PV_1,100,4191.984732,4314.455841952,122.471109952
0,poi_bus_108,108,Alger,unity,1,8,2020-01-01T08:00:00+00:00,10,branch_B22_sustained,branch,B22,bounded,continuous,189.3125,0,814.578910372,-99.999999999,0.000000001,true,true,false,constraint_violation,0.926389757,108,1.074592407,210,0.024592407,0.912380838,A13-2,132.184237756,113_PV_1,165.445377957,113_PV_1,0,113,113_PV_1,100,4191.984732,4324.168969756,132.184237756
0,poi_bus_108,108,Alger,unity,1,8,2020-01-01T08:00:00+00:00,11,branch_B6_immediate,branch,B6,fixed,short_term,189.3125,0,814.578910372,100,0.000000001,true,true,false,constraint_violation,0.932896343,108,1.083945075,210,0.033945075,0.851491977,C10,114.518559238,113_PV_1,147.00563372,113_PV_1,0,113,113_PV_1,100,4191.984732,4306.503291238,114.518559238
0,poi_bus_108,108,Alger,unity,1,8,2020-01-01T08:00:00+00:00,12,branch_B6_sustained,branch,B6,bounded,continuous,189.3125,0,814.578910372,-100,0.000000001,true,true,false,constraint_violation,0.914315929,307,1.083128447,210,0.035684071,0.923243675,CA-1,126.347447138,113_PV_1,203.968295231,316_STEAM_1,0,113,113_PV_1,100,4191.984732,4318.332179138,126.347447138
0,poi_bus_108,108,Alger,unity,1,8,2020-01-01T08:00:00+00:00,13,branch_C12-1_immediate,branch,C12-1,fixed,short_term,189.3125,0,814.578910372,100,0.000000001,true,true,false,constraint_violation,0.866939127,307,1.080703,210,0.083060873,0.792883788,C10,120.669677693,113_PV_1,149.937610705,113_PV_1,0,113,113_PV_1,100,4191.984732,4312.654409693,120.669677693
0,poi_bus_108,108,Alger,unity,1,8,2020-01-01T08:00:00+00:00,14,branch_C12-1_sustained,branch,C12-1,bounded,continuous,189.3125,0,814.578910372,-100,0,true,true,false,constraint_violation,0.825596575,307,1.079564856,210,0.124403425,0.89207124,C13-2,102.564498626,113_PV_1,170.97804234,113_PV_1,0,113,113_PV_1,100,4191.984732,4294.549230626,102.564498626
0,poi_bus_108,108,Alger,unity,1,8,2020-01-01T08:00:00+00:00,15,branch_C27_immediate,branch,C27,fixed,short_term,189.3125,0,814.578910372,100,0,true,true,false,constraint_violation,0.939241069,108,1.080593907,210,0.030593907,0.879120662,C29,115.912685117,113_PV_1,149.948553547,113_PV_1,0,113,113_PV_1,100,4191.984732,4307.897417117,115.912685117
0,poi_bus_108,108,Alger,unity,1,8,2020-01-01T08:00:00+00:00,16,branch_C27_sustained,branch,C27,bounded,continuous,189.3125,0,814.578910372,-100,0.000000001,true,true,false,constraint_violation,0.927409772,307,1.079944788,210,0.029944788,0.917022805,C10,124.179412032,113_PV_1,158.05367007,113_PV_1,0,113,113_PV_1,100,4191.984732,4316.164144032,124.179412032
0,poi_bus_108,108,Alger,unity,1,8,2020-01-01T08:00:00+00:00,17,branch_C6_immediate,branch,C6,fixed,short_term,189.3125,0,814.578910372,100,0,true,true,false,constraint_violation,0.938890144,108,1.080672264,210,0.030672264,0.839413111,C10,114.775296696,113_PV_1,149.20387621,113_PV_1,0,113,113_PV_1,100,4191.984732,4306.760028696,114.775296696
0,poi_bus_108,108,Alger,unity,1,8,2020-01-01T08:00:00+00:00,18,branch_C6_sustained,branch,C6,bounded,continuous,189.3125,0,814.578910372,-99.999999999,0.000000001,true,true,false,constraint_violation,0.941793365,108,1.080083514,210,0.030083514,0.899913685,C10,30.503702087,113_PV_1,161.565635194,113_PV_1,0,113,113_PV_1,100,4191.984732,4271.503702087,79.518970087
0,poi_bus_108,108,Alger,unity,1,8,2020-01-01T08:00:00+00:00,19,branch_CA-1_immediate,branch,CA-1,fixed,short_term,189.3125,0,814.578910372,100,0.000000001,true,true,false,constraint_violation,0.939205133,108,1.080597533,210,0.030597533,0.848598858,C10,114.461278792,113_PV_1,149.687255181,113_PV_1,0,113,113_PV_1,100,4191.984732,4306.446010792,114.461278792
0,poi_bus_108,108,Alger,unity,1,8,2020-01-01T08:00:00+00:00,20,branch_CA-1_sustained,branch,CA-1,bounded,continuous,189.3125,0,814.578910372,26.417767,0,true,true,false,constraint_violation,0.930702414,108,1.081900351,210,0.031900351,1.143934811,CB-1,173.216241461,113_PV_1,202.691683657,316_STEAM_1,0,113,113_PV_1,100,4191.984732,4365.200973461,173.216241461
0,poi_bus_108,108,Alger,unity,1,8,2020-01-01T08:00:00+00:00,21,generator_121_NUCLEAR_1_sustained,generator,121_NUCLEAR_1,bounded,continuous,189.3125,0,814.578910372,100,0,true,true,false,constraint_violation,0.947404361,108,1.079239384,210,0.029239384,0.942302198,C10,79.71030918,113_PV_1,141.949713483,113_PV_1,0,113,113_PV_1,99,4191.984732,4271.69504118,79.71030918
0,poi_bus_108,108,Alger,unity,1,8,2020-01-01T08:00:00+00:00,22,generator_213_CC_3_sustained,generator,213_CC_3,bounded,continuous,189.3125,0,814.578910372,-100,0.000000001,true,true,false,constraint_violation,0.941060613,307,1.080279189,210,0.030279189,0.913001963,C10,109.40036327,113_PV_1,161.42069429,113_PV_1,0,113,113_PV_1,100,4191.984732,4301.38509527,109.40036327
0,poi_bus_108,108,Alger,unity,1,8,2020-01-01T08:00:00+00:00,23,generator_313_CC_1_sustained,generator,313_CC_1,bounded,continuous,189.3125,0,814.578910372,-100,0.000000001,true,true,false,constraint_violation,0.920139126,307,1.082005399,210,0.032005399,0.901177342,C10,129.79564468,113_PV_1,197.235747971,316_STEAM_1,0,113,113_PV_1,100,4191.984732,4321.78037668,129.79564468
0,poi_bus_108,108,Alger,unity,1,9,2020-01-01T09:00:00+00:00,0,normal,normal,,base,continuous,189.729166667,0,820.615805572,100,0,true,true,false,constraint_violation,0.941036079,108,1.080559044,210,0.030559044,0.985969983,C10,107.240248165,113_PV_1,153.731391267,113_PV_1,0,113,113_PV_1,100,4222.065452667,4329.305700832,107.240248165
0,poi_bus_108,108,Alger,unity,1,9,2020-01-01T09:00:00+00:00,1,branch_A11_immediate,branch,A11,fixed,short_term,189.729166667,0,820.615805572,100,0.000000001,true,true,false,constraint_violation,0.917081071,108,1.081696431,210,0.032918929,0.862742297,C10,107.042727833,113_PV_1,145.954648098,113_PV_1,0,113,113_PV_1,100,4222.065452667,4329.1081805,107.042727833
0,poi_bus_108,108,Alger,unity,1,9,2020-01-01T09:00:00+00:00,2,branch_A11_sustained,branch,A11,bounded,continuous,189.729166667,0,820.615805572,-99.999999999,0.000000001,true,true,false,constraint_violation,0.924560966,108,1.080775998,210,0.030775998,0.914264653,C10,97.820462565,113_PV_1,159.122267276,113_PV_1,0,113,113_PV_1,100,4222.065452667,4319.885915232,97.820462565
0,poi_bus_108,108,Alger,unity,1,9,2020-01-01T09:00:00+00:00,3,branch_A12-1_immediate,branch,A12-1,fixed,short_term,189.729166667,0,820.615805572,100,0,true,true,false,constraint_violation,0.831049645,108,1.077351105,210,0.118950355,1.135927609,A13-2,127.75913442,113_PV_1,141.510814584,113_PV_1,0,113,113_PV_1,100,4222.065452667,4349.824587087,127.75913442
0,poi_bus_108,108,Alger,unity,1,9,2020-01-01T09:00:00+00:00,4,branch_A12-1_sustained,branch,A12-1,bounded,continuous,189.729166667,0,820.615805572,99.999999999,0,true,true,false,constraint_violation,0.848868643,108,1.075909669,210,0.101131357,1.211804131,A13-2,90.007528531,113_PV_1,137.998758441,113_PV_1,0,113,113_PV_1,100,4222.065452667,4312.072981198,90.007528531
0,poi_bus_108,108,Alger,unity,1,9,2020-01-01T09:00:00+00:00,5,branch_A34_immediate,branch,A34,fixed,short_term,189.729166667,0,820.615805572,100,0,true,true,false,constraint_violation,0.941081754,108,1.080594682,210,0.030594682,0.862556472,C10,112.313655009,113_PV_1,154.335552593,113_PV_1,0,113,113_PV_1,100,4222.065452667,4334.379107676,112.313655009
0,poi_bus_108,108,Alger,unity,1,9,2020-01-01T09:00:00+00:00,6,branch_A34_sustained,branch,A34,bounded,continuous,189.729166667,0,820.615805572,-100.000000001,0,true,true,false,constraint_violation,0.920178002,307,1.079762192,210,0.029821998,0.907236786,C10,120.918171508,113_PV_1,192.713302744,316_STEAM_1,0,113,113_PV_1,100,4222.065452667,4342.983624175,120.918171508
0,poi_bus_108,108,Alger,unity,1,9,2020-01-01T09:00:00+00:00,7,branch_B12-1_immediate,branch,B12-1,fixed,short_term,189.729166667,0,820.615805572,100,0.000000001,true,true,false,constraint_violation,0.929995154,207,1.066072424,210,0.020004846,0.862761241,C10,112.23317802,113_PV_1,154.459128844,113_PV_1,0,113,113_PV_1,100,4222.065452667,4334.298630687,112.23317802
0,poi_bus_108,108,Alger,unity,1,9,2020-01-01T09:00:00+00:00,8,branch_B12-1_sustained,branch,B12-1,bounded,continuous,189.729166667,0,820.615805572,-100,0.000000001,true,true,false,constraint_violation,0.908042488,307,1.06578059,210,0.041957512,0.888857019,C10,120.775192586,113_PV_1,228.376634121,316_STEAM_1,0,113,113_PV_1,100,4222.065452667,4342.840645253,120.775192586
0,poi_bus_108,108,Alger,unity,1,9,2020-01-01T09:00:00+00:00,9,branch_B22_immediate,branch,B22,fixed,short_term,189.729166667,0,820.615805572,100,0,true,true,false,constraint_violation,0.937563003,108,1.072827328,210,0.022827328,0.862240759,C10,115.264530679,113_PV_1,152.200713442,113_PV_1,0,113,113_PV_1,100,4222.065452667,4337.329983346,115.264530679
0,poi_bus_108,108,Alger,unity,1,9,2020-01-01T09:00:00+00:00,10,branch_B22_sustained,branch,B22,bounded,continuous,189.729166667,0,820.615805572,-100,0,true,true,false,constraint_violation,0.924077995,307,1.074689173,210,0.025922005,0.922050596,C10,111.732251305,113_PV_1,164.134240386,113_PV_1,0,113,113_PV_1,100,4222.065452667,4333.797703972,111.732251305
0,poi_bus_108,108,Alger,unity,1,9,2020-01-01T09:00:00+00:00,11,branch_B6_immediate,branch,B6,fixed,short_term,189.729166667,0,820.615805572,100,0.000000001,true,true,false,constraint_violation,0.935325515,108,1.083722932,210,0.033722932,0.86272934,C10,107.310382359,113_PV_1,151.785867572,113_PV_1,0,113,113_PV_1,100,4222.065452667,4329.375835026,107.310382359
0,poi_bus_108,108,Alger,unity,1,9,2020-01-01T09:00:00+00:00,12,branch_B6_sustained,branch,B6,bounded,continuous,189.729166667,0,820.615805572,-100,0.000000001,true,true,false,constraint_violation,0.88100357,307,1.085354999,210,0.06899643,1.120552826,CA-1,166.752183149,113_PV_1,333.846124649,316_STEAM_1,0,113,113_PV_1,100,4222.065452666,4388.817635815,166.752183149
0,poi_bus_108,108,Alger,unity,1,9,2020-01-01T09:00:00+00:00,13,branch_C12-1_immediate,branch,C12-1,fixed,short_term,189.729166667,0,820.615805572,100,0.000000001,true,true,false,constraint_violation,0.855963528,307,1.080578184,210,0.094036472,0.809170844,C10,113.000000684,113_PV_1,154.519214276,113_PV_1,0,113,113_PV_1,100,4222.065452667,4335.065453351,113.000000684
0,poi_bus_108,108,Alger,unity,1,9,2020-01-01T09:00:00+00:00,14,branch_C12-1_sustained,branch,C12-1,bounded,continuous,189.729166667,0,820.615805572,-100,0.000000002,true,true,false,constraint_violation,0.768333224,307,1.081446583,210,0.181666776,0.858123909,B10,115.239150356,113_PV_1,185.659463651,316_STEAM_1,0,113,113_PV_1,100,4222.065452667,4337.304603023,115.239150356
0,poi_bus_108,108,Alger,unity,1,9,2020-01-01T09:00:00+00:00,15,branch_C27_immediate,branch,C27,fixed,short_term,189.729166667,0,820.615805572,100,0.000000001,true,true,false,constraint_violation,0.941306527,108,1.080500926,210,0.030500926,0.861674191,C10,107.948457175,113_PV_1,154.270005888,113_PV_1,0,113,113_PV_1,100,4222.065452667,4330.013909842,107.948457175
0,poi_bus_108,108,Alger,unity,1,9,2020-01-01T09:00:00+00:00,16,branch_C27_sustained,branch,C27,bounded,continuous,189.729166667,0,820.615805572,-100,0,true,true,false,constraint_violation,0.942130035,307,1.081532434,210,0.031532434,0.948555286,C29,109.266768219,113_PV_1,157.574713275,113_PV_1,0,113,113_PV_1,100,4222.065452667,4331.332220886,109.266768219
0,poi_bus_108,108,Alger,unity,1,9,2020-01-01T09:00:00+00:00,17,branch_C6_immediate,branch,C6,fixed,short_term,189.729166667,0,820.615805572,100,0.000000001,true,true,false,constraint_violation,0.9410116,108,1.080564667,210,0.030564667,0.864184974,C10,107.329677599,113_PV_1,153.70362663,113_PV_1,0,113,113_PV_1,100,4222.065452667,4329.395130266,107.329677599
0,poi_bus_108,108,Alger,unity,1,9,2020-01-01T09:00:00+00:00,18,branch_C6_sustained,branch,C6,bounded,continuous,189.729166667,0,820.615805572,-100,0.000000001,true,true,false,constraint_violation,0.914689667,307,1.081451998,210,0.035310333,0.904847447,C10,115.516784838,113_PV_1,164.255466939,113_PV_1,0,113,113_PV_1,100,4222.065452667,4337.582237505,115.516784838
0,poi_bus_108,108,Alger,unity,1,9,2020-01-01T09:00:00+00:00,19,branch_CA-1_immediate,branch,CA-1,fixed,short_term,189.729166667,0,820.615805572,100,0,true,true,false,constraint_violation,0.942571372,108,1.080179875,210,0.030179875,0.859627036,C10,108.474818701,113_PV_1,156.32338764,113_PV_1,0,113,113_PV_1,100,4222.065452667,4330.540271368,108.474818701
0,poi_bus_108,108,Alger,unity,1,9,2020-01-01T09:00:00+00:00,20,branch_CA-1_sustained,branch,CA-1,bounded,continuous,189.729166667,0,820.615805572,15.682379,0.000000001,true,true,false,constraint_violation,0.908044283,108,1.077650626,210,0.041955717,1.161956619,CB-1,210.783109609,113_PV_1,251.984842305,316_STEAM_1,0,113,113_PV_1,100,4222.065452667,4432.848562276,210.783109609
0,poi_bus_108,108,Alger,unity,1,9,2020-01-01T09:00:00+00:00,21,generator_121_NUCLEAR_1_sustained,generator,121_NUCLEAR_1,bounded,continuous,189.729166667,0,820.615805572,-100,0.000000001,true,true,false,constraint_violation,0.936581186,307,1.079794317,210,0.029794317,0.931545459,C10,85.75981009,113_PV_1,175.735975593,113_PV_1,0,113,113_PV_1,99,4222.065452667,4307.825262757,85.75981009
0,poi_bus_108,108,Alger,unity,1,9,2020-01-01T09:00:00+00:00,22,generator_213_CC_3_sustained,generator,213_CC_3,bounded,continuous,189.729166667,0,820.615805572,-100,0.000000001,true,true,false,constraint_violation,0.923979491,108,1.08195096,210,0.03195096,0.96370657,A13-2,128.113040008,113_PV_1,147.36112252,113_PV_1,0,113,113_PV_1,100,4222.065452667,4350.178492675,128.113040008
0,poi_bus_108,108,Alger,unity,1,9,2020-01-01T09:00:00+00:00,23,generator_313_CC_1_sustained,generator,313_CC_1,bounded,continuous,189.729166667,0,820.615805572,-100,0.000000001,true,true,false,constraint_violation,0.912860472,307,1.079746393,210,0.037139528,0.903293003,C10,123.754669826,113_PV_1,180.217995773,316_STEAM_1,0,113,113_PV_1,100,4222.065452667,4345.820122493,123.754669826
0,poi_bus_108,108,Alger,unity,1,10,2020-01-01T10:00:00+00:00,0,normal,normal,,base,continuous,188.833333333,0,818.733972168,17.540712432,0,true,true,false,constraint_violation,0.942788612,108,1.082244194,210,0.032244194,0.991179679,C10,88.156991243,113_PV_1,166.149766384,113_PV_1,0,113,113_PV_1,100,4211.922679333,4300.079670576,88.156991243
0,poi_bus_108,108,Alger,unity,1,10,2020-01-01T10:00:00+00:00,1,branch_A11_immediate,branch,A11,fixed,short_term,188.833333333,0,818.733972168,17.540712431,0,true,true,false,constraint_violation,0.918600885,108,1.083397475,210,0.033397475,0.86729641,C10,87.880417833,113_PV_1,158.335455861,113_PV_1,0,113,113_PV_1,100,4211.922679333,4299.803097166,87.880417833
0,poi_bus_108,108,Alger,unity,1,10,2020-01-01T10:00:00+00:00,2,branch_A11_sustained,branch,A11,bounded,continuous,188.833333333,0,818.733972168,-100,0.000000001,true,true,false,constraint_violation,0.928115811,108,1.082406338,210,0.032406338,0.942690998,C10,80.933435419,113_PV_1,163.043509218,113_PV_1,0,113,113_PV_1,100,4211.922679333,4292.856114752,80.933435419
0,poi_bus_108,108,Alger,unity,1,10,2020-01-01T10:00:00+00:00,3,branch_A12-1_immediate,branch,A12-1,fixed,short_term,188.833333333,0,818.733972168,17.540712432,0.000000001,true,true,false,constraint_violation,0.83649214,108,1.079250693,210,0.11350786,1.122247375,A13-2,107.592440181,113_PV_1,154.262376411,113_PV_1,0,113,113_PV_1,100,4211.922679333,4319.515119514,107.592440181
0,poi_bus_108,108,Alger,unity,1,10,2020-01-01T10:00:00+00:00,4,branch_A12-1_sustained,branch,A12-1,bounded,continuous,188.833333333,0,818.733972168,48.003249807,0,true,true,false,constraint_violation,0.856583925,108,1.077703153,210,0.093416075,1.198745256,A13-2,91.340880076,113_PV_1,153.642401935,113_PV_1,0,113,113_PV_1,100,4211.922679333,4303.263559409,91.340880076
0,poi_bus_108,108,Alger,unity,1,10,2020-01-01T10:00:00+00:00,5,branch_A34_immediate,branch,A34,fixed,short_term,188.833333333,0,818.733972168,17.540712431,0.000000001,true,true,false,constraint_violation,0.942790933,108,1.082253372,210,0.032253372,0.867252701,C10,88.631164215,113_PV_1,166.168999293,113_PV_1,0,113,113_PV_1,100,4211.922679333,4300.553843548,88.631164215
0,poi_bus_108,108,Alger,unity,1,10,2020-01-01T10:00:00+00:00,6,branch_A34_sustained,branch,A34,bounded,continuous,188.833333333,0,818.733972168,-100,0,true,true,false,constraint_violation,0.885564429,307,1.083086545,210,0.064435571,0.976057579,CA-1,147.892703898,113_PV_1,314.816575592,316_STEAM_1,0,113,113_PV_1,100,4211.922679333,4359.815383231,147.892703898
0,poi_bus_108,108,Alger,unity,1,10,2020-01-01T10:00:00+00:00,7,branch_B12-1_immediate,branch,B12-1,fixed,short_term,188.833333333,0,818.733972168,17.540712431,0,true,true,false,constraint_violation,0.937965208,207,1.068718481,210,0.018718481,0.867305255,C10,92.775029344,113_PV_1,166.764616719,113_PV_1,0,113,113_PV_1,100,4211.922679333,4304.697708677,92.775029344
0,poi_bus_108,108,Alger,unity,1,10,2020-01-01T10:00:00+00:00,8,branch_B12-1_sustained,branch,B12-1,bounded,continuous,188.833333333,0,818.733972168,-100,0.000000001,true,true,false,constraint_violation,0.876450995,307,1.067870186,210,0.073549005,1.081210609,CA-1,162.926496037,113_PV_1,366.256982607,316_STEAM_1,0,113,113_PV_1,100,4211.922679333,4374.84917537,162.926496037
0,poi_bus_108,108,Alger,unity,1,10,2020-01-01T10:00:00+00:00,9,branch_B22_immediate,branch,B22,fixed,short_term,188.833333333,0,818.733972168,17.540712432,0,true,true,false,constraint_violation,0.9395455,108,1.075054885,210,0.025054885,0.866972567,C10,95.585831691,113_PV_1,164.736658558,113_PV_1,0,113,113_PV_1,100,4211.922679333,4307.508511024,95.585831691
0,poi_bus_108,108,Alger,unity,1,10,2020-01-01T10:00:00+00:00,10,branch_B22_sustained,branch,B22,bounded,continuous,188.833333333,0,818.733972168,-100,0.000000001,true,true,false,constraint_violation,0.945193469,108,1.077484095,210,0.027484095,0.986862066,C10,88.986633072,113_PV_1,165.75480414,113_PV_1,0,113,113_PV_1,100,4211.922679333,4300.909312405,88.986633072
0,poi_bus_108,108,Alger,unity,1,10,2020-01-01T10:00:00+00:00,11,branch_B6_immediate,branch,B6,fixed,short_term,188.833333333,0,818.733972168,17.540712432,0.000000001,true,true,false,constraint_violation,0.937088255,108,1.085429393,210,0.035429393,0.867288037,C10,88.2089349,113_PV_1,164.234417431,113_PV_1,0,113,113_PV_1,100,4211.922679333,4300.131614233,88.2089349
0,poi_bus_108,108,Alger,unity,1,10,2020-01-01T10:00:00+00:00,12,branch_B6_sustained,branch,B6,bounded,continuous,188.833333333,0,818.733972168,-100,0.000000001,true,true,false,constraint_violation,0.888252708,307,1.085454966,210,0.061747292,0.95185477,CA-1,140.591195733,113_PV_1,303.174370186,316_STEAM_1,0,113,113_PV_1,100,4211.922679333,4352.513875066,140.591195733
0,poi_bus_108,108,Alger,unity,1,10,2020-01-01T10:00:00+00:00,13,branch_C12-1_immediate,branch,C12-1,fixed,short_term,188.833333333,0,818.733972168,17.540712431,0,true,true,false,constraint_violation,0.853987169,307,1.08226157,210,0.096012831,0.816489642,C10,93.698373831,113_PV_1,166.812468042,113_PV_1,0,113,113_PV_1,100,4211.922679333,4305.621053164,93.698373831
0,poi_bus_108,108,Alger,unity,1,10,2020-01-01T10:00:00+00:00,14,branch_C12-1_sustained,branch,C12-1,bounded,continuous,188.833333333,0,818.733972168,-100,0,true,true,false,constraint_violation,0.718094436,307,1.080949421,210,0.231905564,0.882055313,A13-2,145.93055626,113_PV_1,292.575879063,316_STEAM_1,0,113,113_PV_1,100,4211.922679333,4357.853235593,145.93055626
0,poi_bus_108,108,Alger,unity,1,10,2020-01-01T10:00:00+00:00,15,branch_C27_immediate,branch,C27,fixed,short_term,188.833333333,0,818.733972168,17.540712432,0.000000001,true,true,false,constraint_violation,0.942918667,108,1.082217107,210,0.032217107,0.866931021,C10,88.289595171,113_PV_1,166.356704436,113_PV_1,0,113,113_PV_1,100,4211.922679333,4300.212274504,88.289595171
0,poi_bus_108,108,Alger,unity,1,10,2020-01-01T10:00:00+00:00,16,branch_C27_sustained,branch,C27,bounded,continuous,188.833333333,0,818.733972168,-100,0,true,true,false,constraint_violation,0.918972993,307,1.082526419,210,0.032526419,0.905010057,C10,95.122805332,113_PV_1,172.781003564,113_PV_1,0,113,113_PV_1,100,4211.922679333,4307.045484665,95.122805332
0,poi_bus_108,108,Alger,unity,1,10,2020-01-01T10:00:00+00:00,17,branch_C6_immediate,branch,C6,fixed,short_term,188.833333333,0,818.733972168,17.540712431,0,true,true,false,constraint_violation,0.942746523,108,1.082253582,210,0.032253582,0.871407311,C10,88.407523234,113_PV_1,166.118864118,113_PV_1,0,113,113_PV_1,100,4211.922679333,4300.330202567,88.407523234
0,poi_bus_108,108,Alger,unity,1,10,2020-01-01T10:00:00+00:00,18,branch_C6_sustained,branch,C6,bounded,continuous,188.833333333,0,818.733972168,-100.000000001,0,true,true,false,constraint_violation,0.917282376,307,1.080969242,210,0.032717624,0.928503093,C10,108.464788129,113_PV_1,166.57335164,316_STEAM_1,0,113,113_PV_1,100,4211.922679333,4320.387467462,108.464788129
0,poi_bus_108,108,Alger,unity,1,10,2020-01-01T10:00:00+00:00,19,branch_CA-1_immediate,branch,CA-1,fixed,short_term,188.833333333,0,818.733972168,17.540712432,0.000000001,true,true,false,constraint_violation,0.943690791,108,1.082040331,210,0.032040331,0.862997848,C10,88.508547023,113_PV_1,167.480254877,113_PV_1,0,113,113_PV_1,100,4211.922679333,4300.431226356,88.508547023
0,poi_bus_108,108,Alger,unity,1,10,2020-01-01T10:00:00+00:00,20,branch_CA-1_sustained,branch,CA-1,bounded,continuous,188.833333333,0,818.733972168,-46.278077,0,true,true,false,constraint_violation,0.919620437,108,1.079308769,210,0.030379563,1.166752371,CB-1,182.009614075,113_PV_1,269.897455528,316_STEAM_1,0,113,113_PV_1,100,4211.922679333,4393.932293408,182.009614075
0,poi_bus_108,108,Alger,unity,1,10,2020-01-01T10:00:00+00:00,21,generator_121_NUCLEAR_1_sustained,generator,121_NUCLEAR_1,bounded,continuous,188.833333333,0,818.733972168,-99.999999999,0.000000001,true,true,false,constraint_violation,0.923326681,307,1.08110994,210,0.03110994,0.913676484,C10,97.298911304,113_PV_1,176.914111466,113_PV_1,0,113,113_PV_1,99,4211.922679333,4309.221590637,97.298911304
0,poi_bus_108,108,Alger,unity,1,10,2020-01-01T10:00:00+00:00,22,generator_213_CC_3_sustained,generator,213_CC_3,bounded,continuous,188.833333333,0,818.733972168,-100,0,true,true,false,constraint_violation,0.903648377,307,1.083410398,210,0.046351623,0.897915215,C10,113.836036669,113_PV_1,220.541905861,316_STEAM_1,0,113,113_PV_1,100,4211.922679333,4325.758716002,113.836036669
0,poi_bus_108,108,Alger,unity,1,10,2020-01-01T10:00:00+00:00,23,generator_313_CC_1_sustained,generator,313_CC_1,bounded,continuous,188.833333333,0,818.733972168,-99.999999999,0.000000001,true,true,false,constraint_violation,0.917534432,307,1.083280834,210,0.033280834,0.913217261,C10,107.168297991,113_PV_1,193.283354902,316_STEAM_1,0,113,113_PV_1,100,4211.922679333,4319.090977324,107.168297991
0,poi_bus_108,108,Alger,unity,1,11,2020-01-01T11:00:00+00:00,0,normal,normal,,base,continuous,188.145833333,0,816.889884961,-6.953663805,0.000000001,true,true,false,constraint_violation,0.944916271,108,1.082855888,210,0.032855888,0.992984628,C10,81.620343954,113_PV_1,169.970687456,113_PV_1,0,113,113_PV_1,100,4202.173716333,4283.794060287,81.620343954
0,poi_bus_108,108,Alger,unity,1,11,2020-01-01T11:00:00+00:00,1,branch_A11_immediate,branch,A11,fixed,short_term,188.145833333,0,816.889884961,-6.953663805,0.000000001,true,true,false,constraint_violation,0.921472446,108,1.083991101,210,0.033991101,0.868870965,C10,81.214794243,113_PV_1,162.522638047,113_PV_1,0,113,113_PV_1,100,4202.173716333,4283.388510576,81.214794243
0,poi_bus_108,108,Alger,unity,1,11,2020-01-01T11:00:00+00:00,2,branch_A11_sustained,branch,A11,bounded,continuous,188.145833333,0,816.889884961,-100,0,true,true,false,constraint_violation,0.878932119,307,1.082780745,210,0.071067881,0.992222371,CA-1,146.674890183,113_PV_1,338.1992864,316_STEAM_1,0,113,113_PV_1,100,4202.173716333,4348.848606516,146.674890183
0,poi_bus_108,108,Alger,unity,1,11,2020-01-01T11:00:00+00:00,3,branch_A12-1_immediate,branch,A12-1,fixed,short_term,188.145833333,0,816.889884961,-6.953663805,0.000000001,true,true,false,constraint_violation,0.84175324,108,1.080007862,210,0.10824676,1.115540183,A13-2,100.375812683,113_PV_1,158.400208719,113_PV_1,0,113,113_PV_1,100,4202.173716333,4302.549529016,100.375812683
0,poi_bus_108,108,Alger,unity,1,11,2020-01-01T11:00:00+00:00,4,branch_A12-1_sustained,branch,A12-1,bounded,continuous,188.145833333,0,816.889884961,-90.157647264,0,true,true,false,constraint_violation,0.862000611,108,1.078673431,210,0.087999389,1.18981404,A13-2,89.565840964,113_PV_1,167.273863475,113_PV_1,0,113,113_PV_1,100,4202.173716333,4291.739557297,89.565840964
0,poi_bus_108,108,Alger,unity,1,11,2020-01-01T11:00:00+00:00,5,branch_A34_immediate,branch,A34,fixed,short_term,188.145833333,0,816.889884961,-6.953663805,0,true,true,false,constraint_violation,0.944916515,108,1.082855268,210,0.032855268,0.868862546,C10,81.622256172,113_PV_1,169.974657407,113_PV_1,0,113,113_PV_1,100,4202.173716333,4283.795972505,81.622256172
0,poi_bus_108,108,Alger,unity,1,11,2020-01-01T11:00:00+00:00,6,branch_A34_sustained,branch,A34,bounded,continuous,188.145833333,0,816.889884961,-99.999999999,0.000000001,true,true,false,constraint_violation,0.917689264,307,1.083378171,210,0.033378171,0.925728946,C10,110.642960993,113_PV_1,162.890611934,113_PV_1,0,113,113_PV_1,100,4202.173716333,4312.816677326,110.642960993
0,poi_bus_108,108,Alger,unity,1,11,2020-01-01T11:00:00+00:00,7,branch_B12-1_immediate,branch,B12-1,fixed,short_term,188.145833333,0,816.889884961,-6.953663805,0.000000001,true,true,false,constraint_violation,0.940191147,207,1.069575923,210,0.019575923,0.868872181,C10,86.154367078,113_PV_1,170.554673936,113_PV_1,0,113,113_PV_1,100,4202.173716333,4288.328083411,86.154367078
0,poi_bus_108,108,Alger,unity,1,11,2020-01-01T11:00:00+00:00,8,branch_B12-1_sustained,branch,B12-1,bounded,continuous,188.145833333,0,816.889884961,-100,0.000000001,true,true,false,constraint_violation,0.886033736,307,1.070403686,210,0.063966264,0.894457408,CA-1,142.035694231,113_PV_1,295.701269776,316_STEAM_1,0,113,113_PV_1,100,4202.173716333,4344.209410564,142.035694231
0,poi_bus_108,108,Alger,unity,1,11,2020-01-01T11:00:00+00:00,9,branch_B22_immediate,branch,B22,fixed,short_term,188.145833333,0,816.889884961,-6.953663804,0,true,true,false,constraint_violation,0.941736524,108,1.075902025,210,0.025902025,0.868705863,C10,88.685853213,113_PV_1,168.541708001,113_PV_1,0,113,113_PV_1,100,4202.173716333,4290.859569546,88.685853213
0,poi_bus_108,108,Alger,unity,1,11,2020-01-01T11:00:00+00:00,10,branch_B22_sustained,branch,B22,bounded,continuous,188.145833333,0,816.889884961,-100,0,true,true,false,constraint_violation,0.912459128,307,1.077509145,210,0.037540872,0.909524596,C10,114.364621618,113_PV_1,203.269193023,316_STEAM_1,0,113,113_PV_1,100,4202.173716333,4316.538337951,114.364621618
0,poi_bus_108,108,Alger,unity,1,11,2020-01-01T11:00:00+00:00,11,branch_B6_immediate,branch,B6,fixed,short_term,188.145833333,0,816.889884961,-6.953663804,0.000000001,true,true,false,constraint_violation,0.939375047,108,1.085990746,210,0.035990746,0.868866309,C10,81.647664989,113_PV_1,168.153529379,113_PV_1,0,113,113_PV_1,100,4202.173716333,4283.821381322,81.647664989
0,poi_bus_108,108,Alger,unity,1,11,2020-01-01T11:00:00+00:00,12,branch_B6_sustained,branch,B6,bounded,continuous,188.145833333,0,816.889884961,-100,0,true,true,false,constraint_violation,0.922271692,307,1.084667767,210,0.034667767,0.922367638,C10,85.722692764,113_PV_1,176.248107029,113_PV_1,0,113,113_PV_1,100,4202.173716333,4287.896409097,85.722692764
0,poi_bus_108,108,Alger,unity,1,11,2020-01-01T11:00:00+00:00,13,branch_C12-1_immediate,branch,C12-1,fixed,short_term,188.145833333,0,816.889884961,-6.953663804,0.000000001,true,true,false,constraint_violation,0.857020123,307,1.082872867,210,0.092979877,0.816094441,C10,87.35535452,113_PV_1,170.622181853,113_PV_1,0,113,113_PV_1,100,4202.173716333,4289.529070853,87.35535452
0,poi_bus_108,108,Alger,unity,1,11,2020-01-01T11:00:00+00:00,14,branch_C12-1_sustained,branch,C12-1,bounded,continuous,188.145833333,0,816.889884961,-99.999999999,0.000000001,true,true,false,constraint_violation,0.783257507,307,1.083753409,210,0.166742493,0.913296287,A13-2,115.393395187,113_PV_1,162.865814098,113_PV_1,0,113,113_PV_1,100,4202.173716333,4317.56711152,115.393395187
0,poi_bus_108,108,Alger,unity,1,11,2020-01-01T11:00:00+00:00,15,branch_C27_immediate,branch,C27,fixed,short_term,188.145833333,0,816.889884961,-6.953663805,0,true,true,false,constraint_violation,0.944713173,108,1.08289441,210,0.03289441,0.869380067,C10,81.90372213,113_PV_1,169.704875271,113_PV_1,0,113,113_PV_1,100,4202.173716333,4284.077438463,81.90372213
0,poi_bus_108,108,Alger,unity,1,11,2020-01-01T11:00:00+00:00,16,branch_C27_sustained,branch,C27,bounded,continuous,188.145833333,0,816.889884961,-99.999999999,0.000000001,true,true,false,constraint_violation,0.91938562,307,1.081555783,210,0.031555783,0.918573188,C10,82.640785549,113_PV_1,177.215181087,113_PV_1,0,113,113_PV_1,100,4202.173716333,4284.814501882,82.640785549
0,poi_bus_108,108,Alger,unity,1,11,2020-01-01T11:00:00+00:00,17,branch_C6_immediate,branch,C6,fixed,short_term,188.145833333,0,816.889884961,-6.953663805,0,true,true,false,constraint_violation,0.944876932,108,1.082863921,210,0.032863921,0.872592228,C10,81.879404734,113_PV_1,169.943961368,113_PV_1,0,113,113_PV_1,100,4202.173716333,4284.053121067,81.879404734
0,poi_bus_108,108,Alger,unity,1,11,2020-01-01T11:00:00+00:00,18,branch_C6_sustained,branch,C6,bounded,continuous,188.145833333,0,816.889884961,-100,0,true,true,false,constraint_violation,0.931050897,307,1.08176397,210,0.03176397,0.934054049,C10,79.111266842,113_PV_1,172.938226321,113_PV_1,0,113,113_PV_1,100,4202.173716333,4281.284983175,79.111266842
0,poi_bus_108,108,Alger,unity,1,11,2020-01-01T11:00:00+00:00,19,branch_CA-1_immediate,branch,CA-1,fixed,short_term,188.145833333,0,816.889884961,-6.953663804,0.000000001,true,true,false,constraint_violation,0.944924782,108,1.082854533,210,0.032854533,0.864363374,C10,81.73869895,113_PV_1,169.997359504,113_PV_1,0,113,113_PV_1,100,4202.173716333,4283.912415283,81.73869895
0,poi_bus_108,108,Alger,unity,1,11,2020-01-01T11:00:00+00:00,20,branch_CA-1_sustained,branch,CA-1,bounded,continuous,188.145833333,0,816.889884961,-99.999999999,0.000000001,true,true,false,constraint_violation,0.912015777,108,1.082839737,210,0.037984223,1.164160487,CB-1,192.073691221,113_PV_1,271.358460747,316_STEAM_1,0,113,113_PV_1,100,4202.173716333,4394.247407554,192.073691221
0,poi_bus_108,108,Alger,unity,1,11,2020-01-01T11:00:00+00:00,21,generator_121_NUCLEAR_1_sustained,generator,121_NUCLEAR_1,bounded,continuous,188.145833333,0,816.889884961,-100,0.000000001,true,true,false,constraint_violation,0.919175463,307,1.081460973,210,0.031460973,0.933324051,C10,96.014604143,113_PV_1,179.406359934,113_PV_1,0,113,113_PV_1,99,4202.173716333,4298.188320476,96.014604143
0,poi_bus_108,108,Alger,unity,1,11,2020-01-01T11:00:00+00:00,22,generator_213_CC_3_sustained,generator,213_CC_3,bounded,continuous,188.145833333,0,816.889884961,-100,0.000000001,true,true,false,constraint_violation,0.90752459,307,1.0836194,210,0.04247541,0.91641133,C10,99.310916285,113_PV_1,185.607465428,316_STEAM_1,0,113,113_PV_1,100,4202.173716333,4301.484632618,99.310916285
0,poi_bus_108,108,Alger,unity,1,11,2020-01-01T11:00:00+00:00,23,generator_313_CC_1_sustained,generator,313_CC_1,bounded,continuous,188.145833333,0,816.889884961,-100,0,true,true,false,constraint_violation,0.910650516,307,1.083696175,210,0.039349484,0.903952569,C10,98.880256655,113_PV_1,182.278959323,316_STEAM_1,0,113,113_PV_1,100,4202.173716333,4301.053972988,98.880256655
0,poi_bus_108,108,Alger,unity,1,12,2020-01-01T12:00:00+00:00,0,normal,normal,,base,continuous,187.125,0,810.127122204,-3.36627638,0.000000001,true,true,false,constraint_violation,0.946509918,108,1.082969368,210,0.032969368,0.987214391,C10,79.955926691,113_PV_1,170.404500637,113_PV_1,0,113,113_PV_1,100,4167.922066,4247.877992691,79.955926691
0,poi_bus_108,108,Alger,unity,1,12,2020-01-01T12:00:00+00:00,1,branch_A11_immediate,branch,A11,fixed,short_term,187.125,0,810.127122204,-3.36627638,0.000000001,true,true,false,constraint_violation,0.923929429,108,1.084088111,210,0.034088111,0.86382075,C10,79.392818703,113_PV_1,163.366448148,113_PV_1,0,113,113_PV_1,100,4167.922066,4247.314884703,79.392818703
0,poi_bus_108,108,Alger,unity,1,12,2020-01-01T12:00:00+00:00,2,branch_A11_sustained,branch,A11,bounded,continuous,187.125,0,810.127122204,-100,0,true,true,false,constraint_violation,0.928528519,108,1.082018942,210,0.032018942,0.943957424,C10,72.805229173,113_PV_1,175.632453622,113_PV_1,0,113,113_PV_1,100,4167.922066,4240.727295173,72.805229173
0,poi_bus_108,108,Alger,unity,1,12,2020-01-01T12:00:00+00:00,3,branch_A12-1_immediate,branch,A12-1,fixed,short_term,187.125,0,810.127122204,-3.36627638,0,true,true,false,constraint_violation,0.846272832,108,1.080240103,210,0.103727168,1.110034002,A13-2,98.120053994,113_PV_1,159.093085911,113_PV_1,0,113,113_PV_1,100,4167.922066,4266.042119994,98.120053994
0,poi_bus_108,108,Alger,unity,1,12,2020-01-01T12:00:00+00:00,4,branch_A12-1_sustained,branch,A12-1,bounded,continuous,187.125,0,810.127122204,-36.230285041,0.000000001,true,true,false,constraint_violation,0.866888325,108,1.078626155,210,0.083111675,1.181763044,A13-2,87.501050616,113_PV_1,169.126706622,113_PV_1,0,113,113_PV_1,100,4167.922066,4255.423116616,87.501050616
0,poi_bus_108,108,Alger,unity,1,12,2020-01-01T12:00:00+00:00,5,branch_A34_immediate,branch,A34,fixed,short_term,187.125,0,810.127122204,-3.36627638,0,true,true,false,constraint_violation,0.946510264,108,1.082968764,210,0.032968764,0.863813245,C10,79.957844879,113_PV_1,170.408862719,113_PV_1,0,113,113_PV_1,100,4167.922066,4247.879910879,79.957844879
0,poi_bus_108,108,Alger,unity,1,12,2020-01-01T12:00:00+00:00,6,branch_A34_sustained,branch,A34,bounded,continuous,187.125,0,810.127122204,-100,0.000000001,true,true,false,constraint_violation,0.880510315,307,1.081519067,210,0.069489685,1.004125598,CA-1,149.453455758,113_PV_1,344.268941759,316_STEAM_1,0,113,113_PV_1,100,4167.922066,4317.375521758,149.453455758
0,poi_bus_108,108,Alger,unity,1,12,2020-01-01T12:00:00+00:00,7,branch_B12-1_immediate,branch,B12-1,fixed,short_term,187.125,0,810.127122204,-3.36627638,0.000000001,true,true,false,constraint_violation,0.940162777,207,1.069670588,210,0.019670588,0.863819334,C10,84.504827979,113_PV_1,170.989519479,113_PV_1,0,113,113_PV_1,100,4167.922066,4252.426893979,84.504827979
0,poi_bus_108,108,Alger,unity,1,12,2020-01-01T12:00:00+00:00,8,branch_B12-1_sustained,branch,B12-1,bounded,continuous,187.125,0,810.127122204,-100,0,true,true,false,constraint_violation,0.891385198,307,1.070750464,210,0.058614802,0.890664278,C10,140.205573573,113_PV_1,278.042005103,316_STEAM_1,0,113,113_PV_1,100,4167.922066,4308.127639573,140.205573573
0,poi_bus_108,108,Alger,unity,1,12,2020-01-01T12:00:00+00:00,9,branch_B22_immediate,branch,B22,fixed,short_term,187.125,0,810.127122204,-3.36627638,0,true,true,false,constraint_violation,0.943319538,108,1.076085628,210,0.026085628,0.863705236,C10,86.852093699,113_PV_1,168.958415914,113_PV_1,0,113,113_PV_1,100,4167.922066,4254.774159699,86.852093699
0,poi_bus_108,108,Alger,unity,1,12,2020-01-01T12:00:00+00:00,10,branch_B22_sustained,branch,B22,bounded,continuous,187.125,0,810.127122204,-100,0.000000001,true,true,false,constraint_violation,0.930230249,307,1.076851683,210,0.026851683,0.934898877,C10,89.786790107,113_PV_1,176.876572139,113_PV_1,0,113,113_PV_1,100,4167.922066,4257.708856107,89.786790107
0,poi_bus_108,108,Alger,unity,1,12,2020-01-01T12:00:00+00:00,11,branch_B6_immediate,branch,B6,fixed,short_term,187.125,0,810.127122204,-3.36627638,0.000000001,true,true,false,constraint_violation,0.941150919,108,1.086042926,210,0.036042926,0.863816803,C10,79.959519198,113_PV_1,168.689132061,113_PV_1,0,113,113_PV_1,100,4167.922066,4247.881585198,79.959519198
0,poi_bus_108,108,Alger,unity,1,12,2020-01-01T12:00:00+00:00,12,branch_B6_sustained,branch,B6,bounded,continuous,187.125,0,810.127122204,-100,0.000000001,true,true,false,constraint_violation,0.924023851,307,1.084677815,210,0.034677815,0.921418006,C10,85.009991257,113_PV_1,176.815909436,113_PV_1,0,113,113_PV_1,100,4167.922066,4252.932057257,85.009991257
0,poi_bus_108,108,Alger,unity,1,12,2020-01-01T12:00:00+00:00,13,branch_C12-1_immediate,branch,C12-1,fixed,short_term,187.125,0,810.127122204,-3.36627638,0.000000001,true,true,false,constraint_violation,0.857821298,307,1.08298533,210,0.092178702,0.812459066,C10,85.610960484,113_PV_1,171.047295781,113_PV_1,0,113,113_PV_1,100,4167.922066,4253.533026484,85.610960484
0,poi_bus_108,108,Alger,unity,1,12,2020-01-01T12:00:00+00:00,14,branch_C12-1_sustained,branch,C12-1,bounded,continuous,187.125,0,810.127122204,-100,0,true,true,false,constraint_violation,0.721291385,307,1.083453471,210,0.228708615,0.936825268,CA-1,147.06399445,113_PV_1,314.350791109,316_STEAM_1,0,113,113_PV_1,100,4167.922066,4314.98606045,147.06399445
0,poi_bus_108,108,Alger,unity,1,12,2020-01-01T12:00:00+00:00,15,branch_C27_immediate,branch,C27,fixed,short_term,187.125,0,810.127122204,-3.36627638,0.000000001,true,true,false,constraint_violation,0.94631778,108,1.08300257,210,0.03300257,0.86437861,C10,80.191494701,113_PV_1,170.143226873,113_PV_1,0,113,113_PV_1,100,4167.922066,4248.113560701,80.191494701
0,poi_bus_108,108,Alger,unity,1,12,2020-01-01T12:00:00+00:00,16,branch_C27_sustained,branch,C27,bounded,continuous,187.125,0,810.127122204,-100,0.000000001,true,true,false,constraint_violation,0.919907729,307,1.083762895,210,0.033762895,0.931163559,C10,112.055963718,113_PV_1,160.620671719,113_PV_1,0,113,113_PV_1,100,4167.922066,4279.978029718,112.055963718
0,poi_bus_108,108,Alger,unity,1,12,2020-01-01T12:00:00+00:00,17,branch_C6_immediate,branch,C6,fixed,short_term,187.125,0,810.127122204,-3.36627638,0.000000001,true,true,false,constraint_violation,0.94650438,108,1.082970513,210,0.032970513,0.86196276,C10,80.044869358,113_PV_1,170.406942266,113_PV_1,0,113,113_PV_1,100,4167.922066,4247.966935358,80.044869358
0,poi_bus_108,108,Alger,unity,1,12,2020-01-01T12:00:00+00:00,18,branch_C6_sustained,branch,C6,bounded,continuous,187.125,0,810.127122204,-100,0,true,true,false,constraint_violation,0.918747792,307,1.083357559,210,0.033357559,0.925225581,C10,84.828023452,113_PV_1,176.511302429,113_PV_1,0,113,113_PV_1,100,4167.922066,4252.750089452,84.828023452
0,poi_bus_108,108,Alger,unity,1,12,2020-01-01T12:00:00+00:00,19,branch_CA-1_immediate,branch,CA-1,fixed,short_term,187.125,0,810.127122204,-3.36627638,0.000000001,true,true,false,constraint_violation,0.945574727,108,1.08311961,210,0.03311961,0.858925595,C10,80.734333829,113_PV_1,169.061552389,113_PV_1,0,113,113_PV_1,100,4167.922066,4248.656399829,80.734333829
0,poi_bus_108,108,Alger,unity,1,12,2020-01-01T12:00:00+00:00,20,branch_CA-1_sustained,branch,CA-1,bounded,continuous,187.125,0,810.127122204,-100,0.000000001,true,true,false,constraint_violation,0.912846389,108,1.082641291,210,0.037153611,1.156003766,CB-1,190.930675639,113_PV_1,251.692672159,316_STEAM_1,0,113,113_PV_1,100,4167.922066,4358.852741639,190.930675639
0,poi_bus_108,108,Alger,unity,1,12,2020-01-01T12:00:00+00:00,21,generator_121_NUCLEAR_1_sustained,generator,121_NUCLEAR_1,bounded,continuous,187.125,0,810.127122204,-100,0.000000001,true,true,false,constraint_violation,0.936822629,307,1.081544418,210,0.031544418,0.947237734,C10,80.633980128,113_PV_1,177.72874969,113_PV_1,0,113,113_PV_1,99,4167.922066,4248.556046128,80.633980128
0,poi_bus_108,108,Alger,unity,1,12,2020-01-01T12:00:00+00:00,22,generator_213_CC_3_sustained,generator,213_CC_3,bounded,continuous,187.125,0,810.127122204,-100,0,true,true,false,constraint_violation,0.90282034,307,1.081357746,210,0.04717966,0.908542214,C10,118.893404907,113_PV_1,220.27413383,316_STEAM_1,0,113,113_PV_1,100,4167.922066,4286.815470907,118.893404907
0,poi_bus_108,108,Alger,unity,1,12,2020-01-01T12:00:00+00:00,23,generator_313_CC_1_sustained,generator,313_CC_1,bounded,continuous,187.125,0,810.127122204,-100,0,true,true,false,constraint_violation,0.91565796,307,1.083296287,210,0.03434204,0.926542991,C10,91.027258863,113_PV_1,179.994817393,113_PV_1,0,113,113_PV_1,100,4167.922066,4258.949324863,91.027258863
0,poi_bus_108,108,Alger,unity,1,13,2020-01-01T13:00:00+00:00,0,normal,normal,,base,continuous,182.645833333,0,805.598865614,-100,0,true,true,false,constraint_violation,0.95017153,108,1.083736815,210,0.033736815,0.978000169,C10,74.729485477,113_PV_1,184.058907453,113_PV_1,0,113,113_PV_1,101,4141.191983333,4215.92146881,74.729485477
0,poi_bus_108,108,Alger,unity,1,13,2020-01-01T13:00:00+00:00,1,branch_A11_immediate,branch,A11,fixed,short_term,182.645833333,0,805.598865614,-100,0.000000001,true,true,false,constraint_violation,0.928941534,108,1.084802543,210,0.034802543,0.855761202,C10,74.091638295,113_PV_1,177.548730171,113_PV_1,0,113,113_PV_1,101,4141.191983333,4215.283621628,74.091638295
0,poi_bus_108,108,Alger,unity,1,13,2020-01-01T13:00:00+00:00,2,branch_A11_sustained,branch,A11,bounded,continuous,182.645833333,0,805.598865614,100.000000001,0,true,true,false,constraint_violation,0.922972053,108,1.08308074,210,0.03308074,0.931662915,C10,22.651914836,113_PV_1,142.780219903,113_PV_1,0,113,113_PV_1,101,4141.191983333,4227.143898169,85.951914836
0,poi_bus_108,108,Alger,unity,1,13,2020-01-01T13:00:00+00:00,3,branch_A12-1_immediate,branch,A12-1,fixed,short_term,182.645833333,0,805.598865614,-100,0.000000001,true,true,false,constraint_violation,0.855614157,108,1.081212612,210,0.094385843,1.085930997,A13-2,91.654262569,113_PV_1,173.406456069,113_PV_1,0,113,113_PV_1,101,4141.191983333,4232.846245902,91.654262569
0,poi_bus_108,108,Alger,unity,1,13,2020-01-01T13:00:00+00:00,4,branch_A12-1_sustained,branch,A12-1,bounded,continuous,182.645833333,0,805.598865614,-100.000000001,0.000000001,true,true,false,constraint_violation,0.874673767,108,1.079871002,210,0.075326233,1.167402463,A13-2,89.03054868,113_PV_1,174.355803689,113_PV_1,0,113,113_PV_1,101,4141.191983333,4230.222532013,89.03054868
0,poi_bus_108,108,Alger,unity,1,13,2020-01-01T13:00:00+00:00,5,branch_A34_immediate,branch,A34,fixed,short_term,182.645833333,0,805.598865614,-100,0.000000001,true,true,false,constraint_violation,0.95017178,108,1.083736471,210,0.033736471,0.855750607,C10,74.729843593,113_PV_1,184.061215324,113_PV_1,0,113,113_PV_1,101,4141.191983333,4215.921826926,74.729843593
0,poi_bus_108,108,Alger,unity,1,13,2020-01-01T13:00:00+00:00,6,branch_A34_sustained,branch,A34,bounded,continuous,182.645833333,0,805.598865614,-100,0.000000002,true,true,false,constraint_violation,0.943615147,307,1.084587296,210,0.034587296,0.940301467,C10,85.182165263,113_PV_1,172.154037986,113_PV_1,0,113,113_PV_1,101,4141.191983333,4226.374148596,85.182165263
0,poi_bus_108,108,Alger,unity,1,13,2020-01-01T13:00:00+00:00,7,branch_B12-1_immediate,branch,B12-1,fixed,short_term,182.645833333,0,805.598865614,-100.000000001,0.000000001,true,true,false,constraint_violation,0.943700902,207,1.070844119,210,0.020844119,0.85575799,C10,79.131681451,113_PV_1,184.548348441,113_PV_1,0,113,113_PV_1,101,4141.191983333,4220.323664784,79.131681451
0,poi_bus_108,108,Alger,unity,1,13,2020-01-01T13:00:00+00:00,8,branch_B12-1_sustained,branch,B12-1,bounded,continuous,182.645833333,0,805.598865614,-100,0,true,true,false,constraint_violation,0.876475745,307,1.069377286,210,0.073524255,1.022685668,CA-1,151.105566039,113_PV_1,260.94383847,316_STEAM_1,0,113,113_PV_1,101,4141.191983333,4292.297549372,151.105566039
0,poi_bus_108,108,Alger,unity,1,13,2020-01-01T13:00:00+00:00,9,branch_B22_immediate,branch,B22,fixed,short_term,182.645833333,0,805.598865614,-100,0.000000002,true,true,false,constraint_violation,0.947109394,108,1.077062568,210,0.027062568,0.855632466,C10,81.390554092,113_PV_1,182.617208757,113_PV_1,0,113,113_PV_1,101,4141.191983333,4222.582537425,81.390554092
0,poi_bus_108,108,Alger,unity,1,13,2020-01-01T13:00:00+00:00,10,branch_B22_sustained,branch,B22,bounded,continuous,182.645833333,0,805.598865614,-100,0,true,true,false,constraint_violation,0.910589074,307,1.078277112,210,0.039410926,0.911731425,C10,110.975437093,113_PV_1,169.578067073,113_PV_1,0,113,113_PV_1,101,4141.191983333,4252.167420426,110.975437093
0,poi_bus_108,108,Alger,unity,1,13,2020-01-01T13:00:00+00:00,11,branch_B6_immediate,branch,B6,fixed,short_term,182.645833333,0,805.598865614,-100,0.000000001,true,true,false,constraint_violation,0.94494893,108,1.08675365,210,0.03675365,0.855755753,C10,74.721883858,113_PV_1,182.403896359,113_PV_1,0,113,113_PV_1,101,4141.191983333,4215.913867191,74.721883858
0,poi_bus_108,108,Alger,unity,1,13,2020-01-01T13:00:00+00:00,12,branch_B6_sustained,branch,B6,bounded,continuous,182.645833333,0,805.598865614,-100.000000001,0.000000001,true,true,false,constraint_violation,0.926988909,307,1.084893097,210,0.034893097,0.929028803,C10,69.206901846,113_PV_1,187.384612157,113_PV_1,0,113,113_PV_1,101,4141.191983333,4210.398885179,69.206901846
0,poi_bus_108,108,Alger,unity,1,13,2020-01-01T13:00:00+00:00,13,branch_C12-1_immediate,branch,C12-1,fixed,short_term,182.645833333,0,805.598865614,-100,0,true,true,false,constraint_violation,0.840435867,307,1.083754843,210,0.109564133,0.799400775,C10,81.442485745,113_PV_1,184.691620899,113_PV_1,0,113,113_PV_1,101,4141.191983333,4222.634469078,81.442485745
0,poi_bus_108,108,Alger,unity,1,13,2020-01-01T13:00:00+00:00,14,branch_C12-1_sustained,branch,C12-1,bounded,continuous,182.645833333,0,805.598865614,-100,0,true,false,false,not_converged,,,,,,,,,,,,,113,113_PV_1,101,,,
0,poi_bus_108,108,Alger,unity,1,13,2020-01-01T13:00:00+00:00,15,branch_C27_immediate,branch,C27,fixed,short_term,182.645833333,0,805.598865614,-100,0.000000001,true,true,false,constraint_violation,0.950255665,108,1.083722277,210,0.033722277,0.855385136,C10,74.769973254,113_PV_1,184.181695379,113_PV_1,0,113,113_PV_1,101,4141.191983333,4215.961956587,74.769973254
0,poi_bus_108,108,Alger,unity,1,13,2020-01-01T13:00:00+00:00,16,branch_C27_sustained,branch,C27,bounded,continuous,182.645833333,0,805.598865614,-99.999999999,0,true,true,false,constraint_violation,0.871699839,307,1.082139519,210,0.078300161,1.074769337,CA-1,151.639279694,113_PV_1,269.793261182,316_STEAM_1,0,113,113_PV_1,101,4141.191983333,4292.831263027,151.639279694
0,poi_bus_108,108,Alger,unity,1,13,2020-01-01T13:00:00+00:00,17,branch_C6_immediate,branch,C6,fixed,short_term,182.645833333,0,805.598865614,-99.999999999,0,true,true,false,constraint_violation,0.950191313,108,1.083733642,210,0.033733642,0.848578508,C10,74.865491819,113_PV_1,184.100836494,113_PV_1,0,113,113_PV_1,101,4141.191983333,4216.057475152,74.865491819
0,poi_bus_108,108,Alger,unity,1,13,2020-01-01T13:00:00+00:00,18,branch_C6_sustained,branch,C6,bounded,continuous,182.645833333,0,805.598865614,-100.000000001,0.000000001,true,true,false,constraint_violation,0.934444005,307,1.084720831,210,0.034720831,0.930001145,C10,86.192212204,113_PV_1,173.355142325,113_PV_1,0,113,113_PV_1,101,4141.191983333,4227.384195537,86.192212204
0,poi_bus_108,108,Alger,unity,1,13,2020-01-01T13:00:00+00:00,19,branch_CA-1_immediate,branch,CA-1,fixed,short_term,182.645833333,0,805.598865614,-100,0,true,true,false,constraint_violation,0.948407585,108,1.083995093,210,0.033995093,0.850316347,C10,76.734280798,113_PV_1,181.637055991,113_PV_1,0,113,113_PV_1,101,4141.191983333,4217.926264131,76.734280798
0,poi_bus_108,108,Alger,unity,1,13,2020-01-01T13:00:00+00:00,20,branch_CA-1_sustained,branch,CA-1,bounded,continuous,182.645833333,0,805.598865614,-100,0.000000001,true,true,false,constraint_violation,0.921585344,108,1.082858086,210,0.032858086,0.999280113,A13-2,151.663678511,113_PV_1,134.866561002,113_PV_1,0,113,113_PV_1,101,4141.191983333,4292.855661844,151.663678511
0,poi_bus_108,108,Alger,unity,1,13,2020-01-01T13:00:00+00:00,21,generator_121_NUCLEAR_1_sustained,generator,121_NUCLEAR_1,bounded,continuous,182.645833333,0,805.598865614,-100,0,true,true,false,constraint_violation,0.925661712,307,1.083610522,210,0.033610522,0.922096373,C10,85.354276284,113_PV_1,179.644901156,113_PV_1,0,113,113_PV_1,100,4141.191983333,4226.546259617,85.354276284
0,poi_bus_108,108,Alger,unity,1,13,2020-01-01T13:00:00+00:00,22,generator_213_CC_3_sustained,generator,213_CC_3,bounded,continuous,182.645833333,0,805.598865614,-100,0,true,true,false,constraint_violation,0.93082057,307,1.084292813,210,0.034292813,0.933921578,C10,90.99929471,113_PV_1,169.807314991,113_PV_1,0,113,113_PV_1,101,4141.191983333,4232.191278043,90.99929471
0,poi_bus_108,108,Alger,unity,1,13,2020-01-01T13:00:00+00:00,23,generator_313_CC_1_sustained,generator,313_CC_1,bounded,continuous,182.645833333,0,805.598865614,-100,0.000000001,true,true,false,constraint_violation,0.918606741,307,1.084494206,210,0.034494206,0.923499353,C10,106.072427274,113_PV_1,163.655055141,113_PV_1,0,113,113_PV_1,101,4141.191983333,4247.264410607,106.072427274
0,poi_bus_108,108,Alger,unity,1,14,2020-01-01T14:00:00+00:00,0,normal,normal,,base,continuous,181.333333333,0,799.633003319,-100.000000001,0.000000001,true,true,false,constraint_violation,0.945236194,307,1.083754088,210,0.033754088,0.961846796,C10,76.553930651,113_PV_1,182.072592229,113_PV_1,0,113,113_PV_1,101,4110.564470333,4187.118400984,76.553930651
0,poi_bus_108,108,Alger,unity,1,14,2020-01-01T14:00:00+00:00,1,branch_A11_immediate,branch,A11,fixed,short_term,181.333333333,0,799.633003319,-100,0,true,true,false,constraint_violation,0.929692899,108,1.084828612,210,0.034828612,0.8415852,C10,76.118057481,113_PV_1,175.241429057,113_PV_1,0,113,113_PV_1,101,4110.564470333,4186.682527814,76.118057481
0,poi_bus_108,108,Alger,unity,1,14,2020-01-01T14:00:00+00:00,2,branch_A11_sustained,branch,A11,bounded,continuous,181.333333333,0,799.633003319,-100,0,true,true,false,constraint_violation,0.879571793,307,1.083423305,210,0.070428207,0.952894756,CA-1,133.842129373,113_PV_1,228.840083246,316_STEAM_1,0,113,113_PV_1,101,4110.564470333,4244.406599706,133.842129373
0,poi_bus_108,108,Alger,unity,1,14,2020-01-01T14:00:00+00:00,3,branch_A12-1_immediate,branch,A12-1,fixed,short_term,181.333333333,0,799.633003319,-99.999999999,0,true,true,false,constraint_violation,0.859122009,108,1.081603158,210,0.090877991,1.068146442,A13-2,92.854256713,113_PV_1,171.989128019,113_PV_1,0,113,113_PV_1,101,4110.564470333,4203.418727046,92.854256713
0,poi_bus_108,108,Alger,unity,1,14,2020-01-01T14:00:00+00:00,4,branch_A12-1_sustained,branch,A12-1,bounded,continuous,181.333333333,0,799.633003319,-99.999999999,0,true,true,false,constraint_violation,0.877203311,108,1.080113953,210,0.072796689,1.164389298,A13-2,93.617820421,113_PV_1,176.806867395,113_PV_1,0,113,113_PV_1,101,4110.564470334,4204.182290755,93.617820421
0,poi_bus_108,108,Alger,unity,1,14,2020-01-01T14:00:00+00:00,5,branch_A34_immediate,branch,A34,fixed,short_term,181.333333333,0,799.633003319,-100,0,true,true,false,constraint_violation,0.945244961,307,1.083754608,210,0.033754608,0.841620178,C10,76.561447445,113_PV_1,182.067369055,113_PV_1,0,113,113_PV_1,101,4110.564470333,4187.125917778,76.561447445
0,poi_bus_108,108,Alger,unity,1,14,2020-01-01T14:00:00+00:00,6,branch_A34_sustained,branch,A34,bounded,continuous,181.333333333,0,799.633003319,-100,0.000000002,true,true,false,constraint_violation,0.880327369,307,1.083499645,210,0.069672631,0.908374441,CA-1,129.705174017,113_PV_1,211.461384973,316_STEAM_1,0,113,113_PV_1,101,4110.564470333,4240.26964435,129.705174017
0,poi_bus_108,108,Alger,unity,1,14,2020-01-01T14:00:00+00:00,7,branch_B12-1_immediate,branch,B12-1,fixed,short_term,181.333333333,0,799.633003319,-100,0,true,true,false,constraint_violation,0.944707935,207,1.07108139,210,0.02108139,0.841585693,C10,80.801543238,113_PV_1,182.571470799,113_PV_1,0,113,113_PV_1,101,4110.564470333,4191.366013571,80.801543238
0,poi_bus_108,108,Alger,unity,1,14,2020-01-01T14:00:00+00:00,8,branch_B12-1_sustained,branch,B12-1,bounded,continuous,181.333333333,0,799.633003319,-100,0.000000001,true,true,false,constraint_violation,0.908668757,307,1.06959841,210,0.041331243,0.891131889,C10,108.113435556,113_PV_1,176.47212559,113_PV_1,0,113,113_PV_1,101,4110.564470333,4218.677905889,108.113435556
0,poi_bus_108,108,Alger,unity,1,14,2020-01-01T14:00:00+00:00,9,branch_B22_immediate,branch,B22,fixed,short_term,181.333333333,0,799.633003319,-100,0.000000001,true,true,false,constraint_violation,0.945860329,307,1.077828423,210,0.027828423,0.841905936,C10,81.534235483,113_PV_1,180.835398775,113_PV_1,0,113,113_PV_1,101,4110.564470333,4192.098705816,81.534235483
0,poi_bus_108,108,Alger,unity,1,14,2020-01-01T14:00:00+00:00,10,branch_B22_sustained,branch,B22,bounded,continuous,181.333333333,0,799.633003319,-99.999999999,0,true,true,false,constraint_violation,0.884896221,307,1.077282449,210,0.065103779,0.925540688,CA-1,136.340233436,113_PV_1,223.833216724,316_STEAM_1,0,113,113_PV_1,101,4110.564470333,4246.904703769,136.340233436
0,poi_bus_108,108,Alger,unity,1,14,2020-01-01T14:00:00+00:00,11,branch_B6_immediate,branch,B6,fixed,short_term,181.333333333,0,799.633003319,-99.999999999,0,true,true,false,constraint_violation,0.945179748,307,1.086748568,210,0.036748568,0.841588604,C10,76.558148355,113_PV_1,180.479831908,113_PV_1,0,113,113_PV_1,101,4110.564470333,4187.122618688,76.558148355
0,poi_bus_108,108,Alger,unity,1,14,2020-01-01T14:00:00+00:00,12,branch_B6_sustained,branch,B6,bounded,continuous,181.333333333,0,799.633003319,-100,0.000000001,true,true,false,constraint_violation,0.877876653,307,1.085222648,210,0.072123347,0.950793361,CA-1,134.60503264,113_PV_1,230.508359557,316_STEAM_1,0,113,113_PV_1,101,4110.564470333,4245.169502973,134.60503264
0,poi_bus_108,108,Alger,unity,1,14,2020-01-01T14:00:00+00:00,13,branch_C12-1_immediate,branch,C12-1,fixed,short_term,181.333333333,0,799.633003319,-100,0.000000001,true,true,false,constraint_violation,0.796645036,307,1.083770839,210,0.153354964,0.774067561,C10,86.132834068,113_PV_1,182.952470358,113_PV_1,0,113,113_PV_1,101,4110.564470333,4196.697304401,86.132834068
0,poi_bus_108,108,Alger,unity,1,14,2020-01-01T14:00:00+00:00,14,branch_C12-1_sustained,branch,C12-1,bounded,continuous,181.333333333,0,799.633003319,-100,0,true,true,false,constraint_violation,0.724037107,307,1.082052767,210,0.225962893,0.963353442,C13-2,110.678800057,113_PV_1,172.924095978,113_PV_1,0,113,113_PV_1,101,4110.564470333,4221.24327039,110.678800057
0,poi_bus_108,108,Alger,unity,1,14,2020-01-01T14:00:00+00:00,15,branch_C27_immediate,branch,C27,fixed,short_term,181.333333333,0,799.633003319,-100,0,true,true,false,constraint_violation,0.945033932,307,1.083742104,210,0.033742104,0.840935577,C10,76.636102587,113_PV_1,182.245422383,113_PV_1,0,113,113_PV_1,101,4110.564470333,4187.20057292,76.636102587
0,poi_bus_108,108,Alger,unity,1,14,2020-01-01T14:00:00+00:00,16,branch_C27_sustained,branch,C27,bounded,continuous,181.333333333,0,799.633003319,-100,0,true,true,false,constraint_violation,0.880833905,307,1.084156151,210,0.069166095,0.939513299,CA-1,129.425327363,113_PV_1,243.449097627,316_STEAM_1,0,113,113_PV_1,101,4110.564470333,4239.989797696,129.425327363
0,poi_bus_108,108,Alger,unity,1,14,2020-01-01T14:00:00+00:00,17,branch_C6_immediate,branch,C6,fixed,short_term,181.333333333,0,799.633003319,-100,0.000000001,true,true,false,constraint_violation,0.941015189,307,1.083754043,210,0.033754043,0.837908168,C10,76.672931718,113_PV_1,182.087211822,113_PV_1,0,113,113_PV_1,101,4110.564470333,4187.237402051,76.672931718
0,poi_bus_108,108,Alger,unity,1,14,2020-01-01T14:00:00+00:00,18,branch_C6_sustained,branch,C6,bounded,continuous,181.333333333,0,799.633003319,-100,0,true,true,false,constraint_violation,0.938924077,307,1.084405487,210,0.034405487,0.957494293,C10,79.428645724,113_PV_1,176.951408114,113_PV_1,0,113,113_PV_1,101,4110.564470333,4189.993116057,79.428645724
0,poi_bus_108,108,Alger,unity,1,14,2020-01-01T14:00:00+00:00,19,branch_CA-1_immediate,branch,CA-1,fixed,short_term,181.333333333,0,799.633003319,-100,0,true,true,false,constraint_violation,0.943676426,108,1.083975124,210,0.033975124,0.835270033,C10,98.113283196,113_PV_1,170.967734177,113_PV_1,0,113,113_PV_1,101,4110.564470333,4208.677753529,98.113283196
0,poi_bus_108,108,Alger,unity,1,14,2020-01-01T14:00:00+00:00,20,branch_CA-1_sustained,branch,CA-1,bounded,continuous,181.333333333,0,799.633003319,-100,0.000000001,true,true,false,constraint_violation,0.923629323,307,1.082323356,210,0.032323356,0.912427397,C10,84.794413857,113_PV_1,189.258376141,113_PV_1,0,113,113_PV_1,101,4110.564470333,4195.35888419,84.794413857
0,poi_bus_108,108,Alger,unity,1,14,2020-01-01T14:00:00+00:00,21,generator_121_NUCLEAR_1_sustained,generator,121_NUCLEAR_1,bounded,continuous,181.333333333,0,799.633003319,-100,0.000000001,true,true,false,constraint_violation,0.93430537,307,1.083629431,210,0.033629431,0.92456237,C10,76.713768135,113_PV_1,180.025456356,113_PV_1,0,113,113_PV_1,100,4110.564470333,4187.278238468,76.713768135
0,poi_bus_108,108,Alger,unity,1,14,2020-01-01T14:00:00+00:00,22,generator_213_CC_3_sustained,generator,213_CC_3,bounded,continuous,181.333333333,0,799.633003319,-100,0.000000001,true,true,false,constraint_violation,0.890671386,307,1.084239236,210,0.059328614,0.876494926,C10,122.874735376,113_PV_1,192.893319716,316_STEAM_1,0,113,113_PV_1,101,4110.564470333,4233.439205709,122.874735376
0,poi_bus_108,108,Alger,unity,1,14,2020-01-01T14:00:00+00:00,23,generator_313_CC_1_sustained,generator,313_CC_1,bounded,continuous,181.333333333,0,799.633003319,-100,0,true,true,false,constraint_violation,0.878497489,307,1.082315775,210,0.071502511,0.943005969,CA-1,135.824495061,113_PV_1,233.127328595,316_STEAM_1,0,113,113_PV_1,101,4110.564470333,4246.388965394,135.824495061
0,poi_bus_108,108,Alger,unity,1,15,2020-01-01T15:00:00+00:00,0,normal,normal,,base,continuous,185.25,0,796.28929986,-100,0,true,true,false,constraint_violation,0.951876382,108,1.083527273,210,0.033527273,0.95061614,C10,96.361866883,113_PV_1,182.114274226,113_PV_1,0,113,113_PV_1,102,4098.05087,4194.412736883,96.361866883
0,poi_bus_108,108,Alger,unity,1,15,2020-01-01T15:00:00+00:00,1,branch_A11_immediate,branch,A11,fixed,short_term,185.25,0,796.28929986,-100,0,true,true,false,constraint_violation,0.927443735,108,1.084578158,210,0.034578158,0.831846409,C10,96.655405902,113_PV_1,173.508826498,113_PV_1,0,113,113_PV_1,102,4098.05087,4194.706275902,96.655405902
0,poi_bus_108,108,Alger,unity,1,15,2020-01-01T15:00:00+00:00,2,branch_A11_sustained,branch,A11,bounded,continuous,185.25,0,796.28929986,-100,0,true,true,false,constraint_violation,0.911427513,307,1.082957132,210,0.038572487,0.934453076,CA-1,124.536137274,113_PV_1,173.52638356,113_PV_1,0,113,113_PV_1,102,4098.05087,4222.587007274,124.536137274
0,poi_bus_108,108,Alger,unity,1,15,2020-01-01T15:00:00+00:00,3,branch_A12-1_immediate,branch,A12-1,fixed,short_term,185.25,0,796.28929986,-100,0,true,true,false,constraint_violation,0.857738964,108,1.081352737,210,0.092261036,1.049216053,A13-2,112.57416151,113_PV_1,173.499825316,113_PV_1,0,113,113_PV_1,102,4098.05087,4210.62503151,112.57416151
0,poi_bus_108,108,Alger,unity,1,15,2020-01-01T15:00:00+00:00,4,branch_A12-1_sustained,branch,A12-1,bounded,continuous,185.25,0,796.28929986,-100,0,true,true,false,constraint_violation,0.87099753,108,1.080338951,210,0.07900247,1.183024773,A13-2,134.858858559,113_PV_1,175.767600802,113_PV_1,0,113,113_PV_1,102,4098.05087,4232.909728559,134.858858559
0,poi_bus_108,108,Alger,unity,1,15,2020-01-01T15:00:00+00:00,5,branch_A34_immediate,branch,A34,fixed,short_term,185.25,0,796.28929986,-100,0,true,true,false,constraint_violation,0.951873258,108,1.083530445,210,0.033530445,0.831875337,C10,96.861856533,113_PV_1,182.1302874,113_PV_1,0,113,113_PV_1,102,4098.05087,4194.912726533,96.861856533
0,poi_bus_108,108,Alger,unity,1,15,2020-01-01T15:00:00+00:00,6,branch_A34_sustained,branch,A34,bounded,continuous,185.25,0,796.28929986,-100,0.000000001,true,true,false,constraint_violation,0.893533579,307,1.082042902,210,0.056466421,1.126398127,CA-1,157.147010513,113_PV_1,184.875549383,113_PV_1,0,113,113_PV_1,102,4098.05087,4255.197880513,157.147010513
0,poi_bus_108,108,Alger,unity,1,15,2020-01-01T15:00:00+00:00,7,branch_B12-1_immediate,branch,B12-1,fixed,short_term,185.25,0,796.28929986,-100,0.000000001,true,true,false,constraint_violation,0.943587011,207,1.070751393,210,0.020751393,0.831722066,C10,100.627999055,113_PV_1,182.677894644,113_PV_1,0,113,113_PV_1,102,4098.05087,4198.678869055,100.627999055
0,poi_bus_108,108,Alger,unity,1,15,2020-01-01T15:00:00+00:00,8,branch_B12-1_sustained,branch,B12-1,bounded,continuous,185.25,0,796.28929986,100.000000001,0.000000001,true,true,false,constraint_violation,0.93860832,307,1.068693627,210,0.018693627,0.927676957,C10,88.231307433,113_PV_1,151.596354861,113_PV_1,0,113,113_PV_1,102,4098.05087,4186.282177433,88.231307433
0,poi_bus_108,108,Alger,unity,1,15,2020-01-01T15:00:00+00:00,9,branch_B22_immediate,branch,B22,fixed,short_term,185.25,0,796.28929986,-100,0.000000001,true,true,false,constraint_violation,0.949830386,108,1.077844881,210,0.027844881,0.832394727,C10,100.336294733,113_PV_1,181.148731127,113_PV_1,0,113,113_PV_1,102,4098.05087,4198.387164733,100.336294733
0,poi_bus_108,108,Alger,unity,1,15,2020-01-01T15:00:00+00:00,10,branch_B22_sustained,branch,B22,bounded,continuous,185.25,0,796.28929986,-100.000000001,0,true,true,false,constraint_violation,0.926204231,307,1.078568712,210,0.028568712,0.916686079,C10,112.794968908,113_PV_1,176.353210445,113_PV_1,0,113,113_PV_1,102,4098.05087,4210.845838908,112.794968908
0,poi_bus_108,108,Alger,unity,1,15,2020-01-01T15:00:00+00:00,11,branch_B6_immediate,branch,B6,fixed,short_term,185.25,0,796.28929986,-100,0.000000001,true,true,false,constraint_violation,0.946658978,108,1.086520018,210,0.036520018,0.831715592,C10,96.450572975,113_PV_1,180.548100045,113_PV_1,0,113,113_PV_1,102,4098.05087,4194.501442975,96.450572975
0,poi_bus_108,108,Alger,unity,1,15,2020-01-01T15:00:00+00:00,12,branch_B6_sustained,branch,B6,bounded,continuous,185.25,0,796.28929986,-100,0,true,true,false,constraint_violation,0.886016457,307,1.085080226,210,0.063983543,1.141790284,CA-1,166.714659102,113_PV_1,185.035752173,113_PV_1,0,113,113_PV_1,102,4098.05087,4264.765529102,166.714659102
0,poi_bus_108,108,Alger,unity,1,15,2020-01-01T15:00:00+00:00,13,branch_C12-1_immediate,branch,C12-1,fixed,short_term,185.25,0,796.28929986,-100,0,true,true,false,constraint_violation,0.747649334,307,1.083546994,210,0.202350666,0.89462633,C13-2,113.509346639,113_PV_1,183.729775567,113_PV_1,0,113,113_PV_1,102,4098.05087,4211.560216639,113.509346639
0,poi_bus_108,108,Alger,unity,1,15,2020-01-01T15:00:00+00:00,14,branch_C12-1_sustained,branch,C12-1,bounded,continuous,185.25,0,796.28929986,-100,0,true,false,false,not_converged,,,,,,,,,,,,,113,113_PV_1,102,,,
0,poi_bus_108,108,Alger,unity,1,15,2020-01-01T15:00:00+00:00,15,branch_C27_immediate,branch,C27,fixed,short_term,185.25,0,796.28929986,-100,0,true,true,false,constraint_violation,0.95172305,307,1.083492283,210,0.033492283,0.826716887,C10,98.917781202,113_PV_1,182.662396101,113_PV_1,0,113,113_PV_1,102,4098.05087,4196.968651202,98.917781202
0,poi_bus_108,108,Alger,unity,1,15,2020-01-01T15:00:00+00:00,16,branch_C27_sustained,branch,C27,bounded,continuous,185.25,0,796.28929986,-99.999999999,0.000000001,true,true,false,constraint_violation,0.904814022,307,1.084396808,210,0.045185978,0.935870957,CA-1,127.558016998,113_PV_1,181.176439078,113_PV_1,0,113,113_PV_1,102,4098.05087,4225.608886998,127.558016998
0,poi_bus_108,108,Alger,unity,1,15,2020-01-01T15:00:00+00:00,17,branch_C6_immediate,branch,C6,fixed,short_term,185.25,0,796.28929986,-100,0.000000001,true,true,false,constraint_violation,0.948762644,307,1.08352443,210,0.03352443,0.813605243,C10,97.456477873,113_PV_1,182.258323836,113_PV_1,0,113,113_PV_1,102,4098.05087,4195.507347873,97.456477873
0,poi_bus_108,108,Alger,unity,1,15,2020-01-01T15:00:00+00:00,18,branch_C6_sustained,branch,C6,bounded,continuous,185.25,0,796.28929986,-100,0,true,true,false,constraint_violation,0.934331543,307,1.084792828,210,0.034792828,0.897558633,C10,99.501981194,113_PV_1,178.690518528,113_PV_1,0,113,113_PV_1,102,4098.05087,4197.552851194,99.501981194
0,poi_bus_108,108,Alger,unity,1,15,2020-01-01T15:00:00+00:00,19,branch_CA-1_immediate,branch,CA-1,fixed,short_term,185.25,0,796.28929986,-100,0,true,true,false,constraint_violation,0.935575079,108,1.082657154,210,0.032657154,1.084488522,CB-1,177.230274169,113_PV_1,164.867645154,113_PV_1,0,113,113_PV_1,102,4098.05087,4275.281144169,177.230274169
0,poi_bus_108,108,Alger,unity,1,15,2020-01-01T15:00:00+00:00,20,branch_CA-1_sustained,branch,CA-1,bounded,continuous,185.25,0,796.28929986,100,0,true,true,false,constraint_violation,0.929939189,307,1.084628091,210,0.034628091,1.184769693,CB-1,157.026609459,113_PV_1,153.7788661,113_PV_1,0,113,113_PV_1,102,4098.05087,4255.077479459,157.026609459
0,poi_bus_108,108,Alger,unity,1,15,2020-01-01T15:00:00+00:00,21,generator_121_NUCLEAR_1_sustained,generator,121_NUCLEAR_1,bounded,continuous,185.25,0,796.28929986,-100,0,true,true,false,constraint_violation,0.884049189,307,1.083903084,210,0.065950811,0.860690801,C10,110.5259835,113_PV_1,179.641583784,113_PV_1,0,113,113_PV_1,101,4098.05087,4208.5768535,110.5259835
0,poi_bus_108,108,Alger,unity,1,15,2020-01-01T15:00:00+00:00,22,generator_213_CC_3_sustained,generator,213_CC_3,bounded,continuous,185.25,0,796.28929986,-100,0,true,true,false,constraint_violation,0.915935895,307,1.082153392,210,0.034064105,0.949145789,CA-1,125.155218181,113_PV_1,181.944681949,113_PV_1,0,113,113_PV_1,102,4098.05087,4223.206088181,125.155218181
0,poi_bus_108,108,Alger,unity,1,15,2020-01-01T15:00:00+00:00,23,generator_313_CC_1_sustained,generator,313_CC_1,bounded,continuous,185.25,0,796.28929986,-100,0.000000001,true,true,false,constraint_violation,0.901449121,307,1.082173665,210,0.048550879,1.039047143,CA-1,142.005380865,113_PV_1,184.208414304,113_PV_1,0,113,113_PV_1,102,4098.05087,4240.056250865,142.005380865
0,poi_bus_108,108,Alger,unity,1,16,2020-01-01T16:00:00+00:00,0,normal,normal,,base,continuous,185.666666667,0,825.723262372,100,0,true,true,false,constraint_violation,0.9568,307,1.086299015,210,0.036299015,0.908567791,C10,105.30304391,213_RTPV_1,39.759982561,316_STEAM_1,105.30304391,213,213_CC_3,105,4243.099938667,4348.402982577,105.30304391
0,poi_bus_108,108,Alger,unity,1,16,2020-01-01T16:00:00+00:00,1,branch_A11_immediate,branch,A11,fixed,short_term,185.666666667,0,825.723262372,100,0.000000002,true,true,false,constraint_violation,0.934145135,108,1.086811384,210,0.036811384,0.794714317,C10,108.469359329,213_RTPV_1,40.307242399,316_STEAM_1,108.469359329,213,213_CC_3,105,4243.099938667,4351.569297996,108.469359329
0,poi_bus_108,108,Alger,unity,1,16,2020-01-01T16:00:00+00:00,2,branch_A11_sustained,branch,A11,bounded,continuous,185.666666667,0,825.723262372,-100,0,true,true,false,constraint_violation,0.938145652,108,1.088916848,210,0.038916848,0.927052613,C10,126.862940321,213_RTPV_1,112.982743518,316_STEAM_1,126.862940321,213,213_CC_3,105,4243.099938667,4369.962878988,126.862940321
0,poi_bus_108,108,Alger,unity,1,16,2020-01-01T16:00:00+00:00,3,branch_A12-1_immediate,branch,A12-1,fixed,short_term,185.666666667,0,825.723262372,100.000000001,0,true,true,false,constraint_violation,0.862891989,108,1.084648922,210,0.087108011,0.898622949,A13-2,120.014198438,213_RTPV_1,39.527612689,316_STEAM_1,120.014198438,213,213_CC_3,105,4243.099938667,4363.114137105,120.014198438
0,poi_bus_108,108,Alger,unity,1,16,2020-01-01T16:00:00+00:00,4,branch_A12-1_sustained,branch,A12-1,bounded,continuous,185.666666667,0,825.723262372,91.118683719,0,true,true,false,constraint_violation,0.86279299,108,1.083975377,210,0.08720701,1.150020397,A13-2,114.797910685,213_RTPV_1,35.091938546,316_STEAM_1,114.797910685,213,213_CC_3,105,4243.099938667,4357.897849352,114.797910685
0,poi_bus_108,108,Alger,unity,1,16,2020-01-01T16:00:00+00:00,5,branch_A34_immediate,branch,A34,fixed,short_term,185.666666667,0,825.723262372,99.999999999,0.000000001,true,true,false,constraint_violation,0.9568,307,1.086300959,210,0.036300959,0.794959364,C10,105.778499436,213_RTPV_1,39.825942573,316_STEAM_1,105.778499436,213,213_CC_3,105,4243.099938667,4348.878438103,105.778499436
0,poi_bus_108,108,Alger,unity,1,16,2020-01-01T16:00:00+00:00,6,branch_A34_sustained,branch,A34,bounded,continuous,185.666666667,0,825.723262372,-100.000000001,0.000000001,true,true,false,constraint_violation,0.9568,307,1.085705066,210,0.035705066,0.982395434,CB-1,137.948153126,313_RTPV_7,131.793502275,316_STEAM_1,137.948153126,313,313_CC_1,105,4243.099938666,4381.048091792,137.948153126
0,poi_bus_108,108,Alger,unity,1,16,2020-01-01T16:00:00+00:00,7,branch_B12-1_immediate,branch,B12-1,fixed,short_term,185.666666667,0,825.723262372,100,0.000000001,true,true,false,constraint_violation,0.942245929,207,1.073826052,210,0.023826052,0.79500786,C10,109.608469653,213_RTPV_1,39.74093184,316_STEAM_1,109.608469653,213,213_CC_3,105,4243.099938667,4352.70840832,109.608469653
0,poi_bus_108,108,Alger,unity,1,16,2020-01-01T16:00:00+00:00,8,branch_B12-1_sustained,branch,B12-1,bounded,continuous,185.666666667,0,825.723262372,-67.359989828,0.000000001,true,true,false,constraint_violation,0.943972996,207,1.075221138,210,0.025221138,0.946742568,CB-1,0,101_STEAM_3,107.521520065,316_STEAM_1,0,321,321_CC_1,105,4243.099938667,4375.727353172,132.627414505
0,poi_bus_108,108,Alger,unity,1,16,2020-01-01T16:00:00+00:00,9,branch_B22_immediate,branch,B22,fixed,short_term,185.666666667,0,825.723262372,100,0,true,true,false,constraint_violation,0.9568,307,1.086251831,210,0.036251831,0.794924424,C10,105.446146906,213_RTPV_1,39.889334172,316_STEAM_1,105.446146906,213,213_CC_3,105,4243.099938667,4348.546085573,105.446146906
0,poi_bus_108,108,Alger,unity,1,16,2020-01-01T16:00:00+00:00,10,branch_B22_sustained,branch,B22,bounded,continuous,185.666666667,0,825.723262372,-100,0,true,true,false,constraint_violation,0.9568,307,1.085702083,210,0.035702083,0.917978642,C10,107.189458555,213_RTPV_1,74.450370539,316_STEAM_1,107.189458555,213,213_CC_3,105,4243.099938667,4350.289397222,107.189458555
0,poi_bus_108,108,Alger,unity,1,16,2020-01-01T16:00:00+00:00,11,branch_B6_immediate,branch,B6,fixed,short_term,185.666666667,0,825.723262372,100,0.000000001,true,true,false,constraint_violation,0.952278119,108,1.089338855,210,0.039338855,0.794899216,C10,106.088307247,213_RTPV_1,39.936170916,316_STEAM_1,106.088307247,213,213_CC_3,105,4243.099938667,4349.188245914,106.088307247
0,poi_bus_108,108,Alger,unity,1,16,2020-01-01T16:00:00+00:00,12,branch_B6_sustained,branch,B6,bounded,continuous,185.666666667,0,825.723262372,-100.000000001,0.000000001,true,true,false,constraint_violation,0.955215441,108,1.088440885,210,0.038440885,1.05368438,CB-1,144.561319698,213_RTPV_1,149.420975903,316_STEAM_1,144.561319698,213,213_CC_3,105,4243.099938667,4387.661258365,144.561319698
0,poi_bus_108,108,Alger,unity,1,16,2020-01-01T16:00:00+00:00,13,branch_C12-1_immediate,branch,C12-1,fixed,short_term,185.666666667,0,825.723262372,100.000000001,0.000000001,true,true,false,constraint_violation,0.945365378,308,1.086292499,210,0.036292499,0.760548819,B10,113.366632212,213_RTPV_1,42.427817469,316_STEAM_1,113.366632212,213,213_CC_3,105,4243.099938667,4356.466570879,113.366632212
0,poi_bus_108,108,Alger,unity,1,16,2020-01-01T16:00:00+00:00,14,branch_C12-1_sustained,branch,C12-1,bounded,continuous,185.666666667,0,825.723262372,-100,0.000000001,true,true,false,constraint_violation,0.950826874,308,1.087727992,210,0.037727992,0.953403927,CB-1,0,101_STEAM_3,101.197169976,316_STEAM_1,0,321,321_CC_1,105,4243.099938666,4373.339307421,130.239368755
0,poi_bus_108,108,Alger,unity,1,16,2020-01-01T16:00:00+00:00,15,branch_C27_immediate,branch,C27,fixed,short_term,185.666666667,0,825.723262372,100,0.000000001,true,true,false,constraint_violation,0.9568,307,1.086243509,210,0.036243509,0.790752721,C10,109.648948285,213_RTPV_1,47.112063502,316_STEAM_1,109.648948285,213,213_CC_3,105,4243.099938667,4352.748886952,109.648948285
0,poi_bus_108,108,Alger,unity,1,16,2020-01-01T16:00:00+00:00,16,branch_C27_sustained,branch,C27,bounded,continuous,185.666666667,0,825.723262372,-100,0,true,true,false,constraint_violation,0.9568,307,1.085680207,210,0.035680207,0.907040832,C10,116.276187953,213_RTPV_1,87.558928057,316_STEAM_1,116.276187953,213,213_CC_3,105,4243.099938667,4359.37612662,116.276187953
0,poi_bus_108,108,Alger,unity,1,16,2020-01-01T16:00:00+00:00,17,branch_C6_immediate,branch,C6,fixed,short_term,185.666666667,0,825.723262372,100,0,true,true,false,constraint_violation,0.9568,307,1.08629314,210,0.03629314,0.77980096,C10,106.412377137,213_RTPV_1,40.989620691,316_STEAM_1,106.412377137,213,213_CC_3,105,4243.099938667,4349.512315804,106.412377137
0,poi_bus_108,108,Alger,unity,1,16,2020-01-01T16:00:00+00:00,18,branch_C6_sustained,branch,C6,bounded,continuous,185.666666667,0,825.723262372,-100,0.000000001,true,true,false,constraint_violation,0.9568,307,1.085641292,210,0.035641292,0.952597838,CB-1,0,101_STEAM_3,127.735446898,316_STEAM_1,0,321,321_CC_1,105,4243.099938666,4377.154267658,134.054328992
0,poi_bus_108,108,Alger,unity,1,16,2020-01-01T16:00:00+00:00,19,branch_CA-1_immediate,branch,CA-1,fixed,short_term,185.666666667,0,825.723262372,100,0.000000002,true,true,false,constraint_violation,0.9568,307,1.086345871,210,0.036345871,1.239315373,CB-1,173.438920518,213_RTPV_1,158.491186379,316_STEAM_1,173.438920518,213,213_CC_3,105,4243.099938667,4416.538859185,173.438920518
0,poi_bus_108,108,Alger,unity,1,16,2020-01-01T16:00:00+00:00,20,branch_CA-1_sustained,branch,CA-1,bounded,continuous,185.666666667,0,825.723262372,100,0.000000001,true,true,false,constraint_violation,0.9568,307,1.085708729,210,0.035708729,1.184433881,CB-1,0,101_STEAM_3,108.661709781,316_STEAM_1,0,123,123_STEAM_3,105,4243.099938667,4374.073697272,130.973758605
0,poi_bus_108,108,Alger,unity,1,16,2020-01-01T16:00:00+00:00,21,generator_121_NUCLEAR_1_sustained,generator,121_NUCLEAR_1,bounded,continuous,185.666666667,0,825.723262372,-100,0,true,true,false,constraint_violation,0.9568,307,1.085553593,210,0.035553593,0.914318853,C10,100.561651236,317_WIND_1,369.184220436,317_WIND_1,0,317,317_WIND_1,104,4243.099938667,4354.461589903,111.361651236
0,poi_bus_108,108,Alger,unity,1,16,2020-01-01T16:00:00+00:00,22,generator_213_CC_3_sustained,generator,213_CC_3,bounded,continuous,185.666666667,0,825.723262372,-100,0.000000001,true,true,false,constraint_violation,0.9568,307,1.080849538,210,0.030849538,0.898765591,C10,60.887423942,309_WIND_1,57.198260969,309_WIND_1,0,309,309_WIND_1,104,4243.099938667,4341.887362609,98.787423942
0,poi_bus_108,108,Alger,unity,1,16,2020-01-01T16:00:00+00:00,23,generator_313_CC_1_sustained,generator,313_CC_1,bounded,continuous,185.666666667,0,825.723262372,-70.503266303,0.000000001,true,true,false,constraint_violation,0.9568,307,1.085710635,210,0.035710635,1.177978313,CB-1,110.804290946,221_CC_1,207.197321234,316_STEAM_1,0,221,221_CC_1,104,4243.099938667,4415.304290946,172.204352279
0,poi_bus_108,108,Alger,unity,1,17,2020-01-01T17:00:00+00:00,0,normal,normal,,base,continuous,189.020833333,0,931.674803888,57.3134342,0.000000001,true,true,false,constraint_violation,0.948137014,108,1.078931206,210,0.028931206,0.902383893,C10,130.672240634,213_RTPV_1,95.210441356,316_STEAM_1,130.672240634,213,213_CC_3,105,4767.078059333,4897.750299967,130.672240634
0,poi_bus_108,108,Alger,unity,1,17,2020-01-01T17:00:00+00:00,1,branch_A11_immediate,branch,A11,fixed,short_term,189.020833333,0,931.674803888,57.3134342,0.000000001,true,true,false,constraint_violation,0.922399101,108,1.079585519,210,0.029585519,0.789632105,C10,132.988207818,213_RTPV_1,95.369555391,316_STEAM_1,132.988207818,213,213_CC_3,105,4767.078059333,4900.066267151,132.988207818
0,poi_bus_108,108,Alger,unity,1,17,2020-01-01T17:00:00+00:00,2,branch_A11_sustained,branch,A11,bounded,continuous,189.020833333,0,931.674803888,-99.999999999,0,true,true,false,constraint_violation,0.925704798,108,1.07917074,210,0.02917074,0.97536944,CA-1,0,101_STEAM_3,364.323058526,317_WIND_1,0,317,317_WIND_1,105,4767.078059333,4918.181322322,151.103262989
0,poi_bus_108,108,Alger,unity,1,17,2020-01-01T17:00:00+00:00,3,branch_A12-1_immediate,branch,A12-1,fixed,short_term,189.020833333,0,931.674803888,57.3134342,0.000000001,true,true,false,constraint_violation,0.833128949,108,1.076727908,210,0.116871051,1.023523747,A13-2,149.909586079,213_RTPV_1,95.123813803,316_STEAM_1,149.909586079,213,213_CC_3,105,4767.078059333,4916.987645412,149.909586079
0,poi_bus_108,108,Alger,unity,1,17,2020-01-01T17:00:00+00:00,4,branch_A12-1_sustained,branch,A12-1,bounded,continuous,189.020833333,0,931.674803888,-100,0.000000002,true,true,false,constraint_violation,0.838869486,108,1.076536371,210,0.111130514,1.262663604,A13-2,0,101_STEAM_3,150.553397178,316_STEAM_1,0,122,122_WIND_1,105,4767.078059334,4922.980274074,155.90221474
0,poi_bus_108,108,Alger,unity,1,17,2020-01-01T17:00:00+00:00,5,branch_A34_immediate,branch,A34,fixed,short_term,189.020833333,0,931.674803888,57.3134342,0,true,true,false,constraint_violation,0.948224967,108,1.078928121,210,0.028928121,0.789644076,C10,141.185488519,213_RTPV_1,95.423102007,316_STEAM_1,141.185488519,213,213_CC_3,105,4767.078059333,4908.263547852,141.185488519
0,poi_bus_108,108,Alger,unity,1,17,2020-01-01T17:00:00+00:00,6,branch_A34_sustained,branch,A34,bounded,continuous,189.020833333,0,931.674803888,-100,0.000000001,true,true,false,constraint_violation,0.950071242,108,1.078673356,210,0.028673356,1.051927105,CA-1,170.456944204,213_RTPV_1,180.386827438,316_STEAM_1,170.456944204,213,213_CC_3,105,4767.078059333,4937.535003537,170.456944204
0,poi_bus_108,108,Alger,unity,1,17,2020-01-01T17:00:00+00:00,7,branch_B12-1_immediate,branch,B12-1,fixed,short_term,189.020833333,0,931.674803888,57.3134342,0,true,true,false,constraint_violation,0.883744975,207,1.058927081,210,0.066255025,0.794423138,B13-2,138.160174244,213_RTPV_1,95.202669196,316_STEAM_1,138.160174244,213,213_CC_3,105,4767.078059333,4905.238233577,138.160174244
0,poi_bus_108,108,Alger,unity,1,17,2020-01-01T17:00:00+00:00,8,branch_B12-1_sustained,branch,B12-1,bounded,continuous,189.020833333,0,931.674803888,-100,0.000000002,true,true,false,constraint_violation,0.883304244,207,1.058607572,210,0.066695756,0.99889155,B13-2,0,101_STEAM_3,375.07507592,317_WIND_1,0,317,317_WIND_1,105,4767.078059334,4914.892020445,147.813961111
0,poi_bus_108,108,Alger,unity,1,17,2020-01-01T17:00:00+00:00,9,branch_B22_immediate,branch,B22,fixed,short_term,189.020833333,0,931.674803888,57.3134342,0,true,true,false,constraint_violation,0.948087473,108,1.078816542,210,0.028816542,0.789612385,C10,131.111576201,213_RTPV_1,95.292714625,316_STEAM_1,131.111576201,213,213_CC_3,105,4767.078059333,4898.189635534,131.111576201
0,poi_bus_108,108,Alger,unity,1,17,2020-01-01T17:00:00+00:00,10,branch_B22_sustained,branch,B22,bounded,continuous,189.020833333,0,931.674803888,-100,0,true,true,false,constraint_violation,0.949137297,108,1.079853625,210,0.029853625,0.96861982,CA-1,0,101_STEAM_3,120.414571142,316_STEAM_1,0,321,321_CC_1,105,4767.078059333,4905.20232411,138.124264777
0,poi_bus_108,108,Alger,unity,1,17,2020-01-01T17:00:00+00:00,11,branch_B6_immediate,branch,B6,fixed,short_term,189.020833333,0,931.674803888,57.3134342,0.000000002,true,true,false,constraint_violation,0.9407417,108,1.081821817,210,0.031821817,0.789605002,C10,131.3437681,213_RTPV_1,95.267434978,316_STEAM_1,131.3437681,213,213_CC_3,105,4767.078059333,4898.421827433,131.3437681
0,poi_bus_108,108,Alger,unity,1,17,2020-01-01T17:00:00+00:00,12,branch_B6_sustained,branch,B6,bounded,continuous,189.020833333,0,931.674803888,-100,0.000000001,true,true,false,constraint_violation,0.94306205,108,1.08138465,210,0.03138465,0.912441124,C10,0,101_STEAM_3,158.659787007,316_STEAM_1,0,122,122_WIND_1,105,4767.078059333,4910.1892631,143.111203767
0,poi_bus_108,108,Alger,unity,1,17,2020-01-01T17:00:00+00:00,13,branch_C12-1_immediate,branch,C12-1,fixed,short_term,189.020833333,0,931.674803888,57.313434201,0.000000002,true,true,false,constraint_violation,0.930595429,308,1.078919213,210,0.028919213,0.876730929,C13-2,143.37531384,213_RTPV_1,102.138926221,316_STEAM_1,143.37531384,213,213_CC_3,105,4767.078059333,4910.453373173,143.37531384
0,poi_bus_108,108,Alger,unity,1,17,2020-01-01T17:00:00+00:00,14,branch_C12-1_sustained,branch,C12-1,bounded,continuous,189.020833333,0,931.674803888,-100,0,true,true,false,constraint_violation,0.940187978,308,1.0785419,210,0.0285419,0.874869216,C13-2,0,101_STEAM_3,377.728263732,317_WIND_1,0,317,317_WIND_1,105,4767.078059333,4905.340290677,138.262231344
0,poi_bus_108,108,Alger,unity,1,17,2020-01-01T17:00:00+00:00,15,branch_C27_immediate,branch,C27,fixed,short_term,189.020833333,0,931.674803888,57.3134342,0,true,true,false,constraint_violation,0.948257318,108,1.078800511,210,0.028800511,0.788065827,C10,142.930558865,213_RTPV_1,129.609780584,316_STEAM_1,142.930558865,213,213_CC_3,105,4767.078059333,4910.008618198,142.930558865
0,poi_bus_108,108,Alger,unity,1,17,2020-01-01T17:00:00+00:00,16,branch_C27_sustained,branch,C27,bounded,continuous,189.020833333,0,931.674803888,-100,0.000000001,true,true,false,constraint_violation,0.949639244,108,1.079690877,210,0.029690877,0.988994989,CA-1,0,101_STEAM_3,161.258886552,316_STEAM_1,0,221,221_CC_1,105,4767.078059333,4914.58875686,147.510697527
0,poi_bus_108,108,Alger,unity,1,17,2020-01-01T17:00:00+00:00,17,branch_C6_immediate,branch,C6,fixed,short_term,189.020833333,0,931.674803888,57.3134342,0.000000002,true,true,false,constraint_violation,0.948151976,108,1.078922606,210,0.028922606,0.783697966,C10,132.094591338,213_RTPV_1,97.826371602,316_STEAM_1,132.094591338,213,213_CC_3,105,4767.078059333,4899.172650671,132.094591338
0,poi_bus_108,108,Alger,unity,1,17,2020-01-01T17:00:00+00:00,18,branch_C6_sustained,branch,C6,bounded,continuous,189.020833333,0,931.674803888,-100,0,true,true,false,constraint_violation,0.950307221,108,1.078605556,210,0.028605556,0.914157142,CA-1,0,101_STEAM_3,154.3573412,316_STEAM_1,0,122,122_WIND_1,105,4767.078059333,4907.399887807,140.321828474
0,poi_bus_108,108,Alger,unity,1,17,2020-01-01T17:00:00+00:00,19,branch_CA-1_immediate,branch,CA-1,fixed,short_term,189.020833333,0,931.674803888,57.3134342,0,true,true,false,constraint_violation,0.939351696,108,1.079133579,210,0.029133579,1.288425689,CB-1,228.972321961,213_RTPV_1,252.903496776,316_STEAM_1,228.972321961,213,213_CC_3,105,4767.078059333,4996.050381294,228.972321961
0,poi_bus_108,108,Alger,unity,1,17,2020-01-01T17:00:00+00:00,20,branch_CA-1_sustained,branch,CA-1,bounded,continuous,189.020833333,0,931.674803888,100,0.000000001,true,true,false,constraint_violation,0.94007077,108,1.078412633,210,0.028412633,1.225713108,CB-1,99.583320236,115_STEAM_3,178.669564175,316_STEAM_1,0,115,115_STEAM_3,105,4767.078059333,4959.661379569,192.583320236
0,poi_bus_108,108,Alger,unity,1,17,2020-01-01T17:00:00+00:00,21,generator_121_NUCLEAR_1_sustained,generator,121_NUCLEAR_1,bounded,continuous,189.020833333,0,931.674803888,-99.999999999,0,true,true,false,constraint_violation,0.950082053,108,1.078377711,210,0.028377711,0.94630733,C27,86.708248586,317_WIND_1,401.629919063,317_WIND_1,0,317,317_WIND_1,104,4767.078059333,4887.108248586,120.030189253
0,poi_bus_108,108,Alger,unity,1,17,2020-01-01T17:00:00+00:00,22,generator_213_CC_3_sustained,generator,213_CC_3,bounded,continuous,189.020833333,0,931.674803888,-100,0,true,true,false,constraint_violation,0.946289707,108,1.070131123,210,0.020131123,0.910631794,C10,50.25403303,317_WIND_1,415.218684393,317_WIND_1,0,317,317_WIND_1,104,4767.078059333,4895.65403303,128.575973697
0,poi_bus_108,108,Alger,unity,1,17,2020-01-01T17:00:00+00:00,23,generator_313_CC_1_sustained,generator,313_CC_1,bounded,continuous,189.020833333,0,931.674803888,6.918718249,0,true,true,false,constraint_violation,0.944445679,308,1.078477994,210,0.028477994,1.093474609,CA-1,173.808034623,213_RTPV_1,245.818365878,316_STEAM_1,173.808034623,213,213_CC_3,104,4767.078059333,4940.886093956,173.808034623
0,poi_bus_108,108,Alger,unity,1,18,2020-01-01T18:00:00+00:00,0,normal,normal,,base,continuous,188.833333333,0,926.859082204,-79.689411373,0,true,true,false,constraint_violation,0.950741859,108,1.078434707,210,0.028434707,0.896933504,C10,130.82107724,213_RTPV_1,123.572742813,316_STEAM_1,130.82107724,213,213_CC_3,105,4743.227099333,4874.048176573,130.82107724
0,poi_bus_108,108,Alger,unity,1,18,2020-01-01T18:00:00+00:00,1,branch_A11_immediate,branch,A11,fixed,short_term,188.833333333,0,926.859082204,-79.689411371,0.000000001,true,true,false,constraint_violation,0.926937079,108,1.079041457,210,0.029041457,0.784858161,C10,132.56635483,213_RTPV_1,123.79670986,316_STEAM_1,132.56635483,213,213_CC_3,105,4743.227099333,4875.793454163,132.56635483
0,poi_bus_108,108,Alger,unity,1,18,2020-01-01T18:00:00+00:00,2,branch_A11_sustained,branch,A11,bounded,continuous,188.833333333,0,926.859082204,-100,0.000000001,true,true,false,constraint_violation,0.929427637,108,1.078603077,210,0.028603077,0.902399826,C10,0,101_STEAM_3,378.903882454,317_WIND_1,0,317,317_WIND_1,105,4743.227099333,4877.971864072,134.744764739
0,poi_bus_108,108,Alger,unity,1,18,2020-01-01T18:00:00+00:00,3,branch_A12-1_immediate,branch,A12-1,fixed,short_term,188.833333333,0,926.859082204,-79.689411372,0,true,true,false,constraint_violation,0.837164967,108,1.076262082,210,0.112835033,1.046050464,A13-2,149.914386516,213_RTPV_1,123.352919597,316_STEAM_1,149.914386516,213,213_CC_3,105,4743.227099333,4893.141485849,149.914386516
0,poi_bus_108,108,Alger,unity,1,18,2020-01-01T18:00:00+00:00,4,branch_A12-1_sustained,branch,A12-1,bounded,continuous,188.833333333,0,926.859082204,-29.713777113,0.000000001,true,true,false,constraint_violation,0.841049316,108,1.075640697,210,0.108950684,1.227007343,A13-2,0,101_STEAM_3,404.80167426,317_WIND_1,0,317,317_WIND_1,105,4743.227099333,4880.449715453,137.22261612
0,poi_bus_108,108,Alger,unity,1,18,2020-01-01T18:00:00+00:00,5,branch_A34_immediate,branch,A34,fixed,short_term,188.833333333,0,926.859082204,-79.689411373,0,true,true,false,constraint_violation,0.95083104,108,1.078435579,210,0.028435579,0.784877652,C10,139.72900261,213_RTPV_1,123.918930717,316_STEAM_1,139.72900261,213,213_CC_3,105,4743.227099333,4882.956101943,139.72900261
0,poi_bus_108,108,Alger,unity,1,18,2020-01-01T18:00:00+00:00,6,branch_A34_sustained,branch,A34,bounded,continuous,188.833333333,0,926.859082204,-100.000000001,0,true,true,false,constraint_violation,0.950939889,108,1.078127329,210,0.028127329,0.962131594,CA-1,0,101_STEAM_3,374.557748684,317_WIND_1,0,317,317_WIND_1,105,4743.227099333,4900.775962928,157.548863595
0,poi_bus_108,108,Alger,unity,1,18,2020-01-01T18:00:00+00:00,7,branch_B12-1_immediate,branch,B12-1,fixed,short_term,188.833333333,0,926.859082204,-79.689411372,0.000000001,true,true,false,constraint_violation,0.877832665,207,1.057546426,210,0.072167335,0.809470095,B13-2,138.707756836,213_RTPV_1,123.556323749,316_STEAM_1,138.707756836,213,213_CC_3,105,4743.227099333,4881.934856169,138.707756836
0,poi_bus_108,108,Alger,unity,1,18,2020-01-01T18:00:00+00:00,8,branch_B12-1_sustained,branch,B12-1,bounded,continuous,188.833333333,0,926.859082204,-99.999999999,0.000000001,true,true,false,constraint_violation,0.87881262,207,1.058248407,210,0.07118738,1.017180363,B13-2,0,101_STEAM_3,383.027146925,317_WIND_1,0,317,317_WIND_1,105,4743.227099333,4887.229061329,144.001961996
0,poi_bus_108,108,Alger,unity,1,18,2020-01-01T18:00:00+00:00,9,branch_B22_immediate,branch,B22,fixed,short_term,188.833333333,0,926.859082204,-79.689411373,0,true,true,false,constraint_violation,0.950574074,108,1.078264268,210,0.028264268,0.784851595,C10,131.448387558,213_RTPV_1,123.758007455,316_STEAM_1,131.448387558,213,213_CC_3,105,4743.227099333,4874.675486891,131.448387558
0,poi_bus_108,108,Alger,unity,1,18,2020-01-01T18:00:00+00:00,10,branch_B22_sustained,branch,B22,bounded,continuous,188.833333333,0,926.859082204,-100,0,true,true,false,constraint_violation,0.951152313,108,1.078378456,210,0.028378456,0.908612883,C10,0,101_STEAM_3,80.206280707,316_STEAM_1,0,221,221_CC_1,105,4743.227099333,4858.322173926,115.095074593
0,poi_bus_108,108,Alger,unity,1,18,2020-01-01T18:00:00+00:00,11,branch_B6_immediate,branch,B6,fixed,short_term,188.833333333,0,926.859082204,-79.689411372,0,true,true,false,constraint_violation,0.943606934,108,1.081148557,210,0.031148557,0.784835912,C10,131.389135625,213_RTPV_1,123.670424281,316_STEAM_1,131.389135625,213,213_CC_3,105,4743.227099333,4874.616234958,131.389135625
0,poi_bus_108,108,Alger,unity,1,18,2020-01-01T18:00:00+00:00,12,branch_B6_sustained,branch,B6,bounded,continuous,188.833333333,0,926.859082204,-100,0,true,true,false,constraint_violation,0.943802946,108,1.080773787,210,0.030773787,0.972800461,CA-1,0,101_STEAM_3,158.14335678,316_STEAM_1,0,321,321_CC_1,105,4743.227099334,4889.438656858,146.211557524
0,poi_bus_108,108,Alger,unity,1,18,2020-01-01T18:00:00+00:00,13,branch_C12-1_immediate,branch,C12-1,fixed,short_term,188.833333333,0,926.859082204,-79.689411373,0,true,true,false,constraint_violation,0.932188221,308,1.078426359,210,0.028426359,0.859710499,C13-2,142.788670718,213_RTPV_1,130.205789328,316_STEAM_1,142.788670718,213,213_CC_3,105,4743.227099333,4886.015770051,142.788670718
0,poi_bus_108,108,Alger,unity,1,18,2020-01-01T18:00:00+00:00,14,branch_C12-1_sustained,branch,C12-1,bounded,continuous,188.833333333,0,926.859082204,-100,0.000000001,true,true,false,constraint_violation,0.939440329,308,1.078129959,210,0.028129959,0.97796681,CA-1,0,101_STEAM_3,391.550689914,317_WIND_1,0,317,317_WIND_1,105,4743.227099333,4892.961021192,149.733921859
0,poi_bus_108,108,Alger,unity,1,18,2020-01-01T18:00:00+00:00,15,branch_C27_immediate,branch,C27,fixed,short_term,188.833333333,0,926.859082204,-79.689411372,0.000000001,true,true,false,constraint_violation,0.951111846,108,1.078257429,210,0.028257429,0.78303775,C10,152.304039197,213_RTPV_1,180.016896176,316_STEAM_1,152.304039197,213,213_CC_3,105,4743.227099333,4895.53113853,152.304039197
0,poi_bus_108,108,Alger,unity,1,18,2020-01-01T18:00:00+00:00,16,branch_C27_sustained,branch,C27,bounded,continuous,188.833333333,0,926.859082204,-100,0.000000001,true,true,false,constraint_violation,0.950127202,108,1.079209377,210,0.029209377,0.912072315,C10,45.506726428,223_STEAM_2,169.674893605,316_STEAM_1,138.506726428,223,223_STEAM_3,105,4743.227099333,4881.733825761,138.506726428
0,poi_bus_108,108,Alger,unity,1,18,2020-01-01T18:00:00+00:00,17,branch_C6_immediate,branch,C6,fixed,short_term,188.833333333,0,926.859082204,-79.689411373,0,true,true,false,constraint_violation,0.9507755,108,1.078425278,210,0.028425278,0.77816564,C10,132.629021789,213_RTPV_1,127.048621707,316_STEAM_1,132.629021789,213,213_CC_3,105,4743.227099333,4875.856121122,132.629021789
0,poi_bus_108,108,Alger,unity,1,18,2020-01-01T18:00:00+00:00,18,branch_C6_sustained,branch,C6,bounded,continuous,188.833333333,0,926.859082204,-100,0,true,true,false,constraint_violation,0.950329532,108,1.077902339,210,0.027902339,0.891258484,C10,0,101_STEAM_3,400.604363677,317_WIND_1,0,317,317_WIND_1,105,4743.227099333,4874.828996899,131.601897566
0,poi_bus_108,108,Alger,unity,1,18,2020-01-01T18:00:00+00:00,19,branch_CA-1_immediate,branch,CA-1,fixed,short_term,188.833333333,0,926.859082204,-79.689411372,0.000000001,true,true,false,constraint_violation,0.940127006,108,1.078625848,210,0.028625848,1.271500108,CB-1,232.490791126,213_RTPV_1,296.364975616,316_STEAM_1,232.490791126,213,213_CC_3,105,4743.227099333,4975.717890459,232.490791126
0,poi_bus_108,108,Alger,unity,1,18,2020-01-01T18:00:00+00:00,20,branch_CA-1_sustained,branch,CA-1,bounded,continuous,188.833333333,0,926.859082204,100,0.000000001,true,true,false,constraint_violation,0.939972608,108,1.07808009,210,0.02808009,0.900430301,C10,152.505989397,313_RTPV_7,135.673506631,316_STEAM_1,152.505989397,313,313_CC_1,105,4743.227099333,4895.73308873,152.505989397
0,poi_bus_108,108,Alger,unity,1,18,2020-01-01T18:00:00+00:00,21,generator_121_NUCLEAR_1_sustained,generator,121_NUCLEAR_1,bounded,continuous,188.833333333,0,926.859082204,-100.000000001,0,true,true,false,constraint_violation,0.951058533,108,1.077691279,210,0.027691279,0.903947274,C10,114.578642409,213_RTPV_1,103.510163727,316_STEAM_1,114.578642409,213,213_CC_3,104,4743.227099333,4857.805741742,114.578642409
0,poi_bus_108,108,Alger,unity,1,18,2020-01-01T18:00:00+00:00,22,generator_213_CC_3_sustained,generator,213_CC_3,bounded,continuous,188.833333333,0,926.859082204,-100,0.000000001,true,true,false,constraint_violation,0.946803987,108,1.068929198,210,0.018929198,0.916298308,C27,25.797066784,317_WIND_1,427.98503069,317_WIND_1,0,317,317_WIND_1,104,4743.227099333,4871.697066784,128.469967451
0,poi_bus_108,108,Alger,unity,1,18,2020-01-01T18:00:00+00:00,23,generator_313_CC_1_sustained,generator,313_CC_1,bounded,continuous,188.833333333,0,926.859082204,-100,0,true,true,false,constraint_violation,0.945857056,308,1.078086629,210,0.028086629,1.059626651,CA-1,165.600960146,213_RTPV_1,255.11025361,316_STEAM_1,165.600960146,213,213_CC_3,104,4743.227099333,4908.828059479,165.600960146
0,poi_bus_108,108,Alger,unity,1,19,2020-01-01T19:00:00+00:00,0,normal,normal,,base,continuous,188.895833333,0,905.491554147,-29.969999355,0.000000001,true,true,false,constraint_violation,0.947551837,108,1.060739236,210,0.010739236,0.938370364,C27,0,101_STEAM_3,102.006012559,213_CC_3,0,213,213_CC_3,104,4638.293987333,4763.396666948,125.102679615
0,poi_bus_108,108,Alger,unity,1,19,2020-01-01T19:00:00+00:00,1,branch_A11_immediate,branch,A11,fixed,short_term,188.895833333,0,905.491554147,-29.969999356,0,true,true,false,constraint_violation,0.927434896,108,1.061330658,210,0.022565104,0.7831499,C10,0,101_STEAM_3,105.132411193,213_CC_3,0,213,213_CC_3,104,4638.293987333,4764.344293617,126.050306284
0,poi_bus_108,108,Alger,unity,1,19,2020-01-01T19:00:00+00:00,2,branch_A11_sustained,branch,A11,bounded,continuous,188.895833333,0,905.491554147,-99.999999999,0.000000001,true,true,false,constraint_violation,0.929116187,108,1.0614828,210,0.020883813,1.13993008,C27,0,101_STEAM_3,408.244485752,317_WIND_1,0,317,317_WIND_1,104,4638.293987333,4795.957947246,157.663959913
0,poi_bus_108,108,Alger,unity,1,19,2020-01-01T19:00:00+00:00,3,branch_A12-1_immediate,branch,A12-1,fixed,short_term,188.895833333,0,905.491554147,-29.969999356,0.000000001,true,true,false,constraint_violation,0.831680038,108,1.058259496,210,0.118319962,1.094023528,A13-2,0,101_STEAM_3,91.26929399,213_CC_3,0,213,213_CC_3,104,4638.293987333,4783.27583432,144.981846987
0,poi_bus_108,108,Alger,unity,1,19,2020-01-01T19:00:00+00:00,4,branch_A12-1_sustained,branch,A12-1,bounded,continuous,188.895833333,0,905.491554147,100,0,true,true,false,constraint_violation,0.837874803,108,1.057612204,210,0.112125197,1.23229081,A13-2,0,101_STEAM_3,414.852960141,317_WIND_1,0,317,317_WIND_1,104,4638.293987333,4775.262109107,136.968121774
0,poi_bus_108,108,Alger,unity,1,19,2020-01-01T19:00:00+00:00,5,branch_A34_immediate,branch,A34,fixed,short_term,188.895833333,0,905.491554147,-29.969999356,0,true,true,false,constraint_violation,0.947733267,108,1.060742855,210,0.010742855,0.782942511,C10,0,101_STEAM_3,103.297156711,213_CC_3,0,213,213_CC_3,104,4638.293987333,4774.206891562,135.912904229
0,poi_bus_108,108,Alger,unity,1,19,2020-01-01T19:00:00+00:00,6,branch_A34_sustained,branch,A34,bounded,continuous,188.895833333,0,905.491554147,-99.999999999,0,true,true,false,constraint_violation,0.948477184,108,1.060754577,210,0.010754577,0.906791419,C10,0,101_STEAM_3,393.422180313,317_WIND_1,0,317,317_WIND_1,104,4638.293987333,4778.705923389,140.411936056
0,poi_bus_108,108,Alger,unity,1,19,2020-01-01T19:00:00+00:00,7,branch_B12-1_immediate,branch,B12-1,fixed,short_term,188.895833333,0,905.491554147,-29.969999356,0.000000001,true,true,false,constraint_violation,0.856197514,207,1.051006158,317,0.093802486,0.802735227,B13-2,0,101_STEAM_3,90.981152418,316_STEAM_1,0,213,213_CC_3,104,4638.293987333,4771.85186719,133.557879857
0,poi_bus_108,108,Alger,unity,1,19,2020-01-01T19:00:00+00:00,8,branch_B12-1_sustained,branch,B12-1,bounded,continuous,188.895833333,0,905.491554147,-100,0.000000002,true,true,false,constraint_violation,0.856584669,207,1.05,201,0.093415331,1.049525715,C27,0,101_STEAM_3,394.803572446,317_WIND_1,0,317,317_WIND_1,104,4638.293987333,4801.187379088,162.893391755
0,poi_bus_108,108,Alger,unity,1,19,2020-01-01T19:00:00+00:00,9,branch_B22_immediate,branch,B22,fixed,short_term,188.895833333,0,905.491554147,-29.969999357,0,true,true,false,constraint_violation,0.946822054,108,1.060202566,210,0.010202566,0.782993277,C10,0,101_STEAM_3,91.594928529,316_STEAM_1,0,213,213_CC_3,104,4638.293987333,4765.090407937,126.796420604
0,poi_bus_108,108,Alger,unity,1,19,2020-01-01T19:00:00+00:00,10,branch_B22_sustained,branch,B22,bounded,continuous,188.895833333,0,905.491554147,-100,0,true,true,false,constraint_violation,0.949935296,108,1.060646589,210,0.010646589,0.914510667,C10,0,101_STEAM_3,74.140201124,316_STEAM_1,0,122,122_WIND_1,104,4638.293987333,4748.255175502,109.961188169
0,poi_bus_108,108,Alger,unity,1,19,2020-01-01T19:00:00+00:00,11,branch_B6_immediate,branch,B6,fixed,short_term,188.895833333,0,905.491554147,-29.969999356,0.000000001,true,true,false,constraint_violation,0.943309533,108,1.062119816,210,0.012119816,0.783179262,C10,0,101_STEAM_3,107.877758664,213_CC_3,0,213,213_CC_3,104,4638.293987333,4763.810449838,125.516462505
0,poi_bus_108,108,Alger,unity,1,19,2020-01-01T19:00:00+00:00,12,branch_B6_sustained,branch,B6,bounded,continuous,188.895833333,0,905.491554147,-100,0,true,true,false,constraint_violation,0.941994743,108,1.062353235,210,0.012353235,0.917279989,C27,0,101_STEAM_3,117.756924664,213_CC_3,0,213,213_CC_3,104,4638.293987333,4763.245014893,124.95102756
0,poi_bus_108,108,Alger,unity,1,19,2020-01-01T19:00:00+00:00,13,branch_C12-1_immediate,branch,C12-1,fixed,short_term,188.895833333,0,905.491554147,-29.969999356,0,true,true,false,constraint_violation,0.936916078,308,1.060733429,210,0.013083922,0.823658016,C13-2,0,101_STEAM_3,103.087975042,213_CC_3,0,213,213_CC_3,104,4638.293987333,4773.370851783,135.07686445
0,poi_bus_108,108,Alger,unity,1,19,2020-01-01T19:00:00+00:00,14,branch_C12-1_sustained,branch,C12-1,bounded,continuous,188.895833333,0,905.491554147,-100,0,true,true,false,constraint_violation,0.942591259,308,1.061015252,210,0.011015252,1.072181813,C27,0,101_STEAM_3,184.842343565,316_STEAM_1,0,213,213_CC_3,104,4638.293987334,4796.33242314,158.038435806
0,poi_bus_108,108,Alger,unity,1,19,2020-01-01T19:00:00+00:00,15,branch_C27_immediate,branch,C27,fixed,short_term,188.895833333,0,905.491554147,-29.969999356,0.000000001,true,true,false,constraint_violation,0.948656326,108,1.060483813,210,0.010483813,0.884793154,C29,0,101_STEAM_3,157.24449722,316_STEAM_1,0,213,213_CC_3,104,4638.293987333,4786.850740819,148.556753486
0,poi_bus_108,108,Alger,unity,1,19,2020-01-01T19:00:00+00:00,16,branch_C27_sustained,branch,C27,bounded,continuous,188.895833333,0,905.491554147,-100,0.000000001,true,true,false,constraint_violation,0.950290236,108,1.060732983,210,0.010732983,0.990392109,CA-1,0,101_STEAM_3,245.025341892,317_WIND_1,0,317,317_WIND_1,104,4638.293987333,4790.673350056,152.379362723
0,poi_bus_108,108,Alger,unity,1,19,2020-01-01T19:00:00+00:00,17,branch_C6_immediate,branch,C6,fixed,short_term,188.895833333,0,905.491554147,-29.969999356,0,true,true,false,constraint_violation,0.947628213,108,1.060726422,210,0.010726422,0.773415034,B10,0,101_STEAM_3,102.03616012,213_CC_3,0,213,213_CC_3,104,4638.293987333,4765.117296503,126.82330917
0,poi_bus_108,108,Alger,unity,1,19,2020-01-01T19:00:00+00:00,18,branch_C6_sustained,branch,C6,bounded,continuous,188.895833333,0,905.491554147,-100,0,true,true,false,constraint_violation,0.947265865,108,1.06087162,210,0.01087162,0.899102394,C10,0,101_STEAM_3,393.791827645,317_WIND_1,0,317,317_WIND_1,104,4638.293987333,4767.616417507,129.322430174
0,poi_bus_108,108,Alger,unity,1,19,2020-01-01T19:00:00+00:00,19,branch_CA-1_immediate,branch,CA-1,fixed,short_term,188.895833333,0,905.491554147,-29.969999356,0.000000001,true,true,false,constraint_violation,0.936350323,108,1.061457571,210,0.013649677,1.062640979,C27,0,101_STEAM_3,219.724027414,316_STEAM_1,0,213,213_CC_3,104,4638.293987333,4823.179163651,184.885176318
0,poi_bus_108,108,Alger,unity,1,19,2020-01-01T19:00:00+00:00,20,branch_CA-1_sustained,branch,CA-1,bounded,continuous,188.895833333,0,905.491554147,100.000000001,0.000000001,true,true,false,constraint_violation,0.93620222,108,1.060934114,210,0.01379778,0.923649944,C27,0,101_STEAM_3,362.476390947,317_WIND_1,0,317,317_WIND_1,104,4638.293987333,4796.121461408,157.827474075
0,poi_bus_108,108,Alger,unity,1,19,2020-01-01T19:00:00+00:00,21,generator_121_NUCLEAR_1_sustained,generator,121_NUCLEAR_1,bounded,continuous,188.895833333,0,905.491554147,-99.999999999,0,true,true,false,constraint_violation,0.940222031,108,1.059217432,210,0.009777969,0.970787524,C27,123.833448193,313_RTPV_11,205.459066004,216_STEAM_1,123.833448193,313,313_CC_1,103,4638.293987333,4762.127435526,123.833448193
0,poi_bus_108,108,Alger,unity,1,19,2020-01-01T19:00:00+00:00,22,generator_213_CC_3_sustained,generator,213_CC_3,bounded,continuous,188.895833333,0,905.491554147,-100,0,true,true,false,constraint_violation,0.952263736,108,1.069874945,210,0.019874945,0.996305307,C27,0,101_STEAM_3,441.016963444,317_WIND_1,0,317,317_WIND_1,103,4638.293987333,4764.712670355,126.418683022
0,poi_bus_108,108,Alger,unity,1,19,2020-01-01T19:00:00+00:00,23,generator_313_CC_1_sustained,generator,313_CC_1,bounded,continuous,188.895833333,0,905.491554147,-11.665208763,0,true,true,false,constraint_violation,0.93423121,312,1.078663954,210,0.028663954,0.992940377,C27,0,101_STEAM_3,505.335980194,316_STEAM_1,0,317,317_WIND_1,103,4638.293987333,4798.756908833,160.4629215
0,poi_bus_108,108,Alger,unity,1,20,2020-01-01T20:00:00+00:00,0,normal,normal,,base,continuous,189.041666667,0,873.422843137,-35.02519836,0.000000001,true,true,false,constraint_violation,0.944371272,108,1.07984242,210,0.02984242,1.005813237,C27,119.882511996,213_RTPV_1,211.459304168,216_STEAM_1,119.882511996,213,213_CC_3,102,4480.860809667,4600.743321663,119.882511996
0,poi_bus_108,108,Alger,unity,1,20,2020-01-01T20:00:00+00:00,1,branch_A11_immediate,branch,A11,fixed,short_term,189.041666667,0,873.422843137,-35.025198361,0,true,true,false,constraint_violation,0.925361032,108,1.080378795,210,0.030378795,0.807836893,C27,121.135332876,213_RTPV_1,210.936864871,216_STEAM_1,121.135332876,213,213_CC_3,102,4480.860809667,4601.996142543,121.135332876
0,poi_bus_108,108,Alger,unity,1,20,2020-01-01T20:00:00+00:00,2,branch_A11_sustained,branch,A11,bounded,continuous,189.041666667,0,873.422843137,100,0,true,true,false,constraint_violation,0.922186117,108,1.079817915,210,0.029817915,1.024278649,C27,0,101_STEAM_3,217.94391019,216_STEAM_1,0,123,123_STEAM_3,102,4480.860809667,4612.304428972,131.443619305
0,poi_bus_108,108,Alger,unity,1,20,2020-01-01T20:00:00+00:00,3,branch_A12-1_immediate,branch,A12-1,fixed,short_term,189.041666667,0,873.422843137,-35.02519836,0,true,true,false,constraint_violation,0.829614195,108,1.077464597,210,0.120385805,1.066117182,A13-2,139.263118647,213_RTPV_1,212.795761098,216_STEAM_1,139.263118647,213,213_CC_3,102,4480.860809667,4620.123928314,139.263118647
0,poi_bus_108,108,Alger,unity,1,20,2020-01-01T20:00:00+00:00,4,branch_A12-1_sustained,branch,A12-1,bounded,continuous,189.041666667,0,873.422843137,-100,0.000000001,true,true,false,constraint_violation,0.837797945,108,1.077340964,210,0.112202055,1.230042984,A13-2,0,101_STEAM_3,257.642128409,317_WIND_1,0,317,317_WIND_1,102,4480.860809667,4627.091185364,146.230375697
0,poi_bus_108,108,Alger,unity,1,20,2020-01-01T20:00:00+00:00,5,branch_A34_immediate,branch,A34,fixed,short_term,189.041666667,0,873.422843137,-35.02519836,0.000000002,true,true,false,constraint_violation,0.944586632,108,1.07984697,210,0.02984697,0.81395387,C27,134.64666545,213_RTPV_1,211.031212395,216_STEAM_1,134.64666545,213,213_CC_3,102,4480.860809667,4615.507475117,134.64666545
0,poi_bus_108,108,Alger,unity,1,20,2020-01-01T20:00:00+00:00,6,branch_A34_sustained,branch,A34,bounded,continuous,189.041666667,0,873.422843137,-100,0,true,true,false,constraint_violation,0.945615092,108,1.080217307,210,0.030217307,0.929059359,CA-1,0,101_STEAM_3,214.364039584,321_CC_1,0,317,317_WIND_1,102,4480.860809667,4638.336981769,157.476172102
0,poi_bus_108,108,Alger,unity,1,20,2020-01-01T20:00:00+00:00,7,branch_B12-1_immediate,branch,B12-1,fixed,short_term,189.041666667,0,873.422843137,-35.02519836,0.000000002,true,true,false,constraint_violation,0.89487774,207,1.061568099,210,0.05512226,0.804306038,C27,126.845416777,213_RTPV_1,211.619803261,216_STEAM_1,126.845416777,213,213_CC_3,102,4480.860809667,4607.706226444,126.845416777
0,poi_bus_108,108,Alger,unity,1,20,2020-01-01T20:00:00+00:00,8,branch_B12-1_sustained,branch,B12-1,bounded,continuous,189.041666667,0,873.422843137,-100,0,true,true,false,constraint_violation,0.895337044,207,1.061908966,210,0.054662956,1.048819042,C27,41.516035613,223_STEAM_2,218.575918157,216_STEAM_1,134.516035613,223,223_STEAM_3,102,4480.860809667,4615.37684528,134.516035613
0,poi_bus_108,108,Alger,unity,1,20,2020-01-01T20:00:00+00:00,9,branch_B22_immediate,branch,B22,fixed,short_term,189.041666667,0,873.422843137,-35.02519836,0.000000002,true,true,false,constraint_violation,0.943715409,108,1.079151555,210,0.029151555,0.811607931,C27,122.29898535,213_RTPV_1,220.679099185,216_STEAM_1,122.29898535,213,213_CC_3,102,4480.860809667,4603.159795017,122.29898535
0,poi_bus_108,108,Alger,unity,1,20,2020-01-01T20:00:00+00:00,10,branch_B22_sustained,branch,B22,bounded,continuous,189.041666667,0,873.422843137,-100,0.000000001,true,true,false,constraint_violation,0.948057753,108,1.079940399,210,0.029940399,0.90602108,C10,0,101_STEAM_3,224.229670224,317_WIND_1,0,317,317_WIND_1,102,4480.860809667,4618.848620927,137.98781126
0,poi_bus_108,108,Alger,unity,1,20,2020-01-01T20:00:00+00:00,11,branch_B6_immediate,branch,B6,fixed,short_term,189.041666667,0,873.422843137,-35.025198361,0,true,true,false,constraint_violation,0.9345073,108,1.083609504,210,0.033609504,0.806844216,C27,120.591115662,213_RTPV_1,211.204140465,216_STEAM_1,120.591115662,213,213_CC_3,102,4480.860809667,4601.451925329,120.591115662
0,poi_bus_108,108,Alger,unity,1,20,2020-01-01T20:00:00+00:00,12,branch_B6_sustained,branch,B6,bounded,continuous,189.041666667,0,873.422843137,-100,0,true,true,false,constraint_violation,0.934892932,108,1.083644518,210,0.033644518,0.887277731,C10,0,101_STEAM_3,246.160150023,317_WIND_1,0,317,317_WIND_1,102,4480.860809667,4613.180295151,132.319485484
0,poi_bus_108,108,Alger,unity,1,20,2020-01-01T20:00:00+00:00,13,branch_C12-1_immediate,branch,C12-1,fixed,short_term,189.041666667,0,873.422843137,-35.02519836,0.000000001,true,true,false,constraint_violation,0.942635557,308,1.079840202,210,0.029840202,0.810339993,C27,128.165813611,213_RTPV_1,211.239469689,216_STEAM_1,128.165813611,213,213_CC_3,102,4480.860809667,4609.026623278,128.165813611
0,poi_bus_108,108,Alger,unity,1,20,2020-01-01T20:00:00+00:00,14,branch_C12-1_sustained,branch,C12-1,bounded,continuous,189.041666667,0,873.422843137,-100,0.000000001,true,true,false,constraint_violation,0.94561899,108,1.080215565,210,0.030215565,0.974619464,CA-1,0,101_STEAM_3,217.295016697,321_CC_1,0,317,317_WIND_1,102,4480.860809667,4629.503507311,148.642697644
0,poi_bus_108,108,Alger,unity,1,20,2020-01-01T20:00:00+00:00,15,branch_C27_immediate,branch,C27,fixed,short_term,189.041666667,0,873.422843137,-35.025198361,0,true,true,false,constraint_violation,0.945272516,108,1.079567429,210,0.029567429,0.989805315,C29,147.63664215,213_RTPV_1,212.953963847,216_STEAM_1,147.63664215,213,213_CC_3,102,4480.860809667,4628.497451817,147.63664215
0,poi_bus_108,108,Alger,unity,1,20,2020-01-01T20:00:00+00:00,16,branch_C27_sustained,branch,C27,bounded,continuous,189.041666667,0,873.422843137,-100,0.000000001,true,true,false,constraint_violation,0.94823585,108,1.079964911,210,0.029964911,0.997999572,CA-1,0,101_STEAM_3,323.770523634,321_CC_1,0,317,317_WIND_1,102,4480.860809667,4637.411737206,156.550927539
0,poi_bus_108,108,Alger,unity,1,20,2020-01-01T20:00:00+00:00,17,branch_C6_immediate,branch,C6,fixed,short_term,189.041666667,0,873.422843137,-35.02519836,0,true,true,false,constraint_violation,0.944469965,108,1.079823283,210,0.029823283,0.818879365,C27,123.221021206,213_RTPV_1,211.487602671,216_STEAM_1,123.221021206,213,213_CC_3,102,4480.860809667,4604.081830873,123.221021206
0,poi_bus_108,108,Alger,unity,1,20,2020-01-01T20:00:00+00:00,18,branch_C6_sustained,branch,C6,bounded,continuous,189.041666667,0,873.422843137,-100,0.000000001,true,true,false,constraint_violation,0.948254395,108,1.080091224,210,0.030091224,0.887605172,CA-1,0,101_STEAM_3,226.882346068,317_WIND_1,0,317,317_WIND_1,102,4480.860809667,4618.830761232,137.969951565
0,poi_bus_108,108,Alger,unity,1,20,2020-01-01T20:00:00+00:00,19,branch_CA-1_immediate,branch,CA-1,fixed,short_term,189.041666667,0,873.422843137,-35.02519836,0.000000001,true,true,false,constraint_violation,0.93714133,108,1.080547791,210,0.030547791,1.049518575,C27,158.069597548,213_RTPV_1,216.882303528,216_STEAM_1,158.069597548,213,213_CC_3,102,4480.860809667,4638.930407215,158.069597548
0,poi_bus_108,108,Alger,unity,1,20,2020-01-01T20:00:00+00:00,20,branch_CA-1_sustained,branch,CA-1,bounded,continuous,189.041666667,0,873.422843137,62.860407425,0,true,true,false,constraint_violation,0.94144433,108,1.079502613,210,0.029502613,1.053209632,C27,0,101_STEAM_3,214.58197559,216_STEAM_1,0,122,122_WIND_1,102,4480.860809667,4599.104227607,118.24341794
0,poi_bus_108,108,Alger,unity,1,20,2020-01-01T20:00:00+00:00,21,generator_121_NUCLEAR_1_sustained,generator,121_NUCLEAR_1,bounded,continuous,189.041666667,0,873.422843137,-100,0.000000001,true,true,false,constraint_violation,0.954023467,108,1.061909127,210,0.011909127,1.042964244,C27,0,101_STEAM_3,106.375194906,213_CC_3,0,213,213_CC_3,101,4480.860809667,4595.788642827,114.92783316
0,poi_bus_108,108,Alger,unity,1,20,2020-01-01T20:00:00+00:00,22,generator_213_CC_3_sustained,generator,213_CC_3,bounded,continuous,189.041666667,0,873.422843137,-100,0.000000001,true,true,false,constraint_violation,0.951559419,108,1.072572612,210,0.022572612,0.982733726,C27,0,101_STEAM_3,43.763508778,321_CC_1,0,303,303_WIND_1,101,4480.860809666,4613.656276645,132.795466979
0,poi_bus_108,108,Alger,unity,1,20,2020-01-01T20:00:00+00:00,23,generator_313_CC_1_sustained,generator,313_CC_1,bounded,continuous,189.041666667,0,873.422843137,-100,0.000000002,true,true,false,constraint_violation,0.952554778,325,1.081301165,210,0.031301165,0.987308094,CA-1,0,101_STEAM_3,228.45073252,321_CC_1,0,317,317_WIND_1,101,4480.860809666,4633.704514613,152.843704947
0,poi_bus_108,108,Alger,unity,1,21,2020-01-01T21:00:00+00:00,0,normal,normal,,base,continuous,188.895833333,0,817.335364035,-100.000000001,0,true,true,false,constraint_violation,0.894848821,307,1.065224873,210,0.055151179,0.93852823,C27,0,101_STEAM_3,116.183003789,213_CC_3,0,213,213_CC_3,99,4205.112708334,4317.182668292,112.069959958
0,poi_bus_108,108,Alger,unity,1,21,2020-01-01T21:00:00+00:00,1,branch_A11_immediate,branch,A11,fixed,short_term,188.895833333,0,817.335364035,-100,0,true,true,false,constraint_violation,0.894799559,307,1.065767082,210,0.055200441,0.760546131,B10,0,101_STEAM_3,119.524047123,213_CC_3,0,213,213_CC_3,99,4205.112708334,4318.501204244,113.38849591
0,poi_bus_108,108,Alger,unity,1,21,2020-01-01T21:00:00+00:00,2,branch_A11_sustained,branch,A11,bounded,continuous,188.895833333,0,817.335364035,-100.000000001,0,true,true,false,constraint_violation,0.898171578,307,1.065581246,210,0.051828422,0.972333727,C27,0,101_STEAM_3,130.725086779,213_CC_3,0,303,303_WIND_1,99,4205.112708333,4317.95894686,112.846238527
0,poi_bus_108,108,Alger,unity,1,21,2020-01-01T21:00:00+00:00,3,branch_A12-1_immediate,branch,A12-1,fixed,short_term,188.895833333,0,817.335364035,-100.000000001,0,true,true,false,constraint_violation,0.861661754,108,1.063267829,210,0.088338246,1.015379448,A13-2,0,101_STEAM_3,107.334597956,213_CC_3,0,213,213_CC_3,99,4205.112708334,4333.110343802,127.997635468
0,poi_bus_108,108,Alger,unity,1,21,2020-01-01T21:00:00+00:00,4,branch_A12-1_sustained,branch,A12-1,bounded,continuous,188.895833333,0,817.335364035,100.000000001,0.000000001,true,true,false,constraint_violation,0.863062161,108,1.062976437,210,0.086937839,1.183575582,A13-2,0,101_STEAM_3,115.196677041,213_CC_3,0,317,317_WIND_1,99,4205.112708333,4329.815703335,124.702995002
0,poi_bus_108,108,Alger,unity,1,21,2020-01-01T21:00:00+00:00,5,branch_A34_immediate,branch,A34,fixed,short_term,188.895833333,0,817.335364035,-100,0,true,true,false,constraint_violation,0.894718847,307,1.065223128,210,0.055281153,0.764556685,B10,0,101_STEAM_3,117.612195968,213_CC_3,0,213,213_CC_3,99,4205.112708334,4329.966400705,124.853692371
0,poi_bus_108,108,Alger,unity,1,21,2020-01-01T21:00:00+00:00,6,branch_A34_sustained,branch,A34,bounded,continuous,188.895833333,0,817.335364035,-100,0.000000001,true,true,false,constraint_violation,0.897078587,307,1.065188724,210,0.052921413,0.857022095,C10,0,101_STEAM_3,128.824316064,213_CC_3,0,303,303_WIND_1,99,4205.112708333,4339.676291184,134.563582851
0,poi_bus_108,108,Alger,unity,1,21,2020-01-01T21:00:00+00:00,7,branch_B12-1_immediate,branch,B12-1,fixed,short_term,188.895833333,0,817.335364035,-100,0,true,true,false,constraint_violation,0.891345336,207,1.05,201,0.058654664,0.764753503,A10,0,101_STEAM_3,103.650490654,213_CC_3,0,213,213_CC_3,99,4205.112708334,4323.480571669,118.367863335
0,poi_bus_108,108,Alger,unity,1,21,2020-01-01T21:00:00+00:00,8,branch_B12-1_sustained,branch,B12-1,bounded,continuous,188.895833333,0,817.335364035,-100,0.000000001,true,true,false,constraint_violation,0.88567975,307,1.05,201,0.06432025,0.902736032,B13-2,0,101_STEAM_3,117.745993312,213_CC_3,0,317,317_WIND_1,99,4205.112708333,4350.563485567,145.450777234
0,poi_bus_108,108,Alger,unity,1,21,2020-01-01T21:00:00+00:00,9,branch_B22_immediate,branch,B22,fixed,short_term,188.895833333,0,817.335364035,-100,0.000000001,true,true,false,constraint_violation,0.89476152,307,1.064791611,210,0.05523848,0.763997538,A10,0,101_STEAM_3,56.889574554,213_CC_3,0,213,213_CC_3,99,4205.112708334,4318.54347257,113.430764236
0,poi_bus_108,108,Alger,unity,1,21,2020-01-01T21:00:00+00:00,10,branch_B22_sustained,branch,B22,bounded,continuous,188.895833333,0,817.335364035,-100.000000001,0,true,true,false,constraint_violation,0.892462984,307,1.065223308,210,0.057537016,0.970356014,C27,0,101_STEAM_3,67.092788278,213_CC_3,0,303,303_WIND_1,99,4205.112708333,4348.399395389,143.286687056
0,poi_bus_108,108,Alger,unity,1,21,2020-01-01T21:00:00+00:00,11,branch_B6_immediate,branch,B6,fixed,short_term,188.895833333,0,817.335364035,-100,0.000000001,true,true,false,constraint_violation,0.894824204,307,1.06653509,210,0.055175796,0.767664224,B10,0,101_STEAM_3,121.835341064,213_CC_3,0,213,213_CC_3,99,4205.112708334,4317.626257692,112.513549358
0,poi_bus_108,108,Alger,unity,1,21,2020-01-01T21:00:00+00:00,12,branch_B6_sustained,branch,B6,bounded,continuous,188.895833333,0,817.335364035,-100,0.000000001,true,true,false,constraint_violation,0.891588031,307,1.066668677,210,0.058411969,0.867154648,A10,0,101_STEAM_3,136.746805019,213_CC_3,0,317,317_WIND_1,99,4205.112708333,4336.21360322,131.100894887
0,poi_bus_108,108,Alger,unity,1,21,2020-01-01T21:00:00+00:00,13,branch_C12-1_immediate,branch,C12-1,fixed,short_term,188.895833333,0,817.335364035,-100,0.000000001,true,false,false,not_converged,,,,,,,,,,,,,213,213_CC_3,99,,,
0,poi_bus_108,108,Alger,unity,1,21,2020-01-01T21:00:00+00:00,14,branch_C12-1_sustained,branch,C12-1,bounded,continuous,188.895833333,0,817.335364035,-100,0.000000001,true,false,false,not_converged,,,,,,,,,,,,,303,303_WIND_1,99,,,
0,poi_bus_108,108,Alger,unity,1,21,2020-01-01T21:00:00+00:00,15,branch_C27_immediate,branch,C27,fixed,short_term,188.895833333,0,817.335364035,-100,0.000000001,true,true,false,constraint_violation,0.877028345,307,1.064955517,210,0.072971655,0.992900233,C29,0,101_STEAM_3,116.10350621,213_CC_3,0,213,213_CC_3,99,4205.112708334,4347.574979997,142.462271663
0,poi_bus_108,108,Alger,unity,1,21,2020-01-01T21:00:00+00:00,16,branch_C27_sustained,branch,C27,bounded,continuous,188.895833333,0,817.335364035,-100.000000001,0,true,true,false,constraint_violation,0.883349364,307,1.065253321,210,0.066650636,0.929419743,CA-1,0,101_STEAM_3,130.078639507,213_CC_3,0,317,317_WIND_1,99,4205.112708333,4345.39012804,140.277419707
0,poi_bus_108,108,Alger,unity,1,21,2020-01-01T21:00:00+00:00,17,branch_C6_immediate,branch,C6,fixed,short_term,188.895833333,0,817.335364035,-100.000000001,0.000000002,true,true,false,constraint_violation,0.883919387,307,1.065191846,210,0.066080613,0.806621733,C2,0,101_STEAM_3,116.690633168,213_CC_3,0,213,213_CC_3,99,4205.112708334,4325.72396458,120.611256246
0,poi_bus_108,108,Alger,unity,1,21,2020-01-01T21:00:00+00:00,18,branch_C6_sustained,branch,C6,bounded,continuous,188.895833333,0,817.335364035,-100,0.000000001,true,true,false,constraint_violation,0.879494134,307,1.065284186,210,0.070505866,0.904088167,CA-1,0,101_STEAM_3,130.56016097,213_CC_3,0,317,317_WIND_1,99,4205.112708333,4344.66690915,139.554200817
0,poi_bus_108,108,Alger,unity,1,21,2020-01-01T21:00:00+00:00,19,branch_CA-1_immediate,branch,CA-1,fixed,short_term,188.895833333,0,817.335364035,-100.000000001,0,true,true,false,constraint_violation,0.87427218,307,1.065791624,210,0.07572782,1.001463616,C27,0,101_STEAM_3,132.007531287,213_CC_3,0,213,213_CC_3,99,4205.112708334,4364.193230583,159.080522249
0,poi_bus_108,108,Alger,unity,1,21,2020-01-01T21:00:00+00:00,20,branch_CA-1_sustained,branch,CA-1,bounded,continuous,188.895833333,0,817.335364035,-100,0.000000001,true,true,false,constraint_violation,0.885655405,307,1.065279887,210,0.064344595,1.07794633,C27,0,101_STEAM_3,140.430829548,213_CC_3,0,317,317_WIND_1,99,4205.112708333,4360.859188304,155.746479971
0,poi_bus_108,108,Alger,unity,1,21,2020-01-01T21:00:00+00:00,21,generator_121_NUCLEAR_1_sustained,generator,121_NUCLEAR_1,bounded,continuous,188.895833333,0,817.335364035,-100.000000001,0,true,true,false,constraint_violation,0.896530043,307,1.06475362,210,0.053469957,0.974911406,C27,0,101_STEAM_3,123.59900959,213_CC_3,0,303,303_WIND_1,98,4205.112708334,4315.837578779,110.724870445
0,poi_bus_108,108,Alger,unity,1,21,2020-01-01T21:00:00+00:00,22,generator_213_CC_3_sustained,generator,213_CC_3,bounded,continuous,188.895833333,0,817.335364035,-100,0,true,true,false,constraint_violation,0.898023793,307,1.076790071,210,0.051976207,0.978859263,C27,0,101_STEAM_3,17.426709569,303_WIND_1,0,303,303_WIND_1,98,4205.112708333,4322.525639991,117.412931658
0,poi_bus_108,108,Alger,unity,1,21,2020-01-01T21:00:00+00:00,23,generator_313_CC_1_sustained,generator,313_CC_1,bounded,continuous,188.895833333,0,817.335364035,-8.20040686,0,true,true,false,constraint_violation,0.788961238,307,1.084489923,210,0.161038762,1.069586115,C27,145.577733722,213_RTPV_1,78.382660072,314_SYNC_COND_1,145.577733722,213,213_CC_3,98,4205.112708333,4350.690442055,145.577733722
0,poi_bus_108,108,Alger,unity,1,22,2020-01-01T22:00:00+00:00,0,normal,normal,,base,continuous,186.645833333,0,754.430540512,-99.999999999,0,true,true,false,constraint_violation,0.927082696,307,1.087190001,210,0.037190001,0.892382769,A10,109.763730068,213_RTPV_1,13.858509815,101_STEAM_3,109.763730068,213,213_CC_3,98,3893.761420333,4003.525150401,109.763730068
0,poi_bus_108,108,Alger,unity,1,22,2020-01-01T22:00:00+00:00,1,branch_A11_immediate,branch,A11,fixed,short_term,186.645833333,0,754.430540512,-100,0.000000002,true,true,false,constraint_violation,0.927058472,307,1.087737492,210,0.037737492,0.764733603,A10,111.054700259,213_RTPV_1,15.259753113,201_HYDRO_4,111.054700259,213,213_CC_3,98,3893.761420333,4004.816120592,111.054700259
0,poi_bus_108,108,Alger,unity,1,22,2020-01-01T22:00:00+00:00,2,branch_A11_sustained,branch,A11,bounded,continuous,186.645833333,0,754.430540512,-100.000000001,0.000000001,true,true,false,constraint_violation,0.912347926,307,1.087381194,210,0.037652074,0.874044424,C10,0,101_STEAM_3,17.534720487,317_WIND_1,0,317,317_WIND_1,98,3893.761420333,4016.271259214,122.509838881
0,poi_bus_108,108,Alger,unity,1,22,2020-01-01T22:00:00+00:00,3,branch_A12-1_immediate,branch,A12-1,fixed,short_term,186.645833333,0,754.430540512,-100,0.000000001,true,true,false,constraint_violation,0.885630212,108,1.085653899,210,0.064369788,0.958102457,A13-2,123.272930747,213_RTPV_1,8.550220802,101_STEAM_3,123.272930747,213,213_CC_3,98,3893.761420333,4017.03435108,123.272930747
0,poi_bus_108,108,Alger,unity,1,22,2020-01-01T22:00:00+00:00,4,branch_A12-1_sustained,branch,A12-1,bounded,continuous,186.645833333,0,754.430540512,-100,0.000000001,true,true,false,constraint_violation,0.888488603,108,1.085611946,210,0.061511397,1.138994608,A13-2,0,101_STEAM_4,38.189534178,317_WIND_1,0,317,317_WIND_1,98,3893.761420334,4047.896087497,154.134667163
0,poi_bus_108,108,Alger,unity,1,22,2020-01-01T22:00:00+00:00,5,branch_A34_immediate,branch,A34,fixed,short_term,186.645833333,0,754.430540512,-100,0,true,true,false,constraint_violation,0.926963271,307,1.08717814,210,0.03717814,0.952448231,A30,138.641788024,213_RTPV_1,18.432408388,121_NUCLEAR_1,138.641788024,213,213_CC_3,98,3893.761420333,4032.403208357,138.641788024
0,poi_bus_108,108,Alger,unity,1,22,2020-01-01T22:00:00+00:00,6,branch_A34_sustained,branch,A34,bounded,continuous,186.645833333,0,754.430540512,99.999999999,0.000000001,true,true,false,constraint_violation,0.931692836,307,1.087291648,210,0.037291648,1.010233441,A30,34.84834776,223_STEAM_1,14.56539933,101_STEAM_3,127.84834776,223,223_STEAM_3,98,3893.761420333,4021.609768093,127.84834776
0,poi_bus_108,108,Alger,unity,1,22,2020-01-01T22:00:00+00:00,7,branch_B12-1_immediate,branch,B12-1,fixed,short_term,186.645833333,0,754.430540512,-100,0.000000001,true,true,false,constraint_violation,0.927084891,307,1.074109853,210,0.024109853,0.781075193,A10,114.368505134,213_RTPV_1,13.895058472,101_STEAM_3,114.368505134,213,213_CC_3,98,3893.761420333,4008.129925467,114.368505134
0,poi_bus_108,108,Alger,unity,1,22,2020-01-01T22:00:00+00:00,8,branch_B12-1_sustained,branch,B12-1,bounded,continuous,186.645833333,0,754.430540512,-99.999999999,0,true,true,false,constraint_violation,0.920366668,307,1.074121247,210,0.029633332,0.890486084,A10,0,101_STEAM_3,15.420713784,121_NUCLEAR_1,0,317,317_WIND_1,98,3893.761420333,4025.913210968,132.151790635
0,poi_bus_108,108,Alger,unity,1,22,2020-01-01T22:00:00+00:00,9,branch_B22_immediate,branch,B22,fixed,short_term,186.645833333,0,754.430540512,-100,0.000000001,true,true,false,constraint_violation,0.927042882,307,1.086755833,210,0.036755833,0.780568591,A10,111.32494994,213_RTPV_1,13.775349992,101_STEAM_3,111.32494994,213,213_CC_3,98,3893.761420333,4005.086370273,111.32494994
0,poi_bus_108,108,Alger,unity,1,22,2020-01-01T22:00:00+00:00,10,branch_B22_sustained,branch,B22,bounded,continuous,186.645833333,0,754.430540512,-100,0.000000001,true,true,false,constraint_violation,0.918991402,307,1.086004311,210,0.036004311,0.91910584,C27,0,101_STEAM_3,14.106472771,101_STEAM_3,0,303,303_WIND_1,98,3893.761420333,4020.928303252,127.166882919
0,poi_bus_108,108,Alger,unity,1,22,2020-01-01T22:00:00+00:00,11,branch_B6_immediate,branch,B6,fixed,short_term,186.645833333,0,754.430540512,-100,0.000000001,true,true,false,constraint_violation,0.927068456,307,1.089585147,210,0.039585147,0.776290068,A10,110.327120224,213_RTPV_1,13.238192873,101_STEAM_3,110.327120224,213,213_CC_3,98,3893.761420333,4004.088540557,110.327120224
0,poi_bus_108,108,Alger,unity,1,22,2020-01-01T22:00:00+00:00,12,branch_B6_sustained,branch,B6,bounded,continuous,186.645833333,0,754.430540512,-100,0,true,true,false,constraint_violation,0.905443347,307,1.089569917,210,0.044556653,0.968688944,C27,0,101_STEAM_3,47.657781967,317_WIND_1,0,317,317_WIND_1,98,3893.761420333,4038.469553232,144.708132899
0,poi_bus_108,108,Alger,unity,1,22,2020-01-01T22:00:00+00:00,13,branch_C12-1_immediate,branch,C12-1,fixed,short_term,186.645833333,0,754.430540512,-99.999999999,0,true,true,false,constraint_violation,0.744306907,307,1.087188539,210,0.205693093,0.90080258,C13-2,124.930523822,213_RTPV_1,13.898298149,101_STEAM_3,124.930523822,213,213_CC_3,98,3893.761420333,4018.691944155,124.930523822
0,poi_bus_108,108,Alger,unity,1,22,2020-01-01T22:00:00+00:00,14,branch_C12-1_sustained,branch,C12-1,bounded,continuous,186.645833333,0,754.430540512,-100,0.000000002,true,true,false,constraint_violation,0.708971325,307,1.086959147,210,0.241028675,1.163634603,C13-2,0,101_STEAM_3,14.170559112,101_STEAM_3,0,317,317_WIND_1,98,3893.761420333,4032.624194803,138.86277447
0,poi_bus_108,108,Alger,unity,1,22,2020-01-01T22:00:00+00:00,15,branch_C27_immediate,branch,C27,fixed,short_term,186.645833333,0,754.430540512,-100,0.000000001,true,true,false,constraint_violation,0.913266055,307,1.086998414,210,0.036998414,0.993894993,C29,134.71705096,213_RTPV_1,14.168157125,101_STEAM_3,134.71705096,213,213_CC_3,98,3893.761420333,4028.478471293,134.71705096
0,poi_bus_108,108,Alger,unity,1,22,2020-01-01T22:00:00+00:00,16,branch_C27_sustained,branch,C27,bounded,continuous,186.645833333,0,754.430540512,-100,0.000000001,true,true,false,constraint_violation,0.899115313,307,1.086699224,210,0.050884687,0.998699575,C29,0,101_STEAM_3,20.888499956,322_HYDRO_1,0,122,122_WIND_1,98,3893.761420334,4029.743804767,135.982384433
0,poi_bus_108,108,Alger,unity,1,22,2020-01-01T22:00:00+00:00,17,branch_C6_immediate,branch,C6,fixed,short_term,186.645833333,0,754.430540512,-100,0.000000001,true,true,false,constraint_violation,0.920345006,307,1.087171942,210,0.037171942,0.780814255,A10,114.633400963,213_RTPV_1,13.904173649,101_STEAM_3,114.633400963,213,213_CC_3,98,3893.761420333,4008.394821296,114.633400963
0,poi_bus_108,108,Alger,unity,1,22,2020-01-01T22:00:00+00:00,18,branch_C6_sustained,branch,C6,bounded,continuous,186.645833333,0,754.430540512,-100,0,true,true,false,constraint_violation,0.917984465,307,1.087073113,210,0.037073113,0.872832214,A10,0,101_STEAM_3,18.431293812,317_WIND_1,0,317,317_WIND_1,98,3893.761420333,4014.062820215,120.301399882
0,poi_bus_108,108,Alger,unity,1,22,2020-01-01T22:00:00+00:00,19,branch_CA-1_immediate,branch,CA-1,fixed,short_term,186.645833333,0,754.430540512,-100,0.000000001,true,true,false,constraint_violation,0.913018636,307,1.087606169,210,0.037606169,0.944524618,C27,147.161295105,213_RTPV_1,11.513618296,101_STEAM_3,147.161295105,213,213_CC_3,98,3893.761420333,4040.922715438,147.161295105
0,poi_bus_108,108,Alger,unity,1,22,2020-01-01T22:00:00+00:00,20,branch_CA-1_sustained,branch,CA-1,bounded,continuous,186.645833333,0,754.430540512,100,0.000000001,true,true,false,constraint_violation,0.921016503,307,1.086955412,210,0.036955412,0.883332869,A10,0,101_STEAM_3,10.65045788,201_HYDRO_4,0,317,317_WIND_1,98,3893.761420333,4034.688373756,140.926953423
0,poi_bus_108,108,Alger,unity,1,22,2020-01-01T22:00:00+00:00,21,generator_121_NUCLEAR_1_sustained,generator,121_NUCLEAR_1,bounded,continuous,186.645833333,0,754.430540512,-100,0.000000001,true,true,false,constraint_violation,0.922124384,307,1.086662182,210,0.036662182,0.940276963,C27,0,101_STEAM_3,11.916743703,101_STEAM_3,0,303,303_WIND_1,97,3893.761420333,4001.138787969,107.377367636
0,poi_bus_108,108,Alger,unity,1,22,2020-01-01T22:00:00+00:00,22,generator_213_CC_3_sustained,generator,213_CC_3,bounded,continuous,186.645833333,0,754.430540512,-100,0.000000001,true,true,false,constraint_violation,0.923215503,307,1.081504053,210,0.031504053,0.910827016,C27,0,101_STEAM_3,13.399635267,101_STEAM_3,0,303,303_WIND_1,97,3893.761420333,4005.877035586,112.115615253
0,poi_bus_108,108,Alger,unity,1,22,2020-01-01T22:00:00+00:00,23,generator_313_CC_1_sustained,generator,313_CC_1,bounded,continuous,186.645833333,0,754.430540512,-100,0,true,true,false,constraint_violation,0.800056681,307,1.085920548,210,0.149943319,1.215736271,C27,0,101_STEAM_3,192.78349158,216_STEAM_1,0,317,317_WIND_1,97,3893.761420334,4065.09181728,171.330396946
0,poi_bus_108,108,Alger,unity,1,23,2020-01-01T23:00:00+00:00,0,normal,normal,,base,continuous,183,0,702.837257408,-100,0,true,true,false,constraint_violation,0.954485435,307,1.089557945,210,0.039557945,0.899296551,A10,102.948267871,213_RTPV_1,15.119817711,201_HYDRO_4,102.948267871,213,213_CC_3,97,3636.5968683,3739.545136171,102.948267871
0,poi_bus_108,108,Alger,unity,1,23,2020-01-01T23:00:00+00:00,1,branch_A11_immediate,branch,A11,fixed,short_term,183,0,702.837257408,-100.000000001,0.000000001,true,true,false,constraint_violation,0.954300067,108,1.090057703,210,0.040057703,0.775385119,C10,103.99406945,213_RTPV_1,19.282049958,201_HYDRO_4,103.99406945,213,213_CC_3,97,3636.5968683,3740.59093775,103.99406945
0,poi_bus_108,108,Alger,unity,1,23,2020-01-01T23:00:00+00:00,2,branch_A11_sustained,branch,A11,bounded,continuous,183,0,702.837257408,-100,0,true,true,false,constraint_violation,0.948748317,307,1.089739114,210,0.039739114,0.904738834,C10,102.621730631,213_RTPV_1,19.183893459,201_HYDRO_4,102.621730631,213,213_CC_3,97,3636.5968683,3739.218598931,102.621730631
0,poi_bus_108,108,Alger,unity,1,23,2020-01-01T23:00:00+00:00,3,branch_A12-1_immediate,branch,A12-1,fixed,short_term,183,0,702.837257408,-100,0.000000001,true,true,false,constraint_violation,0.896195349,108,1.088208845,210,0.053804651,0.933640487,A13-2,115.427507142,213_RTPV_1,9.966979578,101_STEAM_3,115.427507142,213,213_CC_3,97,3636.5968683,3752.024375442,115.427507142
0,poi_bus_108,108,Alger,unity,1,23,2020-01-01T23:00:00+00:00,4,branch_A12-1_sustained,branch,A12-1,bounded,continuous,183,0,702.837257408,-100,0,true,true,false,constraint_violation,0.897300162,108,1.087568148,210,0.052699838,1.144007714,A13-2,0,101_STEAM_3,14.354896863,313_CC_1,0,122,122_WIND_1,97,3636.5968683,3732.710942184,96.114073884
0,poi_bus_108,108,Alger,unity,1,23,2020-01-01T23:00:00+00:00,5,branch_A34_immediate,branch,A34,fixed,short_term,183,0,702.837257408,-99.999999999,0,true,true,false,constraint_violation,0.954455584,307,1.089544908,210,0.039544908,0.964873567,A30,132.648729159,213_RTPV_1,18.576159839,121_NUCLEAR_1,132.648729159,213,213_CC_3,97,3636.5968683,3769.245597459,132.648729159
0,poi_bus_108,108,Alger,unity,1,23,2020-01-01T23:00:00+00:00,6,branch_A34_sustained,branch,A34,bounded,continuous,183,0,702.837257408,-100,0.000000001,true,true,false,constraint_violation,0.951595695,307,1.089079997,210,0.039079997,1.009349932,A30,0,101_STEAM_3,102.998345009,317_WIND_1,0,317,317_WIND_1,97,3636.5968683,3751.186191269,114.589322969
0,poi_bus_108,108,Alger,unity,1,23,2020-01-01T23:00:00+00:00,7,branch_B12-1_immediate,branch,B12-1,fixed,short_term,183,0,702.837257408,-100,0,true,true,false,constraint_violation,0.954485502,307,1.07845523,210,0.02845523,0.787067785,A10,106.761753183,213_RTPV_1,14.946187285,101_STEAM_3,106.761753183,213,213_CC_3,97,3636.5968683,3743.358621483,106.761753183
0,poi_bus_108,108,Alger,unity,1,23,2020-01-01T23:00:00+00:00,8,branch_B12-1_sustained,branch,B12-1,bounded,continuous,183,0,702.837257408,-99.999999999,0,true,true,false,constraint_violation,0.9563663,207,1.078218164,210,0.028218164,0.897873209,C10,0,101_STEAM_3,17.305080099,101_STEAM_3,0,223,223_STEAM_3,97,3636.5968683,3733.453056338,96.856188038
0,poi_bus_108,108,Alger,unity,1,23,2020-01-01T23:00:00+00:00,9,branch_B22_immediate,branch,B22,fixed,short_term,183,0,702.837257408,-100,0,true,true,false,constraint_violation,0.954480479,307,1.089154935,210,0.039154935,0.786673915,A10,104.455346587,213_RTPV_1,15.075278084,201_HYDRO_4,104.455346587,213,213_CC_3,97,3636.5968683,3741.052214887,104.455346587
0,poi_bus_108,108,Alger,unity,1,23,2020-01-01T23:00:00+00:00,10,branch_B22_sustained,branch,B22,bounded,continuous,183,0,702.837257408,-100.000000001,0.000000001,true,true,false,constraint_violation,0.9429964,307,1.089112792,210,0.039112792,0.898647568,A10,0,101_STEAM_3,68.352286995,317_WIND_1,0,317,317_WIND_1,97,3636.5968683,3746.52545451,109.92858621
0,poi_bus_108,108,Alger,unity,1,23,2020-01-01T23:00:00+00:00,11,branch_B6_immediate,branch,B6,fixed,short_term,183,0,702.837257408,-100,0,true,true,false,constraint_violation,0.95448414,307,1.091970676,210,0.041970676,0.782395231,A10,103.615882149,213_RTPV_1,14.300061356,101_STEAM_3,103.615882149,213,213_CC_3,97,3636.5968683,3740.212750449,103.615882149
0,poi_bus_108,108,Alger,unity,1,23,2020-01-01T23:00:00+00:00,12,branch_B6_sustained,branch,B6,bounded,continuous,183,0,702.837257408,-100.000000001,0.000000001,true,true,false,constraint_violation,0.943002164,307,1.091718647,210,0.041718647,0.896745116,C10,0,101_STEAM_3,68.430686273,317_WIND_1,0,317,317_WIND_1,97,3636.5968683,3746.985759808,110.388891508
0,poi_bus_108,108,Alger,unity,1,23,2020-01-01T23:00:00+00:00,13,branch_C12-1_immediate,branch,C12-1,fixed,short_term,183,0,702.837257408,-100,0,true,true,false,constraint_violation,0.836191161,307,1.089557057,210,0.113808839,0.786886012,A10,111.65552553,213_RTPV_1,15.088787592,201_HYDRO_4,111.65552553,213,213_CC_3,97,3636.5968683,3748.25239383,111.65552553
0,poi_bus_108,108,Alger,unity,1,23,2020-01-01T23:00:00+00:00,14,branch_C12-1_sustained,branch,C12-1,bounded,continuous,183,0,702.837257408,-100,0,true,true,false,constraint_violation,0.830617589,307,1.089183275,210,0.119382411,0.949748896,C13-2,0,101_STEAM_3,82.511459426,317_WIND_1,0,317,317_WIND_1,97,3636.5968683,3749.978615242,113.381746942
0,poi_bus_108,108,Alger,unity,1,23,2020-01-01T23:00:00+00:00,15,branch_C27_immediate,branch,C27,fixed,short_term,183,0,702.837257408,-100,0,true,true,false,constraint_violation,0.942943075,307,1.08938158,210,0.03938158,0.993506052,C29,125.593087688,213_RTPV_1,15.233406279,101_STEAM_3,125.593087688,213,213_CC_3,97,3636.5968683,3762.189955988,125.593087688
0,poi_bus_108,108,Alger,unity,1,23,2020-01-01T23:00:00+00:00,16,branch_C27_sustained,branch,C27,bounded,continuous,183,0,702.837257408,-100,0.000000002,true,true,false,constraint_violation,0.935152981,307,1.089559391,210,0.039559391,1.211227152,C29,0,101_STEAM_3,46.879910454,317_WIND_1,0,317,317_WIND_1,97,3636.5968683,3760.132892789,123.536024489
0,poi_bus_108,108,Alger,unity,1,23,2020-01-01T23:00:00+00:00,17,branch_C6_immediate,branch,C6,fixed,short_term,183,0,702.837257408,-100,0.000000001,true,true,false,constraint_violation,0.951573714,307,1.089547814,210,0.039547814,0.786879001,A10,104.68358378,213_RTPV_1,15.092788096,201_HYDRO_4,104.68358378,213,213_CC_3,97,3636.5968683,3741.28045208,104.68358378
0,poi_bus_108,108,Alger,unity,1,23,2020-01-01T23:00:00+00:00,18,branch_C6_sustained,branch,C6,bounded,continuous,183,0,702.837257408,-99.999999999,0,true,true,false,constraint_violation,0.948492037,307,1.089178598,210,0.039178598,0.898712935,A10,0,101_STEAM_3,86.978877498,317_WIND_1,0,317,317_WIND_1,97,3636.5968683,3742.192474362,105.595606062
0,poi_bus_108,108,Alger,unity,1,23,2020-01-01T23:00:00+00:00,19,branch_CA-1_immediate,branch,CA-1,fixed,short_term,183,0,702.837257408,-100,0,true,true,false,constraint_violation,0.9424383,307,1.089944406,210,0.039944406,0.938216499,C27,143.241806411,213_RTPV_1,15.379729206,201_HYDRO_4,143.241806411,213,213_CC_3,97,3636.5968683,3779.838674711,143.241806411
0,poi_bus_108,108,Alger,unity,1,23,2020-01-01T23:00:00+00:00,20,branch_CA-1_sustained,branch,CA-1,bounded,continuous,183,0,702.837257408,52.6224297,0,true,true,false,constraint_violation,0.948054804,307,1.089394078,210,0.039394078,0.892856057,A10,0,101_STEAM_3,23.100167121,317_WIND_1,0,317,317_WIND_1,97,3636.5968683,3768.55374044,131.95687214
0,poi_bus_108,108,Alger,unity,1,23,2020-01-01T23:00:00+00:00,21,generator_121_NUCLEAR_1_sustained,generator,121_NUCLEAR_1,bounded,continuous,183,0,702.837257408,-100.000000001,0.000000001,true,true,false,constraint_violation,0.955409659,307,1.088602854,210,0.038602854,0.927840748,C27,93.79035715,213_RTPV_1,13.576430246,101_STEAM_3,93.79035715,213,213_CC_3,96,3636.5968683,3730.38722545,93.79035715
0,poi_bus_108,108,Alger,unity,1,23,2020-01-01T23:00:00+00:00,22,generator_213_CC_3_sustained,generator,213_CC_3,bounded,continuous,183,0,702.837257408,-100,0,true,true,false,constraint_violation,0.957759811,307,1.083625031,210,0.033625031,0.89780489,A10,0,101_STEAM_3,14.480010085,101_STEAM_3,0,122,122_WIND_1,96,3636.5968683,3737.378623759,100.781755459
0,poi_bus_108,108,Alger,unity,1,23,2020-01-01T23:00:00+00:00,23,generator_313_CC_1_sustained,generator,313_CC_1,bounded,continuous,183,0,702.837257408,-100,0.000000001,true,true,false,constraint_violation,0.907155228,307,1.0890856,210,0.042844772,1.035130866,C27,0,101_STEAM_3,28.395622468,317_WIND_1,0,317,317_WIND_1,96,3636.5968683,3763.135670883,126.538802583
0,poi_bus_108,108,Alger,lagging_095,0.95,0,2020-01-01T00:00:00+00:00,0,normal,normal,,base,continuous,173.104166667,56.896588124,679.176313276,-100,0.000000001,true,true,false,constraint_violation,0.921896453,108,1.085993985,210,0.035993985,0.963584708,C6,0,101_STEAM_3,52.247481022,314_SYNC_COND_1,0,123,123_STEAM_3,100,3510.436050867,3640.776554713,130.340503846
0,poi_bus_108,108,Alger,lagging_095,0.95,0,2020-01-01T00:00:00+00:00,1,branch_A11_immediate,branch,A11,fixed,short_term,173.104166667,56.896588124,679.176313276,-100,0.000000002,true,true,false,constraint_violation,0.884446315,108,1.087794392,210,0.065553685,0.765547029,C6,0,101_STEAM_3,52.161733548,314_SYNC_COND_1,0,123,123_STEAM_3,100,3510.436050867,3640.452356452,130.016305585
0,poi_bus_108,108,Alger,lagging_095,0.95,0,2020-01-01T00:00:00+00:00,2,branch_A11_sustained,branch,A11,bounded,continuous,173.104166667,56.896588124,679.176313276,-100,0.000000001,true,true,false,constraint_violation,0.883854742,108,1.085475156,210,0.066145258,1.011470433,C27,0,101_STEAM_3,190.720237286,316_STEAM_1,0,122,122_WIND_1,100,3510.436050866,3617.019646933,106.583596067
0,poi_bus_108,108,Alger,lagging_095,0.95,0,2020-01-01T00:00:00+00:00,3,branch_A12-1_immediate,branch,A12-1,fixed,short_term,173.104166667,56.896588124,679.176313276,-100,0,true,true,false,constraint_violation,0.786024747,108,1.082807223,210,0.163975253,1.128700748,A13-2,0,101_STEAM_3,51.859948382,314_SYNC_COND_1,0,123,123_STEAM_3,100,3510.436050867,3662.068446633,151.632395766
0,poi_bus_108,108,Alger,lagging_095,0.95,0,2020-01-01T00:00:00+00:00,4,branch_A12-1_sustained,branch,A12-1,bounded,continuous,173.104166667,56.896588124,679.176313276,100,0.000000001,true,true,false,constraint_violation,0.795910529,108,1.080573099,210,0.154089471,1.255133226,A13-2,0,101_STEAM_3,28.197678877,314_SYNC_COND_1,0,122,122_WIND_1,100,3510.436050867,3616.450620254,106.014569387
0,poi_bus_108,108,Alger,lagging_095,0.95,0,2020-01-01T00:00:00+00:00,5,branch_A34_immediate,branch,A34,fixed,short_term,173.104166667,56.896588124,679.176313276,-100,0.000000001,true,true,false,constraint_violation,0.921972099,108,1.086059818,210,0.036059818,1.021944394,A30,0,101_STEAM_3,87.261540972,116_STEAM_1,0,123,123_STEAM_3,100,3510.436050867,3672.919326414,162.483275547
0,poi_bus_108,108,Alger,lagging_095,0.95,0,2020-01-01T00:00:00+00:00,6,branch_A34_sustained,branch,A34,bounded,continuous,173.104166667,56.896588124,679.176313276,-51.010495431,0.000000001,true,true,false,constraint_violation,0.919381428,108,1.08564069,210,0.03564069,1.007799372,A30,0,101_STEAM_3,341.220344933,316_STEAM_1,0,317,317_WIND_1,100,3510.436050867,3663.104445772,152.668394905
0,poi_bus_108,108,Alger,lagging_095,0.95,0,2020-01-01T00:00:00+00:00,7,branch_B12-1_immediate,branch,B12-1,fixed,short_term,173.104166667,56.896588124,679.176313276,-100,0.000000001,true,true,false,constraint_violation,0.922000802,108,1.074955595,210,0.027999198,0.766143058,C6,0,101_STEAM_3,52.216459167,314_SYNC_COND_1,0,123,123_STEAM_3,100,3510.436050867,3644.632962267,134.1969114
0,poi_bus_108,108,Alger,lagging_095,0.95,0,2020-01-01T00:00:00+00:00,8,branch_B12-1_sustained,branch,B12-1,bounded,continuous,173.104166667,56.896588124,679.176313276,-100,0.000000001,true,true,false,constraint_violation,0.930674537,108,1.072854959,210,0.022854959,0.939423592,CA-1,0,101_STEAM_3,344.627757333,316_STEAM_1,0,317,317_WIND_1,100,3510.436050866,3654.578058846,144.14200798
0,poi_bus_108,108,Alger,lagging_095,0.95,0,2020-01-01T00:00:00+00:00,9,branch_B22_immediate,branch,B22,fixed,short_term,173.104166667,56.896588124,679.176313276,-100,0.000000001,true,true,false,constraint_violation,0.91841756,108,1.079719059,210,0.03158244,0.770430405,C6,0,101_STEAM_3,52.569305878,314_SYNC_COND_1,0,123,123_STEAM_3,100,3510.436050867,3647.294833222,136.858782355
0,poi_bus_108,108,Alger,lagging_095,0.95,0,2020-01-01T00:00:00+00:00,10,branch_B22_sustained,branch,B22,bounded,continuous,173.104166667,56.896588124,679.176313276,-99.999999999,0.000000002,true,true,false,constraint_violation,0.916341932,108,1.080271806,210,0.033658068,0.97847438,C6,0,101_STEAM_3,363.288500427,316_STEAM_1,0,317,317_WIND_1,100,3510.436050866,3650.852145371,140.416094505
0,poi_bus_108,108,Alger,lagging_095,0.95,0,2020-01-01T00:00:00+00:00,11,branch_B6_immediate,branch,B6,fixed,short_term,173.104166667,56.896588124,679.176313276,-100,0.000000001,true,true,false,constraint_violation,0.915341007,108,1.089672904,210,0.039672904,0.766170539,C6,0,101_STEAM_3,52.218948855,314_SYNC_COND_1,0,123,123_STEAM_3,100,3510.436050867,3640.815676178,130.379625311
0,poi_bus_108,108,Alger,lagging_095,0.95,0,2020-01-01T00:00:00+00:00,12,branch_B6_sustained,branch,B6,bounded,continuous,173.104166667,56.896588124,679.176313276,-100,0,true,true,false,constraint_violation,0.919543432,108,1.08768068,210,0.03768068,1.024268162,C6,0,101_STEAM_3,328.039679103,317_WIND_1,0,317,317_WIND_1,100,3510.436050867,3605.389784991,94.953734124
0,poi_bus_108,108,Alger,lagging_095,0.95,0,2020-01-01T00:00:00+00:00,13,branch_C12-1_immediate,branch,C12-1,fixed,short_term,173.104166667,56.896588124,679.176313276,-100,0.000000001,true,true,false,constraint_violation,0.88094734,307,1.086008834,210,0.06905266,0.750798923,B10,0,101_STEAM_3,45.42868561,316_STEAM_1,0,123,123_STEAM_3,100,3510.436050867,3647.943184575,137.507133708
0,poi_bus_108,108,Alger,lagging_095,0.95,0,2020-01-01T00:00:00+00:00,14,branch_C12-1_sustained,branch,C12-1,bounded,continuous,173.104166667,56.896588124,679.176313276,100,0.000000001,true,true,false,constraint_violation,0.873082923,307,1.082533937,210,0.076917077,1.003966857,C6,0,101_STEAM_3,52.055967756,316_STEAM_1,0,122,122_WIND_1,100,3510.436050867,3626.945533324,116.509482457
0,poi_bus_108,108,Alger,lagging_095,0.95,0,2020-01-01T00:00:00+00:00,15,branch_C27_immediate,branch,C27,fixed,short_term,173.104166667,56.896588124,679.176313276,-100,0,true,true,false,constraint_violation,0.923192119,108,1.085874462,210,0.035874462,0.998772586,C29,0,101_STEAM_3,76.774932675,316_STEAM_1,0,123,123_STEAM_3,100,3510.436050867,3649.636993987,139.20094312
0,poi_bus_108,108,Alger,lagging_095,0.95,0,2020-01-01T00:00:00+00:00,16,branch_C27_sustained,branch,C27,bounded,continuous,173.104166667,56.896588124,679.176313276,100,0.000000001,true,true,false,constraint_violation,0.915381152,108,1.085662901,210,0.035662901,0.953661608,CA-1,0,101_STEAM_3,162.169573051,317_WIND_1,0,317,317_WIND_1,100,3510.436050867,3648.975537289,138.539486422
0,poi_bus_108,108,Alger,lagging_095,0.95,0,2020-01-01T00:00:00+00:00,17,branch_C6_immediate,branch,C6,fixed,short_term,173.104166667,56.896588124,679.176313276,-100,0,true,true,false,constraint_violation,0.922164491,108,1.08598221,210,0.03598221,0.909739229,C2,0,101_STEAM_3,80.786548112,316_STEAM_1,0,123,123_STEAM_3,100,3510.436050867,3650.737245152,140.301194285
0,poi_bus_108,108,Alger,lagging_095,0.95,0,2020-01-01T00:00:00+00:00,18,branch_C6_sustained,branch,C6,bounded,continuous,173.104166667,56.896588124,679.176313276,-100,0,true,true,false,constraint_violation,0.922195661,108,1.085879614,210,0.035879614,0.977420953,C2,0,101_STEAM_3,386.199079905,316_STEAM_1,0,317,317_WIND_1,100,3510.436050867,3641.660160338,131.224109471
0,poi_bus_108,108,Alger,lagging_095,0.95,0,2020-01-01T00:00:00+00:00,19,branch_CA-1_immediate,branch,CA-1,fixed,short_term,173.104166667,56.896588124,679.176313276,-100,0.000000002,true,true,false,constraint_violation,0.910325939,108,1.086452804,210,0.039674061,0.836582388,C6,0,101_STEAM_3,43.107949105,314_SYNC_COND_1,0,123,123_STEAM_3,100,3510.436050867,3664.380035392,153.943984525
0,poi_bus_108,108,Alger,lagging_095,0.95,0,2020-01-01T00:00:00+00:00,20,branch_CA-1_sustained,branch,CA-1,bounded,continuous,173.104166667,56.896588124,679.176313276,100,0.000000001,true,true,false,constraint_violation,0.902282297,108,1.083293872,210,0.047717703,1.21911233,CB-1,0,101_STEAM_3,347.917388811,316_STEAM_1,0,122,122_WIND_1,100,3510.436050867,3717.521489771,207.085438904
0,poi_bus_108,108,Alger,lagging_095,0.95,0,2020-01-01T00:00:00+00:00,21,generator_121_NUCLEAR_1_sustained,generator,121_NUCLEAR_1,bounded,continuous,173.104166667,56.896588124,679.176313276,-100,0.000000001,true,true,false,constraint_violation,0.924488159,108,1.084083521,210,0.034083521,0.927840016,A34,0,101_STEAM_3,386.115176413,316_STEAM_1,0,317,317_WIND_1,99,3510.436050867,3656.999603991,146.563553124
0,poi_bus_108,108,Alger,lagging_095,0.95,0,2020-01-01T00:00:00+00:00,22,generator_213_CC_3_sustained,generator,213_CC_3,bounded,continuous,173.104166667,56.896588124,679.176313276,-100,0.000000001,true,true,false,constraint_violation,0.929485419,108,1.085832457,210,0.035832457,0.946634157,CA-1,0,101_STEAM_3,172.222756532,316_STEAM_1,0,303,303_WIND_1,100,3510.436050866,3633.028984561,122.592933695
0,poi_bus_108,108,Alger,lagging_095,0.95,0,2020-01-01T00:00:00+00:00,23,generator_313_CC_1_sustained,generator,313_CC_1,bounded,continuous,173.104166667,56.896588124,679.176313276,100,0,true,true,false,constraint_violation,0.919290845,108,1.083472967,210,0.033472967,0.930406571,CA-1,0,101_STEAM_3,339.445992094,317_WIND_1,0,317,317_WIND_1,100,3510.436050866,3657.0198172,146.583766334
0,poi_bus_108,108,Alger,lagging_095,0.95,1,2020-01-01T01:00:00+00:00,0,normal,normal,,base,continuous,175.875,57.807316998,663.651430585,-100,0,true,true,false,constraint_violation,0.923678455,108,1.086733347,210,0.036733347,1.005604456,C6,0,101_STEAM_3,63.261734294,314_SYNC_COND_1,0,123,123_STEAM_3,100,3436.9208227,3567.674409385,130.753586685
0,poi_bus_108,108,Alger,lagging_095,0.95,1,2020-01-01T01:00:00+00:00,1,branch_A11_immediate,branch,A11,fixed,short_term,175.875,57.807316998,663.651430585,-100,0,true,true,false,constraint_violation,0.883129695,108,1.088515096,210,0.066870305,0.799494427,C6,0,101_STEAM_3,63.242365983,314_SYNC_COND_1,0,123,123_STEAM_3,100,3436.9208227,3568.103656435,131.182833735
0,poi_bus_108,108,Alger,lagging_095,0.95,1,2020-01-01T01:00:00+00:00,2,branch_A11_sustained,branch,A11,bounded,continuous,175.875,57.807316998,663.651430585,100.000000001,0,true,true,false,constraint_violation,0.879059478,108,1.088122034,210,0.070940522,0.908904457,CA-1,0,101_STEAM_3,120.390264364,316_STEAM_1,0,303,303_WIND_1,100,3436.9208227,3577.050408261,140.129585561
0,poi_bus_108,108,Alger,lagging_095,0.95,1,2020-01-01T01:00:00+00:00,3,branch_A12-1_immediate,branch,A12-1,fixed,short_term,175.875,57.807316998,663.651430585,-100,0,true,true,false,constraint_violation,0.787559878,108,1.083470203,210,0.162440122,1.109676289,A13-2,0,101_STEAM_3,63.056486455,314_SYNC_COND_1,0,123,123_STEAM_3,100,3436.9208227,3589.024930801,152.104108101
0,poi_bus_108,108,Alger,lagging_095,0.95,1,2020-01-01T01:00:00+00:00,4,branch_A12-1_sustained,branch,A12-1,bounded,continuous,175.875,57.807316998,663.651430585,-100,0,true,true,false,constraint_violation,0.800642422,108,1.081542011,210,0.149357578,1.252538941,A13-2,0,101_STEAM_3,111.21810901,316_STEAM_1,0,303,303_WIND_1,100,3436.9208227,3552.793922083,115.873099383
0,poi_bus_108,108,Alger,lagging_095,0.95,1,2020-01-01T01:00:00+00:00,5,branch_A34_immediate,branch,A34,fixed,short_term,175.875,57.807316998,663.651430585,-100,0,true,true,false,constraint_violation,0.923755187,108,1.086805423,210,0.036805423,1.022003316,A30,0,101_STEAM_3,93.257236603,116_STEAM_1,0,123,123_STEAM_3,100,3436.9208227,3599.400526231,162.479703531
0,poi_bus_108,108,Alger,lagging_095,0.95,1,2020-01-01T01:00:00+00:00,6,branch_A34_sustained,branch,A34,bounded,continuous,175.875,57.807316998,663.651430585,-100,0,true,true,false,constraint_violation,0.913970779,108,1.086939652,210,0.036939652,1.007812004,A30,0,101_STEAM_3,120.214640183,316_STEAM_1,0,303,303_WIND_1,100,3436.9208227,3583.785384579,146.864561879
0,poi_bus_108,108,Alger,lagging_095,0.95,1,2020-01-01T01:00:00+00:00,7,branch_B12-1_immediate,branch,B12-1,fixed,short_term,175.875,57.807316998,663.651430585,-100,0.000000001,true,true,false,constraint_violation,0.923756211,108,1.077396588,310,0.027396588,0.799580882,C6,0,101_STEAM_3,63.246423033,314_SYNC_COND_1,0,123,123_STEAM_3,100,3436.9208227,3571.317472494,134.396649794
0,poi_bus_108,108,Alger,lagging_095,0.95,1,2020-01-01T01:00:00+00:00,8,branch_B12-1_sustained,branch,B12-1,bounded,continuous,175.875,57.807316998,663.651430585,-100.000000001,0.000000001,true,true,false,constraint_violation,0.923334495,108,1.07601025,210,0.026665505,1.021348268,C6,0,101_STEAM_3,341.834421915,317_WIND_1,0,317,317_WIND_1,100,3436.9208227,3528.273524875,91.352702175
0,poi_bus_108,108,Alger,lagging_095,0.95,1,2020-01-01T01:00:00+00:00,9,branch_B22_immediate,branch,B22,fixed,short_term,175.875,57.807316998,663.651430585,-99.999999999,0,true,true,false,constraint_violation,0.92048087,108,1.080546525,210,0.030546525,0.803977129,C6,0,101_STEAM_3,63.416336045,314_SYNC_COND_1,0,123,123_STEAM_3,100,3436.9208227,3574.322382453,137.401559753
0,poi_bus_108,108,Alger,lagging_095,0.95,1,2020-01-01T01:00:00+00:00,10,branch_B22_sustained,branch,B22,bounded,continuous,175.875,57.807316998,663.651430585,-100,0,true,true,false,constraint_violation,0.920820502,108,1.081519177,210,0.031519177,0.869493672,A34,0,101_STEAM_3,127.578168954,316_STEAM_1,0,303,303_WIND_1,100,3436.9208227,3582.69850075,145.77767805
0,poi_bus_108,108,Alger,lagging_095,0.95,1,2020-01-01T01:00:00+00:00,11,branch_B6_immediate,branch,B6,fixed,short_term,175.875,57.807316998,663.651430585,-100,0,true,true,false,constraint_violation,0.916753845,108,1.090459785,210,0.040459785,0.79976586,C6,0,101_STEAM_3,63.255010505,314_SYNC_COND_1,0,123,123_STEAM_3,100,3436.9208227,3567.796266674,130.875443974
0,poi_bus_108,108,Alger,lagging_095,0.95,1,2020-01-01T01:00:00+00:00,12,branch_B6_sustained,branch,B6,bounded,continuous,175.875,57.807316998,663.651430585,-100,0,true,true,false,constraint_violation,0.91412399,108,1.088604477,210,0.038604477,0.931114925,C27,0,101_STEAM_3,134.649679344,316_STEAM_1,0,303,303_WIND_1,100,3436.9208227,3537.700363601,100.779540901
0,poi_bus_108,108,Alger,lagging_095,0.95,1,2020-01-01T01:00:00+00:00,13,branch_C12-1_immediate,branch,C12-1,fixed,short_term,175.875,57.807316998,663.651430585,-100,0,true,true,false,constraint_violation,0.907690612,307,1.086746163,210,0.042309388,0.751500233,B10,0,101_STEAM_3,32.716914288,314_SYNC_COND_1,0,123,123_STEAM_3,100,3436.9208227,3573.477804935,136.556982235
0,poi_bus_108,108,Alger,lagging_095,0.95,1,2020-01-01T01:00:00+00:00,14,branch_C12-1_sustained,branch,C12-1,bounded,continuous,175.875,57.807316998,663.651430585,-100,0,true,true,false,constraint_violation,0.911709978,307,1.08465662,210,0.038290022,0.86705692,B10,0,101_STEAM_3,330.473160801,317_WIND_1,0,317,317_WIND_1,100,3436.9208227,3525.290317243,88.369494543
0,poi_bus_108,108,Alger,lagging_095,0.95,1,2020-01-01T01:00:00+00:00,15,branch_C27_immediate,branch,C27,fixed,short_term,175.875,57.807316998,663.651430585,-100,0.000000001,true,true,false,constraint_violation,0.924768623,108,1.086596949,210,0.036596949,0.99892557,C29,0,101_STEAM_3,61.693979101,316_STEAM_1,0,123,123_STEAM_3,100,3436.9208227,3575.892720467,138.971897767
0,poi_bus_108,108,Alger,lagging_095,0.95,1,2020-01-01T01:00:00+00:00,16,branch_C27_sustained,branch,C27,bounded,continuous,175.875,57.807316998,663.651430585,100,0.000000001,true,true,false,constraint_violation,0.907563831,108,1.087298585,210,0.042436169,0.933383451,CA-1,0,101_STEAM_3,175.726297282,317_WIND_1,0,317,317_WIND_1,100,3436.9208227,3587.538693837,150.617871137
0,poi_bus_108,108,Alger,lagging_095,0.95,1,2020-01-01T01:00:00+00:00,17,branch_C6_immediate,branch,C6,fixed,short_term,175.875,57.807316998,663.651430585,-100,0,true,true,false,constraint_violation,0.923923983,108,1.086718176,210,0.036718176,0.9300274,C2,0,101_STEAM_3,78.077027725,316_STEAM_1,0,123,123_STEAM_3,100,3436.9208227,3578.42325983,141.50243713
0,poi_bus_108,108,Alger,lagging_095,0.95,1,2020-01-01T01:00:00+00:00,18,branch_C6_sustained,branch,C6,bounded,continuous,175.875,57.807316998,663.651430585,-100,0.000000001,true,true,false,constraint_violation,0.922318596,108,1.086612848,210,0.036612848,1.036403063,C2,0,101_STEAM_3,351.32647701,316_STEAM_1,0,317,317_WIND_1,100,3436.9208227,3550.846281515,113.925458815
0,poi_bus_108,108,Alger,lagging_095,0.95,1,2020-01-01T01:00:00+00:00,19,branch_CA-1_immediate,branch,CA-1,fixed,short_term,175.875,57.807316998,663.651430585,-100,0.000000001,true,true,false,constraint_violation,0.916088,108,1.087285225,210,0.037285225,0.854654338,C6,0,101_STEAM_3,55.099823895,314_SYNC_COND_1,0,123,123_STEAM_3,100,3436.9208227,3581.904186822,144.983364122
0,poi_bus_108,108,Alger,lagging_095,0.95,1,2020-01-01T01:00:00+00:00,20,branch_CA-1_sustained,branch,CA-1,bounded,continuous,175.875,57.807316998,663.651430585,-99.999999999,0,true,true,false,constraint_violation,0.906356436,108,1.085320708,210,0.043643564,1.200134347,CB-1,0,101_STEAM_3,277.903532369,316_STEAM_1,0,122,122_WIND_1,100,3436.9208227,3611.119980859,174.199158159
0,poi_bus_108,108,Alger,lagging_095,0.95,1,2020-01-01T01:00:00+00:00,21,generator_121_NUCLEAR_1_sustained,generator,121_NUCLEAR_1,bounded,continuous,175.875,57.807316998,663.651430585,99.999999999,0.000000001,true,true,false,constraint_violation,0.923853652,108,1.084639078,210,0.034639078,0.890811485,A34,0,101_STEAM_3,93.588728882,316_STEAM_1,0,303,303_WIND_1,99,3436.9208227,3559.950362983,123.029540283
0,poi_bus_108,108,Alger,lagging_095,0.95,1,2020-01-01T01:00:00+00:00,22,generator_213_CC_3_sustained,generator,213_CC_3,bounded,continuous,175.875,57.807316998,663.651430585,98.776682752,0,true,true,false,constraint_violation,0.921312466,108,1.08590447,210,0.03590447,1.015096929,C29,0,101_STEAM_3,43.846436979,314_SYNC_COND_1,0,122,122_WIND_1,100,3436.9208227,3594.068836041,157.148013341
0,poi_bus_108,108,Alger,lagging_095,0.95,1,2020-01-01T01:00:00+00:00,23,generator_313_CC_1_sustained,generator,313_CC_1,bounded,continuous,175.875,57.807316998,663.651430585,-100,0,true,true,false,constraint_violation,0.921058122,108,1.087104595,210,0.037104595,0.917161646,CA-1,0,101_STEAM_3,128.128262632,316_STEAM_1,0,303,303_WIND_1,100,3436.9208227,3577.476213826,140.555391126
0,poi_bus_108,108,Alger,lagging_095,0.95,2,2020-01-01T02:00:00+00:00,0,normal,normal,,base,continuous,177.145833333,58.225019715,660.828118246,-100,0,true,true,false,constraint_violation,0.921026768,108,1.086825006,210,0.036825006,0.965540841,C6,0,102_STEAM_3,71.011290153,314_SYNC_COND_1,0,123,123_STEAM_3,100,3424.318483333,3553.455807521,129.137324188
0,poi_bus_108,108,Alger,lagging_095,0.95,2,2020-01-01T02:00:00+00:00,1,branch_A11_immediate,branch,A11,fixed,short_term,177.145833333,58.225019715,660.828118246,-100,0.000000001,true,true,false,constraint_violation,0.879453248,108,1.088644474,210,0.070546752,0.768608708,C10,0,102_STEAM_3,70.99091235,314_SYNC_COND_1,0,123,123_STEAM_3,100,3424.318483333,3553.924604001,129.606120668
0,poi_bus_108,108,Alger,lagging_095,0.95,2,2020-01-01T02:00:00+00:00,2,branch_A11_sustained,branch,A11,bounded,continuous,177.145833333,58.225019715,660.828118246,-100,0.000000001,true,true,false,constraint_violation,0.877190905,108,1.086233462,210,0.072809095,1.006032662,C27,0,101_STEAM_3,135.787882994,316_STEAM_1,0,122,122_WIND_1,100,3424.318483334,3520.11208394,95.793600606
0,poi_bus_108,108,Alger,lagging_095,0.95,2,2020-01-01T02:00:00+00:00,3,branch_A12-1_immediate,branch,A12-1,fixed,short_term,177.145833333,58.225019715,660.828118246,-100,0,true,true,false,constraint_violation,0.779875543,108,1.083438724,210,0.170124457,1.126374745,A13-2,0,102_STEAM_3,70.792782126,314_SYNC_COND_1,0,123,123_STEAM_3,100,3424.318483333,3575.843865046,151.525381713
0,poi_bus_108,108,Alger,lagging_095,0.95,2,2020-01-01T02:00:00+00:00,4,branch_A12-1_sustained,branch,A12-1,bounded,continuous,177.145833333,58.225019715,660.828118246,100,0.000000001,true,true,false,constraint_violation,0.790462302,108,1.0811709,210,0.159537698,1.258177455,A13-2,0,101_STEAM_3,78.962524892,316_STEAM_1,0,303,303_WIND_1,100,3424.318483333,3570.062878925,145.744395592
0,poi_bus_108,108,Alger,lagging_095,0.95,2,2020-01-01T02:00:00+00:00,5,branch_A34_immediate,branch,A34,fixed,short_term,177.145833333,58.225019715,660.828118246,-100,0.000000001,true,true,false,constraint_violation,0.921106626,108,1.086897043,210,0.036897043,1.022016621,A30,0,102_STEAM_3,93.846054216,116_STEAM_1,0,123,123_STEAM_3,100,3424.318483333,3585.157160615,160.838677282
0,poi_bus_108,108,Alger,lagging_095,0.95,2,2020-01-01T02:00:00+00:00,6,branch_A34_sustained,branch,A34,bounded,continuous,177.145833333,58.225019715,660.828118246,-100,0.000000001,true,true,false,constraint_violation,0.918518508,108,1.086867493,210,0.036867493,1.007807494,A30,0,101_STEAM_3,338.422010056,316_STEAM_1,0,317,317_WIND_1,100,3424.318483333,3572.263004316,147.944520983
0,poi_bus_108,108,Alger,lagging_095,0.95,2,2020-01-01T02:00:00+00:00,7,branch_B12-1_immediate,branch,B12-1,fixed,short_term,177.145833333,58.225019715,660.828118246,-99.999999999,0,true,true,false,constraint_violation,0.921103309,108,1.082725986,310,0.032725986,0.768605119,C10,0,102_STEAM_3,70.995330267,314_SYNC_COND_1,0,123,123_STEAM_3,100,3424.318483333,3557.066329174,132.747845841
0,poi_bus_108,108,Alger,lagging_095,0.95,2,2020-01-01T02:00:00+00:00,8,branch_B12-1_sustained,branch,B12-1,bounded,continuous,177.145833333,58.225019715,660.828118246,-100,0.000000001,true,true,false,constraint_violation,0.922715952,108,1.074413786,210,0.027284048,0.999875737,C27,0,101_STEAM_3,128.349969641,316_STEAM_1,0,122,122_WIND_1,100,3424.318483333,3521.672993278,97.354509945
0,poi_bus_108,108,Alger,lagging_095,0.95,2,2020-01-01T02:00:00+00:00,9,branch_B22_immediate,branch,B22,fixed,short_term,177.145833333,58.225019715,660.828118246,-99.999999999,0,true,true,false,constraint_violation,0.917802241,108,1.082883086,310,0.032883086,0.772117908,C6,0,102_STEAM_3,71.175218801,314_SYNC_COND_1,0,123,123_STEAM_3,100,3424.318483333,3560.083601862,135.765118529
0,poi_bus_108,108,Alger,lagging_095,0.95,2,2020-01-01T02:00:00+00:00,10,branch_B22_sustained,branch,B22,bounded,continuous,177.145833333,58.225019715,660.828118246,-100,0.000000001,true,true,false,constraint_violation,0.919826366,108,1.080771008,210,0.030771008,0.9141522,CA-1,0,101_STEAM_3,131.433313447,316_STEAM_1,0,303,303_WIND_1,100,3424.318483333,3563.203244106,138.884760773
0,poi_bus_108,108,Alger,lagging_095,0.95,2,2020-01-01T02:00:00+00:00,11,branch_B6_immediate,branch,B6,fixed,short_term,177.145833333,58.225019715,660.828118246,-99.999999999,0,true,true,false,constraint_violation,0.913947753,108,1.090621137,210,0.040621137,0.768597379,C10,0,102_STEAM_3,71.004649755,314_SYNC_COND_1,0,123,123_STEAM_3,100,3424.318483333,3553.588206661,129.269723328
0,poi_bus_108,108,Alger,lagging_095,0.95,2,2020-01-01T02:00:00+00:00,12,branch_B6_sustained,branch,B6,bounded,continuous,177.145833333,58.225019715,660.828118246,-100,0.000000001,true,true,false,constraint_violation,0.915237358,108,1.088755469,210,0.038755469,1.027873525,C6,0,101_STEAM_3,329.178063072,317_WIND_1,0,317,317_WIND_1,100,3424.318483333,3520.51231845,96.193835117
0,poi_bus_108,108,Alger,lagging_095,0.95,2,2020-01-01T02:00:00+00:00,13,branch_C12-1_immediate,branch,C12-1,fixed,short_term,177.145833333,58.225019715,660.828118246,-99.999999999,0.000000001,true,true,false,constraint_violation,0.920997091,108,1.086836424,210,0.036836424,0.751530679,B10,0,102_STEAM_3,42.673553642,314_SYNC_COND_1,0,123,123_STEAM_3,100,3424.318483333,3558.70443118,134.385947847
0,poi_bus_108,108,Alger,lagging_095,0.95,2,2020-01-01T02:00:00+00:00,14,branch_C12-1_sustained,branch,C12-1,bounded,continuous,177.145833333,58.225019715,660.828118246,-100,0.000000001,true,true,false,constraint_violation,0.89276126,307,1.084756733,210,0.05723874,0.926275103,C27,0,101_STEAM_3,164.477982643,316_STEAM_1,0,122,122_WIND_1,100,3424.318483333,3528.781493453,104.46301012
0,poi_bus_108,108,Alger,lagging_095,0.95,2,2020-01-01T02:00:00+00:00,15,branch_C27_immediate,branch,C27,fixed,short_term,177.145833333,58.225019715,660.828118246,-100,0.000000001,true,true,false,constraint_violation,0.922113457,108,1.086691614,210,0.036691614,0.999015434,C29,0,102_STEAM_3,67.304592427,314_SYNC_COND_1,0,123,123_STEAM_3,100,3424.318483333,3561.230799983,136.91231665
0,poi_bus_108,108,Alger,lagging_095,0.95,2,2020-01-01T02:00:00+00:00,16,branch_C27_sustained,branch,C27,bounded,continuous,177.145833333,58.225019715,660.828118246,-100,0,true,true,false,constraint_violation,0.919144658,108,1.086809712,210,0.036809712,0.986418973,CA-1,0,101_STEAM_3,177.897019876,316_STEAM_1,0,317,317_WIND_1,100,3424.318483333,3547.725722148,123.407238815
0,poi_bus_108,108,Alger,lagging_095,0.95,2,2020-01-01T02:00:00+00:00,17,branch_C6_immediate,branch,C6,fixed,short_term,177.145833333,58.225019715,660.828118246,-100,0,true,true,false,constraint_violation,0.921271189,108,1.086808978,210,0.036808978,0.903756647,C2,0,102_STEAM_3,59.946187653,316_STEAM_1,0,123,123_STEAM_3,100,3424.318483333,3563.092576863,138.77409353
0,poi_bus_108,108,Alger,lagging_095,0.95,2,2020-01-01T02:00:00+00:00,18,branch_C6_sustained,branch,C6,bounded,continuous,177.145833333,58.225019715,660.828118246,-100,0.000000001,true,true,false,constraint_violation,0.906098708,108,1.086800257,210,0.043901292,0.917759844,CA-1,0,101_STEAM_3,354.096633383,317_WIND_1,0,317,317_WIND_1,100,3424.318483333,3581.130088867,156.811605534
0,poi_bus_108,108,Alger,lagging_095,0.95,2,2020-01-01T02:00:00+00:00,19,branch_CA-1_immediate,branch,CA-1,fixed,short_term,177.145833333,58.225019715,660.828118246,-100,0,true,true,false,constraint_violation,0.913499187,108,1.087367679,210,0.037367679,0.8220733,C6,0,102_STEAM_3,63.859631562,314_SYNC_COND_1,0,123,123_STEAM_3,100,3424.318483333,3567.161998146,142.843514813
0,poi_bus_108,108,Alger,lagging_095,0.95,2,2020-01-01T02:00:00+00:00,20,branch_CA-1_sustained,branch,CA-1,bounded,continuous,177.145833333,58.225019715,660.828118246,100,0.000000001,true,true,false,constraint_violation,0.900068515,108,1.084242721,210,0.049931485,1.205163698,CB-1,0,101_STEAM_3,308.06321336,316_STEAM_1,0,122,122_WIND_1,100,3424.318483333,3621.343498022,197.025014689
0,poi_bus_108,108,Alger,lagging_095,0.95,2,2020-01-01T02:00:00+00:00,21,generator_121_NUCLEAR_1_sustained,generator,121_NUCLEAR_1,bounded,continuous,177.145833333,58.225019715,660.828118246,-99.999999999,0,true,true,false,constraint_violation,0.924608757,108,1.084394866,210,0.034394866,1.004331354,C27,0,101_STEAM_3,117.689390521,316_STEAM_1,0,122,122_WIND_1,99,3424.318483334,3516.045364911,91.726881577
0,poi_bus_108,108,Alger,lagging_095,0.95,2,2020-01-01T02:00:00+00:00,22,generator_213_CC_3_sustained,generator,213_CC_3,bounded,continuous,177.145833333,58.225019715,660.828118246,100.000000001,0,true,true,false,constraint_violation,0.921567785,108,1.086633129,210,0.036633129,0.93586066,C10,0,101_STEAM_3,337.640366651,317_WIND_1,0,317,317_WIND_1,100,3424.318483333,3561.877364986,137.558881653
0,poi_bus_108,108,Alger,lagging_095,0.95,2,2020-01-01T02:00:00+00:00,23,generator_313_CC_1_sustained,generator,313_CC_1,bounded,continuous,177.145833333,58.225019715,660.828118246,82.643450759,0.000000001,true,true,false,constraint_violation,0.905013993,108,1.087424448,210,0.044986007,0.898544055,CA-1,0,101_STEAM_3,92.848234953,316_STEAM_1,0,303,303_WIND_1,100,3424.318483333,3579.067095951,154.748612618
0,poi_bus_108,108,Alger,lagging_095,0.95,3,2020-01-01T03:00:00+00:00,0,normal,normal,,base,continuous,172.770833333,56.787026755,664.374395151,-100,0,true,true,false,constraint_violation,0.91956908,108,1.08898887,306,0.03898887,0.900855482,C10,0,101_STEAM_3,78.460707644,314_SYNC_COND_1,0,123,123_STEAM_3,100,3437.369154333,3562.363038867,124.993884534
0,poi_bus_108,108,Alger,lagging_095,0.95,3,2020-01-01T03:00:00+00:00,1,branch_A11_immediate,branch,A11,fixed,short_term,172.770833333,56.787026755,664.374395151,-100.000000001,0.000000001,true,true,false,constraint_violation,0.880083329,108,1.088953104,306,0.069916671,0.788262987,C10,0,101_STEAM_3,78.413663051,314_SYNC_COND_1,0,123,123_STEAM_3,100,3437.369154333,3562.412682473,125.04352814
0,poi_bus_108,108,Alger,lagging_095,0.95,3,2020-01-01T03:00:00+00:00,2,branch_A11_sustained,branch,A11,bounded,continuous,172.770833333,56.787026755,664.374395151,-100,0,true,true,false,constraint_violation,0.87960741,108,1.086374057,210,0.07039259,0.928566775,C10,0,101_STEAM_3,134.73909293,316_STEAM_1,0,122,122_WIND_1,100,3437.369154333,3534.53768935,97.168535017
0,poi_bus_108,108,Alger,lagging_095,0.95,3,2020-01-01T03:00:00+00:00,3,branch_A12-1_immediate,branch,A12-1,fixed,short_term,172.770833333,56.787026755,664.374395151,-100,0.000000001,true,true,false,constraint_violation,0.778689862,108,1.088768177,306,0.171310138,1.132304049,A13-2,0,101_STEAM_3,78.165523793,314_SYNC_COND_1,0,123,123_STEAM_3,100,3437.369154333,3584.668428401,147.299274068
0,poi_bus_108,108,Alger,lagging_095,0.95,3,2020-01-01T03:00:00+00:00,4,branch_A12-1_sustained,branch,A12-1,bounded,continuous,172.770833333,56.787026755,664.374395151,-100.000000001,0.000000001,true,true,false,constraint_violation,0.79268421,108,1.081784617,210,0.15731579,1.275236481,A13-2,0,101_STEAM_3,126.583135235,316_STEAM_1,0,122,122_WIND_1,100,3437.369154333,3547.194289362,109.825135029
0,poi_bus_108,108,Alger,lagging_095,0.95,3,2020-01-01T03:00:00+00:00,5,branch_A34_immediate,branch,A34,fixed,short_term,172.770833333,56.787026755,664.374395151,-100.000000001,0.000000001,true,true,false,constraint_violation,0.919654277,108,1.089195193,306,0.039195193,1.02201215,A30,0,101_STEAM_3,91.620316333,116_STEAM_1,0,123,123_STEAM_3,100,3437.369154333,3594.247762542,156.878608209
0,poi_bus_108,108,Alger,lagging_095,0.95,3,2020-01-01T03:00:00+00:00,6,branch_A34_sustained,branch,A34,bounded,continuous,172.770833333,56.787026755,664.374395151,-100,0.000000002,true,true,false,constraint_violation,0.916013994,108,1.084950029,210,0.034950029,1.007834035,A30,0,101_STEAM_3,351.399709388,317_WIND_1,0,317,317_WIND_1,100,3437.369154333,3582.461318881,145.092164548
0,poi_bus_108,108,Alger,lagging_095,0.95,3,2020-01-01T03:00:00+00:00,7,branch_B12-1_immediate,branch,B12-1,fixed,short_term,172.770833333,56.787026755,664.374395151,-100.000000001,0.000000001,true,true,false,constraint_violation,0.919652332,108,1.088972109,306,0.038972109,0.788255567,C10,0,101_STEAM_3,78.438706379,314_SYNC_COND_1,0,123,123_STEAM_3,100,3437.369154333,3565.9576952,128.588540867
0,poi_bus_108,108,Alger,lagging_095,0.95,3,2020-01-01T03:00:00+00:00,8,branch_B12-1_sustained,branch,B12-1,bounded,continuous,172.770833333,56.787026755,664.374395151,-100,0,true,true,false,constraint_violation,0.911952469,108,1.077120019,210,0.038047531,0.870987869,A34,0,101_STEAM_3,114.409131641,316_STEAM_1,0,303,303_WIND_1,100,3437.369154333,3588.19259678,150.823442447
0,poi_bus_108,108,Alger,lagging_095,0.95,3,2020-01-01T03:00:00+00:00,9,branch_B22_immediate,branch,B22,fixed,short_term,172.770833333,56.787026755,664.374395151,-100,0.000000002,true,true,false,constraint_violation,0.916274063,108,1.089172701,306,0.039172701,0.788135403,C10,0,101_STEAM_3,78.695680631,314_SYNC_COND_1,0,123,123_STEAM_3,100,3437.369154333,3568.825989815,131.456835482
0,poi_bus_108,108,Alger,lagging_095,0.95,3,2020-01-01T03:00:00+00:00,10,branch_B22_sustained,branch,B22,bounded,continuous,172.770833333,56.787026755,664.374395151,100,0,true,true,false,constraint_violation,0.924500511,108,1.077434232,210,0.027434232,0.936388259,C10,0,101_STEAM_3,64.600207843,316_STEAM_1,0,122,122_WIND_1,100,3437.369154333,3530.991772355,93.622618022
0,poi_bus_108,108,Alger,lagging_095,0.95,3,2020-01-01T03:00:00+00:00,11,branch_B6_immediate,branch,B6,fixed,short_term,172.770833333,56.787026755,664.374395151,-100,0.000000001,true,true,false,constraint_violation,0.912531668,108,1.090769502,210,0.040769502,0.788252764,C10,0,101_STEAM_3,78.447672769,314_SYNC_COND_1,0,123,123_STEAM_3,100,3437.369154333,3562.463119018,125.093964685
0,poi_bus_108,108,Alger,lagging_095,0.95,3,2020-01-01T03:00:00+00:00,12,branch_B6_sustained,branch,B6,bounded,continuous,172.770833333,56.787026755,664.374395151,100,0,true,true,false,constraint_violation,0.913174523,108,1.088650291,210,0.038650291,0.941966399,CA-1,0,101_STEAM_3,335.54737195,317_WIND_1,0,317,317_WIND_1,100,3437.369154333,3570.40582042,133.036666087
0,poi_bus_108,108,Alger,lagging_095,0.95,3,2020-01-01T03:00:00+00:00,13,branch_C12-1_immediate,branch,C12-1,fixed,short_term,172.770833333,56.787026755,664.374395151,-100,0,true,true,false,constraint_violation,0.919539014,108,1.086954466,210,0.036954466,0.751768015,B10,0,101_STEAM_3,52.149877965,314_SYNC_COND_1,0,123,123_STEAM_3,100,3437.369154333,3567.235302345,129.866148012
0,poi_bus_108,108,Alger,lagging_095,0.95,3,2020-01-01T03:00:00+00:00,14,branch_C12-1_sustained,branch,C12-1,bounded,continuous,172.770833333,56.787026755,664.374395151,-100,0,true,true,false,constraint_violation,0.903410079,307,1.084782682,210,0.046589921,0.876537773,C10,0,101_STEAM_3,132.959211583,316_STEAM_1,0,122,122_WIND_1,100,3437.369154333,3536.129898754,98.760744421
0,poi_bus_108,108,Alger,lagging_095,0.95,3,2020-01-01T03:00:00+00:00,15,branch_C27_immediate,branch,C27,fixed,short_term,172.770833333,56.787026755,664.374395151,-100,0,true,true,false,constraint_violation,0.920754781,108,1.086817454,210,0.036817454,0.999144525,C29,0,101_STEAM_3,74.762571277,314_SYNC_COND_1,0,123,123_STEAM_3,100,3437.369154333,3570.432954948,133.063800615
0,poi_bus_108,108,Alger,lagging_095,0.95,3,2020-01-01T03:00:00+00:00,16,branch_C27_sustained,branch,C27,bounded,continuous,172.770833333,56.787026755,664.374395151,-100,0,true,true,false,constraint_violation,0.91238091,108,1.087598956,210,0.03761909,1.005226622,C29,0,101_STEAM_3,165.069714284,316_STEAM_1,0,303,303_WIND_1,100,3437.369154334,3576.6974967,139.328342366
0,poi_bus_108,108,Alger,lagging_095,0.95,3,2020-01-01T03:00:00+00:00,17,branch_C6_immediate,branch,C6,fixed,short_term,172.770833333,56.787026755,664.374395151,-100,0.000000001,true,true,false,constraint_violation,0.919809244,108,1.08692859,210,0.03692859,0.830753704,C2,0,101_STEAM_3,58.555377132,314_SYNC_COND_1,0,123,123_STEAM_3,100,3437.369154333,3569.5372577,132.168103367
0,poi_bus_108,108,Alger,lagging_095,0.95,3,2020-01-01T03:00:00+00:00,18,branch_C6_sustained,branch,C6,bounded,continuous,172.770833333,56.787026755,664.374395151,-100,0,true,true,false,constraint_violation,0.925655941,108,1.086946347,210,0.036946347,0.955886851,CA-1,0,101_STEAM_3,330.939385925,317_WIND_1,0,317,317_WIND_1,100,3437.369154334,3557.50714648,120.137992146
0,poi_bus_108,108,Alger,lagging_095,0.95,3,2020-01-01T03:00:00+00:00,19,branch_CA-1_immediate,branch,CA-1,fixed,short_term,172.770833333,56.787026755,664.374395151,-100,0,true,true,false,constraint_violation,0.910557265,108,1.087452277,210,0.039442735,0.777617978,C10,0,101_STEAM_3,72.113128404,314_SYNC_COND_1,0,123,123_STEAM_3,100,3437.369154333,3579.230384006,141.861229673
0,poi_bus_108,108,Alger,lagging_095,0.95,3,2020-01-01T03:00:00+00:00,20,branch_CA-1_sustained,branch,CA-1,bounded,continuous,172.770833333,56.787026755,664.374395151,-100,0.000000001,true,true,false,constraint_violation,0.908745793,108,1.087041275,210,0.041254207,1.022497164,C27,0,101_STEAM_3,181.546680368,316_STEAM_1,0,122,122_WIND_1,100,3437.369154333,3574.32273062,136.953576287
0,poi_bus_108,108,Alger,lagging_095,0.95,3,2020-01-01T03:00:00+00:00,21,generator_121_NUCLEAR_1_sustained,generator,121_NUCLEAR_1,bounded,continuous,172.770833333,56.787026755,664.374395151,-100,0.000000002,true,true,false,constraint_violation,0.922473186,108,1.084989963,210,0.034989963,0.924906372,A34,0,101_STEAM_3,419.639575847,316_STEAM_1,0,317,317_WIND_1,99,3437.369154333,3577.306071513,139.93691718
0,poi_bus_108,108,Alger,lagging_095,0.95,3,2020-01-01T03:00:00+00:00,22,generator_213_CC_3_sustained,generator,213_CC_3,bounded,continuous,172.770833333,56.787026755,664.374395151,-100,0,true,true,false,constraint_violation,0.924286036,108,1.084767405,210,0.034767405,0.928425588,C10,0,101_STEAM_3,134.531229879,316_STEAM_1,0,122,122_WIND_1,100,3437.369154333,3532.703282053,95.33412772
0,poi_bus_108,108,Alger,lagging_095,0.95,3,2020-01-01T03:00:00+00:00,23,generator_313_CC_1_sustained,generator,313_CC_1,bounded,continuous,172.770833333,56.787026755,664.374395151,-100,0.000000001,true,true,false,constraint_violation,0.916967472,108,1.087048953,210,0.037048953,0.935934486,CA-1,0,101_STEAM_3,340.851571887,317_WIND_1,0,317,317_WIND_1,100,3437.369154333,3570.688425446,133.319271113
0,poi_bus_108,108,Alger,lagging_095,0.95,4,2020-01-01T04:00:00+00:00,0,normal,normal,,base,continuous,174.979166667,57.512870821,692.511540751,-99.999999999,0,true,true,false,constraint_violation,0.910578645,108,1.088314164,310,0.039421355,0.903787585,C10,0,101_STEAM_3,76.22341315,314_SYNC_COND_1,0,123,123_STEAM_3,100,3577.837599667,3699.862865576,122.025265909
0,poi_bus_108,108,Alger,lagging_095,0.95,4,2020-01-01T04:00:00+00:00,1,branch_A11_immediate,branch,A11,fixed,short_term,174.979166667,57.512870821,692.511540751,-100,0.000000001,true,true,false,constraint_violation,0.866259605,108,1.088303782,310,0.083740395,0.79082083,C10,0,101_STEAM_3,76.211966005,314_SYNC_COND_1,0,123,123_STEAM_3,100,3577.837599667,3700.649020935,122.811421268
0,poi_bus_108,108,Alger,lagging_095,0.95,4,2020-01-01T04:00:00+00:00,2,branch_A11_sustained,branch,A11,bounded,continuous,174.979166667,57.512870821,692.511540751,-100,0,true,true,false,constraint_violation,0.864859853,108,1.087409682,210,0.085140147,0.935716921,C6,0,101_STEAM_3,337.131226504,317_WIND_1,0,317,317_WIND_1,100,3577.837599667,3692.634522179,114.796922512
0,poi_bus_108,108,Alger,lagging_095,0.95,4,2020-01-01T04:00:00+00:00,3,branch_A12-1_immediate,branch,A12-1,fixed,short_term,174.979166667,57.512870821,692.511540751,-100,0,true,true,false,constraint_violation,0.747837395,108,1.088091876,310,0.202162605,1.172911054,A13-2,0,101_STEAM_3,75.967980118,314_SYNC_COND_1,0,123,123_STEAM_3,100,3577.837599667,3726.47870863,148.641108963
0,poi_bus_108,108,Alger,lagging_095,0.95,4,2020-01-01T04:00:00+00:00,4,branch_A12-1_sustained,branch,A12-1,bounded,continuous,174.979166667,57.512870821,692.511540751,100,0.000000002,true,true,false,constraint_violation,0.762349505,108,1.07911779,210,0.187650495,1.304967837,A13-2,0,101_STEAM_3,363.770821611,317_WIND_1,0,317,317_WIND_1,100,3577.837599667,3729.204927657,151.36732799
0,poi_bus_108,108,Alger,lagging_095,0.95,4,2020-01-01T04:00:00+00:00,5,branch_A34_immediate,branch,A34,fixed,short_term,174.979166667,57.512870821,692.511540751,-100,0.000000001,true,true,false,constraint_violation,0.910674051,108,1.088515672,310,0.039325949,1.022067554,A30,0,101_STEAM_3,91.388735501,116_STEAM_1,0,123,123_STEAM_3,100,3577.837599667,3731.893217379,154.055617712
0,poi_bus_108,108,Alger,lagging_095,0.95,4,2020-01-01T04:00:00+00:00,6,branch_A34_sustained,branch,A34,bounded,continuous,174.979166667,57.512870821,692.511540751,99.999999999,0.000000001,true,true,false,constraint_violation,0.911141155,108,1.083762312,210,0.038858845,1.007968983,A30,0,101_STEAM_3,78.304823515,316_STEAM_1,0,303,303_WIND_1,100,3577.837599667,3711.294596084,133.456996417
0,poi_bus_108,108,Alger,lagging_095,0.95,4,2020-01-01T04:00:00+00:00,7,branch_B12-1_immediate,branch,B12-1,fixed,short_term,174.979166667,57.512870821,692.511540751,-100,0.000000001,true,true,false,constraint_violation,0.910652577,108,1.088297408,310,0.039347423,0.790824839,C10,0,101_STEAM_3,76.204910946,314_SYNC_COND_1,0,123,123_STEAM_3,100,3577.837599667,3703.649369965,125.811770298
0,poi_bus_108,108,Alger,lagging_095,0.95,4,2020-01-01T04:00:00+00:00,8,branch_B12-1_sustained,branch,B12-1,bounded,continuous,174.979166667,57.512870821,692.511540751,-99.999999999,0,true,true,false,constraint_violation,0.909881833,108,1.074160945,210,0.040118167,0.863133694,C10,0,101_STEAM_3,107.878143672,316_STEAM_1,0,303,303_WIND_1,100,3577.837599667,3714.151210122,136.313610455
0,poi_bus_108,108,Alger,lagging_095,0.95,4,2020-01-01T04:00:00+00:00,9,branch_B22_immediate,branch,B22,fixed,short_term,174.979166667,57.512870821,692.511540751,-100,0.000000001,true,true,false,constraint_violation,0.907202903,108,1.088506325,310,0.042797097,0.790645135,C10,0,101_STEAM_3,76.422981088,314_SYNC_COND_1,0,123,123_STEAM_3,100,3577.837599667,3707.30334849,129.465748823
0,poi_bus_108,108,Alger,lagging_095,0.95,4,2020-01-01T04:00:00+00:00,10,branch_B22_sustained,branch,B22,bounded,continuous,174.979166667,57.512870821,692.511540751,-100,0,true,true,false,constraint_violation,0.913205239,108,1.077621074,210,0.036794761,1.002247807,C27,0,101_STEAM_3,121.564188053,316_STEAM_1,0,122,122_WIND_1,100,3577.837599667,3676.444094951,98.606495284
0,poi_bus_108,108,Alger,lagging_095,0.95,4,2020-01-01T04:00:00+00:00,11,branch_B6_immediate,branch,B6,fixed,short_term,174.979166667,57.512870821,692.511540751,-100,0,true,true,false,constraint_violation,0.902737174,108,1.089365839,210,0.047262826,0.790812782,C10,0,101_STEAM_3,76.225680897,314_SYNC_COND_1,0,123,123_STEAM_3,100,3577.837599667,3700.09881264,122.261212973
0,poi_bus_108,108,Alger,lagging_095,0.95,4,2020-01-01T04:00:00+00:00,12,branch_B6_sustained,branch,B6,bounded,continuous,174.979166667,57.512870821,692.511540751,-99.999999999,0,true,true,false,constraint_violation,0.89284175,108,1.089996176,210,0.05715825,0.917926381,CA-1,0,101_STEAM_3,356.204650931,317_WIND_1,0,317,317_WIND_1,100,3577.837599667,3727.024965241,149.187365574
0,poi_bus_108,108,Alger,lagging_095,0.95,4,2020-01-01T04:00:00+00:00,13,branch_C12-1_immediate,branch,C12-1,fixed,short_term,174.979166667,57.512870821,692.511540751,-100,0,true,true,false,constraint_violation,0.910551611,108,1.085316101,210,0.039448389,0.750633455,B10,0,101_STEAM_3,49.49211007,314_SYNC_COND_1,0,123,123_STEAM_3,100,3577.837599667,3704.9126661,127.075066433
0,poi_bus_108,108,Alger,lagging_095,0.95,4,2020-01-01T04:00:00+00:00,14,branch_C12-1_sustained,branch,C12-1,bounded,continuous,174.979166667,57.512870821,692.511540751,-100,0.000000001,true,true,false,constraint_violation,0.908809821,307,1.083932274,210,0.041190179,0.964112085,CA-1,0,101_STEAM_3,348.084688231,316_STEAM_1,0,317,317_WIND_1,100,3577.837599667,3702.526473069,124.688873402
0,poi_bus_108,108,Alger,lagging_095,0.95,4,2020-01-01T04:00:00+00:00,15,branch_C27_immediate,branch,C27,fixed,short_term,174.979166667,57.512870821,692.511540751,-100,0.000000001,true,true,false,constraint_violation,0.911711767,108,1.085113525,210,0.038288233,0.999066298,C29,0,101_STEAM_3,72.326730499,314_SYNC_COND_1,0,123,123_STEAM_3,100,3577.837599667,3709.284659518,131.447059851
0,poi_bus_108,108,Alger,lagging_095,0.95,4,2020-01-01T04:00:00+00:00,16,branch_C27_sustained,branch,C27,bounded,continuous,174.979166667,57.512870821,692.511540751,-100,0.000000001,true,true,false,constraint_violation,0.913950071,108,1.083613167,210,0.036049929,0.891645063,C10,0,101_STEAM_3,163.019323874,317_WIND_1,0,317,317_WIND_1,100,3577.837599667,3665.15103001,87.313430343
0,poi_bus_108,108,Alger,lagging_095,0.95,4,2020-01-01T04:00:00+00:00,17,branch_C6_immediate,branch,C6,fixed,short_term,174.979166667,57.512870821,692.511540751,-100,0.000000001,true,true,false,constraint_violation,0.910789099,108,1.085279068,210,0.039210901,0.811547651,C2,0,101_STEAM_3,56.323470304,314_SYNC_COND_1,0,123,123_STEAM_3,100,3577.837599667,3706.522812727,128.68521306
0,poi_bus_108,108,Alger,lagging_095,0.95,4,2020-01-01T04:00:00+00:00,18,branch_C6_sustained,branch,C6,bounded,continuous,174.979166667,57.512870821,692.511540751,100,0,true,true,false,constraint_violation,0.910410631,108,1.085103093,210,0.039589369,1.02466985,C2,0,101_STEAM_3,45.927536405,116_STEAM_1,0,123,123_STEAM_3,100,3577.837599667,3740.055886926,162.218287259
0,poi_bus_108,108,Alger,lagging_095,0.95,4,2020-01-01T04:00:00+00:00,19,branch_CA-1_immediate,branch,CA-1,fixed,short_term,174.979166667,57.512870821,692.511540751,-100,0.000000001,true,true,false,constraint_violation,0.902529036,108,1.086098123,210,0.047470964,0.779580469,C10,0,101_STEAM_3,69.039733508,314_SYNC_COND_1,0,123,123_STEAM_3,100,3577.837599667,3715.959318082,138.121718415
0,poi_bus_108,108,Alger,lagging_095,0.95,4,2020-01-01T04:00:00+00:00,20,branch_CA-1_sustained,branch,CA-1,bounded,continuous,174.979166667,57.512870821,692.511540751,100,0,true,true,false,constraint_violation,0.90985611,108,1.084709261,210,0.04014389,0.921172672,A27,0,101_STEAM_3,115.818514109,316_STEAM_1,0,303,303_WIND_1,100,3577.837599667,3733.078968324,155.241368657
0,poi_bus_108,108,Alger,lagging_095,0.95,4,2020-01-01T04:00:00+00:00,21,generator_121_NUCLEAR_1_sustained,generator,121_NUCLEAR_1,bounded,continuous,174.979166667,57.512870821,692.511540751,-100,0,true,true,false,constraint_violation,0.911461295,108,1.085381769,210,0.038538705,0.959016851,C6,0,101_STEAM_3,349.409418136,317_WIND_1,0,317,317_WIND_1,99,3577.837599667,3702.746615679,124.909016012
0,poi_bus_108,108,Alger,lagging_095,0.95,4,2020-01-01T04:00:00+00:00,22,generator_213_CC_3_sustained,generator,213_CC_3,bounded,continuous,174.979166667,57.512870821,692.511540751,-100,0,true,true,false,constraint_violation,0.91470869,108,1.08339988,210,0.03529131,0.991140368,C27,0,101_STEAM_3,120.147467615,316_STEAM_1,0,122,122_WIND_1,100,3577.837599667,3671.297650427,93.46005076
0,poi_bus_108,108,Alger,lagging_095,0.95,4,2020-01-01T04:00:00+00:00,23,generator_313_CC_1_sustained,generator,313_CC_1,bounded,continuous,174.979166667,57.512870821,692.511540751,99.999999999,0.000000001,true,true,false,constraint_violation,0.911323853,108,1.083722616,210,0.038676147,0.937555758,CA-1,0,101_STEAM_3,331.722752213,317_WIND_1,0,317,317_WIND_1,100,3577.837599666,3714.136581263,136.298981597
0,poi_bus_108,108,Alger,lagging_095,0.95,5,2020-01-01T05:00:00+00:00,0,normal,normal,,base,continuous,180.208333333,59.231614787,747.327172653,-100,0.000000001,true,true,false,constraint_violation,0.893483806,108,1.081455682,210,0.056516194,0.950428523,C6,0,101_STEAM_3,53.696765265,314_SYNC_COND_1,0,123,123_STEAM_3,100,3852.419440333,3983.250805067,130.831364734
0,poi_bus_108,108,Alger,lagging_095,0.95,5,2020-01-01T05:00:00+00:00,1,branch_A11_immediate,branch,A11,fixed,short_term,180.208333333,59.231614787,747.327172653,-100,0.000000001,true,true,false,constraint_violation,0.841838928,108,1.083537809,210,0.108161072,0.763881118,C10,0,101_STEAM_3,53.709890783,314_SYNC_COND_1,0,123,123_STEAM_3,100,3852.419440333,3985.05958464,132.640144307
0,poi_bus_108,108,Alger,lagging_095,0.95,5,2020-01-01T05:00:00+00:00,2,branch_A11_sustained,branch,A11,bounded,continuous,180.208333333,59.231614787,747.327172653,-100,0.000000001,true,true,false,constraint_violation,0.840073393,108,1.082987869,210,0.109926607,0.93655915,CA-1,0,101_STEAM_3,338.913842067,316_STEAM_1,0,317,317_WIND_1,100,3852.419440333,3997.781310945,145.361870612
0,poi_bus_108,108,Alger,lagging_095,0.95,5,2020-01-01T05:00:00+00:00,3,branch_A12-1_immediate,branch,A12-1,fixed,short_term,180.208333333,59.231614787,747.327172653,-100,0,true,true,false,constraint_violation,0.651623149,108,1.074895313,210,0.298376851,1.333201791,A13-2,35.786835503,123_STEAM_3,53.339049977,314_SYNC_COND_1,0,123,123_STEAM_3,100,3852.419440333,4028.206275836,175.786835503
0,poi_bus_108,108,Alger,lagging_095,0.95,5,2020-01-01T05:00:00+00:00,4,branch_A12-1_sustained,branch,A12-1,bounded,continuous,180.208333333,59.231614787,747.327172653,-99.999999999,0,true,true,false,constraint_violation,0.68804529,108,1.074300415,210,0.26195471,1.491088762,A13-2,0,101_STEAM_3,33.705166681,314_SYNC_COND_1,0,122,122_WIND_1,100,3852.419440334,4001.130391185,148.710950851
0,poi_bus_108,108,Alger,lagging_095,0.95,5,2020-01-01T05:00:00+00:00,5,branch_A34_immediate,branch,A34,fixed,short_term,180.208333333,59.231614787,747.327172653,-100,0,true,true,false,constraint_violation,0.893542107,108,1.08156435,210,0.056457893,1.022109742,A30,23.415327153,123_STEAM_3,88.301376776,116_STEAM_1,0,123,123_STEAM_3,100,3852.419440333,4015.834767486,163.415327153
0,poi_bus_108,108,Alger,lagging_095,0.95,5,2020-01-01T05:00:00+00:00,6,branch_A34_sustained,branch,A34,bounded,continuous,180.208333333,59.231614787,747.327172653,100,0.000000001,true,true,false,constraint_violation,0.892086737,108,1.080245038,210,0.057913263,1.008020549,A30,0,101_STEAM_3,351.143635494,317_WIND_1,0,317,317_WIND_1,100,3852.419440333,3988.928360596,136.508920263
0,poi_bus_108,108,Alger,lagging_095,0.95,5,2020-01-01T05:00:00+00:00,7,branch_B12-1_immediate,branch,B12-1,fixed,short_term,180.208333333,59.231614787,747.327172653,-100,0,true,true,false,constraint_violation,0.893564574,108,1.073789248,310,0.056435426,0.763896854,C10,0,101_STEAM_3,53.672697909,314_SYNC_COND_1,0,123,123_STEAM_3,100,3852.419440333,3987.710648974,135.291208641
0,poi_bus_108,108,Alger,lagging_095,0.95,5,2020-01-01T05:00:00+00:00,8,branch_B12-1_sustained,branch,B12-1,bounded,continuous,180.208333333,59.231614787,747.327172653,-61.68767692,0.000000001,true,true,false,constraint_violation,0.888887348,108,1.069738384,210,0.061112652,0.906197604,CA-1,0,101_STEAM_3,149.118688931,316_STEAM_1,0,303,303_WIND_1,100,3852.419440333,4007.753881241,155.334440908
0,poi_bus_108,108,Alger,lagging_095,0.95,5,2020-01-01T05:00:00+00:00,9,branch_B22_immediate,branch,B22,fixed,short_term,180.208333333,59.231614787,747.327172653,-99.999999999,0,true,true,false,constraint_violation,0.889593098,108,1.074072005,310,0.060406902,0.763719179,C10,0,101_STEAM_3,53.956472934,314_SYNC_COND_1,0,123,123_STEAM_3,100,3852.419440333,3992.407180046,139.987739713
0,poi_bus_108,108,Alger,lagging_095,0.95,5,2020-01-01T05:00:00+00:00,10,branch_B22_sustained,branch,B22,bounded,continuous,180.208333333,59.231614787,747.327172653,-100,0.000000002,true,true,false,constraint_violation,0.887748482,108,1.075280976,210,0.062251518,0.907412156,CA-1,0,101_STEAM_3,153.738771921,316_STEAM_1,0,303,303_WIND_1,100,3852.419440333,4004.661906967,152.242466634
0,poi_bus_108,108,Alger,lagging_095,0.95,5,2020-01-01T05:00:00+00:00,11,branch_B6_immediate,branch,B6,fixed,short_term,180.208333333,59.231614787,747.327172653,-100.000000001,0.000000001,true,true,false,constraint_violation,0.884583065,108,1.085875577,210,0.065416935,0.763880219,C10,0,101_STEAM_3,53.711900088,314_SYNC_COND_1,0,123,123_STEAM_3,100,3852.419440333,3983.696896287,131.277455954
0,poi_bus_108,108,Alger,lagging_095,0.95,5,2020-01-01T05:00:00+00:00,12,branch_B6_sustained,branch,B6,bounded,continuous,180.208333333,59.231614787,747.327172653,-100,0.000000001,true,true,false,constraint_violation,0.883957882,108,1.086163238,210,0.066042118,0.866911108,B10,0,101_STEAM_3,122.928477336,316_STEAM_1,0,303,303_WIND_1,100,3852.419440333,3971.169178394,118.749738061
0,poi_bus_108,108,Alger,lagging_095,0.95,5,2020-01-01T05:00:00+00:00,13,branch_C12-1_immediate,branch,C12-1,fixed,short_term,180.208333333,59.231614787,747.327172653,-100,0,true,true,false,constraint_violation,0.893439881,108,1.08147892,210,0.056560119,0.759798499,B10,0,101_STEAM_3,31.636197196,316_STEAM_1,0,123,123_STEAM_3,100,3852.419440333,3989.782868208,137.363427875
0,poi_bus_108,108,Alger,lagging_095,0.95,5,2020-01-01T05:00:00+00:00,14,branch_C12-1_sustained,branch,C12-1,bounded,continuous,180.208333333,59.231614787,747.327172653,-11.18047467,0.000000001,true,true,false,constraint_violation,0.861964989,307,1.080882486,210,0.088035011,0.93577863,CA-1,0,101_STEAM_3,350.912672032,316_STEAM_1,0,317,317_WIND_1,100,3852.419440333,4007.700418219,155.280977886
0,poi_bus_108,108,Alger,lagging_095,0.95,5,2020-01-01T05:00:00+00:00,15,branch_C27_immediate,branch,C27,fixed,short_term,180.208333333,59.231614787,747.327172653,-100,0.000000002,true,true,false,constraint_violation,0.894621309,108,1.081186468,210,0.055378691,0.998558372,C29,2.178358417,123_STEAM_3,78.722284341,316_STEAM_1,0,123,123_STEAM_3,100,3852.419440333,3994.59779875,142.178358417
0,poi_bus_108,108,Alger,lagging_095,0.95,5,2020-01-01T05:00:00+00:00,16,branch_C27_sustained,branch,C27,bounded,continuous,180.208333333,59.231614787,747.327172653,-100,0.000000001,true,true,false,constraint_violation,0.893433695,108,1.080945401,210,0.056566305,0.963729381,CA-1,0,101_STEAM_3,171.98791894,316_STEAM_1,0,317,317_WIND_1,100,3852.419440334,3996.319104785,143.899664451
0,poi_bus_108,108,Alger,lagging_095,0.95,5,2020-01-01T05:00:00+00:00,17,branch_C6_immediate,branch,C6,fixed,short_term,180.208333333,59.231614787,747.327172653,-100,0.000000001,true,true,false,constraint_violation,0.893693239,108,1.081424306,210,0.056306761,0.886822685,C2,0.026017314,123_STEAM_3,61.775333218,316_STEAM_1,0,123,123_STEAM_3,100,3852.419440333,3992.445457647,140.026017314
0,poi_bus_108,108,Alger,lagging_095,0.95,5,2020-01-01T05:00:00+00:00,18,branch_C6_sustained,branch,C6,bounded,continuous,180.208333333,59.231614787,747.327172653,100,0.000000001,true,true,false,constraint_violation,0.890499825,108,1.080206672,210,0.059500175,1.020444895,C2,0,101_STEAM_3,42.35815476,116_STEAM_1,0,123,123_STEAM_3,100,3852.419440333,4016.400505268,163.981064935
0,poi_bus_108,108,Alger,lagging_095,0.95,5,2020-01-01T05:00:00+00:00,19,branch_CA-1_immediate,branch,CA-1,fixed,short_term,180.208333333,59.231614787,747.327172653,-100,0.000000001,true,true,false,constraint_violation,0.884124434,108,1.082725989,210,0.065875566,0.824037319,C6,12.31681944,123_STEAM_3,45.372755511,316_STEAM_1,0,123,123_STEAM_3,100,3852.419440333,4004.736259773,152.31681944
0,poi_bus_108,108,Alger,lagging_095,0.95,5,2020-01-01T05:00:00+00:00,20,branch_CA-1_sustained,branch,CA-1,bounded,continuous,180.208333333,59.231614787,747.327172653,-100,0.000000001,true,true,false,constraint_violation,0.88479767,108,1.081083829,210,0.06520233,1.016577687,C6,0,101_STEAM_3,322.264527501,317_WIND_1,0,317,317_WIND_1,100,3852.419440333,4021.497538097,169.078097764
0,poi_bus_108,108,Alger,lagging_095,0.95,5,2020-01-01T05:00:00+00:00,21,generator_121_NUCLEAR_1_sustained,generator,121_NUCLEAR_1,bounded,continuous,180.208333333,59.231614787,747.327172653,-100,0.000000001,true,true,false,constraint_violation,0.896085075,108,1.080503684,210,0.053914925,0.929855736,C6,0,101_STEAM_3,361.455187425,317_WIND_1,0,317,317_WIND_1,99,3852.419440333,3972.103095454,119.683655121
0,poi_bus_108,108,Alger,lagging_095,0.95,5,2020-01-01T05:00:00+00:00,22,generator_213_CC_3_sustained,generator,213_CC_3,bounded,continuous,180.208333333,59.231614787,747.327172653,-100,0,true,true,false,constraint_violation,0.893443558,108,1.08094273,210,0.056556442,1.001414107,C6,0,101_STEAM_3,335.123941868,317_WIND_1,0,317,317_WIND_1,100,3852.419440333,3988.265902116,135.846461783
0,poi_bus_108,108,Alger,lagging_095,0.95,5,2020-01-01T05:00:00+00:00,23,generator_313_CC_1_sustained,generator,313_CC_1,bounded,continuous,180.208333333,59.231614787,747.327172653,-100,0.000000002,true,true,false,constraint_violation,0.887959385,108,1.08120858,210,0.062040615,0.876313432,A13-2,0,101_STEAM_3,122.508036204,316_STEAM_1,0,303,303_WIND_1,100,3852.419440333,4000.339426217,147.919985884
0,poi_bus_108,108,Alger,lagging_095,0.95,6,2020-01-01T06:00:00+00:00,0,normal,normal,,base,continuous,184.125,60.518960866,803.555549832,-23.633233331,0,true,true,false,constraint_violation,0.882822015,108,1.087417647,310,0.067177985,0.905010521,C6,0,101_STEAM_3,4.219819662,215_HYDRO_1,0,223,223_STEAM_3,102,4132.630719,4267.731596281,135.100877281
0,poi_bus_108,108,Alger,lagging_095,0.95,6,2020-01-01T06:00:00+00:00,1,branch_A11_immediate,branch,A11,fixed,short_term,184.125,60.518960866,803.555549832,-23.633233331,0.000000001,true,true,false,constraint_violation,0.823951025,108,1.08751927,310,0.126048975,0.79147245,C10,0,101_STEAM_3,0.301030622,215_HYDRO_1,0,223,223_STEAM_3,102,4132.630719,4270.887953661,138.257234661
0,poi_bus_108,108,Alger,lagging_095,0.95,6,2020-01-01T06:00:00+00:00,2,branch_A11_sustained,branch,A11,bounded,continuous,184.125,60.518960866,803.555549832,100,0.000000001,true,true,false,constraint_violation,0.819563005,108,1.08220986,310,0.130436995,0.958695535,A13-2,0,101_STEAM_3,363.572074749,317_WIND_1,0,317,317_WIND_1,102,4132.630719,4275.262019712,142.631300712
0,poi_bus_108,108,Alger,lagging_095,0.95,6,2020-01-01T06:00:00+00:00,3,branch_A12-1_immediate,branch,A12-1,fixed,short_term,184.125,60.518960866,803.555549832,-23.633233331,0,true,false,false,not_converged,,,,,,,,,,,,,223,223_STEAM_3,102,,,
0,poi_bus_108,108,Alger,lagging_095,0.95,6,2020-01-01T06:00:00+00:00,4,branch_A12-1_sustained,branch,A12-1,bounded,continuous,184.125,60.518960866,803.555549832,100,0.000000001,true,false,false,not_converged,,,,,,,,,,,,,122,122_WIND_1,102,,,
0,poi_bus_108,108,Alger,lagging_095,0.95,6,2020-01-01T06:00:00+00:00,5,branch_A34_immediate,branch,A34,fixed,short_term,184.125,60.518960866,803.555549832,-23.633233331,0,true,true,false,constraint_violation,0.883456661,108,1.088010426,310,0.066543339,1.022111363,A30,27.705007786,223_STEAM_3,86.675245208,116_STEAM_1,0,223,223_STEAM_3,102,4132.630719,4300.335726786,167.705007786
0,poi_bus_108,108,Alger,lagging_095,0.95,6,2020-01-01T06:00:00+00:00,6,branch_A34_sustained,branch,A34,bounded,continuous,184.125,60.518960866,803.555549832,100,0,true,true,false,constraint_violation,0.883646276,108,1.081694503,310,0.066353724,1.434663464,A30,53.956701237,122_WIND_1,133.572247705,116_STEAM_1,0,122,122_WIND_1,102,4132.630719,4326.487420237,193.856701237
0,poi_bus_108,108,Alger,lagging_095,0.95,6,2020-01-01T06:00:00+00:00,7,branch_B12-1_immediate,branch,B12-1,fixed,short_term,184.125,60.518960866,803.555549832,-23.633233331,0.000000001,true,true,false,constraint_violation,0.883094091,108,1.087413013,310,0.066905909,0.791466641,C10,0.300725342,223_STEAM_3,3.962237073,215_HYDRO_1,0,223,223_STEAM_3,102,4132.630719,4272.931444342,140.300725342
0,poi_bus_108,108,Alger,lagging_095,0.95,6,2020-01-01T06:00:00+00:00,8,branch_B12-1_sustained,branch,B12-1,bounded,continuous,184.125,60.518960866,803.555549832,99.999999999,0,true,true,false,constraint_violation,0.884464325,108,1.060005058,210,0.065535675,0.872962693,C10,0,101_STEAM_3,74.941181689,303_WIND_1,0,303,303_WIND_1,102,4132.630719,4274.373271785,141.742552785
0,poi_bus_108,108,Alger,lagging_095,0.95,6,2020-01-01T06:00:00+00:00,9,branch_B22_immediate,branch,B22,fixed,short_term,184.125,60.518960866,803.555549832,-23.633233331,0,true,true,false,constraint_violation,0.879659189,108,1.087893797,310,0.070340811,0.791452192,C10,4.172078411,223_STEAM_3,7.014022864,215_HYDRO_1,0,223,223_STEAM_3,102,4132.630719,4276.802797411,144.172078411
0,poi_bus_108,108,Alger,lagging_095,0.95,6,2020-01-01T06:00:00+00:00,10,branch_B22_sustained,branch,B22,bounded,continuous,184.125,60.518960866,803.555549832,-100,0.000000001,true,true,false,constraint_violation,0.881206955,108,1.068942099,210,0.068793045,0.870011836,A13-2,0,101_STEAM_3,75.089861958,316_STEAM_1,0,303,303_WIND_1,102,4132.630719,4286.15832055,153.52760155
0,poi_bus_108,108,Alger,lagging_095,0.95,6,2020-01-01T06:00:00+00:00,11,branch_B6_immediate,branch,B6,fixed,short_term,184.125,60.518960866,803.555549832,-23.633233331,0.000000001,true,true,false,constraint_violation,0.873164114,108,1.087466108,310,0.076835886,0.791470106,C10,0,101_STEAM_3,10.427634213,215_HYDRO_1,0,223,223_STEAM_3,102,4132.630719,4268.393796539,135.763077539
0,poi_bus_108,108,Alger,lagging_095,0.95,6,2020-01-01T06:00:00+00:00,12,branch_B6_sustained,branch,B6,bounded,continuous,184.125,60.518960866,803.555549832,-100,0.000000001,true,true,false,constraint_violation,0.873988216,108,1.080732066,210,0.076011784,0.928690568,C6,0,101_STEAM_3,356.073670416,317_WIND_1,0,317,317_WIND_1,102,4132.630719,4280.640864437,148.010145437
0,poi_bus_108,108,Alger,lagging_095,0.95,6,2020-01-01T06:00:00+00:00,13,branch_C12-1_immediate,branch,C12-1,fixed,short_term,184.125,60.518960866,803.555549832,-23.633233331,0,true,true,false,constraint_violation,0.873004394,307,1.076453655,210,0.076995606,0.770654184,C13-2,4.019506225,223_STEAM_3,4.172567477,215_HYDRO_1,0,223,223_STEAM_3,102,4132.630719,4276.650225225,144.019506225
0,poi_bus_108,108,Alger,lagging_095,0.95,6,2020-01-01T06:00:00+00:00,14,branch_C12-1_sustained,branch,C12-1,bounded,continuous,184.125,60.518960866,803.555549832,-100,0.000000001,true,true,false,constraint_violation,0.864111885,307,1.076326242,210,0.085888115,0.972593085,C13-2,0,101_STEAM_3,6.009286459,215_HYDRO_1,0,223,223_STEAM_3,102,4132.630719,4280.859602014,148.228883014
0,poi_bus_108,108,Alger,lagging_095,0.95,6,2020-01-01T06:00:00+00:00,15,branch_C27_immediate,branch,C27,fixed,short_term,184.125,60.518960866,803.555549832,-23.63323333,0.000000001,true,true,false,constraint_violation,0.883920111,108,1.082415845,310,0.066079889,0.933670296,C29,6.697704932,223_STEAM_3,3.67645904,215_HYDRO_1,0,223,223_STEAM_3,102,4132.630719,4279.328423932,146.697704932
0,poi_bus_108,108,Alger,lagging_095,0.95,6,2020-01-01T06:00:00+00:00,16,branch_C27_sustained,branch,C27,bounded,continuous,184.125,60.518960866,803.555549832,-100.000000001,0,true,true,false,constraint_violation,0.886478628,108,1.080812519,310,0.063521372,0.999441137,C29,0,101_STEAM_3,1.978834889,215_HYDRO_1,0,122,122_WIND_1,102,4132.630719,4256.184633267,123.553914267
0,poi_bus_108,108,Alger,lagging_095,0.95,6,2020-01-01T06:00:00+00:00,17,branch_C6_immediate,branch,C6,fixed,short_term,184.125,60.518960866,803.555549832,-23.633233331,0.000000001,true,true,false,constraint_violation,0.883117155,108,1.076391075,210,0.066882845,0.863150182,C2,3.550293445,223_STEAM_3,4.066986365,215_HYDRO_1,0,223,223_STEAM_3,102,4132.630719,4276.181012445,143.550293445
0,poi_bus_108,108,Alger,lagging_095,0.95,6,2020-01-01T06:00:00+00:00,18,branch_C6_sustained,branch,C6,bounded,continuous,184.125,60.518960866,803.555549832,-100,0.000000001,true,true,false,constraint_violation,0.883858985,108,1.076041599,210,0.066141015,0.904307982,CA-1,0,101_STEAM_3,79.41941062,316_STEAM_1,0,303,303_WIND_1,102,4132.630719,4283.603107803,150.972388803
0,poi_bus_108,108,Alger,lagging_095,0.95,6,2020-01-01T06:00:00+00:00,19,branch_CA-1_immediate,branch,CA-1,fixed,short_term,184.125,60.518960866,803.555549832,-23.633233331,0.000000001,true,true,false,constraint_violation,0.872975626,108,1.083671041,310,0.077024374,0.804931896,C6,26.288253444,223_STEAM_3,45.354745203,116_STEAM_1,0,223,223_STEAM_3,102,4132.630719,4298.918972444,166.288253444
0,poi_bus_108,108,Alger,lagging_095,0.95,6,2020-01-01T06:00:00+00:00,20,branch_CA-1_sustained,branch,CA-1,bounded,continuous,184.125,60.518960866,803.555549832,72.467635999,0.000000002,true,true,false,constraint_violation,0.86725208,108,1.080962848,310,0.08274792,1.007713595,C6,0,101_STEAM_3,305.341216345,317_WIND_1,0,317,317_WIND_1,102,4132.630719,4323.978579762,191.347860762
0,poi_bus_108,108,Alger,lagging_095,0.95,6,2020-01-01T06:00:00+00:00,21,generator_121_NUCLEAR_1_sustained,generator,121_NUCLEAR_1,bounded,continuous,184.125,60.518960866,803.555549832,-100.000000001,0,true,true,false,constraint_violation,0.886950211,108,1.07519129,210,0.063049789,0.928174569,C6,123.944735488,223_STEAM_2,66.993880731,316_STEAM_1,123.944735488,223,223_STEAM_1,101,4132.630719,4256.575454488,123.944735488
0,poi_bus_108,108,Alger,lagging_095,0.95,6,2020-01-01T06:00:00+00:00,22,generator_213_CC_3_sustained,generator,213_CC_3,bounded,continuous,184.125,60.518960866,803.555549832,-100.000000001,0,true,true,false,constraint_violation,0.886580588,108,1.088250401,310,0.063419412,0.924299669,C6,0,101_STEAM_3,1.904045283,215_HYDRO_1,0,122,122_WIND_1,102,4132.630719,4238.152476566,105.521757566
0,poi_bus_108,108,Alger,lagging_095,0.95,6,2020-01-01T06:00:00+00:00,23,generator_313_CC_1_sustained,generator,313_CC_1,bounded,continuous,184.125,60.518960866,803.555549832,-100,0.000000001,true,true,false,constraint_violation,0.883418666,108,1.076100765,210,0.066581334,0.928412543,C6,0,101_STEAM_3,356.078168511,317_WIND_1,0,317,317_WIND_1,102,4132.630719,4280.176124488,147.545405488
0,poi_bus_108,108,Alger,lagging_095,0.95,7,2020-01-01T07:00:00+00:00,0,normal,normal,,base,continuous,188.895833333,62.087057951,811.340510695,100,0.000000001,true,true,false,constraint_violation,0.871535859,108,1.077569103,210,0.078464141,0.930233692,C10,122.242137158,113_PV_1,121.055279838,113_PV_1,0,113,113_PV_1,100,4175.655239333,4297.897376491,122.242137158
0,poi_bus_108,108,Alger,lagging_095,0.95,7,2020-01-01T07:00:00+00:00,1,branch_A11_immediate,branch,A11,fixed,short_term,188.895833333,62.087057951,811.340510695,100.000000001,0,true,true,false,constraint_violation,0.808712123,108,1.080117268,210,0.141287877,0.813908595,C10,125.040413709,113_PV_1,99.065330857,113_PV_1,0,113,113_PV_1,100,4175.655239333,4300.695653042,125.040413709
0,poi_bus_108,108,Alger,lagging_095,0.95,7,2020-01-01T07:00:00+00:00,2,branch_A11_sustained,branch,A11,bounded,continuous,188.895833333,62.087057951,811.340510695,-99.999999999,0,true,true,false,constraint_violation,0.809420922,108,1.08032609,210,0.140579078,0.976617527,A13-2,143.579887972,113_PV_1,143.721675008,316_STEAM_1,0,113,113_PV_1,100,4175.655239333,4319.235127305,143.579887972
0,poi_bus_108,108,Alger,lagging_095,0.95,7,2020-01-01T07:00:00+00:00,3,branch_A12-1_immediate,branch,A12-1,fixed,short_term,188.895833333,62.087057951,811.340510695,100,0.000000001,true,false,false,not_converged,,,,,,,,,,,,,113,113_PV_1,100,,,
0,poi_bus_108,108,Alger,lagging_095,0.95,7,2020-01-01T07:00:00+00:00,4,branch_A12-1_sustained,branch,A12-1,bounded,continuous,188.895833333,62.087057951,811.340510695,39.37273647,0.000000001,true,false,false,not_converged,,,,,,,,,,,,,113,113_PV_1,100,,,
0,poi_bus_108,108,Alger,lagging_095,0.95,7,2020-01-01T07:00:00+00:00,5,branch_A34_immediate,branch,A34,fixed,short_term,188.895833333,62.087057951,811.340510695,100,0.000000001,true,true,false,constraint_violation,0.871739779,108,1.07767228,210,0.078260221,0.875069851,A30,143.921335669,113_PV_1,124.056512981,113_PV_1,0,113,113_PV_1,100,4175.655239333,4319.576575002,143.921335669
0,poi_bus_108,108,Alger,lagging_095,0.95,7,2020-01-01T07:00:00+00:00,6,branch_A34_sustained,branch,A34,bounded,continuous,188.895833333,62.087057951,811.340510695,-100,0.000000002,true,true,false,constraint_violation,0.865462146,108,1.077863903,210,0.084537854,1.105792793,CA-1,189.264115997,113_PV_1,284.144207205,316_STEAM_1,0,113,113_PV_1,100,4175.655239333,4364.91935533,189.264115997
0,poi_bus_108,108,Alger,lagging_095,0.95,7,2020-01-01T07:00:00+00:00,7,branch_B12-1_immediate,branch,B12-1,fixed,short_term,188.895833333,62.087057951,811.340510695,100.000000001,0.000000001,true,true,false,constraint_violation,0.871669221,108,1.069848991,310,0.078330779,0.813988046,C10,127.3788387,113_PV_1,121.833711198,113_PV_1,0,113,113_PV_1,100,4175.655239333,4303.034078033,127.3788387
0,poi_bus_108,108,Alger,lagging_095,0.95,7,2020-01-01T07:00:00+00:00,8,branch_B12-1_sustained,branch,B12-1,bounded,continuous,188.895833333,62.087057951,811.340510695,-100,0.000000001,true,true,false,constraint_violation,0.85473679,108,1.065594607,210,0.09526321,1.009397881,A13-2,151.932480383,113_PV_1,120.311865435,113_PV_1,0,113,113_PV_1,100,4175.655239333,4327.587719716,151.932480383
0,poi_bus_108,108,Alger,lagging_095,0.95,7,2020-01-01T07:00:00+00:00,9,branch_B22_immediate,branch,B22,fixed,short_term,188.895833333,62.087057951,811.340510695,100.000000001,0.000000001,true,true,false,constraint_violation,0.867397694,108,1.06994643,310,0.082602306,0.813481193,C10,131.893248464,113_PV_1,119.419615884,113_PV_1,0,113,113_PV_1,100,4175.655239333,4307.548487797,131.893248464
0,poi_bus_108,108,Alger,lagging_095,0.95,7,2020-01-01T07:00:00+00:00,10,branch_B22_sustained,branch,B22,bounded,continuous,188.895833333,62.087057951,811.340510695,-99.999999999,0,true,true,false,constraint_violation,0.856609785,108,1.072450792,210,0.093390215,1.105438227,CA-1,174.592108129,113_PV_1,239.543452842,316_STEAM_1,0,113,113_PV_1,100,4175.655239334,4350.247347463,174.592108129
0,poi_bus_108,108,Alger,lagging_095,0.95,7,2020-01-01T07:00:00+00:00,11,branch_B6_immediate,branch,B6,fixed,short_term,188.895833333,62.087057951,811.340510695,100,0.000000002,true,true,false,constraint_violation,0.86204718,108,1.082324737,210,0.08795282,0.813934051,C10,122.733548977,113_PV_1,117.582019368,113_PV_1,0,113,113_PV_1,100,4175.655239333,4298.38878831,122.733548977
0,poi_bus_108,108,Alger,lagging_095,0.95,7,2020-01-01T07:00:00+00:00,12,branch_B6_sustained,branch,B6,bounded,continuous,188.895833333,62.087057951,811.340510695,-100,0.000000001,true,true,false,constraint_violation,0.856353201,108,1.082298053,210,0.093646799,1.097358497,CA-1,161.276112379,113_PV_1,227.242537169,316_STEAM_1,0,113,113_PV_1,100,4175.655239333,4336.931351712,161.276112379
0,poi_bus_108,108,Alger,lagging_095,0.95,7,2020-01-01T07:00:00+00:00,13,branch_C12-1_immediate,branch,C12-1,fixed,short_term,188.895833333,62.087057951,811.340510695,100,0,true,true,false,constraint_violation,0.845858076,307,1.077604068,210,0.104141924,0.763869392,C13-2,130.424382108,113_PV_1,122.202009692,113_PV_1,0,113,113_PV_1,100,4175.655239333,4306.079621441,130.424382108
0,poi_bus_108,108,Alger,lagging_095,0.95,7,2020-01-01T07:00:00+00:00,14,branch_C12-1_sustained,branch,C12-1,bounded,continuous,188.895833333,62.087057951,811.340510695,-100,0.000000001,true,true,false,constraint_violation,0.780623851,307,1.079819274,210,0.169376149,0.998645741,A13-2,162.880342879,113_PV_1,155.26565983,316_STEAM_1,0,113,113_PV_1,100,4175.655239333,4338.535582212,162.880342879
0,poi_bus_108,108,Alger,lagging_095,0.95,7,2020-01-01T07:00:00+00:00,15,branch_C27_immediate,branch,C27,fixed,short_term,188.895833333,62.087057951,811.340510695,100,0.000000002,true,true,false,constraint_violation,0.872286499,108,1.077373823,210,0.077713501,0.90782961,C29,126.759736441,113_PV_1,122.741677778,113_PV_1,0,113,113_PV_1,100,4175.655239333,4302.414975774,126.759736441
0,poi_bus_108,108,Alger,lagging_095,0.95,7,2020-01-01T07:00:00+00:00,16,branch_C27_sustained,branch,C27,bounded,continuous,188.895833333,62.087057951,811.340510695,-12.097191369,0,true,true,false,constraint_violation,0.868725037,108,1.077834744,210,0.081274963,1.107926088,CA-1,109.97988293,113_PV_1,233.071667905,316_STEAM_1,0,113,113_PV_1,100,4175.655239333,4335.335122263,159.67988293
0,poi_bus_108,108,Alger,lagging_095,0.95,7,2020-01-01T07:00:00+00:00,17,branch_C6_immediate,branch,C6,fixed,short_term,188.895833333,62.087057951,811.340510695,100,0.000000001,true,true,false,constraint_violation,0.871667375,108,1.077542775,210,0.078332625,0.780886119,C10,124.516504517,113_PV_1,121.564347776,113_PV_1,0,113,113_PV_1,100,4175.655239333,4300.17174385,124.516504517
0,poi_bus_108,108,Alger,lagging_095,0.95,7,2020-01-01T07:00:00+00:00,18,branch_C6_sustained,branch,C6,bounded,continuous,188.895833333,62.087057951,811.340510695,-100,0.000000001,true,true,false,constraint_violation,0.868111769,108,1.077885843,210,0.081888231,1.106340746,CA-1,161.051793688,113_PV_1,249.819887259,316_STEAM_1,0,113,113_PV_1,100,4175.655239334,4336.707033022,161.051793688
0,poi_bus_108,108,Alger,lagging_095,0.95,7,2020-01-01T07:00:00+00:00,19,branch_CA-1_immediate,branch,CA-1,fixed,short_term,188.895833333,62.087057951,811.340510695,100,0.000000001,true,true,false,constraint_violation,0.868500865,108,1.078243353,210,0.081499135,0.805418803,C10,126.039360836,113_PV_1,116.98507647,113_PV_1,0,113,113_PV_1,100,4175.655239333,4301.694600169,126.039360836
0,poi_bus_108,108,Alger,lagging_095,0.95,7,2020-01-01T07:00:00+00:00,20,branch_CA-1_sustained,branch,CA-1,bounded,continuous,188.895833333,62.087057951,811.340510695,-69.88627,0,true,true,false,constraint_violation,0.857811534,108,1.077551257,210,0.092188466,1.147934184,CB-1,154.594857962,113_PV_1,165.056489395,316_STEAM_1,0,113,113_PV_1,100,4175.655239333,4330.250097295,154.594857962
0,poi_bus_108,108,Alger,lagging_095,0.95,7,2020-01-01T07:00:00+00:00,21,generator_121_NUCLEAR_1_sustained,generator,121_NUCLEAR_1,bounded,continuous,188.895833333,62.087057951,811.340510695,-99.999999999,0,true,true,false,constraint_violation,0.882268996,108,1.077107074,210,0.067731004,0.891276424,C10,99.726880718,113_PV_1,136.343412078,113_PV_1,0,113,113_PV_1,99,4175.655239333,4275.382120051,99.726880718
0,poi_bus_108,108,Alger,lagging_095,0.95,7,2020-01-01T07:00:00+00:00,22,generator_213_CC_3_sustained,generator,213_CC_3,bounded,continuous,188.895833333,62.087057951,811.340510695,-100,0.000000001,true,true,false,constraint_violation,0.867365005,108,1.077570633,210,0.082634995,0.917418282,A13-2,131.461887902,113_PV_1,134.927656358,113_PV_1,0,113,113_PV_1,100,4175.655239333,4307.117127235,131.461887902
0,poi_bus_108,108,Alger,lagging_095,0.95,7,2020-01-01T07:00:00+00:00,23,generator_313_CC_1_sustained,generator,313_CC_1,bounded,continuous,188.895833333,62.087057951,811.340510695,-100.000000001,0.000000001,true,true,false,constraint_violation,0.868012494,108,1.077888973,210,0.081987506,1.108255333,CA-1,157.065913501,113_PV_1,259.636018667,316_STEAM_1,0,113,113_PV_1,100,4175.655239334,4332.721152835,157.065913501
0,poi_bus_108,108,Alger,lagging_095,0.95,8,2020-01-01T08:00:00+00:00,0,normal,normal,,base,continuous,189.3125,62.224009662,814.578910372,100,0.000000001,true,true,false,constraint_violation,0.878269004,108,1.079383946,210,0.071730996,0.97316292,C10,118.240715031,113_PV_1,129.177127552,113_PV_1,0,113,113_PV_1,100,4191.984732,4310.225447031,118.240715031
0,poi_bus_108,108,Alger,lagging_095,0.95,8,2020-01-01T08:00:00+00:00,1,branch_A11_immediate,branch,A11,fixed,short_term,189.3125,62.224009662,814.578910372,99.999999999,0,true,true,false,constraint_violation,0.818922878,108,1.081826928,210,0.131077122,0.851493046,C10,120.401256241,113_PV_1,108.90488966,113_PV_1,0,113,113_PV_1,100,4191.984732,4312.385988241,120.401256241
0,poi_bus_108,108,Alger,lagging_095,0.95,8,2020-01-01T08:00:00+00:00,2,branch_A11_sustained,branch,A11,bounded,continuous,189.3125,62.224009662,814.578910372,-99.999999999,0.000000001,true,true,false,constraint_violation,0.821795686,108,1.083229833,210,0.128204314,0.964481652,C10,119.525746282,113_PV_1,118.145576737,113_PV_1,0,113,113_PV_1,100,4191.984732,4311.510478282,119.525746282
0,poi_bus_108,108,Alger,lagging_095,0.95,8,2020-01-01T08:00:00+00:00,3,branch_A12-1_immediate,branch,A12-1,fixed,short_term,189.3125,62.224009662,814.578910372,100.000000001,0.000000001,true,false,false,not_converged,,,,,,,,,,,,,113,113_PV_1,100,,,
0,poi_bus_108,108,Alger,lagging_095,0.95,8,2020-01-01T08:00:00+00:00,4,branch_A12-1_sustained,branch,A12-1,bounded,continuous,189.3125,62.224009662,814.578910372,99.999999999,0,true,false,false,not_converged,,,,,,,,,,,,,113,113_PV_1,100,,,
0,poi_bus_108,108,Alger,lagging_095,0.95,8,2020-01-01T08:00:00+00:00,5,branch_A34_immediate,branch,A34,fixed,short_term,189.3125,62.224009662,814.578910372,100,0.000000001,true,true,false,constraint_violation,0.87839781,108,1.079448061,210,0.07160219,0.851208209,C10,131.756788903,113_PV_1,130.955755854,113_PV_1,0,113,113_PV_1,100,4191.984732,4323.741520903,131.756788903
0,poi_bus_108,108,Alger,lagging_095,0.95,8,2020-01-01T08:00:00+00:00,6,branch_A34_sustained,branch,A34,bounded,continuous,189.3125,62.224009662,814.578910372,-99.999999999,0.000000001,true,true,false,constraint_violation,0.870360714,108,1.078741431,210,0.079639286,1.110241465,CA-1,184.525179436,113_PV_1,290.948290419,316_STEAM_1,0,113,113_PV_1,100,4191.984732,4376.509911436,184.525179436
0,poi_bus_108,108,Alger,lagging_095,0.95,8,2020-01-01T08:00:00+00:00,7,branch_B12-1_immediate,branch,B12-1,fixed,short_term,189.3125,62.224009662,814.578910372,100,0,true,true,false,constraint_violation,0.878412104,108,1.073339731,310,0.071587896,0.851556083,C10,123.168298392,113_PV_1,129.89805117,113_PV_1,0,113,113_PV_1,100,4191.984732,4315.153030392,123.168298392
0,poi_bus_108,108,Alger,lagging_095,0.95,8,2020-01-01T08:00:00+00:00,8,branch_B12-1_sustained,branch,B12-1,bounded,continuous,189.3125,62.224009662,814.578910372,-100,0.000000001,true,true,false,constraint_violation,0.869807755,108,1.067295814,210,0.080192245,0.955777661,A13-2,140.683570365,113_PV_1,145.285816753,316_STEAM_1,0,113,113_PV_1,100,4191.984732,4332.668302365,140.683570365
0,poi_bus_108,108,Alger,lagging_095,0.95,8,2020-01-01T08:00:00+00:00,9,branch_B22_immediate,branch,B22,fixed,short_term,189.3125,62.224009662,814.578910372,100,0,true,true,false,constraint_violation,0.874296474,108,1.073347785,310,0.075703526,0.851013677,C10,126.518720582,113_PV_1,127.430356372,113_PV_1,0,113,113_PV_1,100,4191.984732,4318.503452582,126.518720582
0,poi_bus_108,108,Alger,lagging_095,0.95,8,2020-01-01T08:00:00+00:00,10,branch_B22_sustained,branch,B22,bounded,continuous,189.3125,62.224009662,814.578910372,-99.999999999,0.000000001,true,true,false,constraint_violation,0.864057543,108,1.072994113,210,0.085942457,0.958592613,A13-2,136.634631591,113_PV_1,144.82217707,113_PV_1,0,113,113_PV_1,100,4191.984732,4328.619363591,136.634631591
0,poi_bus_108,108,Alger,lagging_095,0.95,8,2020-01-01T08:00:00+00:00,11,branch_B6_immediate,branch,B6,fixed,short_term,189.3125,62.224009662,814.578910372,100,0.000000001,true,true,false,constraint_violation,0.86940004,108,1.083939477,210,0.08059996,0.851514249,C10,118.588621437,113_PV_1,126.075656619,113_PV_1,0,113,113_PV_1,100,4191.984732,4310.573353437,118.588621437
0,poi_bus_108,108,Alger,lagging_095,0.95,8,2020-01-01T08:00:00+00:00,12,branch_B6_sustained,branch,B6,bounded,continuous,189.3125,62.224009662,814.578910372,-100,0.000000001,true,true,false,constraint_violation,0.873287165,108,1.083211696,210,0.076712835,0.924224978,CA-1,130.28556808,113_PV_1,204.082935304,316_STEAM_1,0,113,113_PV_1,100,4191.984732,4322.27030008,130.28556808
0,poi_bus_108,108,Alger,lagging_095,0.95,8,2020-01-01T08:00:00+00:00,13,branch_C12-1_immediate,branch,C12-1,fixed,short_term,189.3125,62.224009662,814.578910372,100,0.000000001,true,true,false,constraint_violation,0.866935686,307,1.079405048,210,0.083064314,0.792910246,C10,124.498334291,113_PV_1,130.040402998,113_PV_1,0,113,113_PV_1,100,4191.984732,4316.483066291,124.498334291
0,poi_bus_108,108,Alger,lagging_095,0.95,8,2020-01-01T08:00:00+00:00,14,branch_C12-1_sustained,branch,C12-1,bounded,continuous,189.3125,62.224009662,814.578910372,-100,0,true,true,false,constraint_violation,0.825540986,307,1.078354445,210,0.124459014,0.892096069,C13-2,106.186527754,113_PV_1,151.149235454,113_PV_1,0,113,113_PV_1,100,4191.984732,4298.171259754,106.186527754
0,poi_bus_108,108,Alger,lagging_095,0.95,8,2020-01-01T08:00:00+00:00,15,branch_C27_immediate,branch,C27,fixed,short_term,189.3125,62.224009662,814.578910372,100,0,true,true,false,constraint_violation,0.878720188,108,1.079296603,210,0.071279812,0.879191598,C29,119.7153878,113_PV_1,130.072136721,113_PV_1,0,113,113_PV_1,100,4191.984732,4311.7001198,119.7153878
0,poi_bus_108,108,Alger,lagging_095,0.95,8,2020-01-01T08:00:00+00:00,16,branch_C27_sustained,branch,C27,bounded,continuous,189.3125,62.224009662,814.578910372,-100,0.000000001,true,true,false,constraint_violation,0.874693634,108,1.078743036,210,0.075306366,0.916922444,C10,128.21396568,113_PV_1,153.183676229,316_STEAM_1,0,113,113_PV_1,100,4191.984732,4320.19869768,128.21396568
0,poi_bus_108,108,Alger,lagging_095,0.95,8,2020-01-01T08:00:00+00:00,17,branch_C6_immediate,branch,C6,fixed,short_term,189.3125,62.224009662,814.578910372,100,0,true,true,false,constraint_violation,0.878323837,108,1.079374233,210,0.071676163,0.839456835,C10,118.598403123,113_PV_1,129.311424745,113_PV_1,0,113,113_PV_1,100,4191.984732,4310.583135123,118.598403123
0,poi_bus_108,108,Alger,lagging_095,0.95,8,2020-01-01T08:00:00+00:00,18,branch_C6_sustained,branch,C6,bounded,continuous,189.3125,62.224009662,814.578910372,-99.999999999,0.000000001,true,true,false,constraint_violation,0.881619386,108,1.078878122,210,0.068380614,0.899930469,C10,34.138305557,113_PV_1,141.774131749,113_PV_1,0,113,113_PV_1,100,4191.984732,4275.138305557,83.153573557
0,poi_bus_108,108,Alger,lagging_095,0.95,8,2020-01-01T08:00:00+00:00,19,branch_CA-1_immediate,branch,CA-1,fixed,short_term,189.3125,62.224009662,814.578910372,100,0.000000001,true,true,false,constraint_violation,0.878656559,108,1.079305058,210,0.071343441,0.848598858,C10,118.268312886,113_PV_1,129.774454187,113_PV_1,0,113,113_PV_1,100,4191.984732,4310.253044886,118.268312886
0,poi_bus_108,108,Alger,lagging_095,0.95,8,2020-01-01T08:00:00+00:00,20,branch_CA-1_sustained,branch,CA-1,bounded,continuous,189.3125,62.224009662,814.578910372,26.417767,0,true,true,false,constraint_violation,0.868864042,108,1.080655537,210,0.081135958,1.143934811,CB-1,177.901789323,113_PV_1,202.691683657,316_STEAM_1,0,113,113_PV_1,100,4191.984732,4369.886521323,177.901789323
0,poi_bus_108,108,Alger,lagging_095,0.95,8,2020-01-01T08:00:00+00:00,21,generator_121_NUCLEAR_1_sustained,generator,121_NUCLEAR_1,bounded,continuous,189.3125,62.224009662,814.578910372,100,0,true,true,false,constraint_violation,0.887926717,108,1.078028341,210,0.062073283,0.942303403,C10,83.16855401,113_PV_1,122.29222833,113_PV_1,0,113,113_PV_1,99,4191.984732,4275.15328601,83.16855401
0,poi_bus_108,108,Alger,lagging_095,0.95,8,2020-01-01T08:00:00+00:00,22,generator_213_CC_3_sustained,generator,213_CC_3,bounded,continuous,189.3125,62.224009662,814.578910372,-100,0.000000001,true,true,false,constraint_violation,0.883572101,108,1.079084702,210,0.066427899,0.91293531,C10,113.238712229,113_PV_1,141.513733213,113_PV_1,0,113,113_PV_1,100,4191.984732,4305.223444229,113.238712229
0,poi_bus_108,108,Alger,lagging_095,0.95,8,2020-01-01T08:00:00+00:00,23,generator_313_CC_1_sustained,generator,313_CC_1,bounded,continuous,189.3125,62.224009662,814.578910372,-100,0.000000001,true,true,false,constraint_violation,0.868578363,108,1.080704053,210,0.081421637,0.943415337,A13-2,134.051795816,113_PV_1,197.476303073,316_STEAM_1,0,113,113_PV_1,100,4191.984732,4326.036527816,134.051795816
0,poi_bus_108,108,Alger,lagging_095,0.95,9,2020-01-01T09:00:00+00:00,0,normal,normal,,base,continuous,189.729166667,62.360961372,820.615805572,100,0,true,true,false,constraint_violation,0.880730155,108,1.079267614,210,0.069269845,0.985999451,C10,110.919597602,113_PV_1,133.941429202,113_PV_1,0,113,113_PV_1,100,4222.065452667,4332.985050269,110.919597602
0,poi_bus_108,108,Alger,lagging_095,0.95,9,2020-01-01T09:00:00+00:00,1,branch_A11_immediate,branch,A11,fixed,short_term,189.729166667,62.360961372,820.615805572,100,0.000000001,true,true,false,constraint_violation,0.822481979,108,1.08169741,210,0.127518021,0.862737698,C10,112.790875529,113_PV_1,114.281101679,113_PV_1,0,113,113_PV_1,100,4222.065452667,4334.856328196,112.790875529
0,poi_bus_108,108,Alger,lagging_095,0.95,9,2020-01-01T09:00:00+00:00,2,branch_A11_sustained,branch,A11,bounded,continuous,189.729166667,62.360961372,820.615805572,-99.999999999,0.000000001,true,true,false,constraint_violation,0.831272063,108,1.080776903,210,0.118727937,0.931146693,A13-2,103.65694172,113_PV_1,153.568101821,316_STEAM_1,0,113,113_PV_1,100,4222.065452667,4325.722394387,103.65694172
0,poi_bus_108,108,Alger,lagging_095,0.95,9,2020-01-01T09:00:00+00:00,3,branch_A12-1_immediate,branch,A12-1,fixed,short_term,189.729166667,62.360961372,820.615805572,100,0,true,false,false,not_converged,,,,,,,,,,,,,113,113_PV_1,100,,,
0,poi_bus_108,108,Alger,lagging_095,0.95,9,2020-01-01T09:00:00+00:00,4,branch_A12-1_sustained,branch,A12-1,bounded,continuous,189.729166667,62.360961372,820.615805572,99.999999999,0,true,true,false,constraint_violation,0.662996505,108,1.071738733,210,0.287003495,1.527544148,A13-2,114.974373625,113_PV_1,105.344784786,113_PV_1,0,113,113_PV_1,100,4222.065452667,4337.039826292,114.974373625
0,poi_bus_108,108,Alger,lagging_095,0.95,9,2020-01-01T09:00:00+00:00,5,branch_A34_immediate,branch,A34,fixed,short_term,189.729166667,62.360961372,820.615805572,100,0,true,true,false,constraint_violation,0.880777652,108,1.079303619,210,0.069222348,0.862583568,C10,115.995414867,113_PV_1,134.544678367,113_PV_1,0,113,113_PV_1,100,4222.065452667,4338.060867534,115.995414867
0,poi_bus_108,108,Alger,lagging_095,0.95,9,2020-01-01T09:00:00+00:00,6,branch_A34_sustained,branch,A34,bounded,continuous,189.729166667,62.360961372,820.615805572,-100.000000001,0,true,true,false,constraint_violation,0.878805239,108,1.078553507,210,0.071194761,0.907163725,C10,124.521097013,113_PV_1,192.840958706,316_STEAM_1,0,113,113_PV_1,100,4222.065452667,4346.58654968,124.521097013
0,poi_bus_108,108,Alger,lagging_095,0.95,9,2020-01-01T09:00:00+00:00,7,branch_B12-1_immediate,branch,B12-1,fixed,short_term,189.729166667,62.360961372,820.615805572,100,0.000000001,true,true,false,constraint_violation,0.880876995,108,1.064995375,210,0.069123005,0.862786472,C10,115.919519231,113_PV_1,134.66077633,113_PV_1,0,113,113_PV_1,100,4222.065452667,4337.984971898,115.919519231
0,poi_bus_108,108,Alger,lagging_095,0.95,9,2020-01-01T09:00:00+00:00,8,branch_B12-1_sustained,branch,B12-1,bounded,continuous,189.729166667,62.360961372,820.615805572,-100,0.000000001,true,true,false,constraint_violation,0.890604221,108,1.064810509,210,0.059395779,0.888792241,C10,124.289686477,113_PV_1,228.487464576,316_STEAM_1,0,113,113_PV_1,100,4222.065452667,4346.355139144,124.289686477
0,poi_bus_108,108,Alger,lagging_095,0.95,9,2020-01-01T09:00:00+00:00,9,branch_B22_immediate,branch,B22,fixed,short_term,189.729166667,62.360961372,820.615805572,100,0,true,true,false,constraint_violation,0.876735268,108,1.071251292,210,0.073264732,0.862271636,C10,119.163132389,113_PV_1,132.25826707,113_PV_1,0,113,113_PV_1,100,4222.065452667,4341.228585056,119.163132389
0,poi_bus_108,108,Alger,lagging_095,0.95,9,2020-01-01T09:00:00+00:00,10,branch_B22_sustained,branch,B22,bounded,continuous,189.729166667,62.360961372,820.615805572,-100,0,true,true,false,constraint_violation,0.877736108,108,1.073265708,210,0.072263892,0.921958416,C10,115.683619331,113_PV_1,154.138389401,316_STEAM_1,0,113,113_PV_1,100,4222.065452667,4337.749071998,115.683619331
0,poi_bus_108,108,Alger,lagging_095,0.95,9,2020-01-01T09:00:00+00:00,11,branch_B6_immediate,branch,B6,fixed,short_term,189.729166667,62.360961372,820.615805572,100,0.000000001,true,true,false,constraint_violation,0.872174354,108,1.083717642,210,0.077825646,0.8627507,C10,111.211068506,113_PV_1,130.994790953,113_PV_1,0,113,113_PV_1,100,4222.065452667,4333.276521173,111.211068506
0,poi_bus_108,108,Alger,lagging_095,0.95,9,2020-01-01T09:00:00+00:00,12,branch_B6_sustained,branch,B6,bounded,continuous,189.729166667,62.360961372,820.615805572,-100,0.000000001,true,true,false,constraint_violation,0.860942552,108,1.085385144,210,0.089057448,1.122397242,CA-1,171.21006162,113_PV_1,334.170148749,316_STEAM_1,0,113,113_PV_1,100,4222.065452666,4393.275514286,171.21006162
0,poi_bus_108,108,Alger,lagging_095,0.95,9,2020-01-01T09:00:00+00:00,13,branch_C12-1_immediate,branch,C12-1,fixed,short_term,189.729166667,62.360961372,820.615805572,100,0.000000001,true,true,false,constraint_violation,0.855958603,307,1.079286896,210,0.094041397,0.809196186,C10,116.681758839,113_PV_1,134.726912043,113_PV_1,0,113,113_PV_1,100,4222.065452667,4338.747211506,116.681758839
0,poi_bus_108,108,Alger,lagging_095,0.95,9,2020-01-01T09:00:00+00:00,14,branch_C12-1_sustained,branch,C12-1,bounded,continuous,189.729166667,62.360961372,820.615805572,-100,0.000000002,true,true,false,constraint_violation,0.768178737,307,1.080172729,210,0.181821263,0.86622896,A12-1,119.042491474,113_PV_1,185.859328311,316_STEAM_1,0,113,113_PV_1,100,4222.065452667,4341.107944141,119.042491474
0,poi_bus_108,108,Alger,lagging_095,0.95,9,2020-01-01T09:00:00+00:00,15,branch_C27_immediate,branch,C27,fixed,short_term,189.729166667,62.360961372,820.615805572,100,0.000000001,true,true,false,constraint_violation,0.881034717,108,1.079210136,210,0.068965283,0.861702109,C10,111.612199754,113_PV_1,134.491984732,113_PV_1,0,113,113_PV_1,100,4222.065452667,4333.677652421,111.612199754
0,poi_bus_108,108,Alger,lagging_095,0.95,9,2020-01-01T09:00:00+00:00,16,branch_C27_sustained,branch,C27,bounded,continuous,189.729166667,62.360961372,820.615805572,-100,0,true,true,false,constraint_violation,0.882759203,108,1.080253731,210,0.067240797,0.948654338,C29,113.245459831,113_PV_1,137.608838918,113_PV_1,0,113,113_PV_1,100,4222.065452667,4335.310912498,113.245459831
0,poi_bus_108,108,Alger,lagging_095,0.95,9,2020-01-01T09:00:00+00:00,17,branch_C6_immediate,branch,C6,fixed,short_term,189.729166667,62.360961372,820.615805572,100,0.000000001,true,true,false,constraint_violation,0.880702281,108,1.079273235,210,0.069297719,0.864224843,C10,111.01053714,113_PV_1,133.912136841,113_PV_1,0,113,113_PV_1,100,4222.065452667,4333.075989807,111.01053714
0,poi_bus_108,108,Alger,lagging_095,0.95,9,2020-01-01T09:00:00+00:00,18,branch_C6_sustained,branch,C6,bounded,continuous,189.729166667,62.360961372,820.615805572,-100,0.000000001,true,true,false,constraint_violation,0.877381966,108,1.080163562,210,0.072618034,0.91831724,A13-2,119.506961353,113_PV_1,164.002197975,316_STEAM_1,0,113,113_PV_1,100,4222.065452667,4341.57241402,119.506961353
0,poi_bus_108,108,Alger,lagging_095,0.95,9,2020-01-01T09:00:00+00:00,19,branch_CA-1_immediate,branch,CA-1,fixed,short_term,189.729166667,62.360961372,820.615805572,100,0,true,true,false,constraint_violation,0.882449217,108,1.078895455,210,0.067550783,0.859627036,C10,112.064662259,113_PV_1,136.586337258,113_PV_1,0,113,113_PV_1,100,4222.065452667,4334.130114926,112.064662259
0,poi_bus_108,108,Alger,lagging_095,0.95,9,2020-01-01T09:00:00+00:00,20,branch_CA-1_sustained,branch,CA-1,bounded,continuous,189.729166667,62.360961372,820.615805572,15.682379,0.000000001,true,true,false,constraint_violation,0.843021667,108,1.076469379,210,0.106978333,1.161956619,CB-1,216.453031294,113_PV_1,251.984842305,316_STEAM_1,0,113,113_PV_1,100,4222.065452667,4438.518483961,216.453031294
0,poi_bus_108,108,Alger,lagging_095,0.95,9,2020-01-01T09:00:00+00:00,21,generator_121_NUCLEAR_1_sustained,generator,121_NUCLEAR_1,bounded,continuous,189.729166667,62.360961372,820.615805572,-100,0.000000001,true,true,false,constraint_violation,0.88889032,108,1.078596092,210,0.06110968,0.931520801,C10,89.116075219,113_PV_1,156.191831045,113_PV_1,0,113,113_PV_1,99,4222.065452667,4311.181527886,89.116075219
0,poi_bus_108,108,Alger,lagging_095,0.95,9,2020-01-01T09:00:00+00:00,22,generator_213_CC_3_sustained,generator,213_CC_3,bounded,continuous,189.729166667,62.360961372,820.615805572,-100,0.000000001,true,true,false,constraint_violation,0.861331752,108,1.080651474,210,0.088668248,1.0054708,A13-2,132.780599396,113_PV_1,128.819238512,316_STEAM_1,0,113,113_PV_1,100,4222.065452667,4354.846052063,132.780599396
0,poi_bus_108,108,Alger,lagging_095,0.95,9,2020-01-01T09:00:00+00:00,23,generator_313_CC_1_sustained,generator,313_CC_1,bounded,continuous,189.729166667,62.360961372,820.615805572,-100,0.000000001,true,true,false,constraint_violation,0.874486474,108,1.078561661,210,0.075513526,0.930011084,A13-2,127.762375175,113_PV_1,180.594775229,316_STEAM_1,0,113,113_PV_1,100,4222.065452667,4349.827827842,127.762375175
0,poi_bus_108,108,Alger,lagging_095,0.95,10,2020-01-01T10:00:00+00:00,0,normal,normal,,base,continuous,188.833333333,62.066515194,818.733972168,17.540712432,0,true,true,false,constraint_violation,0.883126166,108,1.08098097,210,0.066873834,0.991197898,C10,91.656498626,113_PV_1,146.561066974,113_PV_1,0,113,113_PV_1,100,4211.922679333,4303.579177959,91.656498626
0,poi_bus_108,108,Alger,lagging_095,0.95,10,2020-01-01T10:00:00+00:00,1,branch_A11_immediate,branch,A11,fixed,short_term,188.833333333,62.066515194,818.733972168,17.540712431,0,true,true,false,constraint_violation,0.825297286,108,1.083398593,210,0.124702714,0.867292829,C10,93.354715833,113_PV_1,127.147621871,113_PV_1,0,113,113_PV_1,100,4211.922679333,4305.277395166,93.354715833
0,poi_bus_108,108,Alger,lagging_095,0.95,10,2020-01-01T10:00:00+00:00,2,branch_A11_sustained,branch,A11,bounded,continuous,188.833333333,62.066515194,818.733972168,-100,0.000000001,true,true,false,constraint_violation,0.83656243,108,1.082406495,210,0.11343757,0.942705111,C10,86.406206493,113_PV_1,132.050287027,113_PV_1,0,113,113_PV_1,100,4211.922679333,4298.328885826,86.406206493
0,poi_bus_108,108,Alger,lagging_095,0.95,10,2020-01-01T10:00:00+00:00,3,branch_A12-1_immediate,branch,A12-1,fixed,short_term,188.833333333,62.066515194,818.733972168,17.540712432,0.000000001,true,false,false,not_converged,,,,,,,,,,,,,113,113_PV_1,100,,,
0,poi_bus_108,108,Alger,lagging_095,0.95,10,2020-01-01T10:00:00+00:00,4,branch_A12-1_sustained,branch,A12-1,bounded,continuous,188.833333333,62.066515194,818.733972168,48.003249807,0,true,true,false,constraint_violation,0.690680995,108,1.07406656,210,0.259319005,1.467223187,A13-2,111.736182941,113_PV_1,124.581468269,113_PV_1,0,113,113_PV_1,100,4211.922679333,4323.658862274,111.736182941
0,poi_bus_108,108,Alger,lagging_095,0.95,10,2020-01-01T10:00:00+00:00,5,branch_A34_immediate,branch,A34,fixed,short_term,188.833333333,62.066515194,818.733972168,17.540712431,0.000000001,true,true,false,constraint_violation,0.883127858,108,1.080990232,210,0.066872142,0.86726898,C10,92.131718676,113_PV_1,146.57983634,113_PV_1,0,113,113_PV_1,100,4211.922679333,4304.054398009,92.131718676
0,poi_bus_108,108,Alger,lagging_095,0.95,10,2020-01-01T10:00:00+00:00,6,branch_A34_sustained,branch,A34,bounded,continuous,188.833333333,62.066515194,818.733972168,-100,0,true,true,false,constraint_violation,0.876545633,108,1.081861721,210,0.073454367,0.977914566,CA-1,151.73100917,113_PV_1,315.059408212,316_STEAM_1,0,113,113_PV_1,100,4211.922679333,4363.653688503,151.73100917
0,poi_bus_108,108,Alger,lagging_095,0.95,10,2020-01-01T10:00:00+00:00,7,branch_B12-1_immediate,branch,B12-1,fixed,short_term,188.833333333,62.066515194,818.733972168,17.540712431,0,true,true,false,constraint_violation,0.883262617,108,1.067670467,210,0.066737383,0.86732075,C10,96.279258453,113_PV_1,147.167409469,113_PV_1,0,113,113_PV_1,100,4211.922679333,4308.201937786,96.279258453
0,poi_bus_108,108,Alger,lagging_095,0.95,10,2020-01-01T10:00:00+00:00,8,branch_B12-1_sustained,branch,B12-1,bounded,continuous,188.833333333,62.066515194,818.733972168,-100,0.000000001,true,true,false,constraint_violation,0.876297593,307,1.0669211,210,0.073702407,1.082817305,CA-1,166.567793714,113_PV_1,366.472305829,316_STEAM_1,0,113,113_PV_1,100,4211.922679333,4378.490473047,166.567793714
0,poi_bus_108,108,Alger,lagging_095,0.95,10,2020-01-01T10:00:00+00:00,9,branch_B22_immediate,branch,B22,fixed,short_term,188.833333333,62.066515194,818.733972168,17.540712432,0,true,true,false,constraint_violation,0.879401809,108,1.073518125,210,0.070598191,0.866992733,C10,99.285197863,113_PV_1,145.005127716,113_PV_1,0,113,113_PV_1,100,4211.922679333,4311.207877196,99.285197863
0,poi_bus_108,108,Alger,lagging_095,0.95,10,2020-01-01T10:00:00+00:00,10,branch_B22_sustained,branch,B22,bounded,continuous,188.833333333,62.066515194,818.733972168,-100,0.000000001,true,true,false,constraint_violation,0.885649602,108,1.076025849,210,0.064350398,0.986831121,C10,92.715383112,113_PV_1,146.140371789,113_PV_1,0,113,113_PV_1,100,4211.922679333,4304.638062445,92.715383112
0,poi_bus_108,108,Alger,lagging_095,0.95,10,2020-01-01T10:00:00+00:00,11,branch_B6_immediate,branch,B6,fixed,short_term,188.833333333,62.066515194,818.733972168,17.540712432,0.000000001,true,true,false,constraint_violation,0.87464777,108,1.085431559,210,0.07535223,0.867301059,C10,91.917693617,113_PV_1,143.673555269,113_PV_1,0,113,113_PV_1,100,4211.922679333,4303.84037295,91.917693617
0,poi_bus_108,108,Alger,lagging_095,0.95,10,2020-01-01T10:00:00+00:00,12,branch_B6_sustained,branch,B6,bounded,continuous,188.833333333,62.066515194,818.733972168,-100,0.000000001,true,true,false,constraint_violation,0.871050063,108,1.085536697,210,0.078949937,0.953105205,CA-1,144.429974166,113_PV_1,303.326191174,316_STEAM_1,0,113,113_PV_1,100,4211.922679333,4356.352653499,144.429974166
0,poi_bus_108,108,Alger,lagging_095,0.95,10,2020-01-01T10:00:00+00:00,13,branch_C12-1_immediate,branch,C12-1,fixed,short_term,188.833333333,62.066515194,818.733972168,17.540712431,0,true,true,false,constraint_violation,0.85397035,307,1.080998468,210,0.09602965,0.816503898,C10,97.201059489,113_PV_1,147.220934428,113_PV_1,0,113,113_PV_1,100,4211.922679333,4309.123738822,97.201059489
0,poi_bus_108,108,Alger,lagging_095,0.95,10,2020-01-01T10:00:00+00:00,14,branch_C12-1_sustained,branch,C12-1,bounded,continuous,188.833333333,62.066515194,818.733972168,-100,0,true,true,false,constraint_violation,0.717691382,307,1.079782183,210,0.232308618,0.924355367,A13-2,149.809933253,113_PV_1,292.992569199,316_STEAM_1,0,113,113_PV_1,100,4211.922679333,4361.732612586,149.809933253
0,poi_bus_108,108,Alger,lagging_095,0.95,10,2020-01-01T10:00:00+00:00,15,branch_C27_immediate,branch,C27,fixed,short_term,188.833333333,62.066515194,818.733972168,17.540712432,0.000000001,true,true,false,constraint_violation,0.883271797,108,1.080954292,210,0.066728203,0.866950235,C10,91.781589445,113_PV_1,146.772993939,113_PV_1,0,113,113_PV_1,100,4211.922679333,4303.704268778,91.781589445
0,poi_bus_108,108,Alger,lagging_095,0.95,10,2020-01-01T10:00:00+00:00,16,branch_C27_sustained,branch,C27,bounded,continuous,188.833333333,62.066515194,818.733972168,-100,0,true,true,false,constraint_violation,0.886669304,108,1.081342679,210,0.063330696,0.904965824,C10,98.645765125,113_PV_1,153.250153548,113_PV_1,0,113,113_PV_1,100,4211.922679333,4310.568444458,98.645765125
0,poi_bus_108,108,Alger,lagging_095,0.95,10,2020-01-01T10:00:00+00:00,17,branch_C6_immediate,branch,C6,fixed,short_term,188.833333333,62.066515194,818.733972168,17.540712431,0,true,true,false,constraint_violation,0.883078334,108,1.080990352,210,0.066921666,0.871436545,C10,91.909758178,113_PV_1,146.527615187,113_PV_1,0,113,113_PV_1,100,4211.922679333,4303.832437511,91.909758178
0,poi_bus_108,108,Alger,lagging_095,0.95,10,2020-01-01T10:00:00+00:00,18,branch_C6_sustained,branch,C6,bounded,continuous,188.833333333,62.066515194,818.733972168,-100.000000001,0,true,true,false,constraint_violation,0.876781909,108,1.079788527,210,0.073218091,0.928431289,C10,112.191521228,113_PV_1,166.796350837,316_STEAM_1,0,113,113_PV_1,100,4211.922679333,4324.114200561,112.191521228
0,poi_bus_108,108,Alger,lagging_095,0.95,10,2020-01-01T10:00:00+00:00,19,branch_CA-1_immediate,branch,CA-1,fixed,short_term,188.833333333,62.066515194,818.733972168,17.540712432,0.000000001,true,true,false,constraint_violation,0.884126217,108,1.080782612,210,0.065873783,0.862997848,C10,91.960243746,113_PV_1,147.913825281,113_PV_1,0,113,113_PV_1,100,4211.922679333,4303.882923079,91.960243746
0,poi_bus_108,108,Alger,lagging_095,0.95,10,2020-01-01T10:00:00+00:00,20,branch_CA-1_sustained,branch,CA-1,bounded,continuous,188.833333333,62.066515194,818.733972168,-46.278077,0,true,true,false,constraint_violation,0.856759971,108,1.078155349,210,0.093240029,1.166752371,CB-1,186.874896197,113_PV_1,269.897455528,316_STEAM_1,0,113,113_PV_1,100,4211.922679333,4398.79757553,186.874896197
0,poi_bus_108,108,Alger,lagging_095,0.95,10,2020-01-01T10:00:00+00:00,21,generator_121_NUCLEAR_1_sustained,generator,121_NUCLEAR_1,bounded,continuous,188.833333333,62.066515194,818.733972168,-99.999999999,0.000000001,true,true,false,constraint_violation,0.884438848,108,1.079925579,210,0.065561152,0.913646291,C10,100.633530902,113_PV_1,158.860995708,316_STEAM_1,0,113,113_PV_1,99,4211.922679333,4312.556210235,100.633530902
0,poi_bus_108,108,Alger,lagging_095,0.95,10,2020-01-01T10:00:00+00:00,22,generator_213_CC_3_sustained,generator,213_CC_3,bounded,continuous,188.833333333,62.066515194,818.733972168,-100,0,true,true,false,constraint_violation,0.884998358,108,1.082163808,210,0.065001642,0.897819496,C10,117.45030687,113_PV_1,220.714359899,316_STEAM_1,0,113,113_PV_1,100,4211.922679333,4329.372986203,117.45030687
0,poi_bus_108,108,Alger,lagging_095,0.95,10,2020-01-01T10:00:00+00:00,23,generator_313_CC_1_sustained,generator,313_CC_1,bounded,continuous,188.833333333,62.066515194,818.733972168,-99.999999999,0.000000001,true,true,false,constraint_violation,0.884535019,108,1.082031269,210,0.065464981,0.91313002,C10,110.795863318,113_PV_1,193.459643578,316_STEAM_1,0,113,113_PV_1,100,4211.922679333,4322.718542651,110.795863318
0,poi_bus_108,108,Alger,lagging_095,0.95,11,2020-01-01T11:00:00+00:00,0,normal,normal,,base,continuous,188.145833333,61.840544872,816.889884961,-6.953663805,0.000000001,true,true,false,constraint_violation,0.885815574,108,1.081610268,210,0.064184426,0.992993086,C10,85.005063696,113_PV_1,150.568420898,113_PV_1,0,113,113_PV_1,100,4202.173716333,4287.178780029,85.005063696
0,poi_bus_108,108,Alger,lagging_095,0.95,11,2020-01-01T11:00:00+00:00,1,branch_A11_immediate,branch,A11,fixed,short_term,188.145833333,61.840544872,816.889884961,-6.953663805,0.000000001,true,true,false,constraint_violation,0.829486519,108,1.083992213,210,0.120513481,0.868869221,C10,86.453628961,113_PV_1,131.796190629,113_PV_1,0,113,113_PV_1,100,4202.173716333,4288.627345294,86.453628961
0,poi_bus_108,108,Alger,lagging_095,0.95,11,2020-01-01T11:00:00+00:00,2,branch_A11_sustained,branch,A11,bounded,continuous,188.145833333,61.840544872,816.889884961,-100,0,true,true,false,constraint_violation,0.826669221,108,1.082780675,210,0.123330779,0.991673735,CA-1,152.016637591,113_PV_1,338.137838712,316_STEAM_1,0,113,113_PV_1,100,4202.173716333,4354.190353924,152.016637591
0,poi_bus_108,108,Alger,lagging_095,0.95,11,2020-01-01T11:00:00+00:00,3,branch_A12-1_immediate,branch,A12-1,fixed,short_term,188.145833333,61.840544872,816.889884961,-6.953663805,0.000000001,true,true,false,constraint_violation,0.652017668,108,1.075586779,210,0.297982332,1.323996794,A13-2,126.555289446,113_PV_1,125.064304565,113_PV_1,0,113,113_PV_1,100,4202.173716333,4328.729005779,126.555289446
0,poi_bus_108,108,Alger,lagging_095,0.95,11,2020-01-01T11:00:00+00:00,4,branch_A12-1_sustained,branch,A12-1,bounded,continuous,188.145833333,61.840544872,816.889884961,-90.157647264,0,true,true,false,constraint_violation,0.70588226,108,1.07529682,210,0.24411774,1.43425578,A13-2,107.90916047,113_PV_1,139.569354991,113_PV_1,0,113,113_PV_1,100,4202.173716333,4310.082876803,107.90916047
0,poi_bus_108,108,Alger,lagging_095,0.95,11,2020-01-01T11:00:00+00:00,5,branch_A34_immediate,branch,A34,fixed,short_term,188.145833333,61.840544872,816.889884961,-6.953663805,0,true,true,false,constraint_violation,0.885815905,108,1.08160965,210,0.064184095,0.86886991,C10,85.006895487,113_PV_1,150.572387819,113_PV_1,0,113,113_PV_1,100,4202.173716333,4287.18061182,85.006895487
0,poi_bus_108,108,Alger,lagging_095,0.95,11,2020-01-01T11:00:00+00:00,6,branch_A34_sustained,branch,A34,bounded,continuous,188.145833333,61.840544872,816.889884961,-99.999999999,0.000000001,true,true,false,constraint_violation,0.874424552,108,1.082164937,210,0.075575448,0.941531613,A13-2,114.560171569,113_PV_1,150.024361684,316_STEAM_1,0,113,113_PV_1,100,4202.173716333,4316.733887902,114.560171569
0,poi_bus_108,108,Alger,lagging_095,0.95,11,2020-01-01T11:00:00+00:00,7,branch_B12-1_immediate,branch,B12-1,fixed,short_term,188.145833333,61.840544872,816.889884961,-6.953663805,0.000000001,true,true,false,constraint_violation,0.885953015,108,1.068544099,210,0.064046985,0.868879231,C10,89.54312576,113_PV_1,151.143978122,113_PV_1,0,113,113_PV_1,100,4202.173716333,4291.716842093,89.54312576
0,poi_bus_108,108,Alger,lagging_095,0.95,11,2020-01-01T11:00:00+00:00,8,branch_B12-1_sustained,branch,B12-1,bounded,continuous,188.145833333,61.840544872,816.889884961,-100,0.000000001,true,true,false,constraint_violation,0.880421861,108,1.069412261,210,0.069578139,0.901874431,A13-2,145.678817706,113_PV_1,295.905424084,316_STEAM_1,0,113,113_PV_1,100,4202.173716333,4347.852534039,145.678817706
0,poi_bus_108,108,Alger,lagging_095,0.95,11,2020-01-01T11:00:00+00:00,9,branch_B22_immediate,branch,B22,fixed,short_term,188.145833333,61.840544872,816.889884961,-6.953663804,0,true,true,false,constraint_violation,0.882172816,108,1.074388315,210,0.067827184,0.868716925,C10,92.262450098,113_PV_1,149.001368337,113_PV_1,0,113,113_PV_1,100,4202.173716333,4294.436166431,92.262450098
0,poi_bus_108,108,Alger,lagging_095,0.95,11,2020-01-01T11:00:00+00:00,10,branch_B22_sustained,branch,B22,bounded,continuous,188.145833333,61.840544872,816.889884961,-100,0,true,true,false,constraint_violation,0.882143,108,1.076010784,210,0.067857,0.909441464,C10,118.056298754,113_PV_1,203.393611757,316_STEAM_1,0,113,113_PV_1,100,4202.173716333,4320.230015087,118.056298754
0,poi_bus_108,108,Alger,lagging_095,0.95,11,2020-01-01T11:00:00+00:00,11,branch_B6_immediate,branch,B6,fixed,short_term,188.145833333,61.840544872,816.889884961,-6.953663804,0.000000001,true,true,false,constraint_violation,0.877568195,108,1.085996505,210,0.072431805,0.868872238,C10,85.225399153,113_PV_1,147.803589628,113_PV_1,0,113,113_PV_1,100,4202.173716333,4287.399115486,85.225399153
0,poi_bus_108,108,Alger,lagging_095,0.95,11,2020-01-01T11:00:00+00:00,12,branch_B6_sustained,branch,B6,bounded,continuous,188.145833333,61.840544872,816.889884961,-100,0,true,true,false,constraint_violation,0.889364451,108,1.08472819,210,0.060635549,0.922348482,C10,89.073757578,113_PV_1,156.156811157,113_PV_1,0,113,113_PV_1,100,4202.173716333,4291.247473911,89.073757578
0,poi_bus_108,108,Alger,lagging_095,0.95,11,2020-01-01T11:00:00+00:00,13,branch_C12-1_immediate,branch,C12-1,fixed,short_term,188.145833333,61.840544872,816.889884961,-6.953663804,0.000000001,true,true,false,constraint_violation,0.856992916,307,1.081627367,210,0.093007084,0.816099039,C10,90.743992834,113_PV_1,151.216702553,113_PV_1,0,113,113_PV_1,100,4202.173716333,4292.917709167,90.743992834
0,poi_bus_108,108,Alger,lagging_095,0.95,11,2020-01-01T11:00:00+00:00,14,branch_C12-1_sustained,branch,C12-1,bounded,continuous,188.145833333,61.840544872,816.889884961,-99.999999999,0.000000001,true,true,false,constraint_violation,0.783057915,307,1.082504522,210,0.166942085,0.953379552,A13-2,119.433153356,113_PV_1,156.093417803,316_STEAM_1,0,113,113_PV_1,100,4202.173716333,4321.606869689,119.433153356
0,poi_bus_108,108,Alger,lagging_095,0.95,11,2020-01-01T11:00:00+00:00,15,branch_C27_immediate,branch,C27,fixed,short_term,188.145833333,61.840544872,816.889884961,-6.953663805,0,true,true,false,constraint_violation,0.885584238,108,1.081648964,210,0.064415762,0.869391398,C10,85.300282142,113_PV_1,150.28890428,113_PV_1,0,113,113_PV_1,100,4202.173716333,4287.473998475,85.300282142
0,poi_bus_108,108,Alger,lagging_095,0.95,11,2020-01-01T11:00:00+00:00,16,branch_C27_sustained,branch,C27,bounded,continuous,188.145833333,61.840544872,816.889884961,-99.999999999,0.000000001,true,true,false,constraint_violation,0.897063728,108,1.080400207,210,0.052936272,0.918551819,C10,85.811947812,113_PV_1,158.07119701,113_PV_1,0,113,113_PV_1,100,4202.173716333,4287.985664145,85.811947812
0,poi_bus_108,108,Alger,lagging_095,0.95,11,2020-01-01T11:00:00+00:00,17,branch_C6_immediate,branch,C6,fixed,short_term,188.145833333,61.840544872,816.889884961,-6.953663805,0,true,true,false,constraint_violation,0.885770953,108,1.081618302,210,0.064229047,0.872613647,C10,85.266740184,113_PV_1,150.539327132,113_PV_1,0,113,113_PV_1,100,4202.173716333,4287.440456517,85.266740184
0,poi_bus_108,108,Alger,lagging_095,0.95,11,2020-01-01T11:00:00+00:00,18,branch_C6_sustained,branch,C6,bounded,continuous,188.145833333,61.840544872,816.889884961,-100,0,true,true,false,constraint_violation,0.894998129,108,1.080611639,210,0.055001871,0.934050707,C10,82.383651513,113_PV_1,153.71639722,113_PV_1,0,113,113_PV_1,100,4202.173716333,4284.557367846,82.383651513
0,poi_bus_108,108,Alger,lagging_095,0.95,11,2020-01-01T11:00:00+00:00,19,branch_CA-1_immediate,branch,CA-1,fixed,short_term,188.145833333,61.840544872,816.889884961,-6.953663804,0.000000001,true,true,false,constraint_violation,0.885799491,108,1.08161324,210,0.064200509,0.864363374,C10,85.130866309,113_PV_1,150.561723078,113_PV_1,0,113,113_PV_1,100,4202.173716333,4287.304582642,85.130866309
0,poi_bus_108,108,Alger,lagging_095,0.95,11,2020-01-01T11:00:00+00:00,20,branch_CA-1_sustained,branch,CA-1,bounded,continuous,188.145833333,61.840544872,816.889884961,-99.999999999,0.000000001,true,true,false,constraint_violation,0.848266729,108,1.081591908,210,0.101733271,1.164160487,CB-1,197.544839156,113_PV_1,271.358460747,316_STEAM_1,0,113,113_PV_1,100,4202.173716333,4399.718555489,197.544839156
0,poi_bus_108,108,Alger,lagging_095,0.95,11,2020-01-01T11:00:00+00:00,21,generator_121_NUCLEAR_1_sustained,generator,121_NUCLEAR_1,bounded,continuous,188.145833333,61.840544872,816.889884961,-100,0.000000001,true,true,false,constraint_violation,0.887275953,108,1.080290057,210,0.062724047,0.933296462,C10,99.213934926,113_PV_1,170.485250799,316_STEAM_1,0,113,113_PV_1,99,4202.173716333,4301.387651259,99.213934926
0,poi_bus_108,108,Alger,lagging_095,0.95,11,2020-01-01T11:00:00+00:00,22,generator_213_CC_3_sustained,generator,213_CC_3,bounded,continuous,188.145833333,61.840544872,816.889884961,-100,0.000000001,true,true,false,constraint_violation,0.889493203,108,1.082388385,210,0.060506797,0.916347854,C10,102.690016322,113_PV_1,185.73067753,316_STEAM_1,0,113,113_PV_1,100,4202.173716333,4304.863732655,102.690016322
0,poi_bus_108,108,Alger,lagging_095,0.95,11,2020-01-01T11:00:00+00:00,23,generator_313_CC_1_sustained,generator,313_CC_1,bounded,continuous,188.145833333,61.840544872,816.889884961,-100,0,true,true,false,constraint_violation,0.890696806,108,1.08246819,210,0.059303194,0.903889156,C10,102.26125534,113_PV_1,182.396912106,316_STEAM_1,0,113,113_PV_1,100,4202.173716333,4304.434971673,102.26125534
0,poi_bus_108,108,Alger,lagging_095,0.95,12,2020-01-01T12:00:00+00:00,0,normal,normal,,base,continuous,187.125,61.505013182,810.127122204,-3.36627638,0.000000001,true,true,false,constraint_violation,0.888018339,108,1.081738887,210,0.061981661,0.987219806,C10,83.236559075,113_PV_1,151.204801672,113_PV_1,0,113,113_PV_1,100,4167.922066,4251.158625075,83.236559075
0,poi_bus_108,108,Alger,lagging_095,0.95,12,2020-01-01T12:00:00+00:00,1,branch_A11_immediate,branch,A11,fixed,short_term,187.125,61.505013182,810.127122204,-3.36627638,0.000000001,true,true,false,constraint_violation,0.8333405,108,1.084089131,210,0.1166595,0.863819722,C10,84.398738372,113_PV_1,133.134011111,113_PV_1,0,113,113_PV_1,100,4167.922066,4252.320804372,84.398738372
0,poi_bus_108,108,Alger,lagging_095,0.95,12,2020-01-01T12:00:00+00:00,2,branch_A11_sustained,branch,A11,bounded,continuous,187.125,61.505013182,810.127122204,-100,0,true,true,false,constraint_violation,0.838789089,108,1.082019958,210,0.111210911,0.943962428,C10,77.739135945,113_PV_1,145.540280641,113_PV_1,0,113,113_PV_1,100,4167.922066,4245.661201945,77.739135945
0,poi_bus_108,108,Alger,lagging_095,0.95,12,2020-01-01T12:00:00+00:00,3,branch_A12-1_immediate,branch,A12-1,fixed,short_term,187.125,61.505013182,810.127122204,-3.36627638,0,true,true,false,constraint_violation,0.672584139,108,1.076242161,210,0.277415861,1.292104227,A13-2,120.648477309,113_PV_1,128.738737763,113_PV_1,0,113,113_PV_1,100,4167.922066,4288.570543309,120.648477309
0,poi_bus_108,108,Alger,lagging_095,0.95,12,2020-01-01T12:00:00+00:00,4,branch_A12-1_sustained,branch,A12-1,bounded,continuous,187.125,61.505013182,810.127122204,-36.230285041,0.000000001,true,true,false,constraint_violation,0.718867165,108,1.075443902,210,0.231132835,1.407055583,A13-2,103.969504829,113_PV_1,143.202833595,113_PV_1,0,113,113_PV_1,100,4167.922066,4271.891570829,103.969504829
0,poi_bus_108,108,Alger,lagging_095,0.95,12,2020-01-01T12:00:00+00:00,5,branch_A34_immediate,branch,A34,fixed,short_term,187.125,61.505013182,810.127122204,-3.36627638,0,true,true,false,constraint_violation,0.888018782,108,1.081738284,210,0.061981218,0.86381795,C10,83.238391998,113_PV_1,151.209162257,113_PV_1,0,113,113_PV_1,100,4167.922066,4251.160457998,83.238391998
0,poi_bus_108,108,Alger,lagging_095,0.95,12,2020-01-01T12:00:00+00:00,6,branch_A34_sustained,branch,A34,bounded,continuous,187.125,61.505013182,810.127122204,-100,0.000000001,true,true,false,constraint_violation,0.880377426,307,1.08037202,210,0.069622574,1.00561888,CA-1,152.801022882,113_PV_1,344.437771848,316_STEAM_1,0,113,113_PV_1,100,4167.922066,4320.723088882,152.801022882
0,poi_bus_108,108,Alger,lagging_095,0.95,12,2020-01-01T12:00:00+00:00,7,branch_B12-1_immediate,branch,B12-1,fixed,short_term,187.125,61.505013182,810.127122204,-3.36627638,0.000000001,true,true,false,constraint_violation,0.888161016,108,1.068651501,210,0.061838984,0.863823746,C10,87.789342749,113_PV_1,151.781665671,113_PV_1,0,113,113_PV_1,100,4167.922066,4255.711408749,87.789342749
0,poi_bus_108,108,Alger,lagging_095,0.95,12,2020-01-01T12:00:00+00:00,8,branch_B12-1_sustained,branch,B12-1,bounded,continuous,187.125,61.505013182,810.127122204,-100,0,true,true,false,constraint_violation,0.880968001,108,1.069735058,210,0.069031999,0.911704225,A13-2,143.851630126,113_PV_1,278.268382342,316_STEAM_1,0,113,113_PV_1,100,4167.922066,4311.773696126,143.851630126
0,poi_bus_108,108,Alger,lagging_095,0.95,12,2020-01-01T12:00:00+00:00,9,branch_B22_immediate,branch,B22,fixed,short_term,187.125,61.505013182,810.127122204,-3.36627638,0,true,true,false,constraint_violation,0.884372813,108,1.07459051,210,0.065627187,0.863713502,C10,90.321198184,113_PV_1,149.622510803,113_PV_1,0,113,113_PV_1,100,4167.922066,4258.243264184,90.321198184
0,poi_bus_108,108,Alger,lagging_095,0.95,12,2020-01-01T12:00:00+00:00,10,branch_B22_sustained,branch,B22,bounded,continuous,187.125,61.505013182,810.127122204,-100,0.000000001,true,true,false,constraint_violation,0.895567354,108,1.075390397,210,0.054432646,0.934865574,C10,93.132646517,113_PV_1,157.862645136,113_PV_1,0,113,113_PV_1,100,4167.922066,4261.054712517,93.132646517
0,poi_bus_108,108,Alger,lagging_095,0.95,12,2020-01-01T12:00:00+00:00,11,branch_B6_immediate,branch,B6,fixed,short_term,187.125,61.505013182,810.127122204,-3.36627638,0.000000001,true,true,false,constraint_violation,0.880025376,108,1.086050571,210,0.069974624,0.863820518,C10,83.416213979,113_PV_1,148.567245468,113_PV_1,0,113,113_PV_1,100,4167.922066,4251.338279979,83.416213979
0,poi_bus_108,108,Alger,lagging_095,0.95,12,2020-01-01T12:00:00+00:00,12,branch_B6_sustained,branch,B6,bounded,continuous,187.125,61.505013182,810.127122204,-100,0.000000001,true,true,false,constraint_violation,0.892478348,108,1.084735912,210,0.057521652,0.921403093,C10,88.217171372,113_PV_1,156.95205041,113_PV_1,0,113,113_PV_1,100,4167.922066,4256.139237372,88.217171372
0,poi_bus_108,108,Alger,lagging_095,0.95,12,2020-01-01T12:00:00+00:00,13,branch_C12-1_immediate,branch,C12-1,fixed,short_term,187.125,61.505013182,810.127122204,-3.36627638,0.000000001,true,true,false,constraint_violation,0.857789627,307,1.081754968,210,0.092210373,0.812460507,C10,88.895675004,113_PV_1,151.844409614,113_PV_1,0,113,113_PV_1,100,4167.922066,4256.817741004,88.895675004
0,poi_bus_108,108,Alger,lagging_095,0.95,12,2020-01-01T12:00:00+00:00,14,branch_C12-1_sustained,branch,C12-1,bounded,continuous,187.125,61.505013182,810.127122204,-100,0,true,true,false,constraint_violation,0.720963031,307,1.082258062,210,0.229036969,0.938576161,CA-1,150.606353953,113_PV_1,314.595594432,316_STEAM_1,0,113,113_PV_1,100,4167.922066,4318.528419953,150.606353953
0,poi_bus_108,108,Alger,lagging_095,0.95,12,2020-01-01T12:00:00+00:00,15,branch_C27_immediate,branch,C27,fixed,short_term,187.125,61.505013182,810.127122204,-3.36627638,0.000000001,true,true,false,constraint_violation,0.8877999,108,1.081772268,210,0.0622001,0.864388016,C10,83.483044442,113_PV_1,150.930437105,113_PV_1,0,113,113_PV_1,100,4167.922066,4251.405110442,83.483044442
0,poi_bus_108,108,Alger,lagging_095,0.95,12,2020-01-01T12:00:00+00:00,16,branch_C27_sustained,branch,C27,bounded,continuous,187.125,61.505013182,810.127122204,-100,0.000000001,true,true,false,constraint_violation,0.872989883,108,1.082529485,210,0.077010117,0.961724638,A13-2,116.077663912,113_PV_1,140.598672641,113_PV_1,0,113,113_PV_1,100,4167.922066,4283.999729912,116.077663912
0,poi_bus_108,108,Alger,lagging_095,0.95,12,2020-01-01T12:00:00+00:00,17,branch_C6_immediate,branch,C6,fixed,short_term,187.125,61.505013182,810.127122204,-3.36627638,0.000000001,true,true,false,constraint_violation,0.888011968,108,1.081740047,210,0.061988032,0.861983158,C10,83.326043774,113_PV_1,151.206785564,113_PV_1,0,113,113_PV_1,100,4167.922066,4251.248109774,83.326043774
0,poi_bus_108,108,Alger,lagging_095,0.95,12,2020-01-01T12:00:00+00:00,18,branch_C6_sustained,branch,C6,bounded,continuous,187.125,61.505013182,810.127122204,-100,0,true,true,false,constraint_violation,0.898936894,108,1.082150256,210,0.051063106,0.925203298,C10,88.004269625,113_PV_1,157.580364181,113_PV_1,0,113,113_PV_1,100,4167.922066,4255.926335625,88.004269625
0,poi_bus_108,108,Alger,lagging_095,0.95,12,2020-01-01T12:00:00+00:00,19,branch_CA-1_immediate,branch,CA-1,fixed,short_term,187.125,61.505013182,810.127122204,-3.36627638,0.000000001,true,true,false,constraint_violation,0.886933853,108,1.081892637,210,0.063066147,0.858925595,C10,84.078080953,113_PV_1,149.767455933,113_PV_1,0,113,113_PV_1,100,4167.922066,4252.000146953,84.078080953
0,poi_bus_108,108,Alger,lagging_095,0.95,12,2020-01-01T12:00:00+00:00,20,branch_CA-1_sustained,branch,CA-1,bounded,continuous,187.125,61.505013182,810.127122204,-100,0.000000001,true,true,false,constraint_violation,0.849694466,108,1.081413114,210,0.100305534,1.156003766,CB-1,196.30814963,113_PV_1,251.692672159,316_STEAM_1,0,113,113_PV_1,100,4167.922066,4364.23021563,196.30814963
0,poi_bus_108,108,Alger,lagging_095,0.95,12,2020-01-01T12:00:00+00:00,21,generator_121_NUCLEAR_1_sustained,generator,121_NUCLEAR_1,bounded,continuous,187.125,61.505013182,810.127122204,-100,0.000000001,true,true,false,constraint_violation,0.888996664,108,1.080390133,210,0.061003336,0.947227207,C10,83.762258124,113_PV_1,158.561026212,113_PV_1,0,113,113_PV_1,99,4167.922066,4251.684324124,83.762258124
0,poi_bus_108,108,Alger,lagging_095,0.95,12,2020-01-01T12:00:00+00:00,22,generator_213_CC_3_sustained,generator,213_CC_3,bounded,continuous,187.125,61.505013182,810.127122204,-100,0,true,true,false,constraint_violation,0.881788035,108,1.080215778,210,0.068211965,0.908434047,C10,122.396357064,113_PV_1,220.526135812,316_STEAM_1,0,113,113_PV_1,100,4167.922066,4290.318423064,122.396357064
0,poi_bus_108,108,Alger,lagging_095,0.95,12,2020-01-01T12:00:00+00:00,23,generator_313_CC_1_sustained,generator,313_CC_1,bounded,continuous,187.125,61.505013182,810.127122204,-100,0,true,true,false,constraint_violation,0.899401911,108,1.082117088,210,0.050598089,0.926497634,C10,94.152120146,113_PV_1,174.55357452,316_STEAM_1,0,113,113_PV_1,100,4167.922066,4262.074186146,94.152120146
0,poi_bus_108,108,Alger,lagging_095,0.95,13,2020-01-01T13:00:00+00:00,0,normal,normal,,base,continuous,182.645833333,60.032782294,805.598865614,-100,0,true,true,false,constraint_violation,0.893724155,108,1.082556032,210,0.056275845,0.978006172,C10,77.735113503,113_PV_1,165.509736739,113_PV_1,0,113,113_PV_1,101,4141.191983333,4218.927096836,77.735113503
0,poi_bus_108,108,Alger,lagging_095,0.95,13,2020-01-01T13:00:00+00:00,1,branch_A11_immediate,branch,A11,fixed,short_term,182.645833333,60.032782294,805.598865614,-100,0.000000001,true,true,false,constraint_violation,0.84237688,108,1.084803563,210,0.10762312,0.855759932,C10,78.570273261,113_PV_1,148.661406339,113_PV_1,0,113,113_PV_1,101,4141.191983333,4219.762256594,78.570273261
0,poi_bus_108,108,Alger,lagging_095,0.95,13,2020-01-01T13:00:00+00:00,2,branch_A11_sustained,branch,A11,bounded,continuous,182.645833333,60.032782294,805.598865614,100.000000001,0,true,true,false,constraint_violation,0.835288544,108,1.083081625,210,0.114711456,0.931661207,C10,27.301916123,113_PV_1,113.577963866,113_PV_1,0,113,113_PV_1,101,4141.191983333,4231.793899456,90.601916123
0,poi_bus_108,108,Alger,lagging_095,0.95,13,2020-01-01T13:00:00+00:00,3,branch_A12-1_immediate,branch,A12-1,fixed,short_term,182.645833333,60.032782294,805.598865614,-100,0.000000001,true,true,false,constraint_violation,0.705518691,108,1.077829097,210,0.244481309,1.232778826,A13-2,109.142015935,113_PV_1,147.135394675,113_PV_1,0,113,113_PV_1,101,4141.191983333,4250.333999268,109.142015935
0,poi_bus_108,108,Alger,lagging_095,0.95,13,2020-01-01T13:00:00+00:00,4,branch_A12-1_sustained,branch,A12-1,bounded,continuous,182.645833333,60.032782294,805.598865614,-100.000000001,0.000000001,true,true,false,constraint_violation,0.740338114,108,1.077032643,210,0.209661886,1.36044017,A13-2,102.849004191,113_PV_1,150.812633134,113_PV_1,0,113,113_PV_1,101,4141.191983333,4244.040987524,102.849004191
0,poi_bus_108,108,Alger,lagging_095,0.95,13,2020-01-01T13:00:00+00:00,5,branch_A34_immediate,branch,A34,fixed,short_term,182.645833333,60.032782294,805.598865614,-100,0.000000001,true,true,false,constraint_violation,0.89372446,108,1.082555692,210,0.05627554,0.855755838,C10,77.735427314,113_PV_1,165.51202998,113_PV_1,0,113,113_PV_1,101,4141.191983333,4218.927410647,77.735427314
0,poi_bus_108,108,Alger,lagging_095,0.95,13,2020-01-01T13:00:00+00:00,6,branch_A34_sustained,branch,A34,bounded,continuous,182.645833333,60.032782294,805.598865614,-100,0.000000002,true,true,false,constraint_violation,0.893105542,108,1.083417506,210,0.056894458,0.94027651,C10,88.417536966,113_PV_1,153.519143035,113_PV_1,0,113,113_PV_1,101,4141.191983333,4229.609520299,88.417536966
0,poi_bus_108,108,Alger,lagging_095,0.95,13,2020-01-01T13:00:00+00:00,7,branch_B12-1_immediate,branch,B12-1,fixed,short_term,182.645833333,60.032782294,805.598865614,-100.000000001,0.000000001,true,true,false,constraint_violation,0.893859144,108,1.069868508,210,0.056140856,0.855762948,C10,82.140392324,113_PV_1,165.99101133,113_PV_1,0,113,113_PV_1,101,4141.191983333,4223.332375657,82.140392324
0,poi_bus_108,108,Alger,lagging_095,0.95,13,2020-01-01T13:00:00+00:00,8,branch_B12-1_sustained,branch,B12-1,bounded,continuous,182.645833333,60.032782294,805.598865614,-100,0,true,true,false,constraint_violation,0.876350859,307,1.068485375,210,0.073649141,1.024058217,CA-1,154.143952206,113_PV_1,261.20078082,316_STEAM_1,0,113,113_PV_1,101,4141.191983333,4295.335935539,154.143952206
0,poi_bus_108,108,Alger,lagging_095,0.95,13,2020-01-01T13:00:00+00:00,9,branch_B22_immediate,branch,B22,fixed,short_term,182.645833333,60.032782294,805.598865614,-100,0.000000002,true,true,false,constraint_violation,0.890247502,108,1.075629996,210,0.059752498,0.855640781,C10,84.568543647,113_PV_1,163.942870913,113_PV_1,0,113,113_PV_1,101,4141.191983333,4225.76052698,84.568543647
0,poi_bus_108,108,Alger,lagging_095,0.95,13,2020-01-01T13:00:00+00:00,10,branch_B22_sustained,branch,B22,bounded,continuous,182.645833333,60.032782294,805.598865614,-100,0,true,true,false,constraint_violation,0.881919682,108,1.076929574,210,0.068080318,0.91867121,A13-2,114.457643679,113_PV_1,150.475133035,113_PV_1,0,113,113_PV_1,101,4141.191983333,4255.649627012,114.457643679
0,poi_bus_108,108,Alger,lagging_095,0.95,13,2020-01-01T13:00:00+00:00,11,branch_B6_immediate,branch,B6,fixed,short_term,182.645833333,60.032782294,805.598865614,-100,0.000000001,true,true,false,constraint_violation,0.886017104,108,1.086764354,210,0.063982896,0.855759846,C10,77.882222185,113_PV_1,162.985076627,113_PV_1,0,113,113_PV_1,101,4141.191983333,4219.074205518,77.882222185
0,poi_bus_108,108,Alger,lagging_095,0.95,13,2020-01-01T13:00:00+00:00,12,branch_B6_sustained,branch,B6,bounded,continuous,182.645833333,60.032782294,805.598865614,-100.000000001,0.000000001,true,true,false,constraint_violation,0.898109169,108,1.084936633,210,0.051890831,0.929025673,C10,72.077226776,113_PV_1,168.254956719,113_PV_1,0,113,113_PV_1,101,4141.191983333,4213.269210109,72.077226776
0,poi_bus_108,108,Alger,lagging_095,0.95,13,2020-01-01T13:00:00+00:00,13,branch_C12-1_immediate,branch,C12-1,fixed,short_term,182.645833333,60.032782294,805.598865614,-100,0,true,true,false,constraint_violation,0.84040281,307,1.082574183,210,0.10959719,0.799401702,C10,84.453172346,113_PV_1,166.13832898,113_PV_1,0,113,113_PV_1,101,4141.191983333,4225.645155679,84.453172346
0,poi_bus_108,108,Alger,lagging_095,0.95,13,2020-01-01T13:00:00+00:00,14,branch_C12-1_sustained,branch,C12-1,bounded,continuous,182.645833333,60.032782294,805.598865614,-100,0,true,false,false,not_converged,,,,,,,,,,,,,113,113_PV_1,101,,,
0,poi_bus_108,108,Alger,lagging_095,0.95,13,2020-01-01T13:00:00+00:00,15,branch_C27_immediate,branch,C27,fixed,short_term,182.645833333,60.032782294,805.598865614,-100,0.000000001,true,true,false,constraint_violation,0.893816963,108,1.082541758,210,0.056183037,0.855396073,C10,77.771168617,113_PV_1,165.634943114,113_PV_1,0,113,113_PV_1,101,4141.191983333,4218.96315195,77.771168617
0,poi_bus_108,108,Alger,lagging_095,0.95,13,2020-01-01T13:00:00+00:00,16,branch_C27_sustained,branch,C27,bounded,continuous,182.645833333,60.032782294,805.598865614,-99.999999999,0,true,true,false,constraint_violation,0.871578355,307,1.081033658,210,0.078421645,1.076044356,CA-1,154.656572076,113_PV_1,270.088030169,316_STEAM_1,0,113,113_PV_1,101,4141.191983333,4295.848555409,154.656572076
0,poi_bus_108,108,Alger,lagging_095,0.95,13,2020-01-01T13:00:00+00:00,17,branch_C6_immediate,branch,C6,fixed,short_term,182.645833333,60.032782294,805.598865614,-99.999999999,0,true,true,false,constraint_violation,0.89374621,108,1.082552883,210,0.05625379,0.84859892,C10,77.870161028,113_PV_1,165.552531419,113_PV_1,0,113,113_PV_1,101,4141.191983333,4219.062144361,77.870161028
0,poi_bus_108,108,Alger,lagging_095,0.95,13,2020-01-01T13:00:00+00:00,18,branch_C6_sustained,branch,C6,bounded,continuous,182.645833333,60.032782294,805.598865614,-100.000000001,0.000000001,true,true,false,constraint_violation,0.892593731,108,1.083553612,210,0.057406269,0.929982773,C10,89.421516406,113_PV_1,154.736231381,113_PV_1,0,113,113_PV_1,101,4141.191983333,4230.613499739,89.421516406
0,poi_bus_108,108,Alger,lagging_095,0.95,13,2020-01-01T13:00:00+00:00,19,branch_CA-1_immediate,branch,CA-1,fixed,short_term,182.645833333,60.032782294,805.598865614,-100,0,true,true,false,constraint_violation,0.891716656,108,1.082817188,210,0.058283344,0.850316347,C10,79.846371542,113_PV_1,162.950531574,113_PV_1,0,113,113_PV_1,101,4141.191983333,4221.038354875,79.846371542
0,poi_bus_108,108,Alger,lagging_095,0.95,13,2020-01-01T13:00:00+00:00,20,branch_CA-1_sustained,branch,CA-1,bounded,continuous,182.645833333,60.032782294,805.598865614,-100,0.000000001,true,true,false,constraint_violation,0.861489413,108,1.081714344,210,0.088510587,1.035234914,A13-2,156.270867084,113_PV_1,114.280020102,113_PV_1,0,113,113_PV_1,101,4141.191983333,4297.462850417,156.270867084
0,poi_bus_108,108,Alger,lagging_095,0.95,13,2020-01-01T13:00:00+00:00,21,generator_121_NUCLEAR_1_sustained,generator,121_NUCLEAR_1,bounded,continuous,182.645833333,60.032782294,805.598865614,-100,0,true,true,false,constraint_violation,0.892358542,108,1.082425377,210,0.057641458,0.922086507,C10,88.36520256,113_PV_1,161.0654564,113_PV_1,0,113,113_PV_1,100,4141.191983333,4229.557185893,88.36520256
0,poi_bus_108,108,Alger,lagging_095,0.95,13,2020-01-01T13:00:00+00:00,22,generator_213_CC_3_sustained,generator,213_CC_3,bounded,continuous,182.645833333,60.032782294,805.598865614,-100,0,true,true,false,constraint_violation,0.891257556,108,1.083116584,210,0.058742444,0.933900377,C10,94.263543062,113_PV_1,151.089063277,113_PV_1,0,113,113_PV_1,101,4141.191983333,4235.455526395,94.263543062
0,poi_bus_108,108,Alger,lagging_095,0.95,13,2020-01-01T13:00:00+00:00,23,generator_313_CC_1_sustained,generator,313_CC_1,bounded,continuous,182.645833333,60.032782294,805.598865614,-100,0.000000001,true,true,false,constraint_violation,0.879895066,108,1.083309454,210,0.070104934,0.936096603,A13-2,109.702013825,113_PV_1,144.422715782,113_PV_1,0,113,113_PV_1,101,4141.191983333,4250.893997158,109.702013825
0,poi_bus_108,108,Alger,lagging_095,0.95,14,2020-01-01T14:00:00+00:00,0,normal,normal,,base,continuous,181.333333333,59.601384406,799.633003319,-100.000000001,0.000000001,true,true,false,constraint_violation,0.895591182,108,1.082624835,210,0.054408818,0.961825441,C10,79.421500639,113_PV_1,163.730766939,113_PV_1,0,113,113_PV_1,101,4110.564470333,4189.985970972,79.421500639
0,poi_bus_108,108,Alger,lagging_095,0.95,14,2020-01-01T14:00:00+00:00,1,branch_A11_immediate,branch,A11,fixed,short_term,181.333333333,59.601384406,799.633003319,-100,0,true,true,false,constraint_violation,0.844151039,108,1.08482931,210,0.105848961,0.841590871,C10,80.465450542,113_PV_1,146.704901751,113_PV_1,0,113,113_PV_1,101,4110.564470333,4191.029920875,80.465450542
0,poi_bus_108,108,Alger,lagging_095,0.95,14,2020-01-01T14:00:00+00:00,2,branch_A11_sustained,branch,A11,bounded,continuous,181.333333333,59.601384406,799.633003319,-100,0,true,true,false,constraint_violation,0.84253423,108,1.08342335,210,0.10746577,0.952407325,CA-1,138.243048,113_PV_1,228.76036858,316_STEAM_1,0,113,113_PV_1,101,4110.564470333,4248.807518333,138.243048
0,poi_bus_108,108,Alger,lagging_095,0.95,14,2020-01-01T14:00:00+00:00,3,branch_A12-1_immediate,branch,A12-1,fixed,short_term,181.333333333,59.601384406,799.633003319,-99.999999999,0,true,true,false,constraint_violation,0.71528079,108,1.0785054,210,0.23471921,1.206797638,A13-2,108.897018806,113_PV_1,146.877324308,113_PV_1,0,113,113_PV_1,101,4110.564470333,4219.461489139,108.897018806
0,poi_bus_108,108,Alger,lagging_095,0.95,14,2020-01-01T14:00:00+00:00,4,branch_A12-1_sustained,branch,A12-1,bounded,continuous,181.333333333,59.601384406,799.633003319,-99.999999999,0,true,true,false,constraint_violation,0.746564099,108,1.077365819,210,0.203435901,1.348572191,A13-2,106.688782025,113_PV_1,154.005138504,113_PV_1,0,113,113_PV_1,101,4110.564470334,4217.253252359,106.688782025
0,poi_bus_108,108,Alger,lagging_095,0.95,14,2020-01-01T14:00:00+00:00,5,branch_A34_immediate,branch,A34,fixed,short_term,181.333333333,59.601384406,799.633003319,-100,0,true,true,false,constraint_violation,0.895590413,108,1.082625368,210,0.054409587,0.841601553,C10,79.429164496,113_PV_1,163.725442596,113_PV_1,0,113,113_PV_1,101,4110.564470333,4189.993634829,79.429164496
0,poi_bus_108,108,Alger,lagging_095,0.95,14,2020-01-01T14:00:00+00:00,6,branch_A34_sustained,branch,A34,bounded,continuous,181.333333333,59.601384406,799.633003319,-100,0.000000002,true,true,false,constraint_violation,0.880222284,307,1.082388337,210,0.069777716,0.909734983,CA-1,132.659469805,113_PV_1,211.673138763,316_STEAM_1,0,113,113_PV_1,101,4110.564470333,4243.223940138,132.659469805
0,poi_bus_108,108,Alger,lagging_095,0.95,14,2020-01-01T14:00:00+00:00,7,branch_B12-1_immediate,branch,B12-1,fixed,short_term,181.333333333,59.601384406,799.633003319,-100,0,true,true,false,constraint_violation,0.895784086,108,1.070158775,210,0.054215914,0.841567025,C10,83.668843657,113_PV_1,164.223276123,113_PV_1,0,113,113_PV_1,101,4110.564470333,4194.23331399,83.668843657
0,poi_bus_108,108,Alger,lagging_095,0.95,14,2020-01-01T14:00:00+00:00,8,branch_B12-1_sustained,branch,B12-1,bounded,continuous,181.333333333,59.601384406,799.633003319,-100,0.000000001,true,true,false,constraint_violation,0.891187338,108,1.068722255,210,0.058812662,0.891060638,C10,111.14682968,113_PV_1,157.905993203,113_PV_1,0,113,113_PV_1,101,4110.564470333,4221.711300013,111.14682968
0,poi_bus_108,108,Alger,lagging_095,0.95,14,2020-01-01T14:00:00+00:00,9,branch_B22_immediate,branch,B22,fixed,short_term,181.333333333,59.601384406,799.633003319,-100,0.000000001,true,true,false,constraint_violation,0.892800782,108,1.076467752,210,0.057199218,0.841889219,C10,84.533929586,113_PV_1,162.394570404,113_PV_1,0,113,113_PV_1,101,4110.564470333,4195.098399919,84.533929586
0,poi_bus_108,108,Alger,lagging_095,0.95,14,2020-01-01T14:00:00+00:00,10,branch_B22_sustained,branch,B22,bounded,continuous,181.333333333,59.601384406,799.633003319,-99.999999999,0,true,true,false,constraint_violation,0.884796489,307,1.075974281,210,0.065203511,0.926796999,CA-1,139.321826232,113_PV_1,224.034268533,316_STEAM_1,0,113,113_PV_1,101,4110.564470333,4249.886296565,139.321826232
0,poi_bus_108,108,Alger,lagging_095,0.95,14,2020-01-01T14:00:00+00:00,11,branch_B6_immediate,branch,B6,fixed,short_term,181.333333333,59.601384406,799.633003319,-99.999999999,0,true,true,false,constraint_violation,0.887994611,108,1.08679597,210,0.062005389,0.841574113,C10,79.573158752,113_PV_1,161.283609389,113_PV_1,0,113,113_PV_1,101,4110.564470333,4190.137629085,79.573158752
0,poi_bus_108,108,Alger,lagging_095,0.95,14,2020-01-01T14:00:00+00:00,12,branch_B6_sustained,branch,B6,bounded,continuous,181.333333333,59.601384406,799.633003319,-100,0.000000001,true,true,false,constraint_violation,0.877803843,307,1.085310791,210,0.072196157,0.951687566,CA-1,137.617474103,113_PV_1,230.658854417,316_STEAM_1,0,113,113_PV_1,101,4110.564470333,4248.181944436,137.617474103
0,poi_bus_108,108,Alger,lagging_095,0.95,14,2020-01-01T14:00:00+00:00,13,branch_C12-1_immediate,branch,C12-1,fixed,short_term,181.333333333,59.601384406,799.633003319,-100,0.000000001,true,true,false,constraint_violation,0.796568392,307,1.082641842,210,0.153431608,0.774035601,C10,89.010180443,113_PV_1,164.604470573,113_PV_1,0,113,113_PV_1,101,4110.564470333,4199.574650776,89.010180443
0,poi_bus_108,108,Alger,lagging_095,0.95,14,2020-01-01T14:00:00+00:00,14,branch_C12-1_sustained,branch,C12-1,bounded,continuous,181.333333333,59.601384406,799.633003319,-100,0,true,true,false,constraint_violation,0.723812035,307,1.080964804,210,0.226187965,0.963514373,C13-2,113.813506968,113_PV_1,154.24983952,113_PV_1,0,113,113_PV_1,101,4110.564470333,4224.377977301,113.813506968
0,poi_bus_108,108,Alger,lagging_095,0.95,14,2020-01-01T14:00:00+00:00,15,branch_C27_immediate,branch,C27,fixed,short_term,181.333333333,59.601384406,799.633003319,-100,0,true,true,false,constraint_violation,0.895715083,108,1.082612899,210,0.054284917,0.840923514,C10,79.498121827,113_PV_1,163.907661646,113_PV_1,0,113,113_PV_1,101,4110.564470333,4190.06259216,79.498121827
0,poi_bus_108,108,Alger,lagging_095,0.95,14,2020-01-01T14:00:00+00:00,16,branch_C27_sustained,branch,C27,bounded,continuous,181.333333333,59.601384406,799.633003319,-100,0,true,true,false,constraint_violation,0.880742859,307,1.083020446,210,0.069257141,0.940763397,CA-1,132.371639065,113_PV_1,243.637570292,316_STEAM_1,0,113,113_PV_1,101,4110.564470333,4242.936109398,132.371639065
0,poi_bus_108,108,Alger,lagging_095,0.95,14,2020-01-01T14:00:00+00:00,17,branch_C6_immediate,branch,C6,fixed,short_term,181.333333333,59.601384406,799.633003319,-100,0.000000001,true,true,false,constraint_violation,0.895592845,108,1.0826248,210,0.054407155,0.837901365,C10,79.540566376,113_PV_1,163.745329124,113_PV_1,0,113,113_PV_1,101,4110.564470333,4190.105036709,79.540566376
0,poi_bus_108,108,Alger,lagging_095,0.95,14,2020-01-01T14:00:00+00:00,18,branch_C6_sustained,branch,C6,bounded,continuous,181.333333333,59.601384406,799.633003319,-100,0,true,true,false,constraint_violation,0.896850508,108,1.083280502,210,0.053149492,0.95747592,C10,82.405911705,113_PV_1,158.639634489,113_PV_1,0,113,113_PV_1,101,4110.564470333,4192.970382038,82.405911705
0,poi_bus_108,108,Alger,lagging_095,0.95,14,2020-01-01T14:00:00+00:00,19,branch_CA-1_immediate,branch,CA-1,fixed,short_term,181.333333333,59.601384406,799.633003319,-100,0,true,true,false,constraint_violation,0.886907612,108,1.082851481,210,0.063092388,0.835270033,C10,101.416257728,113_PV_1,152.108572117,113_PV_1,0,113,113_PV_1,101,4110.564470333,4211.980728061,101.416257728
0,poi_bus_108,108,Alger,lagging_095,0.95,14,2020-01-01T14:00:00+00:00,20,branch_CA-1_sustained,branch,CA-1,bounded,continuous,181.333333333,59.601384406,799.633003319,-100,0.000000001,true,true,false,constraint_violation,0.90063163,108,1.081232376,210,0.04936837,0.912427397,C10,87.505512108,113_PV_1,171.053277986,113_PV_1,0,113,113_PV_1,101,4110.564470333,4198.069982441,87.505512108
0,poi_bus_108,108,Alger,lagging_095,0.95,14,2020-01-01T14:00:00+00:00,21,generator_121_NUCLEAR_1_sustained,generator,121_NUCLEAR_1,bounded,continuous,181.333333333,59.601384406,799.633003319,-100,0.000000001,true,true,false,constraint_violation,0.895798366,108,1.082487852,210,0.054201634,0.924567859,C10,79.544894098,113_PV_1,161.711236973,113_PV_1,0,113,113_PV_1,100,4110.564470333,4190.109364431,79.544894098
0,poi_bus_108,108,Alger,lagging_095,0.95,14,2020-01-01T14:00:00+00:00,22,generator_213_CC_3_sustained,generator,213_CC_3,bounded,continuous,181.333333333,59.601384406,799.633003319,-100,0.000000001,true,true,false,constraint_violation,0.890565491,307,1.083103914,210,0.059434509,0.876398215,C10,125.908263107,113_PV_1,193.116507015,316_STEAM_1,0,113,113_PV_1,101,4110.564470333,4236.47273344,125.908263107
0,poi_bus_108,108,Alger,lagging_095,0.95,14,2020-01-01T14:00:00+00:00,23,generator_313_CC_1_sustained,generator,313_CC_1,bounded,continuous,181.333333333,59.601384406,799.633003319,-100,0,true,true,false,constraint_violation,0.878391129,307,1.081223009,210,0.071608871,0.944277554,CA-1,138.718637451,113_PV_1,233.345425549,316_STEAM_1,0,113,113_PV_1,101,4110.564470333,4249.283107784,138.718637451
0,poi_bus_108,108,Alger,lagging_095,0.95,15,2020-01-01T15:00:00+00:00,0,normal,normal,,base,continuous,185.25,60.888730484,796.28929986,-100,0,true,true,false,constraint_violation,0.894756166,108,1.082377596,210,0.055243834,0.950576435,C10,99.309739082,113_PV_1,163.394908454,113_PV_1,0,113,113_PV_1,102,4098.05087,4197.360609082,99.309739082
0,poi_bus_108,108,Alger,lagging_095,0.95,15,2020-01-01T15:00:00+00:00,1,branch_A11_immediate,branch,A11,fixed,short_term,185.25,60.888730484,796.28929986,-100,0,true,true,false,constraint_violation,0.838911029,108,1.084578664,210,0.111088971,0.831862319,C10,101.385316133,113_PV_1,143.925957101,113_PV_1,0,113,113_PV_1,102,4098.05087,4199.436186133,101.385316133
0,poi_bus_108,108,Alger,lagging_095,0.95,15,2020-01-01T15:00:00+00:00,2,branch_A11_sustained,branch,A11,bounded,continuous,185.25,60.888730484,796.28929986,-100,0,true,true,false,constraint_violation,0.838937093,108,1.082956291,210,0.111062907,0.93391302,CA-1,129.266416237,113_PV_1,143.932282924,113_PV_1,0,113,113_PV_1,102,4098.05087,4227.317286237,129.266416237
0,poi_bus_108,108,Alger,lagging_095,0.95,15,2020-01-01T15:00:00+00:00,3,branch_A12-1_immediate,branch,A12-1,fixed,short_term,185.25,60.888730484,796.28929986,-100,0,true,true,false,constraint_violation,0.705263642,108,1.078077265,210,0.244736358,1.20707965,A13-2,130.169275192,113_PV_1,146.991938053,113_PV_1,0,113,113_PV_1,102,4098.05087,4228.220145192,130.169275192
0,poi_bus_108,108,Alger,lagging_095,0.95,15,2020-01-01T15:00:00+00:00,4,branch_A12-1_sustained,branch,A12-1,bounded,continuous,185.25,60.888730484,796.28929986,-100,0,true,true,false,constraint_violation,0.730237141,108,1.077381396,210,0.219762859,1.387775446,A13-2,149.863606058,113_PV_1,151.178043724,113_PV_1,0,113,113_PV_1,102,4098.05087,4247.914476058,149.863606058
0,poi_bus_108,108,Alger,lagging_095,0.95,15,2020-01-01T15:00:00+00:00,5,branch_A34_immediate,branch,A34,fixed,short_term,185.25,60.888730484,796.28929986,-100,0,true,true,false,constraint_violation,0.894752013,108,1.082380852,210,0.055247987,0.831840926,C10,99.810878985,113_PV_1,163.410570186,113_PV_1,0,113,113_PV_1,102,4098.05087,4197.861748985,99.810878985
0,poi_bus_108,108,Alger,lagging_095,0.95,15,2020-01-01T15:00:00+00:00,6,branch_A34_sustained,branch,A34,bounded,continuous,185.25,60.888730484,796.28929986,-100,0.000000001,true,true,false,constraint_violation,0.893427143,307,1.080928758,210,0.056572857,1.127596222,CA-1,160.164635171,113_PV_1,166.130972075,113_PV_1,0,113,113_PV_1,102,4098.05087,4258.215505171,160.164635171
0,poi_bus_108,108,Alger,lagging_095,0.95,15,2020-01-01T15:00:00+00:00,7,branch_B12-1_immediate,branch,B12-1,fixed,short_term,185.25,60.888730484,796.28929986,-100,0.000000001,true,true,false,constraint_violation,0.894955294,108,1.06981444,210,0.055044706,0.831687658,C10,103.575094976,113_PV_1,163.951699064,113_PV_1,0,113,113_PV_1,102,4098.05087,4201.625964976,103.575094976
0,poi_bus_108,108,Alger,lagging_095,0.95,15,2020-01-01T15:00:00+00:00,8,branch_B12-1_sustained,branch,B12-1,bounded,continuous,185.25,60.888730484,796.28929986,100.000000001,0.000000001,true,true,false,constraint_violation,0.904420353,108,1.067777551,210,0.045579647,0.927672869,C10,90.994150589,113_PV_1,133.0043583,113_PV_1,0,113,113_PV_1,102,4098.05087,4189.045020589,90.994150589
0,poi_bus_108,108,Alger,lagging_095,0.95,15,2020-01-01T15:00:00+00:00,9,branch_B22_immediate,branch,B22,fixed,short_term,185.25,60.888730484,796.28929986,-100,0.000000001,true,true,false,constraint_violation,0.892422953,108,1.076463619,210,0.057577047,0.832361394,C10,103.395341291,113_PV_1,162.35293073,113_PV_1,0,113,113_PV_1,102,4098.05087,4201.446211291,103.395341291
0,poi_bus_108,108,Alger,lagging_095,0.95,15,2020-01-01T15:00:00+00:00,10,branch_B22_sustained,branch,B22,bounded,continuous,185.25,60.888730484,796.28929986,-100.000000001,0,true,true,false,constraint_violation,0.888423485,108,1.077166556,210,0.061576515,0.9166171,C10,116.087025999,113_PV_1,157.385876615,113_PV_1,0,113,113_PV_1,102,4098.05087,4214.137895999,116.087025999
0,poi_bus_108,108,Alger,lagging_095,0.95,15,2020-01-01T15:00:00+00:00,11,branch_B6_immediate,branch,B6,fixed,short_term,185.25,60.888730484,796.28929986,-100,0.000000001,true,true,false,constraint_violation,0.887020604,108,1.086575645,210,0.062979396,0.831690885,C10,99.559106063,113_PV_1,160.928342418,113_PV_1,0,113,113_PV_1,102,4098.05087,4197.609976063,99.559106063
0,poi_bus_108,108,Alger,lagging_095,0.95,15,2020-01-01T15:00:00+00:00,12,branch_B6_sustained,branch,B6,bounded,continuous,185.25,60.888730484,796.28929986,-100,0,true,true,false,constraint_violation,0.885965556,307,1.085166137,210,0.064034444,1.142344646,CA-1,169.781810902,113_PV_1,183.471720099,316_STEAM_1,0,113,113_PV_1,102,4098.05087,4267.832680902,169.781810902
0,poi_bus_108,108,Alger,lagging_095,0.95,15,2020-01-01T15:00:00+00:00,13,branch_C12-1_immediate,branch,C12-1,fixed,short_term,185.25,60.888730484,796.28929986,-100,0,true,true,false,constraint_violation,0.747495642,307,1.082397784,210,0.202504358,0.894726525,C13-2,116.481003659,113_PV_1,165.000229976,113_PV_1,0,113,113_PV_1,102,4098.05087,4214.531873659,116.481003659
0,poi_bus_108,108,Alger,lagging_095,0.95,15,2020-01-01T15:00:00+00:00,14,branch_C12-1_sustained,branch,C12-1,bounded,continuous,185.25,60.888730484,796.28929986,-100,0,true,false,false,not_converged,,,,,,,,,,,,,113,113_PV_1,102,,,
0,poi_bus_108,108,Alger,lagging_095,0.95,15,2020-01-01T15:00:00+00:00,15,branch_C27_immediate,branch,C27,fixed,short_term,185.25,60.888730484,796.28929986,-100,0,true,true,false,constraint_violation,0.895183694,108,1.08234222,210,0.054816306,0.82669014,C10,101.846137125,113_PV_1,163.958847055,113_PV_1,0,113,113_PV_1,102,4098.05087,4199.897007125,101.846137125
0,poi_bus_108,108,Alger,lagging_095,0.95,15,2020-01-01T15:00:00+00:00,16,branch_C27_sustained,branch,C27,bounded,continuous,185.25,60.888730484,796.28929986,-99.999999999,0.000000001,true,true,false,constraint_violation,0.892482249,108,1.083204215,210,0.057517751,0.937142189,CA-1,130.692304003,113_PV_1,162.375480024,113_PV_1,0,113,113_PV_1,102,4098.05087,4228.743174003,130.692304003
0,poi_bus_108,108,Alger,lagging_095,0.95,15,2020-01-01T15:00:00+00:00,17,branch_C6_immediate,branch,C6,fixed,short_term,185.25,60.888730484,796.28929986,-100,0.000000001,true,true,false,constraint_violation,0.89480101,108,1.082374723,210,0.05519899,0.813580348,C10,100.402563763,113_PV_1,163.540401746,113_PV_1,0,113,113_PV_1,102,4098.05087,4198.453433763,100.402563763
0,poi_bus_108,108,Alger,lagging_095,0.95,15,2020-01-01T15:00:00+00:00,18,branch_C6_sustained,branch,C6,bounded,continuous,185.25,60.888730484,796.28929986,-100,0,true,true,false,constraint_violation,0.89691353,108,1.083613908,210,0.05308647,0.897521214,C10,102.591636493,113_PV_1,160.054513513,113_PV_1,0,113,113_PV_1,102,4098.05087,4200.642506493,102.591636493
0,poi_bus_108,108,Alger,lagging_095,0.95,15,2020-01-01T15:00:00+00:00,19,branch_CA-1_immediate,branch,CA-1,fixed,short_term,185.25,60.888730484,796.28929986,-100,0,true,true,false,constraint_violation,0.876350631,108,1.081522582,210,0.073649369,1.084488522,CB-1,181.13581265,113_PV_1,145.076297185,113_PV_1,0,113,113_PV_1,102,4098.05087,4279.18668265,181.13581265
0,poi_bus_108,108,Alger,lagging_095,0.95,15,2020-01-01T15:00:00+00:00,20,branch_CA-1_sustained,branch,CA-1,bounded,continuous,185.25,60.888730484,796.28929986,100,0,true,true,false,constraint_violation,0.883687333,108,1.083438535,210,0.066312667,1.184769693,CB-1,160.546069342,113_PV_1,134.601137674,113_PV_1,0,113,113_PV_1,102,4098.05087,4258.596939342,160.546069342
0,poi_bus_108,108,Alger,lagging_095,0.95,15,2020-01-01T15:00:00+00:00,21,generator_121_NUCLEAR_1_sustained,generator,121_NUCLEAR_1,bounded,continuous,185.25,60.888730484,796.28929986,-100,0,true,true,false,constraint_violation,0.884018218,307,1.082744985,210,0.065981782,0.860669136,C10,113.396775062,113_PV_1,175.221154777,316_STEAM_1,0,113,113_PV_1,101,4098.05087,4211.447645062,113.396775062
0,poi_bus_108,108,Alger,lagging_095,0.95,15,2020-01-01T15:00:00+00:00,22,generator_213_CC_3_sustained,generator,213_CC_3,bounded,continuous,185.25,60.888730484,796.28929986,-100,0,true,true,false,constraint_violation,0.893928745,108,1.081032249,210,0.056071255,0.950316778,CA-1,128.137941034,113_PV_1,163.174060349,113_PV_1,0,113,113_PV_1,102,4098.05087,4226.188811034,128.137941034
0,poi_bus_108,108,Alger,lagging_095,0.95,15,2020-01-01T15:00:00+00:00,23,generator_313_CC_1_sustained,generator,313_CC_1,bounded,continuous,185.25,60.888730484,796.28929986,-100,0.000000001,true,true,false,constraint_violation,0.894627936,108,1.081051146,210,0.055372064,1.0401423,CA-1,144.961676509,113_PV_1,165.461997048,113_PV_1,0,113,113_PV_1,102,4098.05087,4243.012546509,144.961676509
0,poi_bus_108,108,Alger,lagging_095,0.95,16,2020-01-01T16:00:00+00:00,0,normal,normal,,base,continuous,185.666666667,61.025682195,825.723262372,100,0,true,true,false,constraint_violation,0.901347559,108,1.085490893,210,0.048652441,0.908554202,C10,108.222971064,213_RTPV_1,39.780698019,316_STEAM_1,108.222971064,213,213_CC_3,105,4243.099938667,4351.322909731,108.222971064
0,poi_bus_108,108,Alger,lagging_095,0.95,16,2020-01-01T16:00:00+00:00,1,branch_A11_immediate,branch,A11,fixed,short_term,185.666666667,61.025682195,825.723262372,100,0.000000002,true,true,false,constraint_violation,0.842158117,108,1.086806245,210,0.107841883,0.79467871,C10,113.76006206,213_RTPV_1,40.384126894,316_STEAM_1,113.76006206,213,213_CC_3,105,4243.099938667,4356.860000727,113.76006206
0,poi_bus_108,108,Alger,lagging_095,0.95,16,2020-01-01T16:00:00+00:00,2,branch_A11_sustained,branch,A11,bounded,continuous,185.666666667,61.025682195,825.723262372,-100,0,true,true,false,constraint_violation,0.846979657,108,1.088912553,210,0.103020343,0.927030891,C10,131.823271476,213_RTPV_1,112.972506373,316_STEAM_1,131.823271476,213,213_CC_3,105,4243.099938667,4374.923210143,131.823271476
0,poi_bus_108,108,Alger,lagging_095,0.95,16,2020-01-01T16:00:00+00:00,3,branch_A12-1_immediate,branch,A12-1,fixed,short_term,185.666666667,61.025682195,825.723262372,100.000000001,0,true,true,false,constraint_violation,0.706455593,108,1.082275946,210,0.243544407,1.101060433,A13-2,138.430571231,213_RTPV_1,39.618383956,316_STEAM_1,138.430571231,213,213_CC_3,105,4243.099938667,4381.530509898,138.430571231
0,poi_bus_108,108,Alger,lagging_095,0.95,16,2020-01-01T16:00:00+00:00,4,branch_A12-1_sustained,branch,A12-1,bounded,continuous,185.666666667,61.025682195,825.723262372,91.118683719,0,true,true,false,constraint_violation,0.706351689,108,1.081649433,210,0.243648311,1.399181795,A13-2,133.045874212,213_RTPV_1,35.177811914,316_STEAM_1,133.045874212,213,213_CC_3,105,4243.099938667,4376.145812879,133.045874212
0,poi_bus_108,108,Alger,lagging_095,0.95,16,2020-01-01T16:00:00+00:00,5,branch_A34_immediate,branch,A34,fixed,short_term,185.666666667,61.025682195,825.723262372,99.999999999,0.000000001,true,true,false,constraint_violation,0.901365314,108,1.085492877,210,0.048634686,0.794947443,C10,108.698094355,213_RTPV_1,39.847370671,316_STEAM_1,108.698094355,213,213_CC_3,105,4243.099938667,4351.798033022,108.698094355
0,poi_bus_108,108,Alger,lagging_095,0.95,16,2020-01-01T16:00:00+00:00,6,branch_A34_sustained,branch,A34,bounded,continuous,185.666666667,61.025682195,825.723262372,-100.000000001,0.000000001,true,true,false,constraint_violation,0.904414871,108,1.084913132,210,0.045585129,0.979580301,CB-1,140.285575122,313_RTPV_7,130.965303446,316_STEAM_1,140.285575122,313,313_CC_1,105,4243.099938666,4383.385513788,140.285575122
0,poi_bus_108,108,Alger,lagging_095,0.95,16,2020-01-01T16:00:00+00:00,7,branch_B12-1_immediate,branch,B12-1,fixed,short_term,185.666666667,61.025682195,825.723262372,100,0.000000001,true,true,false,constraint_violation,0.901591192,108,1.073248195,210,0.048408808,0.794995626,C10,112.520568225,213_RTPV_1,39.762048314,316_STEAM_1,112.520568225,213,213_CC_3,105,4243.099938667,4355.620506892,112.520568225
0,poi_bus_108,108,Alger,lagging_095,0.95,16,2020-01-01T16:00:00+00:00,8,branch_B12-1_sustained,branch,B12-1,bounded,continuous,185.666666667,61.025682195,825.723262372,-67.359989828,0.000000001,true,true,false,constraint_violation,0.904824205,108,1.07463984,210,0.045175795,0.943294054,CB-1,0,101_STEAM_3,107.192131955,316_STEAM_1,0,321,321_CC_1,105,4243.099938667,4378.227423604,135.127484937
0,poi_bus_108,108,Alger,lagging_095,0.95,16,2020-01-01T16:00:00+00:00,9,branch_B22_immediate,branch,B22,fixed,short_term,185.666666667,61.025682195,825.723262372,100,0,true,true,false,constraint_violation,0.90149442,108,1.085448442,210,0.04850558,0.794914236,C10,108.354274178,213_RTPV_1,39.908153481,316_STEAM_1,108.354274178,213,213_CC_3,105,4243.099938667,4351.454212845,108.354274178
0,poi_bus_108,108,Alger,lagging_095,0.95,16,2020-01-01T16:00:00+00:00,10,branch_B22_sustained,branch,B22,bounded,continuous,185.666666667,61.025682195,825.723262372,-100,0,true,true,false,constraint_violation,0.9044653,108,1.084916685,210,0.0455347,0.917973558,C10,109.962300525,213_RTPV_1,74.45107091,316_STEAM_1,109.962300525,213,213_CC_3,105,4243.099938667,4353.062239192,109.962300525
0,poi_bus_108,108,Alger,lagging_095,0.95,16,2020-01-01T16:00:00+00:00,11,branch_B6_immediate,branch,B6,fixed,short_term,185.666666667,61.025682195,825.723262372,100,0.000000001,true,true,false,constraint_violation,0.891297974,108,1.089371972,210,0.058702026,0.79488315,C10,109.326779518,213_RTPV_1,39.96650091,316_STEAM_1,109.326779518,213,213_CC_3,105,4243.099938667,4352.426718185,109.326779518
0,poi_bus_108,108,Alger,lagging_095,0.95,16,2020-01-01T16:00:00+00:00,12,branch_B6_sustained,branch,B6,bounded,continuous,185.666666667,61.025682195,825.723262372,-100.000000001,0.000000001,true,true,false,constraint_violation,0.894527669,108,1.088494272,210,0.055472331,1.054747534,CB-1,147.656959807,213_RTPV_1,149.408798881,316_STEAM_1,147.656959807,213,213_CC_3,105,4243.099938667,4390.756898474,147.656959807
0,poi_bus_108,108,Alger,lagging_095,0.95,16,2020-01-01T16:00:00+00:00,13,branch_C12-1_immediate,branch,C12-1,fixed,short_term,185.666666667,61.025682195,825.723262372,100.000000001,0.000000001,true,true,false,constraint_violation,0.901297333,108,1.085483773,210,0.048702667,0.75802113,B10,116.290602521,213_RTPV_1,42.449323028,316_STEAM_1,116.290602521,213,213_CC_3,105,4243.099938667,4359.390541188,116.290602521
0,poi_bus_108,108,Alger,lagging_095,0.95,16,2020-01-01T16:00:00+00:00,14,branch_C12-1_sustained,branch,C12-1,bounded,continuous,185.666666667,61.025682195,825.723262372,-100,0.000000001,true,true,false,constraint_violation,0.904922825,108,1.086920153,210,0.045077175,0.949896079,CB-1,0,101_STEAM_3,100.863075642,316_STEAM_1,0,321,321_CC_1,105,4243.099938666,4375.834635456,132.73469679
0,poi_bus_108,108,Alger,lagging_095,0.95,16,2020-01-01T16:00:00+00:00,15,branch_C27_immediate,branch,C27,fixed,short_term,185.666666667,61.025682195,825.723262372,100,0.000000001,true,true,false,constraint_violation,0.901081137,108,1.085433485,210,0.048918863,0.790734371,C10,112.589501528,213_RTPV_1,47.106443321,316_STEAM_1,112.589501528,213,213_CC_3,105,4243.099938667,4355.689440195,112.589501528
0,poi_bus_108,108,Alger,lagging_095,0.95,16,2020-01-01T16:00:00+00:00,16,branch_C27_sustained,branch,C27,bounded,continuous,185.666666667,61.025682195,825.723262372,-100,0,true,true,false,constraint_violation,0.904561151,108,1.084895079,210,0.045438849,0.907031354,C10,119.053987345,213_RTPV_1,87.536592664,316_STEAM_1,119.053987345,213,213_CC_3,105,4243.099938667,4362.153926012,119.053987345
0,poi_bus_108,108,Alger,lagging_095,0.95,16,2020-01-01T16:00:00+00:00,17,branch_C6_immediate,branch,C6,fixed,short_term,185.666666667,61.025682195,825.723262372,100,0,true,true,false,constraint_violation,0.901318968,108,1.085484776,210,0.048681032,0.779780002,C10,109.334960133,213_RTPV_1,41.014783634,316_STEAM_1,109.334960133,213,213_CC_3,105,4243.099938667,4352.4348988,109.334960133
0,poi_bus_108,108,Alger,lagging_095,0.95,16,2020-01-01T16:00:00+00:00,18,branch_C6_sustained,branch,C6,bounded,continuous,185.666666667,61.025682195,825.723262372,-100,0.000000001,true,true,false,constraint_violation,0.904545999,108,1.084851641,210,0.045454001,0.949189484,CB-1,0,101_STEAM_3,127.411906197,316_STEAM_1,0,321,321_CC_1,105,4243.099938666,4379.623173456,136.52323479
0,poi_bus_108,108,Alger,lagging_095,0.95,16,2020-01-01T16:00:00+00:00,19,branch_CA-1_immediate,branch,CA-1,fixed,short_term,185.666666667,61.025682195,825.723262372,100,0.000000002,true,true,false,constraint_violation,0.898958707,108,1.085557368,210,0.051041293,1.239315373,CB-1,176.369979111,213_RTPV_1,158.491186379,316_STEAM_1,176.369979111,213,213_CC_3,105,4243.099938667,4419.469917778,176.369979111
0,poi_bus_108,108,Alger,lagging_095,0.95,16,2020-01-01T16:00:00+00:00,20,branch_CA-1_sustained,branch,CA-1,bounded,continuous,185.666666667,61.025682195,825.723262372,100,0.000000001,true,true,false,constraint_violation,0.903469334,108,1.084917568,210,0.046530666,1.184433881,CB-1,0,101_STEAM_3,108.661709781,316_STEAM_1,0,123,123_STEAM_3,105,4243.099938667,4376.98065126,133.880712593
0,poi_bus_108,108,Alger,lagging_095,0.95,16,2020-01-01T16:00:00+00:00,21,generator_121_NUCLEAR_1_sustained,generator,121_NUCLEAR_1,bounded,continuous,185.666666667,61.025682195,825.723262372,-100,0,true,true,false,constraint_violation,0.902028305,108,1.084749811,210,0.047971695,0.914271856,C10,103.239850418,317_WIND_1,369.705197888,317_WIND_1,0,317,317_WIND_1,104,4243.099938667,4357.139789085,114.039850418
0,poi_bus_108,108,Alger,lagging_095,0.95,16,2020-01-01T16:00:00+00:00,22,generator_213_CC_3_sustained,generator,213_CC_3,bounded,continuous,185.666666667,61.025682195,825.723262372,-100,0.000000001,true,true,false,constraint_violation,0.903142606,108,1.079682281,210,0.046857394,0.898591948,C10,63.424480864,309_WIND_1,57.681014192,309_WIND_1,0,309,309_WIND_1,104,4243.099938667,4344.424419531,101.324480864
0,poi_bus_108,108,Alger,lagging_095,0.95,16,2020-01-01T16:00:00+00:00,23,generator_313_CC_1_sustained,generator,313_CC_1,bounded,continuous,185.666666667,61.025682195,825.723262372,-70.503266303,0.000000001,true,true,false,constraint_violation,0.903589455,108,1.084916097,210,0.046410545,1.178437488,CB-1,113.702002458,221_CC_1,207.162796344,316_STEAM_1,0,221,221_CC_1,104,4243.099938667,4418.202002458,175.102063791
0,poi_bus_108,108,Alger,lagging_095,0.95,17,2020-01-01T17:00:00+00:00,0,normal,normal,,base,continuous,189.020833333,62.128143464,931.674803888,57.3134342,0.000000001,true,true,false,constraint_violation,0.887181765,108,1.078040906,210,0.062818235,0.902386079,C10,134.232189861,213_RTPV_1,95.215617727,316_STEAM_1,134.232189861,213,213_CC_3,105,4767.078059333,4901.310249194,134.232189861
0,poi_bus_108,108,Alger,lagging_095,0.95,17,2020-01-01T17:00:00+00:00,1,branch_A11_immediate,branch,A11,fixed,short_term,189.020833333,62.128143464,931.674803888,57.3134342,0.000000001,true,true,false,constraint_violation,0.824163029,108,1.079576076,210,0.125836971,0.789641112,C10,139.320604152,213_RTPV_1,95.409342253,316_STEAM_1,139.320604152,213,213_CC_3,105,4767.078059333,4906.398663485,139.320604152
0,poi_bus_108,108,Alger,lagging_095,0.95,17,2020-01-01T17:00:00+00:00,2,branch_A11_sustained,branch,A11,bounded,continuous,189.020833333,62.128143464,931.674803888,-99.999999999,0,true,true,false,constraint_violation,0.82825844,108,1.079167838,210,0.12174156,0.96973439,A13-2,0,101_STEAM_3,365.442794047,317_WIND_1,0,317,317_WIND_1,105,4767.078059333,4923.625912288,156.547852955
0,poi_bus_108,108,Alger,lagging_095,0.95,17,2020-01-01T17:00:00+00:00,3,branch_A12-1_immediate,branch,A12-1,fixed,short_term,189.020833333,62.128143464,931.674803888,57.3134342,0.000000001,true,false,false,not_converged,,,,,,,,,,,,,213,213_CC_3,105,,,
0,poi_bus_108,108,Alger,lagging_095,0.95,17,2020-01-01T17:00:00+00:00,4,branch_A12-1_sustained,branch,A12-1,bounded,continuous,189.020833333,62.128143464,931.674803888,-100,0.000000002,true,false,false,not_converged,,,,,,,,,,,,,122,122_WIND_1,105,,,
0,poi_bus_108,108,Alger,lagging_095,0.95,17,2020-01-01T17:00:00+00:00,5,branch_A34_immediate,branch,A34,fixed,short_term,189.020833333,62.128143464,931.674803888,57.3134342,0,true,true,false,constraint_violation,0.887279495,108,1.078037288,210,0.062720505,0.789645934,C10,144.746746932,213_RTPV_1,95.431897745,316_STEAM_1,144.746746932,213,213_CC_3,105,4767.078059333,4911.824806265,144.746746932
0,poi_bus_108,108,Alger,lagging_095,0.95,17,2020-01-01T17:00:00+00:00,6,branch_A34_sustained,branch,A34,bounded,continuous,189.020833333,62.128143464,931.674803888,-100,0.000000001,true,true,false,constraint_violation,0.88930245,108,1.07780591,210,0.06069755,1.051475086,CA-1,173.920097635,213_RTPV_1,180.376379733,316_STEAM_1,173.920097635,213,213_CC_3,105,4767.078059333,4940.998156968,173.920097635
0,poi_bus_108,108,Alger,lagging_095,0.95,17,2020-01-01T17:00:00+00:00,7,branch_B12-1_immediate,branch,B12-1,fixed,short_term,189.020833333,62.128143464,931.674803888,57.3134342,0,true,true,false,constraint_violation,0.882835137,207,1.058267652,210,0.067164863,0.794732417,B13-2,141.711436506,213_RTPV_1,95.207941385,316_STEAM_1,141.711436506,213,213_CC_3,105,4767.078059333,4908.789495839,141.711436506
0,poi_bus_108,108,Alger,lagging_095,0.95,17,2020-01-01T17:00:00+00:00,8,branch_B12-1_sustained,branch,B12-1,bounded,continuous,189.020833333,62.128143464,931.674803888,-100,0.000000002,true,true,false,constraint_violation,0.882421263,207,1.057967893,210,0.067578737,0.99926948,B13-2,0,101_STEAM_3,375.802652742,317_WIND_1,0,317,317_WIND_1,105,4767.078059334,4918.047261491,150.969202157
0,poi_bus_108,108,Alger,lagging_095,0.95,17,2020-01-01T17:00:00+00:00,9,branch_B22_immediate,branch,B22,fixed,short_term,189.020833333,62.128143464,931.674803888,57.3134342,0,true,true,false,constraint_violation,0.88712372,108,1.077933624,210,0.06287628,0.789613762,C10,134.660177595,213_RTPV_1,95.2976371,316_STEAM_1,134.660177595,213,213_CC_3,105,4767.078059333,4901.738236928,134.660177595
0,poi_bus_108,108,Alger,lagging_095,0.95,17,2020-01-01T17:00:00+00:00,10,branch_B22_sustained,branch,B22,bounded,continuous,189.020833333,62.128143464,931.674803888,-100,0,true,true,false,constraint_violation,0.888185063,108,1.078946438,210,0.061814937,0.96591113,CA-1,0,101_STEAM_3,120.011235225,316_STEAM_1,0,321,321_CC_1,105,4767.078059333,4908.462472585,141.384413252
0,poi_bus_108,108,Alger,lagging_095,0.95,17,2020-01-01T17:00:00+00:00,11,branch_B6_immediate,branch,B6,fixed,short_term,189.020833333,62.128143464,931.674803888,57.3134342,0.000000002,true,true,false,constraint_violation,0.87648065,108,1.081854316,210,0.07351935,0.789608144,C10,135.279727711,213_RTPV_1,95.277965215,316_STEAM_1,135.279727711,213,213_CC_3,105,4767.078059333,4902.357787044,135.279727711
0,poi_bus_108,108,Alger,lagging_095,0.95,17,2020-01-01T17:00:00+00:00,12,branch_B6_sustained,branch,B6,bounded,continuous,189.020833333,62.128143464,931.674803888,-100,0.000000001,true,true,false,constraint_violation,0.879068648,108,1.081428032,210,0.070931352,0.913522625,CA-1,0,101_STEAM_3,158.648643712,316_STEAM_1,0,122,122_WIND_1,105,4767.078059333,4914.088163935,147.010104602
0,poi_bus_108,108,Alger,lagging_095,0.95,17,2020-01-01T17:00:00+00:00,13,branch_C12-1_immediate,branch,C12-1,fixed,short_term,189.020833333,62.128143464,931.674803888,57.313434201,0.000000002,true,true,false,constraint_violation,0.88720968,108,1.078028006,210,0.06279032,0.876731073,C13-2,146.937443164,213_RTPV_1,102.144346484,316_STEAM_1,146.937443164,213,213_CC_3,105,4767.078059333,4914.015502497,146.937443164
0,poi_bus_108,108,Alger,lagging_095,0.95,17,2020-01-01T17:00:00+00:00,14,branch_C12-1_sustained,branch,C12-1,bounded,continuous,189.020833333,62.128143464,931.674803888,-100,0,true,true,false,constraint_violation,0.891820265,108,1.077666504,210,0.058179735,0.874876903,C13-2,0,101_STEAM_3,378.430308911,317_WIND_1,0,317,317_WIND_1,105,4767.078059333,4908.716163352,141.638104019
0,poi_bus_108,108,Alger,lagging_095,0.95,17,2020-01-01T17:00:00+00:00,15,branch_C27_immediate,branch,C27,fixed,short_term,189.020833333,62.128143464,931.674803888,57.3134342,0,true,true,false,constraint_violation,0.887321428,108,1.077907241,210,0.062678572,0.788068908,C10,146.501926238,213_RTPV_1,129.602002133,316_STEAM_1,146.501926238,213,213_CC_3,105,4767.078059333,4913.579985571,146.501926238
0,poi_bus_108,108,Alger,lagging_095,0.95,17,2020-01-01T17:00:00+00:00,16,branch_C27_sustained,branch,C27,bounded,continuous,189.020833333,62.128143464,931.674803888,-100,0.000000001,true,true,false,constraint_violation,0.888784031,108,1.078791394,210,0.061215969,0.989258651,CA-1,0,101_STEAM_3,161.266560456,316_STEAM_1,0,221,221_CC_1,105,4767.078059333,4918.165439748,151.087380415
0,poi_bus_108,108,Alger,lagging_095,0.95,17,2020-01-01T17:00:00+00:00,17,branch_C6_immediate,branch,C6,fixed,short_term,189.020833333,62.128143464,931.674803888,57.3134342,0.000000002,true,true,false,constraint_violation,0.887198931,108,1.078032067,210,0.062801069,0.783699648,C10,135.655325657,213_RTPV_1,97.834734155,316_STEAM_1,135.655325657,213,213_CC_3,105,4767.078059333,4902.73338499,135.655325657
0,poi_bus_108,108,Alger,lagging_095,0.95,17,2020-01-01T17:00:00+00:00,18,branch_C6_sustained,branch,C6,bounded,continuous,189.020833333,62.128143464,931.674803888,-100,0,true,true,false,constraint_violation,0.889567997,108,1.077735648,210,0.060432003,0.915565438,CA-1,0,101_STEAM_3,154.349866123,316_STEAM_1,0,122,122_WIND_1,105,4767.078059333,4910.945687915,143.867628582
0,poi_bus_108,108,Alger,lagging_095,0.95,17,2020-01-01T17:00:00+00:00,19,branch_CA-1_immediate,branch,CA-1,fixed,short_term,189.020833333,62.128143464,931.674803888,57.3134342,0,true,true,false,constraint_violation,0.877245923,108,1.078259388,210,0.072754077,1.288425689,CB-1,232.875800902,213_RTPV_1,252.903496776,316_STEAM_1,232.875800902,213,213_CC_3,105,4767.078059333,4999.953860235,232.875800902
0,poi_bus_108,108,Alger,lagging_095,0.95,17,2020-01-01T17:00:00+00:00,20,branch_CA-1_sustained,branch,CA-1,bounded,continuous,189.020833333,62.128143464,931.674803888,100,0.000000001,true,true,false,constraint_violation,0.877818585,108,1.077548715,210,0.072181415,1.225713111,CB-1,104.072855365,115_STEAM_3,178.669564586,316_STEAM_1,0,115,115_STEAM_3,105,4767.078059333,4964.150914698,197.072855365
0,poi_bus_108,108,Alger,lagging_095,0.95,17,2020-01-01T17:00:00+00:00,21,generator_121_NUCLEAR_1_sustained,generator,121_NUCLEAR_1,bounded,continuous,189.020833333,62.128143464,931.674803888,-99.999999999,0,true,true,false,constraint_violation,0.889346355,108,1.07749946,210,0.060653645,0.948755715,C27,90.016463856,317_WIND_1,402.171427554,317_WIND_1,0,317,317_WIND_1,104,4767.078059333,4890.416463856,123.338404523
0,poi_bus_108,108,Alger,lagging_095,0.95,17,2020-01-01T17:00:00+00:00,22,generator_213_CC_3_sustained,generator,213_CC_3,bounded,continuous,189.020833333,62.128143464,931.674803888,-100,0,true,true,false,constraint_violation,0.884931363,108,1.068815438,210,0.065068637,0.910615707,C10,53.758457906,317_WIND_1,415.796078377,317_WIND_1,0,317,317_WIND_1,104,4767.078059333,4899.158457906,132.080398573
0,poi_bus_108,108,Alger,lagging_095,0.95,17,2020-01-01T17:00:00+00:00,23,generator_313_CC_1_sustained,generator,313_CC_1,bounded,continuous,189.020833333,62.128143464,931.674803888,6.918718249,0,true,true,false,constraint_violation,0.888050665,108,1.077594848,210,0.061949335,1.092682403,CA-1,177.339315724,213_RTPV_1,245.761529514,316_STEAM_1,177.339315724,213,213_CC_3,104,4767.078059333,4944.417375057,177.339315724
0,poi_bus_108,108,Alger,lagging_095,0.95,18,2020-01-01T18:00:00+00:00,0,normal,normal,,base,continuous,188.833333333,62.066515194,926.859082204,-79.689411373,0,true,true,false,constraint_violation,0.890174721,108,1.077546382,210,0.059825279,0.896935213,C10,134.259921308,213_RTPV_1,123.580044649,316_STEAM_1,134.259921308,213,213_CC_3,105,4743.227099333,4877.487020641,134.259921308
0,poi_bus_108,108,Alger,lagging_095,0.95,18,2020-01-01T18:00:00+00:00,1,branch_A11_immediate,branch,A11,fixed,short_term,188.833333333,62.066515194,926.859082204,-79.689411371,0.000000001,true,true,false,constraint_violation,0.830111789,108,1.079033312,210,0.119888211,0.784868206,C10,138.513082426,213_RTPV_1,123.85831255,316_STEAM_1,138.513082426,213,213_CC_3,105,4743.227099333,4881.740181759,138.513082426
0,poi_bus_108,108,Alger,lagging_095,0.95,18,2020-01-01T18:00:00+00:00,2,branch_A11_sustained,branch,A11,bounded,continuous,188.833333333,62.066515194,926.859082204,-100,0.000000001,true,true,false,constraint_violation,0.832970326,108,1.078598035,210,0.117029674,0.955989164,A13-2,0,101_STEAM_3,379.911513118,317_WIND_1,0,317,317_WIND_1,105,4743.227099333,4883.547000838,140.319901505
0,poi_bus_108,108,Alger,lagging_095,0.95,18,2020-01-01T18:00:00+00:00,3,branch_A12-1_immediate,branch,A12-1,fixed,short_term,188.833333333,62.066515194,926.859082204,-79.689411372,0,true,false,false,not_converged,,,,,,,,,,,,,213,213_CC_3,105,,,
0,poi_bus_108,108,Alger,lagging_095,0.95,18,2020-01-01T18:00:00+00:00,4,branch_A12-1_sustained,branch,A12-1,bounded,continuous,188.833333333,62.066515194,926.859082204,-29.713777113,0.000000001,true,false,false,not_converged,,,,,,,,,,,,,317,317_WIND_1,105,,,
0,poi_bus_108,108,Alger,lagging_095,0.95,18,2020-01-01T18:00:00+00:00,5,branch_A34_immediate,branch,A34,fixed,short_term,188.833333333,62.066515194,926.859082204,-79.689411373,0,true,true,false,constraint_violation,0.890273975,108,1.077546869,210,0.059726025,0.784879136,C10,143.168182292,213_RTPV_1,123.928696302,316_STEAM_1,143.168182292,213,213_CC_3,105,4743.227099333,4886.395281625,143.168182292
0,poi_bus_108,108,Alger,lagging_095,0.95,18,2020-01-01T18:00:00+00:00,6,branch_A34_sustained,branch,A34,bounded,continuous,188.833333333,62.066515194,926.859082204,-100.000000001,0,true,true,false,constraint_violation,0.890378228,108,1.077253636,210,0.059621772,0.959445291,CA-1,0,101_STEAM_3,375.268760539,317_WIND_1,0,317,317_WIND_1,105,4743.227099333,4903.884812653,160.65771332
0,poi_bus_108,108,Alger,lagging_095,0.95,18,2020-01-01T18:00:00+00:00,7,branch_B12-1_immediate,branch,B12-1,fixed,short_term,188.833333333,62.066515194,926.859082204,-79.689411372,0.000000001,true,true,false,constraint_violation,0.876907522,207,1.056884403,210,0.073092478,0.809801082,B13-2,142.138211271,213_RTPV_1,123.56405357,316_STEAM_1,142.138211271,213,213_CC_3,105,4743.227099333,4885.365310604,142.138211271
0,poi_bus_108,108,Alger,lagging_095,0.95,18,2020-01-01T18:00:00+00:00,8,branch_B12-1_sustained,branch,B12-1,bounded,continuous,188.833333333,62.066515194,926.859082204,-99.999999999,0.000000001,true,true,false,constraint_violation,0.877862429,207,1.057567737,210,0.072137571,1.017606185,B13-2,0,101_STEAM_3,383.731272079,317_WIND_1,0,317,317_WIND_1,105,4743.227099333,4890.470980543,147.24388121
0,poi_bus_108,108,Alger,lagging_095,0.95,18,2020-01-01T18:00:00+00:00,9,branch_B22_immediate,branch,B22,fixed,short_term,188.833333333,62.066515194,926.859082204,-79.689411373,0,true,true,false,constraint_violation,0.889983991,108,1.077383589,210,0.060016009,0.784852529,C10,134.879894891,213_RTPV_1,123.763434449,316_STEAM_1,134.879894891,213,213_CC_3,105,4743.227099333,4878.106994224,134.879894891
0,poi_bus_108,108,Alger,lagging_095,0.95,18,2020-01-01T18:00:00+00:00,10,branch_B22_sustained,branch,B22,bounded,continuous,188.833333333,62.066515194,926.859082204,-100,0,true,true,false,constraint_violation,0.890500789,108,1.077442455,210,0.059499211,0.908619762,C10,0,101_STEAM_3,80.194252557,316_STEAM_1,0,221,221_CC_1,105,4743.227099333,4861.983780094,118.756680761
0,poi_bus_108,108,Alger,lagging_095,0.95,18,2020-01-01T18:00:00+00:00,11,branch_B6_immediate,branch,B6,fixed,short_term,188.833333333,62.066515194,926.859082204,-79.689411372,0,true,true,false,constraint_violation,0.879806889,108,1.081180936,210,0.070193111,0.784838871,C10,135.175357333,213_RTPV_1,123.686427968,316_STEAM_1,135.175357333,213,213_CC_3,105,4743.227099333,4878.402456666,135.175357333
0,poi_bus_108,108,Alger,lagging_095,0.95,18,2020-01-01T18:00:00+00:00,12,branch_B6_sustained,branch,B6,bounded,continuous,188.833333333,62.066515194,926.859082204,-100,0,true,true,false,constraint_violation,0.880015287,108,1.08081886,210,0.069984713,0.96957354,CA-1,0,101_STEAM_3,157.77691178,316_STEAM_1,0,321,321_CC_1,105,4743.227099334,4892.860111704,149.63301237
0,poi_bus_108,108,Alger,lagging_095,0.95,18,2020-01-01T18:00:00+00:00,13,branch_C12-1_immediate,branch,C12-1,fixed,short_term,188.833333333,62.066515194,926.859082204,-79.689411373,0,true,true,false,constraint_violation,0.89023458,108,1.077537253,210,0.05976542,0.859710644,C13-2,146.227897989,213_RTPV_1,130.213499982,316_STEAM_1,146.227897989,213,213_CC_3,105,4743.227099333,4889.454997322,146.227897989
0,poi_bus_108,108,Alger,lagging_095,0.95,18,2020-01-01T18:00:00+00:00,14,branch_C12-1_sustained,branch,C12-1,bounded,continuous,188.833333333,62.066515194,926.859082204,-100,0.000000001,true,true,false,constraint_violation,0.890282862,108,1.0772563,210,0.059717138,0.975277529,CA-1,0,101_STEAM_3,392.217691161,317_WIND_1,0,317,317_WIND_1,105,4743.227099333,4896.079381112,152.852281779
0,poi_bus_108,108,Alger,lagging_095,0.95,18,2020-01-01T18:00:00+00:00,15,branch_C27_immediate,branch,C27,fixed,short_term,188.833333333,62.066515194,926.859082204,-79.689411372,0.000000001,true,true,false,constraint_violation,0.890598106,108,1.077365222,210,0.059401894,0.783041102,C10,155.746520627,213_RTPV_1,180.018752192,316_STEAM_1,155.746520627,213,213_CC_3,105,4743.227099333,4898.97361996,155.746520627
0,poi_bus_108,108,Alger,lagging_095,0.95,18,2020-01-01T18:00:00+00:00,16,branch_C27_sustained,branch,C27,bounded,continuous,188.833333333,62.066515194,926.859082204,-100,0.000000001,true,true,false,constraint_violation,0.889441078,108,1.078297452,210,0.060558922,0.912073994,C10,49.049589145,223_STEAM_2,169.674678171,316_STEAM_1,142.049589145,223,223_STEAM_3,105,4743.227099333,4885.276688478,142.049589145
0,poi_bus_108,108,Alger,lagging_095,0.95,18,2020-01-01T18:00:00+00:00,17,branch_C6_immediate,branch,C6,fixed,short_term,188.833333333,62.066515194,926.859082204,-79.689411373,0,true,true,false,constraint_violation,0.890213004,108,1.077536693,210,0.059786996,0.778167176,C10,136.06774993,213_RTPV_1,127.058562804,316_STEAM_1,136.06774993,213,213_CC_3,105,4743.227099333,4879.294849263,136.06774993
0,poi_bus_108,108,Alger,lagging_095,0.95,18,2020-01-01T18:00:00+00:00,18,branch_C6_sustained,branch,C6,bounded,continuous,188.833333333,62.066515194,926.859082204,-100,0,true,true,false,constraint_violation,0.889697485,108,1.077023421,210,0.060302515,0.891270592,C10,0,101_STEAM_3,401.194641233,317_WIND_1,0,317,317_WIND_1,105,4743.227099333,4878.084658799,134.857559466
0,poi_bus_108,108,Alger,lagging_095,0.95,18,2020-01-01T18:00:00+00:00,19,branch_CA-1_immediate,branch,CA-1,fixed,short_term,188.833333333,62.066515194,926.859082204,-79.689411372,0.000000001,true,true,false,constraint_violation,0.878176311,108,1.077752349,210,0.071823689,1.271500108,CB-1,236.373169292,213_RTPV_1,296.364975616,316_STEAM_1,236.373169292,213,213_CC_3,105,4743.227099333,4979.600268625,236.373169292
0,poi_bus_108,108,Alger,lagging_095,0.95,18,2020-01-01T18:00:00+00:00,20,branch_CA-1_sustained,branch,CA-1,bounded,continuous,188.833333333,62.066515194,926.859082204,100,0.000000001,true,true,false,constraint_violation,0.878070285,108,1.077214155,210,0.071929715,0.900505311,C10,155.683256109,313_RTPV_7,134.087134757,316_STEAM_1,155.683256109,313,313_CC_1,105,4743.227099333,4898.910355442,155.683256109
0,poi_bus_108,108,Alger,lagging_095,0.95,18,2020-01-01T18:00:00+00:00,21,generator_121_NUCLEAR_1_sustained,generator,121_NUCLEAR_1,bounded,continuous,188.833333333,62.066515194,926.859082204,-100.000000001,0,true,true,false,constraint_violation,0.890549168,108,1.076804886,210,0.059450832,0.903927759,C10,118.057867929,213_RTPV_1,103.583210299,316_STEAM_1,118.057867929,213,213_CC_3,104,4743.227099333,4861.284967262,118.057867929
0,poi_bus_108,108,Alger,lagging_095,0.95,18,2020-01-01T18:00:00+00:00,22,generator_213_CC_3_sustained,generator,213_CC_3,bounded,continuous,188.833333333,62.066515194,926.859082204,-100,0.000000001,true,true,false,constraint_violation,0.885622432,108,1.067599887,210,0.064377568,0.918317344,C27,29.358393309,317_WIND_1,428.443435888,317_WIND_1,0,317,317_WIND_1,104,4743.227099333,4875.258393309,132.031293976
0,poi_bus_108,108,Alger,lagging_095,0.95,18,2020-01-01T18:00:00+00:00,23,generator_313_CC_1_sustained,generator,313_CC_1,bounded,continuous,188.833333333,62.066515194,926.859082204,-100,0,true,true,false,constraint_violation,0.89060164,108,1.077209963,210,0.05939836,1.059124972,CA-1,169.011944971,213_RTPV_1,255.08131858,316_STEAM_1,169.011944971,213,213_CC_3,104,4743.227099333,4912.239044304,169.011944971
0,poi_bus_108,108,Alger,lagging_095,0.95,19,2020-01-01T19:00:00+00:00,0,normal,normal,,base,continuous,188.895833333,62.087057951,905.491554147,-29.969999355,0.000000001,true,true,false,constraint_violation,0.886661579,108,1.059808602,210,0.063338421,0.938376725,C27,0,101_STEAM_3,98.523991922,213_CC_3,0,213,213_CC_3,104,4638.293987333,4766.926345005,128.632357672
0,poi_bus_108,108,Alger,lagging_095,0.95,19,2020-01-01T19:00:00+00:00,1,branch_A11_immediate,branch,A11,fixed,short_term,188.895833333,62.087057951,905.491554147,-29.969999356,0,true,true,false,constraint_violation,0.830948196,108,1.061321016,210,0.119051804,0.783111037,C10,0,101_STEAM_3,105.672019075,213_CC_3,0,213,213_CC_3,104,4638.293987333,4770.118080232,131.824092899
0,poi_bus_108,108,Alger,lagging_095,0.95,19,2020-01-01T19:00:00+00:00,2,branch_A11_sustained,branch,A11,bounded,continuous,188.895833333,62.087057951,905.491554147,-99.999999999,0.000000001,true,true,false,constraint_violation,0.832982196,108,1.061475277,210,0.117017804,1.144261087,C27,0,101_STEAM_3,408.993074406,317_WIND_1,0,317,317_WIND_1,104,4638.293987333,4801.289317644,162.995330311
0,poi_bus_108,108,Alger,lagging_095,0.95,19,2020-01-01T19:00:00+00:00,3,branch_A12-1_immediate,branch,A12-1,fixed,short_term,188.895833333,62.087057951,905.491554147,-29.969999356,0.000000001,true,false,false,not_converged,,,,,,,,,,,,,213,213_CC_3,104,,,
0,poi_bus_108,108,Alger,lagging_095,0.95,19,2020-01-01T19:00:00+00:00,4,branch_A12-1_sustained,branch,A12-1,bounded,continuous,188.895833333,62.087057951,905.491554147,100,0,true,false,false,not_converged,,,,,,,,,,,,,317,317_WIND_1,104,,,
0,poi_bus_108,108,Alger,lagging_095,0.95,19,2020-01-01T19:00:00+00:00,5,branch_A34_immediate,branch,A34,fixed,short_term,188.895833333,62.087057951,905.491554147,-29.969999356,0,true,true,false,constraint_violation,0.886864571,108,1.059811942,210,0.063135429,0.782941963,C10,0,101_STEAM_3,99.810867492,213_CC_3,0,213,213_CC_3,104,4638.293987333,4777.733103334,139.439116001
0,poi_bus_108,108,Alger,lagging_095,0.95,19,2020-01-01T19:00:00+00:00,6,branch_A34_sustained,branch,A34,bounded,continuous,188.895833333,62.087057951,905.491554147,-99.999999999,0,true,true,false,constraint_violation,0.887656408,108,1.059842355,210,0.062343592,0.906775562,C10,0,101_STEAM_3,394.075966364,317_WIND_1,0,317,317_WIND_1,104,4638.293987333,4782.011764818,143.717777485
0,poi_bus_108,108,Alger,lagging_095,0.95,19,2020-01-01T19:00:00+00:00,7,branch_B12-1_immediate,branch,B12-1,fixed,short_term,188.895833333,62.087057951,905.491554147,-29.969999356,0.000000001,true,true,false,constraint_violation,0.855181597,207,1.051005921,317,0.094818403,0.803117181,B13-2,0,101_STEAM_3,90.982624114,316_STEAM_1,0,213,213_CC_3,104,4638.293987333,4775.378587645,137.084600312
0,poi_bus_108,108,Alger,lagging_095,0.95,19,2020-01-01T19:00:00+00:00,8,branch_B12-1_sustained,branch,B12-1,bounded,continuous,188.895833333,62.087057951,905.491554147,-100,0.000000002,true,true,false,constraint_violation,0.855607461,207,1.05,201,0.094392539,1.051556324,C27,0,101_STEAM_3,395.419928249,317_WIND_1,0,317,317_WIND_1,104,4638.293987333,4804.383806975,166.089819642
0,poi_bus_108,108,Alger,lagging_095,0.95,19,2020-01-01T19:00:00+00:00,9,branch_B22_immediate,branch,B22,fixed,short_term,188.895833333,62.087057951,905.491554147,-29.969999357,0,true,true,false,constraint_violation,0.885836959,108,1.059282218,210,0.064163041,0.782995579,C10,0,101_STEAM_3,91.589074831,316_STEAM_1,0,213,213_CC_3,104,4638.293987333,4768.626432594,130.332445261
0,poi_bus_108,108,Alger,lagging_095,0.95,19,2020-01-01T19:00:00+00:00,10,branch_B22_sustained,branch,B22,bounded,continuous,188.895833333,62.087057951,905.491554147,-100,0,true,true,false,constraint_violation,0.889290253,108,1.059739301,210,0.060709747,0.914535115,C10,0,101_STEAM_3,74.102890245,316_STEAM_1,0,122,122_WIND_1,104,4638.293987333,4751.776085785,113.482098452
0,poi_bus_108,108,Alger,lagging_095,0.95,19,2020-01-01T19:00:00+00:00,11,branch_B6_immediate,branch,B6,fixed,short_term,188.895833333,62.087057951,905.491554147,-29.969999356,0.000000001,true,true,false,constraint_violation,0.879501872,108,1.062118156,210,0.070498128,0.783173311,C10,0,101_STEAM_3,107.951177731,213_CC_3,0,213,213_CC_3,104,4638.293987333,4767.613558295,129.319570962
0,poi_bus_108,108,Alger,lagging_095,0.95,19,2020-01-01T19:00:00+00:00,12,branch_B6_sustained,branch,B6,bounded,continuous,188.895833333,62.087057951,905.491554147,-100,0,true,true,false,constraint_violation,0.87796828,108,1.062386879,210,0.07203172,0.917342402,C27,0,101_STEAM_3,117.873782353,213_CC_3,0,213,213_CC_3,104,4638.293987333,4767.050826752,128.756839419
0,poi_bus_108,108,Alger,lagging_095,0.95,19,2020-01-01T19:00:00+00:00,13,branch_C12-1_immediate,branch,C12-1,fixed,short_term,188.895833333,62.087057951,905.491554147,-29.969999356,0,true,true,false,constraint_violation,0.886785315,108,1.059802323,210,0.063214685,0.823658032,C13-2,0,101_STEAM_3,99.60154849,213_CC_3,0,213,213_CC_3,104,4638.293987333,4776.897822665,138.603835332
0,poi_bus_108,108,Alger,lagging_095,0.95,19,2020-01-01T19:00:00+00:00,14,branch_C12-1_sustained,branch,C12-1,bounded,continuous,188.895833333,62.087057951,905.491554147,-100,0,true,true,false,constraint_violation,0.8885003,108,1.060107808,210,0.0614997,1.072246423,C27,0,101_STEAM_3,184.841685166,316_STEAM_1,0,213,213_CC_3,104,4638.293987334,4799.786105077,161.492117743
0,poi_bus_108,108,Alger,lagging_095,0.95,19,2020-01-01T19:00:00+00:00,15,branch_C27_immediate,branch,C27,fixed,short_term,188.895833333,62.087057951,905.491554147,-29.969999356,0.000000001,true,true,false,constraint_violation,0.887912645,108,1.059551135,210,0.062087355,0.88478291,C29,0,101_STEAM_3,157.252463513,316_STEAM_1,0,213,213_CC_3,104,4638.293987333,4790.347918531,152.053931198
0,poi_bus_108,108,Alger,lagging_095,0.95,19,2020-01-01T19:00:00+00:00,16,branch_C27_sustained,branch,C27,bounded,continuous,188.895833333,62.087057951,905.491554147,-100,0.000000001,true,true,false,constraint_violation,0.889719924,108,1.059823805,210,0.060280076,0.988003113,CA-1,0,101_STEAM_3,245.489449206,317_WIND_1,0,317,317_WIND_1,104,4638.293987333,4793.950245102,155.656257769
0,poi_bus_108,108,Alger,lagging_095,0.95,19,2020-01-01T19:00:00+00:00,17,branch_C6_immediate,branch,C6,fixed,short_term,188.895833333,62.087057951,905.491554147,-29.969999356,0,true,true,false,constraint_violation,0.886747993,108,1.059795658,210,0.063252007,0.775303607,B10,0,101_STEAM_3,98.554343673,213_CC_3,0,213,213_CC_3,104,4638.293987333,4768.644513103,130.35052577
0,poi_bus_108,108,Alger,lagging_095,0.95,19,2020-01-01T19:00:00+00:00,18,branch_C6_sustained,branch,C6,bounded,continuous,188.895833333,62.087057951,905.491554147,-100,0,true,true,false,constraint_violation,0.886262756,108,1.059963939,210,0.063737244,0.8990727,C10,0,101_STEAM_3,394.463310155,317_WIND_1,0,317,317_WIND_1,104,4638.293987333,4770.997240169,132.703252836
0,poi_bus_108,108,Alger,lagging_095,0.95,19,2020-01-01T19:00:00+00:00,19,branch_CA-1_immediate,branch,CA-1,fixed,short_term,188.895833333,62.087057951,905.491554147,-29.969999356,0.000000001,true,true,false,constraint_violation,0.873980423,108,1.060529952,210,0.076019577,1.062640979,C27,3.912098822,213_CC_3,219.724027414,316_STEAM_1,0,213,213_CC_3,104,4638.293987333,4827.206086155,188.912098822
0,poi_bus_108,108,Alger,lagging_095,0.95,19,2020-01-01T19:00:00+00:00,20,branch_CA-1_sustained,branch,CA-1,bounded,continuous,188.895833333,62.087057951,905.491554147,100.000000001,0.000000001,true,true,false,constraint_violation,0.873845073,108,1.060021736,210,0.076154927,0.924620949,C27,0,101_STEAM_3,363.738902994,317_WIND_1,0,317,317_WIND_1,104,4638.293987333,4799.730894525,161.436907192
0,poi_bus_108,108,Alger,lagging_095,0.95,19,2020-01-01T19:00:00+00:00,21,generator_121_NUCLEAR_1_sustained,generator,121_NUCLEAR_1,bounded,continuous,188.895833333,62.087057951,905.491554147,-99.999999999,0,true,true,false,constraint_violation,0.878618582,108,1.058287298,210,0.071381418,0.968826417,C27,127.214281833,313_RTPV_11,205.569278644,216_STEAM_1,127.214281833,313,313_CC_1,103,4638.293987333,4765.508269166,127.214281833
0,poi_bus_108,108,Alger,lagging_095,0.95,19,2020-01-01T19:00:00+00:00,22,generator_213_CC_3_sustained,generator,213_CC_3,bounded,continuous,188.895833333,62.087057951,905.491554147,-100,0,true,true,false,constraint_violation,0.891664891,108,1.068509285,210,0.058335109,0.998606229,C27,0,101_STEAM_3,441.318652657,317_WIND_1,0,317,317_WIND_1,103,4638.293987333,4768.483279171,130.189291838
0,poi_bus_108,108,Alger,lagging_095,0.95,19,2020-01-01T19:00:00+00:00,23,generator_313_CC_1_sustained,generator,313_CC_1,bounded,continuous,188.895833333,62.087057951,905.491554147,-11.665208763,0,true,true,false,constraint_violation,0.8795848,108,1.07774904,210,0.0704152,0.995082839,C27,0,101_STEAM_3,505.097625861,316_STEAM_1,0,317,317_WIND_1,103,4638.293987333,4802.214705747,163.920718414
0,poi_bus_108,108,Alger,lagging_095,0.95,20,2020-01-01T20:00:00+00:00,0,normal,normal,,base,continuous,189.041666667,62.13499105,873.422843137,-35.02519836,0.000000001,true,true,false,constraint_violation,0.8833238,108,1.07892852,210,0.0666762,1.005893769,C27,123.424454494,213_RTPV_1,211.511433493,216_STEAM_1,123.424454494,213,213_CC_3,102,4480.860809667,4604.285264161,123.424454494
0,poi_bus_108,108,Alger,lagging_095,0.95,20,2020-01-01T20:00:00+00:00,1,branch_A11_immediate,branch,A11,fixed,short_term,189.041666667,62.13499105,873.422843137,-35.025198361,0,true,true,false,constraint_violation,0.828761779,108,1.080371764,210,0.121238221,0.808891498,C27,126.90739404,213_RTPV_1,210.868985402,216_STEAM_1,126.90739404,213,213_CC_3,102,4480.860809667,4607.768203707,126.90739404
0,poi_bus_108,108,Alger,lagging_095,0.95,20,2020-01-01T20:00:00+00:00,2,branch_A11_sustained,branch,A11,bounded,continuous,189.041666667,62.13499105,873.422843137,100,0,true,true,false,constraint_violation,0.824810321,108,1.079818379,210,0.125189679,1.024437338,C27,0,101_STEAM_3,217.959534594,216_STEAM_1,0,123,123_STEAM_3,102,4480.860809667,4618.344519061,137.483709394
0,poi_bus_108,108,Alger,lagging_095,0.95,20,2020-01-01T20:00:00+00:00,3,branch_A12-1_immediate,branch,A12-1,fixed,short_term,189.041666667,62.13499105,873.422843137,-35.02519836,0,true,false,false,not_converged,,,,,,,,,,,,,213,213_CC_3,102,,,
0,poi_bus_108,108,Alger,lagging_095,0.95,20,2020-01-01T20:00:00+00:00,4,branch_A12-1_sustained,branch,A12-1,bounded,continuous,189.041666667,62.13499105,873.422843137,-100,0.000000001,true,false,false,not_converged,,,,,,,,,,,,,317,317_WIND_1,102,,,
0,poi_bus_108,108,Alger,lagging_095,0.95,20,2020-01-01T20:00:00+00:00,5,branch_A34_immediate,branch,A34,fixed,short_term,189.041666667,62.13499105,873.422843137,-35.02519836,0.000000002,true,true,false,constraint_violation,0.88356524,108,1.078932628,210,0.06643476,0.814031832,C27,138.184919954,213_RTPV_1,211.080967018,216_STEAM_1,138.184919954,213,213_CC_3,102,4480.860809667,4619.045729621,138.184919954
0,poi_bus_108,108,Alger,lagging_095,0.95,20,2020-01-01T20:00:00+00:00,6,branch_A34_sustained,branch,A34,bounded,continuous,189.041666667,62.13499105,873.422843137,-100,0,true,true,false,constraint_violation,0.884677318,108,1.079325343,210,0.065322682,0.926469004,CA-1,0,101_STEAM_3,213.930058567,321_CC_1,0,317,317_WIND_1,102,4480.860809667,4641.541475172,160.680665505
0,poi_bus_108,108,Alger,lagging_095,0.95,20,2020-01-01T20:00:00+00:00,7,branch_B12-1_immediate,branch,B12-1,fixed,short_term,189.041666667,62.13499105,873.422843137,-35.02519836,0.000000002,true,true,false,constraint_violation,0.883781433,108,1.060882963,210,0.066218567,0.804382705,C27,130.37862562,213_RTPV_1,211.670020676,216_STEAM_1,130.37862562,213,213_CC_3,102,4480.860809667,4611.239435287,130.37862562
0,poi_bus_108,108,Alger,lagging_095,0.95,20,2020-01-01T20:00:00+00:00,8,branch_B12-1_sustained,branch,B12-1,bounded,continuous,189.041666667,62.13499105,873.422843137,-100,0,true,true,false,constraint_violation,0.881495337,108,1.061247731,210,0.068504663,1.048833879,C27,45.182854906,223_STEAM_2,218.777911238,216_STEAM_1,138.182854906,223,223_STEAM_3,102,4480.860809667,4619.043664573,138.182854906
0,poi_bus_108,108,Alger,lagging_095,0.95,20,2020-01-01T20:00:00+00:00,9,branch_B22_immediate,branch,B22,fixed,short_term,189.041666667,62.13499105,873.422843137,-35.02519836,0.000000002,true,true,false,constraint_violation,0.882581039,108,1.078248797,210,0.067418961,0.811600483,C27,125.842569816,213_RTPV_1,220.714093655,216_STEAM_1,125.842569816,213,213_CC_3,102,4480.860809667,4606.703379483,125.842569816
0,poi_bus_108,108,Alger,lagging_095,0.95,20,2020-01-01T20:00:00+00:00,10,branch_B22_sustained,branch,B22,bounded,continuous,189.041666667,62.13499105,873.422843137,-100,0.000000001,true,true,false,constraint_violation,0.887364193,108,1.079043832,210,0.062635807,0.906007839,C10,0,101_STEAM_3,224.943642134,317_WIND_1,0,317,317_WIND_1,102,4480.860809667,4622.137275892,141.276466225
0,poi_bus_108,108,Alger,lagging_095,0.95,20,2020-01-01T20:00:00+00:00,11,branch_B6_immediate,branch,B6,fixed,short_term,189.041666667,62.13499105,873.422843137,-35.025198361,0,true,true,false,constraint_violation,0.869875378,108,1.08361603,210,0.080124622,0.807073989,C27,124.555796411,213_RTPV_1,211.234709894,216_STEAM_1,124.555796411,213,213_CC_3,102,4480.860809667,4605.416606078,124.555796411
0,poi_bus_108,108,Alger,lagging_095,0.95,20,2020-01-01T20:00:00+00:00,12,branch_B6_sustained,branch,B6,bounded,continuous,189.041666667,62.13499105,873.422843137,-100,0,true,true,false,constraint_violation,0.870244889,108,1.08367719,210,0.079755111,0.887260811,C10,0,101_STEAM_3,246.953478955,317_WIND_1,0,317,317_WIND_1,102,4480.860809667,4616.890875876,136.030066209
0,poi_bus_108,108,Alger,lagging_095,0.95,20,2020-01-01T20:00:00+00:00,13,branch_C12-1_immediate,branch,C12-1,fixed,short_term,189.041666667,62.13499105,873.422843137,-35.02519836,0.000000001,true,true,false,constraint_violation,0.88340778,108,1.078925914,210,0.06659222,0.810410931,C27,131.706348734,213_RTPV_1,211.290338606,216_STEAM_1,131.706348734,213,213_CC_3,102,4480.860809667,4612.567158401,131.706348734
0,poi_bus_108,108,Alger,lagging_095,0.95,20,2020-01-01T20:00:00+00:00,14,branch_C12-1_sustained,branch,C12-1,bounded,continuous,189.041666667,62.13499105,873.422843137,-100,0.000000001,true,true,false,constraint_violation,0.884685696,108,1.079323464,210,0.065314304,0.971987308,CA-1,0,101_STEAM_3,216.837189271,321_CC_1,0,317,317_WIND_1,102,4480.860809667,4632.689695591,151.828885924
0,poi_bus_108,108,Alger,lagging_095,0.95,20,2020-01-01T20:00:00+00:00,15,branch_C27_immediate,branch,C27,fixed,short_term,189.041666667,62.13499105,873.422843137,-35.025198361,0,true,true,false,constraint_violation,0.884348604,108,1.078650931,210,0.065651396,0.989786804,C29,151.160730534,213_RTPV_1,213.00000916,216_STEAM_1,151.160730534,213,213_CC_3,102,4480.860809667,4632.021540201,151.160730534
0,poi_bus_108,108,Alger,lagging_095,0.95,20,2020-01-01T20:00:00+00:00,16,branch_C27_sustained,branch,C27,bounded,continuous,189.041666667,62.13499105,873.422843137,-100,0.000000001,true,true,false,constraint_violation,0.887593966,108,1.079071593,210,0.062406034,0.995306094,CA-1,0,101_STEAM_3,323.934938577,321_CC_1,0,317,317_WIND_1,102,4480.860809667,4640.754077397,159.89326773
0,poi_bus_108,108,Alger,lagging_095,0.95,20,2020-01-01T20:00:00+00:00,17,branch_C6_immediate,branch,C6,fixed,short_term,189.041666667,62.13499105,873.422843137,-35.02519836,0,true,true,false,constraint_violation,0.883435776,108,1.078909132,210,0.066564224,0.818953509,C27,126.760505274,213_RTPV_1,211.538575615,216_STEAM_1,126.760505274,213,213_CC_3,102,4480.860809667,4607.621314941,126.760505274
0,poi_bus_108,108,Alger,lagging_095,0.95,20,2020-01-01T20:00:00+00:00,18,branch_C6_sustained,branch,C6,bounded,continuous,189.041666667,62.13499105,873.422843137,-100,0.000000001,true,true,false,constraint_violation,0.88759693,108,1.079199814,210,0.06240307,0.884765977,CA-1,0,101_STEAM_3,227.618248931,317_WIND_1,0,317,317_WIND_1,102,4480.860809667,4622.09628656,141.235476893
0,poi_bus_108,108,Alger,lagging_095,0.95,20,2020-01-01T20:00:00+00:00,19,branch_CA-1_immediate,branch,CA-1,fixed,short_term,189.041666667,62.13499105,873.422843137,-35.02519836,0.000000001,true,true,false,constraint_violation,0.87513554,108,1.079638316,210,0.07486446,1.049518575,C27,161.9126299,213_RTPV_1,217.067486213,216_STEAM_1,161.9126299,213,213_CC_3,102,4480.860809667,4642.773439567,161.9126299
0,poi_bus_108,108,Alger,lagging_095,0.95,20,2020-01-01T20:00:00+00:00,20,branch_CA-1_sustained,branch,CA-1,bounded,continuous,189.041666667,62.13499105,873.422843137,62.860407425,0,true,true,false,constraint_violation,0.879924106,108,1.07855918,210,0.070075894,1.053209632,C27,0,101_STEAM_3,214.751221167,216_STEAM_1,0,122,122_WIND_1,102,4480.860809667,4603.070690355,122.209880688
0,poi_bus_108,108,Alger,lagging_095,0.95,20,2020-01-01T20:00:00+00:00,21,generator_121_NUCLEAR_1_sustained,generator,121_NUCLEAR_1,bounded,continuous,189.041666667,62.13499105,873.422843137,-100,0.000000001,true,true,false,constraint_violation,0.894000309,108,1.061016536,210,0.055999691,1.043283885,C27,0,101_STEAM_3,103.071631197,213_CC_3,0,213,213_CC_3,101,4480.860809667,4599.047193096,118.186383429
0,poi_bus_108,108,Alger,lagging_095,0.95,20,2020-01-01T20:00:00+00:00,22,generator_213_CC_3_sustained,generator,213_CC_3,bounded,continuous,189.041666667,62.13499105,873.422843137,-100,0.000000001,true,true,false,constraint_violation,0.891039099,108,1.071237313,210,0.058960901,0.980739121,C27,0,101_STEAM_3,42.734753624,321_CC_1,0,303,303_WIND_1,101,4480.860809666,4616.916382078,136.055572412
0,poi_bus_108,108,Alger,lagging_095,0.95,20,2020-01-01T20:00:00+00:00,23,generator_313_CC_1_sustained,generator,313_CC_1,bounded,continuous,189.041666667,62.13499105,873.422843137,-100,0.000000002,true,true,false,constraint_violation,0.896497923,108,1.080427041,210,0.053502077,0.984838066,CA-1,0,101_STEAM_3,228.064290398,321_CC_1,0,317,317_WIND_1,101,4480.860809666,4636.644374168,155.783564502
0,poi_bus_108,108,Alger,lagging_095,0.95,21,2020-01-01T21:00:00+00:00,0,normal,normal,,base,continuous,188.895833333,62.087057951,817.335364035,-100.000000001,0,true,true,false,constraint_violation,0.894848326,307,1.064357488,210,0.055151674,0.938570286,C27,0,101_STEAM_3,112.894354873,213_CC_3,0,213,213_CC_3,99,4205.112708334,4320.08207732,114.969368986
0,poi_bus_108,108,Alger,lagging_095,0.95,21,2020-01-01T21:00:00+00:00,1,branch_A11_immediate,branch,A11,fixed,short_term,188.895833333,62.087057951,817.335364035,-100,0,true,true,false,constraint_violation,0.847960736,108,1.065759822,210,0.102039264,0.760766221,B10,0,101_STEAM_3,119.973481551,213_CC_3,0,213,213_CC_3,99,4205.112708334,4323.380645242,118.267936908
0,poi_bus_108,108,Alger,lagging_095,0.95,21,2020-01-01T21:00:00+00:00,2,branch_A11_sustained,branch,A11,bounded,continuous,188.895833333,62.087057951,817.335364035,-100.000000001,0,true,true,false,constraint_violation,0.847347461,108,1.065575783,210,0.102652539,0.971052223,C27,0,101_STEAM_3,130.647620882,213_CC_3,0,303,303_WIND_1,99,4205.112708333,4322.523388002,117.410679669
0,poi_bus_108,108,Alger,lagging_095,0.95,21,2020-01-01T21:00:00+00:00,3,branch_A12-1_immediate,branch,A12-1,fixed,short_term,188.895833333,62.087057951,817.335364035,-100.000000001,0,true,true,false,constraint_violation,0.700673068,108,1.060645929,210,0.249326932,1.198654899,A13-2,0,101_STEAM_3,98.132920836,213_CC_3,0,213,213_CC_3,99,4205.112708334,4351.950977209,146.838268875
0,poi_bus_108,108,Alger,lagging_095,0.95,21,2020-01-01T21:00:00+00:00,4,branch_A12-1_sustained,branch,A12-1,bounded,continuous,188.895833333,62.087057951,817.335364035,100.000000001,0.000000001,true,true,false,constraint_violation,0.703632062,108,1.060432675,210,0.246367938,1.435682861,A13-2,0,101_STEAM_3,104.404014918,213_CC_3,0,317,317_WIND_1,99,4205.112708333,4347.684869645,142.572161312
0,poi_bus_108,108,Alger,lagging_095,0.95,21,2020-01-01T21:00:00+00:00,5,branch_A34_immediate,branch,A34,fixed,short_term,188.895833333,62.087057951,817.335364035,-100,0,true,true,false,constraint_violation,0.894718025,307,1.064355144,210,0.055281975,0.766171046,B10,0,101_STEAM_3,114.319684802,213_CC_3,0,213,213_CC_3,99,4205.112708334,4332.870525636,127.757817302
0,poi_bus_108,108,Alger,lagging_095,0.95,21,2020-01-01T21:00:00+00:00,6,branch_A34_sustained,branch,A34,bounded,continuous,188.895833333,62.087057951,817.335364035,-100,0.000000001,true,true,false,constraint_violation,0.897081626,307,1.06433989,210,0.052918374,0.856899433,B10,0,101_STEAM_3,125.353748654,213_CC_3,0,303,303_WIND_1,99,4205.112708333,4342.270605649,137.157897316
0,poi_bus_108,108,Alger,lagging_095,0.95,21,2020-01-01T21:00:00+00:00,7,branch_B12-1_immediate,branch,B12-1,fixed,short_term,188.895833333,62.087057951,817.335364035,-100,0,true,true,false,constraint_violation,0.890493491,207,1.05,122,0.059506509,0.754369047,B10,0,101_STEAM_3,100.412181791,213_CC_3,0,213,213_CC_3,99,4205.112708334,4326.372338212,121.259629878
0,poi_bus_108,108,Alger,lagging_095,0.95,21,2020-01-01T21:00:00+00:00,8,branch_B12-1_sustained,branch,B12-1,bounded,continuous,188.895833333,62.087057951,817.335364035,-100,0.000000001,true,true,false,constraint_violation,0.885710057,307,1.05,121,0.064289943,0.903023259,B13-2,0,101_STEAM_3,114.293977915,213_CC_3,0,317,317_WIND_1,99,4205.112708333,4353.173470035,148.060761702
0,poi_bus_108,108,Alger,lagging_095,0.95,21,2020-01-01T21:00:00+00:00,9,branch_B22_immediate,branch,B22,fixed,short_term,188.895833333,62.087057951,817.335364035,-100,0.000000001,true,true,false,constraint_violation,0.894761856,307,1.063932225,210,0.055238144,0.762132861,B10,0,101_STEAM_3,53.622831524,213_CC_3,0,213,213_CC_3,99,4205.112708334,4321.442795189,116.330086855
0,poi_bus_108,108,Alger,lagging_095,0.95,21,2020-01-01T21:00:00+00:00,10,branch_B22_sustained,branch,B22,bounded,continuous,188.895833333,62.087057951,817.335364035,-100.000000001,0,true,true,false,constraint_violation,0.892463707,307,1.064371116,210,0.057536293,0.969171318,C27,0,101_STEAM_3,63.656133387,213_CC_3,0,303,303_WIND_1,99,4205.112708333,4350.908170817,145.795462484
0,poi_bus_108,108,Alger,lagging_095,0.95,21,2020-01-01T21:00:00+00:00,11,branch_B6_immediate,branch,B6,fixed,short_term,188.895833333,62.087057951,817.335364035,-100,0.000000001,true,true,false,constraint_violation,0.894821814,307,1.066546365,210,0.055178186,0.769237299,B10,0,101_STEAM_3,121.921674338,213_CC_3,0,213,213_CC_3,99,4205.112708334,4320.754851746,115.642143412
0,poi_bus_108,108,Alger,lagging_095,0.95,21,2020-01-01T21:00:00+00:00,12,branch_B6_sustained,branch,B6,bounded,continuous,188.895833333,62.087057951,817.335364035,-100,0.000000001,true,true,false,constraint_violation,0.891629278,307,1.066693579,210,0.058370722,0.856214577,B10,0,101_STEAM_3,136.557251867,213_CC_3,0,317,317_WIND_1,99,4205.112708333,4339.009778554,133.897070221
0,poi_bus_108,108,Alger,lagging_095,0.95,21,2020-01-01T21:00:00+00:00,13,branch_C12-1_immediate,branch,C12-1,fixed,short_term,188.895833333,62.087057951,817.335364035,-100,0.000000001,true,false,false,not_converged,,,,,,,,,,,,,213,213_CC_3,99,,,
0,poi_bus_108,108,Alger,lagging_095,0.95,21,2020-01-01T21:00:00+00:00,14,branch_C12-1_sustained,branch,C12-1,bounded,continuous,188.895833333,62.087057951,817.335364035,-100,0.000000001,true,false,false,not_converged,,,,,,,,,,,,,303,303_WIND_1,99,,,
0,poi_bus_108,108,Alger,lagging_095,0.95,21,2020-01-01T21:00:00+00:00,15,branch_C27_immediate,branch,C27,fixed,short_term,188.895833333,62.087057951,817.335364035,-100,0.000000001,true,true,false,constraint_violation,0.877022028,307,1.064085187,210,0.072977972,0.992884611,C29,0,101_STEAM_3,112.823296513,213_CC_3,0,213,213_CC_3,99,4205.112708334,4350.465116535,145.352408201
0,poi_bus_108,108,Alger,lagging_095,0.95,21,2020-01-01T21:00:00+00:00,16,branch_C27_sustained,branch,C27,bounded,continuous,188.895833333,62.087057951,817.335364035,-100.000000001,0,true,true,false,constraint_violation,0.883375513,307,1.064402196,210,0.066624487,0.927305962,CA-1,0,101_STEAM_3,126.573196288,213_CC_3,0,317,317_WIND_1,99,4205.112708333,4348.033914943,142.92120661
0,poi_bus_108,108,Alger,lagging_095,0.95,21,2020-01-01T21:00:00+00:00,17,branch_C6_immediate,branch,C6,fixed,short_term,188.895833333,62.087057951,817.335364035,-100.000000001,0.000000002,true,true,false,constraint_violation,0.883918704,307,1.064323879,210,0.066081296,0.806636269,C2,0,101_STEAM_3,113.401496898,213_CC_3,0,213,213_CC_3,99,4205.112708334,4328.620086163,123.507377829
0,poi_bus_108,108,Alger,lagging_095,0.95,21,2020-01-01T21:00:00+00:00,18,branch_C6_sustained,branch,C6,bounded,continuous,188.895833333,62.087057951,817.335364035,-100,0.000000001,true,true,false,constraint_violation,0.879537989,307,1.064433758,210,0.070462011,0.902058723,C27,0,101_STEAM_3,127.057439338,213_CC_3,0,317,317_WIND_1,99,4205.112708333,4347.279260944,142.166552611
0,poi_bus_108,108,Alger,lagging_095,0.95,21,2020-01-01T21:00:00+00:00,19,branch_CA-1_immediate,branch,CA-1,fixed,short_term,188.895833333,62.087057951,817.335364035,-100.000000001,0,true,true,false,constraint_violation,0.87427218,307,1.064929959,210,0.07572782,1.001463616,C27,0,101_STEAM_3,128.651080025,213_CC_3,0,213,213_CC_3,99,4205.112708334,4367.35713471,162.244426376
0,poi_bus_108,108,Alger,lagging_095,0.95,21,2020-01-01T21:00:00+00:00,20,branch_CA-1_sustained,branch,CA-1,bounded,continuous,188.895833333,62.087057951,817.335364035,-100,0.000000001,true,true,false,constraint_violation,0.885676928,307,1.064447245,210,0.064323072,1.078670803,C27,0,101_STEAM_3,136.874089035,213_CC_3,0,317,317_WIND_1,99,4205.112708333,4363.796737004,158.684028671
0,poi_bus_108,108,Alger,lagging_095,0.95,21,2020-01-01T21:00:00+00:00,21,generator_121_NUCLEAR_1_sustained,generator,121_NUCLEAR_1,bounded,continuous,188.895833333,62.087057951,817.335364035,-100.000000001,0,true,true,false,constraint_violation,0.896447588,307,1.063897428,210,0.053552412,0.973904589,C27,0,101_STEAM_3,120.127070542,213_CC_3,0,303,303_WIND_1,98,4205.112708334,4318.62264265,113.509934316
0,poi_bus_108,108,Alger,lagging_095,0.95,21,2020-01-01T21:00:00+00:00,22,generator_213_CC_3_sustained,generator,213_CC_3,bounded,continuous,188.895833333,62.087057951,817.335364035,-100,0,true,true,false,constraint_violation,0.898016353,307,1.075522051,210,0.051983647,0.977194364,C27,0,101_STEAM_3,16.748533356,303_WIND_1,0,303,303_WIND_1,98,4205.112708333,4325.340546864,120.227838531
0,poi_bus_108,108,Alger,lagging_095,0.95,21,2020-01-01T21:00:00+00:00,23,generator_313_CC_1_sustained,generator,313_CC_1,bounded,continuous,188.895833333,62.087057951,817.335364035,-8.20040686,0,true,true,false,constraint_violation,0.788963972,307,1.083610145,210,0.161036028,1.06963871,C27,148.50872346,213_RTPV_1,78.38357851,314_SYNC_COND_1,148.50872346,213,213_CC_3,98,4205.112708333,4353.621431793,148.50872346
0,poi_bus_108,108,Alger,lagging_095,0.95,22,2020-01-01T22:00:00+00:00,0,normal,normal,,base,continuous,186.645833333,61.347518714,754.430540512,-99.999999999,0,true,true,false,constraint_violation,0.913834536,108,1.086383272,210,0.036383272,0.886995681,C27,112.181712736,213_RTPV_1,8.82487879,101_STEAM_3,112.181712736,213,213_CC_3,98,3893.761420333,4005.943133069,112.181712736
0,poi_bus_108,108,Alger,lagging_095,0.95,22,2020-01-01T22:00:00+00:00,1,branch_A11_immediate,branch,A11,fixed,short_term,186.645833333,61.347518714,754.430540512,-100,0.000000002,true,true,false,constraint_violation,0.860293149,108,1.087732796,210,0.089706851,0.764255146,B10,115.212869373,213_RTPV_1,15.243558795,201_HYDRO_4,115.212869373,213,213_CC_3,98,3893.761420333,4008.974289706,115.212869373
0,poi_bus_108,108,Alger,lagging_095,0.95,22,2020-01-01T22:00:00+00:00,2,branch_A11_sustained,branch,A11,bounded,continuous,186.645833333,61.347518714,754.430540512,-100.000000001,0.000000001,true,true,false,constraint_violation,0.860943559,108,1.087375808,210,0.089056441,0.887249269,A13-2,0,101_STEAM_3,18.247431518,317_WIND_1,0,317,317_WIND_1,98,3893.761420333,4020.228853945,126.467433612
0,poi_bus_108,108,Alger,lagging_095,0.95,22,2020-01-01T22:00:00+00:00,3,branch_A12-1_immediate,branch,A12-1,fixed,short_term,186.645833333,61.347518714,754.430540512,-100,0.000000001,true,true,false,constraint_violation,0.752552556,108,1.083635414,210,0.197447444,1.095899139,A13-2,135.952974086,213_RTPV_1,2.440414285,215_HYDRO_1,135.952974086,213,213_CC_3,98,3893.761420333,4029.714394419,135.952974086
0,poi_bus_108,108,Alger,lagging_095,0.95,22,2020-01-01T22:00:00+00:00,4,branch_A12-1_sustained,branch,A12-1,bounded,continuous,186.645833333,61.347518714,754.430540512,-100,0.000000001,true,true,false,constraint_violation,0.757041863,108,1.083659006,210,0.192958137,1.325095631,A13-2,0,101_STEAM_4,35.236733989,317_WIND_1,0,317,317_WIND_1,98,3893.761420334,4059.283300922,165.521880588
0,poi_bus_108,108,Alger,lagging_095,0.95,22,2020-01-01T22:00:00+00:00,5,branch_A34_immediate,branch,A34,fixed,short_term,186.645833333,61.347518714,754.430540512,-100,0,true,true,false,constraint_violation,0.913932212,108,1.086370091,210,0.036370091,0.952492723,A30,141.065669977,213_RTPV_1,21.245407687,121_NUCLEAR_1,141.065669977,213,213_CC_3,98,3893.761420333,4034.82709031,141.065669977
0,poi_bus_108,108,Alger,lagging_095,0.95,22,2020-01-01T22:00:00+00:00,6,branch_A34_sustained,branch,A34,bounded,continuous,186.645833333,61.347518714,754.430540512,99.999999999,0.000000001,true,true,false,constraint_violation,0.914428504,108,1.08645916,210,0.03645916,1.010273796,A30,37.43842132,223_STEAM_1,9.478005035,101_STEAM_3,130.43842132,223,223_STEAM_3,98,3893.761420333,4024.199841653,130.43842132
0,poi_bus_108,108,Alger,lagging_095,0.95,22,2020-01-01T22:00:00+00:00,7,branch_B12-1_immediate,branch,B12-1,fixed,short_term,186.645833333,61.347518714,754.430540512,-100,0.000000001,true,true,false,constraint_violation,0.914142211,108,1.073524632,210,0.035857789,0.742237639,A10,116.777638053,213_RTPV_1,8.861494165,101_STEAM_3,116.777638053,213,213_CC_3,98,3893.761420333,4010.539058386,116.777638053
0,poi_bus_108,108,Alger,lagging_095,0.95,22,2020-01-01T22:00:00+00:00,8,branch_B12-1_sustained,branch,B12-1,bounded,continuous,186.645833333,61.347518714,754.430540512,-99.999999999,0,true,true,false,constraint_violation,0.915623617,108,1.073550427,210,0.034376383,0.880615557,CA-1,0,101_STEAM_3,17.779780466,121_NUCLEAR_1,0,317,317_WIND_1,98,3893.761420333,4028.046880998,134.285460665
0,poi_bus_108,108,Alger,lagging_095,0.95,22,2020-01-01T22:00:00+00:00,9,branch_B22_immediate,branch,B22,fixed,short_term,186.645833333,61.347518714,754.430540512,-100,0.000000001,true,true,false,constraint_violation,0.913460575,108,1.085955182,210,0.036539425,0.759058366,B10,113.744024174,213_RTPV_1,8.738539254,101_STEAM_3,113.744024174,213,213_CC_3,98,3893.761420333,4007.505444507,113.744024174
0,poi_bus_108,108,Alger,lagging_095,0.95,22,2020-01-01T22:00:00+00:00,10,branch_B22_sustained,branch,B22,bounded,continuous,186.645833333,61.347518714,754.430540512,-100,0.000000001,true,true,false,constraint_violation,0.914226836,108,1.085199926,210,0.035773164,0.917870677,C27,0,101_STEAM_3,9.072736111,101_STEAM_3,0,303,303_WIND_1,98,3893.761420333,4023.172588171,129.411167838
0,poi_bus_108,108,Alger,lagging_095,0.95,22,2020-01-01T22:00:00+00:00,11,branch_B6_immediate,branch,B6,fixed,short_term,186.645833333,61.347518714,754.430540512,-100,0.000000001,true,true,false,constraint_violation,0.904822175,108,1.089607414,210,0.045177825,0.770492525,B10,112.980743677,213_RTPV_1,7.95816911,101_STEAM_3,112.980743677,213,213_CC_3,98,3893.761420333,4006.74216401,112.980743677
0,poi_bus_108,108,Alger,lagging_095,0.95,22,2020-01-01T22:00:00+00:00,12,branch_B6_sustained,branch,B6,bounded,continuous,186.645833333,61.347518714,754.430540512,-100,0,true,true,false,constraint_violation,0.905477641,307,1.089596596,210,0.044522359,0.970353823,C27,0,101_STEAM_3,47.003150603,317_WIND_1,0,317,317_WIND_1,98,3893.761420333,4040.844388155,147.082967822
0,poi_bus_108,108,Alger,lagging_095,0.95,22,2020-01-01T22:00:00+00:00,13,branch_C12-1_immediate,branch,C12-1,fixed,short_term,186.645833333,61.347518714,754.430540512,-99.999999999,0,true,true,false,constraint_violation,0.744306934,307,1.086381229,210,0.205693066,0.900802563,C13-2,127.346003133,213_RTPV_1,8.865802154,101_STEAM_3,127.346003133,213,213_CC_3,98,3893.761420333,4021.107423466,127.346003133
0,poi_bus_108,108,Alger,lagging_095,0.95,22,2020-01-01T22:00:00+00:00,14,branch_C12-1_sustained,branch,C12-1,bounded,continuous,186.645833333,61.347518714,754.430540512,-100,0.000000002,true,true,false,constraint_violation,0.709037767,307,1.086166308,210,0.240962233,1.16357114,C13-2,0,101_STEAM_3,11.432335198,317_WIND_1,0,317,317_WIND_1,98,3893.761420333,4034.901837341,141.140417008
0,poi_bus_108,108,Alger,lagging_095,0.95,22,2020-01-01T22:00:00+00:00,15,branch_C27_immediate,branch,C27,fixed,short_term,186.645833333,61.347518714,754.430540512,-100,0.000000001,true,true,false,constraint_violation,0.913264477,307,1.086189452,210,0.036735523,0.993889157,C29,137.114855505,213_RTPV_1,9.142943272,101_STEAM_3,137.114855505,213,213_CC_3,98,3893.761420333,4030.876275838,137.114855505
0,poi_bus_108,108,Alger,lagging_095,0.95,22,2020-01-01T22:00:00+00:00,16,branch_C27_sustained,branch,C27,bounded,continuous,186.645833333,61.347518714,754.430540512,-100,0.000000001,true,true,false,constraint_violation,0.899123693,307,1.085904872,210,0.050876307,0.998733831,C29,0,101_STEAM_3,20.857300928,322_HYDRO_1,0,122,122_WIND_1,98,3893.761420334,4032.161115538,138.399695204
0,poi_bus_108,108,Alger,lagging_095,0.95,22,2020-01-01T22:00:00+00:00,17,branch_C6_immediate,branch,C6,fixed,short_term,186.645833333,61.347518714,754.430540512,-100,0.000000001,true,true,false,constraint_violation,0.913969479,108,1.086364886,210,0.036364886,0.760533797,B10,117.04775622,213_RTPV_1,8.871805924,101_STEAM_3,117.04775622,213,213_CC_3,98,3893.761420333,4010.809176553,117.04775622
0,poi_bus_108,108,Alger,lagging_095,0.95,22,2020-01-01T22:00:00+00:00,18,branch_C6_sustained,branch,C6,bounded,continuous,186.645833333,61.347518714,754.430540512,-100,0,true,true,false,constraint_violation,0.918010411,307,1.086280616,210,0.036280616,0.868301173,B10,0,101_STEAM_3,19.138536312,317_WIND_1,0,317,317_WIND_1,98,3893.761420333,4016.257044134,122.495623801
0,poi_bus_108,108,Alger,lagging_095,0.95,22,2020-01-01T22:00:00+00:00,19,branch_CA-1_immediate,branch,CA-1,fixed,short_term,186.645833333,61.347518714,754.430540512,-100,0.000000001,true,true,false,constraint_violation,0.906729579,108,1.086805327,210,0.043270421,0.944524618,C27,149.833265464,213_RTPV_1,10.303101947,322_HYDRO_1,149.833265464,213,213_CC_3,98,3893.761420333,4043.594685797,149.833265464
0,poi_bus_108,108,Alger,lagging_095,0.95,22,2020-01-01T22:00:00+00:00,20,branch_CA-1_sustained,branch,CA-1,bounded,continuous,186.645833333,61.347518714,754.430540512,100,0.000000001,true,true,false,constraint_violation,0.905577535,108,1.086163093,210,0.044422465,0.868987952,B10,0,101_STEAM_3,6.271910748,322_HYDRO_1,0,317,317_WIND_1,98,3893.761420333,4037.087270728,143.325850395
0,poi_bus_108,108,Alger,lagging_095,0.95,22,2020-01-01T22:00:00+00:00,21,generator_121_NUCLEAR_1_sustained,generator,121_NUCLEAR_1,bounded,continuous,186.645833333,61.347518714,754.430540512,-100,0.000000001,true,true,false,constraint_violation,0.913588381,108,1.085862271,210,0.036411619,0.939447277,C27,0,101_STEAM_3,6.852149367,101_STEAM_3,0,303,303_WIND_1,97,3893.761420333,4003.408516179,109.647095846
0,poi_bus_108,108,Alger,lagging_095,0.95,22,2020-01-01T22:00:00+00:00,22,generator_213_CC_3_sustained,generator,213_CC_3,bounded,continuous,186.645833333,61.347518714,754.430540512,-100,0.000000001,true,true,false,constraint_violation,0.910780271,108,1.080313727,210,0.039219729,0.909190374,C27,0,101_STEAM_3,9.786130847,303_WIND_1,0,303,303_WIND_1,97,3893.761420333,4008.391237217,114.629816884
0,poi_bus_108,108,Alger,lagging_095,0.95,22,2020-01-01T22:00:00+00:00,23,generator_313_CC_1_sustained,generator,313_CC_1,bounded,continuous,186.645833333,61.347518714,754.430540512,-100,0,true,true,false,constraint_violation,0.800307493,307,1.085111176,210,0.149692507,1.217156913,C27,0,101_STEAM_3,192.849657596,216_STEAM_1,0,317,317_WIND_1,97,3893.761420334,4067.445333537,173.683913203
0,poi_bus_108,108,Alger,lagging_095,0.95,23,2020-01-01T23:00:00+00:00,0,normal,normal,,base,continuous,183,60.149191248,702.837257408,-100,0,true,true,false,constraint_violation,0.920035945,108,1.088789157,210,0.038789157,0.886329294,C10,105.097338617,213_RTPV_1,10.050977716,101_STEAM_3,105.097338617,213,213_CC_3,97,3636.5968683,3741.694206917,105.097338617
0,poi_bus_108,108,Alger,lagging_095,0.95,23,2020-01-01T23:00:00+00:00,1,branch_A11_immediate,branch,A11,fixed,short_term,183,60.149191248,702.837257408,-100.000000001,0.000000001,true,true,false,constraint_violation,0.869313084,108,1.090052806,210,0.080686916,0.77535657,C10,107.652117135,213_RTPV_1,19.260858275,201_HYDRO_4,107.652117135,213,213_CC_3,97,3636.5968683,3744.248985435,107.652117135
0,poi_bus_108,108,Alger,lagging_095,0.95,23,2020-01-01T23:00:00+00:00,2,branch_A11_sustained,branch,A11,bounded,continuous,183,60.149191248,702.837257408,-100,0,true,true,false,constraint_violation,0.869211452,108,1.089736412,210,0.080788548,0.904714813,C10,106.2624432,213_RTPV_1,19.163488392,201_HYDRO_4,106.2624432,213,213_CC_3,97,3636.5968683,3742.8593115,106.2624432
0,poi_bus_108,108,Alger,lagging_095,0.95,23,2020-01-01T23:00:00+00:00,3,branch_A12-1_immediate,branch,A12-1,fixed,short_term,183,60.149191248,702.837257408,-100,0.000000001,true,true,false,constraint_violation,0.774504759,108,1.08641513,210,0.175495241,1.052622849,A13-2,125.857078826,213_RTPV_1,3.560343286,102_STEAM_3,125.857078826,213,213_CC_3,97,3636.5968683,3762.453947126,125.857078826
0,poi_bus_108,108,Alger,lagging_095,0.95,23,2020-01-01T23:00:00+00:00,4,branch_A12-1_sustained,branch,A12-1,bounded,continuous,183,60.149191248,702.837257408,-100,0,true,true,false,constraint_violation,0.775968789,108,1.085819245,210,0.174031211,1.30219792,A13-2,0,101_STEAM_3,14.226994699,313_CC_1,0,122,122_WIND_1,97,3636.5968683,3743.73070927,107.13384097
0,poi_bus_108,108,Alger,lagging_095,0.95,23,2020-01-01T23:00:00+00:00,5,branch_A34_immediate,branch,A34,fixed,short_term,183,60.149191248,702.837257408,-99.999999999,0,true,true,false,constraint_violation,0.920149186,108,1.08877482,210,0.03877482,0.964917593,A30,134.801880091,213_RTPV_1,21.299239829,121_NUCLEAR_1,134.801880091,213,213_CC_3,97,3636.5968683,3771.398748391,134.801880091
0,poi_bus_108,108,Alger,lagging_095,0.95,23,2020-01-01T23:00:00+00:00,6,branch_A34_sustained,branch,A34,bounded,continuous,183,60.149191248,702.837257408,-100,0.000000001,true,true,false,constraint_violation,0.921030681,108,1.088317707,210,0.038317707,1.009387485,A30,0,101_STEAM_3,103.390860091,317_WIND_1,0,317,317_WIND_1,97,3636.5968683,3753.221012011,116.624143711
0,poi_bus_108,108,Alger,lagging_095,0.95,23,2020-01-01T23:00:00+00:00,7,branch_B12-1_immediate,branch,B12-1,fixed,short_term,183,60.149191248,702.837257408,-100,0,true,true,false,constraint_violation,0.920268231,108,1.077902256,210,0.029731769,0.775553214,C10,108.902362139,213_RTPV_1,10.079459883,101_STEAM_3,108.902362139,213,213_CC_3,97,3636.5968683,3745.499230439,108.902362139
0,poi_bus_108,108,Alger,lagging_095,0.95,23,2020-01-01T23:00:00+00:00,8,branch_B12-1_sustained,branch,B12-1,bounded,continuous,183,60.149191248,702.837257408,-99.999999999,0,true,true,false,constraint_violation,0.923381353,108,1.077674951,210,0.027674951,0.897871023,C10,0,101_STEAM_3,12.415002383,101_STEAM_3,0,223,223_STEAM_3,97,3636.5968683,3735.597315415,99.000447115
0,poi_bus_108,108,Alger,lagging_095,0.95,23,2020-01-01T23:00:00+00:00,9,branch_B22_immediate,branch,B22,fixed,short_term,183,60.149191248,702.837257408,-100,0,true,true,false,constraint_violation,0.919715814,108,1.088391506,210,0.038391506,0.77527728,C10,106.60601417,213_RTPV_1,9.972433004,101_STEAM_3,106.60601417,213,213_CC_3,97,3636.5968683,3743.20288247,106.60601417
0,poi_bus_108,108,Alger,lagging_095,0.95,23,2020-01-01T23:00:00+00:00,10,branch_B22_sustained,branch,B22,bounded,continuous,183,60.149191248,702.837257408,-100.000000001,0.000000001,true,true,false,constraint_violation,0.920823416,108,1.088349884,210,0.038349884,0.896749273,C10,0,101_STEAM_3,68.796337343,317_WIND_1,0,317,317_WIND_1,97,3636.5968683,3748.551200139,111.954331839
0,poi_bus_108,108,Alger,lagging_095,0.95,23,2020-01-01T23:00:00+00:00,11,branch_B6_immediate,branch,B6,fixed,short_term,183,60.149191248,702.837257408,-100,0,true,true,false,constraint_violation,0.911195703,108,1.091995384,210,0.041995384,0.775418875,C10,105.980566984,213_RTPV_1,9.201957359,101_STEAM_3,105.980566984,213,213_CC_3,97,3636.5968683,3742.577435284,105.980566984
0,poi_bus_108,108,Alger,lagging_095,0.95,23,2020-01-01T23:00:00+00:00,12,branch_B6_sustained,branch,B6,bounded,continuous,183,60.149191248,702.837257408,-100.000000001,0.000000001,true,true,false,constraint_violation,0.911986252,108,1.091744278,210,0.041744278,0.896747302,C10,0,101_STEAM_3,68.904551489,317_WIND_1,0,317,317_WIND_1,97,3636.5968683,3749.208505845,112.611637545
0,poi_bus_108,108,Alger,lagging_095,0.95,23,2020-01-01T23:00:00+00:00,13,branch_C12-1_immediate,branch,C12-1,fixed,short_term,183,60.149191248,702.837257408,-100,0,true,true,false,constraint_violation,0.83619067,307,1.088787948,210,0.11380933,0.761793546,B10,113.802821003,213_RTPV_1,10.075891576,101_STEAM_3,113.802821003,213,213_CC_3,97,3636.5968683,3750.399689303,113.802821003
0,poi_bus_108,108,Alger,lagging_095,0.95,23,2020-01-01T23:00:00+00:00,14,branch_C12-1_sustained,branch,C12-1,bounded,continuous,183,60.149191248,702.837257408,-100,0,true,true,false,constraint_violation,0.830643636,307,1.088422009,210,0.119356364,0.949736977,C13-2,0,101_STEAM_3,83.011800617,317_WIND_1,0,317,317_WIND_1,97,3636.5968683,3751.988541456,115.391673156
0,poi_bus_108,108,Alger,lagging_095,0.95,23,2020-01-01T23:00:00+00:00,15,branch_C27_immediate,branch,C27,fixed,short_term,183,60.149191248,702.837257408,-100,0,true,true,false,constraint_violation,0.920943007,108,1.088610729,210,0.038610729,0.993505293,C29,127.716722644,213_RTPV_1,10.375411453,101_STEAM_3,127.716722644,213,213_CC_3,97,3636.5968683,3764.313590944,127.716722644
0,poi_bus_108,108,Alger,lagging_095,0.95,23,2020-01-01T23:00:00+00:00,16,branch_C27_sustained,branch,C27,bounded,continuous,183,60.149191248,702.837257408,-100,0.000000002,true,true,false,constraint_violation,0.921523873,108,1.088770106,210,0.038770106,1.215210131,C29,0,101_STEAM_3,46.788735475,317_WIND_1,0,317,317_WIND_1,97,3636.5968683,3762.332017144,125.735148844
0,poi_bus_108,108,Alger,lagging_095,0.95,23,2020-01-01T23:00:00+00:00,17,branch_C6_immediate,branch,C6,fixed,short_term,183,60.149191248,702.837257408,-100,0.000000001,true,true,false,constraint_violation,0.920111432,108,1.088778877,210,0.038778877,0.761763204,B10,106.830310141,213_RTPV_1,10.07713447,101_STEAM_3,106.830310141,213,213_CC_3,97,3636.5968683,3743.427178441,106.830310141
0,poi_bus_108,108,Alger,lagging_095,0.95,23,2020-01-01T23:00:00+00:00,18,branch_C6_sustained,branch,C6,bounded,continuous,183,60.149191248,702.837257408,-99.999999999,0,true,true,false,constraint_violation,0.920777197,108,1.08841728,210,0.03841728,0.869582784,B10,0,101_STEAM_3,87.47732636,317_WIND_1,0,317,317_WIND_1,97,3636.5968683,3744.203733391,107.606865091
0,poi_bus_108,108,Alger,lagging_095,0.95,23,2020-01-01T23:00:00+00:00,19,branch_CA-1_immediate,branch,CA-1,fixed,short_term,183,60.149191248,702.837257408,-100,0,true,true,false,constraint_violation,0.912173465,108,1.089182204,210,0.039182204,0.938216499,C27,145.675263889,213_RTPV_1,11.60671499,322_HYDRO_1,145.675263889,213,213_CC_3,97,3636.5968683,3782.272132189,145.675263889
0,poi_bus_108,108,Alger,lagging_095,0.95,23,2020-01-01T23:00:00+00:00,20,branch_CA-1_sustained,branch,CA-1,bounded,continuous,183,60.149191248,702.837257408,52.6224297,0,true,true,false,constraint_violation,0.913191874,108,1.088633033,210,0.038633033,0.871152187,C10,0,101_STEAM_3,24.156351788,317_WIND_1,0,317,317_WIND_1,97,3636.5968683,3770.66015318,134.06328488
0,poi_bus_108,108,Alger,lagging_095,0.95,23,2020-01-01T23:00:00+00:00,21,generator_121_NUCLEAR_1_sustained,generator,121_NUCLEAR_1,bounded,continuous,183,60.149191248,702.837257408,-100.000000001,0.000000001,true,true,false,constraint_violation,0.920083123,108,1.087832906,210,0.037832906,0.928109332,C27,95.942445106,213_RTPV_1,8.675140885,101_STEAM_3,95.942445106,213,213_CC_3,96,3636.5968683,3732.539313406,95.942445106
0,poi_bus_108,108,Alger,lagging_095,0.95,23,2020-01-01T23:00:00+00:00,22,generator_213_CC_3_sustained,generator,213_CC_3,bounded,continuous,183,60.149191248,702.837257408,-100,0,true,true,false,constraint_violation,0.917643016,108,1.082489365,210,0.032489365,0.897676,C10,0,101_STEAM_3,11.269763965,313_CC_1,0,122,122_WIND_1,96,3636.5968683,3739.867943622,103.271075322
0,poi_bus_108,108,Alger,lagging_095,0.95,23,2020-01-01T23:00:00+00:00,23,generator_313_CC_1_sustained,generator,313_CC_1,bounded,continuous,183,60.149191248,702.837257408,-100,0.000000001,true,true,false,constraint_violation,0.907229096,307,1.088323388,210,0.042770904,1.036393457,C27,0,101_STEAM_3,28.771080188,317_WIND_1,0,317,317_WIND_1,96,3636.5968683,3765.160109849,128.563241549
