hour_index,timestamp,mode,generator_row,generator_uid,bus,online,adjustable_active_power,target_pg_mw,pg_mw,pg_deviation_mw,pmin_mw,pmax_mw,qg_mvar,qmin_mvar,qmax_mvar,source_vg_pu,output_vg_pu,optimized_bus_vm_pu
0,2020-01-01T00:00:00+00:00,distributed_committable,0,101_CT_1,101,false,false,0,0,0,0,0,0,0,10,1.0468,1.0468,1.0168935495790781
0,2020-01-01T00:00:00+00:00,distributed_committable,1,101_CT_2,101,false,false,0,0,0,0,0,0,0,10,1.0468,1.0468,1.0168935495790781
0,2020-01-01T00:00:00+00:00,distributed_committable,2,101_STEAM_3,101,true,true,47.347684137000002,55.172120698089309,7.824436561089307,30,76,-24.999977771893846,-25,30,1.0468,1.0168935495790781,1.0168935495790781
0,2020-01-01T00:00:00+00:00,distributed_committable,3,101_STEAM_4,101,true,true,45.333333328000002,53.157769894283888,7.824436566283886,30,76,-24.999977771893846,-25,30,1.0468,1.0168935495790781,1.0168935495790781
0,2020-01-01T00:00:00+00:00,distributed_committable,4,102_CT_1,102,false,false,0,0,0,0,0,0,0,10,1.0467,1.0467,1.0162084328040175
0,2020-01-01T00:00:00+00:00,distributed_committable,5,102_CT_2,102,false,false,0,0,0,0,0,0,0,10,1.0467,1.0467,1.0162084328040175
0,2020-01-01T00:00:00+00:00,distributed_committable,6,102_STEAM_3,102,true,true,30,37.836054354483608,7.8360543544836077,30,76,-24.999977879451702,-25,30,1.0467,1.0162084328040175,1.0162084328040175
0,2020-01-01T00:00:00+00:00,distributed_committable,7,102_STEAM_4,102,true,true,30,37.836054354483608,7.8360543544836077,30,76,-24.999977879451702,-25,30,1.0467,1.0162084328040175,1.0162084328040175
0,2020-01-01T00:00:00+00:00,distributed_committable,8,107_CC_1,107,false,false,0,0,0,0,0,0,-25,150,1.05,1.05,0.99605203459214187
0,2020-01-01T00:00:00+00:00,distributed_committable,9,113_CT_1,113,false,false,0,0,0,0,0,0,-15,19,1.0347,1.0347,1.0093213042015718
0,2020-01-01T00:00:00+00:00,distributed_committable,10,113_CT_2,113,false,false,0,0,0,0,0,0,-15,19,1.0347,1.0347,1.0093213042015718
0,2020-01-01T00:00:00+00:00,distributed_committable,11,113_CT_3,113,false,false,0,0,0,0,0,0,-15,19,1.0347,1.0347,1.0093213042015718
0,2020-01-01T00:00:00+00:00,distributed_committable,12,113_CT_4,113,false,false,0,0,0,0,0,0,-15,19,1.0347,1.0347,1.0093213042015718
0,2020-01-01T00:00:00+00:00,distributed_committable,13,115_STEAM_1,115,false,false,0,0,0,0,0,0,0,6,1.0427999999999999,1.0427999999999999,1.0354319431508416
0,2020-01-01T00:00:00+00:00,distributed_committable,14,115_STEAM_2,115,false,false,0,0,0,0,0,0,0,6,1.0427999999999999,1.0427999999999999,1.0354319431508416
0,2020-01-01T00:00:00+00:00,distributed_committable,15,115_STEAM_3,115,true,true,62,69.678145620671884,7.6781456206718843,62,155,79.999930785318313,-50,80,1.0427999999999999,1.0354319431508416,1.0354319431508416
0,2020-01-01T00:00:00+00:00,distributed_committable,16,116_STEAM_1,116,false,false,0,0,0,0,0,0,-50,80,1.0461,1.0461,1.0221166959944519
0,2020-01-01T00:00:00+00:00,distributed_committable,17,118_CC_1,118,false,false,0,0,0,0,0,0,-25,150,1.05,1.05,1.0391658223619571
0,2020-01-01T00:00:00+00:00,distributed_committable,18,123_STEAM_2,123,true,true,62,69.966144898393182,7.966144898393182,62,155,-24.255524738663414,-50,80,1.05,1.0144385266466454,1.0144385266466454
0,2020-01-01T00:00:00+00:00,distributed_committable,19,123_STEAM_3,123,true,true,140,147.96614490299385,7.9661449029938467,140,350,3.0107554308144024,-25,150,1.05,1.0144385266466454,1.0144385266466454
0,2020-01-01T00:00:00+00:00,distributed_committable,20,123_CT_1,123,false,false,0,0,0,0,0,0,-15,19,1.05,1.05,1.0144385266466454
0,2020-01-01T00:00:00+00:00,distributed_committable,21,123_CT_4,123,false,false,0,0,0,0,0,0,-15,19,1.05,1.05,1.0144385266466454
0,2020-01-01T00:00:00+00:00,distributed_committable,22,123_CT_5,123,false,false,0,0,0,0,0,0,-15,19,1.05,1.05,1.0144385266466454
0,2020-01-01T00:00:00+00:00,distributed_committable,23,201_CT_1,201,false,false,0,0,0,0,0,0,0,10,1.05,1.05,1.0194350457432351
0,2020-01-01T00:00:00+00:00,distributed_committable,24,201_CT_2,201,false,false,0,0,0,0,0,0,0,10,1.05,1.05,1.0194350457432351
0,2020-01-01T00:00:00+00:00,distributed_committable,25,201_STEAM_3,201,false,false,0,0,0,0,0,0,-25,30,1.05,1.05,1.0194350457432351
0,2020-01-01T00:00:00+00:00,distributed_committable,26,202_CT_1,202,false,false,0,0,0,0,0,0,0,10,1.05,1.05,1.0181436449597259
0,2020-01-01T00:00:00+00:00,distributed_committable,27,202_CT_2,202,false,false,0,0,0,0,0,0,0,10,1.05,1.05,1.0181436449597259
0,2020-01-01T00:00:00+00:00,distributed_committable,28,202_STEAM_3,202,true,true,30,38.703008632674511,8.7030086326745106,30,76,-24.705750190105679,-25,30,1.05,1.0181436449597259,1.0181436449597259
0,2020-01-01T00:00:00+00:00,distributed_committable,29,202_STEAM_4,202,true,true,30,38.703008632674511,8.7030086326745106,30,76,-24.705750190105679,-25,30,1.05,1.0181436449597259,1.0181436449597259
0,2020-01-01T00:00:00+00:00,distributed_committable,30,207_CT_1,207,false,false,0,0,0,0,0,0,-15,19,0.96989999999999998,0.96989999999999998,0.97698378019938326
0,2020-01-01T00:00:00+00:00,distributed_committable,31,207_CT_2,207,false,false,0,0,0,0,0,0,-15,19,0.96989999999999998,0.96989999999999998,0.97698378019938326
0,2020-01-01T00:00:00+00:00,distributed_committable,32,213_CC_3,213,false,false,0,0,0,0,0,0,-25,150,1.05,1.05,1.0070478571883095
0,2020-01-01T00:00:00+00:00,distributed_committable,33,213_CT_1,213,false,false,0,0,0,0,0,0,-15,19,1.05,1.05,1.0070478571883095
0,2020-01-01T00:00:00+00:00,distributed_committable,34,213_CT_2,213,false,false,0,0,0,0,0,0,-15,19,1.05,1.05,1.0070478571883095
0,2020-01-01T00:00:00+00:00,distributed_committable,35,215_CT_4,215,false,false,0,0,0,0,0,0,-15,19,1.0437000000000001,1.0437000000000001,1.0060939428421842
0,2020-01-01T00:00:00+00:00,distributed_committable,36,215_CT_5,215,false,false,0,0,0,0,0,0,-15,19,1.0437000000000001,1.0437000000000001,1.0060939428421842
0,2020-01-01T00:00:00+00:00,distributed_committable,37,216_STEAM_1,216,true,true,62,70.375401603161464,8.375401603161464,62,155,29.737358574794996,-50,80,1.0472999999999999,1.0106293672557494,1.0106293672557494
0,2020-01-01T00:00:00+00:00,distributed_committable,38,218_CC_1,218,false,false,0,0,0,0,0,0,-25,150,1.05,1.05,1.0062727079936029
0,2020-01-01T00:00:00+00:00,distributed_committable,39,221_CC_1,221,false,false,0,0,0,0,0,0,-25,150,1.05,1.05,1.0085993131136526
0,2020-01-01T00:00:00+00:00,distributed_committable,40,223_STEAM_1,223,true,true,62,70.270174387724154,8.270174387724154,62,155,10.49568991892559,-50,80,1.05,1.0288491849880195,1.0288491849880195
0,2020-01-01T00:00:00+00:00,distributed_committable,41,223_STEAM_2,223,true,true,62,70.270174387724154,8.270174387724154,62,155,10.495689918925583,-50,80,1.05,1.0288491849880195,1.0288491849880195
0,2020-01-01T00:00:00+00:00,distributed_committable,42,223_STEAM_3,223,true,true,140,148.27017439234825,8.2701743923482525,140,350,54.408660343832835,-25,150,1.05,1.0288491849880195,1.0288491849880195
0,2020-01-01T00:00:00+00:00,distributed_committable,43,223_CT_4,223,false,false,0,0,0,0,0,0,-15,19,1.05,1.05,1.0288491849880195
0,2020-01-01T00:00:00+00:00,distributed_committable,44,223_CT_5,223,false,false,0,0,0,0,0,0,-15,19,1.05,1.05,1.0288491849880195
0,2020-01-01T00:00:00+00:00,distributed_committable,45,223_CT_6,223,false,false,0,0,0,0,0,0,-15,19,1.05,1.05,1.0288491849880195
0,2020-01-01T00:00:00+00:00,distributed_committable,46,301_CT_1,301,false,false,0,0,0,0,0,0,0,10,1.05,1.05,1.0333344146524641
0,2020-01-01T00:00:00+00:00,distributed_committable,47,301_CT_2,301,false,false,0,0,0,0,0,0,0,10,1.05,1.05,1.0333344146524641
0,2020-01-01T00:00:00+00:00,distributed_committable,48,301_CT_3,301,false,false,0,0,0,0,0,0,-15,19,1.05,1.05,1.0333344146524641
0,2020-01-01T00:00:00+00:00,distributed_committable,49,301_CT_4,301,false,false,0,0,0,0,0,0,-15,19,1.05,1.05,1.0333344146524641
0,2020-01-01T00:00:00+00:00,distributed_committable,50,302_CT_1,302,false,false,0,0,0,0,0,0,0,10,1.05,1.05,1.0339651197186641
0,2020-01-01T00:00:00+00:00,distributed_committable,51,302_CT_2,302,false,false,0,0,0,0,0,0,0,10,1.05,1.05,1.0339651197186641
0,2020-01-01T00:00:00+00:00,distributed_committable,52,302_CT_3,302,false,false,0,0,0,0,0,0,-15,19,1.05,1.05,1.0339651197186641
0,2020-01-01T00:00:00+00:00,distributed_committable,53,302_CT_4,302,false,false,0,0,0,0,0,0,-15,19,1.05,1.05,1.0339651197186641
0,2020-01-01T00:00:00+00:00,distributed_committable,54,307_CT_1,307,false,false,0,0,0,0,0,0,-15,19,0.95679999999999998,0.95679999999999998,0.96472852750844218
0,2020-01-01T00:00:00+00:00,distributed_committable,55,307_CT_2,307,false,false,0,0,0,0,0,0,-15,19,0.95679999999999998,0.95679999999999998,0.96472852750844218
0,2020-01-01T00:00:00+00:00,distributed_committable,56,313_CC_1,313,false,false,0,0,0,0,0,0,-25,150,1.0349999999999999,1.0349999999999999,1.0069257531367919
0,2020-01-01T00:00:00+00:00,distributed_committable,57,315_STEAM_1,315,false,false,0,0,0,0,0,0,0,6,1.0422,1.0422,1.0192413801743196
0,2020-01-01T00:00:00+00:00,distributed_committable,58,315_STEAM_2,315,false,false,0,0,0,0,0,0,0,6,1.0422,1.0422,1.0192413801743196
0,2020-01-01T00:00:00+00:00,distributed_committable,59,315_STEAM_3,315,false,false,0,0,0,0,0,0,0,6,1.0422,1.0422,1.0192413801743196
0,2020-01-01T00:00:00+00:00,distributed_committable,60,315_STEAM_4,315,false,false,0,0,0,0,0,0,0,6,1.0422,1.0422,1.0192413801743196
0,2020-01-01T00:00:00+00:00,distributed_committable,61,315_STEAM_5,315,false,false,0,0,0,0,0,0,0,6,1.0422,1.0422,1.0192413801743196
0,2020-01-01T00:00:00+00:00,distributed_committable,62,315_CT_6,315,false,false,0,0,0,0,0,0,-15,19,1.0422,1.0422,1.0192413801743196
0,2020-01-01T00:00:00+00:00,distributed_committable,63,315_CT_7,315,false,false,0,0,0,0,0,0,-15,19,1.0422,1.0422,1.0192413801743196
0,2020-01-01T00:00:00+00:00,distributed_committable,64,315_CT_8,315,false,false,0,0,0,0,0,0,0,60,1.0422,1.0422,1.0192413801743196
0,2020-01-01T00:00:00+00:00,distributed_committable,65,316_STEAM_1,316,true,true,62,69.797149292098098,7.7971492920980978,62,155,15.886270843991712,-50,80,1.0448999999999999,1.0176669463263617,1.0176669463263617
0,2020-01-01T00:00:00+00:00,distributed_committable,66,318_CC_1,318,false,false,0,0,0,0,0,0,-25,150,1.05,1.05,1.0233639392760641
0,2020-01-01T00:00:00+00:00,distributed_committable,67,321_CC_1,321,false,false,0,0,0,0,0,0,-25,150,1.05,1.05,1.0256898546779736
0,2020-01-01T00:00:00+00:00,distributed_committable,68,322_CT_5,322,false,false,0,0,0,0,0,0,-15,19,1.05,1.05,1.0415907345962416
0,2020-01-01T00:00:00+00:00,distributed_committable,69,322_CT_6,322,false,false,0,0,0,0,0,0,-15,19,1.05,1.05,1.0415907345962416
0,2020-01-01T00:00:00+00:00,distributed_committable,70,323_CC_1,323,false,false,0,0,0,0,0,0,-25,150,1.05,1.05,1.0208465587970079
0,2020-01-01T00:00:00+00:00,distributed_committable,71,323_CC_2,323,false,false,0,0,0,0,0,0,-25,150,1.05,1.05,1.0208465587970079
0,2020-01-01T00:00:00+00:00,distributed_committable,72,114_SYNC_COND_1,114,true,false,0,0,0,0,0,-49.215845506671066,-50,200,1.0441,0.99415125365968438,0.99415125365968438
0,2020-01-01T00:00:00+00:00,distributed_committable,73,121_NUCLEAR_1,121,true,true,400,399.99999991026624,-8.9733759978116723e-08,396,400,174.35865578722945,-50,200,1.05,1.0499995978185046,1.0499995978185046
0,2020-01-01T00:00:00+00:00,distributed_committable,74,122_HYDRO_1,122,true,false,4.2000000000000002,4.2000000000000002,0,4.2000000000000002,4.2000000000000002,-1.6332819089949502,-10,16,1.05,1.0499999977056809,1.0499999977056809
0,2020-01-01T00:00:00+00:00,distributed_committable,75,122_HYDRO_2,122,true,false,4.2000000000000002,4.2000000000000002,0,4.2000000000000002,4.2000000000000002,-1.6332819089949497,-10,16,1.05,1.0499999977056809,1.0499999977056809
0,2020-01-01T00:00:00+00:00,distributed_committable,76,122_HYDRO_3,122,true,false,4.2000000000000002,4.2000000000000002,0,4.2000000000000002,4.2000000000000002,-1.6332819089949511,-10,16,1.05,1.0499999977056809,1.0499999977056809
0,2020-01-01T00:00:00+00:00,distributed_committable,77,122_HYDRO_4,122,true,false,4.2000000000000002,4.2000000000000002,0,4.2000000000000002,4.2000000000000002,-1.6332819089949502,-10,16,1.05,1.0499999977056809,1.0499999977056809
0,2020-01-01T00:00:00+00:00,distributed_committable,78,122_HYDRO_5,122,true,false,4.2000000000000002,4.2000000000000002,0,4.2000000000000002,4.2000000000000002,-1.6332819089949502,-10,16,1.05,1.0499999977056809,1.0499999977056809
0,2020-01-01T00:00:00+00:00,distributed_committable,79,122_HYDRO_6,122,true,false,4.2000000000000002,4.2000000000000002,0,4.2000000000000002,4.2000000000000002,-1.6332819089949502,-10,16,1.05,1.0499999977056809,1.0499999977056809
0,2020-01-01T00:00:00+00:00,distributed_committable,80,201_HYDRO_4,201,true,false,9.3000000000000007,9.3000000000000007,0,9.3000000000000007,9.3000000000000007,-9.9993054464457352,-10,16,1.05,1.0194350457432351,1.0194350457432351
0,2020-01-01T00:00:00+00:00,distributed_committable,81,214_SYNC_COND_1,214,true,false,0,0,0,0,0,-6.9533364259857828,-50,200,1.05,1.0015377872427698,1.0015377872427698
0,2020-01-01T00:00:00+00:00,distributed_committable,82,215_HYDRO_1,215,true,false,9.3000000000000007,9.3000000000000007,0,9.3000000000000007,9.3000000000000007,-1.982183636696665,-10,16,1.0437000000000001,1.0060939428421842,1.0060939428421842
0,2020-01-01T00:00:00+00:00,distributed_committable,83,215_HYDRO_2,215,true,false,9.3000000000000007,9.3000000000000007,0,9.3000000000000007,9.3000000000000007,-1.982183636696665,-10,16,1.0437000000000001,1.0060939428421842,1.0060939428421842
0,2020-01-01T00:00:00+00:00,distributed_committable,84,215_HYDRO_3,215,true,false,9.3000000000000007,9.3000000000000007,0,9.3000000000000007,9.3000000000000007,-1.982183636696665,-10,16,1.0437000000000001,1.0060939428421842,1.0060939428421842
0,2020-01-01T00:00:00+00:00,distributed_committable,85,222_HYDRO_1,222,true,false,9.3000000000000007,9.3000000000000007,0,9.3000000000000007,9.3000000000000007,-2.5555839395576672,-10,16,1.05,1.0128768391354368,1.0128768391354368
0,2020-01-01T00:00:00+00:00,distributed_committable,86,222_HYDRO_2,222,true,false,9.3000000000000007,9.3000000000000007,0,9.3000000000000007,9.3000000000000007,-2.5555839395576672,-10,16,1.05,1.0128768391354368,1.0128768391354368
0,2020-01-01T00:00:00+00:00,distributed_committable,87,222_HYDRO_3,222,true,false,9.3000000000000007,9.3000000000000007,0,9.3000000000000007,9.3000000000000007,-2.5555839395576672,-10,16,1.05,1.0128768391354368,1.0128768391354368
0,2020-01-01T00:00:00+00:00,distributed_committable,88,222_HYDRO_4,222,true,false,9.3000000000000007,9.3000000000000007,0,9.3000000000000007,9.3000000000000007,-2.5555839395576672,-10,16,1.05,1.0128768391354368,1.0128768391354368
0,2020-01-01T00:00:00+00:00,distributed_committable,89,222_HYDRO_5,222,true,false,9.3000000000000007,9.3000000000000007,0,9.3000000000000007,9.3000000000000007,-2.5555839395576672,-10,16,1.05,1.0128768391354368,1.0128768391354368
0,2020-01-01T00:00:00+00:00,distributed_committable,90,222_HYDRO_6,222,true,false,9.3000000000000007,9.3000000000000007,0,9.3000000000000007,9.3000000000000007,-2.5555839395576672,-10,16,1.05,1.0128768391354368,1.0128768391354368
0,2020-01-01T00:00:00+00:00,distributed_committable,91,314_SYNC_COND_1,314,true,false,0,0,0,0,0,-49.999989634295815,-50,200,1.05,0.99248271296955082,0.99248271296955082
0,2020-01-01T00:00:00+00:00,distributed_committable,92,322_HYDRO_1,322,true,false,16.5,16.5,0,16.5,16.5,2.2820788556278813,-10,16,1.05,1.0415907345962416,1.0415907345962416
0,2020-01-01T00:00:00+00:00,distributed_committable,93,322_HYDRO_2,322,true,false,16.5,16.5,0,16.5,16.5,2.2820788556278813,-10,16,1.05,1.0415907345962416,1.0415907345962416
0,2020-01-01T00:00:00+00:00,distributed_committable,94,322_HYDRO_3,322,true,false,16.5,16.5,0,16.5,16.5,2.2820788556278813,-10,16,1.05,1.0415907345962416,1.0415907345962416
0,2020-01-01T00:00:00+00:00,distributed_committable,95,322_HYDRO_4,322,true,false,16.5,16.5,0,16.5,16.5,2.2820788556278813,-10,16,1.05,1.0415907345962416,1.0415907345962416
0,2020-01-01T00:00:00+00:00,distributed_committable,96,320_PV_1,320,true,false,0,0,0,0,0,0,0,0,1,1.0189443298889957,1.0189443298889957
0,2020-01-01T00:00:00+00:00,distributed_committable,97,314_PV_1,314,true,false,0,0,0,0,0,0,0,0,1.05,0.99248271296955082,0.99248271296955082
0,2020-01-01T00:00:00+00:00,distributed_committable,98,314_PV_2,314,true,false,0,0,0,0,0,0,0,0,1.05,0.99248271296955082,0.99248271296955082
0,2020-01-01T00:00:00+00:00,distributed_committable,99,313_PV_1,313,true,false,0,0,0,0,0,0,0,0,1,1.0069257531367919,1.0069257531367919
0,2020-01-01T00:00:00+00:00,distributed_committable,100,314_PV_3,314,true,false,0,0,0,0,0,0,0,0,1.05,0.99248271296955082,0.99248271296955082
0,2020-01-01T00:00:00+00:00,distributed_committable,101,314_PV_4,314,true,false,0,0,0,0,0,0,0,0,1.05,0.99248271296955082,0.99248271296955082
0,2020-01-01T00:00:00+00:00,distributed_committable,102,313_PV_2,313,true,false,0,0,0,0,0,0,0,0,1,1.0069257531367919,1.0069257531367919
0,2020-01-01T00:00:00+00:00,distributed_committable,103,310_PV_1,310,true,false,0,0,0,0,0,0,0,0,1,1.0499999987432074,1.0499999987432074
0,2020-01-01T00:00:00+00:00,distributed_committable,104,324_PV_1,324,true,false,0,0,0,0,0,0,0,0,1,1.0263142413502837,1.0263142413502837
0,2020-01-01T00:00:00+00:00,distributed_committable,105,312_PV_1,312,true,false,0,0,0,0,0,0,0,0,1,1.0127194013339345,1.0127194013339345
0,2020-01-01T00:00:00+00:00,distributed_committable,106,310_PV_2,310,true,false,0,0,0,0,0,0,0,0,1,1.0499999987432074,1.0499999987432074
0,2020-01-01T00:00:00+00:00,distributed_committable,107,324_PV_2,324,true,false,0,0,0,0,0,0,0,0,1,1.0263142413502837,1.0263142413502837
0,2020-01-01T00:00:00+00:00,distributed_committable,108,324_PV_3,324,true,false,0,0,0,0,0,0,0,0,1,1.0263142413502837,1.0263142413502837
0,2020-01-01T00:00:00+00:00,distributed_committable,109,113_PV_1,113,true,false,0,0,0,0,0,0,0,0,1,1.0093213042015718,1.0093213042015718
0,2020-01-01T00:00:00+00:00,distributed_committable,110,319_PV_1,319,true,false,0,0,0,0,0,0,0,0,1,1.0165578894602718,1.0165578894602718
0,2020-01-01T00:00:00+00:00,distributed_committable,111,215_PV_1,215,true,false,0,0,0,0,0,0,0,0,1.0437000000000001,1.0060939428421842,1.0060939428421842
0,2020-01-01T00:00:00+00:00,distributed_committable,112,102_PV_1,102,true,false,0,0,0,0,0,0,0,0,1.0467,1.0162084328040175,1.0162084328040175
0,2020-01-01T00:00:00+00:00,distributed_committable,113,101_PV_1,101,true,false,0,0,0,0,0,0,0,0,1.0468,1.0168935495790781,1.0168935495790781
0,2020-01-01T00:00:00+00:00,distributed_committable,114,102_PV_2,102,true,false,0,0,0,0,0,0,0,0,1.0467,1.0162084328040175,1.0162084328040175
0,2020-01-01T00:00:00+00:00,distributed_committable,115,104_PV_1,104,true,false,0,0,0,0,0,0,0,0,1,1.0153077694908248,1.0153077694908248
0,2020-01-01T00:00:00+00:00,distributed_committable,116,212_CSP_1,212,false,false,0,0,0,0,0,0,0,0,1,1,1.0097012276073558
0,2020-01-01T00:00:00+00:00,distributed_committable,117,101_PV_2,101,true,false,0,0,0,0,0,0,0,0,1.0468,1.0168935495790781,1.0168935495790781
0,2020-01-01T00:00:00+00:00,distributed_committable,118,101_PV_3,101,true,false,0,0,0,0,0,0,0,0,1.0468,1.0168935495790781,1.0168935495790781
0,2020-01-01T00:00:00+00:00,distributed_committable,119,101_PV_4,101,true,false,0,0,0,0,0,0,0,0,1.0468,1.0168935495790781,1.0168935495790781
0,2020-01-01T00:00:00+00:00,distributed_committable,120,103_PV_1,103,true,false,0,0,0,0,0,0,0,0,1,1.0269835151868139,1.0269835151868139
0,2020-01-01T00:00:00+00:00,distributed_committable,121,119_PV_1,119,true,false,0,0,0,0,0,0,0,0,1,1.0155190527211719,1.0155190527211719
0,2020-01-01T00:00:00+00:00,distributed_committable,122,308_RTPV_1,308,true,false,0,0,0,0,0,0,0,0,1,0.98080369521795141,0.98080369521795141
0,2020-01-01T00:00:00+00:00,distributed_committable,123,313_RTPV_1,313,true,false,0,0,0,0,0,0,0,0,1,1.0069257531367919,1.0069257531367919
0,2020-01-01T00:00:00+00:00,distributed_committable,124,313_RTPV_2,313,true,false,0,0,0,0,0,0,0,0,1,1.0069257531367919,1.0069257531367919
0,2020-01-01T00:00:00+00:00,distributed_committable,125,313_RTPV_3,313,true,false,0,0,0,0,0,0,0,0,1,1.0069257531367919,1.0069257531367919
0,2020-01-01T00:00:00+00:00,distributed_committable,126,313_RTPV_4,313,true,false,0,0,0,0,0,0,0,0,1,1.0069257531367919,1.0069257531367919
0,2020-01-01T00:00:00+00:00,distributed_committable,127,313_RTPV_5,313,true,false,0,0,0,0,0,0,0,0,1,1.0069257531367919,1.0069257531367919
0,2020-01-01T00:00:00+00:00,distributed_committable,128,313_RTPV_6,313,true,false,0,0,0,0,0,0,0,0,1,1.0069257531367919,1.0069257531367919
0,2020-01-01T00:00:00+00:00,distributed_committable,129,313_RTPV_7,313,true,false,0,0,0,0,0,0,0,0,1,1.0069257531367919,1.0069257531367919
0,2020-01-01T00:00:00+00:00,distributed_committable,130,313_RTPV_8,313,true,false,0,0,0,0,0,0,0,0,1,1.0069257531367919,1.0069257531367919
0,2020-01-01T00:00:00+00:00,distributed_committable,131,313_RTPV_9,313,true,false,0,0,0,0,0,0,0,0,1,1.0069257531367919,1.0069257531367919
0,2020-01-01T00:00:00+00:00,distributed_committable,132,313_RTPV_10,313,true,false,0,0,0,0,0,0,0,0,1,1.0069257531367919,1.0069257531367919
0,2020-01-01T00:00:00+00:00,distributed_committable,133,313_RTPV_11,313,true,false,0,0,0,0,0,0,0,0,1,1.0069257531367919,1.0069257531367919
0,2020-01-01T00:00:00+00:00,distributed_committable,134,313_RTPV_12,313,true,false,0,0,0,0,0,0,0,0,1,1.0069257531367919,1.0069257531367919
0,2020-01-01T00:00:00+00:00,distributed_committable,135,320_RTPV_1,320,true,false,0,0,0,0,0,0,0,0,1,1.0189443298889957,1.0189443298889957
0,2020-01-01T00:00:00+00:00,distributed_committable,136,320_RTPV_2,320,true,false,0,0,0,0,0,0,0,0,1,1.0189443298889957,1.0189443298889957
0,2020-01-01T00:00:00+00:00,distributed_committable,137,320_RTPV_3,320,true,false,0,0,0,0,0,0,0,0,1,1.0189443298889957,1.0189443298889957
0,2020-01-01T00:00:00+00:00,distributed_committable,138,313_RTPV_13,313,true,false,0,0,0,0,0,0,0,0,1,1.0069257531367919,1.0069257531367919
0,2020-01-01T00:00:00+00:00,distributed_committable,139,320_RTPV_4,320,true,false,0,0,0,0,0,0,0,0,1,1.0189443298889957,1.0189443298889957
0,2020-01-01T00:00:00+00:00,distributed_committable,140,320_RTPV_5,320,true,false,0,0,0,0,0,0,0,0,1,1.0189443298889957,1.0189443298889957
0,2020-01-01T00:00:00+00:00,distributed_committable,141,118_RTPV_1,118,true,false,0,0,0,0,0,0,0,0,1,1.0391658223619571,1.0391658223619571
0,2020-01-01T00:00:00+00:00,distributed_committable,142,118_RTPV_2,118,true,false,0,0,0,0,0,0,0,0,1,1.0391658223619571,1.0391658223619571
0,2020-01-01T00:00:00+00:00,distributed_committable,143,118_RTPV_3,118,true,false,0,0,0,0,0,0,0,0,1,1.0391658223619571,1.0391658223619571
0,2020-01-01T00:00:00+00:00,distributed_committable,144,118_RTPV_4,118,true,false,0,0,0,0,0,0,0,0,1,1.0391658223619571,1.0391658223619571
0,2020-01-01T00:00:00+00:00,distributed_committable,145,118_RTPV_5,118,true,false,0,0,0,0,0,0,0,0,1,1.0391658223619571,1.0391658223619571
0,2020-01-01T00:00:00+00:00,distributed_committable,146,118_RTPV_6,118,true,false,0,0,0,0,0,0,0,0,1,1.0391658223619571,1.0391658223619571
0,2020-01-01T00:00:00+00:00,distributed_committable,147,320_RTPV_6,320,true,false,0,0,0,0,0,0,0,0,1,1.0189443298889957,1.0189443298889957
0,2020-01-01T00:00:00+00:00,distributed_committable,148,118_RTPV_7,118,true,false,0,0,0,0,0,0,0,0,1,1.0391658223619571,1.0391658223619571
0,2020-01-01T00:00:00+00:00,distributed_committable,149,118_RTPV_8,118,true,false,0,0,0,0,0,0,0,0,1,1.0391658223619571,1.0391658223619571
0,2020-01-01T00:00:00+00:00,distributed_committable,150,118_RTPV_9,118,true,false,0,0,0,0,0,0,0,0,1,1.0391658223619571,1.0391658223619571
0,2020-01-01T00:00:00+00:00,distributed_committable,151,118_RTPV_10,118,true,false,0,0,0,0,0,0,0,0,1,1.0391658223619571,1.0391658223619571
0,2020-01-01T00:00:00+00:00,distributed_committable,152,213_RTPV_1,213,true,false,0,0,0,0,0,0,0,0,1,1.0070478571883095,1.0070478571883095
0,2020-01-01T00:00:00+00:00,distributed_committable,153,309_WIND_1,309,true,false,142.80000000000001,142.80000000000001,0,142.80000000000001,142.80000000000001,0,0,0,1,1.0198000090979467,1.0198000090979467
0,2020-01-01T00:00:00+00:00,distributed_committable,154,317_WIND_1,317,true,false,665.050866735,665.050866735,0,665.050866735,665.050866735,0,0,0,1,1.0298168344140854,1.0298168344140854
0,2020-01-01T00:00:00+00:00,distributed_committable,155,303_WIND_1,303,true,false,480.80000000000001,480.79999999999995,-5.6843418860808015e-14,480.80000000000001,480.80000000000001,0,0,0,1,1.0446883720647275,1.0446883720647275
0,2020-01-01T00:00:00+00:00,distributed_committable,156,122_WIND_1,122,true,false,599.79999999999995,599.79999999999995,0,599.79999999999995,599.79999999999995,0,0,0,1.05,1.0499999977056809,1.0499999977056809
0,2020-01-01T00:00:00+00:00,distributed_committable,157,313_STORAGE_1,313,false,false,0,0,0,0,0,0,0,0,1,1,1.0069257531367919
1,2020-01-01T01:00:00+00:00,distributed_committable,0,101_CT_1,101,false,false,0,0,0,0,0,0,0,10,1.0468,1.0468,0.98172777102940456
1,2020-01-01T01:00:00+00:00,distributed_committable,1,101_CT_2,101,false,false,0,0,0,0,0,0,0,10,1.0468,1.0468,0.98172777102940456
1,2020-01-01T01:00:00+00:00,distributed_committable,2,101_STEAM_3,101,true,true,30,40.657481050329849,10.657481050329849,30,76,-9.8518726426419594,-25,30,1.0468,0.98172777102940456,0.98172777102940456
1,2020-01-01T01:00:00+00:00,distributed_committable,3,101_STEAM_4,101,true,true,30,40.657481050329849,10.657481050329849,30,76,-9.8518726426419594,-25,30,1.0468,0.98172777102940456,0.98172777102940456
1,2020-01-01T01:00:00+00:00,distributed_committable,4,102_CT_1,102,false,false,0,0,0,0,0,0,0,10,1.0467,1.0467,0.98044530202861235
1,2020-01-01T01:00:00+00:00,distributed_committable,5,102_CT_2,102,false,false,0,0,0,0,0,0,0,10,1.0467,1.0467,0.98044530202861235
1,2020-01-01T01:00:00+00:00,distributed_committable,6,102_STEAM_3,102,true,true,30,40.641245077515208,10.641245077515208,30,76,-20.861817154367522,-25,30,1.0467,0.98044530202861235,0.98044530202861235
1,2020-01-01T01:00:00+00:00,distributed_committable,7,102_STEAM_4,102,true,true,30,40.641245077515208,10.641245077515208,30,76,-20.861817154367522,-25,30,1.0467,0.98044530202861235,0.98044530202861235
1,2020-01-01T01:00:00+00:00,distributed_committable,8,107_CC_1,107,false,false,0,0,0,0,0,0,-25,150,1.05,1.05,0.95800677362919096
1,2020-01-01T01:00:00+00:00,distributed_committable,9,113_CT_1,113,false,false,0,0,0,0,0,0,-15,19,1.0347,1.0347,0.95774455628763722
1,2020-01-01T01:00:00+00:00,distributed_committable,10,113_CT_2,113,false,false,0,0,0,0,0,0,-15,19,1.0347,1.0347,0.95774455628763722
1,2020-01-01T01:00:00+00:00,distributed_committable,11,113_CT_3,113,false,false,0,0,0,0,0,0,-15,19,1.0347,1.0347,0.95774455628763722
1,2020-01-01T01:00:00+00:00,distributed_committable,12,113_CT_4,113,false,false,0,0,0,0,0,0,-15,19,1.0347,1.0347,0.95774455628763722
1,2020-01-01T01:00:00+00:00,distributed_committable,13,115_STEAM_1,115,false,false,0,0,0,0,0,0,0,6,1.0427999999999999,1.0427999999999999,0.96002273946428696
1,2020-01-01T01:00:00+00:00,distributed_committable,14,115_STEAM_2,115,false,false,0,0,0,0,0,0,0,6,1.0427999999999999,1.0427999999999999,0.96002273946428696
1,2020-01-01T01:00:00+00:00,distributed_committable,15,115_STEAM_3,115,true,true,62,74.32275394009956,12.32275394009956,62,155,79.999964056077829,-50,80,1.0427999999999999,0.96002273946428696,0.96002273946428696
1,2020-01-01T01:00:00+00:00,distributed_committable,16,116_STEAM_1,116,false,false,0,0,0,0,0,0,-50,80,1.0461,1.0461,0.952220955660531
1,2020-01-01T01:00:00+00:00,distributed_committable,17,118_CC_1,118,false,false,0,0,0,0,0,0,-25,150,1.05,1.05,0.95862431826471706
1,2020-01-01T01:00:00+00:00,distributed_committable,18,123_STEAM_2,123,true,true,62,72.475559114785455,10.475559114785455,62,155,-20.939387488346544,-50,80,1.05,0.9564709209273069,0.9564709209273069
1,2020-01-01T01:00:00+00:00,distributed_committable,19,123_STEAM_3,123,true,true,140,150.47555914794611,10.475559147946115,140,350,7.2985948586635931,-25,150,1.05,0.9564709209273069,0.9564709209273069
1,2020-01-01T01:00:00+00:00,distributed_committable,20,123_CT_1,123,false,false,0,0,0,0,0,0,-15,19,1.05,1.05,0.9564709209273069
1,2020-01-01T01:00:00+00:00,distributed_committable,21,123_CT_4,123,false,false,0,0,0,0,0,0,-15,19,1.05,1.05,0.9564709209273069
1,2020-01-01T01:00:00+00:00,distributed_committable,22,123_CT_5,123,false,false,0,0,0,0,0,0,-15,19,1.05,1.05,0.9564709209273069
1,2020-01-01T01:00:00+00:00,distributed_committable,23,201_CT_1,201,false,false,0,0,0,0,0,0,0,10,1.05,1.05,1.0292607754418068
1,2020-01-01T01:00:00+00:00,distributed_committable,24,201_CT_2,201,false,false,0,0,0,0,0,0,0,10,1.05,1.05,1.0292607754418068
1,2020-01-01T01:00:00+00:00,distributed_committable,25,201_STEAM_3,201,false,false,0,0,0,0,0,0,-25,30,1.05,1.05,1.0292607754418068
1,2020-01-01T01:00:00+00:00,distributed_committable,26,202_CT_1,202,false,false,0,0,0,0,0,0,0,10,1.05,1.05,1.030805988380749
1,2020-01-01T01:00:00+00:00,distributed_committable,27,202_CT_2,202,false,false,0,0,0,0,0,0,0,10,1.05,1.05,1.030805988380749
1,2020-01-01T01:00:00+00:00,distributed_committable,28,202_STEAM_3,202,true,true,30,37.850402759550256,7.8504027595502563,30,76,-8.0113167140928692,-25,30,1.05,1.030805988380749,1.030805988380749
1,2020-01-01T01:00:00+00:00,distributed_committable,29,202_STEAM_4,202,true,true,30,37.850402759550256,7.8504027595502563,30,76,-8.0113167140928692,-25,30,1.05,1.030805988380749,1.030805988380749
1,2020-01-01T01:00:00+00:00,distributed_committable,30,207_CT_1,207,false,false,0,0,0,0,0,0,-15,19,0.96989999999999998,0.96989999999999998,0.97481015810743576
1,2020-01-01T01:00:00+00:00,distributed_committable,31,207_CT_2,207,false,false,0,0,0,0,0,0,-15,19,0.96989999999999998,0.96989999999999998,0.97481015810743576
1,2020-01-01T01:00:00+00:00,distributed_committable,32,213_CC_3,213,false,false,0,0,0,0,0,0,-25,150,1.05,1.05,1.008001063217524
1,2020-01-01T01:00:00+00:00,distributed_committable,33,213_CT_1,213,false,false,0,0,0,0,0,0,-15,19,1.05,1.05,1.008001063217524
1,2020-01-01T01:00:00+00:00,distributed_committable,34,213_CT_2,213,false,false,0,0,0,0,0,0,-15,19,1.05,1.05,1.008001063217524
1,2020-01-01T01:00:00+00:00,distributed_committable,35,215_CT_4,215,false,false,0,0,0,0,0,0,-15,19,1.0437000000000001,1.0437000000000001,0.95734326270223935
1,2020-01-01T01:00:00+00:00,distributed_committable,36,215_CT_5,215,false,false,0,0,0,0,0,0,-15,19,1.0437000000000001,1.0437000000000001,0.95734326270223935
1,2020-01-01T01:00:00+00:00,distributed_committable,37,216_STEAM_1,216,true,true,62,70.160846444396924,8.160846444396924,62,155,-49.999923544585414,-50,80,1.0472999999999999,0.96660725353177446,0.96660725353177446
1,2020-01-01T01:00:00+00:00,distributed_committable,38,218_CC_1,218,false,false,0,0,0,0,0,0,-25,150,1.05,1.05,0.95430819443783166
1,2020-01-01T01:00:00+00:00,distributed_committable,39,221_CC_1,221,false,false,0,0,0,0,0,0,-25,150,1.05,1.05,0.95630226147763631
1,2020-01-01T01:00:00+00:00,distributed_committable,40,223_STEAM_1,223,true,true,62,68.015327865220783,6.0153278652207831,62,155,65.45397551768157,-50,80,1.05,1.0499999977437815,1.0499999977437815
1,2020-01-01T01:00:00+00:00,distributed_committable,41,223_STEAM_2,223,true,true,62,68.015327865220783,6.0153278652207831,62,155,65.45397551768157,-50,80,1.05,1.0499999977437815,1.0499999977437815
1,2020-01-01T01:00:00+00:00,distributed_committable,42,223_STEAM_3,223,true,true,140,146.01532789598988,6.0153278959898842,140,350,135.32622649325913,-25,150,1.05,1.0499999977437815,1.0499999977437815
1,2020-01-01T01:00:00+00:00,distributed_committable,43,223_CT_4,223,false,false,0,0,0,0,0,0,-15,19,1.05,1.05,1.0499999977437815
1,2020-01-01T01:00:00+00:00,distributed_committable,44,223_CT_5,223,false,false,0,0,0,0,0,0,-15,19,1.05,1.05,1.0499999977437815
1,2020-01-01T01:00:00+00:00,distributed_committable,45,223_CT_6,223,false,false,0,0,0,0,0,0,-15,19,1.05,1.05,1.0499999977437815
1,2020-01-01T01:00:00+00:00,distributed_committable,46,301_CT_1,301,false,false,0,0,0,0,0,0,0,10,1.05,1.05,1.0174661660530986
1,2020-01-01T01:00:00+00:00,distributed_committable,47,301_CT_2,301,false,false,0,0,0,0,0,0,0,10,1.05,1.05,1.0174661660530986
1,2020-01-01T01:00:00+00:00,distributed_committable,48,301_CT_3,301,false,false,0,0,0,0,0,0,-15,19,1.05,1.05,1.0174661660530986
1,2020-01-01T01:00:00+00:00,distributed_committable,49,301_CT_4,301,false,false,0,0,0,0,0,0,-15,19,1.05,1.05,1.0174661660530986
1,2020-01-01T01:00:00+00:00,distributed_committable,50,302_CT_1,302,false,false,0,0,0,0,0,0,0,10,1.05,1.05,1.0180377790046855
1,2020-01-01T01:00:00+00:00,distributed_committable,51,302_CT_2,302,false,false,0,0,0,0,0,0,0,10,1.05,1.05,1.0180377790046855
1,2020-01-01T01:00:00+00:00,distributed_committable,52,302_CT_3,302,false,false,0,0,0,0,0,0,-15,19,1.05,1.05,1.0180377790046855
1,2020-01-01T01:00:00+00:00,distributed_committable,53,302_CT_4,302,false,false,0,0,0,0,0,0,-15,19,1.05,1.05,1.0180377790046855
1,2020-01-01T01:00:00+00:00,distributed_committable,54,307_CT_1,307,false,false,0,0,0,0,0,0,-15,19,0.95679999999999998,0.95679999999999998,0.95000000275575269
1,2020-01-01T01:00:00+00:00,distributed_committable,55,307_CT_2,307,false,false,0,0,0,0,0,0,-15,19,0.95679999999999998,0.95679999999999998,0.95000000275575269
1,2020-01-01T01:00:00+00:00,distributed_committable,56,313_CC_1,313,false,false,0,0,0,0,0,0,-25,150,1.0349999999999999,1.0349999999999999,0.98804536749478533
1,2020-01-01T01:00:00+00:00,distributed_committable,57,315_STEAM_1,315,false,false,0,0,0,0,0,0,0,6,1.0422,1.0422,1.0169339863822844
1,2020-01-01T01:00:00+00:00,distributed_committable,58,315_STEAM_2,315,false,false,0,0,0,0,0,0,0,6,1.0422,1.0422,1.0169339863822844
1,2020-01-01T01:00:00+00:00,distributed_committable,59,315_STEAM_3,315,false,false,0,0,0,0,0,0,0,6,1.0422,1.0422,1.0169339863822844
1,2020-01-01T01:00:00+00:00,distributed_committable,60,315_STEAM_4,315,false,false,0,0,0,0,0,0,0,6,1.0422,1.0422,1.0169339863822844
1,2020-01-01T01:00:00+00:00,distributed_committable,61,315_STEAM_5,315,false,false,0,0,0,0,0,0,0,6,1.0422,1.0422,1.0169339863822844
1,2020-01-01T01:00:00+00:00,distributed_committable,62,315_CT_6,315,false,false,0,0,0,0,0,0,-15,19,1.0422,1.0422,1.0169339863822844
1,2020-01-01T01:00:00+00:00,distributed_committable,63,315_CT_7,315,false,false,0,0,0,0,0,0,-15,19,1.0422,1.0422,1.0169339863822844
1,2020-01-01T01:00:00+00:00,distributed_committable,64,315_CT_8,315,false,false,0,0,0,0,0,0,0,60,1.0422,1.0422,1.0169339863822844
1,2020-01-01T01:00:00+00:00,distributed_committable,65,316_STEAM_1,316,true,true,62,65.40062568989066,3.4006256898906599,62,155,38.142093023607643,-50,80,1.0448999999999999,1.0138729870389238,1.0138729870389238
1,2020-01-01T01:00:00+00:00,distributed_committable,66,318_CC_1,318,false,false,0,0,0,0,0,0,-25,150,1.05,1.05,1.0257431464678541
1,2020-01-01T01:00:00+00:00,distributed_committable,67,321_CC_1,321,false,false,0,0,0,0,0,0,-25,150,1.05,1.05,1.0272881839654164
1,2020-01-01T01:00:00+00:00,distributed_committable,68,322_CT_5,322,false,false,0,0,0,0,0,0,-15,19,1.05,1.05,1.0499999956893111
1,2020-01-01T01:00:00+00:00,distributed_committable,69,322_CT_6,322,false,false,0,0,0,0,0,0,-15,19,1.05,1.05,1.0499999956893111
1,2020-01-01T01:00:00+00:00,distributed_committable,70,323_CC_1,323,false,false,0,0,0,0,0,0,-25,150,1.05,1.05,0.99415952707747146
1,2020-01-01T01:00:00+00:00,distributed_committable,71,323_CC_2,323,false,false,0,0,0,0,0,0,-25,150,1.05,1.05,0.99415952707747146
1,2020-01-01T01:00:00+00:00,distributed_committable,72,114_SYNC_COND_1,114,true,false,0,0,0,0,0,7.9857471525924302,-50,200,1.0441,0.95000001404500334,0.95000001404500334
1,2020-01-01T01:00:00+00:00,distributed_committable,73,121_NUCLEAR_1,121,true,true,400,399.99999963823041,-3.6176959383737994e-07,396,400,-14.68767587589784,-50,200,1.05,0.96475324926148875,0.96475324926148875
1,2020-01-01T01:00:00+00:00,distributed_committable,74,122_HYDRO_1,122,true,false,3.7999999999999998,3.7999999999999998,0,3.7999999999999998,3.7999999999999998,15.999950892415724,-10,16,1.05,1.0092269957021334,1.0092269957021334
1,2020-01-01T01:00:00+00:00,distributed_committable,75,122_HYDRO_2,122,true,false,3.7999999999999998,3.7999999999999998,0,3.7999999999999998,3.7999999999999998,15.999950892415724,-10,16,1.05,1.0092269957021334,1.0092269957021334
1,2020-01-01T01:00:00+00:00,distributed_committable,76,122_HYDRO_3,122,true,false,3.7999999999999998,3.7999999999999998,0,3.7999999999999998,3.7999999999999998,15.999950892415724,-10,16,1.05,1.0092269957021334,1.0092269957021334
1,2020-01-01T01:00:00+00:00,distributed_committable,77,122_HYDRO_4,122,true,false,3.7999999999999998,3.7999999999999998,0,3.7999999999999998,3.7999999999999998,15.999950892415724,-10,16,1.05,1.0092269957021334,1.0092269957021334
1,2020-01-01T01:00:00+00:00,distributed_committable,78,122_HYDRO_5,122,true,false,3.7999999999999998,3.7999999999999998,0,3.7999999999999998,3.7999999999999998,15.999950892415724,-10,16,1.05,1.0092269957021334,1.0092269957021334
1,2020-01-01T01:00:00+00:00,distributed_committable,79,122_HYDRO_6,122,true,false,3.7999999999999998,3.7999999999999998,0,3.7999999999999998,3.7999999999999998,15.999950892415724,-10,16,1.05,1.0092269957021334,1.0092269957021334
1,2020-01-01T01:00:00+00:00,distributed_committable,80,201_HYDRO_4,201,true,false,9.5,9.5,0,9.5,9.5,-9.9985776841584197,-10,16,1.05,1.0292607754418068,1.0292607754418068
1,2020-01-01T01:00:00+00:00,distributed_committable,81,214_SYNC_COND_1,214,true,false,0,0,0,0,0,-38.500402375294975,-50,200,1.05,0.96745065687302423,0.96745065687302423
1,2020-01-01T01:00:00+00:00,distributed_committable,82,215_HYDRO_1,215,true,false,9.5,9.5,0,9.5,9.5,-9.9999475436981662,-10,16,1.0437000000000001,0.95734326270223935,0.95734326270223935
1,2020-01-01T01:00:00+00:00,distributed_committable,83,215_HYDRO_2,215,true,false,9.5,9.5,0,9.5,9.5,-9.9999475436981662,-10,16,1.0437000000000001,0.95734326270223935,0.95734326270223935
1,2020-01-01T01:00:00+00:00,distributed_committable,84,215_HYDRO_3,215,true,false,9.5,9.5,0,9.5,9.5,-9.9999475436981662,-10,16,1.0437000000000001,0.95734326270223935,0.95734326270223935
1,2020-01-01T01:00:00+00:00,distributed_committable,85,222_HYDRO_1,222,true,false,9.5,9.5,0,9.5,9.5,-6.4846990859300293,-10,16,1.05,0.95000003101560149,0.95000003101560149
1,2020-01-01T01:00:00+00:00,distributed_committable,86,222_HYDRO_2,222,true,false,9.5,9.5,0,9.5,9.5,-6.4846990859300293,-10,16,1.05,0.95000003101560149,0.95000003101560149
1,2020-01-01T01:00:00+00:00,distributed_committable,87,222_HYDRO_3,222,true,false,9.5,9.5,0,9.5,9.5,-6.4846990859300293,-10,16,1.05,0.95000003101560149,0.95000003101560149
1,2020-01-01T01:00:00+00:00,distributed_committable,88,222_HYDRO_4,222,true,false,9.5,9.5,0,9.5,9.5,-6.4846990859300293,-10,16,1.05,0.95000003101560149,0.95000003101560149
1,2020-01-01T01:00:00+00:00,distributed_committable,89,222_HYDRO_5,222,true,false,9.5,9.5,0,9.5,9.5,-6.4846990859300293,-10,16,1.05,0.95000003101560149,0.95000003101560149
1,2020-01-01T01:00:00+00:00,distributed_committable,90,222_HYDRO_6,222,true,false,9.5,9.5,0,9.5,9.5,-6.4846990859300293,-10,16,1.05,0.95000003101560149,0.95000003101560149
1,2020-01-01T01:00:00+00:00,distributed_committable,91,314_SYNC_COND_1,314,true,false,0,0,0,0,0,-49.999998596464621,-50,200,1.05,0.98262419875235152,0.98262419875235152
1,2020-01-01T01:00:00+00:00,distributed_committable,92,322_HYDRO_1,322,true,false,20.300000000000001,20.300000000000001,0,20.300000000000001,20.300000000000001,6.4421078256839142,-10,16,1.05,1.0499999956893111,1.0499999956893111
1,2020-01-01T01:00:00+00:00,distributed_committable,93,322_HYDRO_2,322,true,false,20.300000000000001,20.300000000000001,0,20.300000000000001,20.300000000000001,6.4421078256839142,-10,16,1.05,1.0499999956893111,1.0499999956893111
1,2020-01-01T01:00:00+00:00,distributed_committable,94,322_HYDRO_3,322,true,false,20.300000000000001,20.300000000000001,0,20.300000000000001,20.300000000000001,6.4421078256839142,-10,16,1.05,1.0499999956893111,1.0499999956893111
1,2020-01-01T01:00:00+00:00,distributed_committable,95,322_HYDRO_4,322,true,false,20.300000000000001,20.300000000000001,0,20.300000000000001,20.300000000000001,6.4421078256839142,-10,16,1.05,1.0499999956893111,1.0499999956893111
1,2020-01-01T01:00:00+00:00,distributed_committable,96,320_PV_1,320,true,false,0,0,0,0,0,0,0,0,1,0.99698598191295518,0.99698598191295518
1,2020-01-01T01:00:00+00:00,distributed_committable,97,314_PV_1,314,true,false,0,0,0,0,0,0,0,0,1.05,0.98262419875235152,0.98262419875235152
1,2020-01-01T01:00:00+00:00,distributed_committable,98,314_PV_2,314,true,false,0,0,0,0,0,0,0,0,1.05,0.98262419875235152,0.98262419875235152
1,2020-01-01T01:00:00+00:00,distributed_committable,99,313_PV_1,313,true,false,0,0,0,0,0,0,0,0,1,0.98804536749478533,0.98804536749478533
1,2020-01-01T01:00:00+00:00,distributed_committable,100,314_PV_3,314,true,false,0,0,0,0,0,0,0,0,1.05,0.98262419875235152,0.98262419875235152
1,2020-01-01T01:00:00+00:00,distributed_committable,101,314_PV_4,314,true,false,0,0,0,0,0,0,0,0,1.05,0.98262419875235152,0.98262419875235152
1,2020-01-01T01:00:00+00:00,distributed_committable,102,313_PV_2,313,true,false,0,0,0,0,0,0,0,0,1,0.98804536749478533,0.98804536749478533
1,2020-01-01T01:00:00+00:00,distributed_committable,103,310_PV_1,310,true,false,0,0,0,0,0,0,0,0,1,1.0328071348804329,1.0328071348804329
1,2020-01-01T01:00:00+00:00,distributed_committable,104,324_PV_1,324,true,false,0,0,0,0,0,0,0,0,1,1.019992861054059,1.019992861054059
1,2020-01-01T01:00:00+00:00,distributed_committable,105,312_PV_1,312,true,false,0,0,0,0,0,0,0,0,1,0.99353976620069384,0.99353976620069384
1,2020-01-01T01:00:00+00:00,distributed_committable,106,310_PV_2,310,true,false,0,0,0,0,0,0,0,0,1,1.0328071348804329,1.0328071348804329
1,2020-01-01T01:00:00+00:00,distributed_committable,107,324_PV_2,324,true,false,0,0,0,0,0,0,0,0,1,1.019992861054059,1.019992861054059
1,2020-01-01T01:00:00+00:00,distributed_committable,108,324_PV_3,324,true,false,0,0,0,0,0,0,0,0,1,1.019992861054059,1.019992861054059
1,2020-01-01T01:00:00+00:00,distributed_committable,109,113_PV_1,113,true,false,0,0,0,0,0,0,0,0,1,0.95774455628763722,0.95774455628763722
1,2020-01-01T01:00:00+00:00,distributed_committable,110,319_PV_1,319,true,false,0,0,0,0,0,0,0,0,1,1.0032092568028654,1.0032092568028654
1,2020-01-01T01:00:00+00:00,distributed_committable,111,215_PV_1,215,true,false,0,0,0,0,0,0,0,0,1.0437000000000001,0.95734326270223935,0.95734326270223935
1,2020-01-01T01:00:00+00:00,distributed_committable,112,102_PV_1,102,true,false,0,0,0,0,0,0,0,0,1.0467,0.98044530202861235,0.98044530202861235
1,2020-01-01T01:00:00+00:00,distributed_committable,113,101_PV_1,101,true,false,0,0,0,0,0,0,0,0,1.0468,0.98172777102940456,0.98172777102940456
1,2020-01-01T01:00:00+00:00,distributed_committable,114,102_PV_2,102,true,false,0,0,0,0,0,0,0,0,1.0467,0.98044530202861235,0.98044530202861235
1,2020-01-01T01:00:00+00:00,distributed_committable,115,104_PV_1,104,true,false,0,0,0,0,0,0,0,0,1,0.97142758600843748,0.97142758600843748
1,2020-01-01T01:00:00+00:00,distributed_committable,116,212_CSP_1,212,false,false,0,0,0,0,0,0,0,0,1,1,1.0126839701243404
1,2020-01-01T01:00:00+00:00,distributed_committable,117,101_PV_2,101,true,false,0,0,0,0,0,0,0,0,1.0468,0.98172777102940456,0.98172777102940456
1,2020-01-01T01:00:00+00:00,distributed_committable,118,101_PV_3,101,true,false,0,0,0,0,0,0,0,0,1.0468,0.98172777102940456,0.98172777102940456
1,2020-01-01T01:00:00+00:00,distributed_committable,119,101_PV_4,101,true,false,0,0,0,0,0,0,0,0,1.0468,0.98172777102940456,0.98172777102940456
1,2020-01-01T01:00:00+00:00,distributed_committable,120,103_PV_1,103,true,false,0,0,0,0,0,0,0,0,1,0.96921362721311954,0.96921362721311954
1,2020-01-01T01:00:00+00:00,distributed_committable,121,119_PV_1,119,true,false,0,0,0,0,0,0,0,0,1,0.95000000200968959,0.95000000200968959
1,2020-01-01T01:00:00+00:00,distributed_committable,122,308_RTPV_1,308,true,false,0,0,0,0,0,0,0,0,1,0.9655602261850329,0.9655602261850329
1,2020-01-01T01:00:00+00:00,distributed_committable,123,313_RTPV_1,313,true,false,0,0,0,0,0,0,0,0,1,0.98804536749478533,0.98804536749478533
1,2020-01-01T01:00:00+00:00,distributed_committable,124,313_RTPV_2,313,true,false,0,0,0,0,0,0,0,0,1,0.98804536749478533,0.98804536749478533
1,2020-01-01T01:00:00+00:00,distributed_committable,125,313_RTPV_3,313,true,false,0,0,0,0,0,0,0,0,1,0.98804536749478533,0.98804536749478533
1,2020-01-01T01:00:00+00:00,distributed_committable,126,313_RTPV_4,313,true,false,0,0,0,0,0,0,0,0,1,0.98804536749478533,0.98804536749478533
1,2020-01-01T01:00:00+00:00,distributed_committable,127,313_RTPV_5,313,true,false,0,0,0,0,0,0,0,0,1,0.98804536749478533,0.98804536749478533
1,2020-01-01T01:00:00+00:00,distributed_committable,128,313_RTPV_6,313,true,false,0,0,0,0,0,0,0,0,1,0.98804536749478533,0.98804536749478533
1,2020-01-01T01:00:00+00:00,distributed_committable,129,313_RTPV_7,313,true,false,0,0,0,0,0,0,0,0,1,0.98804536749478533,0.98804536749478533
1,2020-01-01T01:00:00+00:00,distributed_committable,130,313_RTPV_8,313,true,false,0,0,0,0,0,0,0,0,1,0.98804536749478533,0.98804536749478533
1,2020-01-01T01:00:00+00:00,distributed_committable,131,313_RTPV_9,313,true,false,0,0,0,0,0,0,0,0,1,0.98804536749478533,0.98804536749478533
1,2020-01-01T01:00:00+00:00,distributed_committable,132,313_RTPV_10,313,true,false,0,0,0,0,0,0,0,0,1,0.98804536749478533,0.98804536749478533
1,2020-01-01T01:00:00+00:00,distributed_committable,133,313_RTPV_11,313,true,false,0,0,0,0,0,0,0,0,1,0.98804536749478533,0.98804536749478533
1,2020-01-01T01:00:00+00:00,distributed_committable,134,313_RTPV_12,313,true,false,0,0,0,0,0,0,0,0,1,0.98804536749478533,0.98804536749478533
1,2020-01-01T01:00:00+00:00,distributed_committable,135,320_RTPV_1,320,true,false,0,0,0,0,0,0,0,0,1,0.99698598191295518,0.99698598191295518
1,2020-01-01T01:00:00+00:00,distributed_committable,136,320_RTPV_2,320,true,false,0,0,0,0,0,0,0,0,1,0.99698598191295518,0.99698598191295518
1,2020-01-01T01:00:00+00:00,distributed_committable,137,320_RTPV_3,320,true,false,0,0,0,0,0,0,0,0,1,0.99698598191295518,0.99698598191295518
1,2020-01-01T01:00:00+00:00,distributed_committable,138,313_RTPV_13,313,true,false,0,0,0,0,0,0,0,0,1,0.98804536749478533,0.98804536749478533
1,2020-01-01T01:00:00+00:00,distributed_committable,139,320_RTPV_4,320,true,false,0,0,0,0,0,0,0,0,1,0.99698598191295518,0.99698598191295518
1,2020-01-01T01:00:00+00:00,distributed_committable,140,320_RTPV_5,320,true,false,0,0,0,0,0,0,0,0,1,0.99698598191295518,0.99698598191295518
1,2020-01-01T01:00:00+00:00,distributed_committable,141,118_RTPV_1,118,true,false,0,0,0,0,0,0,0,0,1,0.95862431826471706,0.95862431826471706
1,2020-01-01T01:00:00+00:00,distributed_committable,142,118_RTPV_2,118,true,false,0,0,0,0,0,0,0,0,1,0.95862431826471706,0.95862431826471706
1,2020-01-01T01:00:00+00:00,distributed_committable,143,118_RTPV_3,118,true,false,0,0,0,0,0,0,0,0,1,0.95862431826471706,0.95862431826471706
1,2020-01-01T01:00:00+00:00,distributed_committable,144,118_RTPV_4,118,true,false,0,0,0,0,0,0,0,0,1,0.95862431826471706,0.95862431826471706
1,2020-01-01T01:00:00+00:00,distributed_committable,145,118_RTPV_5,118,true,false,0,0,0,0,0,0,0,0,1,0.95862431826471706,0.95862431826471706
1,2020-01-01T01:00:00+00:00,distributed_committable,146,118_RTPV_6,118,true,false,0,0,0,0,0,0,0,0,1,0.95862431826471706,0.95862431826471706
1,2020-01-01T01:00:00+00:00,distributed_committable,147,320_RTPV_6,320,true,false,0,0,0,0,0,0,0,0,1,0.99698598191295518,0.99698598191295518
1,2020-01-01T01:00:00+00:00,distributed_committable,148,118_RTPV_7,118,true,false,0,0,0,0,0,0,0,0,1,0.95862431826471706,0.95862431826471706
1,2020-01-01T01:00:00+00:00,distributed_committable,149,118_RTPV_8,118,true,false,0,0,0,0,0,0,0,0,1,0.95862431826471706,0.95862431826471706
1,2020-01-01T01:00:00+00:00,distributed_committable,150,118_RTPV_9,118,true,false,0,0,0,0,0,0,0,0,1,0.95862431826471706,0.95862431826471706
1,2020-01-01T01:00:00+00:00,distributed_committable,151,118_RTPV_10,118,true,false,0,0,0,0,0,0,0,0,1,0.95862431826471706,0.95862431826471706
1,2020-01-01T01:00:00+00:00,distributed_committable,152,213_RTPV_1,213,true,false,0,0,0,0,0,0,0,0,1,1.008001063217524,1.008001063217524
1,2020-01-01T01:00:00+00:00,distributed_committable,153,309_WIND_1,309,true,false,139.09999999999999,139.09999999999999,0,139.09999999999999,139.09999999999999,0,0,0,1,1.0029821718840519,1.0029821718840519
1,2020-01-01T01:00:00+00:00,distributed_committable,154,317_WIND_1,317,true,false,582.74660044799998,582.74660044799998,0,582.74660044799998,582.74660044799998,0,0,0,1,1.030192948160449,1.030192948160449
1,2020-01-01T01:00:00+00:00,distributed_committable,155,303_WIND_1,303,true,false,505.99922225199998,505.99922225199998,0,505.99922225199998,505.99922225199998,0,0,0,1,1.0325318642168109,1.0325318642168109
1,2020-01-01T01:00:00+00:00,distributed_committable,156,122_WIND_1,122,true,false,602.20000000000005,602.20000000000005,0,602.20000000000005,602.20000000000005,0,0,0,1.05,1.0092269957021334,1.0092269957021334
1,2020-01-01T01:00:00+00:00,distributed_committable,157,313_STORAGE_1,313,false,false,0,0,0,0,0,0,0,0,1,1,0.98804536749478533
2,2020-01-01T02:00:00+00:00,distributed_committable,0,101_CT_1,101,false,false,0,0,0,0,0,0,0,10,1.0468,1.0468,1.0117391969513443
2,2020-01-01T02:00:00+00:00,distributed_committable,1,101_CT_2,101,false,false,0,0,0,0,0,0,0,10,1.0468,1.0468,1.0117391969513443
2,2020-01-01T02:00:00+00:00,distributed_committable,2,101_STEAM_3,101,true,true,30,37.640104953634633,7.6401049536346335,30,76,-24.99996858695188,-25,30,1.0468,1.0117391969513443,1.0117391969513443
2,2020-01-01T02:00:00+00:00,distributed_committable,3,101_STEAM_4,101,true,true,30,37.640104953634633,7.6401049536346335,30,76,-24.99996858695188,-25,30,1.0468,1.0117391969513443,1.0117391969513443
2,2020-01-01T02:00:00+00:00,distributed_committable,4,102_CT_1,102,false,false,0,0,0,0,0,0,0,10,1.0467,1.0467,1.0115352356004153
2,2020-01-01T02:00:00+00:00,distributed_committable,5,102_CT_2,102,false,false,0,0,0,0,0,0,0,10,1.0467,1.0467,1.0115352356004153
2,2020-01-01T02:00:00+00:00,distributed_committable,6,102_STEAM_3,102,true,true,30,37.645480689800259,7.6454806898002587,30,76,-24.999969507442017,-25,30,1.0467,1.0115352356004153,1.0115352356004153
2,2020-01-01T02:00:00+00:00,distributed_committable,7,102_STEAM_4,102,true,true,30,37.645480689800259,7.6454806898002587,30,76,-24.999969507442017,-25,30,1.0467,1.0115352356004153,1.0115352356004153
2,2020-01-01T02:00:00+00:00,distributed_committable,8,107_CC_1,107,false,false,0,0,0,0,0,0,-25,150,1.05,1.05,0.99662758561770914
2,2020-01-01T02:00:00+00:00,distributed_committable,9,113_CT_1,113,false,false,0,0,0,0,0,0,-15,19,1.0347,1.0347,1.0098529196614676
2,2020-01-01T02:00:00+00:00,distributed_committable,10,113_CT_2,113,false,false,0,0,0,0,0,0,-15,19,1.0347,1.0347,1.0098529196614676
2,2020-01-01T02:00:00+00:00,distributed_committable,11,113_CT_3,113,false,false,0,0,0,0,0,0,-15,19,1.0347,1.0347,1.0098529196614676
2,2020-01-01T02:00:00+00:00,distributed_committable,12,113_CT_4,113,false,false,0,0,0,0,0,0,-15,19,1.0347,1.0347,1.0098529196614676
2,2020-01-01T02:00:00+00:00,distributed_committable,13,115_STEAM_1,115,false,false,0,0,0,0,0,0,0,6,1.0427999999999999,1.0427999999999999,1.0346594689777004
2,2020-01-01T02:00:00+00:00,distributed_committable,14,115_STEAM_2,115,false,false,0,0,0,0,0,0,0,6,1.0427999999999999,1.0427999999999999,1.0346594689777004
2,2020-01-01T02:00:00+00:00,distributed_committable,15,115_STEAM_3,115,true,true,62,69.412089762520637,7.4120897625206368,62,155,79.999951538496887,-50,80,1.0427999999999999,1.0346594689777004,1.0346594689777004
2,2020-01-01T02:00:00+00:00,distributed_committable,16,116_STEAM_1,116,false,false,0,0,0,0,0,0,-50,80,1.0461,1.0461,1.0220955282487201
2,2020-01-01T02:00:00+00:00,distributed_committable,17,118_CC_1,118,false,false,0,0,0,0,0,0,-25,150,1.05,1.05,1.0385248339628279
2,2020-01-01T02:00:00+00:00,distributed_committable,18,123_STEAM_2,123,true,true,62,69.693518364475395,7.6935183644753948,62,155,-21.762973812115806,-50,80,1.05,1.0154784482809744,1.0154784482809744
2,2020-01-01T02:00:00+00:00,distributed_committable,19,123_STEAM_3,123,true,true,140,147.69351836839041,7.6935183683904143,140,350,6.1311086788325486,-25,150,1.05,1.0154784482809744,1.0154784482809744
2,2020-01-01T02:00:00+00:00,distributed_committable,20,123_CT_1,123,false,false,0,0,0,0,0,0,-15,19,1.05,1.05,1.0154784482809744
2,2020-01-01T02:00:00+00:00,distributed_committable,21,123_CT_4,123,false,false,0,0,0,0,0,0,-15,19,1.05,1.05,1.0154784482809744
2,2020-01-01T02:00:00+00:00,distributed_committable,22,123_CT_5,123,false,false,0,0,0,0,0,0,-15,19,1.05,1.05,1.0154784482809744
2,2020-01-01T02:00:00+00:00,distributed_committable,23,201_CT_1,201,false,false,0,0,0,0,0,0,0,10,1.05,1.05,1.0200266635356414
2,2020-01-01T02:00:00+00:00,distributed_committable,24,201_CT_2,201,false,false,0,0,0,0,0,0,0,10,1.05,1.05,1.0200266635356414
2,2020-01-01T02:00:00+00:00,distributed_committable,25,201_STEAM_3,201,false,false,0,0,0,0,0,0,-25,30,1.05,1.05,1.0200266635356414
2,2020-01-01T02:00:00+00:00,distributed_committable,26,202_CT_1,202,false,false,0,0,0,0,0,0,0,10,1.05,1.05,1.0186866672940866
2,2020-01-01T02:00:00+00:00,distributed_committable,27,202_CT_2,202,false,false,0,0,0,0,0,0,0,10,1.05,1.05,1.0186866672940866
2,2020-01-01T02:00:00+00:00,distributed_committable,28,202_STEAM_3,202,true,true,30,38.369132733749318,8.3691327337493178,30,76,-24.91192352076386,-25,30,1.05,1.0186866672940866,1.0186866672940866
2,2020-01-01T02:00:00+00:00,distributed_committable,29,202_STEAM_4,202,true,true,30,38.369132733749318,8.3691327337493178,30,76,-24.91192352076386,-25,30,1.05,1.0186866672940866,1.0186866672940866
2,2020-01-01T02:00:00+00:00,distributed_committable,30,207_CT_1,207,false,false,0,0,0,0,0,0,-15,19,0.96989999999999998,0.96989999999999998,0.97858502866157548
2,2020-01-01T02:00:00+00:00,distributed_committable,31,207_CT_2,207,false,false,0,0,0,0,0,0,-15,19,0.96989999999999998,0.96989999999999998,0.97858502866157548
2,2020-01-01T02:00:00+00:00,distributed_committable,32,213_CC_3,213,false,false,0,0,0,0,0,0,-25,150,1.05,1.05,1.0057978686661913
2,2020-01-01T02:00:00+00:00,distributed_committable,33,213_CT_1,213,false,false,0,0,0,0,0,0,-15,19,1.05,1.05,1.0057978686661913
2,2020-01-01T02:00:00+00:00,distributed_committable,34,213_CT_2,213,false,false,0,0,0,0,0,0,-15,19,1.05,1.05,1.0057978686661913
2,2020-01-01T02:00:00+00:00,distributed_committable,35,215_CT_4,215,false,false,0,0,0,0,0,0,-15,19,1.0437000000000001,1.0437000000000001,1.0054630605500319
2,2020-01-01T02:00:00+00:00,distributed_committable,36,215_CT_5,215,false,false,0,0,0,0,0,0,-15,19,1.0437000000000001,1.0437000000000001,1.0054630605500319
2,2020-01-01T02:00:00+00:00,distributed_committable,37,216_STEAM_1,216,true,true,62,70.068465022759369,8.0684650227593693,62,155,26.963451164483054,-50,80,1.0472999999999999,1.0094817432094154,1.0094817432094154
2,2020-01-01T02:00:00+00:00,distributed_committable,38,218_CC_1,218,false,false,0,0,0,0,0,0,-25,150,1.05,1.05,1.0059233675338901
2,2020-01-01T02:00:00+00:00,distributed_committable,39,221_CC_1,221,false,false,0,0,0,0,0,0,-25,150,1.05,1.05,1.0081268847541005
2,2020-01-01T02:00:00+00:00,distributed_committable,40,223_STEAM_1,223,true,true,62,69.958129681210806,7.9581296812108064,62,155,10.887390260060775,-50,80,1.05,1.0257709469422815,1.0257709469422815
2,2020-01-01T02:00:00+00:00,distributed_committable,41,223_STEAM_2,223,true,true,62,69.958129681210806,7.9581296812108064,62,155,10.887390260060775,-50,80,1.05,1.0257709469422815,1.0257709469422815
2,2020-01-01T02:00:00+00:00,distributed_committable,42,223_STEAM_3,223,true,true,140,147.95812968514315,7.9581296851431489,140,350,55.265725503947415,-25,150,1.05,1.0257709469422815,1.0257709469422815
2,2020-01-01T02:00:00+00:00,distributed_committable,43,223_CT_4,223,false,false,0,0,0,0,0,0,-15,19,1.05,1.05,1.0257709469422815
2,2020-01-01T02:00:00+00:00,distributed_committable,44,223_CT_5,223,false,false,0,0,0,0,0,0,-15,19,1.05,1.05,1.0257709469422815
2,2020-01-01T02:00:00+00:00,distributed_committable,45,223_CT_6,223,false,false,0,0,0,0,0,0,-15,19,1.05,1.05,1.0257709469422815
2,2020-01-01T02:00:00+00:00,distributed_committable,46,301_CT_1,301,false,false,0,0,0,0,0,0,0,10,1.05,1.05,1.0342275999863326
2,2020-01-01T02:00:00+00:00,distributed_committable,47,301_CT_2,301,false,false,0,0,0,0,0,0,0,10,1.05,1.05,1.0342275999863326
2,2020-01-01T02:00:00+00:00,distributed_committable,48,301_CT_3,301,false,false,0,0,0,0,0,0,-15,19,1.05,1.05,1.0342275999863326
2,2020-01-01T02:00:00+00:00,distributed_committable,49,301_CT_4,301,false,false,0,0,0,0,0,0,-15,19,1.05,1.05,1.0342275999863326
2,2020-01-01T02:00:00+00:00,distributed_committable,50,302_CT_1,302,false,false,0,0,0,0,0,0,0,10,1.05,1.05,1.034969407801041
2,2020-01-01T02:00:00+00:00,distributed_committable,51,302_CT_2,302,false,false,0,0,0,0,0,0,0,10,1.05,1.05,1.034969407801041
2,2020-01-01T02:00:00+00:00,distributed_committable,52,302_CT_3,302,false,false,0,0,0,0,0,0,-15,19,1.05,1.05,1.034969407801041
2,2020-01-01T02:00:00+00:00,distributed_committable,53,302_CT_4,302,false,false,0,0,0,0,0,0,-15,19,1.05,1.05,1.034969407801041
2,2020-01-01T02:00:00+00:00,distributed_committable,54,307_CT_1,307,false,false,0,0,0,0,0,0,-15,19,0.95679999999999998,0.95679999999999998,0.96983698098864402
2,2020-01-01T02:00:00+00:00,distributed_committable,55,307_CT_2,307,false,false,0,0,0,0,0,0,-15,19,0.95679999999999998,0.95679999999999998,0.96983698098864402
2,2020-01-01T02:00:00+00:00,distributed_committable,56,313_CC_1,313,false,false,0,0,0,0,0,0,-25,150,1.0349999999999999,1.0349999999999999,1.0049532041394751
2,2020-01-01T02:00:00+00:00,distributed_committable,57,315_STEAM_1,315,false,false,0,0,0,0,0,0,0,6,1.0422,1.0422,1.0073228662187934
2,2020-01-01T02:00:00+00:00,distributed_committable,58,315_STEAM_2,315,false,false,0,0,0,0,0,0,0,6,1.0422,1.0422,1.0073228662187934
2,2020-01-01T02:00:00+00:00,distributed_committable,59,315_STEAM_3,315,false,false,0,0,0,0,0,0,0,6,1.0422,1.0422,1.0073228662187934
2,2020-01-01T02:00:00+00:00,distributed_committable,60,315_STEAM_4,315,false,false,0,0,0,0,0,0,0,6,1.0422,1.0422,1.0073228662187934
2,2020-01-01T02:00:00+00:00,distributed_committable,61,315_STEAM_5,315,false,false,0,0,0,0,0,0,0,6,1.0422,1.0422,1.0073228662187934
2,2020-01-01T02:00:00+00:00,distributed_committable,62,315_CT_6,315,false,false,0,0,0,0,0,0,-15,19,1.0422,1.0422,1.0073228662187934
2,2020-01-01T02:00:00+00:00,distributed_committable,63,315_CT_7,315,false,false,0,0,0,0,0,0,-15,19,1.0422,1.0422,1.0073228662187934
2,2020-01-01T02:00:00+00:00,distributed_committable,64,315_CT_8,315,false,false,0,0,0,0,0,0,0,60,1.0422,1.0422,1.0073228662187934
2,2020-01-01T02:00:00+00:00,distributed_committable,65,316_STEAM_1,316,true,true,62,69.476650745686896,7.4766507456868965,62,155,-27.356029849143486,-50,80,1.0448999999999999,1.0045622716505023,1.0045622716505023
2,2020-01-01T02:00:00+00:00,distributed_committable,66,318_CC_1,318,false,false,0,0,0,0,0,0,-25,150,1.05,1.05,1.0119683261696586
2,2020-01-01T02:00:00+00:00,distributed_committable,67,321_CC_1,321,false,false,0,0,0,0,0,0,-25,150,1.05,1.05,1.0139375673085216
2,2020-01-01T02:00:00+00:00,distributed_committable,68,322_CT_5,322,false,false,0,0,0,0,0,0,-15,19,1.05,1.05,1.0280727600550446
2,2020-01-01T02:00:00+00:00,distributed_committable,69,322_CT_6,322,false,false,0,0,0,0,0,0,-15,19,1.05,1.05,1.0280727600550446
2,2020-01-01T02:00:00+00:00,distributed_committable,70,323_CC_1,323,false,false,0,0,0,0,0,0,-25,150,1.05,1.05,1.0165015325188802
2,2020-01-01T02:00:00+00:00,distributed_committable,71,323_CC_2,323,false,false,0,0,0,0,0,0,-25,150,1.05,1.05,1.0165015325188802
2,2020-01-01T02:00:00+00:00,distributed_committable,72,114_SYNC_COND_1,114,true,false,0,0,0,0,0,-34.326321651287344,-50,200,1.0441,0.99830087205011098,0.99830087205011098
2,2020-01-01T02:00:00+00:00,distributed_committable,73,121_NUCLEAR_1,121,true,true,400,399.9999999204594,-7.954059810799663e-08,396,400,173.62955590474144,-50,200,1.05,1.0493190962270837,1.0493190962270837
2,2020-01-01T02:00:00+00:00,distributed_committable,74,122_HYDRO_1,122,true,false,3.7999999999999998,3.7999999999999998,0,3.7999999999999998,3.7999999999999998,-1.3689543639164816,-10,16,1.05,1.0499999979557382,1.0499999979557382
2,2020-01-01T02:00:00+00:00,distributed_committable,75,122_HYDRO_2,122,true,false,3.7999999999999998,3.7999999999999998,0,3.7999999999999998,3.7999999999999998,-1.3689543639164816,-10,16,1.05,1.0499999979557382,1.0499999979557382
2,2020-01-01T02:00:00+00:00,distributed_committable,76,122_HYDRO_3,122,true,false,3.7999999999999998,3.7999999999999998,0,3.7999999999999998,3.7999999999999998,-1.3689543639164818,-10,16,1.05,1.0499999979557382,1.0499999979557382
2,2020-01-01T02:00:00+00:00,distributed_committable,77,122_HYDRO_4,122,true,false,3.7999999999999998,3.7999999999999998,0,3.7999999999999998,3.7999999999999998,-1.3689543639164816,-10,16,1.05,1.0499999979557382,1.0499999979557382
2,2020-01-01T02:00:00+00:00,distributed_committable,78,122_HYDRO_5,122,true,false,3.7999999999999998,3.7999999999999998,0,3.7999999999999998,3.7999999999999998,-1.3689543639164816,-10,16,1.05,1.0499999979557382,1.0499999979557382
2,2020-01-01T02:00:00+00:00,distributed_committable,79,122_HYDRO_6,122,true,false,3.7999999999999998,3.7999999999999998,0,3.7999999999999998,3.7999999999999998,-1.3689543639164816,-10,16,1.05,1.0499999979557382,1.0499999979557382
2,2020-01-01T02:00:00+00:00,distributed_committable,80,201_HYDRO_4,201,true,false,9.3000000000000007,9.3000000000000007,0,9.3000000000000007,9.3000000000000007,-9.9993554265521816,-10,16,1.05,1.0200266635356414,1.0200266635356414
2,2020-01-01T02:00:00+00:00,distributed_committable,81,214_SYNC_COND_1,214,true,false,0,0,0,0,0,-9.930288149139372,-50,200,1.05,1.0000375826472798,1.0000375826472798
2,2020-01-01T02:00:00+00:00,distributed_committable,82,215_HYDRO_1,215,true,false,9.3000000000000007,9.3000000000000007,0,9.3000000000000007,9.3000000000000007,-2.7258849617786916,-10,16,1.0437000000000001,1.0054630605500319,1.0054630605500319
2,2020-01-01T02:00:00+00:00,distributed_committable,83,215_HYDRO_2,215,true,false,9.3000000000000007,9.3000000000000007,0,9.3000000000000007,9.3000000000000007,-2.7258849617786916,-10,16,1.0437000000000001,1.0054630605500319,1.0054630605500319
2,2020-01-01T02:00:00+00:00,distributed_committable,84,215_HYDRO_3,215,true,false,9.3000000000000007,9.3000000000000007,0,9.3000000000000007,9.3000000000000007,-2.7258849617786916,-10,16,1.0437000000000001,1.0054630605500319,1.0054630605500319
2,2020-01-01T02:00:00+00:00,distributed_committable,85,222_HYDRO_1,222,true,false,9.3000000000000007,9.3000000000000007,0,9.3000000000000007,9.3000000000000007,-2.6542958115386361,-10,16,1.05,1.0122050588993832,1.0122050588993832
2,2020-01-01T02:00:00+00:00,distributed_committable,86,222_HYDRO_2,222,true,false,9.3000000000000007,9.3000000000000007,0,9.3000000000000007,9.3000000000000007,-2.6542958115386361,-10,16,1.05,1.0122050588993832,1.0122050588993832
2,2020-01-01T02:00:00+00:00,distributed_committable,87,222_HYDRO_3,222,true,false,9.3000000000000007,9.3000000000000007,0,9.3000000000000007,9.3000000000000007,-2.6542958115386361,-10,16,1.05,1.0122050588993832,1.0122050588993832
2,2020-01-01T02:00:00+00:00,distributed_committable,88,222_HYDRO_4,222,true,false,9.3000000000000007,9.3000000000000007,0,9.3000000000000007,9.3000000000000007,-2.6542958115386361,-10,16,1.05,1.0122050588993832,1.0122050588993832
2,2020-01-01T02:00:00+00:00,distributed_committable,89,222_HYDRO_5,222,true,false,9.3000000000000007,9.3000000000000007,0,9.3000000000000007,9.3000000000000007,-2.6542958115386361,-10,16,1.05,1.0122050588993832,1.0122050588993832
2,2020-01-01T02:00:00+00:00,distributed_committable,90,222_HYDRO_6,222,true,false,9.3000000000000007,9.3000000000000007,0,9.3000000000000007,9.3000000000000007,-2.6542958115386361,-10,16,1.05,1.0122050588993832,1.0122050588993832
2,2020-01-01T02:00:00+00:00,distributed_committable,91,314_SYNC_COND_1,314,true,false,0,0,0,0,0,-49.999992445727912,-50,200,1.05,0.9858900613490057,0.9858900613490057
2,2020-01-01T02:00:00+00:00,distributed_committable,92,322_HYDRO_1,322,true,false,12,12,0,12,12,1.8185488238268908,-10,16,1.05,1.0280727600550446,1.0280727600550446
2,2020-01-01T02:00:00+00:00,distributed_committable,93,322_HYDRO_2,322,true,false,12,12,0,12,12,1.8185488238268908,-10,16,1.05,1.0280727600550446,1.0280727600550446
2,2020-01-01T02:00:00+00:00,distributed_committable,94,322_HYDRO_3,322,true,false,12,12,0,12,12,1.8185488238268908,-10,16,1.05,1.0280727600550446,1.0280727600550446
2,2020-01-01T02:00:00+00:00,distributed_committable,95,322_HYDRO_4,322,true,false,12,12,0,12,12,1.8185488238268908,-10,16,1.05,1.0280727600550446,1.0280727600550446
2,2020-01-01T02:00:00+00:00,distributed_committable,96,320_PV_1,320,true,false,0,0,0,0,0,0,0,0,1,1.0129839168992387,1.0129839168992387
2,2020-01-01T02:00:00+00:00,distributed_committable,97,314_PV_1,314,true,false,0,0,0,0,0,0,0,0,1.05,0.9858900613490057,0.9858900613490057
2,2020-01-01T02:00:00+00:00,distributed_committable,98,314_PV_2,314,true,false,0,0,0,0,0,0,0,0,1.05,0.9858900613490057,0.9858900613490057
2,2020-01-01T02:00:00+00:00,distributed_committable,99,313_PV_1,313,true,false,0,0,0,0,0,0,0,0,1,1.0049532041394751,1.0049532041394751
2,2020-01-01T02:00:00+00:00,distributed_committable,100,314_PV_3,314,true,false,0,0,0,0,0,0,0,0,1.05,0.9858900613490057,0.9858900613490057
2,2020-01-01T02:00:00+00:00,distributed_committable,101,314_PV_4,314,true,false,0,0,0,0,0,0,0,0,1.05,0.9858900613490057,0.9858900613490057
2,2020-01-01T02:00:00+00:00,distributed_committable,102,313_PV_2,313,true,false,0,0,0,0,0,0,0,0,1,1.0049532041394751,1.0049532041394751
2,2020-01-01T02:00:00+00:00,distributed_committable,103,310_PV_1,310,true,false,0,0,0,0,0,0,0,0,1,1.0499999988532507,1.0499999988532507
2,2020-01-01T02:00:00+00:00,distributed_committable,104,324_PV_1,324,true,false,0,0,0,0,0,0,0,0,1,1.0169134811558953,1.0169134811558953
2,2020-01-01T02:00:00+00:00,distributed_committable,105,312_PV_1,312,true,false,0,0,0,0,0,0,0,0,1,1.0113397241303481,1.0113397241303481
2,2020-01-01T02:00:00+00:00,distributed_committable,106,310_PV_2,310,true,false,0,0,0,0,0,0,0,0,1,1.0499999988532507,1.0499999988532507
2,2020-01-01T02:00:00+00:00,distributed_committable,107,324_PV_2,324,true,false,0,0,0,0,0,0,0,0,1,1.0169134811558953,1.0169134811558953
2,2020-01-01T02:00:00+00:00,distributed_committable,108,324_PV_3,324,true,false,0,0,0,0,0,0,0,0,1,1.0169134811558953,1.0169134811558953
2,2020-01-01T02:00:00+00:00,distributed_committable,109,113_PV_1,113,true,false,0,0,0,0,0,0,0,0,1,1.0098529196614676,1.0098529196614676
2,2020-01-01T02:00:00+00:00,distributed_committable,110,319_PV_1,319,true,false,0,0,0,0,0,0,0,0,1,1.0074566321966747,1.0074566321966747
2,2020-01-01T02:00:00+00:00,distributed_committable,111,215_PV_1,215,true,false,0,0,0,0,0,0,0,0,1.0437000000000001,1.0054630605500319,1.0054630605500319
2,2020-01-01T02:00:00+00:00,distributed_committable,112,102_PV_1,102,true,false,0,0,0,0,0,0,0,0,1.0467,1.0115352356004153,1.0115352356004153
2,2020-01-01T02:00:00+00:00,distributed_committable,113,101_PV_1,101,true,false,0,0,0,0,0,0,0,0,1.0468,1.0117391969513443,1.0117391969513443
2,2020-01-01T02:00:00+00:00,distributed_committable,114,102_PV_2,102,true,false,0,0,0,0,0,0,0,0,1.0467,1.0115352356004153,1.0115352356004153
2,2020-01-01T02:00:00+00:00,distributed_committable,115,104_PV_1,104,true,false,0,0,0,0,0,0,0,0,1,1.0132691425639013,1.0132691425639013
2,2020-01-01T02:00:00+00:00,distributed_committable,116,212_CSP_1,212,false,false,0,0,0,0,0,0,0,0,1,1,1.0087120142153863
2,2020-01-01T02:00:00+00:00,distributed_committable,117,101_PV_2,101,true,false,0,0,0,0,0,0,0,0,1.0468,1.0117391969513443,1.0117391969513443
2,2020-01-01T02:00:00+00:00,distributed_committable,118,101_PV_3,101,true,false,0,0,0,0,0,0,0,0,1.0468,1.0117391969513443,1.0117391969513443
2,2020-01-01T02:00:00+00:00,distributed_committable,119,101_PV_4,101,true,false,0,0,0,0,0,0,0,0,1.0468,1.0117391969513443,1.0117391969513443
2,2020-01-01T02:00:00+00:00,distributed_committable,120,103_PV_1,103,true,false,0,0,0,0,0,0,0,0,1,1.0252015076808756,1.0252015076808756
2,2020-01-01T02:00:00+00:00,distributed_committable,121,119_PV_1,119,true,false,0,0,0,0,0,0,0,0,1,1.015853305344248,1.015853305344248
2,2020-01-01T02:00:00+00:00,distributed_committable,122,308_RTPV_1,308,true,false,0,0,0,0,0,0,0,0,1,0.98467722750248587,0.98467722750248587
2,2020-01-01T02:00:00+00:00,distributed_committable,123,313_RTPV_1,313,true,false,0,0,0,0,0,0,0,0,1,1.0049532041394751,1.0049532041394751
2,2020-01-01T02:00:00+00:00,distributed_committable,124,313_RTPV_2,313,true,false,0,0,0,0,0,0,0,0,1,1.0049532041394751,1.0049532041394751
2,2020-01-01T02:00:00+00:00,distributed_committable,125,313_RTPV_3,313,true,false,0,0,0,0,0,0,0,0,1,1.0049532041394751,1.0049532041394751
2,2020-01-01T02:00:00+00:00,distributed_committable,126,313_RTPV_4,313,true,false,0,0,0,0,0,0,0,0,1,1.0049532041394751,1.0049532041394751
2,2020-01-01T02:00:00+00:00,distributed_committable,127,313_RTPV_5,313,true,false,0,0,0,0,0,0,0,0,1,1.0049532041394751,1.0049532041394751
2,2020-01-01T02:00:00+00:00,distributed_committable,128,313_RTPV_6,313,true,false,0,0,0,0,0,0,0,0,1,1.0049532041394751,1.0049532041394751
2,2020-01-01T02:00:00+00:00,distributed_committable,129,313_RTPV_7,313,true,false,0,0,0,0,0,0,0,0,1,1.0049532041394751,1.0049532041394751
2,2020-01-01T02:00:00+00:00,distributed_committable,130,313_RTPV_8,313,true,false,0,0,0,0,0,0,0,0,1,1.0049532041394751,1.0049532041394751
2,2020-01-01T02:00:00+00:00,distributed_committable,131,313_RTPV_9,313,true,false,0,0,0,0,0,0,0,0,1,1.0049532041394751,1.0049532041394751
2,2020-01-01T02:00:00+00:00,distributed_committable,132,313_RTPV_10,313,true,false,0,0,0,0,0,0,0,0,1,1.0049532041394751,1.0049532041394751
2,2020-01-01T02:00:00+00:00,distributed_committable,133,313_RTPV_11,313,true,false,0,0,0,0,0,0,0,0,1,1.0049532041394751,1.0049532041394751
2,2020-01-01T02:00:00+00:00,distributed_committable,134,313_RTPV_12,313,true,false,0,0,0,0,0,0,0,0,1,1.0049532041394751,1.0049532041394751
2,2020-01-01T02:00:00+00:00,distributed_committable,135,320_RTPV_1,320,true,false,0,0,0,0,0,0,0,0,1,1.0129839168992387,1.0129839168992387
2,2020-01-01T02:00:00+00:00,distributed_committable,136,320_RTPV_2,320,true,false,0,0,0,0,0,0,0,0,1,1.0129839168992387,1.0129839168992387
2,2020-01-01T02:00:00+00:00,distributed_committable,137,320_RTPV_3,320,true,false,0,0,0,0,0,0,0,0,1,1.0129839168992387,1.0129839168992387
2,2020-01-01T02:00:00+00:00,distributed_committable,138,313_RTPV_13,313,true,false,0,0,0,0,0,0,0,0,1,1.0049532041394751,1.0049532041394751
2,2020-01-01T02:00:00+00:00,distributed_committable,139,320_RTPV_4,320,true,false,0,0,0,0,0,0,0,0,1,1.0129839168992387,1.0129839168992387
2,2020-01-01T02:00:00+00:00,distributed_committable,140,320_RTPV_5,320,true,false,0,0,0,0,0,0,0,0,1,1.0129839168992387,1.0129839168992387
2,2020-01-01T02:00:00+00:00,distributed_committable,141,118_RTPV_1,118,true,false,0,0,0,0,0,0,0,0,1,1.0385248339628279,1.0385248339628279
2,2020-01-01T02:00:00+00:00,distributed_committable,142,118_RTPV_2,118,true,false,0,0,0,0,0,0,0,0,1,1.0385248339628279,1.0385248339628279
2,2020-01-01T02:00:00+00:00,distributed_committable,143,118_RTPV_3,118,true,false,0,0,0,0,0,0,0,0,1,1.0385248339628279,1.0385248339628279
2,2020-01-01T02:00:00+00:00,distributed_committable,144,118_RTPV_4,118,true,false,0,0,0,0,0,0,0,0,1,1.0385248339628279,1.0385248339628279
2,2020-01-01T02:00:00+00:00,distributed_committable,145,118_RTPV_5,118,true,false,0,0,0,0,0,0,0,0,1,1.0385248339628279,1.0385248339628279
2,2020-01-01T02:00:00+00:00,distributed_committable,146,118_RTPV_6,118,true,false,0,0,0,0,0,0,0,0,1,1.0385248339628279,1.0385248339628279
2,2020-01-01T02:00:00+00:00,distributed_committable,147,320_RTPV_6,320,true,false,0,0,0,0,0,0,0,0,1,1.0129839168992387,1.0129839168992387
2,2020-01-01T02:00:00+00:00,distributed_committable,148,118_RTPV_7,118,true,false,0,0,0,0,0,0,0,0,1,1.0385248339628279,1.0385248339628279
2,2020-01-01T02:00:00+00:00,distributed_committable,149,118_RTPV_8,118,true,false,0,0,0,0,0,0,0,0,1,1.0385248339628279,1.0385248339628279
2,2020-01-01T02:00:00+00:00,distributed_committable,150,118_RTPV_9,118,true,false,0,0,0,0,0,0,0,0,1,1.0385248339628279,1.0385248339628279
2,2020-01-01T02:00:00+00:00,distributed_committable,151,118_RTPV_10,118,true,false,0,0,0,0,0,0,0,0,1,1.0385248339628279,1.0385248339628279
2,2020-01-01T02:00:00+00:00,distributed_committable,152,213_RTPV_1,213,true,false,0,0,0,0,0,0,0,0,1,1.0057978686661913,1.0057978686661913
2,2020-01-01T02:00:00+00:00,distributed_committable,153,309_WIND_1,309,true,false,145.30000000000001,145.30000000000001,0,145.30000000000001,145.30000000000001,0,0,0,1,1.0183502621052469,1.0183502621052469
2,2020-01-01T02:00:00+00:00,distributed_committable,154,317_WIND_1,317,true,false,616.57264999999995,616.57264999999995,0,616.57264999999995,616.57264999999995,0,0,0,1,1.0174912648845587,1.0174912648845587
2,2020-01-01T02:00:00+00:00,distributed_committable,155,303_WIND_1,303,true,false,487.30000000000001,487.30000000000001,0,487.30000000000001,487.30000000000001,0,0,0,1,1.0397486263307085,1.0397486263307085
2,2020-01-01T02:00:00+00:00,distributed_committable,156,122_WIND_1,122,true,false,602.20000000000005,602.20000000000005,0,602.20000000000005,602.20000000000005,0,0,0,1.05,1.0499999979557382,1.0499999979557382
2,2020-01-01T02:00:00+00:00,distributed_committable,157,313_STORAGE_1,313,false,false,0,0,0,0,0,0,0,0,1,1,1.0049532041394751
3,2020-01-01T03:00:00+00:00,distributed_committable,0,101_CT_1,101,false,false,0,0,0,0,0,0,0,10,1.0468,1.0468,1.0126560190706309
3,2020-01-01T03:00:00+00:00,distributed_committable,1,101_CT_2,101,false,false,0,0,0,0,0,0,0,10,1.0468,1.0468,1.0126560190706309
3,2020-01-01T03:00:00+00:00,distributed_committable,2,101_STEAM_3,101,true,true,45.297310205999999,52.808881431688114,7.5115712256881153,30,76,-24.995392797769469,-25,30,1.0468,1.0126560190706309,1.0126560190706309
3,2020-01-01T03:00:00+00:00,distributed_committable,3,101_STEAM_4,101,true,true,30,37.511571296204679,7.5115712962046786,30,76,-24.995392797769469,-25,30,1.0468,1.0126560190706309,1.0126560190706309
3,2020-01-01T03:00:00+00:00,distributed_committable,4,102_CT_1,102,false,false,0,0,0,0,0,0,0,10,1.0467,1.0467,1.0122380448278205
3,2020-01-01T03:00:00+00:00,distributed_committable,5,102_CT_2,102,false,false,0,0,0,0,0,0,0,10,1.0467,1.0467,1.0122380448278205
3,2020-01-01T03:00:00+00:00,distributed_committable,6,102_STEAM_3,102,true,true,30,37.519878655680664,7.5198786556806638,30,76,-24.996312141992522,-25,30,1.0467,1.0122380448278205,1.0122380448278205
3,2020-01-01T03:00:00+00:00,distributed_committable,7,102_STEAM_4,102,true,true,30,37.519878655680664,7.5198786556806638,30,76,-24.996312141992522,-25,30,1.0467,1.0122380448278205,1.0122380448278205
3,2020-01-01T03:00:00+00:00,distributed_committable,8,107_CC_1,107,false,false,0,0,0,0,0,0,-25,150,1.05,1.05,0.99582588060491462
3,2020-01-01T03:00:00+00:00,distributed_committable,9,113_CT_1,113,false,false,0,0,0,0,0,0,-15,19,1.0347,1.0347,1.0106255643977105
3,2020-01-01T03:00:00+00:00,distributed_committable,10,113_CT_2,113,false,false,0,0,0,0,0,0,-15,19,1.0347,1.0347,1.0106255643977105
3,2020-01-01T03:00:00+00:00,distributed_committable,11,113_CT_3,113,false,false,0,0,0,0,0,0,-15,19,1.0347,1.0347,1.0106255643977105
3,2020-01-01T03:00:00+00:00,distributed_committable,12,113_CT_4,113,false,false,0,0,0,0,0,0,-15,19,1.0347,1.0347,1.0106255643977105
3,2020-01-01T03:00:00+00:00,distributed_committable,13,115_STEAM_1,115,false,false,0,0,0,0,0,0,0,6,1.0427999999999999,1.0427999999999999,1.0343253484668509
3,2020-01-01T03:00:00+00:00,distributed_committable,14,115_STEAM_2,115,false,false,0,0,0,0,0,0,0,6,1.0427999999999999,1.0427999999999999,1.0343253484668509
3,2020-01-01T03:00:00+00:00,distributed_committable,15,115_STEAM_3,115,true,true,62,69.307834751134507,7.3078347511345072,62,155,79.999948028402983,-50,80,1.0427999999999999,1.0343253484668509,1.0343253484668509
3,2020-01-01T03:00:00+00:00,distributed_committable,16,116_STEAM_1,116,false,false,0,0,0,0,0,0,-50,80,1.0461,1.0461,1.0222478031224325
3,2020-01-01T03:00:00+00:00,distributed_committable,17,118_CC_1,118,false,false,0,0,0,0,0,0,-25,150,1.05,1.05,1.0379008585027629
3,2020-01-01T03:00:00+00:00,distributed_committable,18,123_STEAM_2,123,true,true,62,69.584482413435708,7.5844824134357083,62,155,-20.38388158059978,-50,80,1.05,1.0165974380165612,1.0165974380165612
3,2020-01-01T03:00:00+00:00,distributed_committable,19,123_STEAM_3,123,true,true,140,147.58448241791962,7.5844824179196166,140,350,7.6975625627282955,-25,150,1.05,1.0165974380165612,1.0165974380165612
3,2020-01-01T03:00:00+00:00,distributed_committable,20,123_CT_1,123,false,false,0,0,0,0,0,0,-15,19,1.05,1.05,1.0165974380165612
3,2020-01-01T03:00:00+00:00,distributed_committable,21,123_CT_4,123,false,false,0,0,0,0,0,0,-15,19,1.05,1.05,1.0165974380165612
3,2020-01-01T03:00:00+00:00,distributed_committable,22,123_CT_5,123,false,false,0,0,0,0,0,0,-15,19,1.05,1.05,1.0165974380165612
3,2020-01-01T03:00:00+00:00,distributed_committable,23,201_CT_1,201,false,false,0,0,0,0,0,0,0,10,1.05,1.05,1.0201237113260757
3,2020-01-01T03:00:00+00:00,distributed_committable,24,201_CT_2,201,false,false,0,0,0,0,0,0,0,10,1.05,1.05,1.0201237113260757
3,2020-01-01T03:00:00+00:00,distributed_committable,25,201_STEAM_3,201,false,false,0,0,0,0,0,0,-25,30,1.05,1.05,1.0201237113260757
3,2020-01-01T03:00:00+00:00,distributed_committable,26,202_CT_1,202,false,false,0,0,0,0,0,0,0,10,1.05,1.05,1.0187688902793168
3,2020-01-01T03:00:00+00:00,distributed_committable,27,202_CT_2,202,false,false,0,0,0,0,0,0,0,10,1.05,1.05,1.0187688902793168
3,2020-01-01T03:00:00+00:00,distributed_committable,28,202_STEAM_3,202,true,true,30,38.238690156172353,8.2386901561723533,30,76,-24.936386341927196,-25,30,1.05,1.0187688902793168,1.0187688902793168
3,2020-01-01T03:00:00+00:00,distributed_committable,29,202_STEAM_4,202,true,true,30,38.238690156172353,8.2386901561723533,30,76,-24.936386341927196,-25,30,1.05,1.0187688902793168,1.0187688902793168
3,2020-01-01T03:00:00+00:00,distributed_committable,30,207_CT_1,207,false,false,0,0,0,0,0,0,-15,19,0.96989999999999998,0.96989999999999998,0.97871657679950219
3,2020-01-01T03:00:00+00:00,distributed_committable,31,207_CT_2,207,false,false,0,0,0,0,0,0,-15,19,0.96989999999999998,0.96989999999999998,0.97871657679950219
3,2020-01-01T03:00:00+00:00,distributed_committable,32,213_CC_3,213,false,false,0,0,0,0,0,0,-25,150,1.05,1.05,1.0056100269050854
3,2020-01-01T03:00:00+00:00,distributed_committable,33,213_CT_1,213,false,false,0,0,0,0,0,0,-15,19,1.05,1.05,1.0056100269050854
3,2020-01-01T03:00:00+00:00,distributed_committable,34,213_CT_2,213,false,false,0,0,0,0,0,0,-15,19,1.05,1.05,1.0056100269050854
3,2020-01-01T03:00:00+00:00,distributed_committable,35,215_CT_4,215,false,false,0,0,0,0,0,0,-15,19,1.0437000000000001,1.0437000000000001,1.0061963639212457
3,2020-01-01T03:00:00+00:00,distributed_committable,36,215_CT_5,215,false,false,0,0,0,0,0,0,-15,19,1.0437000000000001,1.0437000000000001,1.0061963639212457
3,2020-01-01T03:00:00+00:00,distributed_committable,37,216_STEAM_1,216,true,true,62,69.945312144690774,7.9453121446907744,62,155,26.336869934093681,-50,80,1.0472999999999999,1.0099511147610047,1.0099511147610047
3,2020-01-01T03:00:00+00:00,distributed_committable,38,218_CC_1,218,false,false,0,0,0,0,0,0,-25,150,1.05,1.05,1.0067093200551214
3,2020-01-01T03:00:00+00:00,distributed_committable,39,221_CC_1,221,false,false,0,0,0,0,0,0,-25,150,1.05,1.05,1.0088907799275564
3,2020-01-01T03:00:00+00:00,distributed_committable,40,223_STEAM_1,223,true,true,62,69.830910553875128,7.8309105538751282,62,155,12.944096700507435,-50,80,1.05,1.0255317235851309,1.0255317235851309
3,2020-01-01T03:00:00+00:00,distributed_committable,41,223_STEAM_2,223,true,true,62,69.830910553875128,7.8309105538751282,62,155,12.944096700507435,-50,80,1.05,1.0255317235851309,1.0255317235851309
3,2020-01-01T03:00:00+00:00,distributed_committable,42,223_STEAM_3,223,true,true,140,147.8309105583775,7.8309105583774965,140,350,58.946677413999303,-25,150,1.05,1.0255317235851309,1.0255317235851309
3,2020-01-01T03:00:00+00:00,distributed_committable,43,223_CT_4,223,false,false,0,0,0,0,0,0,-15,19,1.05,1.05,1.0255317235851309
3,2020-01-01T03:00:00+00:00,distributed_committable,44,223_CT_5,223,false,false,0,0,0,0,0,0,-15,19,1.05,1.05,1.0255317235851309
3,2020-01-01T03:00:00+00:00,distributed_committable,45,223_CT_6,223,false,false,0,0,0,0,0,0,-15,19,1.05,1.05,1.0255317235851309
3,2020-01-01T03:00:00+00:00,distributed_committable,46,301_CT_1,301,false,false,0,0,0,0,0,0,0,10,1.05,1.05,1.0360748837957645
3,2020-01-01T03:00:00+00:00,distributed_committable,47,301_CT_2,301,false,false,0,0,0,0,0,0,0,10,1.05,1.05,1.0360748837957645
3,2020-01-01T03:00:00+00:00,distributed_committable,48,301_CT_3,301,false,false,0,0,0,0,0,0,-15,19,1.05,1.05,1.0360748837957645
3,2020-01-01T03:00:00+00:00,distributed_committable,49,301_CT_4,301,false,false,0,0,0,0,0,0,-15,19,1.05,1.05,1.0360748837957645
3,2020-01-01T03:00:00+00:00,distributed_committable,50,302_CT_1,302,false,false,0,0,0,0,0,0,0,10,1.05,1.05,1.036737597736987
3,2020-01-01T03:00:00+00:00,distributed_committable,51,302_CT_2,302,false,false,0,0,0,0,0,0,0,10,1.05,1.05,1.036737597736987
3,2020-01-01T03:00:00+00:00,distributed_committable,52,302_CT_3,302,false,false,0,0,0,0,0,0,-15,19,1.05,1.05,1.036737597736987
3,2020-01-01T03:00:00+00:00,distributed_committable,53,302_CT_4,302,false,false,0,0,0,0,0,0,-15,19,1.05,1.05,1.036737597736987
3,2020-01-01T03:00:00+00:00,distributed_committable,54,307_CT_1,307,false,false,0,0,0,0,0,0,-15,19,0.95679999999999998,0.95679999999999998,0.97160754560563256
3,2020-01-01T03:00:00+00:00,distributed_committable,55,307_CT_2,307,false,false,0,0,0,0,0,0,-15,19,0.95679999999999998,0.95679999999999998,0.97160754560563256
3,2020-01-01T03:00:00+00:00,distributed_committable,56,313_CC_1,313,false,false,0,0,0,0,0,0,-25,150,1.0349999999999999,1.0349999999999999,1.0028211484004237
3,2020-01-01T03:00:00+00:00,distributed_committable,57,315_STEAM_1,315,false,false,0,0,0,0,0,0,0,6,1.0422,1.0422,1.0011311689840163
3,2020-01-01T03:00:00+00:00,distributed_committable,58,315_STEAM_2,315,false,false,0,0,0,0,0,0,0,6,1.0422,1.0422,1.0011311689840163
3,2020-01-01T03:00:00+00:00,distributed_committable,59,315_STEAM_3,315,false,false,0,0,0,0,0,0,0,6,1.0422,1.0422,1.0011311689840163
3,2020-01-01T03:00:00+00:00,distributed_committable,60,315_STEAM_4,315,false,false,0,0,0,0,0,0,0,6,1.0422,1.0422,1.0011311689840163
3,2020-01-01T03:00:00+00:00,distributed_committable,61,315_STEAM_5,315,false,false,0,0,0,0,0,0,0,6,1.0422,1.0422,1.0011311689840163
3,2020-01-01T03:00:00+00:00,distributed_committable,62,315_CT_6,315,false,false,0,0,0,0,0,0,-15,19,1.0422,1.0422,1.0011311689840163
3,2020-01-01T03:00:00+00:00,distributed_committable,63,315_CT_7,315,false,false,0,0,0,0,0,0,-15,19,1.0422,1.0422,1.0011311689840163
3,2020-01-01T03:00:00+00:00,distributed_committable,64,315_CT_8,315,false,false,0,0,0,0,0,0,0,60,1.0422,1.0422,1.0011311689840163
3,2020-01-01T03:00:00+00:00,distributed_committable,65,316_STEAM_1,316,true,true,62,69.342143823743086,7.3421438237430863,62,155,-46.865330091534844,-50,80,1.0448999999999999,0.9972506349757948,0.9972506349757948
3,2020-01-01T03:00:00+00:00,distributed_committable,66,318_CC_1,318,false,false,0,0,0,0,0,0,-25,150,1.05,1.05,1.005991883787422
3,2020-01-01T03:00:00+00:00,distributed_committable,67,321_CC_1,321,false,false,0,0,0,0,0,0,-25,150,1.05,1.05,1.0079023213159266
3,2020-01-01T03:00:00+00:00,distributed_committable,68,322_CT_5,322,false,false,0,0,0,0,0,0,-15,19,1.05,1.05,1.022436517861852
3,2020-01-01T03:00:00+00:00,distributed_committable,69,322_CT_6,322,false,false,0,0,0,0,0,0,-15,19,1.05,1.05,1.022436517861852
3,2020-01-01T03:00:00+00:00,distributed_committable,70,323_CC_1,323,false,false,0,0,0,0,0,0,-25,150,1.05,1.05,1.0129555518495084
3,2020-01-01T03:00:00+00:00,distributed_committable,71,323_CC_2,323,false,false,0,0,0,0,0,0,-25,150,1.05,1.05,1.0129555518495084
3,2020-01-01T03:00:00+00:00,distributed_committable,72,114_SYNC_COND_1,114,true,false,0,0,0,0,0,-26.854408568884203,-50,200,1.0441,1.0007447238513114,1.0007447238513114
3,2020-01-01T03:00:00+00:00,distributed_committable,73,121_NUCLEAR_1,121,true,true,400,399.99999990740622,-9.2593779754679417e-08,396,400,172.0461623658355,-50,200,1.05,1.0486144758135132,1.0486144758135132
3,2020-01-01T03:00:00+00:00,distributed_committable,74,122_HYDRO_1,122,true,false,4.2000000000000002,4.2000000000000002,0,4.2000000000000002,4.2000000000000002,-1.1285526087416977,-10,16,1.05,1.0499999976051768,1.0499999976051768
3,2020-01-01T03:00:00+00:00,distributed_committable,75,122_HYDRO_2,122,true,false,4.2000000000000002,4.2000000000000002,0,4.2000000000000002,4.2000000000000002,-1.1285526087416977,-10,16,1.05,1.0499999976051768,1.0499999976051768
3,2020-01-01T03:00:00+00:00,distributed_committable,76,122_HYDRO_3,122,true,false,4.2000000000000002,4.2000000000000002,0,4.2000000000000002,4.2000000000000002,-1.1285526087416977,-10,16,1.05,1.0499999976051768,1.0499999976051768
3,2020-01-01T03:00:00+00:00,distributed_committable,77,122_HYDRO_4,122,true,false,4.2000000000000002,4.2000000000000002,0,4.2000000000000002,4.2000000000000002,-1.1285526087416977,-10,16,1.05,1.0499999976051768,1.0499999976051768
3,2020-01-01T03:00:00+00:00,distributed_committable,78,122_HYDRO_5,122,true,false,4.2000000000000002,4.2000000000000002,0,4.2000000000000002,4.2000000000000002,-1.1285526087416977,-10,16,1.05,1.0499999976051768,1.0499999976051768
3,2020-01-01T03:00:00+00:00,distributed_committable,79,122_HYDRO_6,122,true,false,4.2000000000000002,4.2000000000000002,0,4.2000000000000002,4.2000000000000002,-1.1285526087416977,-10,16,1.05,1.0499999976051768,1.0499999976051768
3,2020-01-01T03:00:00+00:00,distributed_committable,80,201_HYDRO_4,201,true,false,9.5,9.5,0,9.5,9.5,-9.9994926145775125,-10,16,1.05,1.0201237113260757,1.0201237113260757
3,2020-01-01T03:00:00+00:00,distributed_committable,81,214_SYNC_COND_1,214,true,false,0,0,0,0,0,-10.708896359832675,-50,200,1.05,1.0000516479999928,1.0000516479999928
3,2020-01-01T03:00:00+00:00,distributed_committable,82,215_HYDRO_1,215,true,false,9.5,9.5,0,9.5,9.5,-2.3427765098657662,-10,16,1.0437000000000001,1.0061963639212457,1.0061963639212457
3,2020-01-01T03:00:00+00:00,distributed_committable,83,215_HYDRO_2,215,true,false,9.5,9.5,0,9.5,9.5,-2.3427765098657662,-10,16,1.0437000000000001,1.0061963639212457,1.0061963639212457
3,2020-01-01T03:00:00+00:00,distributed_committable,84,215_HYDRO_3,215,true,false,9.5,9.5,0,9.5,9.5,-2.3427765098657662,-10,16,1.0437000000000001,1.0061963639212457,1.0061963639212457
3,2020-01-01T03:00:00+00:00,distributed_committable,85,222_HYDRO_1,222,true,false,9.5,9.5,0,9.5,9.5,-2.694476800936326,-10,16,1.05,1.0129449911117661,1.0129449911117661
3,2020-01-01T03:00:00+00:00,distributed_committable,86,222_HYDRO_2,222,true,false,9.5,9.5,0,9.5,9.5,-2.694476800936326,-10,16,1.05,1.0129449911117661,1.0129449911117661
3,2020-01-01T03:00:00+00:00,distributed_committable,87,222_HYDRO_3,222,true,false,9.5,9.5,0,9.5,9.5,-2.694476800936326,-10,16,1.05,1.0129449911117661,1.0129449911117661
3,2020-01-01T03:00:00+00:00,distributed_committable,88,222_HYDRO_4,222,true,false,9.5,9.5,0,9.5,9.5,-2.694476800936326,-10,16,1.05,1.0129449911117661,1.0129449911117661
3,2020-01-01T03:00:00+00:00,distributed_committable,89,222_HYDRO_5,222,true,false,9.5,9.5,0,9.5,9.5,-2.694476800936326,-10,16,1.05,1.0129449911117661,1.0129449911117661
3,2020-01-01T03:00:00+00:00,distributed_committable,90,222_HYDRO_6,222,true,false,9.5,9.5,0,9.5,9.5,-2.694476800936326,-10,16,1.05,1.0129449911117661,1.0129449911117661
3,2020-01-01T03:00:00+00:00,distributed_committable,91,314_SYNC_COND_1,314,true,false,0,0,0,0,0,-49.999991909134778,-50,200,1.05,0.98142272966630562,0.98142272966630562
3,2020-01-01T03:00:00+00:00,distributed_committable,92,322_HYDRO_1,322,true,false,11.9,11.9,0,11.9,11.9,2.1309201901985477,-10,16,1.05,1.022436517861852,1.022436517861852
3,2020-01-01T03:00:00+00:00,distributed_committable,93,322_HYDRO_2,322,true,false,11.9,11.9,0,11.9,11.9,2.1309201901985477,-10,16,1.05,1.022436517861852,1.022436517861852
3,2020-01-01T03:00:00+00:00,distributed_committable,94,322_HYDRO_3,322,true,false,11.9,11.9,0,11.9,11.9,2.1309201901985477,-10,16,1.05,1.022436517861852,1.022436517861852
3,2020-01-01T03:00:00+00:00,distributed_committable,95,322_HYDRO_4,322,true,false,11.9,11.9,0,11.9,11.9,2.1309201901985477,-10,16,1.05,1.022436517861852,1.022436517861852
3,2020-01-01T03:00:00+00:00,distributed_committable,96,320_PV_1,320,true,false,0,0,0,0,0,0,0,0,1,1.0086699795230054,1.0086699795230054
3,2020-01-01T03:00:00+00:00,distributed_committable,97,314_PV_1,314,true,false,0,0,0,0,0,0,0,0,1.05,0.98142272966630562,0.98142272966630562
3,2020-01-01T03:00:00+00:00,distributed_committable,98,314_PV_2,314,true,false,0,0,0,0,0,0,0,0,1.05,0.98142272966630562,0.98142272966630562
3,2020-01-01T03:00:00+00:00,distributed_committable,99,313_PV_1,313,true,false,0,0,0,0,0,0,0,0,1,1.0028211484004237,1.0028211484004237
3,2020-01-01T03:00:00+00:00,distributed_committable,100,314_PV_3,314,true,false,0,0,0,0,0,0,0,0,1.05,0.98142272966630562,0.98142272966630562
3,2020-01-01T03:00:00+00:00,distributed_committable,101,314_PV_4,314,true,false,0,0,0,0,0,0,0,0,1.05,0.98142272966630562,0.98142272966630562
3,2020-01-01T03:00:00+00:00,distributed_committable,102,313_PV_2,313,true,false,0,0,0,0,0,0,0,0,1,1.0028211484004237,1.0028211484004237
3,2020-01-01T03:00:00+00:00,distributed_committable,103,310_PV_1,310,true,false,0,0,0,0,0,0,0,0,1,1.0499999986138968,1.0499999986138968
3,2020-01-01T03:00:00+00:00,distributed_committable,104,324_PV_1,324,true,false,0,0,0,0,0,0,0,0,1,1.0128958861181974,1.0128958861181974
3,2020-01-01T03:00:00+00:00,distributed_committable,105,312_PV_1,312,true,false,0,0,0,0,0,0,0,0,1,1.0099385728964154,1.0099385728964154
3,2020-01-01T03:00:00+00:00,distributed_committable,106,310_PV_2,310,true,false,0,0,0,0,0,0,0,0,1,1.0499999986138968,1.0499999986138968
3,2020-01-01T03:00:00+00:00,distributed_committable,107,324_PV_2,324,true,false,0,0,0,0,0,0,0,0,1,1.0128958861181974,1.0128958861181974
3,2020-01-01T03:00:00+00:00,distributed_committable,108,324_PV_3,324,true,false,0,0,0,0,0,0,0,0,1,1.0128958861181974,1.0128958861181974
3,2020-01-01T03:00:00+00:00,distributed_committable,109,113_PV_1,113,true,false,0,0,0,0,0,0,0,0,1,1.0106255643977105,1.0106255643977105
3,2020-01-01T03:00:00+00:00,distributed_committable,110,319_PV_1,319,true,false,0,0,0,0,0,0,0,0,1,1.0017065249326094,1.0017065249326094
3,2020-01-01T03:00:00+00:00,distributed_committable,111,215_PV_1,215,true,false,0,0,0,0,0,0,0,0,1.0437000000000001,1.0061963639212457,1.0061963639212457
3,2020-01-01T03:00:00+00:00,distributed_committable,112,102_PV_1,102,true,false,0,0,0,0,0,0,0,0,1.0467,1.0122380448278205,1.0122380448278205
3,2020-01-01T03:00:00+00:00,distributed_committable,113,101_PV_1,101,true,false,0,0,0,0,0,0,0,0,1.0468,1.0126560190706309,1.0126560190706309
3,2020-01-01T03:00:00+00:00,distributed_committable,114,102_PV_2,102,true,false,0,0,0,0,0,0,0,0,1.0467,1.0122380448278205,1.0122380448278205
3,2020-01-01T03:00:00+00:00,distributed_committable,115,104_PV_1,104,true,false,0,0,0,0,0,0,0,0,1,1.0133312425871013,1.0133312425871013
3,2020-01-01T03:00:00+00:00,distributed_committable,116,212_CSP_1,212,false,false,0,0,0,0,0,0,0,0,1,1,1.0085207762982922
3,2020-01-01T03:00:00+00:00,distributed_committable,117,101_PV_2,101,true,false,0,0,0,0,0,0,0,0,1.0468,1.0126560190706309,1.0126560190706309
3,2020-01-01T03:00:00+00:00,distributed_committable,118,101_PV_3,101,true,false,0,0,0,0,0,0,0,0,1.0468,1.0126560190706309,1.0126560190706309
3,2020-01-01T03:00:00+00:00,distributed_committable,119,101_PV_4,101,true,false,0,0,0,0,0,0,0,0,1.0468,1.0126560190706309,1.0126560190706309
3,2020-01-01T03:00:00+00:00,distributed_committable,120,103_PV_1,103,true,false,0,0,0,0,0,0,0,0,1,1.0248689786112317,1.0248689786112317
3,2020-01-01T03:00:00+00:00,distributed_committable,121,119_PV_1,119,true,false,0,0,0,0,0,0,0,0,1,1.0163330944746163,1.0163330944746163
3,2020-01-01T03:00:00+00:00,distributed_committable,122,308_RTPV_1,308,true,false,0,0,0,0,0,0,0,0,1,0.98620380211532854,0.98620380211532854
3,2020-01-01T03:00:00+00:00,distributed_committable,123,313_RTPV_1,313,true,false,0,0,0,0,0,0,0,0,1,1.0028211484004237,1.0028211484004237
3,2020-01-01T03:00:00+00:00,distributed_committable,124,313_RTPV_2,313,true,false,0,0,0,0,0,0,0,0,1,1.0028211484004237,1.0028211484004237
3,2020-01-01T03:00:00+00:00,distributed_committable,125,313_RTPV_3,313,true,false,0,0,0,0,0,0,0,0,1,1.0028211484004237,1.0028211484004237
3,2020-01-01T03:00:00+00:00,distributed_committable,126,313_RTPV_4,313,true,false,0,0,0,0,0,0,0,0,1,1.0028211484004237,1.0028211484004237
3,2020-01-01T03:00:00+00:00,distributed_committable,127,313_RTPV_5,313,true,false,0,0,0,0,0,0,0,0,1,1.0028211484004237,1.0028211484004237
3,2020-01-01T03:00:00+00:00,distributed_committable,128,313_RTPV_6,313,true,false,0,0,0,0,0,0,0,0,1,1.0028211484004237,1.0028211484004237
3,2020-01-01T03:00:00+00:00,distributed_committable,129,313_RTPV_7,313,true,false,0,0,0,0,0,0,0,0,1,1.0028211484004237,1.0028211484004237
3,2020-01-01T03:00:00+00:00,distributed_committable,130,313_RTPV_8,313,true,false,0,0,0,0,0,0,0,0,1,1.0028211484004237,1.0028211484004237
3,2020-01-01T03:00:00+00:00,distributed_committable,131,313_RTPV_9,313,true,false,0,0,0,0,0,0,0,0,1,1.0028211484004237,1.0028211484004237
3,2020-01-01T03:00:00+00:00,distributed_committable,132,313_RTPV_10,313,true,false,0,0,0,0,0,0,0,0,1,1.0028211484004237,1.0028211484004237
3,2020-01-01T03:00:00+00:00,distributed_committable,133,313_RTPV_11,313,true,false,0,0,0,0,0,0,0,0,1,1.0028211484004237,1.0028211484004237
3,2020-01-01T03:00:00+00:00,distributed_committable,134,313_RTPV_12,313,true,false,0,0,0,0,0,0,0,0,1,1.0028211484004237,1.0028211484004237
3,2020-01-01T03:00:00+00:00,distributed_committable,135,320_RTPV_1,320,true,false,0,0,0,0,0,0,0,0,1,1.0086699795230054,1.0086699795230054
3,2020-01-01T03:00:00+00:00,distributed_committable,136,320_RTPV_2,320,true,false,0,0,0,0,0,0,0,0,1,1.0086699795230054,1.0086699795230054
3,2020-01-01T03:00:00+00:00,distributed_committable,137,320_RTPV_3,320,true,false,0,0,0,0,0,0,0,0,1,1.0086699795230054,1.0086699795230054
3,2020-01-01T03:00:00+00:00,distributed_committable,138,313_RTPV_13,313,true,false,0,0,0,0,0,0,0,0,1,1.0028211484004237,1.0028211484004237
3,2020-01-01T03:00:00+00:00,distributed_committable,139,320_RTPV_4,320,true,false,0,0,0,0,0,0,0,0,1,1.0086699795230054,1.0086699795230054
3,2020-01-01T03:00:00+00:00,distributed_committable,140,320_RTPV_5,320,true,false,0,0,0,0,0,0,0,0,1,1.0086699795230054,1.0086699795230054
3,2020-01-01T03:00:00+00:00,distributed_committable,141,118_RTPV_1,118,true,false,0,0,0,0,0,0,0,0,1,1.0379008585027629,1.0379008585027629
3,2020-01-01T03:00:00+00:00,distributed_committable,142,118_RTPV_2,118,true,false,0,0,0,0,0,0,0,0,1,1.0379008585027629,1.0379008585027629
3,2020-01-01T03:00:00+00:00,distributed_committable,143,118_RTPV_3,118,true,false,0,0,0,0,0,0,0,0,1,1.0379008585027629,1.0379008585027629
3,2020-01-01T03:00:00+00:00,distributed_committable,144,118_RTPV_4,118,true,false,0,0,0,0,0,0,0,0,1,1.0379008585027629,1.0379008585027629
3,2020-01-01T03:00:00+00:00,distributed_committable,145,118_RTPV_5,118,true,false,0,0,0,0,0,0,0,0,1,1.0379008585027629,1.0379008585027629
3,2020-01-01T03:00:00+00:00,distributed_committable,146,118_RTPV_6,118,true,false,0,0,0,0,0,0,0,0,1,1.0379008585027629,1.0379008585027629
3,2020-01-01T03:00:00+00:00,distributed_committable,147,320_RTPV_6,320,true,false,0,0,0,0,0,0,0,0,1,1.0086699795230054,1.0086699795230054
3,2020-01-01T03:00:00+00:00,distributed_committable,148,118_RTPV_7,118,true,false,0,0,0,0,0,0,0,0,1,1.0379008585027629,1.0379008585027629
3,2020-01-01T03:00:00+00:00,distributed_committable,149,118_RTPV_8,118,true,false,0,0,0,0,0,0,0,0,1,1.0379008585027629,1.0379008585027629
3,2020-01-01T03:00:00+00:00,distributed_committable,150,118_RTPV_9,118,true,false,0,0,0,0,0,0,0,0,1,1.0379008585027629,1.0379008585027629
3,2020-01-01T03:00:00+00:00,distributed_committable,151,118_RTPV_10,118,true,false,0,0,0,0,0,0,0,0,1,1.0379008585027629,1.0379008585027629
3,2020-01-01T03:00:00+00:00,distributed_committable,152,213_RTPV_1,213,true,false,0,0,0,0,0,0,0,0,1,1.0056100269050854,1.0056100269050854
3,2020-01-01T03:00:00+00:00,distributed_committable,153,309_WIND_1,309,true,false,144.80000000000001,144.80000000000001,0,144.80000000000001,144.80000000000001,0,0,0,1,1.0193788404063238,1.0193788404063238
3,2020-01-01T03:00:00+00:00,distributed_committable,154,317_WIND_1,317,true,false,672.20101079400001,672.20101079400001,0,672.20101079400001,672.20101079400001,0,0,0,1,1.0114417287657722,1.0114417287657722
3,2020-01-01T03:00:00+00:00,distributed_committable,155,303_WIND_1,303,true,false,432.69999999999999,432.69999999999999,0,432.69999999999999,432.69999999999999,0,0,0,1,1.0387057001960169,1.0387057001960169
3,2020-01-01T03:00:00+00:00,distributed_committable,156,122_WIND_1,122,true,false,599.79999999999995,599.79999999999995,0,599.79999999999995,599.79999999999995,0,0,0,1.05,1.0499999976051768,1.0499999976051768
3,2020-01-01T03:00:00+00:00,distributed_committable,157,313_STORAGE_1,313,false,false,0,0,0,0,0,0,0,0,1,1,1.0028211484004237
4,2020-01-01T04:00:00+00:00,distributed_committable,0,101_CT_1,101,false,false,0,0,0,0,0,0,0,10,1.0468,1.0468,1.0264657661467644
4,2020-01-01T04:00:00+00:00,distributed_committable,1,101_CT_2,101,false,false,0,0,0,0,0,0,0,10,1.0468,1.0468,1.0264657661467644
4,2020-01-01T04:00:00+00:00,distributed_committable,2,101_STEAM_3,101,true,true,76,75.999999803375673,-1.9662432748646097e-07,30,76,-22.983000073860111,-25,30,1.0468,1.0264657661467644,1.0264657661467644
4,2020-01-01T04:00:00+00:00,distributed_committable,3,101_STEAM_4,101,true,true,76,75.999999803375673,-1.9662432748646097e-07,30,76,-22.983000073860111,-25,30,1.0468,1.0264657661467644,1.0264657661467644
4,2020-01-01T04:00:00+00:00,distributed_committable,4,102_CT_1,102,false,false,0,0,0,0,0,0,0,10,1.0467,1.0467,1.0257675874095931
4,2020-01-01T04:00:00+00:00,distributed_committable,5,102_CT_2,102,false,false,0,0,0,0,0,0,0,10,1.0467,1.0467,1.0257675874095931
4,2020-01-01T04:00:00+00:00,distributed_committable,6,102_STEAM_3,102,true,true,45.333333328000002,53.786271370819364,8.4529380428193619,30,76,-22.180432985373404,-25,30,1.0467,1.0257675874095931,1.0257675874095931
4,2020-01-01T04:00:00+00:00,distributed_committable,7,102_STEAM_4,102,true,true,45.333333328000002,53.786271370819364,8.4529380428193619,30,76,-22.180432985373404,-25,30,1.0467,1.0257675874095931,1.0257675874095931
4,2020-01-01T04:00:00+00:00,distributed_committable,8,107_CC_1,107,false,false,0,0,0,0,0,0,-25,150,1.05,1.05,0.99205003447513529
4,2020-01-01T04:00:00+00:00,distributed_committable,9,113_CT_1,113,false,false,0,0,0,0,0,0,-15,19,1.0347,1.0347,1.0108036341171658
4,2020-01-01T04:00:00+00:00,distributed_committable,10,113_CT_2,113,false,false,0,0,0,0,0,0,-15,19,1.0347,1.0347,1.0108036341171658
4,2020-01-01T04:00:00+00:00,distributed_committable,11,113_CT_3,113,false,false,0,0,0,0,0,0,-15,19,1.0347,1.0347,1.0108036341171658
4,2020-01-01T04:00:00+00:00,distributed_committable,12,113_CT_4,113,false,false,0,0,0,0,0,0,-15,19,1.0347,1.0347,1.0108036341171658
4,2020-01-01T04:00:00+00:00,distributed_committable,13,115_STEAM_1,115,false,false,0,0,0,0,0,0,0,6,1.0427999999999999,1.0427999999999999,1.0345809410737414
4,2020-01-01T04:00:00+00:00,distributed_committable,14,115_STEAM_2,115,false,false,0,0,0,0,0,0,0,6,1.0427999999999999,1.0427999999999999,1.0345809410737414
4,2020-01-01T04:00:00+00:00,distributed_committable,15,115_STEAM_3,115,true,true,62,70.412699892859322,8.4126998928593224,62,155,79.999866649121188,-50,80,1.0427999999999999,1.0345809410737414,1.0345809410737414
4,2020-01-01T04:00:00+00:00,distributed_committable,16,116_STEAM_1,116,false,false,0,0,0,0,0,0,-50,80,1.0461,1.0461,1.0224343699963585
4,2020-01-01T04:00:00+00:00,distributed_committable,17,118_CC_1,118,false,false,0,0,0,0,0,0,-25,150,1.05,1.05,1.037490738860924
4,2020-01-01T04:00:00+00:00,distributed_committable,18,123_STEAM_2,123,true,true,62,70.707970315948373,8.7079703159483728,62,155,-23.196485510606671,-50,80,1.05,1.0164512110676396,1.0164512110676396
4,2020-01-01T04:00:00+00:00,distributed_committable,19,123_STEAM_3,123,true,true,140,148.70797032739029,8.7079703273902851,140,350,4.5042280065468381,-25,150,1.05,1.0164512110676396,1.0164512110676396
4,2020-01-01T04:00:00+00:00,distributed_committable,20,123_CT_1,123,false,false,0,0,0,0,0,0,-15,19,1.05,1.05,1.0164512110676396
4,2020-01-01T04:00:00+00:00,distributed_committable,21,123_CT_4,123,false,false,0,0,0,0,0,0,-15,19,1.05,1.05,1.0164512110676396
4,2020-01-01T04:00:00+00:00,distributed_committable,22,123_CT_5,123,false,false,0,0,0,0,0,0,-15,19,1.05,1.05,1.0164512110676396
4,2020-01-01T04:00:00+00:00,distributed_committable,23,201_CT_1,201,false,false,0,0,0,0,0,0,0,10,1.05,1.05,1.0205349986120213
4,2020-01-01T04:00:00+00:00,distributed_committable,24,201_CT_2,201,false,false,0,0,0,0,0,0,0,10,1.05,1.05,1.0205349986120213
4,2020-01-01T04:00:00+00:00,distributed_committable,25,201_STEAM_3,201,false,false,0,0,0,0,0,0,-25,30,1.05,1.05,1.0205349986120213
4,2020-01-01T04:00:00+00:00,distributed_committable,26,202_CT_1,202,false,false,0,0,0,0,0,0,0,10,1.05,1.05,1.0193425513145222
4,2020-01-01T04:00:00+00:00,distributed_committable,27,202_CT_2,202,false,false,0,0,0,0,0,0,0,10,1.05,1.05,1.0193425513145222
4,2020-01-01T04:00:00+00:00,distributed_committable,28,202_STEAM_3,202,true,true,30,39.446261855943575,9.4462618559435754,30,76,-24.112007510623432,-25,30,1.05,1.0193425513145222,1.0193425513145222
4,2020-01-01T04:00:00+00:00,distributed_committable,29,202_STEAM_4,202,true,true,30,39.446261855943575,9.4462618559435754,30,76,-24.112007510623432,-25,30,1.05,1.0193425513145222,1.0193425513145222
4,2020-01-01T04:00:00+00:00,distributed_committable,30,207_CT_1,207,false,false,0,0,0,0,0,0,-15,19,0.96989999999999998,0.96989999999999998,0.97728508011852233
4,2020-01-01T04:00:00+00:00,distributed_committable,31,207_CT_2,207,false,false,0,0,0,0,0,0,-15,19,0.96989999999999998,0.96989999999999998,0.97728508011852233
4,2020-01-01T04:00:00+00:00,distributed_committable,32,213_CC_3,213,false,false,0,0,0,0,0,0,-25,150,1.05,1.05,1.0058637839813105
4,2020-01-01T04:00:00+00:00,distributed_committable,33,213_CT_1,213,false,false,0,0,0,0,0,0,-15,19,1.05,1.05,1.0058637839813105
4,2020-01-01T04:00:00+00:00,distributed_committable,34,213_CT_2,213,false,false,0,0,0,0,0,0,-15,19,1.05,1.05,1.0058637839813105
4,2020-01-01T04:00:00+00:00,distributed_committable,35,215_CT_4,215,false,false,0,0,0,0,0,0,-15,19,1.0437000000000001,1.0437000000000001,1.0074870284375514
4,2020-01-01T04:00:00+00:00,distributed_committable,36,215_CT_5,215,false,false,0,0,0,0,0,0,-15,19,1.0437000000000001,1.0437000000000001,1.0074870284375514
4,2020-01-01T04:00:00+00:00,distributed_committable,37,216_STEAM_1,216,true,true,93,102.09888485179933,9.0988848517993262,62,155,24.932389920749635,-50,80,1.0472999999999999,1.0113707962032432,1.0113707962032432
4,2020-01-01T04:00:00+00:00,distributed_committable,38,218_CC_1,218,false,false,0,0,0,0,0,0,-25,150,1.05,1.05,1.0078551984131856
4,2020-01-01T04:00:00+00:00,distributed_committable,39,221_CC_1,221,false,false,0,0,0,0,0,0,-25,150,1.05,1.05,1.0100579633885032
4,2020-01-01T04:00:00+00:00,distributed_committable,40,223_STEAM_1,223,true,true,62,70.96750965010979,8.9675096501097897,62,155,9.9956972606314451,-50,80,1.05,1.0263987792217986,1.0263987792217986
4,2020-01-01T04:00:00+00:00,distributed_committable,41,223_STEAM_2,223,true,true,62,70.96750965010979,8.9675096501097897,62,155,9.9956972606314451,-50,80,1.05,1.0263987792217986,1.0263987792217986
4,2020-01-01T04:00:00+00:00,distributed_committable,42,223_STEAM_3,223,true,true,172.88861170300001,181.85612121759564,8.9675095145956334,140,350,54.188427858567564,-25,150,1.05,1.0263987792217986,1.0263987792217986
4,2020-01-01T04:00:00+00:00,distributed_committable,43,223_CT_4,223,false,false,0,0,0,0,0,0,-15,19,1.05,1.05,1.0263987792217986
4,2020-01-01T04:00:00+00:00,distributed_committable,44,223_CT_5,223,false,false,0,0,0,0,0,0,-15,19,1.05,1.05,1.0263987792217986
4,2020-01-01T04:00:00+00:00,distributed_committable,45,223_CT_6,223,false,false,0,0,0,0,0,0,-15,19,1.05,1.05,1.0263987792217986
4,2020-01-01T04:00:00+00:00,distributed_committable,46,301_CT_1,301,false,false,0,0,0,0,0,0,0,10,1.05,1.05,1.0366101388163238
4,2020-01-01T04:00:00+00:00,distributed_committable,47,301_CT_2,301,false,false,0,0,0,0,0,0,0,10,1.05,1.05,1.0366101388163238
4,2020-01-01T04:00:00+00:00,distributed_committable,48,301_CT_3,301,false,false,0,0,0,0,0,0,-15,19,1.05,1.05,1.0366101388163238
4,2020-01-01T04:00:00+00:00,distributed_committable,49,301_CT_4,301,false,false,0,0,0,0,0,0,-15,19,1.05,1.05,1.0366101388163238
4,2020-01-01T04:00:00+00:00,distributed_committable,50,302_CT_1,302,false,false,0,0,0,0,0,0,0,10,1.05,1.05,1.0372109071777649
4,2020-01-01T04:00:00+00:00,distributed_committable,51,302_CT_2,302,false,false,0,0,0,0,0,0,0,10,1.05,1.05,1.0372109071777649
4,2020-01-01T04:00:00+00:00,distributed_committable,52,302_CT_3,302,false,false,0,0,0,0,0,0,-15,19,1.05,1.05,1.0372109071777649
4,2020-01-01T04:00:00+00:00,distributed_committable,53,302_CT_4,302,false,false,0,0,0,0,0,0,-15,19,1.05,1.05,1.0372109071777649
4,2020-01-01T04:00:00+00:00,distributed_committable,54,307_CT_1,307,false,false,0,0,0,0,0,0,-15,19,0.95679999999999998,0.95679999999999998,0.97106939103959244
4,2020-01-01T04:00:00+00:00,distributed_committable,55,307_CT_2,307,false,false,0,0,0,0,0,0,-15,19,0.95679999999999998,0.95679999999999998,0.97106939103959244
4,2020-01-01T04:00:00+00:00,distributed_committable,56,313_CC_1,313,false,false,0,0,0,0,0,0,-25,150,1.0349999999999999,1.0349999999999999,1.0023397665228506
4,2020-01-01T04:00:00+00:00,distributed_committable,57,315_STEAM_1,315,false,false,0,0,0,0,0,0,0,6,1.0422,1.0422,1.0024372663280146
4,2020-01-01T04:00:00+00:00,distributed_committable,58,315_STEAM_2,315,false,false,0,0,0,0,0,0,0,6,1.0422,1.0422,1.0024372663280146
4,2020-01-01T04:00:00+00:00,distributed_committable,59,315_STEAM_3,315,false,false,0,0,0,0,0,0,0,6,1.0422,1.0422,1.0024372663280146
4,2020-01-01T04:00:00+00:00,distributed_committable,60,315_STEAM_4,315,false,false,0,0,0,0,0,0,0,6,1.0422,1.0422,1.0024372663280146
4,2020-01-01T04:00:00+00:00,distributed_committable,61,315_STEAM_5,315,false,false,0,0,0,0,0,0,0,6,1.0422,1.0422,1.0024372663280146
4,2020-01-01T04:00:00+00:00,distributed_committable,62,315_CT_6,315,false,false,0,0,0,0,0,0,-15,19,1.0422,1.0422,1.0024372663280146
4,2020-01-01T04:00:00+00:00,distributed_committable,63,315_CT_7,315,false,false,0,0,0,0,0,0,-15,19,1.0422,1.0422,1.0024372663280146
4,2020-01-01T04:00:00+00:00,distributed_committable,64,315_CT_8,315,false,false,0,0,0,0,0,0,0,60,1.0422,1.0422,1.0024372663280146
4,2020-01-01T04:00:00+00:00,distributed_committable,65,316_STEAM_1,316,true,true,62,70.489172186808489,8.4891721868084886,62,155,-40.917369553987456,-50,80,1.0448999999999999,0.99850324103336674,0.99850324103336674
4,2020-01-01T04:00:00+00:00,distributed_committable,66,318_CC_1,318,false,false,0,0,0,0,0,0,-25,150,1.05,1.05,1.0078694399886265
4,2020-01-01T04:00:00+00:00,distributed_committable,67,321_CC_1,321,false,false,0,0,0,0,0,0,-25,150,1.05,1.05,1.0093383004988106
4,2020-01-01T04:00:00+00:00,distributed_committable,68,322_CT_5,322,false,false,0,0,0,0,0,0,-15,19,1.05,1.05,1.0220127381985671
4,2020-01-01T04:00:00+00:00,distributed_committable,69,322_CT_6,322,false,false,0,0,0,0,0,0,-15,19,1.05,1.05,1.0220127381985671
4,2020-01-01T04:00:00+00:00,distributed_committable,70,323_CC_1,323,false,false,0,0,0,0,0,0,-25,150,1.05,1.05,1.0125179600425973
4,2020-01-01T04:00:00+00:00,distributed_committable,71,323_CC_2,323,false,false,0,0,0,0,0,0,-25,150,1.05,1.05,1.0125179600425973
4,2020-01-01T04:00:00+00:00,distributed_committable,72,114_SYNC_COND_1,114,true,false,0,0,0,0,0,-29.238973802416151,-50,200,1.0441,1.0004431917260705,1.0004431917260705
4,2020-01-01T04:00:00+00:00,distributed_committable,73,121_NUCLEAR_1,121,true,true,400,399.99999979874843,-2.0125156652284204e-07,396,400,172.63493440320084,-50,200,1.05,1.048385988880278,1.048385988880278
4,2020-01-01T04:00:00+00:00,distributed_committable,74,122_HYDRO_1,122,true,false,3.7999999999999998,3.7999999999999998,0,3.7999999999999998,3.7999999999999998,-1.0661422730700452,-10,16,1.05,1.0499999947504248,1.0499999947504248
4,2020-01-01T04:00:00+00:00,distributed_committable,75,122_HYDRO_2,122,true,false,3.7999999999999998,3.7999999999999998,0,3.7999999999999998,3.7999999999999998,-1.0661422730700452,-10,16,1.05,1.0499999947504248,1.0499999947504248
4,2020-01-01T04:00:00+00:00,distributed_committable,76,122_HYDRO_3,122,true,false,3.7999999999999998,3.7999999999999998,0,3.7999999999999998,3.7999999999999998,-1.0661422730700452,-10,16,1.05,1.0499999947504248,1.0499999947504248
4,2020-01-01T04:00:00+00:00,distributed_committable,77,122_HYDRO_4,122,true,false,3.7999999999999998,3.7999999999999998,0,3.7999999999999998,3.7999999999999998,-1.0661422730700452,-10,16,1.05,1.0499999947504248,1.0499999947504248
4,2020-01-01T04:00:00+00:00,distributed_committable,78,122_HYDRO_5,122,true,false,3.7999999999999998,3.7999999999999998,0,3.7999999999999998,3.7999999999999998,-1.0661422730700452,-10,16,1.05,1.0499999947504248,1.0499999947504248
4,2020-01-01T04:00:00+00:00,distributed_committable,79,122_HYDRO_6,122,true,false,3.7999999999999998,3.7999999999999998,0,3.7999999999999998,3.7999999999999998,-1.0661422730700452,-10,16,1.05,1.0499999947504248,1.0499999947504248
4,2020-01-01T04:00:00+00:00,distributed_committable,80,201_HYDRO_4,201,true,false,9.3000000000000007,9.3000000000000007,0,9.3000000000000007,9.3000000000000007,-9.9979054222418764,-10,16,1.05,1.0205349986120213,1.0205349986120213
4,2020-01-01T04:00:00+00:00,distributed_committable,81,214_SYNC_COND_1,214,true,false,0,0,0,0,0,-5.8449894866789043,-50,200,1.05,1.002066846276972,1.002066846276972
4,2020-01-01T04:00:00+00:00,distributed_committable,82,215_HYDRO_1,215,true,false,9.3000000000000007,9.3000000000000007,0,9.3000000000000007,9.3000000000000007,-1.3053584949831967,-10,16,1.0437000000000001,1.0074870284375514,1.0074870284375514
4,2020-01-01T04:00:00+00:00,distributed_committable,83,215_HYDRO_2,215,true,false,9.3000000000000007,9.3000000000000007,0,9.3000000000000007,9.3000000000000007,-1.3053584949831967,-10,16,1.0437000000000001,1.0074870284375514,1.0074870284375514
4,2020-01-01T04:00:00+00:00,distributed_committable,84,215_HYDRO_3,215,true,false,9.3000000000000007,9.3000000000000007,0,9.3000000000000007,9.3000000000000007,-1.3053584949831967,-10,16,1.0437000000000001,1.0074870284375514,1.0074870284375514
4,2020-01-01T04:00:00+00:00,distributed_committable,85,222_HYDRO_1,222,true,false,9.3000000000000007,9.3000000000000007,0,9.3000000000000007,9.3000000000000007,-2.7998454394305132,-10,16,1.05,1.0138347019125358,1.0138347019125358
4,2020-01-01T04:00:00+00:00,distributed_committable,86,222_HYDRO_2,222,true,false,9.3000000000000007,9.3000000000000007,0,9.3000000000000007,9.3000000000000007,-2.7998454394305132,-10,16,1.05,1.0138347019125358,1.0138347019125358
4,2020-01-01T04:00:00+00:00,distributed_committable,87,222_HYDRO_3,222,true,false,9.3000000000000007,9.3000000000000007,0,9.3000000000000007,9.3000000000000007,-2.7998454394305132,-10,16,1.05,1.0138347019125358,1.0138347019125358
4,2020-01-01T04:00:00+00:00,distributed_committable,88,222_HYDRO_4,222,true,false,9.3000000000000007,9.3000000000000007,0,9.3000000000000007,9.3000000000000007,-2.7998454394305132,-10,16,1.05,1.0138347019125358,1.0138347019125358
4,2020-01-01T04:00:00+00:00,distributed_committable,89,222_HYDRO_5,222,true,false,9.3000000000000007,9.3000000000000007,0,9.3000000000000007,9.3000000000000007,-2.7998454394305132,-10,16,1.05,1.0138347019125358,1.0138347019125358
4,2020-01-01T04:00:00+00:00,distributed_committable,90,222_HYDRO_6,222,true,false,9.3000000000000007,9.3000000000000007,0,9.3000000000000007,9.3000000000000007,-2.7998454394305132,-10,16,1.05,1.0138347019125358,1.0138347019125358
4,2020-01-01T04:00:00+00:00,distributed_committable,91,314_SYNC_COND_1,314,true,false,0,0,0,0,0,-49.999980478099516,-50,200,1.05,0.98166027218387297,0.98166027218387297
4,2020-01-01T04:00:00+00:00,distributed_committable,92,322_HYDRO_1,322,true,false,11.699999999999999,11.699999999999999,0,11.699999999999999,11.699999999999999,1.0037371172894458,-10,16,1.05,1.0220127381985671,1.0220127381985671
4,2020-01-01T04:00:00+00:00,distributed_committable,93,322_HYDRO_2,322,true,false,11.699999999999999,11.699999999999999,0,11.699999999999999,11.699999999999999,1.0037371172894458,-10,16,1.05,1.0220127381985671,1.0220127381985671
4,2020-01-01T04:00:00+00:00,distributed_committable,94,322_HYDRO_3,322,true,false,11.699999999999999,11.699999999999999,0,11.699999999999999,11.699999999999999,1.0037371172894458,-10,16,1.05,1.0220127381985671,1.0220127381985671
4,2020-01-01T04:00:00+00:00,distributed_committable,95,322_HYDRO_4,322,true,false,11.699999999999999,11.699999999999999,0,11.699999999999999,11.699999999999999,1.0037371172894458,-10,16,1.05,1.0220127381985671,1.0220127381985671
4,2020-01-01T04:00:00+00:00,distributed_committable,96,320_PV_1,320,true,false,0,0,0,0,0,0,0,0,1,1.0085406035654048,1.0085406035654048
4,2020-01-01T04:00:00+00:00,distributed_committable,97,314_PV_1,314,true,false,0,0,0,0,0,0,0,0,1.05,0.98166027218387297,0.98166027218387297
4,2020-01-01T04:00:00+00:00,distributed_committable,98,314_PV_2,314,true,false,0,0,0,0,0,0,0,0,1.05,0.98166027218387297,0.98166027218387297
4,2020-01-01T04:00:00+00:00,distributed_committable,99,313_PV_1,313,true,false,0,0,0,0,0,0,0,0,1,1.0023397665228506,1.0023397665228506
4,2020-01-01T04:00:00+00:00,distributed_committable,100,314_PV_3,314,true,false,0,0,0,0,0,0,0,0,1.05,0.98166027218387297,0.98166027218387297
4,2020-01-01T04:00:00+00:00,distributed_committable,101,314_PV_4,314,true,false,0,0,0,0,0,0,0,0,1.05,0.98166027218387297,0.98166027218387297
4,2020-01-01T04:00:00+00:00,distributed_committable,102,313_PV_2,313,true,false,0,0,0,0,0,0,0,0,1,1.0023397665228506,1.0023397665228506
4,2020-01-01T04:00:00+00:00,distributed_committable,103,310_PV_1,310,true,false,0,0,0,0,0,0,0,0,1,1.0499999968429945,1.0499999968429945
4,2020-01-01T04:00:00+00:00,distributed_committable,104,324_PV_1,324,true,false,0,0,0,0,0,0,0,0,1,1.0139857770052663,1.0139857770052663
4,2020-01-01T04:00:00+00:00,distributed_committable,105,312_PV_1,312,true,false,0,0,0,0,0,0,0,0,1,1.0095242250195731,1.0095242250195731
4,2020-01-01T04:00:00+00:00,distributed_committable,106,310_PV_2,310,true,false,0,0,0,0,0,0,0,0,1,1.0499999968429945,1.0499999968429945
4,2020-01-01T04:00:00+00:00,distributed_committable,107,324_PV_2,324,true,false,0,0,0,0,0,0,0,0,1,1.0139857770052663,1.0139857770052663
4,2020-01-01T04:00:00+00:00,distributed_committable,108,324_PV_3,324,true,false,0,0,0,0,0,0,0,0,1,1.0139857770052663,1.0139857770052663
4,2020-01-01T04:00:00+00:00,distributed_committable,109,113_PV_1,113,true,false,0,0,0,0,0,0,0,0,1,1.0108036341171658,1.0108036341171658
4,2020-01-01T04:00:00+00:00,distributed_committable,110,319_PV_1,319,true,false,0,0,0,0,0,0,0,0,1,1.0021778977363338,1.0021778977363338
4,2020-01-01T04:00:00+00:00,distributed_committable,111,215_PV_1,215,true,false,0,0,0,0,0,0,0,0,1.0437000000000001,1.0074870284375514,1.0074870284375514
4,2020-01-01T04:00:00+00:00,distributed_committable,112,102_PV_1,102,true,false,0,0,0,0,0,0,0,0,1.0467,1.0257675874095931,1.0257675874095931
4,2020-01-01T04:00:00+00:00,distributed_committable,113,101_PV_1,101,true,false,0,0,0,0,0,0,0,0,1.0468,1.0264657661467644,1.0264657661467644
4,2020-01-01T04:00:00+00:00,distributed_committable,114,102_PV_2,102,true,false,0,0,0,0,0,0,0,0,1.0467,1.0257675874095931,1.0257675874095931
4,2020-01-01T04:00:00+00:00,distributed_committable,115,104_PV_1,104,true,false,0,0,0,0,0,0,0,0,1,1.0180763188487199,1.0180763188487199
4,2020-01-01T04:00:00+00:00,distributed_committable,116,212_CSP_1,212,false,false,0,0,0,0,0,0,0,0,1,1,1.0085535580112157
4,2020-01-01T04:00:00+00:00,distributed_committable,117,101_PV_2,101,true,false,0,0,0,0,0,0,0,0,1.0468,1.0264657661467644,1.0264657661467644
4,2020-01-01T04:00:00+00:00,distributed_committable,118,101_PV_3,101,true,false,0,0,0,0,0,0,0,0,1.0468,1.0264657661467644,1.0264657661467644
4,2020-01-01T04:00:00+00:00,distributed_committable,119,101_PV_4,101,true,false,0,0,0,0,0,0,0,0,1.0468,1.0264657661467644,1.0264657661467644
4,2020-01-01T04:00:00+00:00,distributed_committable,120,103_PV_1,103,true,false,0,0,0,0,0,0,0,0,1,1.0267004915128426,1.0267004915128426
4,2020-01-01T04:00:00+00:00,distributed_committable,121,119_PV_1,119,true,false,0,0,0,0,0,0,0,0,1,1.0162844990490094,1.0162844990490094
4,2020-01-01T04:00:00+00:00,distributed_committable,122,308_RTPV_1,308,true,false,0,0,0,0,0,0,0,0,1,0.98586393518375426,0.98586393518375426
4,2020-01-01T04:00:00+00:00,distributed_committable,123,313_RTPV_1,313,true,false,0,0,0,0,0,0,0,0,1,1.0023397665228506,1.0023397665228506
4,2020-01-01T04:00:00+00:00,distributed_committable,124,313_RTPV_2,313,true,false,0,0,0,0,0,0,0,0,1,1.0023397665228506,1.0023397665228506
4,2020-01-01T04:00:00+00:00,distributed_committable,125,313_RTPV_3,313,true,false,0,0,0,0,0,0,0,0,1,1.0023397665228506,1.0023397665228506
4,2020-01-01T04:00:00+00:00,distributed_committable,126,313_RTPV_4,313,true,false,0,0,0,0,0,0,0,0,1,1.0023397665228506,1.0023397665228506
4,2020-01-01T04:00:00+00:00,distributed_committable,127,313_RTPV_5,313,true,false,0,0,0,0,0,0,0,0,1,1.0023397665228506,1.0023397665228506
4,2020-01-01T04:00:00+00:00,distributed_committable,128,313_RTPV_6,313,true,false,0,0,0,0,0,0,0,0,1,1.0023397665228506,1.0023397665228506
4,2020-01-01T04:00:00+00:00,distributed_committable,129,313_RTPV_7,313,true,false,0,0,0,0,0,0,0,0,1,1.0023397665228506,1.0023397665228506
4,2020-01-01T04:00:00+00:00,distributed_committable,130,313_RTPV_8,313,true,false,0,0,0,0,0,0,0,0,1,1.0023397665228506,1.0023397665228506
4,2020-01-01T04:00:00+00:00,distributed_committable,131,313_RTPV_9,313,true,false,0,0,0,0,0,0,0,0,1,1.0023397665228506,1.0023397665228506
4,2020-01-01T04:00:00+00:00,distributed_committable,132,313_RTPV_10,313,true,false,0,0,0,0,0,0,0,0,1,1.0023397665228506,1.0023397665228506
4,2020-01-01T04:00:00+00:00,distributed_committable,133,313_RTPV_11,313,true,false,0,0,0,0,0,0,0,0,1,1.0023397665228506,1.0023397665228506
4,2020-01-01T04:00:00+00:00,distributed_committable,134,313_RTPV_12,313,true,false,0,0,0,0,0,0,0,0,1,1.0023397665228506,1.0023397665228506
4,2020-01-01T04:00:00+00:00,distributed_committable,135,320_RTPV_1,320,true,false,0,0,0,0,0,0,0,0,1,1.0085406035654048,1.0085406035654048
4,2020-01-01T04:00:00+00:00,distributed_committable,136,320_RTPV_2,320,true,false,0,0,0,0,0,0,0,0,1,1.0085406035654048,1.0085406035654048
4,2020-01-01T04:00:00+00:00,distributed_committable,137,320_RTPV_3,320,true,false,0,0,0,0,0,0,0,0,1,1.0085406035654048,1.0085406035654048
4,2020-01-01T04:00:00+00:00,distributed_committable,138,313_RTPV_13,313,true,false,0,0,0,0,0,0,0,0,1,1.0023397665228506,1.0023397665228506
4,2020-01-01T04:00:00+00:00,distributed_committable,139,320_RTPV_4,320,true,false,0,0,0,0,0,0,0,0,1,1.0085406035654048,1.0085406035654048
4,2020-01-01T04:00:00+00:00,distributed_committable,140,320_RTPV_5,320,true,false,0,0,0,0,0,0,0,0,1,1.0085406035654048,1.0085406035654048
4,2020-01-01T04:00:00+00:00,distributed_committable,141,118_RTPV_1,118,true,false,0,0,0,0,0,0,0,0,1,1.037490738860924,1.037490738860924
4,2020-01-01T04:00:00+00:00,distributed_committable,142,118_RTPV_2,118,true,false,0,0,0,0,0,0,0,0,1,1.037490738860924,1.037490738860924
4,2020-01-01T04:00:00+00:00,distributed_committable,143,118_RTPV_3,118,true,false,0,0,0,0,0,0,0,0,1,1.037490738860924,1.037490738860924
4,2020-01-01T04:00:00+00:00,distributed_committable,144,118_RTPV_4,118,true,false,0,0,0,0,0,0,0,0,1,1.037490738860924,1.037490738860924
4,2020-01-01T04:00:00+00:00,distributed_committable,145,118_RTPV_5,118,true,false,0,0,0,0,0,0,0,0,1,1.037490738860924,1.037490738860924
4,2020-01-01T04:00:00+00:00,distributed_committable,146,118_RTPV_6,118,true,false,0,0,0,0,0,0,0,0,1,1.037490738860924,1.037490738860924
4,2020-01-01T04:00:00+00:00,distributed_committable,147,320_RTPV_6,320,true,false,0,0,0,0,0,0,0,0,1,1.0085406035654048,1.0085406035654048
4,2020-01-01T04:00:00+00:00,distributed_committable,148,118_RTPV_7,118,true,false,0,0,0,0,0,0,0,0,1,1.037490738860924,1.037490738860924
4,2020-01-01T04:00:00+00:00,distributed_committable,149,118_RTPV_8,118,true,false,0,0,0,0,0,0,0,0,1,1.037490738860924,1.037490738860924
4,2020-01-01T04:00:00+00:00,distributed_committable,150,118_RTPV_9,118,true,false,0,0,0,0,0,0,0,0,1,1.037490738860924,1.037490738860924
4,2020-01-01T04:00:00+00:00,distributed_committable,151,118_RTPV_10,118,true,false,0,0,0,0,0,0,0,0,1,1.037490738860924,1.037490738860924
4,2020-01-01T04:00:00+00:00,distributed_committable,152,213_RTPV_1,213,true,false,0,0,0,0,0,0,0,0,1,1.0058637839813105,1.0058637839813105
4,2020-01-01T04:00:00+00:00,distributed_committable,153,309_WIND_1,309,true,false,137.09999999999999,137.09999999999999,0,137.09999999999999,137.09999999999999,0,0,0,1,1.0199969859914007,1.0199969859914007
4,2020-01-01T04:00:00+00:00,distributed_committable,154,317_WIND_1,317,true,false,674.50315464100004,674.50315464100004,0,674.50315464100004,674.50315464100004,0,0,0,1,1.0128917458450513,1.0128917458450513
4,2020-01-01T04:00:00+00:00,distributed_committable,155,303_WIND_1,303,true,false,407.89999999999998,407.89999999999998,0,407.89999999999998,407.89999999999998,0,0,0,1,1.0395267925112079,1.0395267925112079
4,2020-01-01T04:00:00+00:00,distributed_committable,156,122_WIND_1,122,true,false,602.20000000000005,602.20000000000005,0,602.20000000000005,602.20000000000005,0,0,0,1.05,1.0499999947504248,1.0499999947504248
4,2020-01-01T04:00:00+00:00,distributed_committable,157,313_STORAGE_1,313,false,false,0,0,0,0,0,0,0,0,1,1,1.0023397665228506
5,2020-01-01T05:00:00+00:00,distributed_committable,0,101_CT_1,101,false,false,0,0,0,0,0,0,0,10,1.0468,1.0468,1.027848305957977
5,2020-01-01T05:00:00+00:00,distributed_committable,1,101_CT_2,101,false,false,0,0,0,0,0,0,0,10,1.0468,1.0468,1.027848305957977
5,2020-01-01T05:00:00+00:00,distributed_committable,2,101_STEAM_3,101,true,true,76,75.999999940388776,-5.9611224401123764e-08,30,76,-20.699672945918199,-25,30,1.0468,1.027848305957977,1.027848305957977
5,2020-01-01T05:00:00+00:00,distributed_committable,3,101_STEAM_4,101,true,true,76,75.999999940388776,-5.9611224401123764e-08,30,76,-20.699672945918199,-25,30,1.0468,1.027848305957977,1.027848305957977
5,2020-01-01T05:00:00+00:00,distributed_committable,4,102_CT_1,102,false,false,0,0,0,0,0,0,0,10,1.0467,1.0467,1.0271541732098068
5,2020-01-01T05:00:00+00:00,distributed_committable,5,102_CT_2,102,false,false,0,0,0,0,0,0,0,10,1.0467,1.0467,1.0271541732098068
5,2020-01-01T05:00:00+00:00,distributed_committable,6,102_STEAM_3,102,true,true,45.333333328000002,54.115950246863434,8.7826169188634324,30,76,-20.150780581613397,-25,30,1.0467,1.0271541732098068,1.0271541732098068
5,2020-01-01T05:00:00+00:00,distributed_committable,7,102_STEAM_4,102,true,true,45.333333328000002,54.115950246863434,8.7826169188634324,30,76,-20.1507805816134,-25,30,1.0467,1.0271541732098068,1.0271541732098068
5,2020-01-01T05:00:00+00:00,distributed_committable,8,107_CC_1,107,false,false,0,0,0,0,0,0,-25,150,1.05,1.05,0.98901485733569039
5,2020-01-01T05:00:00+00:00,distributed_committable,9,113_CT_1,113,false,false,0,0,0,0,0,0,-15,19,1.0347,1.0347,1.0129604544983577
5,2020-01-01T05:00:00+00:00,distributed_committable,10,113_CT_2,113,false,false,0,0,0,0,0,0,-15,19,1.0347,1.0347,1.0129604544983577
5,2020-01-01T05:00:00+00:00,distributed_committable,11,113_CT_3,113,false,false,0,0,0,0,0,0,-15,19,1.0347,1.0347,1.0129604544983577
5,2020-01-01T05:00:00+00:00,distributed_committable,12,113_CT_4,113,false,false,0,0,0,0,0,0,-15,19,1.0347,1.0347,1.0129604544983577
5,2020-01-01T05:00:00+00:00,distributed_committable,13,115_STEAM_1,115,false,false,0,0,0,0,0,0,0,6,1.0427999999999999,1.0427999999999999,1.0363389615058727
5,2020-01-01T05:00:00+00:00,distributed_committable,14,115_STEAM_2,115,false,false,0,0,0,0,0,0,0,6,1.0427999999999999,1.0427999999999999,1.0363389615058727
5,2020-01-01T05:00:00+00:00,distributed_committable,15,115_STEAM_3,115,true,true,62,70.72225029746177,8.7222502974617697,62,155,79.999954223889105,-50,80,1.0427999999999999,1.0363389615058727,1.0363389615058727
5,2020-01-01T05:00:00+00:00,distributed_committable,16,116_STEAM_1,116,false,false,0,0,0,0,0,0,-50,80,1.0461,1.0461,1.0252776840200901
5,2020-01-01T05:00:00+00:00,distributed_committable,17,118_CC_1,118,false,false,0,0,0,0,0,0,-25,150,1.05,1.05,1.0389088337688257
5,2020-01-01T05:00:00+00:00,distributed_committable,18,123_STEAM_2,123,true,true,93,101.94164529205376,8.9416452920537637,62,155,-23.245383988020897,-50,80,1.05,1.0218329335349379,1.0218329335349379
5,2020-01-01T05:00:00+00:00,distributed_committable,19,123_STEAM_3,123,true,true,210,218.94164529145166,8.941645291451664,140,350,4.3602433752331411,-25,150,1.05,1.0218329335349379,1.0218329335349379
5,2020-01-01T05:00:00+00:00,distributed_committable,20,123_CT_1,123,false,false,0,0,0,0,0,0,-15,19,1.05,1.05,1.0218329335349379
5,2020-01-01T05:00:00+00:00,distributed_committable,21,123_CT_4,123,false,false,0,0,0,0,0,0,-15,19,1.05,1.05,1.0218329335349379
5,2020-01-01T05:00:00+00:00,distributed_committable,22,123_CT_5,123,false,false,0,0,0,0,0,0,-15,19,1.05,1.05,1.0218329335349379
5,2020-01-01T05:00:00+00:00,distributed_committable,23,201_CT_1,201,false,false,0,0,0,0,0,0,0,10,1.05,1.05,1.0190415494723533
5,2020-01-01T05:00:00+00:00,distributed_committable,24,201_CT_2,201,false,false,0,0,0,0,0,0,0,10,1.05,1.05,1.0190415494723533
5,2020-01-01T05:00:00+00:00,distributed_committable,25,201_STEAM_3,201,false,false,0,0,0,0,0,0,-25,30,1.05,1.05,1.0190415494723533
5,2020-01-01T05:00:00+00:00,distributed_committable,26,202_CT_1,202,false,false,0,0,0,0,0,0,0,10,1.05,1.05,1.0177548195316586
5,2020-01-01T05:00:00+00:00,distributed_committable,27,202_CT_2,202,false,false,0,0,0,0,0,0,0,10,1.05,1.05,1.0177548195316586
5,2020-01-01T05:00:00+00:00,distributed_committable,28,202_STEAM_3,202,true,true,30,39.65416799931679,9.6541679993167904,30,76,-24.522111766920389,-25,30,1.05,1.0177548195316586,1.0177548195316586
5,2020-01-01T05:00:00+00:00,distributed_committable,29,202_STEAM_4,202,true,true,30,39.65416799931679,9.6541679993167904,30,76,-24.522111766920389,-25,30,1.05,1.0177548195316586,1.0177548195316586
5,2020-01-01T05:00:00+00:00,distributed_committable,30,207_CT_1,207,false,false,0,0,0,0,0,0,-15,19,0.96989999999999998,0.96989999999999998,0.97387986645514524
5,2020-01-01T05:00:00+00:00,distributed_committable,31,207_CT_2,207,false,false,0,0,0,0,0,0,-15,19,0.96989999999999998,0.96989999999999998,0.97387986645514524
5,2020-01-01T05:00:00+00:00,distributed_committable,32,213_CC_3,213,false,false,0,0,0,0,0,0,-25,150,1.05,1.05,1.0085082733533919
5,2020-01-01T05:00:00+00:00,distributed_committable,33,213_CT_1,213,false,false,0,0,0,0,0,0,-15,19,1.05,1.05,1.0085082733533919
5,2020-01-01T05:00:00+00:00,distributed_committable,34,213_CT_2,213,false,false,0,0,0,0,0,0,-15,19,1.05,1.05,1.0085082733533919
5,2020-01-01T05:00:00+00:00,distributed_committable,35,215_CT_4,215,false,false,0,0,0,0,0,0,-15,19,1.0437000000000001,1.0437000000000001,1.0127238859115335
5,2020-01-01T05:00:00+00:00,distributed_committable,36,215_CT_5,215,false,false,0,0,0,0,0,0,-15,19,1.0437000000000001,1.0437000000000001,1.0127238859115335
5,2020-01-01T05:00:00+00:00,distributed_committable,37,216_STEAM_1,216,true,true,93,102.30233833658937,9.3023383365893721,62,155,32.296015591883638,-50,80,1.0472999999999999,1.0174278932799077,1.0174278932799077
5,2020-01-01T05:00:00+00:00,distributed_committable,38,218_CC_1,218,false,false,0,0,0,0,0,0,-25,150,1.05,1.05,1.0132168452406372
5,2020-01-01T05:00:00+00:00,distributed_committable,39,221_CC_1,221,false,false,0,0,0,0,0,0,-25,150,1.05,1.05,1.0153741991645133
5,2020-01-01T05:00:00+00:00,distributed_committable,40,223_STEAM_1,223,true,true,124,133.09223581745135,9.0922358174513533,62,155,10.426498608897301,-50,80,1.05,1.0373422887330277,1.0373422887330277
5,2020-01-01T05:00:00+00:00,distributed_committable,41,223_STEAM_2,223,true,true,146.93619816399999,154.99999949174793,8.0638013277479388,62,155,10.426498608897301,-50,80,1.05,1.0373422887330277,1.0373422887330277
5,2020-01-01T05:00:00+00:00,distributed_committable,42,223_STEAM_3,223,true,true,210,219.09223583657371,9.0922358365737068,140,350,54.537655981504699,-25,150,1.05,1.0373422887330277,1.0373422887330277
5,2020-01-01T05:00:00+00:00,distributed_committable,43,223_CT_4,223,false,false,0,0,0,0,0,0,-15,19,1.05,1.05,1.0373422887330277
5,2020-01-01T05:00:00+00:00,distributed_committable,44,223_CT_5,223,false,false,0,0,0,0,0,0,-15,19,1.05,1.05,1.0373422887330277
5,2020-01-01T05:00:00+00:00,distributed_committable,45,223_CT_6,223,false,false,0,0,0,0,0,0,-15,19,1.05,1.05,1.0373422887330277
5,2020-01-01T05:00:00+00:00,distributed_committable,46,301_CT_1,301,false,false,0,0,0,0,0,0,0,10,1.05,1.05,1.0348552300484268
5,2020-01-01T05:00:00+00:00,distributed_committable,47,301_CT_2,301,false,false,0,0,0,0,0,0,0,10,1.05,1.05,1.0348552300484268
5,2020-01-01T05:00:00+00:00,distributed_committable,48,301_CT_3,301,false,false,0,0,0,0,0,0,-15,19,1.05,1.05,1.0348552300484268
5,2020-01-01T05:00:00+00:00,distributed_committable,49,301_CT_4,301,false,false,0,0,0,0,0,0,-15,19,1.05,1.05,1.0348552300484268
5,2020-01-01T05:00:00+00:00,distributed_committable,50,302_CT_1,302,false,false,0,0,0,0,0,0,0,10,1.05,1.05,1.0354162829194271
5,2020-01-01T05:00:00+00:00,distributed_committable,51,302_CT_2,302,false,false,0,0,0,0,0,0,0,10,1.05,1.05,1.0354162829194271
5,2020-01-01T05:00:00+00:00,distributed_committable,52,302_CT_3,302,false,false,0,0,0,0,0,0,-15,19,1.05,1.05,1.0354162829194271
5,2020-01-01T05:00:00+00:00,distributed_committable,53,302_CT_4,302,false,false,0,0,0,0,0,0,-15,19,1.05,1.05,1.0354162829194271
5,2020-01-01T05:00:00+00:00,distributed_committable,54,307_CT_1,307,false,false,0,0,0,0,0,0,-15,19,0.95679999999999998,0.95679999999999998,0.96624887841990215
5,2020-01-01T05:00:00+00:00,distributed_committable,55,307_CT_2,307,false,false,0,0,0,0,0,0,-15,19,0.95679999999999998,0.95679999999999998,0.96624887841990215
5,2020-01-01T05:00:00+00:00,distributed_committable,56,313_CC_1,313,false,false,0,0,0,0,0,0,-25,150,1.0349999999999999,1.0349999999999999,1.0051590762081675
5,2020-01-01T05:00:00+00:00,distributed_committable,57,315_STEAM_1,315,false,false,0,0,0,0,0,0,0,6,1.0422,1.0422,1.0175295317972719
5,2020-01-01T05:00:00+00:00,distributed_committable,58,315_STEAM_2,315,false,false,0,0,0,0,0,0,0,6,1.0422,1.0422,1.0175295317972719
5,2020-01-01T05:00:00+00:00,distributed_committable,59,315_STEAM_3,315,false,false,0,0,0,0,0,0,0,6,1.0422,1.0422,1.0175295317972719
5,2020-01-01T05:00:00+00:00,distributed_committable,60,315_STEAM_4,315,false,false,0,0,0,0,0,0,0,6,1.0422,1.0422,1.0175295317972719
5,2020-01-01T05:00:00+00:00,distributed_committable,61,315_STEAM_5,315,false,false,0,0,0,0,0,0,0,6,1.0422,1.0422,1.0175295317972719
5,2020-01-01T05:00:00+00:00,distributed_committable,62,315_CT_6,315,false,false,0,0,0,0,0,0,-15,19,1.0422,1.0422,1.0175295317972719
5,2020-01-01T05:00:00+00:00,distributed_committable,63,315_CT_7,315,false,false,0,0,0,0,0,0,-15,19,1.0422,1.0422,1.0175295317972719
5,2020-01-01T05:00:00+00:00,distributed_committable,64,315_CT_8,315,false,false,0,0,0,0,0,0,0,60,1.0422,1.0422,1.0175295317972719
5,2020-01-01T05:00:00+00:00,distributed_committable,65,316_STEAM_1,316,true,true,62,70.811997797630937,8.8119977976309372,62,155,6.1634361926851993,-50,80,1.0448999999999999,1.0148615905643446,1.0148615905643446
5,2020-01-01T05:00:00+00:00,distributed_committable,66,318_CC_1,318,false,false,0,0,0,0,0,0,-25,150,1.05,1.05,1.024110327747384
5,2020-01-01T05:00:00+00:00,distributed_committable,67,321_CC_1,321,false,false,0,0,0,0,0,0,-25,150,1.05,1.05,1.024806668367326
5,2020-01-01T05:00:00+00:00,distributed_committable,68,322_CT_5,322,false,false,0,0,0,0,0,0,-15,19,1.05,1.05,1.034127189272688
5,2020-01-01T05:00:00+00:00,distributed_committable,69,322_CT_6,322,false,false,0,0,0,0,0,0,-15,19,1.05,1.05,1.034127189272688
5,2020-01-01T05:00:00+00:00,distributed_committable,70,323_CC_1,323,false,false,0,0,0,0,0,0,-25,150,1.05,1.05,1.018970174868624
5,2020-01-01T05:00:00+00:00,distributed_committable,71,323_CC_2,323,false,false,0,0,0,0,0,0,-25,150,1.05,1.05,1.018970174868624
5,2020-01-01T05:00:00+00:00,distributed_committable,72,114_SYNC_COND_1,114,true,false,0,0,0,0,0,-21.910329825901488,-50,200,1.0441,1.0037924522157975,1.0037924522157975
5,2020-01-01T05:00:00+00:00,distributed_committable,73,121_NUCLEAR_1,121,true,true,400,399.99999993889566,-6.1104344695195323e-08,396,400,173.10892350066732,-50,200,1.05,1.0499999559945721,1.0499999559945721
5,2020-01-01T05:00:00+00:00,distributed_committable,74,122_HYDRO_1,122,true,false,3.7999999999999998,3.7999999999999998,0,3.7999999999999998,3.7999999999999998,-1.8172186363413507,-10,16,1.05,1.0499999984327562,1.0499999984327562
5,2020-01-01T05:00:00+00:00,distributed_committable,75,122_HYDRO_2,122,true,false,3.7999999999999998,3.7999999999999998,0,3.7999999999999998,3.7999999999999998,-1.8172186363413507,-10,16,1.05,1.0499999984327562,1.0499999984327562
5,2020-01-01T05:00:00+00:00,distributed_committable,76,122_HYDRO_3,122,true,false,3.7999999999999998,3.7999999999999998,0,3.7999999999999998,3.7999999999999998,-1.8172186363413507,-10,16,1.05,1.0499999984327562,1.0499999984327562
5,2020-01-01T05:00:00+00:00,distributed_committable,77,122_HYDRO_4,122,true,false,3.7999999999999998,3.7999999999999998,0,3.7999999999999998,3.7999999999999998,-1.8172186363413507,-10,16,1.05,1.0499999984327562,1.0499999984327562
5,2020-01-01T05:00:00+00:00,distributed_committable,78,122_HYDRO_5,122,true,false,3.7999999999999998,3.7999999999999998,0,3.7999999999999998,3.7999999999999998,-1.8172186363413507,-10,16,1.05,1.0499999984327562,1.0499999984327562
5,2020-01-01T05:00:00+00:00,distributed_committable,79,122_HYDRO_6,122,true,false,3.7999999999999998,3.7999999999999998,0,3.7999999999999998,3.7999999999999998,-1.8172186363413507,-10,16,1.05,1.0499999984327562,1.0499999984327562
5,2020-01-01T05:00:00+00:00,distributed_committable,80,201_HYDRO_4,201,true,false,9.0999999999999996,9.0999999999999996,0,9.0999999999999996,9.0999999999999996,-9.9994511438490079,-10,16,1.05,1.0190415494723533,1.0190415494723533
5,2020-01-01T05:00:00+00:00,distributed_committable,81,214_SYNC_COND_1,214,true,false,0,0,0,0,0,-6.9514525720118332,-50,200,1.05,1.0051540782780659,1.0051540782780659
5,2020-01-01T05:00:00+00:00,distributed_committable,82,215_HYDRO_1,215,true,false,9.0999999999999996,9.0999999999999996,0,9.0999999999999996,9.0999999999999996,-0.35746487082475525,-10,16,1.0437000000000001,1.0127238859115335,1.0127238859115335
5,2020-01-01T05:00:00+00:00,distributed_committable,83,215_HYDRO_2,215,true,false,9.0999999999999996,9.0999999999999996,0,9.0999999999999996,9.0999999999999996,-0.3574648708247552,-10,16,1.0437000000000001,1.0127238859115335,1.0127238859115335
5,2020-01-01T05:00:00+00:00,distributed_committable,84,215_HYDRO_3,215,true,false,9.0999999999999996,9.0999999999999996,0,9.0999999999999996,9.0999999999999996,-0.35746487082475914,-10,16,1.0437000000000001,1.0127238859115335,1.0127238859115335
5,2020-01-01T05:00:00+00:00,distributed_committable,85,222_HYDRO_1,222,true,false,9.0999999999999996,9.0999999999999996,0,9.0999999999999996,9.0999999999999996,-2.9087190421648543,-10,16,1.05,1.0190463804812495,1.0190463804812495
5,2020-01-01T05:00:00+00:00,distributed_committable,86,222_HYDRO_2,222,true,false,9.0999999999999996,9.0999999999999996,0,9.0999999999999996,9.0999999999999996,-2.9087190421648543,-10,16,1.05,1.0190463804812495,1.0190463804812495
5,2020-01-01T05:00:00+00:00,distributed_committable,87,222_HYDRO_3,222,true,false,9.0999999999999996,9.0999999999999996,0,9.0999999999999996,9.0999999999999996,-2.9087190421648543,-10,16,1.05,1.0190463804812495,1.0190463804812495
5,2020-01-01T05:00:00+00:00,distributed_committable,88,222_HYDRO_4,222,true,false,9.0999999999999996,9.0999999999999996,0,9.0999999999999996,9.0999999999999996,-2.9087190421648543,-10,16,1.05,1.0190463804812495,1.0190463804812495
5,2020-01-01T05:00:00+00:00,distributed_committable,89,222_HYDRO_5,222,true,false,9.0999999999999996,9.0999999999999996,0,9.0999999999999996,9.0999999999999996,-2.9087190421648543,-10,16,1.05,1.0190463804812495,1.0190463804812495
5,2020-01-01T05:00:00+00:00,distributed_committable,90,222_HYDRO_6,222,true,false,9.0999999999999996,9.0999999999999996,0,9.0999999999999996,9.0999999999999996,-2.9087190421648543,-10,16,1.05,1.0190463804812495,1.0190463804812495
5,2020-01-01T05:00:00+00:00,distributed_committable,91,314_SYNC_COND_1,314,true,false,0,0,0,0,0,-49.999991782588452,-50,200,1.05,0.9898657851203968,0.9898657851203968
5,2020-01-01T05:00:00+00:00,distributed_committable,92,322_HYDRO_1,322,true,false,6.7999999999999998,6.8000000000000007,8.8817841970012523e-16,6.7999999999999998,6.7999999999999998,-0.64907702554707469,-10,16,1.05,1.034127189272688,1.034127189272688
5,2020-01-01T05:00:00+00:00,distributed_committable,93,322_HYDRO_2,322,true,false,6.7999999999999998,6.8000000000000007,8.8817841970012523e-16,6.7999999999999998,6.7999999999999998,-0.64907702554707469,-10,16,1.05,1.034127189272688,1.034127189272688
5,2020-01-01T05:00:00+00:00,distributed_committable,94,322_HYDRO_3,322,true,false,6.7999999999999998,6.8000000000000007,8.8817841970012523e-16,6.7999999999999998,6.7999999999999998,-0.64907702554707469,-10,16,1.05,1.034127189272688,1.034127189272688
5,2020-01-01T05:00:00+00:00,distributed_committable,95,322_HYDRO_4,322,true,false,6.7999999999999998,6.8000000000000007,8.8817841970012523e-16,6.7999999999999998,6.7999999999999998,-0.64907702554707469,-10,16,1.05,1.034127189272688,1.034127189272688
5,2020-01-01T05:00:00+00:00,distributed_committable,96,320_PV_1,320,true,false,0,0,0,0,0,0,0,0,1,1.0168767629613444,1.0168767629613444
5,2020-01-01T05:00:00+00:00,distributed_committable,97,314_PV_1,314,true,false,0,0,0,0,0,0,0,0,1.05,0.9898657851203968,0.9898657851203968
5,2020-01-01T05:00:00+00:00,distributed_committable,98,314_PV_2,314,true,false,0,0,0,0,0,0,0,0,1.05,0.9898657851203968,0.9898657851203968
5,2020-01-01T05:00:00+00:00,distributed_committable,99,313_PV_1,313,true,false,0,0,0,0,0,0,0,0,1,1.0051590762081675,1.0051590762081675
5,2020-01-01T05:00:00+00:00,distributed_committable,100,314_PV_3,314,true,false,0,0,0,0,0,0,0,0,1.05,0.9898657851203968,0.9898657851203968
5,2020-01-01T05:00:00+00:00,distributed_committable,101,314_PV_4,314,true,false,0,0,0,0,0,0,0,0,1.05,0.9898657851203968,0.9898657851203968
5,2020-01-01T05:00:00+00:00,distributed_committable,102,313_PV_2,313,true,false,0,0,0,0,0,0,0,0,1,1.0051590762081675,1.0051590762081675
5,2020-01-01T05:00:00+00:00,distributed_committable,103,310_PV_1,310,true,false,0,0,0,0,0,0,0,0,1,1.049999999075097,1.049999999075097
5,2020-01-01T05:00:00+00:00,distributed_committable,104,324_PV_1,324,true,false,0,0,0,0,0,0,0,0,1,1.0253312596028719,1.0253312596028719
5,2020-01-01T05:00:00+00:00,distributed_committable,105,312_PV_1,312,true,false,0,0,0,0,0,0,0,0,1,1.0111883381288447,1.0111883381288447
5,2020-01-01T05:00:00+00:00,distributed_committable,106,310_PV_2,310,true,false,0,0,0,0,0,0,0,0,1,1.049999999075097,1.049999999075097
5,2020-01-01T05:00:00+00:00,distributed_committable,107,324_PV_2,324,true,false,0,0,0,0,0,0,0,0,1,1.0253312596028719,1.0253312596028719
5,2020-01-01T05:00:00+00:00,distributed_committable,108,324_PV_3,324,true,false,0,0,0,0,0,0,0,0,1,1.0253312596028719,1.0253312596028719
5,2020-01-01T05:00:00+00:00,distributed_committable,109,113_PV_1,113,true,false,0,0,0,0,0,0,0,0,1,1.0129604544983577,1.0129604544983577
5,2020-01-01T05:00:00+00:00,distributed_committable,110,319_PV_1,319,true,false,0,0,0,0,0,0,0,0,1,1.0140742152823659,1.0140742152823659
5,2020-01-01T05:00:00+00:00,distributed_committable,111,215_PV_1,215,true,false,0,0,0,0,0,0,0,0,1.0437000000000001,1.0127238859115335,1.0127238859115335
5,2020-01-01T05:00:00+00:00,distributed_committable,112,102_PV_1,102,true,false,0,0,0,0,0,0,0,0,1.0467,1.0271541732098068,1.0271541732098068
5,2020-01-01T05:00:00+00:00,distributed_committable,113,101_PV_1,101,true,false,0,0,0,0,0,0,0,0,1.0468,1.027848305957977,1.027848305957977
5,2020-01-01T05:00:00+00:00,distributed_committable,114,102_PV_2,102,true,false,0,0,0,0,0,0,0,0,1.0467,1.0271541732098068,1.0271541732098068
5,2020-01-01T05:00:00+00:00,distributed_committable,115,104_PV_1,104,true,false,0,0,0,0,0,0,0,0,1,1.0180441573385817,1.0180441573385817
5,2020-01-01T05:00:00+00:00,distributed_committable,116,212_CSP_1,212,false,false,0,0,0,0,0,0,0,0,1,1,1.0102893701465834
5,2020-01-01T05:00:00+00:00,distributed_committable,117,101_PV_2,101,true,false,0,0,0,0,0,0,0,0,1.0468,1.027848305957977,1.027848305957977
5,2020-01-01T05:00:00+00:00,distributed_committable,118,101_PV_3,101,true,false,0,0,0,0,0,0,0,0,1.0468,1.027848305957977,1.027848305957977
5,2020-01-01T05:00:00+00:00,distributed_committable,119,101_PV_4,101,true,false,0,0,0,0,0,0,0,0,1.0468,1.027848305957977,1.027848305957977
5,2020-01-01T05:00:00+00:00,distributed_committable,120,103_PV_1,103,true,false,0,0,0,0,0,0,0,0,1,1.0259785568883144,1.0259785568883144
5,2020-01-01T05:00:00+00:00,distributed_committable,121,119_PV_1,119,true,false,0,0,0,0,0,0,0,0,1,1.0204958290179538,1.0204958290179538
5,2020-01-01T05:00:00+00:00,distributed_committable,122,308_RTPV_1,308,true,false,0,0,0,0,0,0,0,0,1,0.98201825599430381,0.98201825599430381
5,2020-01-01T05:00:00+00:00,distributed_committable,123,313_RTPV_1,313,true,false,0,0,0,0,0,0,0,0,1,1.0051590762081675,1.0051590762081675
5,2020-01-01T05:00:00+00:00,distributed_committable,124,313_RTPV_2,313,true,false,0,0,0,0,0,0,0,0,1,1.0051590762081675,1.0051590762081675
5,2020-01-01T05:00:00+00:00,distributed_committable,125,313_RTPV_3,313,true,false,0,0,0,0,0,0,0,0,1,1.0051590762081675,1.0051590762081675
5,2020-01-01T05:00:00+00:00,distributed_committable,126,313_RTPV_4,313,true,false,0,0,0,0,0,0,0,0,1,1.0051590762081675,1.0051590762081675
5,2020-01-01T05:00:00+00:00,distributed_committable,127,313_RTPV_5,313,true,false,0,0,0,0,0,0,0,0,1,1.0051590762081675,1.0051590762081675
5,2020-01-01T05:00:00+00:00,distributed_committable,128,313_RTPV_6,313,true,false,0,0,0,0,0,0,0,0,1,1.0051590762081675,1.0051590762081675
5,2020-01-01T05:00:00+00:00,distributed_committable,129,313_RTPV_7,313,true,false,0,0,0,0,0,0,0,0,1,1.0051590762081675,1.0051590762081675
5,2020-01-01T05:00:00+00:00,distributed_committable,130,313_RTPV_8,313,true,false,0,0,0,0,0,0,0,0,1,1.0051590762081675,1.0051590762081675
5,2020-01-01T05:00:00+00:00,distributed_committable,131,313_RTPV_9,313,true,false,0,0,0,0,0,0,0,0,1,1.0051590762081675,1.0051590762081675
5,2020-01-01T05:00:00+00:00,distributed_committable,132,313_RTPV_10,313,true,false,0,0,0,0,0,0,0,0,1,1.0051590762081675,1.0051590762081675
5,2020-01-01T05:00:00+00:00,distributed_committable,133,313_RTPV_11,313,true,false,0,0,0,0,0,0,0,0,1,1.0051590762081675,1.0051590762081675
5,2020-01-01T05:00:00+00:00,distributed_committable,134,313_RTPV_12,313,true,false,0,0,0,0,0,0,0,0,1,1.0051590762081675,1.0051590762081675
5,2020-01-01T05:00:00+00:00,distributed_committable,135,320_RTPV_1,320,true,false,0,0,0,0,0,0,0,0,1,1.0168767629613444,1.0168767629613444
5,2020-01-01T05:00:00+00:00,distributed_committable,136,320_RTPV_2,320,true,false,0,0,0,0,0,0,0,0,1,1.0168767629613444,1.0168767629613444
5,2020-01-01T05:00:00+00:00,distributed_committable,137,320_RTPV_3,320,true,false,0,0,0,0,0,0,0,0,1,1.0168767629613444,1.0168767629613444
5,2020-01-01T05:00:00+00:00,distributed_committable,138,313_RTPV_13,313,true,false,0,0,0,0,0,0,0,0,1,1.0051590762081675,1.0051590762081675
5,2020-01-01T05:00:00+00:00,distributed_committable,139,320_RTPV_4,320,true,false,0,0,0,0,0,0,0,0,1,1.0168767629613444,1.0168767629613444
5,2020-01-01T05:00:00+00:00,distributed_committable,140,320_RTPV_5,320,true,false,0,0,0,0,0,0,0,0,1,1.0168767629613444,1.0168767629613444
5,2020-01-01T05:00:00+00:00,distributed_committable,141,118_RTPV_1,118,true,false,0,0,0,0,0,0,0,0,1,1.0389088337688257,1.0389088337688257
5,2020-01-01T05:00:00+00:00,distributed_committable,142,118_RTPV_2,118,true,false,0,0,0,0,0,0,0,0,1,1.0389088337688257,1.0389088337688257
5,2020-01-01T05:00:00+00:00,distributed_committable,143,118_RTPV_3,118,true,false,0,0,0,0,0,0,0,0,1,1.0389088337688257,1.0389088337688257
5,2020-01-01T05:00:00+00:00,distributed_committable,144,118_RTPV_4,118,true,false,0,0,0,0,0,0,0,0,1,1.0389088337688257,1.0389088337688257
5,2020-01-01T05:00:00+00:00,distributed_committable,145,118_RTPV_5,118,true,false,0,0,0,0,0,0,0,0,1,1.0389088337688257,1.0389088337688257
5,2020-01-01T05:00:00+00:00,distributed_committable,146,118_RTPV_6,118,true,false,0,0,0,0,0,0,0,0,1,1.0389088337688257,1.0389088337688257
5,2020-01-01T05:00:00+00:00,distributed_committable,147,320_RTPV_6,320,true,false,0,0,0,0,0,0,0,0,1,1.0168767629613444,1.0168767629613444
5,2020-01-01T05:00:00+00:00,distributed_committable,148,118_RTPV_7,118,true,false,0,0,0,0,0,0,0,0,1,1.0389088337688257,1.0389088337688257
5,2020-01-01T05:00:00+00:00,distributed_committable,149,118_RTPV_8,118,true,false,0,0,0,0,0,0,0,0,1,1.0389088337688257,1.0389088337688257
5,2020-01-01T05:00:00+00:00,distributed_committable,150,118_RTPV_9,118,true,false,0,0,0,0,0,0,0,0,1,1.0389088337688257,1.0389088337688257
5,2020-01-01T05:00:00+00:00,distributed_committable,151,118_RTPV_10,118,true,false,0,0,0,0,0,0,0,0,1,1.0389088337688257,1.0389088337688257
5,2020-01-01T05:00:00+00:00,distributed_committable,152,213_RTPV_1,213,true,false,0,0,0,0,0,0,0,0,1,1.0085082733533919,1.0085082733533919
5,2020-01-01T05:00:00+00:00,distributed_committable,153,309_WIND_1,309,true,false,98.599999999999994,98.599999999999994,0,98.599999999999994,98.599999999999994,0,0,0,1,1.0193071259282076,1.0193071259282076
5,2020-01-01T05:00:00+00:00,distributed_committable,154,317_WIND_1,317,true,false,686.60824218000005,686.60824218000005,0,686.60824218000005,686.60824218000005,0,0,0,1,1.0287796641373295,1.0287796641373295
5,2020-01-01T05:00:00+00:00,distributed_committable,155,303_WIND_1,303,true,false,440.19999999999999,440.19999999999999,0,440.19999999999999,440.19999999999999,0,0,0,1,1.0449382612435258,1.0449382612435258
5,2020-01-01T05:00:00+00:00,distributed_committable,156,122_WIND_1,122,true,false,602.20000000000005,602.20000000000005,0,602.20000000000005,602.20000000000005,0,0,0,1.05,1.0499999984327562,1.0499999984327562
5,2020-01-01T05:00:00+00:00,distributed_committable,157,313_STORAGE_1,313,false,false,0,0,0,0,0,0,0,0,1,1,1.0051590762081675
6,2020-01-01T06:00:00+00:00,distributed_committable,0,101_CT_1,101,false,false,0,0,0,0,0,0,0,10,1.0468,1.0468,1.0333751302487306
6,2020-01-01T06:00:00+00:00,distributed_committable,1,101_CT_2,101,false,false,0,0,0,0,0,0,0,10,1.0468,1.0468,1.0333751302487306
6,2020-01-01T06:00:00+00:00,distributed_committable,2,101_STEAM_3,101,true,true,76,75.999999101718629,-8.9828137106451322e-07,30,76,-20.11026064915071,-25,30,1.0468,1.0333751302487306,1.0333751302487306
6,2020-01-01T06:00:00+00:00,distributed_committable,3,101_STEAM_4,101,true,true,76,75.999999101718629,-8.9828137106451322e-07,30,76,-20.11026064915071,-25,30,1.0468,1.0333751302487306,1.0333751302487306
6,2020-01-01T06:00:00+00:00,distributed_committable,4,102_CT_1,102,false,false,0,0,0,0,0,0,0,10,1.0467,1.0467,1.0334233899523038
6,2020-01-01T06:00:00+00:00,distributed_committable,5,102_CT_2,102,false,false,0,0,0,0,0,0,0,10,1.0467,1.0467,1.0334233899523038
6,2020-01-01T06:00:00+00:00,distributed_committable,6,102_STEAM_3,102,true,true,76,75.999999102007081,-8.9799291913550405e-07,30,76,-18.362447181964587,-25,30,1.0467,1.0334233899523038,1.0334233899523038
6,2020-01-01T06:00:00+00:00,distributed_committable,7,102_STEAM_4,102,true,true,76,75.999999102007081,-8.9799291913550405e-07,30,76,-18.362447181964587,-25,30,1.0467,1.0334233899523038,1.0334233899523038
6,2020-01-01T06:00:00+00:00,distributed_committable,8,107_CC_1,107,false,false,0,0,0,0,0,0,-25,150,1.05,1.05,0.98708951215016161
6,2020-01-01T06:00:00+00:00,distributed_committable,9,113_CT_1,113,false,false,0,0,0,0,0,0,-15,19,1.0347,1.0347,1.0137809129552817
6,2020-01-01T06:00:00+00:00,distributed_committable,10,113_CT_2,113,false,false,0,0,0,0,0,0,-15,19,1.0347,1.0347,1.0137809129552817
6,2020-01-01T06:00:00+00:00,distributed_committable,11,113_CT_3,113,false,false,0,0,0,0,0,0,-15,19,1.0347,1.0347,1.0137809129552817
6,2020-01-01T06:00:00+00:00,distributed_committable,12,113_CT_4,113,false,false,0,0,0,0,0,0,-15,19,1.0347,1.0347,1.0137809129552817
6,2020-01-01T06:00:00+00:00,distributed_committable,13,115_STEAM_1,115,false,false,0,0,0,0,0,0,0,6,1.0427999999999999,1.0427999999999999,1.0387918333618336
6,2020-01-01T06:00:00+00:00,distributed_committable,14,115_STEAM_2,115,false,false,0,0,0,0,0,0,0,6,1.0427999999999999,1.0427999999999999,1.0387918333618336
6,2020-01-01T06:00:00+00:00,distributed_committable,15,115_STEAM_3,115,true,true,124,135.7193128604288,11.719312860428801,62,155,79.998847293633474,-50,80,1.0427999999999999,1.0387918333618336,1.0387918333618336
6,2020-01-01T06:00:00+00:00,distributed_committable,16,116_STEAM_1,116,false,false,0,0,0,0,0,0,-50,80,1.0461,1.0461,1.0275452172228721
6,2020-01-01T06:00:00+00:00,distributed_committable,17,118_CC_1,118,false,false,0,0,0,0,0,0,-25,150,1.05,1.05,1.0394440435855921
6,2020-01-01T06:00:00+00:00,distributed_committable,18,123_STEAM_2,123,true,true,97.972385672000001,109.93037553832363,11.957989866323629,62,155,-20.437134931633359,-50,80,1.05,1.0256197073522448,1.0256197073522448
6,2020-01-01T06:00:00+00:00,distributed_committable,19,123_STEAM_3,123,true,true,280,291.95798976870481,11.957989768704806,140,350,7.7918075589730993,-25,150,1.05,1.0256197073522448,1.0256197073522448
6,2020-01-01T06:00:00+00:00,distributed_committable,20,123_CT_1,123,false,false,0,0,0,0,0,0,-15,19,1.05,1.05,1.0256197073522448
6,2020-01-01T06:00:00+00:00,distributed_committable,21,123_CT_4,123,false,false,0,0,0,0,0,0,-15,19,1.05,1.05,1.0256197073522448
6,2020-01-01T06:00:00+00:00,distributed_committable,22,123_CT_5,123,false,false,0,0,0,0,0,0,-15,19,1.05,1.05,1.0256197073522448
6,2020-01-01T06:00:00+00:00,distributed_committable,23,201_CT_1,201,false,false,0,0,0,0,0,0,0,10,1.05,1.05,1.0268817471799341
6,2020-01-01T06:00:00+00:00,distributed_committable,24,201_CT_2,201,false,false,0,0,0,0,0,0,0,10,1.05,1.05,1.0268817471799341
6,2020-01-01T06:00:00+00:00,distributed_committable,25,201_STEAM_3,201,false,false,0,0,0,0,0,0,-25,30,1.05,1.05,1.0268817471799341
6,2020-01-01T06:00:00+00:00,distributed_committable,26,202_CT_1,202,false,false,0,0,0,0,0,0,0,10,1.05,1.05,1.0267176482092852
6,2020-01-01T06:00:00+00:00,distributed_committable,27,202_CT_2,202,false,false,0,0,0,0,0,0,0,10,1.05,1.05,1.0267176482092852
6,2020-01-01T06:00:00+00:00,distributed_committable,28,202_STEAM_3,202,true,true,60.666666663999997,73.448532211615216,12.781865547615219,30,76,-23.270318624923352,-25,30,1.05,1.0267176482092852,1.0267176482092852
6,2020-01-01T06:00:00+00:00,distributed_committable,29,202_STEAM_4,202,true,true,60.666666663999997,73.448532211615216,12.781865547615219,30,76,-23.270318624923352,-25,30,1.05,1.0267176482092852,1.0267176482092852
6,2020-01-01T06:00:00+00:00,distributed_committable,30,207_CT_1,207,false,false,0,0,0,0,0,0,-15,19,0.96989999999999998,0.96989999999999998,0.96828635044103117
6,2020-01-01T06:00:00+00:00,distributed_committable,31,207_CT_2,207,false,false,0,0,0,0,0,0,-15,19,0.96989999999999998,0.96989999999999998,0.96828635044103117
6,2020-01-01T06:00:00+00:00,distributed_committable,32,213_CC_3,213,false,false,0,0,0,0,0,0,-25,150,1.05,1.05,1.0086271106244928
6,2020-01-01T06:00:00+00:00,distributed_committable,33,213_CT_1,213,false,false,0,0,0,0,0,0,-15,19,1.05,1.05,1.0086271106244928
6,2020-01-01T06:00:00+00:00,distributed_committable,34,213_CT_2,213,false,false,0,0,0,0,0,0,-15,19,1.05,1.05,1.0086271106244928
6,2020-01-01T06:00:00+00:00,distributed_committable,35,215_CT_4,215,false,false,0,0,0,0,0,0,-15,19,1.0437000000000001,1.0437000000000001,1.0143101196787077
6,2020-01-01T06:00:00+00:00,distributed_committable,36,215_CT_5,215,false,false,0,0,0,0,0,0,-15,19,1.0437000000000001,1.0437000000000001,1.0143101196787077
6,2020-01-01T06:00:00+00:00,distributed_committable,37,216_STEAM_1,216,true,true,124,136.5058792750709,12.505879275070896,62,155,34.023061470899719,-50,80,1.0472999999999999,1.0187876152525794,1.0187876152525794
6,2020-01-01T06:00:00+00:00,distributed_committable,38,218_CC_1,218,false,false,0,0,0,0,0,0,-25,150,1.05,1.05,1.0143152677999165
6,2020-01-01T06:00:00+00:00,distributed_committable,39,221_CC_1,221,false,false,0,0,0,0,0,0,-25,150,1.05,1.05,1.0167354976059457
6,2020-01-01T06:00:00+00:00,distributed_committable,40,223_STEAM_1,223,true,true,155,154.99999914813108,-8.5186891851662949e-07,62,155,-0.84141039143755469,-50,80,1.05,1.0356256693150467,1.0356256693150467
6,2020-01-01T06:00:00+00:00,distributed_committable,41,223_STEAM_2,223,true,true,155,154.99999914813108,-8.5186891851662949e-07,62,155,-0.84141039143755469,-50,80,1.05,1.0356256693150467,1.0356256693150467
6,2020-01-01T06:00:00+00:00,distributed_committable,42,223_STEAM_3,223,true,true,210,222.29061253580932,12.290612535809316,140,350,34.810206848704922,-25,150,1.05,1.0356256693150467,1.0356256693150467
6,2020-01-01T06:00:00+00:00,distributed_committable,43,223_CT_4,223,false,false,0,0,0,0,0,0,-15,19,1.05,1.05,1.0356256693150467
6,2020-01-01T06:00:00+00:00,distributed_committable,44,223_CT_5,223,false,false,0,0,0,0,0,0,-15,19,1.05,1.05,1.0356256693150467
6,2020-01-01T06:00:00+00:00,distributed_committable,45,223_CT_6,223,false,false,0,0,0,0,0,0,-15,19,1.05,1.05,1.0356256693150467
6,2020-01-01T06:00:00+00:00,distributed_committable,46,301_CT_1,301,true,true,8,19.9999890249488,11.9999890249488,8,20,4.5230754770353733e-05,0,10,1.05,1.0374609260884224,1.0374609260884224
6,2020-01-01T06:00:00+00:00,distributed_committable,47,301_CT_2,301,false,false,0,0,0,0,0,0,0,10,1.05,1.05,1.0374609260884224
6,2020-01-01T06:00:00+00:00,distributed_committable,48,301_CT_3,301,false,false,0,0,0,0,0,0,-15,19,1.05,1.05,1.0374609260884224
6,2020-01-01T06:00:00+00:00,distributed_committable,49,301_CT_4,301,false,false,0,0,0,0,0,0,-15,19,1.05,1.05,1.0374609260884224
6,2020-01-01T06:00:00+00:00,distributed_committable,50,302_CT_1,302,false,false,0,0,0,0,0,0,0,10,1.05,1.05,1.0374815035916605
6,2020-01-01T06:00:00+00:00,distributed_committable,51,302_CT_2,302,false,false,0,0,0,0,0,0,0,10,1.05,1.05,1.0374815035916605
6,2020-01-01T06:00:00+00:00,distributed_committable,52,302_CT_3,302,false,false,0,0,0,0,0,0,-15,19,1.05,1.05,1.0374815035916605
6,2020-01-01T06:00:00+00:00,distributed_committable,53,302_CT_4,302,false,false,0,0,0,0,0,0,-15,19,1.05,1.05,1.0374815035916605
6,2020-01-01T06:00:00+00:00,distributed_committable,54,307_CT_1,307,false,false,0,0,0,0,0,0,-15,19,0.95679999999999998,0.95679999999999998,0.95761106496118387
6,2020-01-01T06:00:00+00:00,distributed_committable,55,307_CT_2,307,false,false,0,0,0,0,0,0,-15,19,0.95679999999999998,0.95679999999999998,0.95761106496118387
6,2020-01-01T06:00:00+00:00,distributed_committable,56,313_CC_1,313,false,false,0,0,0,0,0,0,-25,150,1.0349999999999999,1.0349999999999999,1.0053807008258671
6,2020-01-01T06:00:00+00:00,distributed_committable,57,315_STEAM_1,315,false,false,0,0,0,0,0,0,0,6,1.0422,1.0422,1.0316748914584759
6,2020-01-01T06:00:00+00:00,distributed_committable,58,315_STEAM_2,315,false,false,0,0,0,0,0,0,0,6,1.0422,1.0422,1.0316748914584759
6,2020-01-01T06:00:00+00:00,distributed_committable,59,315_STEAM_3,315,false,false,0,0,0,0,0,0,0,6,1.0422,1.0422,1.0316748914584759
6,2020-01-01T06:00:00+00:00,distributed_committable,60,315_STEAM_4,315,false,false,0,0,0,0,0,0,0,6,1.0422,1.0422,1.0316748914584759
6,2020-01-01T06:00:00+00:00,distributed_committable,61,315_STEAM_5,315,false,false,0,0,0,0,0,0,0,6,1.0422,1.0422,1.0316748914584759
6,2020-01-01T06:00:00+00:00,distributed_committable,62,315_CT_6,315,false,false,0,0,0,0,0,0,-15,19,1.0422,1.0422,1.0316748914584759
6,2020-01-01T06:00:00+00:00,distributed_committable,63,315_CT_7,315,false,false,0,0,0,0,0,0,-15,19,1.0422,1.0422,1.0316748914584759
6,2020-01-01T06:00:00+00:00,distributed_committable,64,315_CT_8,315,false,false,0,0,0,0,0,0,0,60,1.0422,1.0422,1.0316748914584759
6,2020-01-01T06:00:00+00:00,distributed_committable,65,316_STEAM_1,316,true,true,124,136.21649425927183,12.216494259271826,62,155,76.267738570522368,-50,80,1.0448999999999999,1.0322433945759741,1.0322433945759741
6,2020-01-01T06:00:00+00:00,distributed_committable,66,318_CC_1,318,false,false,0,0,0,0,0,0,-25,150,1.05,1.05,1.0363676224419991
6,2020-01-01T06:00:00+00:00,distributed_committable,67,321_CC_1,321,false,false,0,0,0,0,0,0,-25,150,1.05,1.05,1.0371086594993015
6,2020-01-01T06:00:00+00:00,distributed_committable,68,322_CT_5,322,false,false,0,0,0,0,0,0,-15,19,1.05,1.05,1.0420521803902059
6,2020-01-01T06:00:00+00:00,distributed_committable,69,322_CT_6,322,false,false,0,0,0,0,0,0,-15,19,1.05,1.05,1.0420521803902059
6,2020-01-01T06:00:00+00:00,distributed_committable,70,323_CC_1,323,false,false,0,0,0,0,0,0,-25,150,1.05,1.05,1.0192606806690565
6,2020-01-01T06:00:00+00:00,distributed_committable,71,323_CC_2,323,false,false,0,0,0,0,0,0,-25,150,1.05,1.05,1.0192606806690565
6,2020-01-01T06:00:00+00:00,distributed_committable,72,114_SYNC_COND_1,114,true,false,0,0,0,0,0,-29.37869377298523,-50,200,1.0441,1.0029896896555632,1.0029896896555632
6,2020-01-01T06:00:00+00:00,distributed_committable,73,121_NUCLEAR_1,121,true,true,400,399.99999909259014,-9.0740985569937038e-07,396,400,176.05820745460576,-50,200,1.05,1.0499999404319837,1.0499999404319837
6,2020-01-01T06:00:00+00:00,distributed_committable,74,122_HYDRO_1,122,true,false,4.2000000000000002,4.2000000000000002,0,4.2000000000000002,4.2000000000000002,-2.0743727639400737,-10,16,1.05,1.0499999765874897,1.0499999765874897
6,2020-01-01T06:00:00+00:00,distributed_committable,75,122_HYDRO_2,122,true,false,4.2000000000000002,4.2000000000000002,0,4.2000000000000002,4.2000000000000002,-2.0743727639400737,-10,16,1.05,1.0499999765874897,1.0499999765874897
6,2020-01-01T06:00:00+00:00,distributed_committable,76,122_HYDRO_3,122,true,false,4.2000000000000002,4.2000000000000002,0,4.2000000000000002,4.2000000000000002,-2.0743727639400737,-10,16,1.05,1.0499999765874897,1.0499999765874897
6,2020-01-01T06:00:00+00:00,distributed_committable,77,122_HYDRO_4,122,true,false,4.2000000000000002,4.2000000000000002,0,4.2000000000000002,4.2000000000000002,-2.0743727639400737,-10,16,1.05,1.0499999765874897,1.0499999765874897
6,2020-01-01T06:00:00+00:00,distributed_committable,78,122_HYDRO_5,122,true,false,4.2000000000000002,4.2000000000000002,0,4.2000000000000002,4.2000000000000002,-2.0743727639400737,-10,16,1.05,1.0499999765874897,1.0499999765874897
6,2020-01-01T06:00:00+00:00,distributed_committable,79,122_HYDRO_6,122,true,false,4.2000000000000002,4.2000000000000002,0,4.2000000000000002,4.2000000000000002,-2.0743727639400737,-10,16,1.05,1.0499999765874897,1.0499999765874897
6,2020-01-01T06:00:00+00:00,distributed_committable,80,201_HYDRO_4,201,true,false,9.5,9.5,0,9.5,9.5,-9.9968549555721964,-10,16,1.05,1.0268817471799341,1.0268817471799341
6,2020-01-01T06:00:00+00:00,distributed_committable,81,214_SYNC_COND_1,214,true,false,0,0,0,0,0,-5.2273545380168542,-50,200,1.05,1.005932366513522,1.005932366513522
6,2020-01-01T06:00:00+00:00,distributed_committable,82,215_HYDRO_1,215,true,false,9.5,9.5,0,9.5,9.5,2.0087799570458285,-10,16,1.0437000000000001,1.0143101196787077,1.0143101196787077
6,2020-01-01T06:00:00+00:00,distributed_committable,83,215_HYDRO_2,215,true,false,9.5,9.5,0,9.5,9.5,2.0087799570458289,-10,16,1.0437000000000001,1.0143101196787077,1.0143101196787077
6,2020-01-01T06:00:00+00:00,distributed_committable,84,215_HYDRO_3,215,true,false,9.5,9.5,0,9.5,9.5,2.0087799570458285,-10,16,1.0437000000000001,1.0143101196787077,1.0143101196787077
6,2020-01-01T06:00:00+00:00,distributed_committable,85,222_HYDRO_1,222,true,false,9.5,9.5,0,9.5,9.5,-2.6168864279460062,-10,16,1.05,1.0212066170976339,1.0212066170976339
6,2020-01-01T06:00:00+00:00,distributed_committable,86,222_HYDRO_2,222,true,false,9.5,9.5,0,9.5,9.5,-2.6168864279460062,-10,16,1.05,1.0212066170976339,1.0212066170976339
6,2020-01-01T06:00:00+00:00,distributed_committable,87,222_HYDRO_3,222,true,false,9.5,9.5,0,9.5,9.5,-2.6168864279460062,-10,16,1.05,1.0212066170976339,1.0212066170976339
6,2020-01-01T06:00:00+00:00,distributed_committable,88,222_HYDRO_4,222,true,false,9.5,9.5,0,9.5,9.5,-2.6168864279460062,-10,16,1.05,1.0212066170976339,1.0212066170976339
6,2020-01-01T06:00:00+00:00,distributed_committable,89,222_HYDRO_5,222,true,false,9.5,9.5,0,9.5,9.5,-2.6168864279460062,-10,16,1.05,1.0212066170976339,1.0212066170976339
6,2020-01-01T06:00:00+00:00,distributed_committable,90,222_HYDRO_6,222,true,false,9.5,9.5,0,9.5,9.5,-2.6168864279460062,-10,16,1.05,1.0212066170976339,1.0212066170976339
6,2020-01-01T06:00:00+00:00,distributed_committable,91,314_SYNC_COND_1,314,true,false,0,0,0,0,0,-18.974863189449181,-50,200,1.05,1.0065808866874348,1.0065808866874348
6,2020-01-01T06:00:00+00:00,distributed_committable,92,322_HYDRO_1,322,true,false,7.5999999999999996,7.5999999999999996,0,7.5999999999999996,7.5999999999999996,-3.7905771016218046,-10,16,1.05,1.0420521803902059,1.0420521803902059
6,2020-01-01T06:00:00+00:00,distributed_committable,93,322_HYDRO_2,322,true,false,7.5999999999999996,7.5999999999999996,0,7.5999999999999996,7.5999999999999996,-3.7905771016218046,-10,16,1.05,1.0420521803902059,1.0420521803902059
6,2020-01-01T06:00:00+00:00,distributed_committable,94,322_HYDRO_3,322,true,false,7.5999999999999996,7.5999999999999996,0,7.5999999999999996,7.5999999999999996,-3.7905771016218046,-10,16,1.05,1.0420521803902059,1.0420521803902059
6,2020-01-01T06:00:00+00:00,distributed_committable,95,322_HYDRO_4,322,true,false,7.5999999999999996,7.5999999999999996,0,7.5999999999999996,7.5999999999999996,-3.7905771016218046,-10,16,1.05,1.0420521803902059,1.0420521803902059
6,2020-01-01T06:00:00+00:00,distributed_committable,96,320_PV_1,320,true,false,0,0,0,0,0,0,0,0,1,1.0203772921115524,1.0203772921115524
6,2020-01-01T06:00:00+00:00,distributed_committable,97,314_PV_1,314,true,false,0,0,0,0,0,0,0,0,1.05,1.0065808866874348,1.0065808866874348
6,2020-01-01T06:00:00+00:00,distributed_committable,98,314_PV_2,314,true,false,0,0,0,0,0,0,0,0,1.05,1.0065808866874348,1.0065808866874348
6,2020-01-01T06:00:00+00:00,distributed_committable,99,313_PV_1,313,true,false,0,0,0,0,0,0,0,0,1,1.0053807008258671,1.0053807008258671
6,2020-01-01T06:00:00+00:00,distributed_committable,100,314_PV_3,314,true,false,0,0,0,0,0,0,0,0,1.05,1.0065808866874348,1.0065808866874348
6,2020-01-01T06:00:00+00:00,distributed_committable,101,314_PV_4,314,true,false,0,0,0,0,0,0,0,0,1.05,1.0065808866874348,1.0065808866874348
6,2020-01-01T06:00:00+00:00,distributed_committable,102,313_PV_2,313,true,false,0,0,0,0,0,0,0,0,1,1.0053807008258671,1.0053807008258671
6,2020-01-01T06:00:00+00:00,distributed_committable,103,310_PV_1,310,true,false,0,0,0,0,0,0,0,0,1,1.0499999537860603,1.0499999537860603
6,2020-01-01T06:00:00+00:00,distributed_committable,104,324_PV_1,324,true,false,0,0,0,0,0,0,0,0,1,1.0350875727574387,1.0350875727574387
6,2020-01-01T06:00:00+00:00,distributed_committable,105,312_PV_1,312,true,false,0,0,0,0,0,0,0,0,1,1.0100037934931301,1.0100037934931301
6,2020-01-01T06:00:00+00:00,distributed_committable,106,310_PV_2,310,true,false,0,0,0,0,0,0,0,0,1,1.0499999537860603,1.0499999537860603
6,2020-01-01T06:00:00+00:00,distributed_committable,107,324_PV_2,324,true,false,0,0,0,0,0,0,0,0,1,1.0350875727574387,1.0350875727574387
6,2020-01-01T06:00:00+00:00,distributed_committable,108,324_PV_3,324,true,false,0,0,0,0,0,0,0,0,1,1.0350875727574387,1.0350875727574387
6,2020-01-01T06:00:00+00:00,distributed_committable,109,113_PV_1,113,true,false,0,0,0,0,0,0,0,0,1,1.0137809129552817,1.0137809129552817
6,2020-01-01T06:00:00+00:00,distributed_committable,110,319_PV_1,319,true,false,0,0,0,0,0,0,0,0,1,1.0238038736182591,1.0238038736182591
6,2020-01-01T06:00:00+00:00,distributed_committable,111,215_PV_1,215,true,false,0,0,0,0,0,0,0,0,1.0437000000000001,1.0143101196787077,1.0143101196787077
6,2020-01-01T06:00:00+00:00,distributed_committable,112,102_PV_1,102,true,false,0,0,0,0,0,0,0,0,1.0467,1.0334233899523038,1.0334233899523038
6,2020-01-01T06:00:00+00:00,distributed_committable,113,101_PV_1,101,true,false,0,0,0,0,0,0,0,0,1.0468,1.0333751302487306,1.0333751302487306
6,2020-01-01T06:00:00+00:00,distributed_committable,114,102_PV_2,102,true,false,0,0,0,0,0,0,0,0,1.0467,1.0334233899523038,1.0334233899523038
6,2020-01-01T06:00:00+00:00,distributed_committable,115,104_PV_1,104,true,false,0,0,0,0,0,0,0,0,1,1.0201918977323536,1.0201918977323536
6,2020-01-01T06:00:00+00:00,distributed_committable,116,212_CSP_1,212,false,false,0,0,0,0,0,0,0,0,1,1,1.0109793047977831
6,2020-01-01T06:00:00+00:00,distributed_committable,117,101_PV_2,101,true,false,0,0,0,0,0,0,0,0,1.0468,1.0333751302487306,1.0333751302487306
6,2020-01-01T06:00:00+00:00,distributed_committable,118,101_PV_3,101,true,false,0,0,0,0,0,0,0,0,1.0468,1.0333751302487306,1.0333751302487306
6,2020-01-01T06:00:00+00:00,distributed_committable,119,101_PV_4,101,true,false,0,0,0,0,0,0,0,0,1.0468,1.0333751302487306,1.0333751302487306
6,2020-01-01T06:00:00+00:00,distributed_committable,120,103_PV_1,103,true,false,0,0,0,0,0,0,0,0,1,1.0273070316645778,1.0273070316645778
6,2020-01-01T06:00:00+00:00,distributed_committable,121,119_PV_1,119,true,false,0,0,0,0,0,0,0,0,1,1.02355611128027,1.02355611128027
6,2020-01-01T06:00:00+00:00,distributed_committable,122,308_RTPV_1,308,true,false,0,0,0,0,0,0,0,0,1,0.97546361147037131,0.97546361147037131
6,2020-01-01T06:00:00+00:00,distributed_committable,123,313_RTPV_1,313,true,false,0,0,0,0,0,0,0,0,1,1.0053807008258671,1.0053807008258671
6,2020-01-01T06:00:00+00:00,distributed_committable,124,313_RTPV_2,313,true,false,0,0,0,0,0,0,0,0,1,1.0053807008258671,1.0053807008258671
6,2020-01-01T06:00:00+00:00,distributed_committable,125,313_RTPV_3,313,true,false,0,0,0,0,0,0,0,0,1,1.0053807008258671,1.0053807008258671
6,2020-01-01T06:00:00+00:00,distributed_committable,126,313_RTPV_4,313,true,false,0,0,0,0,0,0,0,0,1,1.0053807008258671,1.0053807008258671
6,2020-01-01T06:00:00+00:00,distributed_committable,127,313_RTPV_5,313,true,false,0,0,0,0,0,0,0,0,1,1.0053807008258671,1.0053807008258671
6,2020-01-01T06:00:00+00:00,distributed_committable,128,313_RTPV_6,313,true,false,0,0,0,0,0,0,0,0,1,1.0053807008258671,1.0053807008258671
6,2020-01-01T06:00:00+00:00,distributed_committable,129,313_RTPV_7,313,true,false,0,0,0,0,0,0,0,0,1,1.0053807008258671,1.0053807008258671
6,2020-01-01T06:00:00+00:00,distributed_committable,130,313_RTPV_8,313,true,false,0,0,0,0,0,0,0,0,1,1.0053807008258671,1.0053807008258671
6,2020-01-01T06:00:00+00:00,distributed_committable,131,313_RTPV_9,313,true,false,0,0,0,0,0,0,0,0,1,1.0053807008258671,1.0053807008258671
6,2020-01-01T06:00:00+00:00,distributed_committable,132,313_RTPV_10,313,true,false,0,0,0,0,0,0,0,0,1,1.0053807008258671,1.0053807008258671
6,2020-01-01T06:00:00+00:00,distributed_committable,133,313_RTPV_11,313,true,false,0,0,0,0,0,0,0,0,1,1.0053807008258671,1.0053807008258671
6,2020-01-01T06:00:00+00:00,distributed_committable,134,313_RTPV_12,313,true,false,0,0,0,0,0,0,0,0,1,1.0053807008258671,1.0053807008258671
6,2020-01-01T06:00:00+00:00,distributed_committable,135,320_RTPV_1,320,true,false,0,0,0,0,0,0,0,0,1,1.0203772921115524,1.0203772921115524
6,2020-01-01T06:00:00+00:00,distributed_committable,136,320_RTPV_2,320,true,false,0,0,0,0,0,0,0,0,1,1.0203772921115524,1.0203772921115524
6,2020-01-01T06:00:00+00:00,distributed_committable,137,320_RTPV_3,320,true,false,0,0,0,0,0,0,0,0,1,1.0203772921115524,1.0203772921115524
6,2020-01-01T06:00:00+00:00,distributed_committable,138,313_RTPV_13,313,true,false,0,0,0,0,0,0,0,0,1,1.0053807008258671,1.0053807008258671
6,2020-01-01T06:00:00+00:00,distributed_committable,139,320_RTPV_4,320,true,false,0,0,0,0,0,0,0,0,1,1.0203772921115524,1.0203772921115524
6,2020-01-01T06:00:00+00:00,distributed_committable,140,320_RTPV_5,320,true,false,0,0,0,0,0,0,0,0,1,1.0203772921115524,1.0203772921115524
6,2020-01-01T06:00:00+00:00,distributed_committable,141,118_RTPV_1,118,true,false,0,0,0,0,0,0,0,0,1,1.0394440435855921,1.0394440435855921
6,2020-01-01T06:00:00+00:00,distributed_committable,142,118_RTPV_2,118,true,false,0,0,0,0,0,0,0,0,1,1.0394440435855921,1.0394440435855921
6,2020-01-01T06:00:00+00:00,distributed_committable,143,118_RTPV_3,118,true,false,0,0,0,0,0,0,0,0,1,1.0394440435855921,1.0394440435855921
6,2020-01-01T06:00:00+00:00,distributed_committable,144,118_RTPV_4,118,true,false,0,0,0,0,0,0,0,0,1,1.0394440435855921,1.0394440435855921
6,2020-01-01T06:00:00+00:00,distributed_committable,145,118_RTPV_5,118,true,false,0,0,0,0,0,0,0,0,1,1.0394440435855921,1.0394440435855921
6,2020-01-01T06:00:00+00:00,distributed_committable,146,118_RTPV_6,118,true,false,0,0,0,0,0,0,0,0,1,1.0394440435855921,1.0394440435855921
6,2020-01-01T06:00:00+00:00,distributed_committable,147,320_RTPV_6,320,true,false,0,0,0,0,0,0,0,0,1,1.0203772921115524,1.0203772921115524
6,2020-01-01T06:00:00+00:00,distributed_committable,148,118_RTPV_7,118,true,false,0,0,0,0,0,0,0,0,1,1.0394440435855921,1.0394440435855921
6,2020-01-01T06:00:00+00:00,distributed_committable,149,118_RTPV_8,118,true,false,0,0,0,0,0,0,0,0,1,1.0394440435855921,1.0394440435855921
6,2020-01-01T06:00:00+00:00,distributed_committable,150,118_RTPV_9,118,true,false,0,0,0,0,0,0,0,0,1,1.0394440435855921,1.0394440435855921
6,2020-01-01T06:00:00+00:00,distributed_committable,151,118_RTPV_10,118,true,false,0,0,0,0,0,0,0,0,1,1.0394440435855921,1.0394440435855921
6,2020-01-01T06:00:00+00:00,distributed_committable,152,213_RTPV_1,213,true,false,0,0,0,0,0,0,0,0,1,1.0086271106244928,1.0086271106244928
6,2020-01-01T06:00:00+00:00,distributed_committable,153,309_WIND_1,309,true,false,62.200000000000003,62.200000000000003,0,62.200000000000003,62.200000000000003,0,0,0,1,1.0212592283773407,1.0212592283773407
6,2020-01-01T06:00:00+00:00,distributed_committable,154,317_WIND_1,317,true,false,655.29999999999995,655.29999999999995,0,655.29999999999995,655.29999999999995,0,0,0,1,1.0420158883364965,1.0420158883364965
6,2020-01-01T06:00:00+00:00,distributed_committable,155,303_WIND_1,303,true,false,377.30000000000001,377.30000000000001,0,377.30000000000001,377.30000000000001,0,0,0,1,1.0499999818141279,1.0499999818141279
6,2020-01-01T06:00:00+00:00,distributed_committable,156,122_WIND_1,122,true,false,599.79999999999995,599.79999999999995,0,599.79999999999995,599.79999999999995,0,0,0,1.05,1.0499999765874897,1.0499999765874897
6,2020-01-01T06:00:00+00:00,distributed_committable,157,313_STORAGE_1,313,false,false,0,0,0,0,0,0,0,0,1,1,1.0053807008258671
7,2020-01-01T07:00:00+00:00,distributed_committable,0,101_CT_1,101,false,false,0,0,0,0,0,0,0,10,1.0468,1.0468,1.0410202964746338
7,2020-01-01T07:00:00+00:00,distributed_committable,1,101_CT_2,101,false,false,0,0,0,0,0,0,0,10,1.0468,1.0468,1.0410202964746338
7,2020-01-01T07:00:00+00:00,distributed_committable,2,101_STEAM_3,101,true,true,76,75.999999795312547,-2.0468745276502887e-07,30,76,-19.553420030440375,-25,30,1.0468,1.0410202964746338,1.0410202964746338
7,2020-01-01T07:00:00+00:00,distributed_committable,3,101_STEAM_4,101,true,true,76,75.999999795312547,-2.0468745276502887e-07,30,76,-19.553420030440375,-25,30,1.0468,1.0410202964746338,1.0410202964746338
7,2020-01-01T07:00:00+00:00,distributed_committable,4,102_CT_1,102,false,false,0,0,0,0,0,0,0,10,1.0467,1.0467,1.040170554257841
7,2020-01-01T07:00:00+00:00,distributed_committable,5,102_CT_2,102,false,false,0,0,0,0,0,0,0,10,1.0467,1.0467,1.040170554257841
7,2020-01-01T07:00:00+00:00,distributed_committable,6,102_STEAM_3,102,true,true,45.333333328000002,52.510705542914238,7.1773722149142358,30,76,-17.819177616170084,-25,30,1.0467,1.040170554257841,1.040170554257841
7,2020-01-01T07:00:00+00:00,distributed_committable,7,102_STEAM_4,102,true,true,45.333333328000002,52.510705542914238,7.1773722149142358,30,76,-17.819177616170084,-25,30,1.0467,1.040170554257841,1.040170554257841
7,2020-01-01T07:00:00+00:00,distributed_committable,8,107_CC_1,107,false,false,0,0,0,0,0,0,-25,150,1.05,1.05,0.98682337735893133
7,2020-01-01T07:00:00+00:00,distributed_committable,9,113_CT_1,113,false,false,0,0,0,0,0,0,-15,19,1.0347,1.0347,1.0143538609744351
7,2020-01-01T07:00:00+00:00,distributed_committable,10,113_CT_2,113,false,false,0,0,0,0,0,0,-15,19,1.0347,1.0347,1.0143538609744351
7,2020-01-01T07:00:00+00:00,distributed_committable,11,113_CT_3,113,false,false,0,0,0,0,0,0,-15,19,1.0347,1.0347,1.0143538609744351
7,2020-01-01T07:00:00+00:00,distributed_committable,12,113_CT_4,113,false,false,0,0,0,0,0,0,-15,19,1.0347,1.0347,1.0143538609744351
7,2020-01-01T07:00:00+00:00,distributed_committable,13,115_STEAM_1,115,false,false,0,0,0,0,0,0,0,6,1.0427999999999999,1.0427999999999999,1.0369054556313571
7,2020-01-01T07:00:00+00:00,distributed_committable,14,115_STEAM_2,115,false,false,0,0,0,0,0,0,0,6,1.0427999999999999,1.0427999999999999,1.0369054556313571
7,2020-01-01T07:00:00+00:00,distributed_committable,15,115_STEAM_3,115,true,true,62,69.336920634966589,7.3369206349665888,62,155,79.999651933436994,-50,80,1.0427999999999999,1.0369054556313571,1.0369054556313571
7,2020-01-01T07:00:00+00:00,distributed_committable,16,116_STEAM_1,116,false,false,0,0,0,0,0,0,-50,80,1.0461,1.0461,1.0250421485425489
7,2020-01-01T07:00:00+00:00,distributed_committable,17,118_CC_1,118,false,false,0,0,0,0,0,0,-25,150,1.05,1.05,1.0388982701863636
7,2020-01-01T07:00:00+00:00,distributed_committable,18,123_STEAM_2,123,true,true,80.410739344000007,87.938118898540324,7.5273795545403175,62,155,-33.529861613175449,-50,80,1.05,1.0181923454233521,1.0181923454233521
7,2020-01-01T07:00:00+00:00,distributed_committable,19,123_STEAM_3,123,true,true,140,147.52737970741455,7.5273797074145534,140,350,-7.3787547226880568,-25,150,1.05,1.0181923454233521,1.0181923454233521
7,2020-01-01T07:00:00+00:00,distributed_committable,20,123_CT_1,123,false,false,0,0,0,0,0,0,-15,19,1.05,1.05,1.0181923454233521
7,2020-01-01T07:00:00+00:00,distributed_committable,21,123_CT_4,123,false,false,0,0,0,0,0,0,-15,19,1.05,1.05,1.0181923454233521
7,2020-01-01T07:00:00+00:00,distributed_committable,22,123_CT_5,123,false,false,0,0,0,0,0,0,-15,19,1.05,1.05,1.0181923454233521
7,2020-01-01T07:00:00+00:00,distributed_committable,23,201_CT_1,201,false,false,0,0,0,0,0,0,0,10,1.05,1.05,1.0217285816821011
7,2020-01-01T07:00:00+00:00,distributed_committable,24,201_CT_2,201,false,false,0,0,0,0,0,0,0,10,1.05,1.05,1.0217285816821011
7,2020-01-01T07:00:00+00:00,distributed_committable,25,201_STEAM_3,201,false,false,0,0,0,0,0,0,-25,30,1.05,1.05,1.0217285816821011
7,2020-01-01T07:00:00+00:00,distributed_committable,26,202_CT_1,202,false,false,0,0,0,0,0,0,0,10,1.05,1.05,1.0207991631963016
7,2020-01-01T07:00:00+00:00,distributed_committable,27,202_CT_2,202,false,false,0,0,0,0,0,0,0,10,1.05,1.05,1.0207991631963016
7,2020-01-01T07:00:00+00:00,distributed_committable,28,202_STEAM_3,202,true,true,30,38.197064747956638,8.1970647479566381,30,76,-20.842707934284057,-25,30,1.05,1.0207991631963016,1.0207991631963016
7,2020-01-01T07:00:00+00:00,distributed_committable,29,202_STEAM_4,202,true,true,30,38.197064747956638,8.1970647479566381,30,76,-20.842707934284057,-25,30,1.05,1.0207991631963016,1.0207991631963016
7,2020-01-01T07:00:00+00:00,distributed_committable,30,207_CT_1,207,false,false,0,0,0,0,0,0,-15,19,0.96989999999999998,0.96989999999999998,0.96898618239608525
7,2020-01-01T07:00:00+00:00,distributed_committable,31,207_CT_2,207,false,false,0,0,0,0,0,0,-15,19,0.96989999999999998,0.96989999999999998,0.96898618239608525
7,2020-01-01T07:00:00+00:00,distributed_committable,32,213_CC_3,213,false,false,0,0,0,0,0,0,-25,150,1.05,1.05,1.0088790440201718
7,2020-01-01T07:00:00+00:00,distributed_committable,33,213_CT_1,213,false,false,0,0,0,0,0,0,-15,19,1.05,1.05,1.0088790440201718
7,2020-01-01T07:00:00+00:00,distributed_committable,34,213_CT_2,213,false,false,0,0,0,0,0,0,-15,19,1.05,1.05,1.0088790440201718
7,2020-01-01T07:00:00+00:00,distributed_committable,35,215_CT_4,215,false,false,0,0,0,0,0,0,-15,19,1.0437000000000001,1.0437000000000001,1.0167087865500199
7,2020-01-01T07:00:00+00:00,distributed_committable,36,215_CT_5,215,false,false,0,0,0,0,0,0,-15,19,1.0437000000000001,1.0437000000000001,1.0167087865500199
7,2020-01-01T07:00:00+00:00,distributed_committable,37,216_STEAM_1,216,true,true,93,100.83821696275072,7.838216962750721,62,155,28.107169011080135,-50,80,1.0472999999999999,1.0200162715766321,1.0200162715766321
7,2020-01-01T07:00:00+00:00,distributed_committable,38,218_CC_1,218,false,false,0,0,0,0,0,0,-25,150,1.05,1.05,1.0162820585944614
7,2020-01-01T07:00:00+00:00,distributed_committable,39,221_CC_1,221,false,false,0,0,0,0,0,0,-25,150,1.05,1.05,1.0190662333928855
7,2020-01-01T07:00:00+00:00,distributed_committable,40,223_STEAM_1,223,true,true,93,100.7494488451711,7.7494488451711021,62,155,4.6610067333150651,-50,80,1.05,1.0343402438897531,1.0343402438897531
7,2020-01-01T07:00:00+00:00,distributed_committable,41,223_STEAM_2,223,true,true,93,100.7494488451711,7.7494488451711021,62,155,4.6610067333150651,-50,80,1.05,1.0343402438897531,1.0343402438897531
7,2020-01-01T07:00:00+00:00,distributed_committable,42,223_STEAM_3,223,true,true,210,217.74944884213107,7.7494488421310734,140,350,44.360520644510608,-25,150,1.05,1.0343402438897531,1.0343402438897531
7,2020-01-01T07:00:00+00:00,distributed_committable,43,223_CT_4,223,false,false,0,0,0,0,0,0,-15,19,1.05,1.05,1.0343402438897531
7,2020-01-01T07:00:00+00:00,distributed_committable,44,223_CT_5,223,false,false,0,0,0,0,0,0,-15,19,1.05,1.05,1.0343402438897531
7,2020-01-01T07:00:00+00:00,distributed_committable,45,223_CT_6,223,false,false,0,0,0,0,0,0,-15,19,1.05,1.05,1.0343402438897531
7,2020-01-01T07:00:00+00:00,distributed_committable,46,301_CT_1,301,false,false,0,0,0,0,0,0,0,10,1.05,1.05,1.0328836574835365
7,2020-01-01T07:00:00+00:00,distributed_committable,47,301_CT_2,301,false,false,0,0,0,0,0,0,0,10,1.05,1.05,1.0328836574835365
7,2020-01-01T07:00:00+00:00,distributed_committable,48,301_CT_3,301,false,false,0,0,0,0,0,0,-15,19,1.05,1.05,1.0328836574835365
7,2020-01-01T07:00:00+00:00,distributed_committable,49,301_CT_4,301,false,false,0,0,0,0,0,0,-15,19,1.05,1.05,1.0328836574835365
7,2020-01-01T07:00:00+00:00,distributed_committable,50,302_CT_1,302,false,false,0,0,0,0,0,0,0,10,1.05,1.05,1.0330336936097848
7,2020-01-01T07:00:00+00:00,distributed_committable,51,302_CT_2,302,false,false,0,0,0,0,0,0,0,10,1.05,1.05,1.0330336936097848
7,2020-01-01T07:00:00+00:00,distributed_committable,52,302_CT_3,302,false,false,0,0,0,0,0,0,-15,19,1.05,1.05,1.0330336936097848
7,2020-01-01T07:00:00+00:00,distributed_committable,53,302_CT_4,302,false,false,0,0,0,0,0,0,-15,19,1.05,1.05,1.0330336936097848
7,2020-01-01T07:00:00+00:00,distributed_committable,54,307_CT_1,307,false,false,0,0,0,0,0,0,-15,19,0.95679999999999998,0.95679999999999998,0.95711229252317886
7,2020-01-01T07:00:00+00:00,distributed_committable,55,307_CT_2,307,false,false,0,0,0,0,0,0,-15,19,0.95679999999999998,0.95679999999999998,0.95711229252317886
7,2020-01-01T07:00:00+00:00,distributed_committable,56,313_CC_1,313,false,false,0,0,0,0,0,0,-25,150,1.0349999999999999,1.0349999999999999,1.0096782585332156
7,2020-01-01T07:00:00+00:00,distributed_committable,57,315_STEAM_1,315,false,false,0,0,0,0,0,0,0,6,1.0422,1.0422,1.0189368235988827
7,2020-01-01T07:00:00+00:00,distributed_committable,58,315_STEAM_2,315,false,false,0,0,0,0,0,0,0,6,1.0422,1.0422,1.0189368235988827
7,2020-01-01T07:00:00+00:00,distributed_committable,59,315_STEAM_3,315,false,false,0,0,0,0,0,0,0,6,1.0422,1.0422,1.0189368235988827
7,2020-01-01T07:00:00+00:00,distributed_committable,60,315_STEAM_4,315,false,false,0,0,0,0,0,0,0,6,1.0422,1.0422,1.0189368235988827
7,2020-01-01T07:00:00+00:00,distributed_committable,61,315_STEAM_5,315,false,false,0,0,0,0,0,0,0,6,1.0422,1.0422,1.0189368235988827
7,2020-01-01T07:00:00+00:00,distributed_committable,62,315_CT_6,315,false,false,0,0,0,0,0,0,-15,19,1.0422,1.0422,1.0189368235988827
7,2020-01-01T07:00:00+00:00,distributed_committable,63,315_CT_7,315,false,false,0,0,0,0,0,0,-15,19,1.0422,1.0422,1.0189368235988827
7,2020-01-01T07:00:00+00:00,distributed_committable,64,315_CT_8,315,false,false,0,0,0,0,0,0,0,60,1.0422,1.0422,1.0189368235988827
7,2020-01-01T07:00:00+00:00,distributed_committable,65,316_STEAM_1,316,true,true,62,69.513646080218905,7.5136460802189049,62,155,21.819977596310792,-50,80,1.0448999999999999,1.0192115834115623,1.0192115834115623
7,2020-01-01T07:00:00+00:00,distributed_committable,66,318_CC_1,318,false,false,0,0,0,0,0,0,-25,150,1.05,1.05,1.0246334684234133
7,2020-01-01T07:00:00+00:00,distributed_committable,67,321_CC_1,321,false,false,0,0,0,0,0,0,-25,150,1.05,1.05,1.0256945551966505
7,2020-01-01T07:00:00+00:00,distributed_committable,68,322_CT_5,322,false,false,0,0,0,0,0,0,-15,19,1.05,1.05,1.036455572614722
7,2020-01-01T07:00:00+00:00,distributed_committable,69,322_CT_6,322,false,false,0,0,0,0,0,0,-15,19,1.05,1.05,1.036455572614722
7,2020-01-01T07:00:00+00:00,distributed_committable,70,323_CC_1,323,false,false,0,0,0,0,0,0,-25,150,1.05,1.05,1.0229063378406984
7,2020-01-01T07:00:00+00:00,distributed_committable,71,323_CC_2,323,false,false,0,0,0,0,0,0,-25,150,1.05,1.05,1.0229063378406984
7,2020-01-01T07:00:00+00:00,distributed_committable,72,114_SYNC_COND_1,114,true,false,0,0,0,0,0,-46.299342121594798,-50,200,1.0441,0.99792325083173972,0.99792325083173972
7,2020-01-01T07:00:00+00:00,distributed_committable,73,121_NUCLEAR_1,121,true,true,400,399.99999979667444,-2.0332555550339748e-07,396,400,138.55667256296096,-50,200,1.05,1.0490638627868074,1.0490638627868074
7,2020-01-01T07:00:00+00:00,distributed_committable,74,122_HYDRO_1,122,true,false,3.7999999999999998,3.7999999999999998,0,3.7999999999999998,3.7999999999999998,-2.9729419680664262,-10,16,1.05,1.0499999933457453,1.0499999933457453
7,2020-01-01T07:00:00+00:00,distributed_committable,75,122_HYDRO_2,122,true,false,3.7999999999999998,3.7999999999999998,0,3.7999999999999998,3.7999999999999998,-2.9729419680664262,-10,16,1.05,1.0499999933457453,1.0499999933457453
7,2020-01-01T07:00:00+00:00,distributed_committable,76,122_HYDRO_3,122,true,false,3.7999999999999998,3.7999999999999998,0,3.7999999999999998,3.7999999999999998,-2.9729419680664262,-10,16,1.05,1.0499999933457453,1.0499999933457453
7,2020-01-01T07:00:00+00:00,distributed_committable,77,122_HYDRO_4,122,true,false,3.7999999999999998,3.7999999999999998,0,3.7999999999999998,3.7999999999999998,-2.9729419680664262,-10,16,1.05,1.0499999933457453,1.0499999933457453
7,2020-01-01T07:00:00+00:00,distributed_committable,78,122_HYDRO_5,122,true,false,3.7999999999999998,3.7999999999999998,0,3.7999999999999998,3.7999999999999998,-2.9729419680664262,-10,16,1.05,1.0499999933457453,1.0499999933457453
7,2020-01-01T07:00:00+00:00,distributed_committable,79,122_HYDRO_6,122,true,false,3.7999999999999998,3.7999999999999998,0,3.7999999999999998,3.7999999999999998,-2.9729419680664262,-10,16,1.05,1.0499999933457453,1.0499999933457453
7,2020-01-01T07:00:00+00:00,distributed_committable,80,201_HYDRO_4,201,true,false,18.899999999999999,18.899999999999999,0,18.899999999999999,18.899999999999999,-9.9997529953893149,-10,16,1.05,1.0217285816821011,1.0217285816821011
7,2020-01-01T07:00:00+00:00,distributed_committable,81,214_SYNC_COND_1,214,true,false,0,0,0,0,0,13.942883100106387,-50,200,1.05,1.0115962138020966,1.0115962138020966
7,2020-01-01T07:00:00+00:00,distributed_committable,82,215_HYDRO_1,215,true,false,18.899999999999999,18.899999999999999,0,18.899999999999999,18.899999999999999,3.2917531457848517,-10,16,1.0437000000000001,1.0167087865500199,1.0167087865500199
7,2020-01-01T07:00:00+00:00,distributed_committable,83,215_HYDRO_2,215,true,false,18.899999999999999,18.899999999999999,0,18.899999999999999,18.899999999999999,3.2917531457848517,-10,16,1.0437000000000001,1.0167087865500199,1.0167087865500199
7,2020-01-01T07:00:00+00:00,distributed_committable,84,215_HYDRO_3,215,true,false,18.899999999999999,18.899999999999999,0,18.899999999999999,18.899999999999999,3.2917531457848517,-10,16,1.0437000000000001,1.0167087865500199,1.0167087865500199
7,2020-01-01T07:00:00+00:00,distributed_committable,85,222_HYDRO_1,222,true,false,18.899999999999999,18.899999999999999,0,18.899999999999999,18.899999999999999,-2.2586036520335506,-10,16,1.05,1.0263472259178452,1.0263472259178452
7,2020-01-01T07:00:00+00:00,distributed_committable,86,222_HYDRO_2,222,true,false,18.899999999999999,18.899999999999999,0,18.899999999999999,18.899999999999999,-2.2586036520335506,-10,16,1.05,1.0263472259178452,1.0263472259178452
7,2020-01-01T07:00:00+00:00,distributed_committable,87,222_HYDRO_3,222,true,false,18.899999999999999,18.899999999999999,0,18.899999999999999,18.899999999999999,-2.2586036520335506,-10,16,1.05,1.0263472259178452,1.0263472259178452
7,2020-01-01T07:00:00+00:00,distributed_committable,88,222_HYDRO_4,222,true,false,18.899999999999999,18.899999999999999,0,18.899999999999999,18.899999999999999,-2.2586036520335506,-10,16,1.05,1.0263472259178452,1.0263472259178452
7,2020-01-01T07:00:00+00:00,distributed_committable,89,222_HYDRO_5,222,true,false,18.899999999999999,18.899999999999999,0,18.899999999999999,18.899999999999999,-2.2586036520335506,-10,16,1.05,1.0263472259178452,1.0263472259178452
7,2020-01-01T07:00:00+00:00,distributed_committable,90,222_HYDRO_6,222,true,false,18.899999999999999,18.899999999999999,0,18.899999999999999,18.899999999999999,-2.2586036520335506,-10,16,1.05,1.0263472259178452,1.0263472259178452
7,2020-01-01T07:00:00+00:00,distributed_committable,91,314_SYNC_COND_1,314,true,false,0,0,0,0,0,-49.999924412671461,-50,200,1.05,0.99450029664012241,0.99450029664012241
7,2020-01-01T07:00:00+00:00,distributed_committable,92,322_HYDRO_1,322,true,false,19.199999999999999,19.199999999999999,0,19.199999999999999,19.199999999999999,-1.3029840598336631,-10,16,1.05,1.036455572614722,1.036455572614722
7,2020-01-01T07:00:00+00:00,distributed_committable,93,322_HYDRO_2,322,true,false,19.199999999999999,19.199999999999999,0,19.199999999999999,19.199999999999999,-1.3029840598336631,-10,16,1.05,1.036455572614722,1.036455572614722
7,2020-01-01T07:00:00+00:00,distributed_committable,94,322_HYDRO_3,322,true,false,19.199999999999999,19.199999999999999,0,19.199999999999999,19.199999999999999,-1.3029840598336631,-10,16,1.05,1.036455572614722,1.036455572614722
7,2020-01-01T07:00:00+00:00,distributed_committable,95,322_HYDRO_4,322,true,false,19.199999999999999,19.199999999999999,0,19.199999999999999,19.199999999999999,-1.3029840598336631,-10,16,1.05,1.036455572614722,1.036455572614722
7,2020-01-01T07:00:00+00:00,distributed_committable,96,320_PV_1,320,true,false,23.899999999999999,23.899999999999999,0,23.899999999999999,23.899999999999999,0,0,0,1,1.0215793228504129,1.0215793228504129
7,2020-01-01T07:00:00+00:00,distributed_committable,97,314_PV_1,314,true,false,23.699999999999999,23.699999999999999,0,23.699999999999999,23.699999999999999,0,0,0,1.05,0.99450029664012241,0.99450029664012241
7,2020-01-01T07:00:00+00:00,distributed_committable,98,314_PV_2,314,true,false,23.300000000000001,23.300000000000001,0,23.300000000000001,23.300000000000001,0,0,0,1.05,0.99450029664012241,0.99450029664012241
7,2020-01-01T07:00:00+00:00,distributed_committable,99,313_PV_1,313,true,false,31.100000000000001,31.100000000000001,0,31.100000000000001,31.100000000000001,0,0,0,1,1.0096782585332156,1.0096782585332156
7,2020-01-01T07:00:00+00:00,distributed_committable,100,314_PV_3,314,true,false,31.899999999999999,31.900000000000002,3.5527136788005009e-15,31.899999999999999,31.899999999999999,0,0,0,1.05,0.99450029664012241,0.99450029664012241
7,2020-01-01T07:00:00+00:00,distributed_committable,101,314_PV_4,314,true,false,23.199999999999999,23.199999999999999,0,23.199999999999999,23.199999999999999,0,0,0,1.05,0.99450029664012241,0.99450029664012241
7,2020-01-01T07:00:00+00:00,distributed_committable,102,313_PV_2,313,true,false,31.100000000000001,31.100000000000001,0,31.100000000000001,31.100000000000001,0,0,0,1,1.0096782585332156,1.0096782585332156
7,2020-01-01T07:00:00+00:00,distributed_committable,103,310_PV_1,310,true,false,19.100000000000001,19.100000000000001,0,19.100000000000001,19.100000000000001,0,0,0,1,1.049999995719664,1.049999995719664
7,2020-01-01T07:00:00+00:00,distributed_committable,104,324_PV_1,324,true,false,22.399999999999999,22.399999999999999,0,22.399999999999999,22.399999999999999,0,0,0,1,1.0220106006087148,1.0220106006087148
7,2020-01-01T07:00:00+00:00,distributed_committable,105,312_PV_1,312,true,false,26.100000000000001,26.100000000000001,0,26.100000000000001,26.100000000000001,0,0,0,1,1.0120266274220362,1.0120266274220362
7,2020-01-01T07:00:00+00:00,distributed_committable,106,310_PV_2,310,true,false,19.100000000000001,19.100000000000001,0,19.100000000000001,19.100000000000001,0,0,0,1,1.049999995719664,1.049999995719664
7,2020-01-01T07:00:00+00:00,distributed_committable,107,324_PV_2,324,true,false,18.199999999999999,18.199999999999999,0,18.199999999999999,18.199999999999999,0,0,0,1,1.0220106006087148,1.0220106006087148
7,2020-01-01T07:00:00+00:00,distributed_committable,108,324_PV_3,324,true,false,18.199999999999999,18.199999999999999,0,18.199999999999999,18.199999999999999,0,0,0,1,1.0220106006087148,1.0220106006087148
7,2020-01-01T07:00:00+00:00,distributed_committable,109,113_PV_1,113,true,false,49.700000000000003,49.700000000000003,0,49.700000000000003,49.700000000000003,0,0,0,1,1.0143538609744351,1.0143538609744351
7,2020-01-01T07:00:00+00:00,distributed_committable,110,319_PV_1,319,true,false,89.599999999999994,89.599999999999994,0,89.599999999999994,89.599999999999994,0,0,0,1,1.0196016610410166,1.0196016610410166
7,2020-01-01T07:00:00+00:00,distributed_committable,111,215_PV_1,215,true,false,63.799999999999997,63.800000000000004,7.1054273576010019e-15,63.799999999999997,63.799999999999997,0,0,0,1.0437000000000001,1.0167087865500199,1.0167087865500199
7,2020-01-01T07:00:00+00:00,distributed_committable,112,102_PV_1,102,true,false,15.300000000000001,15.299999999999999,-1.7763568394002505e-15,15.300000000000001,15.300000000000001,0,0,0,1.0467,1.040170554257841,1.040170554257841
7,2020-01-01T07:00:00+00:00,distributed_committable,113,101_PV_1,101,true,false,14.800000000000001,14.800000000000002,1.7763568394002505e-15,14.800000000000001,14.800000000000001,0,0,0,1.0468,1.0410202964746338,1.0410202964746338
7,2020-01-01T07:00:00+00:00,distributed_committable,114,102_PV_2,102,true,false,15,15,0,15,15,0,0,0,1.0467,1.040170554257841,1.040170554257841
7,2020-01-01T07:00:00+00:00,distributed_committable,115,104_PV_1,104,true,false,14.9,14.899999999999999,-1.7763568394002505e-15,14.9,14.9,0,0,0,1,1.0253089385378802,1.0253089385378802
7,2020-01-01T07:00:00+00:00,distributed_committable,116,212_CSP_1,212,false,false,0,0,0,0,0,0,0,0,1,1,1.0104325221751105
7,2020-01-01T07:00:00+00:00,distributed_committable,117,101_PV_2,101,true,false,15.199999999999999,15.199999999999999,0,15.199999999999999,15.199999999999999,0,0,0,1.0468,1.0410202964746338,1.0410202964746338
7,2020-01-01T07:00:00+00:00,distributed_committable,118,101_PV_3,101,true,false,15.300000000000001,15.299999999999999,-1.7763568394002505e-15,15.300000000000001,15.300000000000001,0,0,0,1.0468,1.0410202964746338,1.0410202964746338
7,2020-01-01T07:00:00+00:00,distributed_committable,119,101_PV_4,101,true,false,14.4,14.400000000000002,1.7763568394002505e-15,14.4,14.4,0,0,0,1.0468,1.0410202964746338,1.0410202964746338
7,2020-01-01T07:00:00+00:00,distributed_committable,120,103_PV_1,103,true,false,14.9,14.899999999999999,-1.7763568394002505e-15,14.9,14.9,0,0,0,1,1.030017981086256,1.030017981086256
7,2020-01-01T07:00:00+00:00,distributed_committable,121,119_PV_1,119,true,false,13.6,13.600000000000001,1.7763568394002505e-15,13.6,13.6,0,0,0,1,1.0189842578139541,1.0189842578139541
7,2020-01-01T07:00:00+00:00,distributed_committable,122,308_RTPV_1,308,true,false,13.300000000000001,13.300000000000001,0,13.300000000000001,13.300000000000001,0,0,0,1,0.97626303138442838,0.97626303138442838
7,2020-01-01T07:00:00+00:00,distributed_committable,123,313_RTPV_1,313,true,false,13.4,13.4,0,13.4,13.4,0,0,0,1,1.0096782585332156,1.0096782585332156
7,2020-01-01T07:00:00+00:00,distributed_committable,124,313_RTPV_2,313,true,false,9.5999999999999996,9.5999999999999996,0,9.5999999999999996,9.5999999999999996,0,0,0,1,1.0096782585332156,1.0096782585332156
7,2020-01-01T07:00:00+00:00,distributed_committable,125,313_RTPV_3,313,true,false,8.0999999999999996,8.0999999999999996,0,8.0999999999999996,8.0999999999999996,0,0,0,1,1.0096782585332156,1.0096782585332156
7,2020-01-01T07:00:00+00:00,distributed_committable,126,313_RTPV_4,313,true,false,8.6999999999999993,8.6999999999999993,0,8.6999999999999993,8.6999999999999993,0,0,0,1,1.0096782585332156,1.0096782585332156
7,2020-01-01T07:00:00+00:00,distributed_committable,127,313_RTPV_5,313,true,false,9.1999999999999993,9.1999999999999993,0,9.1999999999999993,9.1999999999999993,0,0,0,1,1.0096782585332156,1.0096782585332156
7,2020-01-01T07:00:00+00:00,distributed_committable,128,313_RTPV_6,313,true,false,9.0999999999999996,9.0999999999999996,0,9.0999999999999996,9.0999999999999996,0,0,0,1,1.0096782585332156,1.0096782585332156
7,2020-01-01T07:00:00+00:00,distributed_committable,129,313_RTPV_7,313,true,false,9.5999999999999996,9.5999999999999996,0,9.5999999999999996,9.5999999999999996,0,0,0,1,1.0096782585332156,1.0096782585332156
7,2020-01-01T07:00:00+00:00,distributed_committable,130,313_RTPV_8,313,true,false,8.8000000000000007,8.8000000000000007,0,8.8000000000000007,8.8000000000000007,0,0,0,1,1.0096782585332156,1.0096782585332156
7,2020-01-01T07:00:00+00:00,distributed_committable,131,313_RTPV_9,313,true,false,9.5999999999999996,9.5999999999999996,0,9.5999999999999996,9.5999999999999996,0,0,0,1,1.0096782585332156,1.0096782585332156
7,2020-01-01T07:00:00+00:00,distributed_committable,132,313_RTPV_10,313,true,false,9.6999999999999993,9.6999999999999993,0,9.6999999999999993,9.6999999999999993,0,0,0,1,1.0096782585332156,1.0096782585332156
7,2020-01-01T07:00:00+00:00,distributed_committable,133,313_RTPV_11,313,true,false,10,10,0,10,10,0,0,0,1,1.0096782585332156,1.0096782585332156
7,2020-01-01T07:00:00+00:00,distributed_committable,134,313_RTPV_12,313,true,false,4.2999999999999998,4.2999999999999998,0,4.2999999999999998,4.2999999999999998,0,0,0,1,1.0096782585332156,1.0096782585332156
7,2020-01-01T07:00:00+00:00,distributed_committable,135,320_RTPV_1,320,true,false,4.2999999999999998,4.2999999999999998,0,4.2999999999999998,4.2999999999999998,0,0,0,1,1.0215793228504129,1.0215793228504129
7,2020-01-01T07:00:00+00:00,distributed_committable,136,320_RTPV_2,320,true,false,4.2999999999999998,4.2999999999999998,0,4.2999999999999998,4.2999999999999998,0,0,0,1,1.0215793228504129,1.0215793228504129
7,2020-01-01T07:00:00+00:00,distributed_committable,137,320_RTPV_3,320,true,false,4.5,4.5,0,4.5,4.5,0,0,0,1,1.0215793228504129,1.0215793228504129
7,2020-01-01T07:00:00+00:00,distributed_committable,138,313_RTPV_13,313,true,false,4.5,4.5,0,4.5,4.5,0,0,0,1,1.0096782585332156,1.0096782585332156
7,2020-01-01T07:00:00+00:00,distributed_committable,139,320_RTPV_4,320,true,false,4,4,0,4,4,0,0,0,1,1.0215793228504129,1.0215793228504129
7,2020-01-01T07:00:00+00:00,distributed_committable,140,320_RTPV_5,320,true,false,4.5999999999999996,4.5999999999999996,0,4.5999999999999996,4.5999999999999996,0,0,0,1,1.0215793228504129,1.0215793228504129
7,2020-01-01T07:00:00+00:00,distributed_committable,141,118_RTPV_1,118,true,false,1.6000000000000001,1.6000000000000001,0,1.6000000000000001,1.6000000000000001,0,0,0,1,1.0388982701863636,1.0388982701863636
7,2020-01-01T07:00:00+00:00,distributed_committable,142,118_RTPV_2,118,true,false,1.6000000000000001,1.6000000000000001,0,1.6000000000000001,1.6000000000000001,0,0,0,1,1.0388982701863636,1.0388982701863636
7,2020-01-01T07:00:00+00:00,distributed_committable,143,118_RTPV_3,118,true,false,1.7,1.7000000000000002,2.2204460492503131e-16,1.7,1.7,0,0,0,1,1.0388982701863636,1.0388982701863636
7,2020-01-01T07:00:00+00:00,distributed_committable,144,118_RTPV_4,118,true,false,1.6000000000000001,1.6000000000000001,0,1.6000000000000001,1.6000000000000001,0,0,0,1,1.0388982701863636,1.0388982701863636
7,2020-01-01T07:00:00+00:00,distributed_committable,145,118_RTPV_5,118,true,false,1.6000000000000001,1.6000000000000001,0,1.6000000000000001,1.6000000000000001,0,0,0,1,1.0388982701863636,1.0388982701863636
7,2020-01-01T07:00:00+00:00,distributed_committable,146,118_RTPV_6,118,true,false,1.5,1.5,0,1.5,1.5,0,0,0,1,1.0388982701863636,1.0388982701863636
7,2020-01-01T07:00:00+00:00,distributed_committable,147,320_RTPV_6,320,true,false,1.6000000000000001,1.6000000000000001,0,1.6000000000000001,1.6000000000000001,0,0,0,1,1.0215793228504129,1.0215793228504129
7,2020-01-01T07:00:00+00:00,distributed_committable,148,118_RTPV_7,118,true,false,1.8,1.8000000000000003,2.2204460492503131e-16,1.8,1.8,0,0,0,1,1.0388982701863636,1.0388982701863636
7,2020-01-01T07:00:00+00:00,distributed_committable,149,118_RTPV_8,118,true,false,1.8999999999999999,1.8999999999999999,0,1.8999999999999999,1.8999999999999999,0,0,0,1,1.0388982701863636,1.0388982701863636
7,2020-01-01T07:00:00+00:00,distributed_committable,150,118_RTPV_9,118,true,false,1.6000000000000001,1.6000000000000001,0,1.6000000000000001,1.6000000000000001,0,0,0,1,1.0388982701863636,1.0388982701863636
7,2020-01-01T07:00:00+00:00,distributed_committable,151,118_RTPV_10,118,true,false,0.80000000000000004,0.80000000000000004,0,0.80000000000000004,0.80000000000000004,0,0,0,1,1.0388982701863636,1.0388982701863636
7,2020-01-01T07:00:00+00:00,distributed_committable,152,213_RTPV_1,213,true,false,2.2999999999999998,2.2999999999999998,0,2.2999999999999998,2.2999999999999998,0,0,0,1,1.0088790440201718,1.0088790440201718
7,2020-01-01T07:00:00+00:00,distributed_committable,153,309_WIND_1,309,true,false,47.299999999999997,47.299999999999997,0,47.299999999999997,47.299999999999997,0,0,0,1,1.0233149170502138,1.0233149170502138
7,2020-01-01T07:00:00+00:00,distributed_committable,154,317_WIND_1,317,true,false,580.78200000000004,580.78200000000004,0,580.78200000000004,580.78200000000004,0,0,0,1,1.0301003067705594,1.0301003067705594
7,2020-01-01T07:00:00+00:00,distributed_committable,155,303_WIND_1,303,true,false,199.30000000000001,199.30000000000001,0,199.30000000000001,199.30000000000001,0,0,0,1,1.0373999987264952,1.0373999987264952
7,2020-01-01T07:00:00+00:00,distributed_committable,156,122_WIND_1,122,true,false,517.70000000000005,517.70000000000005,0,517.70000000000005,517.70000000000005,0,0,0,1.05,1.0499999933457453,1.0499999933457453
7,2020-01-01T07:00:00+00:00,distributed_committable,157,313_STORAGE_1,313,false,false,0,0,0,0,0,0,0,0,1,1,1.0096782585332156
8,2020-01-01T08:00:00+00:00,distributed_committable,0,101_CT_1,101,false,false,0,0,0,0,0,0,0,10,1.0468,1.0468,1.0279145698854788
8,2020-01-01T08:00:00+00:00,distributed_committable,1,101_CT_2,101,false,false,0,0,0,0,0,0,0,10,1.0468,1.0468,1.0279145698854788
8,2020-01-01T08:00:00+00:00,distributed_committable,2,101_STEAM_3,101,true,true,43.355232000000001,49.158533898393316,5.8033018983933147,30,76,-22.444466407171255,-25,30,1.0468,1.0279145698854788,1.0279145698854788
8,2020-01-01T08:00:00+00:00,distributed_committable,3,101_STEAM_4,101,true,true,30,35.803302084150616,5.8033020841506158,30,76,-22.444466407171255,-25,30,1.0468,1.0279145698854788,1.0279145698854788
8,2020-01-01T08:00:00+00:00,distributed_committable,4,102_CT_1,102,false,false,0,0,0,0,0,0,0,10,1.0467,1.0467,1.0272530377055893
8,2020-01-01T08:00:00+00:00,distributed_committable,5,102_CT_2,102,false,false,0,0,0,0,0,0,0,10,1.0467,1.0467,1.0272530377055893
8,2020-01-01T08:00:00+00:00,distributed_committable,6,102_STEAM_3,102,true,true,30,35.812527080830101,5.8125270808301011,30,76,-21.547544885982482,-25,30,1.0467,1.0272530377055893,1.0272530377055893
8,2020-01-01T08:00:00+00:00,distributed_committable,7,102_STEAM_4,102,true,true,30,35.812527080830101,5.8125270808301011,30,76,-21.547544885982454,-25,30,1.0467,1.0272530377055893,1.0272530377055893
8,2020-01-01T08:00:00+00:00,distributed_committable,8,107_CC_1,107,false,false,0,0,0,0,0,0,-25,150,1.05,1.05,0.9889329076230402
8,2020-01-01T08:00:00+00:00,distributed_committable,9,113_CT_1,113,false,false,0,0,0,0,0,0,-15,19,1.0347,1.0347,1.015392712271914
8,2020-01-01T08:00:00+00:00,distributed_committable,10,113_CT_2,113,false,false,0,0,0,0,0,0,-15,19,1.0347,1.0347,1.015392712271914
8,2020-01-01T08:00:00+00:00,distributed_committable,11,113_CT_3,113,false,false,0,0,0,0,0,0,-15,19,1.0347,1.0347,1.015392712271914
8,2020-01-01T08:00:00+00:00,distributed_committable,12,113_CT_4,113,false,false,0,0,0,0,0,0,-15,19,1.0347,1.0347,1.015392712271914
8,2020-01-01T08:00:00+00:00,distributed_committable,13,115_STEAM_1,115,false,false,0,0,0,0,0,0,0,6,1.0427999999999999,1.0427999999999999,1.0347847630079712
8,2020-01-01T08:00:00+00:00,distributed_committable,14,115_STEAM_2,115,false,false,0,0,0,0,0,0,0,6,1.0427999999999999,1.0427999999999999,1.0347847630079712
8,2020-01-01T08:00:00+00:00,distributed_committable,15,115_STEAM_3,115,true,true,62,67.813007106024301,5.8130071060243012,62,155,79.999707582405563,-50,80,1.0427999999999999,1.0347847630079712,1.0347847630079712
8,2020-01-01T08:00:00+00:00,distributed_committable,16,116_STEAM_1,116,false,false,0,0,0,0,0,0,-50,80,1.0461,1.0461,1.0239399207568844
8,2020-01-01T08:00:00+00:00,distributed_committable,17,118_CC_1,118,false,false,0,0,0,0,0,0,-25,150,1.05,1.05,1.0370499071335211
8,2020-01-01T08:00:00+00:00,distributed_committable,18,123_STEAM_2,123,true,true,62,68.001548247271884,6.0015482472718844,62,155,-26.975524443481618,-50,80,1.05,1.0195951868493445,1.0195951868493445
8,2020-01-01T08:00:00+00:00,distributed_committable,19,123_STEAM_3,123,true,true,140,146.0015482565143,6.0015482565142975,140,350,-0.074851048205314435,-25,150,1.05,1.0195951868493445,1.0195951868493445
8,2020-01-01T08:00:00+00:00,distributed_committable,20,123_CT_1,123,false,false,0,0,0,0,0,0,-15,19,1.05,1.05,1.0195951868493445
8,2020-01-01T08:00:00+00:00,distributed_committable,21,123_CT_4,123,false,false,0,0,0,0,0,0,-15,19,1.05,1.05,1.0195951868493445
8,2020-01-01T08:00:00+00:00,distributed_committable,22,123_CT_5,123,false,false,0,0,0,0,0,0,-15,19,1.05,1.05,1.0195951868493445
8,2020-01-01T08:00:00+00:00,distributed_committable,23,201_CT_1,201,false,false,0,0,0,0,0,0,0,10,1.05,1.05,1.0211766914072045
8,2020-01-01T08:00:00+00:00,distributed_committable,24,201_CT_2,201,false,false,0,0,0,0,0,0,0,10,1.05,1.05,1.0211766914072045
8,2020-01-01T08:00:00+00:00,distributed_committable,25,201_STEAM_3,201,false,false,0,0,0,0,0,0,-25,30,1.05,1.05,1.0211766914072045
8,2020-01-01T08:00:00+00:00,distributed_committable,26,202_CT_1,202,false,false,0,0,0,0,0,0,0,10,1.05,1.05,1.0201343715586821
8,2020-01-01T08:00:00+00:00,distributed_committable,27,202_CT_2,202,false,false,0,0,0,0,0,0,0,10,1.05,1.05,1.0201343715586821
8,2020-01-01T08:00:00+00:00,distributed_committable,28,202_STEAM_3,202,true,true,30,36.580994127474767,6.5809941274747672,30,76,-21.348213266658068,-25,30,1.05,1.0201343715586821,1.0201343715586821
8,2020-01-01T08:00:00+00:00,distributed_committable,29,202_STEAM_4,202,true,true,30,36.580994127474767,6.5809941274747672,30,76,-21.348213266658068,-25,30,1.05,1.0201343715586821,1.0201343715586821
8,2020-01-01T08:00:00+00:00,distributed_committable,30,207_CT_1,207,false,false,0,0,0,0,0,0,-15,19,0.96989999999999998,0.96989999999999998,0.97009196012429255
8,2020-01-01T08:00:00+00:00,distributed_committable,31,207_CT_2,207,false,false,0,0,0,0,0,0,-15,19,0.96989999999999998,0.96989999999999998,0.97009196012429255
8,2020-01-01T08:00:00+00:00,distributed_committable,32,213_CC_3,213,false,false,0,0,0,0,0,0,-25,150,1.05,1.05,1.0086623197571023
8,2020-01-01T08:00:00+00:00,distributed_committable,33,213_CT_1,213,false,false,0,0,0,0,0,0,-15,19,1.05,1.05,1.0086623197571023
8,2020-01-01T08:00:00+00:00,distributed_committable,34,213_CT_2,213,false,false,0,0,0,0,0,0,-15,19,1.05,1.05,1.0086623197571023
8,2020-01-01T08:00:00+00:00,distributed_committable,35,215_CT_4,215,false,false,0,0,0,0,0,0,-15,19,1.0437000000000001,1.0437000000000001,1.0174176416909755
8,2020-01-01T08:00:00+00:00,distributed_committable,36,215_CT_5,215,false,false,0,0,0,0,0,0,-15,19,1.0437000000000001,1.0437000000000001,1.0174176416909755
8,2020-01-01T08:00:00+00:00,distributed_committable,37,216_STEAM_1,216,true,true,62,68.28608246603379,6.2860824660337897,62,155,31.991561451490121,-50,80,1.0472999999999999,1.0199553931469427,1.0199553931469427
8,2020-01-01T08:00:00+00:00,distributed_committable,38,218_CC_1,218,false,false,0,0,0,0,0,0,-25,150,1.05,1.05,1.0166345402568642
8,2020-01-01T08:00:00+00:00,distributed_committable,39,221_CC_1,221,false,false,0,0,0,0,0,0,-25,150,1.05,1.05,1.0195626325637874
8,2020-01-01T08:00:00+00:00,distributed_committable,40,223_STEAM_1,223,true,true,62,68.237358107138746,6.2373581071387463,62,155,11.660575933988143,-50,80,1.05,1.0318302710025986,1.0318302710025986
8,2020-01-01T08:00:00+00:00,distributed_committable,41,223_STEAM_2,223,true,true,62,68.237358107138746,6.2373581071387463,62,155,11.660575933988143,-50,80,1.05,1.0318302710025986,1.0318302710025986
8,2020-01-01T08:00:00+00:00,distributed_committable,42,223_STEAM_3,223,true,true,140,146.23735811641697,6.2373581164169707,140,350,56.855198820905073,-25,150,1.05,1.0318302710025986,1.0318302710025986
8,2020-01-01T08:00:00+00:00,distributed_committable,43,223_CT_4,223,false,false,0,0,0,0,0,0,-15,19,1.05,1.05,1.0318302710025986
8,2020-01-01T08:00:00+00:00,distributed_committable,44,223_CT_5,223,false,false,0,0,0,0,0,0,-15,19,1.05,1.05,1.0318302710025986
8,2020-01-01T08:00:00+00:00,distributed_committable,45,223_CT_6,223,false,false,0,0,0,0,0,0,-15,19,1.05,1.05,1.0318302710025986
8,2020-01-01T08:00:00+00:00,distributed_committable,46,301_CT_1,301,false,false,0,0,0,0,0,0,0,10,1.05,1.05,1.0286142198217108
8,2020-01-01T08:00:00+00:00,distributed_committable,47,301_CT_2,301,false,false,0,0,0,0,0,0,0,10,1.05,1.05,1.0286142198217108
8,2020-01-01T08:00:00+00:00,distributed_committable,48,301_CT_3,301,false,false,0,0,0,0,0,0,-15,19,1.05,1.05,1.0286142198217108
8,2020-01-01T08:00:00+00:00,distributed_committable,49,301_CT_4,301,false,false,0,0,0,0,0,0,-15,19,1.05,1.05,1.0286142198217108
8,2020-01-01T08:00:00+00:00,distributed_committable,50,302_CT_1,302,false,false,0,0,0,0,0,0,0,10,1.05,1.05,1.0287518037731924
8,2020-01-01T08:00:00+00:00,distributed_committable,51,302_CT_2,302,false,false,0,0,0,0,0,0,0,10,1.05,1.05,1.0287518037731924
8,2020-01-01T08:00:00+00:00,distributed_committable,52,302_CT_3,302,false,false,0,0,0,0,0,0,-15,19,1.05,1.05,1.0287518037731924
8,2020-01-01T08:00:00+00:00,distributed_committable,53,302_CT_4,302,false,false,0,0,0,0,0,0,-15,19,1.05,1.05,1.0287518037731924
8,2020-01-01T08:00:00+00:00,distributed_committable,54,307_CT_1,307,false,false,0,0,0,0,0,0,-15,19,0.95679999999999998,0.95679999999999998,0.95770498761239065
8,2020-01-01T08:00:00+00:00,distributed_committable,55,307_CT_2,307,false,false,0,0,0,0,0,0,-15,19,0.95679999999999998,0.95679999999999998,0.95770498761239065
8,2020-01-01T08:00:00+00:00,distributed_committable,56,313_CC_1,313,false,false,0,0,0,0,0,0,-25,150,1.0349999999999999,1.0349999999999999,1.0150805134118857
8,2020-01-01T08:00:00+00:00,distributed_committable,57,315_STEAM_1,315,false,false,0,0,0,0,0,0,0,6,1.0422,1.0422,1.0113240109138755
8,2020-01-01T08:00:00+00:00,distributed_committable,58,315_STEAM_2,315,false,false,0,0,0,0,0,0,0,6,1.0422,1.0422,1.0113240109138755
8,2020-01-01T08:00:00+00:00,distributed_committable,59,315_STEAM_3,315,false,false,0,0,0,0,0,0,0,6,1.0422,1.0422,1.0113240109138755
8,2020-01-01T08:00:00+00:00,distributed_committable,60,315_STEAM_4,315,false,false,0,0,0,0,0,0,0,6,1.0422,1.0422,1.0113240109138755
8,2020-01-01T08:00:00+00:00,distributed_committable,61,315_STEAM_5,315,false,false,0,0,0,0,0,0,0,6,1.0422,1.0422,1.0113240109138755
8,2020-01-01T08:00:00+00:00,distributed_committable,62,315_CT_6,315,false,false,0,0,0,0,0,0,-15,19,1.0422,1.0422,1.0113240109138755
8,2020-01-01T08:00:00+00:00,distributed_committable,63,315_CT_7,315,false,false,0,0,0,0,0,0,-15,19,1.0422,1.0422,1.0113240109138755
8,2020-01-01T08:00:00+00:00,distributed_committable,64,315_CT_8,315,false,false,0,0,0,0,0,0,0,60,1.0422,1.0422,1.0113240109138755
8,2020-01-01T08:00:00+00:00,distributed_committable,65,316_STEAM_1,316,true,true,62,67.849517610250146,5.849517610250146,62,155,4.8964704862651294,-50,80,1.0448999999999999,1.0130761904305481,1.0130761904305481
8,2020-01-01T08:00:00+00:00,distributed_committable,66,318_CC_1,318,false,false,0,0,0,0,0,0,-25,150,1.05,1.05,1.0151498637525584
8,2020-01-01T08:00:00+00:00,distributed_committable,67,321_CC_1,321,false,false,0,0,0,0,0,0,-25,150,1.05,1.05,1.017227897982433
8,2020-01-01T08:00:00+00:00,distributed_committable,68,322_CT_5,322,false,false,0,0,0,0,0,0,-15,19,1.05,1.05,1.0298768495130177
8,2020-01-01T08:00:00+00:00,distributed_committable,69,322_CT_6,322,false,false,0,0,0,0,0,0,-15,19,1.05,1.05,1.0298768495130177
8,2020-01-01T08:00:00+00:00,distributed_committable,70,323_CC_1,323,false,false,0,0,0,0,0,0,-25,150,1.05,1.05,1.0257174251891297
8,2020-01-01T08:00:00+00:00,distributed_committable,71,323_CC_2,323,false,false,0,0,0,0,0,0,-25,150,1.05,1.05,1.0257174251891297
8,2020-01-01T08:00:00+00:00,distributed_committable,72,114_SYNC_COND_1,114,true,false,0,0,0,0,0,-38.670489189992139,-50,200,1.0441,0.99953646950990027,0.99953646950990027
8,2020-01-01T08:00:00+00:00,distributed_committable,73,121_NUCLEAR_1,121,true,true,400,399.9999997541376,-2.4586239533164189e-07,396,400,89.796448225303351,-50,200,1.05,1.0458591287240673,1.0458591287240673
8,2020-01-01T08:00:00+00:00,distributed_committable,74,122_HYDRO_1,122,true,false,3.7999999999999998,3.7999999999999998,0,3.7999999999999998,3.7999999999999998,-2.7941916381752172,-10,16,1.05,1.0499999885087876,1.0499999885087876
8,2020-01-01T08:00:00+00:00,distributed_committable,75,122_HYDRO_2,122,true,false,3.7999999999999998,3.7999999999999998,0,3.7999999999999998,3.7999999999999998,-2.7941916381752172,-10,16,1.05,1.0499999885087876,1.0499999885087876
8,2020-01-01T08:00:00+00:00,distributed_committable,76,122_HYDRO_3,122,true,false,3.7999999999999998,3.7999999999999998,0,3.7999999999999998,3.7999999999999998,-2.7941916381752172,-10,16,1.05,1.0499999885087876,1.0499999885087876
8,2020-01-01T08:00:00+00:00,distributed_committable,77,122_HYDRO_4,122,true,false,3.7999999999999998,3.7999999999999998,0,3.7999999999999998,3.7999999999999998,-2.7941916381752172,-10,16,1.05,1.0499999885087876,1.0499999885087876
8,2020-01-01T08:00:00+00:00,distributed_committable,78,122_HYDRO_5,122,true,false,3.7999999999999998,3.7999999999999998,0,3.7999999999999998,3.7999999999999998,-2.7941916381752172,-10,16,1.05,1.0499999885087876,1.0499999885087876
8,2020-01-01T08:00:00+00:00,distributed_committable,79,122_HYDRO_6,122,true,false,3.7999999999999998,3.7999999999999998,0,3.7999999999999998,3.7999999999999998,-2.7941916381752172,-10,16,1.05,1.0499999885087876,1.0499999885087876
8,2020-01-01T08:00:00+00:00,distributed_committable,80,201_HYDRO_4,201,true,false,18.5,18.5,0,18.5,18.5,-9.9996888501524097,-10,16,1.05,1.0211766914072045,1.0211766914072045
8,2020-01-01T08:00:00+00:00,distributed_committable,81,214_SYNC_COND_1,214,true,false,0,0,0,0,0,11.833163285794235,-50,200,1.05,1.010935355672431,1.010935355672431
8,2020-01-01T08:00:00+00:00,distributed_committable,82,215_HYDRO_1,215,true,false,18.5,18.5,0,18.5,18.5,4.8414652087724219,-10,16,1.0437000000000001,1.0174176416909755,1.0174176416909755
8,2020-01-01T08:00:00+00:00,distributed_committable,83,215_HYDRO_2,215,true,false,18.5,18.5,0,18.5,18.5,4.8414652087724219,-10,16,1.0437000000000001,1.0174176416909755,1.0174176416909755
8,2020-01-01T08:00:00+00:00,distributed_committable,84,215_HYDRO_3,215,true,false,18.5,18.5,0,18.5,18.5,4.8414652087724219,-10,16,1.0437000000000001,1.0174176416909755,1.0174176416909755
8,2020-01-01T08:00:00+00:00,distributed_committable,85,222_HYDRO_1,222,true,false,18.5,18.5,0,18.5,18.5,-2.1281699986819902,-10,16,1.05,1.0269242514899934,1.0269242514899934
8,2020-01-01T08:00:00+00:00,distributed_committable,86,222_HYDRO_2,222,true,false,18.5,18.5,0,18.5,18.5,-2.1281699986819902,-10,16,1.05,1.0269242514899934,1.0269242514899934
8,2020-01-01T08:00:00+00:00,distributed_committable,87,222_HYDRO_3,222,true,false,18.5,18.5,0,18.5,18.5,-2.1281699986819902,-10,16,1.05,1.0269242514899934,1.0269242514899934
8,2020-01-01T08:00:00+00:00,distributed_committable,88,222_HYDRO_4,222,true,false,18.5,18.5,0,18.5,18.5,-2.1281699986819902,-10,16,1.05,1.0269242514899934,1.0269242514899934
8,2020-01-01T08:00:00+00:00,distributed_committable,89,222_HYDRO_5,222,true,false,18.5,18.5,0,18.5,18.5,-2.1281699986819902,-10,16,1.05,1.0269242514899934,1.0269242514899934
8,2020-01-01T08:00:00+00:00,distributed_committable,90,222_HYDRO_6,222,true,false,18.5,18.5,0,18.5,18.5,-2.1281699986819902,-10,16,1.05,1.0269242514899934,1.0269242514899934
8,2020-01-01T08:00:00+00:00,distributed_committable,91,314_SYNC_COND_1,314,true,false,0,0,0,0,0,-49.999939743313654,-50,200,1.05,0.9932894765202146,0.9932894765202146
8,2020-01-01T08:00:00+00:00,distributed_committable,92,322_HYDRO_1,322,true,false,10.9,10.9,0,10.9,10.9,0.72315379506802424,-10,16,1.05,1.0298768495130177,1.0298768495130177
8,2020-01-01T08:00:00+00:00,distributed_committable,93,322_HYDRO_2,322,true,false,10.9,10.9,0,10.9,10.9,0.72315379506802424,-10,16,1.05,1.0298768495130177,1.0298768495130177
8,2020-01-01T08:00:00+00:00,distributed_committable,94,322_HYDRO_3,322,true,false,10.9,10.9,0,10.9,10.9,0.72315379506802424,-10,16,1.05,1.0298768495130177,1.0298768495130177
8,2020-01-01T08:00:00+00:00,distributed_committable,95,322_HYDRO_4,322,true,false,10.9,10.9,0,10.9,10.9,0.72315379506802424,-10,16,1.05,1.0298768495130177,1.0298768495130177
8,2020-01-01T08:00:00+00:00,distributed_committable,96,320_PV_1,320,true,false,30.699999999999999,30.699999999999999,0,30.699999999999999,30.699999999999999,0,0,0,1,1.0229284596859274,1.0229284596859274
8,2020-01-01T08:00:00+00:00,distributed_committable,97,314_PV_1,314,true,false,30.600000000000001,30.599999999999998,-3.5527136788005009e-15,30.600000000000001,30.600000000000001,0,0,0,1.05,0.9932894765202146,0.9932894765202146
8,2020-01-01T08:00:00+00:00,distributed_committable,98,314_PV_2,314,true,false,33.5,33.5,0,33.5,33.5,0,0,0,1.05,0.9932894765202146,0.9932894765202146
8,2020-01-01T08:00:00+00:00,distributed_committable,99,313_PV_1,313,true,false,47.799999999999997,47.799999999999997,0,47.799999999999997,47.799999999999997,0,0,0,1,1.0150805134118857,1.0150805134118857
8,2020-01-01T08:00:00+00:00,distributed_committable,100,314_PV_3,314,true,false,50,50,0,50,50,0,0,0,1.05,0.9932894765202146,0.9932894765202146
8,2020-01-01T08:00:00+00:00,distributed_committable,101,314_PV_4,314,true,false,33.5,33.5,0,33.5,33.5,0,0,0,1.05,0.9932894765202146,0.9932894765202146
8,2020-01-01T08:00:00+00:00,distributed_committable,102,313_PV_2,313,true,false,48,48,0,48,48,0,0,0,1,1.0150805134118857,1.0150805134118857
8,2020-01-01T08:00:00+00:00,distributed_committable,103,310_PV_1,310,true,false,30.699999999999999,30.699999999999999,0,30.699999999999999,30.699999999999999,0,0,0,1,1.0499999946588268,1.0499999946588268
8,2020-01-01T08:00:00+00:00,distributed_committable,104,324_PV_1,324,true,false,32.600000000000001,32.600000000000001,0,32.600000000000001,32.600000000000001,0,0,0,1,1.0137967987399619,1.0137967987399619
8,2020-01-01T08:00:00+00:00,distributed_committable,105,312_PV_1,312,true,false,48.700000000000003,48.700000000000003,0,48.700000000000003,48.700000000000003,0,0,0,1,1.0141115293148828,1.0141115293148828
8,2020-01-01T08:00:00+00:00,distributed_committable,106,310_PV_2,310,true,false,30.699999999999999,30.699999999999999,0,30.699999999999999,30.699999999999999,0,0,0,1,1.0499999946588268,1.0499999946588268
8,2020-01-01T08:00:00+00:00,distributed_committable,107,324_PV_2,324,true,false,31.699999999999999,31.699999999999999,0,31.699999999999999,31.699999999999999,0,0,0,1,1.0137967987399619,1.0137967987399619
8,2020-01-01T08:00:00+00:00,distributed_committable,108,324_PV_3,324,true,false,31.699999999999999,31.699999999999999,0,31.699999999999999,31.699999999999999,0,0,0,1,1.0137967987399619,1.0137967987399619
8,2020-01-01T08:00:00+00:00,distributed_committable,109,113_PV_1,113,true,false,63.100000000000001,63.100000000000001,0,63.100000000000001,63.100000000000001,0,0,0,1,1.015392712271914,1.015392712271914
8,2020-01-01T08:00:00+00:00,distributed_committable,110,319_PV_1,319,true,false,124,124,0,124,124,0,0,0,1,1.017682113852052,1.017682113852052
8,2020-01-01T08:00:00+00:00,distributed_committable,111,215_PV_1,215,true,false,82.299999999999997,82.299999999999997,0,82.299999999999997,82.299999999999997,0,0,0,1.0437000000000001,1.0174176416909755,1.0174176416909755
8,2020-01-01T08:00:00+00:00,distributed_committable,112,102_PV_1,102,true,false,18.399999999999999,18.399999999999999,0,18.399999999999999,18.399999999999999,0,0,0,1.0467,1.0272530377055893,1.0272530377055893
8,2020-01-01T08:00:00+00:00,distributed_committable,113,101_PV_1,101,true,false,17.399999999999999,17.399999999999999,0,17.399999999999999,17.399999999999999,0,0,0,1.0468,1.0279145698854788,1.0279145698854788
8,2020-01-01T08:00:00+00:00,distributed_committable,114,102_PV_2,102,true,false,18.199999999999999,18.199999999999999,0,18.199999999999999,18.199999999999999,0,0,0,1.0467,1.0272530377055893,1.0272530377055893
8,2020-01-01T08:00:00+00:00,distributed_committable,115,104_PV_1,104,true,false,17.5,17.5,0,17.5,17.5,0,0,0,1,1.0212288703185084,1.0212288703185084
8,2020-01-01T08:00:00+00:00,distributed_committable,116,212_CSP_1,212,false,false,0,0,0,0,0,0,0,0,1,1,1.0103724338434137
8,2020-01-01T08:00:00+00:00,distributed_committable,117,101_PV_2,101,true,false,18.5,18.5,0,18.5,18.5,0,0,0,1.0468,1.0279145698854788,1.0279145698854788
8,2020-01-01T08:00:00+00:00,distributed_committable,118,101_PV_3,101,true,false,18.699999999999999,18.699999999999999,0,18.699999999999999,18.699999999999999,0,0,0,1.0468,1.0279145698854788,1.0279145698854788
8,2020-01-01T08:00:00+00:00,distributed_committable,119,101_PV_4,101,true,false,17.699999999999999,17.699999999999999,0,17.699999999999999,17.699999999999999,0,0,0,1.0468,1.0279145698854788,1.0279145698854788
8,2020-01-01T08:00:00+00:00,distributed_committable,120,103_PV_1,103,true,false,29.199999999999999,29.199999999999999,0,29.199999999999999,29.199999999999999,0,0,0,1,1.0293781317140729,1.0293781317140729
8,2020-01-01T08:00:00+00:00,distributed_committable,121,119_PV_1,119,true,false,28.300000000000001,28.300000000000004,3.5527136788005009e-15,28.300000000000001,28.300000000000001,0,0,0,1,1.0190454347363265,1.0190454347363265
8,2020-01-01T08:00:00+00:00,distributed_committable,122,308_RTPV_1,308,true,false,35.899999999999999,35.899999999999999,0,35.899999999999999,35.899999999999999,0,0,0,1,0.97831832443290789,0.97831832443290789
8,2020-01-01T08:00:00+00:00,distributed_committable,123,313_RTPV_1,313,true,false,36,36,0,36,36,0,0,0,1,1.0150805134118857,1.0150805134118857
8,2020-01-01T08:00:00+00:00,distributed_committable,124,313_RTPV_2,313,true,false,23.100000000000001,23.100000000000001,0,23.100000000000001,23.100000000000001,0,0,0,1,1.0150805134118857,1.0150805134118857
8,2020-01-01T08:00:00+00:00,distributed_committable,125,313_RTPV_3,313,true,false,21.800000000000001,21.800000000000001,0,21.800000000000001,21.800000000000001,0,0,0,1,1.0150805134118857,1.0150805134118857
8,2020-01-01T08:00:00+00:00,distributed_committable,126,313_RTPV_4,313,true,false,23.100000000000001,23.100000000000001,0,23.100000000000001,23.100000000000001,0,0,0,1,1.0150805134118857,1.0150805134118857
8,2020-01-01T08:00:00+00:00,distributed_committable,127,313_RTPV_5,313,true,false,22.800000000000001,22.800000000000001,0,22.800000000000001,22.800000000000001,0,0,0,1,1.0150805134118857,1.0150805134118857
8,2020-01-01T08:00:00+00:00,distributed_committable,128,313_RTPV_6,313,true,false,23.5,23.5,0,23.5,23.5,0,0,0,1,1.0150805134118857,1.0150805134118857
8,2020-01-01T08:00:00+00:00,distributed_committable,129,313_RTPV_7,313,true,false,23.699999999999999,23.699999999999999,0,23.699999999999999,23.699999999999999,0,0,0,1,1.0150805134118857,1.0150805134118857
8,2020-01-01T08:00:00+00:00,distributed_committable,130,313_RTPV_8,313,true,false,23.699999999999999,23.699999999999999,0,23.699999999999999,23.699999999999999,0,0,0,1,1.0150805134118857,1.0150805134118857
8,2020-01-01T08:00:00+00:00,distributed_committable,131,313_RTPV_9,313,true,false,23.600000000000001,23.600000000000001,0,23.600000000000001,23.600000000000001,0,0,0,1,1.0150805134118857,1.0150805134118857
8,2020-01-01T08:00:00+00:00,distributed_committable,132,313_RTPV_10,313,true,false,24,24,0,24,24,0,0,0,1,1.0150805134118857,1.0150805134118857
8,2020-01-01T08:00:00+00:00,distributed_committable,133,313_RTPV_11,313,true,false,25.199999999999999,25.199999999999999,0,25.199999999999999,25.199999999999999,0,0,0,1,1.0150805134118857,1.0150805134118857
8,2020-01-01T08:00:00+00:00,distributed_committable,134,313_RTPV_12,313,true,false,10.5,10.5,0,10.5,10.5,0,0,0,1,1.0150805134118857,1.0150805134118857
8,2020-01-01T08:00:00+00:00,distributed_committable,135,320_RTPV_1,320,true,false,10.6,10.6,0,10.6,10.6,0,0,0,1,1.0229284596859274,1.0229284596859274
8,2020-01-01T08:00:00+00:00,distributed_committable,136,320_RTPV_2,320,true,false,10.5,10.5,0,10.5,10.5,0,0,0,1,1.0229284596859274,1.0229284596859274
8,2020-01-01T08:00:00+00:00,distributed_committable,137,320_RTPV_3,320,true,false,10.5,10.5,0,10.5,10.5,0,0,0,1,1.0229284596859274,1.0229284596859274
8,2020-01-01T08:00:00+00:00,distributed_committable,138,313_RTPV_13,313,true,false,10.5,10.5,0,10.5,10.5,0,0,0,1,1.0150805134118857,1.0150805134118857
8,2020-01-01T08:00:00+00:00,distributed_committable,139,320_RTPV_4,320,true,false,9.9000000000000004,9.9000000000000004,0,9.9000000000000004,9.9000000000000004,0,0,0,1,1.0229284596859274,1.0229284596859274
8,2020-01-01T08:00:00+00:00,distributed_committable,140,320_RTPV_5,320,true,false,11,11,0,11,11,0,0,0,1,1.0229284596859274,1.0229284596859274
8,2020-01-01T08:00:00+00:00,distributed_committable,141,118_RTPV_1,118,true,false,3.7000000000000002,3.7000000000000006,4.4408920985006262e-16,3.7000000000000002,3.7000000000000002,0,0,0,1,1.0370499071335211,1.0370499071335211
8,2020-01-01T08:00:00+00:00,distributed_committable,142,118_RTPV_2,118,true,false,3.7000000000000002,3.7000000000000006,4.4408920985006262e-16,3.7000000000000002,3.7000000000000002,0,0,0,1,1.0370499071335211,1.0370499071335211
8,2020-01-01T08:00:00+00:00,distributed_committable,143,118_RTPV_3,118,true,false,3.7000000000000002,3.7000000000000006,4.4408920985006262e-16,3.7000000000000002,3.7000000000000002,0,0,0,1,1.0370499071335211,1.0370499071335211
8,2020-01-01T08:00:00+00:00,distributed_committable,144,118_RTPV_4,118,true,false,3.7000000000000002,3.7000000000000006,4.4408920985006262e-16,3.7000000000000002,3.7000000000000002,0,0,0,1,1.0370499071335211,1.0370499071335211
8,2020-01-01T08:00:00+00:00,distributed_committable,145,118_RTPV_5,118,true,false,3.5,3.5000000000000004,4.4408920985006262e-16,3.5,3.5,0,0,0,1,1.0370499071335211,1.0370499071335211
8,2020-01-01T08:00:00+00:00,distributed_committable,146,118_RTPV_6,118,true,false,3.6000000000000001,3.6000000000000005,4.4408920985006262e-16,3.6000000000000001,3.6000000000000001,0,0,0,1,1.0370499071335211,1.0370499071335211
8,2020-01-01T08:00:00+00:00,distributed_committable,147,320_RTPV_6,320,true,false,3.6000000000000001,3.6000000000000005,4.4408920985006262e-16,3.6000000000000001,3.6000000000000001,0,0,0,1,1.0229284596859274,1.0229284596859274
8,2020-01-01T08:00:00+00:00,distributed_committable,148,118_RTPV_7,118,true,false,4.0999999999999996,4.0999999999999996,0,4.0999999999999996,4.0999999999999996,0,0,0,1,1.0370499071335211,1.0370499071335211
8,2020-01-01T08:00:00+00:00,distributed_committable,149,118_RTPV_8,118,true,false,4.2000000000000002,4.2000000000000002,0,4.2000000000000002,4.2000000000000002,0,0,0,1,1.0370499071335211,1.0370499071335211
8,2020-01-01T08:00:00+00:00,distributed_committable,150,118_RTPV_9,118,true,false,3.7999999999999998,3.7999999999999998,0,3.7999999999999998,3.7999999999999998,0,0,0,1,1.0370499071335211,1.0370499071335211
8,2020-01-01T08:00:00+00:00,distributed_committable,151,118_RTPV_10,118,true,false,1.7,1.7000000000000002,2.2204460492503131e-16,1.7,1.7,0,0,0,1,1.0370499071335211,1.0370499071335211
8,2020-01-01T08:00:00+00:00,distributed_committable,152,213_RTPV_1,213,true,false,5,5,0,5,5,0,0,0,1,1.0086623197571023,1.0086623197571023
8,2020-01-01T08:00:00+00:00,distributed_committable,153,309_WIND_1,309,true,false,48.899999999999999,48.899999999999999,0,48.899999999999999,48.899999999999999,0,0,0,1,1.024028241643747,1.024028241643747
8,2020-01-01T08:00:00+00:00,distributed_committable,154,317_WIND_1,317,true,false,562.11699999999996,562.11699999999996,0,562.11699999999996,562.11699999999996,0,0,0,1,1.022074280501484,1.022074280501484
8,2020-01-01T08:00:00+00:00,distributed_committable,155,303_WIND_1,303,true,false,110.59999999999999,110.59999999999999,0,110.59999999999999,110.59999999999999,0,0,0,1,1.0266022586959358,1.0266022586959358
8,2020-01-01T08:00:00+00:00,distributed_committable,156,122_WIND_1,122,true,false,426.60000000000002,426.60000000000002,0,426.60000000000002,426.60000000000002,0,0,0,1.05,1.0499999885087876,1.0499999885087876
8,2020-01-01T08:00:00+00:00,distributed_committable,157,313_STORAGE_1,313,false,false,0,0,0,0,0,0,0,0,1,1,1.0150805134118857
9,2020-01-01T09:00:00+00:00,distributed_committable,0,101_CT_1,101,false,false,0,0,0,0,0,0,0,10,1.0468,1.0468,1.0321271859651733
9,2020-01-01T09:00:00+00:00,distributed_committable,1,101_CT_2,101,false,false,0,0,0,0,0,0,0,10,1.0468,1.0468,1.0321271859651733
9,2020-01-01T09:00:00+00:00,distributed_committable,2,101_STEAM_3,101,true,true,45.333333328000002,50.659311487773081,5.3259781597730793,30,76,-23.008217846253913,-25,30,1.0468,1.0321271859651733,1.0321271859651733
9,2020-01-01T09:00:00+00:00,distributed_committable,3,101_STEAM_4,101,true,true,58.562952672000002,63.888930708719528,5.3259780367195262,30,76,-23.008217846253913,-25,30,1.0468,1.0321271859651733,1.0321271859651733
9,2020-01-01T09:00:00+00:00,distributed_committable,4,102_CT_1,102,false,false,0,0,0,0,0,0,0,10,1.0467,1.0467,1.031123878206619
9,2020-01-01T09:00:00+00:00,distributed_committable,5,102_CT_2,102,false,false,0,0,0,0,0,0,0,10,1.0467,1.0467,1.031123878206619
9,2020-01-01T09:00:00+00:00,distributed_committable,6,102_STEAM_3,102,true,true,30,35.338136165987002,5.3381361659870024,30,76,-21.435216660514204,-25,30,1.0467,1.031123878206619,1.031123878206619
9,2020-01-01T09:00:00+00:00,distributed_committable,7,102_STEAM_4,102,true,true,30,35.338136165987002,5.3381361659870024,30,76,-21.435216660514204,-25,30,1.0467,1.031123878206619,1.031123878206619
9,2020-01-01T09:00:00+00:00,distributed_committable,8,107_CC_1,107,false,false,0,0,0,0,0,0,-25,150,1.05,1.05,0.98969280846376251
9,2020-01-01T09:00:00+00:00,distributed_committable,9,113_CT_1,113,false,false,0,0,0,0,0,0,-15,19,1.0347,1.0347,1.0145190735811056
9,2020-01-01T09:00:00+00:00,distributed_committable,10,113_CT_2,113,false,false,0,0,0,0,0,0,-15,19,1.0347,1.0347,1.0145190735811056
9,2020-01-01T09:00:00+00:00,distributed_committable,11,113_CT_3,113,false,false,0,0,0,0,0,0,-15,19,1.0347,1.0347,1.0145190735811056
9,2020-01-01T09:00:00+00:00,distributed_committable,12,113_CT_4,113,false,false,0,0,0,0,0,0,-15,19,1.0347,1.0347,1.0145190735811056
9,2020-01-01T09:00:00+00:00,distributed_committable,13,115_STEAM_1,115,false,false,0,0,0,0,0,0,0,6,1.0427999999999999,1.0427999999999999,1.0333243428886494
9,2020-01-01T09:00:00+00:00,distributed_committable,14,115_STEAM_2,115,false,false,0,0,0,0,0,0,0,6,1.0427999999999999,1.0427999999999999,1.0333243428886494
9,2020-01-01T09:00:00+00:00,distributed_committable,15,115_STEAM_3,115,true,true,62,67.414725020315132,5.4147250203151316,62,155,72.779839616883763,-50,80,1.0427999999999999,1.0333243428886494,1.0333243428886494
9,2020-01-01T09:00:00+00:00,distributed_committable,16,116_STEAM_1,116,false,false,0,0,0,0,0,0,-50,80,1.0461,1.0461,1.0232390816624575
9,2020-01-01T09:00:00+00:00,distributed_committable,17,118_CC_1,118,false,false,0,0,0,0,0,0,-25,150,1.05,1.05,1.0353609935587682
9,2020-01-01T09:00:00+00:00,distributed_committable,18,123_STEAM_2,123,true,true,62,67.570072158601633,5.5700721586016329,62,155,-36.138877732242051,-50,80,1.05,1.0160347677298629,1.0160347677298629
9,2020-01-01T09:00:00+00:00,distributed_committable,19,123_STEAM_3,123,true,true,140,145.57007217159327,5.5700721715932673,140,350,-10.467272349301064,-25,150,1.05,1.0160347677298629,1.0160347677298629
9,2020-01-01T09:00:00+00:00,distributed_committable,20,123_CT_1,123,false,false,0,0,0,0,0,0,-15,19,1.05,1.05,1.0160347677298629
9,2020-01-01T09:00:00+00:00,distributed_committable,21,123_CT_4,123,false,false,0,0,0,0,0,0,-15,19,1.05,1.05,1.0160347677298629
9,2020-01-01T09:00:00+00:00,distributed_committable,22,123_CT_5,123,false,false,0,0,0,0,0,0,-15,19,1.05,1.05,1.0160347677298629
9,2020-01-01T09:00:00+00:00,distributed_committable,23,201_CT_1,201,false,false,0,0,0,0,0,0,0,10,1.05,1.05,1.0205956925339499
9,2020-01-01T09:00:00+00:00,distributed_committable,24,201_CT_2,201,false,false,0,0,0,0,0,0,0,10,1.05,1.05,1.0205956925339499
9,2020-01-01T09:00:00+00:00,distributed_committable,25,201_STEAM_3,201,false,false,0,0,0,0,0,0,-25,30,1.05,1.05,1.0205956925339499
9,2020-01-01T09:00:00+00:00,distributed_committable,26,202_CT_1,202,false,false,0,0,0,0,0,0,0,10,1.05,1.05,1.0195426741289995
9,2020-01-01T09:00:00+00:00,distributed_committable,27,202_CT_2,202,false,false,0,0,0,0,0,0,0,10,1.05,1.05,1.0195426741289995
9,2020-01-01T09:00:00+00:00,distributed_committable,28,202_STEAM_3,202,true,true,30,36.117427499801856,6.1174274998018561,30,76,-21.417876147294919,-25,30,1.05,1.0195426741289995,1.0195426741289995
9,2020-01-01T09:00:00+00:00,distributed_committable,29,202_STEAM_4,202,true,true,30,36.117427499801856,6.1174274998018561,30,76,-21.417876147294919,-25,30,1.05,1.0195426741289995,1.0195426741289995
9,2020-01-01T09:00:00+00:00,distributed_committable,30,207_CT_1,207,false,false,0,0,0,0,0,0,-15,19,0.96989999999999998,0.96989999999999998,0.96964929674723666
9,2020-01-01T09:00:00+00:00,distributed_committable,31,207_CT_2,207,false,false,0,0,0,0,0,0,-15,19,0.96989999999999998,0.96989999999999998,0.96964929674723666
9,2020-01-01T09:00:00+00:00,distributed_committable,32,213_CC_3,213,false,false,0,0,0,0,0,0,-25,150,1.05,1.05,1.0094302420170478
9,2020-01-01T09:00:00+00:00,distributed_committable,33,213_CT_1,213,false,false,0,0,0,0,0,0,-15,19,1.05,1.05,1.0094302420170478
9,2020-01-01T09:00:00+00:00,distributed_committable,34,213_CT_2,213,false,false,0,0,0,0,0,0,-15,19,1.05,1.05,1.0094302420170478
9,2020-01-01T09:00:00+00:00,distributed_committable,35,215_CT_4,215,false,false,0,0,0,0,0,0,-15,19,1.0437000000000001,1.0437000000000001,1.0165213111788483
9,2020-01-01T09:00:00+00:00,distributed_committable,36,215_CT_5,215,false,false,0,0,0,0,0,0,-15,19,1.0437000000000001,1.0437000000000001,1.0165213111788483
9,2020-01-01T09:00:00+00:00,distributed_committable,37,216_STEAM_1,216,true,true,62,67.83729427484505,5.8372942748450498,62,155,32.631263107209477,-50,80,1.0472999999999999,1.0194720263768497,1.0194720263768497
9,2020-01-01T09:00:00+00:00,distributed_committable,38,218_CC_1,218,false,false,0,0,0,0,0,0,-25,150,1.05,1.05,1.0155091087254913
9,2020-01-01T09:00:00+00:00,distributed_committable,39,221_CC_1,221,false,false,0,0,0,0,0,0,-25,150,1.05,1.05,1.0185081191113246
9,2020-01-01T09:00:00+00:00,distributed_committable,40,223_STEAM_1,223,true,true,62,67.79838114350683,5.7983811435068304,62,155,9.7542329178319012,-50,80,1.05,1.0334456952809388,1.0334456952809388
9,2020-01-01T09:00:00+00:00,distributed_committable,41,223_STEAM_2,223,true,true,62,67.79838114350683,5.7983811435068304,62,155,9.7542329178319012,-50,80,1.05,1.0334456952809388,1.0334456952809388
9,2020-01-01T09:00:00+00:00,distributed_committable,42,223_STEAM_3,223,true,true,140,145.79838115654701,5.7983811565470091,140,350,53.266357341183536,-25,150,1.05,1.0334456952809388,1.0334456952809388
9,2020-01-01T09:00:00+00:00,distributed_committable,43,223_CT_4,223,false,false,0,0,0,0,0,0,-15,19,1.05,1.05,1.0334456952809388
9,2020-01-01T09:00:00+00:00,distributed_committable,44,223_CT_5,223,false,false,0,0,0,0,0,0,-15,19,1.05,1.05,1.0334456952809388
9,2020-01-01T09:00:00+00:00,distributed_committable,45,223_CT_6,223,false,false,0,0,0,0,0,0,-15,19,1.05,1.05,1.0334456952809388
9,2020-01-01T09:00:00+00:00,distributed_committable,46,301_CT_1,301,false,false,0,0,0,0,0,0,0,10,1.05,1.05,1.0250238697372633
9,2020-01-01T09:00:00+00:00,distributed_committable,47,301_CT_2,301,false,false,0,0,0,0,0,0,0,10,1.05,1.05,1.0250238697372633
9,2020-01-01T09:00:00+00:00,distributed_committable,48,301_CT_3,301,false,false,0,0,0,0,0,0,-15,19,1.05,1.05,1.0250238697372633
9,2020-01-01T09:00:00+00:00,distributed_committable,49,301_CT_4,301,false,false,0,0,0,0,0,0,-15,19,1.05,1.05,1.0250238697372633
9,2020-01-01T09:00:00+00:00,distributed_committable,50,302_CT_1,302,false,false,0,0,0,0,0,0,0,10,1.05,1.05,1.0251423104308499
9,2020-01-01T09:00:00+00:00,distributed_committable,51,302_CT_2,302,false,false,0,0,0,0,0,0,0,10,1.05,1.05,1.0251423104308499
9,2020-01-01T09:00:00+00:00,distributed_committable,52,302_CT_3,302,false,false,0,0,0,0,0,0,-15,19,1.05,1.05,1.0251423104308499
9,2020-01-01T09:00:00+00:00,distributed_committable,53,302_CT_4,302,false,false,0,0,0,0,0,0,-15,19,1.05,1.05,1.0251423104308499
9,2020-01-01T09:00:00+00:00,distributed_committable,54,307_CT_1,307,false,false,0,0,0,0,0,0,-15,19,0.95679999999999998,0.95679999999999998,0.95830553645259764
9,2020-01-01T09:00:00+00:00,distributed_committable,55,307_CT_2,307,false,false,0,0,0,0,0,0,-15,19,0.95679999999999998,0.95679999999999998,0.95830553645259764
9,2020-01-01T09:00:00+00:00,distributed_committable,56,313_CC_1,313,false,false,0,0,0,0,0,0,-25,150,1.0349999999999999,1.0349999999999999,1.0197881395921187
9,2020-01-01T09:00:00+00:00,distributed_committable,57,315_STEAM_1,315,false,false,0,0,0,0,0,0,0,6,1.0422,1.0422,1.0238677268404541
9,2020-01-01T09:00:00+00:00,distributed_committable,58,315_STEAM_2,315,false,false,0,0,0,0,0,0,0,6,1.0422,1.0422,1.0238677268404541
9,2020-01-01T09:00:00+00:00,distributed_committable,59,315_STEAM_3,315,false,false,0,0,0,0,0,0,0,6,1.0422,1.0422,1.0238677268404541
9,2020-01-01T09:00:00+00:00,distributed_committable,60,315_STEAM_4,315,false,false,0,0,0,0,0,0,0,6,1.0422,1.0422,1.0238677268404541
9,2020-01-01T09:00:00+00:00,distributed_committable,61,315_STEAM_5,315,false,false,0,0,0,0,0,0,0,6,1.0422,1.0422,1.0238677268404541
9,2020-01-01T09:00:00+00:00,distributed_committable,62,315_CT_6,315,false,false,0,0,0,0,0,0,-15,19,1.0422,1.0422,1.0238677268404541
9,2020-01-01T09:00:00+00:00,distributed_committable,63,315_CT_7,315,false,false,0,0,0,0,0,0,-15,19,1.0422,1.0422,1.0238677268404541
9,2020-01-01T09:00:00+00:00,distributed_committable,64,315_CT_8,315,false,false,0,0,0,0,0,0,0,60,1.0422,1.0422,1.0238677268404541
9,2020-01-01T09:00:00+00:00,distributed_committable,65,316_STEAM_1,316,true,true,62,67.449023537428829,5.4490235374288289,62,155,63.60392830777748,-50,80,1.0448999999999999,1.0287887505576587,1.0287887505576587
9,2020-01-01T09:00:00+00:00,distributed_committable,66,318_CC_1,318,false,false,0,0,0,0,0,0,-25,150,1.05,1.05,1.0277132066553749
9,2020-01-01T09:00:00+00:00,distributed_committable,67,321_CC_1,321,false,false,0,0,0,0,0,0,-25,150,1.05,1.05,1.0302452246938194
9,2020-01-01T09:00:00+00:00,distributed_committable,68,322_CT_5,322,false,false,0,0,0,0,0,0,-15,19,1.05,1.05,1.0485238165514452
9,2020-01-01T09:00:00+00:00,distributed_committable,69,322_CT_6,322,false,false,0,0,0,0,0,0,-15,19,1.05,1.05,1.0485238165514452
9,2020-01-01T09:00:00+00:00,distributed_committable,70,323_CC_1,323,false,false,0,0,0,0,0,0,-25,150,1.05,1.05,1.0328883581549513
9,2020-01-01T09:00:00+00:00,distributed_committable,71,323_CC_2,323,false,false,0,0,0,0,0,0,-25,150,1.05,1.05,1.0328883581549513
9,2020-01-01T09:00:00+00:00,distributed_committable,72,114_SYNC_COND_1,114,true,false,0,0,0,0,0,-49.999608783812519,-50,200,1.0441,0.9968880283814473,0.9968880283814473
9,2020-01-01T09:00:00+00:00,distributed_committable,73,121_NUCLEAR_1,121,true,true,400,399.99999962724473,-3.7275526665325742e-07,396,400,30.448157492960515,-50,200,1.05,1.0422717514590834,1.0422717514590834
9,2020-01-01T09:00:00+00:00,distributed_committable,74,122_HYDRO_1,122,true,false,3.7999999999999998,3.7999999999999998,0,3.7999999999999998,3.7999999999999998,-2.0924291965954862,-10,16,1.05,1.0499999545048246,1.0499999545048246
9,2020-01-01T09:00:00+00:00,distributed_committable,75,122_HYDRO_2,122,true,false,3.7999999999999998,3.7999999999999998,0,3.7999999999999998,3.7999999999999998,-2.0924291965954862,-10,16,1.05,1.0499999545048246,1.0499999545048246
9,2020-01-01T09:00:00+00:00,distributed_committable,76,122_HYDRO_3,122,true,false,3.7999999999999998,3.7999999999999998,0,3.7999999999999998,3.7999999999999998,-2.0924291965954862,-10,16,1.05,1.0499999545048246,1.0499999545048246
9,2020-01-01T09:00:00+00:00,distributed_committable,77,122_HYDRO_4,122,true,false,3.7999999999999998,3.7999999999999998,0,3.7999999999999998,3.7999999999999998,-2.0924291965954862,-10,16,1.05,1.0499999545048246,1.0499999545048246
9,2020-01-01T09:00:00+00:00,distributed_committable,78,122_HYDRO_5,122,true,false,3.7999999999999998,3.7999999999999998,0,3.7999999999999998,3.7999999999999998,-2.0924291965954862,-10,16,1.05,1.0499999545048246,1.0499999545048246
9,2020-01-01T09:00:00+00:00,distributed_committable,79,122_HYDRO_6,122,true,false,3.7999999999999998,3.7999999999999998,0,3.7999999999999998,3.7999999999999998,-2.0924291965954862,-10,16,1.05,1.0499999545048246,1.0499999545048246
9,2020-01-01T09:00:00+00:00,distributed_committable,80,201_HYDRO_4,201,true,false,18.5,18.5,0,18.5,18.5,-9.9994784251653694,-10,16,1.05,1.0205956925339499,1.0205956925339499
9,2020-01-01T09:00:00+00:00,distributed_committable,81,214_SYNC_COND_1,214,true,false,0,0,0,0,0,12.35664820700754,-50,200,1.05,1.0109283069977464,1.0109283069977464
9,2020-01-01T09:00:00+00:00,distributed_committable,82,215_HYDRO_1,215,true,false,18.5,18.5,0,18.5,18.5,4.1957604678660738,-10,16,1.0437000000000001,1.0165213111788483,1.0165213111788483
9,2020-01-01T09:00:00+00:00,distributed_committable,83,215_HYDRO_2,215,true,false,18.5,18.5,0,18.5,18.5,4.1957604678660738,-10,16,1.0437000000000001,1.0165213111788483,1.0165213111788483
9,2020-01-01T09:00:00+00:00,distributed_committable,84,215_HYDRO_3,215,true,false,18.5,18.5,0,18.5,18.5,4.1957604678660765,-10,16,1.0437000000000001,1.0165213111788483,1.0165213111788483
9,2020-01-01T09:00:00+00:00,distributed_committable,85,222_HYDRO_1,222,true,false,18.5,18.5,0,18.5,18.5,-2.1288827568420596,-10,16,1.05,1.0258115866488999,1.0258115866488999
9,2020-01-01T09:00:00+00:00,distributed_committable,86,222_HYDRO_2,222,true,false,18.5,18.5,0,18.5,18.5,-2.1288827568420596,-10,16,1.05,1.0258115866488999,1.0258115866488999
9,2020-01-01T09:00:00+00:00,distributed_committable,87,222_HYDRO_3,222,true,false,18.5,18.5,0,18.5,18.5,-2.1288827568420596,-10,16,1.05,1.0258115866488999,1.0258115866488999
9,2020-01-01T09:00:00+00:00,distributed_committable,88,222_HYDRO_4,222,true,false,18.5,18.5,0,18.5,18.5,-2.1288827568420596,-10,16,1.05,1.0258115866488999,1.0258115866488999
9,2020-01-01T09:00:00+00:00,distributed_committable,89,222_HYDRO_5,222,true,false,18.5,18.5,0,18.5,18.5,-2.1288827568420596,-10,16,1.05,1.0258115866488999,1.0258115866488999
9,2020-01-01T09:00:00+00:00,distributed_committable,90,222_HYDRO_6,222,true,false,18.5,18.5,0,18.5,18.5,-2.1288827568420596,-10,16,1.05,1.0258115866488999,1.0258115866488999
9,2020-01-01T09:00:00+00:00,distributed_committable,91,314_SYNC_COND_1,314,true,false,0,0,0,0,0,-49.999621422975672,-50,200,1.05,1.0015311556115949,1.0015311556115949
9,2020-01-01T09:00:00+00:00,distributed_committable,92,322_HYDRO_1,322,true,false,32.700000000000003,32.700000000000003,0,32.700000000000003,32.700000000000003,1.9597439507779182,-10,16,1.05,1.0485238165514452,1.0485238165514452
9,2020-01-01T09:00:00+00:00,distributed_committable,93,322_HYDRO_2,322,true,false,32.700000000000003,32.700000000000003,0,32.700000000000003,32.700000000000003,1.9597439507779206,-10,16,1.05,1.0485238165514452,1.0485238165514452
9,2020-01-01T09:00:00+00:00,distributed_committable,94,322_HYDRO_3,322,true,false,32.700000000000003,32.700000000000003,0,32.700000000000003,32.700000000000003,1.9597439507779206,-10,16,1.05,1.0485238165514452,1.0485238165514452
9,2020-01-01T09:00:00+00:00,distributed_committable,95,322_HYDRO_4,322,true,false,32.700000000000003,32.700000000000003,0,32.700000000000003,32.700000000000003,1.9597439507779206,-10,16,1.05,1.0485238165514452,1.0485238165514452
9,2020-01-01T09:00:00+00:00,distributed_committable,96,320_PV_1,320,true,false,34.899999999999999,34.899999999999999,0,34.899999999999999,34.899999999999999,0,0,0,1,1.0320081411395088,1.0320081411395088
9,2020-01-01T09:00:00+00:00,distributed_committable,97,314_PV_1,314,true,false,34.5,34.5,0,34.5,34.5,0,0,0,1.05,1.0015311556115949,1.0015311556115949
9,2020-01-01T09:00:00+00:00,distributed_committable,98,314_PV_2,314,true,false,34.899999999999999,34.899999999999999,0,34.899999999999999,34.899999999999999,0,0,0,1.05,1.0015311556115949,1.0015311556115949
9,2020-01-01T09:00:00+00:00,distributed_committable,99,313_PV_1,313,true,false,58.399999999999999,58.399999999999999,0,58.399999999999999,58.399999999999999,0,0,0,1,1.0197881395921187,1.0197881395921187
9,2020-01-01T09:00:00+00:00,distributed_committable,100,314_PV_3,314,true,false,60.899999999999999,60.899999999999999,0,60.899999999999999,60.899999999999999,0,0,0,1.05,1.0015311556115949,1.0015311556115949
9,2020-01-01T09:00:00+00:00,distributed_committable,101,314_PV_4,314,true,false,34.899999999999999,34.899999999999999,0,34.899999999999999,34.899999999999999,0,0,0,1.05,1.0015311556115949,1.0015311556115949
9,2020-01-01T09:00:00+00:00,distributed_committable,102,313_PV_2,313,true,false,58.799999999999997,58.799999999999997,0,58.799999999999997,58.799999999999997,0,0,0,1,1.0197881395921187,1.0197881395921187
9,2020-01-01T09:00:00+00:00,distributed_committable,103,310_PV_1,310,true,false,33.399999999999999,33.399999999999999,0,33.399999999999999,33.399999999999999,0,0,0,1,1.0499999920054837,1.0499999920054837
9,2020-01-01T09:00:00+00:00,distributed_committable,104,324_PV_1,324,true,false,34,34,0,34,34,0,0,0,1,1.016516206861791,1.016516206861791
9,2020-01-01T09:00:00+00:00,distributed_committable,105,312_PV_1,312,true,false,59,59,0,59,59,0,0,0,1,1.0152141866258546,1.0152141866258546
9,2020-01-01T09:00:00+00:00,distributed_committable,106,310_PV_2,310,true,false,33.399999999999999,33.399999999999999,0,33.399999999999999,33.399999999999999,0,0,0,1,1.0499999920054837,1.0499999920054837
9,2020-01-01T09:00:00+00:00,distributed_committable,107,324_PV_2,324,true,false,35.700000000000003,35.700000000000003,0,35.700000000000003,35.700000000000003,0,0,0,1,1.016516206861791,1.016516206861791
9,2020-01-01T09:00:00+00:00,distributed_committable,108,324_PV_3,324,true,false,35.600000000000001,35.600000000000001,0,35.600000000000001,35.600000000000001,0,0,0,1,1.016516206861791,1.016516206861791
9,2020-01-01T09:00:00+00:00,distributed_committable,109,113_PV_1,113,true,false,66.599999999999994,66.599999999999994,0,66.599999999999994,66.599999999999994,0,0,0,1,1.0145190735811056,1.0145190735811056
9,2020-01-01T09:00:00+00:00,distributed_committable,110,319_PV_1,319,true,false,136.69999999999999,136.69999999999999,0,136.69999999999999,136.69999999999999,0,0,0,1,1.0297821817646609,1.0297821817646609
9,2020-01-01T09:00:00+00:00,distributed_committable,111,215_PV_1,215,true,false,86.099999999999994,86.099999999999994,0,86.099999999999994,86.099999999999994,0,0,0,1.0437000000000001,1.0165213111788483,1.0165213111788483
9,2020-01-01T09:00:00+00:00,distributed_committable,112,102_PV_1,102,true,false,19,19,0,19,19,0,0,0,1.0467,1.031123878206619,1.031123878206619
9,2020-01-01T09:00:00+00:00,distributed_committable,113,101_PV_1,101,true,false,18.199999999999999,18.199999999999999,0,18.199999999999999,18.199999999999999,0,0,0,1.0468,1.0321271859651733,1.0321271859651733
9,2020-01-01T09:00:00+00:00,distributed_committable,114,102_PV_2,102,true,false,18.800000000000001,18.800000000000001,0,18.800000000000001,18.800000000000001,0,0,0,1.0467,1.031123878206619,1.031123878206619
9,2020-01-01T09:00:00+00:00,distributed_committable,115,104_PV_1,104,true,false,18.300000000000001,18.300000000000001,0,18.300000000000001,18.300000000000001,0,0,0,1,1.0230634275500423,1.0230634275500423
9,2020-01-01T09:00:00+00:00,distributed_committable,116,212_CSP_1,212,false,false,0,0,0,0,0,0,0,0,1,1,1.0110207079807445
9,2020-01-01T09:00:00+00:00,distributed_committable,117,101_PV_2,101,true,false,19.100000000000001,19.100000000000001,0,19.100000000000001,19.100000000000001,0,0,0,1.0468,1.0321271859651733,1.0321271859651733
9,2020-01-01T09:00:00+00:00,distributed_committable,118,101_PV_3,101,true,false,19.399999999999999,19.399999999999999,0,19.399999999999999,19.399999999999999,0,0,0,1.0468,1.0321271859651733,1.0321271859651733
9,2020-01-01T09:00:00+00:00,distributed_committable,119,101_PV_4,101,true,false,17.899999999999999,17.899999999999999,0,17.899999999999999,17.899999999999999,0,0,0,1.0468,1.0321271859651733,1.0321271859651733
9,2020-01-01T09:00:00+00:00,distributed_committable,120,103_PV_1,103,true,false,38.299999999999997,38.299999999999997,0,38.299999999999997,38.299999999999997,0,0,0,1,1.0309165447138129,1.0309165447138129
9,2020-01-01T09:00:00+00:00,distributed_committable,121,119_PV_1,119,true,false,37.399999999999999,37.399999999999999,0,37.399999999999999,37.399999999999999,0,0,0,1,1.0177929587515635,1.0177929587515635
9,2020-01-01T09:00:00+00:00,distributed_committable,122,308_RTPV_1,308,true,false,52.899999999999999,52.900000000000006,7.1054273576010019e-15,52.899999999999999,52.899999999999999,0,0,0,1,0.97992348348060776,0.97992348348060776
9,2020-01-01T09:00:00+00:00,distributed_committable,123,313_RTPV_1,313,true,false,53,53,0,53,53,0,0,0,1,1.0197881395921187,1.0197881395921187
9,2020-01-01T09:00:00+00:00,distributed_committable,124,313_RTPV_2,313,true,false,33.899999999999999,33.899999999999999,0,33.899999999999999,33.899999999999999,0,0,0,1,1.0197881395921187,1.0197881395921187
9,2020-01-01T09:00:00+00:00,distributed_committable,125,313_RTPV_3,313,true,false,32.299999999999997,32.299999999999997,0,32.299999999999997,32.299999999999997,0,0,0,1,1.0197881395921187,1.0197881395921187
9,2020-01-01T09:00:00+00:00,distributed_committable,126,313_RTPV_4,313,true,false,34.200000000000003,34.200000000000003,0,34.200000000000003,34.200000000000003,0,0,0,1,1.0197881395921187,1.0197881395921187
9,2020-01-01T09:00:00+00:00,distributed_committable,127,313_RTPV_5,313,true,false,33.600000000000001,33.600000000000001,0,33.600000000000001,33.600000000000001,0,0,0,1,1.0197881395921187,1.0197881395921187
9,2020-01-01T09:00:00+00:00,distributed_committable,128,313_RTPV_6,313,true,false,33.100000000000001,33.100000000000001,0,33.100000000000001,33.100000000000001,0,0,0,1,1.0197881395921187,1.0197881395921187
9,2020-01-01T09:00:00+00:00,distributed_committable,129,313_RTPV_7,313,true,false,34.5,34.5,0,34.5,34.5,0,0,0,1,1.0197881395921187,1.0197881395921187
9,2020-01-01T09:00:00+00:00,distributed_committable,130,313_RTPV_8,313,true,false,34.100000000000001,34.100000000000001,0,34.100000000000001,34.100000000000001,0,0,0,1,1.0197881395921187,1.0197881395921187
9,2020-01-01T09:00:00+00:00,distributed_committable,131,313_RTPV_9,313,true,false,34.600000000000001,34.600000000000001,0,34.600000000000001,34.600000000000001,0,0,0,1,1.0197881395921187,1.0197881395921187
9,2020-01-01T09:00:00+00:00,distributed_committable,132,313_RTPV_10,313,true,false,34.799999999999997,34.799999999999997,0,34.799999999999997,34.799999999999997,0,0,0,1,1.0197881395921187,1.0197881395921187
9,2020-01-01T09:00:00+00:00,distributed_committable,133,313_RTPV_11,313,true,false,37,37,0,37,37,0,0,0,1,1.0197881395921187,1.0197881395921187
9,2020-01-01T09:00:00+00:00,distributed_committable,134,313_RTPV_12,313,true,false,15.5,15.5,0,15.5,15.5,0,0,0,1,1.0197881395921187,1.0197881395921187
9,2020-01-01T09:00:00+00:00,distributed_committable,135,320_RTPV_1,320,true,false,15.5,15.5,0,15.5,15.5,0,0,0,1,1.0320081411395088,1.0320081411395088
9,2020-01-01T09:00:00+00:00,distributed_committable,136,320_RTPV_2,320,true,false,15.5,15.5,0,15.5,15.5,0,0,0,1,1.0320081411395088,1.0320081411395088
9,2020-01-01T09:00:00+00:00,distributed_committable,137,320_RTPV_3,320,true,false,15.199999999999999,15.199999999999999,0,15.199999999999999,15.199999999999999,0,0,0,1,1.0320081411395088,1.0320081411395088
9,2020-01-01T09:00:00+00:00,distributed_committable,138,313_RTPV_13,313,true,false,15.1,15.1,0,15.1,15.1,0,0,0,1,1.0197881395921187,1.0197881395921187
9,2020-01-01T09:00:00+00:00,distributed_committable,139,320_RTPV_4,320,true,false,14.5,14.499999999999998,-1.7763568394002505e-15,14.5,14.5,0,0,0,1,1.0320081411395088,1.0320081411395088
9,2020-01-01T09:00:00+00:00,distributed_committable,140,320_RTPV_5,320,true,false,16,16,0,16,16,0,0,0,1,1.0320081411395088,1.0320081411395088
9,2020-01-01T09:00:00+00:00,distributed_committable,141,118_RTPV_1,118,true,false,5,5,0,5,5,0,0,0,1,1.0353609935587682,1.0353609935587682
9,2020-01-01T09:00:00+00:00,distributed_committable,142,118_RTPV_2,118,true,false,5,5,0,5,5,0,0,0,1,1.0353609935587682,1.0353609935587682
9,2020-01-01T09:00:00+00:00,distributed_committable,143,118_RTPV_3,118,true,false,5.0999999999999996,5.0999999999999996,0,5.0999999999999996,5.0999999999999996,0,0,0,1,1.0353609935587682,1.0353609935587682
9,2020-01-01T09:00:00+00:00,distributed_committable,144,118_RTPV_4,118,true,false,5.0999999999999996,5.0999999999999996,0,5.0999999999999996,5.0999999999999996,0,0,0,1,1.0353609935587682,1.0353609935587682
9,2020-01-01T09:00:00+00:00,distributed_committable,145,118_RTPV_5,118,true,false,4.9000000000000004,4.9000000000000004,0,4.9000000000000004,4.9000000000000004,0,0,0,1,1.0353609935587682,1.0353609935587682
9,2020-01-01T09:00:00+00:00,distributed_committable,146,118_RTPV_6,118,true,false,5,5,0,5,5,0,0,0,1,1.0353609935587682,1.0353609935587682
9,2020-01-01T09:00:00+00:00,distributed_committable,147,320_RTPV_6,320,true,false,5,5,0,5,5,0,0,0,1,1.0320081411395088,1.0320081411395088
9,2020-01-01T09:00:00+00:00,distributed_committable,148,118_RTPV_7,118,true,false,6,6,0,6,6,0,0,0,1,1.0353609935587682,1.0353609935587682
9,2020-01-01T09:00:00+00:00,distributed_committable,149,118_RTPV_8,118,true,false,6.0999999999999996,6.0999999999999996,0,6.0999999999999996,6.0999999999999996,0,0,0,1,1.0353609935587682,1.0353609935587682
9,2020-01-01T09:00:00+00:00,distributed_committable,150,118_RTPV_9,118,true,false,5.5,5.5,0,5.5,5.5,0,0,0,1,1.0353609935587682,1.0353609935587682
9,2020-01-01T09:00:00+00:00,distributed_committable,151,118_RTPV_10,118,true,false,2.5,2.5,0,2.5,2.5,0,0,0,1,1.0353609935587682,1.0353609935587682
9,2020-01-01T09:00:00+00:00,distributed_committable,152,213_RTPV_1,213,true,false,7,7.0000000000000009,8.8817841970012523e-16,7,7,0,0,0,1,1.0094302420170478,1.0094302420170478
9,2020-01-01T09:00:00+00:00,distributed_committable,153,309_WIND_1,309,true,false,30.699999999999999,30.699999999999999,0,30.699999999999999,30.699999999999999,0,0,0,1,1.0241936392838682,1.0241936392838682
9,2020-01-01T09:00:00+00:00,distributed_committable,154,317_WIND_1,317,true,false,447.63999999999999,447.63999999999999,0,447.63999999999999,447.63999999999999,0,0,0,1,1.0351489452527098,1.0351489452527098
9,2020-01-01T09:00:00+00:00,distributed_committable,155,303_WIND_1,303,true,false,3.6000000000000001,3.6000000000000005,4.4408920985006262e-16,3.6000000000000001,3.6000000000000001,0,0,0,1,1.0189814581082139,1.0189814581082139
9,2020-01-01T09:00:00+00:00,distributed_committable,156,122_WIND_1,122,true,false,274.19999999999999,274.19999999999999,0,274.19999999999999,274.19999999999999,0,0,0,1.05,1.0499999545048246,1.0499999545048246
9,2020-01-01T09:00:00+00:00,distributed_committable,157,313_STORAGE_1,313,false,false,0,0,0,0,0,0,0,0,1,1,1.0197881395921187
10,2020-01-01T10:00:00+00:00,distributed_committable,0,101_CT_1,101,false,false,0,0,0,0,0,0,0,10,1.0468,1.0468,1.0451147404939847
10,2020-01-01T10:00:00+00:00,distributed_committable,1,101_CT_2,101,false,false,0,0,0,0,0,0,0,10,1.0468,1.0468,1.0451147404939847
10,2020-01-01T10:00:00+00:00,distributed_committable,2,101_STEAM_3,101,true,true,76,75.999999782676326,-2.1732367372351291e-07,30,76,-19.49881757261554,-25,30,1.0468,1.0451147404939847,1.0451147404939847
10,2020-01-01T10:00:00+00:00,distributed_committable,3,101_STEAM_4,101,true,true,76,75.999999782676326,-2.1732367372351291e-07,30,76,-19.49881757261554,-25,30,1.0468,1.0451147404939847,1.0451147404939847
10,2020-01-01T10:00:00+00:00,distributed_committable,4,102_CT_1,102,false,false,0,0,0,0,0,0,0,10,1.0467,1.0467,1.0442088953420667
10,2020-01-01T10:00:00+00:00,distributed_committable,5,102_CT_2,102,false,false,0,0,0,0,0,0,0,10,1.0467,1.0467,1.0442088953420667
10,2020-01-01T10:00:00+00:00,distributed_committable,6,102_STEAM_3,102,true,true,45.333333328000002,50.608018441085079,5.2746851130850771,30,76,-18.011164878884813,-25,30,1.0467,1.0442088953420667,1.0442088953420667
10,2020-01-01T10:00:00+00:00,distributed_committable,7,102_STEAM_4,102,true,true,45.333333328000002,50.608018441085079,5.2746851130850771,30,76,-18.011164878884813,-25,30,1.0467,1.0442088953420667,1.0442088953420667
10,2020-01-01T10:00:00+00:00,distributed_committable,8,107_CC_1,107,false,false,0,0,0,0,0,0,-25,150,1.05,1.05,0.99016314970850272
10,2020-01-01T10:00:00+00:00,distributed_committable,9,113_CT_1,113,false,false,0,0,0,0,0,0,-15,19,1.0347,1.0347,1.0112718672572358
10,2020-01-01T10:00:00+00:00,distributed_committable,10,113_CT_2,113,false,false,0,0,0,0,0,0,-15,19,1.0347,1.0347,1.0112718672572358
10,2020-01-01T10:00:00+00:00,distributed_committable,11,113_CT_3,113,false,false,0,0,0,0,0,0,-15,19,1.0347,1.0347,1.0112718672572358
10,2020-01-01T10:00:00+00:00,distributed_committable,12,113_CT_4,113,false,false,0,0,0,0,0,0,-15,19,1.0347,1.0347,1.0112718672572358
10,2020-01-01T10:00:00+00:00,distributed_committable,13,115_STEAM_1,115,false,false,0,0,0,0,0,0,0,6,1.0427999999999999,1.0427999999999999,1.0214751545370737
10,2020-01-01T10:00:00+00:00,distributed_committable,14,115_STEAM_2,115,false,false,0,0,0,0,0,0,0,6,1.0427999999999999,1.0427999999999999,1.0214751545370737
10,2020-01-01T10:00:00+00:00,distributed_committable,15,115_STEAM_3,115,true,true,62,67.494337026159684,5.494337026159684,62,155,34.102025661260349,-50,80,1.0427999999999999,1.0214751545370737,1.0214751545370737
10,2020-01-01T10:00:00+00:00,distributed_committable,16,116_STEAM_1,116,false,false,0,0,0,0,0,0,-50,80,1.0461,1.0461,1.0147452428585308
10,2020-01-01T10:00:00+00:00,distributed_committable,17,118_CC_1,118,false,false,0,0,0,0,0,0,-25,150,1.05,1.05,1.0249377392309778
10,2020-01-01T10:00:00+00:00,distributed_committable,18,123_STEAM_2,123,true,true,62,67.603197616145437,5.6031976161454367,62,155,-47.892160873741815,-50,80,1.05,1.0077934172294487,1.0077934172294487
10,2020-01-01T10:00:00+00:00,distributed_committable,19,123_STEAM_3,123,true,true,140,145.60319762363741,5.6031976236374135,140,350,-22.861195130846873,-25,150,1.05,1.0077934172294487,1.0077934172294487
10,2020-01-01T10:00:00+00:00,distributed_committable,20,123_CT_1,123,false,false,0,0,0,0,0,0,-15,19,1.05,1.05,1.0077934172294487
10,2020-01-01T10:00:00+00:00,distributed_committable,21,123_CT_4,123,false,false,0,0,0,0,0,0,-15,19,1.05,1.05,1.0077934172294487
10,2020-01-01T10:00:00+00:00,distributed_committable,22,123_CT_5,123,false,false,0,0,0,0,0,0,-15,19,1.05,1.05,1.0077934172294487
10,2020-01-01T10:00:00+00:00,distributed_committable,23,201_CT_1,201,false,false,0,0,0,0,0,0,0,10,1.05,1.05,1.0219584952608387
10,2020-01-01T10:00:00+00:00,distributed_committable,24,201_CT_2,201,false,false,0,0,0,0,0,0,0,10,1.05,1.05,1.0219584952608387
10,2020-01-01T10:00:00+00:00,distributed_committable,25,201_STEAM_3,201,false,false,0,0,0,0,0,0,-25,30,1.05,1.05,1.0219584952608387
10,2020-01-01T10:00:00+00:00,distributed_committable,26,202_CT_1,202,false,false,0,0,0,0,0,0,0,10,1.05,1.05,1.0210410597650112
10,2020-01-01T10:00:00+00:00,distributed_committable,27,202_CT_2,202,false,false,0,0,0,0,0,0,0,10,1.05,1.05,1.0210410597650112
10,2020-01-01T10:00:00+00:00,distributed_committable,28,202_STEAM_3,202,true,true,30,36.116695725496911,6.1166957254969105,30,76,-20.628149713028662,-25,30,1.05,1.0210410597650112,1.0210410597650112
10,2020-01-01T10:00:00+00:00,distributed_committable,29,202_STEAM_4,202,true,true,30,36.116695725496911,6.1166957254969105,30,76,-20.628149713028666,-25,30,1.05,1.0210410597650112,1.0210410597650112
10,2020-01-01T10:00:00+00:00,distributed_committable,30,207_CT_1,207,false,false,0,0,0,0,0,0,-15,19,0.96989999999999998,0.96989999999999998,0.97139020548642196
10,2020-01-01T10:00:00+00:00,distributed_committable,31,207_CT_2,207,false,false,0,0,0,0,0,0,-15,19,0.96989999999999998,0.96989999999999998,0.97139020548642196
10,2020-01-01T10:00:00+00:00,distributed_committable,32,213_CC_3,213,false,false,0,0,0,0,0,0,-25,150,1.05,1.05,1.0076689393659171
10,2020-01-01T10:00:00+00:00,distributed_committable,33,213_CT_1,213,false,false,0,0,0,0,0,0,-15,19,1.05,1.05,1.0076689393659171
10,2020-01-01T10:00:00+00:00,distributed_committable,34,213_CT_2,213,false,false,0,0,0,0,0,0,-15,19,1.05,1.05,1.0076689393659171
10,2020-01-01T10:00:00+00:00,distributed_committable,35,215_CT_4,215,false,false,0,0,0,0,0,0,-15,19,1.0437000000000001,1.0437000000000001,1.0119883936909575
10,2020-01-01T10:00:00+00:00,distributed_committable,36,215_CT_5,215,false,false,0,0,0,0,0,0,-15,19,1.0437000000000001,1.0437000000000001,1.0119883936909575
10,2020-01-01T10:00:00+00:00,distributed_committable,37,216_STEAM_1,216,true,true,93,98.840870103285312,5.8408701032853116,62,155,25.740608002937389,-50,80,1.0472999999999999,1.0150153251290222,1.0150153251290222
10,2020-01-01T10:00:00+00:00,distributed_committable,38,218_CC_1,218,false,false,0,0,0,0,0,0,-25,150,1.05,1.05,1.0109080921529074
10,2020-01-01T10:00:00+00:00,distributed_committable,39,221_CC_1,221,false,false,0,0,0,0,0,0,-25,150,1.05,1.05,1.0138616608203983
10,2020-01-01T10:00:00+00:00,distributed_committable,40,223_STEAM_1,223,true,true,62,67.809125717442882,5.8091257174428819,62,155,-0.29873504158564945,-50,80,1.05,1.0282513655033487,1.0282513655033487
10,2020-01-01T10:00:00+00:00,distributed_committable,41,223_STEAM_2,223,true,true,62,67.809125717442882,5.8091257174428819,62,155,-0.29873504158565145,-50,80,1.05,1.0282513655033487,1.0282513655033487
10,2020-01-01T10:00:00+00:00,distributed_committable,42,223_STEAM_3,223,true,true,191.984679344,197.79380488993093,5.8091255459309252,140,350,35.976251993870498,-25,150,1.05,1.0282513655033487,1.0282513655033487
10,2020-01-01T10:00:00+00:00,distributed_committable,43,223_CT_4,223,false,false,0,0,0,0,0,0,-15,19,1.05,1.05,1.0282513655033487
10,2020-01-01T10:00:00+00:00,distributed_committable,44,223_CT_5,223,false,false,0,0,0,0,0,0,-15,19,1.05,1.05,1.0282513655033487
10,2020-01-01T10:00:00+00:00,distributed_committable,45,223_CT_6,223,false,false,0,0,0,0,0,0,-15,19,1.05,1.05,1.0282513655033487
10,2020-01-01T10:00:00+00:00,distributed_committable,46,301_CT_1,301,false,false,0,0,0,0,0,0,0,10,1.05,1.05,1.0231166157641545
10,2020-01-01T10:00:00+00:00,distributed_committable,47,301_CT_2,301,false,false,0,0,0,0,0,0,0,10,1.05,1.05,1.0231166157641545
10,2020-01-01T10:00:00+00:00,distributed_committable,48,301_CT_3,301,false,false,0,0,0,0,0,0,-15,19,1.05,1.05,1.0231166157641545
10,2020-01-01T10:00:00+00:00,distributed_committable,49,301_CT_4,301,false,false,0,0,0,0,0,0,-15,19,1.05,1.05,1.0231166157641545
10,2020-01-01T10:00:00+00:00,distributed_committable,50,302_CT_1,302,false,false,0,0,0,0,0,0,0,10,1.05,1.05,1.0232187172168068
10,2020-01-01T10:00:00+00:00,distributed_committable,51,302_CT_2,302,false,false,0,0,0,0,0,0,0,10,1.05,1.05,1.0232187172168068
10,2020-01-01T10:00:00+00:00,distributed_committable,52,302_CT_3,302,false,false,0,0,0,0,0,0,-15,19,1.05,1.05,1.0232187172168068
10,2020-01-01T10:00:00+00:00,distributed_committable,53,302_CT_4,302,false,false,0,0,0,0,0,0,-15,19,1.05,1.05,1.0232187172168068
10,2020-01-01T10:00:00+00:00,distributed_committable,54,307_CT_1,307,false,false,0,0,0,0,0,0,-15,19,0.95679999999999998,0.95679999999999998,0.9586085348670319
10,2020-01-01T10:00:00+00:00,distributed_committable,55,307_CT_2,307,false,false,0,0,0,0,0,0,-15,19,0.95679999999999998,0.95679999999999998,0.9586085348670319
10,2020-01-01T10:00:00+00:00,distributed_committable,56,313_CC_1,313,false,false,0,0,0,0,0,0,-25,150,1.0349999999999999,1.0349999999999999,1.0210377584175119
10,2020-01-01T10:00:00+00:00,distributed_committable,57,315_STEAM_1,315,false,false,0,0,0,0,0,0,0,6,1.0422,1.0422,1.0239582771107882
10,2020-01-01T10:00:00+00:00,distributed_committable,58,315_STEAM_2,315,false,false,0,0,0,0,0,0,0,6,1.0422,1.0422,1.0239582771107882
10,2020-01-01T10:00:00+00:00,distributed_committable,59,315_STEAM_3,315,false,false,0,0,0,0,0,0,0,6,1.0422,1.0422,1.0239582771107882
10,2020-01-01T10:00:00+00:00,distributed_committable,60,315_STEAM_4,315,false,false,0,0,0,0,0,0,0,6,1.0422,1.0422,1.0239582771107882
10,2020-01-01T10:00:00+00:00,distributed_committable,61,315_STEAM_5,315,false,false,0,0,0,0,0,0,0,6,1.0422,1.0422,1.0239582771107882
10,2020-01-01T10:00:00+00:00,distributed_committable,62,315_CT_6,315,false,false,0,0,0,0,0,0,-15,19,1.0422,1.0422,1.0239582771107882
10,2020-01-01T10:00:00+00:00,distributed_committable,63,315_CT_7,315,false,false,0,0,0,0,0,0,-15,19,1.0422,1.0422,1.0239582771107882
10,2020-01-01T10:00:00+00:00,distributed_committable,64,315_CT_8,315,false,false,0,0,0,0,0,0,0,60,1.0422,1.0422,1.0239582771107882
10,2020-01-01T10:00:00+00:00,distributed_committable,65,316_STEAM_1,316,true,true,62,67.569430772109101,5.5694307721091008,62,155,69.906663932225811,-50,80,1.0448999999999999,1.0296314639287938,1.0296314639287938
10,2020-01-01T10:00:00+00:00,distributed_committable,66,318_CC_1,318,false,false,0,0,0,0,0,0,-25,150,1.05,1.05,1.0273925396968397
10,2020-01-01T10:00:00+00:00,distributed_committable,67,321_CC_1,321,false,false,0,0,0,0,0,0,-25,150,1.05,1.05,1.0296230756093803
10,2020-01-01T10:00:00+00:00,distributed_committable,68,322_CT_5,322,false,false,0,0,0,0,0,0,-15,19,1.05,1.05,1.0443166249170015
10,2020-01-01T10:00:00+00:00,distributed_committable,69,322_CT_6,322,false,false,0,0,0,0,0,0,-15,19,1.05,1.05,1.0443166249170015
10,2020-01-01T10:00:00+00:00,distributed_committable,70,323_CC_1,323,false,false,0,0,0,0,0,0,-25,150,1.05,1.05,1.0307517312602172
10,2020-01-01T10:00:00+00:00,distributed_committable,71,323_CC_2,323,false,false,0,0,0,0,0,0,-25,150,1.05,1.05,1.0307517312602172
10,2020-01-01T10:00:00+00:00,distributed_committable,72,114_SYNC_COND_1,114,true,false,0,0,0,0,0,-49.999894973199488,-50,200,1.0441,0.99324739911321192,0.99324739911321192
10,2020-01-01T10:00:00+00:00,distributed_committable,73,121_NUCLEAR_1,121,true,true,400,399.99999978908869,-2.1091130975037231e-07,396,400,-0.46103262064342498,-50,200,1.05,1.030396544282395,1.030396544282395
10,2020-01-01T10:00:00+00:00,distributed_committable,74,122_HYDRO_1,122,true,false,3.7999999999999998,3.7999999999999998,0,3.7999999999999998,3.7999999999999998,-1.9733733036899161,-10,16,1.05,1.0354783121931543,1.0354783121931543
10,2020-01-01T10:00:00+00:00,distributed_committable,75,122_HYDRO_2,122,true,false,3.7999999999999998,3.7999999999999998,0,3.7999999999999998,3.7999999999999998,-1.9733733036899161,-10,16,1.05,1.0354783121931543,1.0354783121931543
10,2020-01-01T10:00:00+00:00,distributed_committable,76,122_HYDRO_3,122,true,false,3.7999999999999998,3.7999999999999998,0,3.7999999999999998,3.7999999999999998,-1.9733733036899161,-10,16,1.05,1.0354783121931543,1.0354783121931543
10,2020-01-01T10:00:00+00:00,distributed_committable,77,122_HYDRO_4,122,true,false,3.7999999999999998,3.7999999999999998,0,3.7999999999999998,3.7999999999999998,-1.9733733036899161,-10,16,1.05,1.0354783121931543,1.0354783121931543
10,2020-01-01T10:00:00+00:00,distributed_committable,78,122_HYDRO_5,122,true,false,3.7999999999999998,3.7999999999999998,0,3.7999999999999998,3.7999999999999998,-1.9733733036899161,-10,16,1.05,1.0354783121931543,1.0354783121931543
10,2020-01-01T10:00:00+00:00,distributed_committable,79,122_HYDRO_6,122,true,false,3.7999999999999998,3.7999999999999998,0,3.7999999999999998,3.7999999999999998,-1.9733733036899161,-10,16,1.05,1.0354783121931543,1.0354783121931543
10,2020-01-01T10:00:00+00:00,distributed_committable,80,201_HYDRO_4,201,true,false,18.699999999999999,18.699999999999999,0,18.699999999999999,18.699999999999999,-9.9997277184012692,-10,16,1.05,1.0219584952608387,1.0219584952608387
10,2020-01-01T10:00:00+00:00,distributed_committable,81,214_SYNC_COND_1,214,true,false,0,0,0,0,0,14.438014710319006,-50,200,1.05,1.009072305254447,1.009072305254447
10,2020-01-01T10:00:00+00:00,distributed_committable,82,215_HYDRO_1,215,true,false,18.699999999999999,18.699999999999999,0,18.699999999999999,18.699999999999999,1.731384545381113,-10,16,1.0437000000000001,1.0119883936909575,1.0119883936909575
10,2020-01-01T10:00:00+00:00,distributed_committable,83,215_HYDRO_2,215,true,false,18.699999999999999,18.699999999999999,0,18.699999999999999,18.699999999999999,1.731384545381113,-10,16,1.0437000000000001,1.0119883936909575,1.0119883936909575
10,2020-01-01T10:00:00+00:00,distributed_committable,84,215_HYDRO_3,215,true,false,18.699999999999999,18.699999999999999,0,18.699999999999999,18.699999999999999,1.731384545381113,-10,16,1.0437000000000001,1.0119883936909575,1.0119883936909575
10,2020-01-01T10:00:00+00:00,distributed_committable,85,222_HYDRO_1,222,true,false,18.699999999999999,18.699999999999999,0,18.699999999999999,18.699999999999999,-2.3058163628733421,-10,16,1.05,1.0207091344266461,1.0207091344266461
10,2020-01-01T10:00:00+00:00,distributed_committable,86,222_HYDRO_2,222,true,false,18.699999999999999,18.699999999999999,0,18.699999999999999,18.699999999999999,-2.3058163628733421,-10,16,1.05,1.0207091344266461,1.0207091344266461
10,2020-01-01T10:00:00+00:00,distributed_committable,87,222_HYDRO_3,222,true,false,18.699999999999999,18.699999999999999,0,18.699999999999999,18.699999999999999,-2.3058163628733421,-10,16,1.05,1.0207091344266461,1.0207091344266461
10,2020-01-01T10:00:00+00:00,distributed_committable,88,222_HYDRO_4,222,true,false,18.699999999999999,18.699999999999999,0,18.699999999999999,18.699999999999999,-2.3058163628733421,-10,16,1.05,1.0207091344266461,1.0207091344266461
10,2020-01-01T10:00:00+00:00,distributed_committable,89,222_HYDRO_5,222,true,false,18.699999999999999,18.699999999999999,0,18.699999999999999,18.699999999999999,-2.3058163628733421,-10,16,1.05,1.0207091344266461,1.0207091344266461
10,2020-01-01T10:00:00+00:00,distributed_committable,90,222_HYDRO_6,222,true,false,18.699999999999999,18.699999999999999,0,18.699999999999999,18.699999999999999,-2.3058163628733421,-10,16,1.05,1.0207091344266461,1.0207091344266461
10,2020-01-01T10:00:00+00:00,distributed_committable,91,314_SYNC_COND_1,314,true,false,0,0,0,0,0,-17.404984097948223,-50,200,1.05,1.0115579651771964,1.0115579651771964
10,2020-01-01T10:00:00+00:00,distributed_committable,92,322_HYDRO_1,322,true,false,35.200000000000003,35.200000000000003,0,35.200000000000003,35.200000000000003,-0.30804759594509251,-10,16,1.05,1.0443166249170015,1.0443166249170015
10,2020-01-01T10:00:00+00:00,distributed_committable,93,322_HYDRO_2,322,true,false,35.200000000000003,35.200000000000003,0,35.200000000000003,35.200000000000003,-0.30804759594508768,-10,16,1.05,1.0443166249170015,1.0443166249170015
10,2020-01-01T10:00:00+00:00,distributed_committable,94,322_HYDRO_3,322,true,false,35.200000000000003,35.200000000000003,0,35.200000000000003,35.200000000000003,-0.30804759594508768,-10,16,1.05,1.0443166249170015,1.0443166249170015
10,2020-01-01T10:00:00+00:00,distributed_committable,95,322_HYDRO_4,322,true,false,35.200000000000003,35.200000000000003,0,35.200000000000003,35.200000000000003,-0.30804759594508768,-10,16,1.05,1.0443166249170015,1.0443166249170015
10,2020-01-01T10:00:00+00:00,distributed_committable,96,320_PV_1,320,true,false,35.200000000000003,35.200000000000003,0,35.200000000000003,35.200000000000003,0,0,0,1,1.0303353938591184,1.0303353938591184
10,2020-01-01T10:00:00+00:00,distributed_committable,97,314_PV_1,314,true,false,35.100000000000001,35.100000000000001,0,35.100000000000001,35.100000000000001,0,0,0,1.05,1.0115579651771964,1.0115579651771964
10,2020-01-01T10:00:00+00:00,distributed_committable,98,314_PV_2,314,true,false,36.100000000000001,36.100000000000001,0,36.100000000000001,36.100000000000001,0,0,0,1.05,1.0115579651771964,1.0115579651771964
10,2020-01-01T10:00:00+00:00,distributed_committable,99,313_PV_1,313,true,false,64.200000000000003,64.200000000000003,0,64.200000000000003,64.200000000000003,0,0,0,1,1.0210377584175119,1.0210377584175119
10,2020-01-01T10:00:00+00:00,distributed_committable,100,314_PV_3,314,true,false,64.5,64.5,0,64.5,64.5,0,0,0,1.05,1.0115579651771964,1.0115579651771964
10,2020-01-01T10:00:00+00:00,distributed_committable,101,314_PV_4,314,true,false,36.100000000000001,36.100000000000001,0,36.100000000000001,36.100000000000001,0,0,0,1.05,1.0115579651771964,1.0115579651771964
10,2020-01-01T10:00:00+00:00,distributed_committable,102,313_PV_2,313,true,false,65.400000000000006,65.400000000000006,0,65.400000000000006,65.400000000000006,0,0,0,1,1.0210377584175119,1.0210377584175119
10,2020-01-01T10:00:00+00:00,distributed_committable,103,310_PV_1,310,true,false,35.200000000000003,35.200000000000003,0,35.200000000000003,35.200000000000003,0,0,0,1,1.049999995109304,1.049999995109304
10,2020-01-01T10:00:00+00:00,distributed_committable,104,324_PV_1,324,true,false,35.100000000000001,35.100000000000001,0,35.100000000000001,35.100000000000001,0,0,0,1,1.0167734808211906,1.0167734808211906
10,2020-01-01T10:00:00+00:00,distributed_committable,105,312_PV_1,312,true,false,66,66,0,66,66,0,0,0,1,1.0145493659635652,1.0145493659635652
10,2020-01-01T10:00:00+00:00,distributed_committable,106,310_PV_2,310,true,false,35.100000000000001,35.100000000000001,0,35.100000000000001,35.100000000000001,0,0,0,1,1.049999995109304,1.049999995109304
10,2020-01-01T10:00:00+00:00,distributed_committable,107,324_PV_2,324,true,false,36.100000000000001,36.100000000000001,0,36.100000000000001,36.100000000000001,0,0,0,1,1.0167734808211906,1.0167734808211906
10,2020-01-01T10:00:00+00:00,distributed_committable,108,324_PV_3,324,true,false,36.100000000000001,36.100000000000001,0,36.100000000000001,36.100000000000001,0,0,0,1,1.0167734808211906,1.0167734808211906
10,2020-01-01T10:00:00+00:00,distributed_committable,109,113_PV_1,113,true,false,67.099999999999994,67.099999999999994,0,67.099999999999994,67.099999999999994,0,0,0,1,1.0112718672572358,1.0112718672572358
10,2020-01-01T10:00:00+00:00,distributed_committable,110,319_PV_1,319,true,false,138.90000000000001,138.90000000000001,0,138.90000000000001,138.90000000000001,0,0,0,1,1.0290037941602537,1.0290037941602537
10,2020-01-01T10:00:00+00:00,distributed_committable,111,215_PV_1,215,true,false,86.599999999999994,86.599999999999994,0,86.599999999999994,86.599999999999994,0,0,0,1.0437000000000001,1.0119883936909575,1.0119883936909575
10,2020-01-01T10:00:00+00:00,distributed_committable,112,102_PV_1,102,true,false,18.899999999999999,18.899999999999999,0,18.899999999999999,18.899999999999999,0,0,0,1.0467,1.0442088953420667,1.0442088953420667
10,2020-01-01T10:00:00+00:00,distributed_committable,113,101_PV_1,101,true,false,18.199999999999999,18.199999999999999,0,18.199999999999999,18.199999999999999,0,0,0,1.0468,1.0451147404939847,1.0451147404939847
10,2020-01-01T10:00:00+00:00,distributed_committable,114,102_PV_2,102,true,false,18.699999999999999,18.699999999999999,0,18.699999999999999,18.699999999999999,0,0,0,1.0467,1.0442088953420667,1.0442088953420667
10,2020-01-01T10:00:00+00:00,distributed_committable,115,104_PV_1,104,true,false,18.300000000000001,18.300000000000001,0,18.300000000000001,18.300000000000001,0,0,0,1,1.0275884820586756,1.0275884820586756
10,2020-01-01T10:00:00+00:00,distributed_committable,116,212_CSP_1,212,false,false,0,0,0,0,0,0,0,0,1,1,1.0096569144223679
10,2020-01-01T10:00:00+00:00,distributed_committable,117,101_PV_2,101,true,false,19,19,0,19,19,0,0,0,1.0468,1.0451147404939847,1.0451147404939847
10,2020-01-01T10:00:00+00:00,distributed_committable,118,101_PV_3,101,true,false,19.300000000000001,19.300000000000001,0,19.300000000000001,19.300000000000001,0,0,0,1.0468,1.0451147404939847,1.0451147404939847
10,2020-01-01T10:00:00+00:00,distributed_committable,119,101_PV_4,101,true,false,18.699999999999999,18.699999999999999,0,18.699999999999999,18.699999999999999,0,0,0,1.0468,1.0451147404939847,1.0451147404939847
10,2020-01-01T10:00:00+00:00,distributed_committable,120,103_PV_1,103,true,false,44.899999999999999,44.899999999999999,0,44.899999999999999,44.899999999999999,0,0,0,1,1.028377020579887,1.028377020579887
10,2020-01-01T10:00:00+00:00,distributed_committable,121,119_PV_1,119,true,false,44.100000000000001,44.100000000000001,0,44.100000000000001,44.100000000000001,0,0,0,1,1.0101503053920133,1.0101503053920133
10,2020-01-01T10:00:00+00:00,distributed_committable,122,308_RTPV_1,308,true,false,64.5,64.5,0,64.5,64.5,0,0,0,1,0.98092327420965275,0.98092327420965275
10,2020-01-01T10:00:00+00:00,distributed_committable,123,313_RTPV_1,313,true,false,64.5,64.5,0,64.5,64.5,0,0,0,1,1.0210377584175119,1.0210377584175119
10,2020-01-01T10:00:00+00:00,distributed_committable,124,313_RTPV_2,313,true,false,40.100000000000001,40.100000000000001,0,40.100000000000001,40.100000000000001,0,0,0,1,1.0210377584175119,1.0210377584175119
10,2020-01-01T10:00:00+00:00,distributed_committable,125,313_RTPV_3,313,true,false,40.100000000000001,40.100000000000001,0,40.100000000000001,40.100000000000001,0,0,0,1,1.0210377584175119,1.0210377584175119
10,2020-01-01T10:00:00+00:00,distributed_committable,126,313_RTPV_4,313,true,false,40.200000000000003,40.200000000000003,0,40.200000000000003,40.200000000000003,0,0,0,1,1.0210377584175119,1.0210377584175119
10,2020-01-01T10:00:00+00:00,distributed_committable,127,313_RTPV_5,313,true,false,39.899999999999999,39.899999999999999,0,39.899999999999999,39.899999999999999,0,0,0,1,1.0210377584175119,1.0210377584175119
10,2020-01-01T10:00:00+00:00,distributed_committable,128,313_RTPV_6,313,true,false,38.799999999999997,38.799999999999997,0,38.799999999999997,38.799999999999997,0,0,0,1,1.0210377584175119,1.0210377584175119
10,2020-01-01T10:00:00+00:00,distributed_committable,129,313_RTPV_7,313,true,false,40.700000000000003,40.700000000000003,0,40.700000000000003,40.700000000000003,0,0,0,1,1.0210377584175119,1.0210377584175119
10,2020-01-01T10:00:00+00:00,distributed_committable,130,313_RTPV_8,313,true,false,42.100000000000001,42.100000000000001,0,42.100000000000001,42.100000000000001,0,0,0,1,1.0210377584175119,1.0210377584175119
10,2020-01-01T10:00:00+00:00,distributed_committable,131,313_RTPV_9,313,true,false,41.899999999999999,41.899999999999999,0,41.899999999999999,41.899999999999999,0,0,0,1,1.0210377584175119,1.0210377584175119
10,2020-01-01T10:00:00+00:00,distributed_committable,132,313_RTPV_10,313,true,false,41.100000000000001,41.100000000000001,0,41.100000000000001,41.100000000000001,0,0,0,1,1.0210377584175119,1.0210377584175119
10,2020-01-01T10:00:00+00:00,distributed_committable,133,313_RTPV_11,313,true,false,44.399999999999999,44.399999999999999,0,44.399999999999999,44.399999999999999,0,0,0,1,1.0210377584175119,1.0210377584175119
10,2020-01-01T10:00:00+00:00,distributed_committable,134,313_RTPV_12,313,true,false,18.300000000000001,18.300000000000001,0,18.300000000000001,18.300000000000001,0,0,0,1,1.0210377584175119,1.0210377584175119
10,2020-01-01T10:00:00+00:00,distributed_committable,135,320_RTPV_1,320,true,false,18.300000000000001,18.300000000000001,0,18.300000000000001,18.300000000000001,0,0,0,1,1.0303353938591184,1.0303353938591184
10,2020-01-01T10:00:00+00:00,distributed_committable,136,320_RTPV_2,320,true,false,18.300000000000001,18.300000000000001,0,18.300000000000001,18.300000000000001,0,0,0,1,1.0303353938591184,1.0303353938591184
10,2020-01-01T10:00:00+00:00,distributed_committable,137,320_RTPV_3,320,true,false,18,18,0,18,18,0,0,0,1,1.0303353938591184,1.0303353938591184
10,2020-01-01T10:00:00+00:00,distributed_committable,138,313_RTPV_13,313,true,false,17.800000000000001,17.800000000000001,0,17.800000000000001,17.800000000000001,0,0,0,1,1.0210377584175119,1.0210377584175119
10,2020-01-01T10:00:00+00:00,distributed_committable,139,320_RTPV_4,320,true,false,17.100000000000001,17.100000000000001,0,17.100000000000001,17.100000000000001,0,0,0,1,1.0303353938591184,1.0303353938591184
10,2020-01-01T10:00:00+00:00,distributed_committable,140,320_RTPV_5,320,true,false,18.699999999999999,18.699999999999999,0,18.699999999999999,18.699999999999999,0,0,0,1,1.0303353938591184,1.0303353938591184
10,2020-01-01T10:00:00+00:00,distributed_committable,141,118_RTPV_1,118,true,false,6,6,0,6,6,0,0,0,1,1.0249377392309778,1.0249377392309778
10,2020-01-01T10:00:00+00:00,distributed_committable,142,118_RTPV_2,118,true,false,6,6,0,6,6,0,0,0,1,1.0249377392309778,1.0249377392309778
10,2020-01-01T10:00:00+00:00,distributed_committable,143,118_RTPV_3,118,true,false,6,6,0,6,6,0,0,0,1,1.0249377392309778,1.0249377392309778
10,2020-01-01T10:00:00+00:00,distributed_committable,144,118_RTPV_4,118,true,false,6.0999999999999996,6.0999999999999996,0,6.0999999999999996,6.0999999999999996,0,0,0,1,1.0249377392309778,1.0249377392309778
10,2020-01-01T10:00:00+00:00,distributed_committable,145,118_RTPV_5,118,true,false,5.7999999999999998,5.7999999999999998,0,5.7999999999999998,5.7999999999999998,0,0,0,1,1.0249377392309778,1.0249377392309778
10,2020-01-01T10:00:00+00:00,distributed_committable,146,118_RTPV_6,118,true,false,6.0999999999999996,6.0999999999999996,0,6.0999999999999996,6.0999999999999996,0,0,0,1,1.0249377392309778,1.0249377392309778
10,2020-01-01T10:00:00+00:00,distributed_committable,147,320_RTPV_6,320,true,false,5.9000000000000004,5.9000000000000004,0,5.9000000000000004,5.9000000000000004,0,0,0,1,1.0303353938591184,1.0303353938591184
10,2020-01-01T10:00:00+00:00,distributed_committable,148,118_RTPV_7,118,true,false,6.9000000000000004,6.9000000000000004,0,6.9000000000000004,6.9000000000000004,0,0,0,1,1.0249377392309778,1.0249377392309778
10,2020-01-01T10:00:00+00:00,distributed_committable,149,118_RTPV_8,118,true,false,7.2000000000000002,7.2000000000000011,8.8817841970012523e-16,7.2000000000000002,7.2000000000000002,0,0,0,1,1.0249377392309778,1.0249377392309778
10,2020-01-01T10:00:00+00:00,distributed_committable,150,118_RTPV_9,118,true,false,6.5999999999999996,6.6000000000000005,8.8817841970012523e-16,6.5999999999999996,6.5999999999999996,0,0,0,1,1.0249377392309778,1.0249377392309778
10,2020-01-01T10:00:00+00:00,distributed_committable,151,118_RTPV_10,118,true,false,3,3,0,3,3,0,0,0,1,1.0249377392309778,1.0249377392309778
10,2020-01-01T10:00:00+00:00,distributed_committable,152,213_RTPV_1,213,true,false,8,8,0,8,8,0,0,0,1,1.0076689393659171,1.0076689393659171
10,2020-01-01T10:00:00+00:00,distributed_committable,153,309_WIND_1,309,true,false,27.399999999999999,27.399999999999995,-3.5527136788005009e-15,27.399999999999999,27.399999999999999,0,0,0,1,1.0244027685509665,1.0244027685509665
10,2020-01-01T10:00:00+00:00,distributed_committable,154,317_WIND_1,317,true,false,280.738,280.738,0,280.738,280.738,0,0,0,1,1.0334939687348035,1.0334939687348035
10,2020-01-01T10:00:00+00:00,distributed_committable,155,303_WIND_1,303,true,false,2.3999999999999999,2.3999999999999999,0,2.3999999999999999,2.3999999999999999,0,0,0,1,1.0174986487010822,1.0174986487010822
10,2020-01-01T10:00:00+00:00,distributed_committable,156,122_WIND_1,122,true,false,93,93,0,93,93,0,0,0,1.05,1.0354783121931543,1.0354783121931543
10,2020-01-01T10:00:00+00:00,distributed_committable,157,313_STORAGE_1,313,false,false,0,0,0,0,0,0,0,0,1,1,1.0210377584175119
11,2020-01-01T11:00:00+00:00,distributed_committable,0,101_CT_1,101,false,false,0,0,0,0,0,0,0,10,1.0468,1.0468,1.0465353167826896
11,2020-01-01T11:00:00+00:00,distributed_committable,1,101_CT_2,101,false,false,0,0,0,0,0,0,0,10,1.0468,1.0468,1.0465353167826896
11,2020-01-01T11:00:00+00:00,distributed_committable,2,101_STEAM_3,101,true,true,76,75.999999937697879,-6.2302120795720839e-08,30,76,-18.308493682019051,-25,30,1.0468,1.0465353167826896,1.0465353167826896
11,2020-01-01T11:00:00+00:00,distributed_committable,3,101_STEAM_4,101,true,true,76,75.999999937697879,-6.2302120795720839e-08,30,76,-18.308493682019051,-25,30,1.0468,1.0465353167826896,1.0465353167826896
11,2020-01-01T11:00:00+00:00,distributed_committable,4,102_CT_1,102,false,false,0,0,0,0,0,0,0,10,1.0467,1.0467,1.0456322886578109
11,2020-01-01T11:00:00+00:00,distributed_committable,5,102_CT_2,102,false,false,0,0,0,0,0,0,0,10,1.0467,1.0467,1.0456322886578109
11,2020-01-01T11:00:00+00:00,distributed_committable,6,102_STEAM_3,102,true,true,45.333333328000002,50.162187680593483,4.8288543525934813,30,76,-17.505924722268961,-25,30,1.0467,1.0456322886578109,1.0456322886578109
11,2020-01-01T11:00:00+00:00,distributed_committable,7,102_STEAM_4,102,true,true,45.333333328000002,50.162187680593483,4.8288543525934813,30,76,-17.505924722268961,-25,30,1.0467,1.0456322886578109,1.0456322886578109
11,2020-01-01T11:00:00+00:00,distributed_committable,8,107_CC_1,107,false,false,0,0,0,0,0,0,-25,150,1.05,1.05,0.99149383323131191
11,2020-01-01T11:00:00+00:00,distributed_committable,9,113_CT_1,113,false,false,0,0,0,0,0,0,-15,19,1.0347,1.0347,1.0096796455605581
11,2020-01-01T11:00:00+00:00,distributed_committable,10,113_CT_2,113,false,false,0,0,0,0,0,0,-15,19,1.0347,1.0347,1.0096796455605581
11,2020-01-01T11:00:00+00:00,distributed_committable,11,113_CT_3,113,false,false,0,0,0,0,0,0,-15,19,1.0347,1.0347,1.0096796455605581
11,2020-01-01T11:00:00+00:00,distributed_committable,12,113_CT_4,113,false,false,0,0,0,0,0,0,-15,19,1.0347,1.0347,1.0096796455605581
11,2020-01-01T11:00:00+00:00,distributed_committable,13,115_STEAM_1,115,false,false,0,0,0,0,0,0,0,6,1.0427999999999999,1.0427999999999999,1.013353749509563
11,2020-01-01T11:00:00+00:00,distributed_committable,14,115_STEAM_2,115,false,false,0,0,0,0,0,0,0,6,1.0427999999999999,1.0427999999999999,1.013353749509563
11,2020-01-01T11:00:00+00:00,distributed_committable,15,115_STEAM_3,115,true,true,62,67.053796037430118,5.0537960374301178,62,155,18.623188203508974,-50,80,1.0427999999999999,1.013353749509563,1.013353749509563
11,2020-01-01T11:00:00+00:00,distributed_committable,16,116_STEAM_1,116,false,false,0,0,0,0,0,0,-50,80,1.0461,1.0461,1.0084827514253627
11,2020-01-01T11:00:00+00:00,distributed_committable,17,118_CC_1,118,false,false,0,0,0,0,0,0,-25,150,1.05,1.05,1.0164239946760629
11,2020-01-01T11:00:00+00:00,distributed_committable,18,123_STEAM_2,123,true,true,93,98.118269585392255,5.1182695853922553,62,155,-49.983295923212658,-50,80,1.05,1.0050054276128177,1.0050054276128177
11,2020-01-01T11:00:00+00:00,distributed_committable,19,123_STEAM_3,123,true,true,140,145.11826963955033,5.1182696395503342,140,350,-24.98305144944511,-25,150,1.05,1.0050054276128177,1.0050054276128177
11,2020-01-01T11:00:00+00:00,distributed_committable,20,123_CT_1,123,false,false,0,0,0,0,0,0,-15,19,1.05,1.05,1.0050054276128177
11,2020-01-01T11:00:00+00:00,distributed_committable,21,123_CT_4,123,false,false,0,0,0,0,0,0,-15,19,1.05,1.05,1.0050054276128177
11,2020-01-01T11:00:00+00:00,distributed_committable,22,123_CT_5,123,false,false,0,0,0,0,0,0,-15,19,1.05,1.05,1.0050054276128177
11,2020-01-01T11:00:00+00:00,distributed_committable,23,201_CT_1,201,false,false,0,0,0,0,0,0,0,10,1.05,1.05,1.0225957131817949
11,2020-01-01T11:00:00+00:00,distributed_committable,24,201_CT_2,201,false,false,0,0,0,0,0,0,0,10,1.05,1.05,1.0225957131817949
11,2020-01-01T11:00:00+00:00,distributed_committable,25,201_STEAM_3,201,false,false,0,0,0,0,0,0,-25,30,1.05,1.05,1.0225957131817949
11,2020-01-01T11:00:00+00:00,distributed_committable,26,202_CT_1,202,false,false,0,0,0,0,0,0,0,10,1.05,1.05,1.0217282487581758
11,2020-01-01T11:00:00+00:00,distributed_committable,27,202_CT_2,202,false,false,0,0,0,0,0,0,0,10,1.05,1.05,1.0217282487581758
11,2020-01-01T11:00:00+00:00,distributed_committable,28,202_STEAM_3,202,true,true,30,35.561103668067034,5.5611036680670338,30,76,-20.151689337311613,-25,30,1.05,1.0217282487581758,1.0217282487581758
11,2020-01-01T11:00:00+00:00,distributed_committable,29,202_STEAM_4,202,true,true,30,35.561103668067034,5.5611036680670338,30,76,-20.151689337311613,-25,30,1.05,1.0217282487581758,1.0217282487581758
11,2020-01-01T11:00:00+00:00,distributed_committable,30,207_CT_1,207,false,false,0,0,0,0,0,0,-15,19,0.96989999999999998,0.96989999999999998,0.97191810439399162
11,2020-01-01T11:00:00+00:00,distributed_committable,31,207_CT_2,207,false,false,0,0,0,0,0,0,-15,19,0.96989999999999998,0.96989999999999998,0.97191810439399162
11,2020-01-01T11:00:00+00:00,distributed_committable,32,213_CC_3,213,false,false,0,0,0,0,0,0,-25,150,1.05,1.05,1.0069509729664656
11,2020-01-01T11:00:00+00:00,distributed_committable,33,213_CT_1,213,false,false,0,0,0,0,0,0,-15,19,1.05,1.05,1.0069509729664656
11,2020-01-01T11:00:00+00:00,distributed_committable,34,213_CT_2,213,false,false,0,0,0,0,0,0,-15,19,1.05,1.05,1.0069509729664656
11,2020-01-01T11:00:00+00:00,distributed_committable,35,215_CT_4,215,false,false,0,0,0,0,0,0,-15,19,1.0437000000000001,1.0437000000000001,1.0098463039265821
11,2020-01-01T11:00:00+00:00,distributed_committable,36,215_CT_5,215,false,false,0,0,0,0,0,0,-15,19,1.0437000000000001,1.0437000000000001,1.0098463039265821
11,2020-01-01T11:00:00+00:00,distributed_committable,37,216_STEAM_1,216,true,true,93,98.316461254731138,5.3164612547311378,62,155,21.468678885712549,-50,80,1.0472999999999999,1.0129742094015033,1.0129742094015033
11,2020-01-01T11:00:00+00:00,distributed_committable,38,218_CC_1,218,false,false,0,0,0,0,0,0,-25,150,1.05,1.05,1.0088281302603241
11,2020-01-01T11:00:00+00:00,distributed_committable,39,221_CC_1,221,false,false,0,0,0,0,0,0,-25,150,1.05,1.05,1.0117140436985261
11,2020-01-01T11:00:00+00:00,distributed_committable,40,223_STEAM_1,223,true,true,124,129.27239295625506,5.2723929562550609,62,155,-3.998226666161337,-50,80,1.05,1.0274466256076216,1.0274466256076216
11,2020-01-01T11:00:00+00:00,distributed_committable,41,223_STEAM_2,223,true,true,101.885216344,107.1576093078346,5.272392963834605,62,155,-3.998226666161337,-50,80,1.05,1.0274466256076216,1.0274466256076216
11,2020-01-01T11:00:00+00:00,distributed_committable,42,223_STEAM_3,223,true,true,210,215.2723929652216,5.2723929652215986,140,350,30.449248403570095,-25,150,1.05,1.0274466256076216,1.0274466256076216
11,2020-01-01T11:00:00+00:00,distributed_committable,43,223_CT_4,223,false,false,0,0,0,0,0,0,-15,19,1.05,1.05,1.0274466256076216
11,2020-01-01T11:00:00+00:00,distributed_committable,44,223_CT_5,223,false,false,0,0,0,0,0,0,-15,19,1.05,1.05,1.0274466256076216
11,2020-01-01T11:00:00+00:00,distributed_committable,45,223_CT_6,223,false,false,0,0,0,0,0,0,-15,19,1.05,1.05,1.0274466256076216
11,2020-01-01T11:00:00+00:00,distributed_committable,46,301_CT_1,301,false,false,0,0,0,0,0,0,0,10,1.05,1.05,1.0235959973039652
11,2020-01-01T11:00:00+00:00,distributed_committable,47,301_CT_2,301,false,false,0,0,0,0,0,0,0,10,1.05,1.05,1.0235959973039652
11,2020-01-01T11:00:00+00:00,distributed_committable,48,301_CT_3,301,false,false,0,0,0,0,0,0,-15,19,1.05,1.05,1.0235959973039652
11,2020-01-01T11:00:00+00:00,distributed_committable,49,301_CT_4,301,false,false,0,0,0,0,0,0,-15,19,1.05,1.05,1.0235959973039652
11,2020-01-01T11:00:00+00:00,distributed_committable,50,302_CT_1,302,false,false,0,0,0,0,0,0,0,10,1.05,1.05,1.0236624929402036
11,2020-01-01T11:00:00+00:00,distributed_committable,51,302_CT_2,302,false,false,0,0,0,0,0,0,0,10,1.05,1.05,1.0236624929402036
11,2020-01-01T11:00:00+00:00,distributed_committable,52,302_CT_3,302,false,false,0,0,0,0,0,0,-15,19,1.05,1.05,1.0236624929402036
11,2020-01-01T11:00:00+00:00,distributed_committable,53,302_CT_4,302,false,false,0,0,0,0,0,0,-15,19,1.05,1.05,1.0236624929402036
11,2020-01-01T11:00:00+00:00,distributed_committable,54,307_CT_1,307,false,false,0,0,0,0,0,0,-15,19,0.95679999999999998,0.95679999999999998,0.95862121484506302
11,2020-01-01T11:00:00+00:00,distributed_committable,55,307_CT_2,307,false,false,0,0,0,0,0,0,-15,19,0.95679999999999998,0.95679999999999998,0.95862121484506302
11,2020-01-01T11:00:00+00:00,distributed_committable,56,313_CC_1,313,false,false,0,0,0,0,0,0,-25,150,1.0349999999999999,1.0349999999999999,1.020222158490915
11,2020-01-01T11:00:00+00:00,distributed_committable,57,315_STEAM_1,315,false,false,0,0,0,0,0,0,0,6,1.0422,1.0422,1.0182921403009468
11,2020-01-01T11:00:00+00:00,distributed_committable,58,315_STEAM_2,315,false,false,0,0,0,0,0,0,0,6,1.0422,1.0422,1.0182921403009468
11,2020-01-01T11:00:00+00:00,distributed_committable,59,315_STEAM_3,315,false,false,0,0,0,0,0,0,0,6,1.0422,1.0422,1.0182921403009468
11,2020-01-01T11:00:00+00:00,distributed_committable,60,315_STEAM_4,315,false,false,0,0,0,0,0,0,0,6,1.0422,1.0422,1.0182921403009468
11,2020-01-01T11:00:00+00:00,distributed_committable,61,315_STEAM_5,315,false,false,0,0,0,0,0,0,0,6,1.0422,1.0422,1.0182921403009468
11,2020-01-01T11:00:00+00:00,distributed_committable,62,315_CT_6,315,false,false,0,0,0,0,0,0,-15,19,1.0422,1.0422,1.0182921403009468
11,2020-01-01T11:00:00+00:00,distributed_committable,63,315_CT_7,315,false,false,0,0,0,0,0,0,-15,19,1.0422,1.0422,1.0182921403009468
11,2020-01-01T11:00:00+00:00,distributed_committable,64,315_CT_8,315,false,false,0,0,0,0,0,0,0,60,1.0422,1.0422,1.0182921403009468
11,2020-01-01T11:00:00+00:00,distributed_committable,65,316_STEAM_1,316,true,true,62,67.168824738040271,5.1688247380402714,62,155,61.527254780773077,-50,80,1.0448999999999999,1.0230936482505932,1.0230936482505932
11,2020-01-01T11:00:00+00:00,distributed_committable,66,318_CC_1,318,false,false,0,0,0,0,0,0,-25,150,1.05,1.05,1.0209311576906381
11,2020-01-01T11:00:00+00:00,distributed_committable,67,321_CC_1,321,false,false,0,0,0,0,0,0,-25,150,1.05,1.05,1.023040642629258
11,2020-01-01T11:00:00+00:00,distributed_committable,68,322_CT_5,322,false,false,0,0,0,0,0,0,-15,19,1.05,1.05,1.0343638740777807
11,2020-01-01T11:00:00+00:00,distributed_committable,69,322_CT_6,322,false,false,0,0,0,0,0,0,-15,19,1.05,1.05,1.0343638740777807
11,2020-01-01T11:00:00+00:00,distributed_committable,70,323_CC_1,323,false,false,0,0,0,0,0,0,-25,150,1.05,1.05,1.025502063155137
11,2020-01-01T11:00:00+00:00,distributed_committable,71,323_CC_2,323,false,false,0,0,0,0,0,0,-25,150,1.05,1.05,1.025502063155137
11,2020-01-01T11:00:00+00:00,distributed_committable,72,114_SYNC_COND_1,114,true,false,0,0,0,0,0,-49.999972201007374,-50,200,1.0441,0.99003246204020012,0.99003246204020012
11,2020-01-01T11:00:00+00:00,distributed_committable,73,121_NUCLEAR_1,121,true,true,400,399.99999993995442,-6.0045579175493913e-08,396,400,-8.5428326238402281,-50,200,1.05,1.0212349252909672,1.0212349252909672
11,2020-01-01T11:00:00+00:00,distributed_committable,74,122_HYDRO_1,122,true,false,3.7999999999999998,3.7999999999999998,0,3.7999999999999998,3.7999999999999998,-2.9479543046935244,-10,16,1.05,1.0206510771976463,1.0206510771976463
11,2020-01-01T11:00:00+00:00,distributed_committable,75,122_HYDRO_2,122,true,false,3.7999999999999998,3.7999999999999998,0,3.7999999999999998,3.7999999999999998,-2.9479543046935244,-10,16,1.05,1.0206510771976463,1.0206510771976463
11,2020-01-01T11:00:00+00:00,distributed_committable,76,122_HYDRO_3,122,true,false,3.7999999999999998,3.7999999999999998,0,3.7999999999999998,3.7999999999999998,-2.9479543046935244,-10,16,1.05,1.0206510771976463,1.0206510771976463
11,2020-01-01T11:00:00+00:00,distributed_committable,77,122_HYDRO_4,122,true,false,3.7999999999999998,3.7999999999999998,0,3.7999999999999998,3.7999999999999998,-2.9479543046935244,-10,16,1.05,1.0206510771976463,1.0206510771976463
11,2020-01-01T11:00:00+00:00,distributed_committable,78,122_HYDRO_5,122,true,false,3.7999999999999998,3.7999999999999998,0,3.7999999999999998,3.7999999999999998,-2.9479543046935244,-10,16,1.05,1.0206510771976463,1.0206510771976463
11,2020-01-01T11:00:00+00:00,distributed_committable,79,122_HYDRO_6,122,true,false,3.7999999999999998,3.7999999999999998,0,3.7999999999999998,3.7999999999999998,-2.9479543046935244,-10,16,1.05,1.0206510771976463,1.0206510771976463
11,2020-01-01T11:00:00+00:00,distributed_committable,80,201_HYDRO_4,201,true,false,18.5,18.5,0,18.5,18.5,-9.9999208228480541,-10,16,1.05,1.0225957131817949,1.0225957131817949
11,2020-01-01T11:00:00+00:00,distributed_committable,81,214_SYNC_COND_1,214,true,false,0,0,0,0,0,14.774564399076981,-50,200,1.05,1.0081711950534791,1.0081711950534791
11,2020-01-01T11:00:00+00:00,distributed_committable,82,215_HYDRO_1,215,true,false,18.5,18.5,0,18.5,18.5,0.23026037394577306,-10,16,1.0437000000000001,1.0098463039265821,1.0098463039265821
11,2020-01-01T11:00:00+00:00,distributed_committable,83,215_HYDRO_2,215,true,false,18.5,18.5,0,18.5,18.5,0.23026037394577306,-10,16,1.0437000000000001,1.0098463039265821,1.0098463039265821
11,2020-01-01T11:00:00+00:00,distributed_committable,84,215_HYDRO_3,215,true,false,18.5,18.5,0,18.5,18.5,0.23026037394577339,-10,16,1.0437000000000001,1.0098463039265821,1.0098463039265821
11,2020-01-01T11:00:00+00:00,distributed_committable,85,222_HYDRO_1,222,true,false,18.5,18.5,0,18.5,18.5,-2.4438853180635189,-10,16,1.05,1.0182001497768087,1.0182001497768087
11,2020-01-01T11:00:00+00:00,distributed_committable,86,222_HYDRO_2,222,true,false,18.5,18.5,0,18.5,18.5,-2.4438853180635189,-10,16,1.05,1.0182001497768087,1.0182001497768087
11,2020-01-01T11:00:00+00:00,distributed_committable,87,222_HYDRO_3,222,true,false,18.5,18.5,0,18.5,18.5,-2.4438853180635189,-10,16,1.05,1.0182001497768087,1.0182001497768087
11,2020-01-01T11:00:00+00:00,distributed_committable,88,222_HYDRO_4,222,true,false,18.5,18.5,0,18.5,18.5,-2.4438853180635189,-10,16,1.05,1.0182001497768087,1.0182001497768087
11,2020-01-01T11:00:00+00:00,distributed_committable,89,222_HYDRO_5,222,true,false,18.5,18.5,0,18.5,18.5,-2.4438853180635189,-10,16,1.05,1.0182001497768087,1.0182001497768087
11,2020-01-01T11:00:00+00:00,distributed_committable,90,222_HYDRO_6,222,true,false,18.5,18.5,0,18.5,18.5,-2.4438853180635189,-10,16,1.05,1.0182001497768087,1.0182001497768087
11,2020-01-01T11:00:00+00:00,distributed_committable,91,314_SYNC_COND_1,314,true,false,0,0,0,0,0,-2.1389883392191571,-50,200,1.05,1.0123942377699418,1.0123942377699418
11,2020-01-01T11:00:00+00:00,distributed_committable,92,322_HYDRO_1,322,true,false,35.5,35.5,0,35.5,35.5,-1.9569445261365652,-10,16,1.05,1.0343638740777807,1.0343638740777807
11,2020-01-01T11:00:00+00:00,distributed_committable,93,322_HYDRO_2,322,true,false,35.5,35.5,0,35.5,35.5,-1.9569445261365681,-10,16,1.05,1.0343638740777807,1.0343638740777807
11,2020-01-01T11:00:00+00:00,distributed_committable,94,322_HYDRO_3,322,true,false,35.5,35.5,0,35.5,35.5,-1.9569445261365681,-10,16,1.05,1.0343638740777807,1.0343638740777807
11,2020-01-01T11:00:00+00:00,distributed_committable,95,322_HYDRO_4,322,true,false,35.5,35.5,0,35.5,35.5,-1.9569445261365681,-10,16,1.05,1.0343638740777807,1.0343638740777807
11,2020-01-01T11:00:00+00:00,distributed_committable,96,320_PV_1,320,true,false,33.600000000000001,33.600000000000001,0,33.600000000000001,33.600000000000001,0,0,0,1,1.0244853630902884,1.0244853630902884
11,2020-01-01T11:00:00+00:00,distributed_committable,97,314_PV_1,314,true,false,33.5,33.5,0,33.5,33.5,0,0,0,1.05,1.0123942377699418,1.0123942377699418
11,2020-01-01T11:00:00+00:00,distributed_committable,98,314_PV_2,314,true,false,36.200000000000003,36.200000000000003,0,36.200000000000003,36.200000000000003,0,0,0,1.05,1.0123942377699418,1.0123942377699418
11,2020-01-01T11:00:00+00:00,distributed_committable,99,313_PV_1,313,true,false,66.599999999999994,66.599999999999994,0,66.599999999999994,66.599999999999994,0,0,0,1,1.020222158490915,1.020222158490915
11,2020-01-01T11:00:00+00:00,distributed_committable,100,314_PV_3,314,true,false,64.299999999999997,64.299999999999997,0,64.299999999999997,64.299999999999997,0,0,0,1.05,1.0123942377699418,1.0123942377699418
11,2020-01-01T11:00:00+00:00,distributed_committable,101,314_PV_4,314,true,false,36.200000000000003,36.200000000000003,0,36.200000000000003,36.200000000000003,0,0,0,1.05,1.0123942377699418,1.0123942377699418
11,2020-01-01T11:00:00+00:00,distributed_committable,102,313_PV_2,313,true,false,67.099999999999994,67.099999999999994,0,67.099999999999994,67.099999999999994,0,0,0,1,1.020222158490915,1.020222158490915
11,2020-01-01T11:00:00+00:00,distributed_committable,103,310_PV_1,310,true,false,34.799999999999997,34.799999999999997,0,34.799999999999997,34.799999999999997,0,0,0,1,1.0499999985179902,1.0499999985179902
11,2020-01-01T11:00:00+00:00,distributed_committable,104,324_PV_1,324,true,false,35.100000000000001,35.100000000000001,0,35.100000000000001,35.100000000000001,0,0,0,1,1.0166010868380673,1.0166010868380673
11,2020-01-01T11:00:00+00:00,distributed_committable,105,312_PV_1,312,true,false,67.599999999999994,67.599999999999994,0,67.599999999999994,67.599999999999994,0,0,0,1,1.0142032550574427,1.0142032550574427
11,2020-01-01T11:00:00+00:00,distributed_committable,106,310_PV_2,310,true,false,34.899999999999999,34.899999999999999,0,34.899999999999999,34.899999999999999,0,0,0,1,1.0499999985179902,1.0499999985179902
11,2020-01-01T11:00:00+00:00,distributed_committable,107,324_PV_2,324,true,false,35.299999999999997,35.299999999999997,0,35.299999999999997,35.299999999999997,0,0,0,1,1.0166010868380673,1.0166010868380673
11,2020-01-01T11:00:00+00:00,distributed_committable,108,324_PV_3,324,true,false,35.299999999999997,35.299999999999997,0,35.299999999999997,35.299999999999997,0,0,0,1,1.0166010868380673,1.0166010868380673
11,2020-01-01T11:00:00+00:00,distributed_committable,109,113_PV_1,113,true,false,67.599999999999994,67.599999999999994,0,67.599999999999994,67.599999999999994,0,0,0,1,1.0096796455605581,1.0096796455605581
11,2020-01-01T11:00:00+00:00,distributed_committable,110,319_PV_1,319,true,false,131.59999999999999,131.59999999999999,0,131.59999999999999,131.59999999999999,0,0,0,1,1.0224271983238811,1.0224271983238811
11,2020-01-01T11:00:00+00:00,distributed_committable,111,215_PV_1,215,true,false,85,85,0,85,85,0,0,0,1.0437000000000001,1.0098463039265821,1.0098463039265821
11,2020-01-01T11:00:00+00:00,distributed_committable,112,102_PV_1,102,true,false,18.5,18.5,0,18.5,18.5,0,0,0,1.0467,1.0456322886578109,1.0456322886578109
11,2020-01-01T11:00:00+00:00,distributed_committable,113,101_PV_1,101,true,false,17.5,17.5,0,17.5,17.5,0,0,0,1.0468,1.0465353167826896,1.0465353167826896
11,2020-01-01T11:00:00+00:00,distributed_committable,114,102_PV_2,102,true,false,18.300000000000001,18.300000000000001,0,18.300000000000001,18.300000000000001,0,0,0,1.0467,1.0456322886578109,1.0456322886578109
11,2020-01-01T11:00:00+00:00,distributed_committable,115,104_PV_1,104,true,false,17.699999999999999,17.699999999999999,0,17.699999999999999,17.699999999999999,0,0,0,1,1.0279955379262724,1.0279955379262724
11,2020-01-01T11:00:00+00:00,distributed_committable,116,212_CSP_1,212,false,false,0,0,0,0,0,0,0,0,1,1,1.0090065509867079
11,2020-01-01T11:00:00+00:00,distributed_committable,117,101_PV_2,101,true,false,18.600000000000001,18.600000000000001,0,18.600000000000001,18.600000000000001,0,0,0,1.0468,1.0465353167826896,1.0465353167826896
11,2020-01-01T11:00:00+00:00,distributed_committable,118,101_PV_3,101,true,false,18.800000000000001,18.800000000000001,0,18.800000000000001,18.800000000000001,0,0,0,1.0468,1.0465353167826896,1.0465353167826896
11,2020-01-01T11:00:00+00:00,distributed_committable,119,101_PV_4,101,true,false,19.300000000000001,19.300000000000001,0,19.300000000000001,19.300000000000001,0,0,0,1.0468,1.0465353167826896,1.0465353167826896
11,2020-01-01T11:00:00+00:00,distributed_committable,120,103_PV_1,103,true,false,49,49,0,49,49,0,0,0,1,1.0255075068842379,1.0255075068842379
11,2020-01-01T11:00:00+00:00,distributed_committable,121,119_PV_1,119,true,false,45.799999999999997,45.799999999999997,0,45.799999999999997,45.799999999999997,0,0,0,1,1.0057227922001821,1.0057227922001821
11,2020-01-01T11:00:00+00:00,distributed_committable,122,308_RTPV_1,308,true,false,67,67,0,67,67,0,0,0,1,0.98124716640579734,0.98124716640579734
11,2020-01-01T11:00:00+00:00,distributed_committable,123,313_RTPV_1,313,true,false,67.099999999999994,67.099999999999994,0,67.099999999999994,67.099999999999994,0,0,0,1,1.020222158490915,1.020222158490915
11,2020-01-01T11:00:00+00:00,distributed_committable,124,313_RTPV_2,313,true,false,41.5,41.5,0,41.5,41.5,0,0,0,1,1.020222158490915,1.020222158490915
11,2020-01-01T11:00:00+00:00,distributed_committable,125,313_RTPV_3,313,true,false,43.100000000000001,43.100000000000001,0,43.100000000000001,43.100000000000001,0,0,0,1,1.020222158490915,1.020222158490915
11,2020-01-01T11:00:00+00:00,distributed_committable,126,313_RTPV_4,313,true,false,42.799999999999997,42.799999999999997,0,42.799999999999997,42.799999999999997,0,0,0,1,1.020222158490915,1.020222158490915
11,2020-01-01T11:00:00+00:00,distributed_committable,127,313_RTPV_5,313,true,false,41.5,41.5,0,41.5,41.5,0,0,0,1,1.020222158490915,1.020222158490915
11,2020-01-01T11:00:00+00:00,distributed_committable,128,313_RTPV_6,313,true,false,41,41,0,41,41,0,0,0,1,1.020222158490915,1.020222158490915
11,2020-01-01T11:00:00+00:00,distributed_committable,129,313_RTPV_7,313,true,false,42.700000000000003,42.700000000000003,0,42.700000000000003,42.700000000000003,0,0,0,1,1.020222158490915,1.020222158490915
11,2020-01-01T11:00:00+00:00,distributed_committable,130,313_RTPV_8,313,true,false,42.299999999999997,42.299999999999997,0,42.299999999999997,42.299999999999997,0,0,0,1,1.020222158490915,1.020222158490915
11,2020-01-01T11:00:00+00:00,distributed_committable,131,313_RTPV_9,313,true,false,43,43,0,43,43,0,0,0,1,1.020222158490915,1.020222158490915
11,2020-01-01T11:00:00+00:00,distributed_committable,132,313_RTPV_10,313,true,false,44,44,0,44,44,0,0,0,1,1.020222158490915,1.020222158490915
11,2020-01-01T11:00:00+00:00,distributed_committable,133,313_RTPV_11,313,true,false,46.600000000000001,46.600000000000001,0,46.600000000000001,46.600000000000001,0,0,0,1,1.020222158490915,1.020222158490915
11,2020-01-01T11:00:00+00:00,distributed_committable,134,313_RTPV_12,313,true,false,19.5,19.5,0,19.5,19.5,0,0,0,1,1.020222158490915,1.020222158490915
11,2020-01-01T11:00:00+00:00,distributed_committable,135,320_RTPV_1,320,true,false,19.5,19.5,0,19.5,19.5,0,0,0,1,1.0244853630902884,1.0244853630902884
11,2020-01-01T11:00:00+00:00,distributed_committable,136,320_RTPV_2,320,true,false,19.5,19.5,0,19.5,19.5,0,0,0,1,1.0244853630902884,1.0244853630902884
11,2020-01-01T11:00:00+00:00,distributed_committable,137,320_RTPV_3,320,true,false,19.100000000000001,19.100000000000001,0,19.100000000000001,19.100000000000001,0,0,0,1,1.0244853630902884,1.0244853630902884
11,2020-01-01T11:00:00+00:00,distributed_committable,138,313_RTPV_13,313,true,false,18.800000000000001,18.800000000000001,0,18.800000000000001,18.800000000000001,0,0,0,1,1.020222158490915,1.020222158490915
11,2020-01-01T11:00:00+00:00,distributed_committable,139,320_RTPV_4,320,true,false,18.300000000000001,18.300000000000001,0,18.300000000000001,18.300000000000001,0,0,0,1,1.0244853630902884,1.0244853630902884
11,2020-01-01T11:00:00+00:00,distributed_committable,140,320_RTPV_5,320,true,false,19.699999999999999,19.699999999999999,0,19.699999999999999,19.699999999999999,0,0,0,1,1.0244853630902884,1.0244853630902884
11,2020-01-01T11:00:00+00:00,distributed_committable,141,118_RTPV_1,118,true,false,6.2999999999999998,6.2999999999999998,0,6.2999999999999998,6.2999999999999998,0,0,0,1,1.0164239946760629,1.0164239946760629
11,2020-01-01T11:00:00+00:00,distributed_committable,142,118_RTPV_2,118,true,false,6.2999999999999998,6.2999999999999998,0,6.2999999999999998,6.2999999999999998,0,0,0,1,1.0164239946760629,1.0164239946760629
11,2020-01-01T11:00:00+00:00,distributed_committable,143,118_RTPV_3,118,true,false,6.4000000000000004,6.4000000000000004,0,6.4000000000000004,6.4000000000000004,0,0,0,1,1.0164239946760629,1.0164239946760629
11,2020-01-01T11:00:00+00:00,distributed_committable,144,118_RTPV_4,118,true,false,6.4000000000000004,6.4000000000000004,0,6.4000000000000004,6.4000000000000004,0,0,0,1,1.0164239946760629,1.0164239946760629
11,2020-01-01T11:00:00+00:00,distributed_committable,145,118_RTPV_5,118,true,false,6.2000000000000002,6.2000000000000002,0,6.2000000000000002,6.2000000000000002,0,0,0,1,1.0164239946760629,1.0164239946760629
11,2020-01-01T11:00:00+00:00,distributed_committable,146,118_RTPV_6,118,true,false,6.2999999999999998,6.2999999999999998,0,6.2999999999999998,6.2999999999999998,0,0,0,1,1.0164239946760629,1.0164239946760629
11,2020-01-01T11:00:00+00:00,distributed_committable,147,320_RTPV_6,320,true,false,6.2999999999999998,6.2999999999999998,0,6.2999999999999998,6.2999999999999998,0,0,0,1,1.0244853630902884,1.0244853630902884
11,2020-01-01T11:00:00+00:00,distributed_committable,148,118_RTPV_7,118,true,false,7.4000000000000004,7.4000000000000012,8.8817841970012523e-16,7.4000000000000004,7.4000000000000004,0,0,0,1,1.0164239946760629,1.0164239946760629
11,2020-01-01T11:00:00+00:00,distributed_committable,149,118_RTPV_8,118,true,false,7.7000000000000002,7.7000000000000002,0,7.7000000000000002,7.7000000000000002,0,0,0,1,1.0164239946760629,1.0164239946760629
11,2020-01-01T11:00:00+00:00,distributed_committable,150,118_RTPV_9,118,true,false,6.9000000000000004,6.9000000000000004,0,6.9000000000000004,6.9000000000000004,0,0,0,1,1.0164239946760629,1.0164239946760629
11,2020-01-01T11:00:00+00:00,distributed_committable,151,118_RTPV_10,118,true,false,3.2000000000000002,3.2000000000000002,0,3.2000000000000002,3.2000000000000002,0,0,0,1,1.0164239946760629,1.0164239946760629
11,2020-01-01T11:00:00+00:00,distributed_committable,152,213_RTPV_1,213,true,false,8.3000000000000007,8.3000000000000007,0,8.3000000000000007,8.3000000000000007,0,0,0,1,1.0069509729664656,1.0069509729664656
11,2020-01-01T11:00:00+00:00,distributed_committable,153,309_WIND_1,309,true,false,60.899999999999999,60.899999999999999,0,60.899999999999999,60.899999999999999,0,0,0,1,1.0259478635917743,1.0259478635917743
11,2020-01-01T11:00:00+00:00,distributed_committable,154,317_WIND_1,317,true,false,89.376000000000005,89.376000000000005,0,89.376000000000005,89.376000000000005,0,0,0,1,1.0249069797407888,1.0249069797407888
11,2020-01-01T11:00:00+00:00,distributed_committable,155,303_WIND_1,303,true,false,56.200000000000003,56.200000000000003,0,56.200000000000003,56.200000000000003,0,0,0,1,1.0206661285411611,1.0206661285411611
11,2020-01-01T11:00:00+00:00,distributed_committable,156,122_WIND_1,122,true,false,6.2999999999999998,6.2999999999999998,0,6.2999999999999998,6.2999999999999998,0,0,0,1.05,1.0206510771976463,1.0206510771976463
11,2020-01-01T11:00:00+00:00,distributed_committable,157,313_STORAGE_1,313,false,false,0,0,0,0,0,0,0,0,1,1,1.020222158490915
12,2020-01-01T12:00:00+00:00,distributed_committable,0,101_CT_1,101,false,false,0,0,0,0,0,0,0,10,1.0468,1.0468,1.0453548149633591
12,2020-01-01T12:00:00+00:00,distributed_committable,1,101_CT_2,101,false,false,0,0,0,0,0,0,0,10,1.0468,1.0468,1.0453548149633591
12,2020-01-01T12:00:00+00:00,distributed_committable,2,101_STEAM_3,101,true,true,76,75.999999940221201,-5.9778798799925426e-08,30,76,-18.840453051601852,-25,30,1.0468,1.0453548149633591,1.0453548149633591
12,2020-01-01T12:00:00+00:00,distributed_committable,3,101_STEAM_4,101,true,true,76,75.999999940221201,-5.9778798799925426e-08,30,76,-18.840453051601852,-25,30,1.0468,1.0453548149633591,1.0453548149633591
12,2020-01-01T12:00:00+00:00,distributed_committable,4,102_CT_1,102,false,false,0,0,0,0,0,0,0,10,1.0467,1.0467,1.0444534654653619
12,2020-01-01T12:00:00+00:00,distributed_committable,5,102_CT_2,102,false,false,0,0,0,0,0,0,0,10,1.0467,1.0467,1.0444534654653619
12,2020-01-01T12:00:00+00:00,distributed_committable,6,102_STEAM_3,102,true,true,45.333333328000002,50.081102334082807,4.7477690060828053,30,76,-18.159376132786772,-25,30,1.0467,1.0444534654653619,1.0444534654653619
12,2020-01-01T12:00:00+00:00,distributed_committable,7,102_STEAM_4,102,true,true,45.333333328000002,50.081102334082807,4.7477690060828053,30,76,-18.159376132786772,-25,30,1.0467,1.0444534654653619,1.0444534654653619
12,2020-01-01T12:00:00+00:00,distributed_committable,8,107_CC_1,107,false,false,0,0,0,0,0,0,-25,150,1.05,1.05,0.99206988658980011
12,2020-01-01T12:00:00+00:00,distributed_committable,9,113_CT_1,113,false,false,0,0,0,0,0,0,-15,19,1.0347,1.0347,1.0097004435770174
12,2020-01-01T12:00:00+00:00,distributed_committable,10,113_CT_2,113,false,false,0,0,0,0,0,0,-15,19,1.0347,1.0347,1.0097004435770174
12,2020-01-01T12:00:00+00:00,distributed_committable,11,113_CT_3,113,false,false,0,0,0,0,0,0,-15,19,1.0347,1.0347,1.0097004435770174
12,2020-01-01T12:00:00+00:00,distributed_committable,12,113_CT_4,113,false,false,0,0,0,0,0,0,-15,19,1.0347,1.0347,1.0097004435770174
12,2020-01-01T12:00:00+00:00,distributed_committable,13,115_STEAM_1,115,false,false,0,0,0,0,0,0,0,6,1.0427999999999999,1.0427999999999999,1.0119906540858992
12,2020-01-01T12:00:00+00:00,distributed_committable,14,115_STEAM_2,115,false,false,0,0,0,0,0,0,0,6,1.0427999999999999,1.0427999999999999,1.0119906540858992
12,2020-01-01T12:00:00+00:00,distributed_committable,15,115_STEAM_3,115,true,true,62,66.977371501815298,4.9773715018152984,62,155,11.866430444745152,-50,80,1.0427999999999999,1.0119906540858992,1.0119906540858992
12,2020-01-01T12:00:00+00:00,distributed_committable,16,116_STEAM_1,116,false,false,0,0,0,0,0,0,-50,80,1.0461,1.0461,1.0077469358728628
12,2020-01-01T12:00:00+00:00,distributed_committable,17,118_CC_1,118,false,false,0,0,0,0,0,0,-25,150,1.05,1.05,1.0154462350575406
12,2020-01-01T12:00:00+00:00,distributed_committable,18,123_STEAM_2,123,true,true,93,98.030328792231742,5.0303287922317423,62,155,-49.999346320998889,-50,80,1.05,1.0051326353072492,1.0051326353072492
12,2020-01-01T12:00:00+00:00,distributed_committable,19,123_STEAM_3,123,true,true,156.37639934399999,161.40672814507161,5.0303288010716187,140,350,-24.999339911799332,-25,150,1.05,1.0051326353072492,1.0051326353072492
12,2020-01-01T12:00:00+00:00,distributed_committable,20,123_CT_1,123,false,false,0,0,0,0,0,0,-15,19,1.05,1.05,1.0051326353072492
12,2020-01-01T12:00:00+00:00,distributed_committable,21,123_CT_4,123,false,false,0,0,0,0,0,0,-15,19,1.05,1.05,1.0051326353072492
12,2020-01-01T12:00:00+00:00,distributed_committable,22,123_CT_5,123,false,false,0,0,0,0,0,0,-15,19,1.05,1.05,1.0051326353072492
12,2020-01-01T12:00:00+00:00,distributed_committable,23,201_CT_1,201,false,false,0,0,0,0,0,0,0,10,1.05,1.05,1.0225583659174682
12,2020-01-01T12:00:00+00:00,distributed_committable,24,201_CT_2,201,false,false,0,0,0,0,0,0,0,10,1.05,1.05,1.0225583659174682
12,2020-01-01T12:00:00+00:00,distributed_committable,25,201_STEAM_3,201,false,false,0,0,0,0,0,0,-25,30,1.05,1.05,1.0225583659174682
12,2020-01-01T12:00:00+00:00,distributed_committable,26,202_CT_1,202,false,false,0,0,0,0,0,0,0,10,1.05,1.05,1.0216900305269487
12,2020-01-01T12:00:00+00:00,distributed_committable,27,202_CT_2,202,false,false,0,0,0,0,0,0,0,10,1.05,1.05,1.0216900305269487
12,2020-01-01T12:00:00+00:00,distributed_committable,28,202_STEAM_3,202,true,true,30,35.470643304646245,5.470643304646245,30,76,-20.132805538296168,-25,30,1.05,1.0216900305269487,1.0216900305269487
12,2020-01-01T12:00:00+00:00,distributed_committable,29,202_STEAM_4,202,true,true,30,35.470643304646245,5.470643304646245,30,76,-20.132805538296168,-25,30,1.05,1.0216900305269487,1.0216900305269487
12,2020-01-01T12:00:00+00:00,distributed_committable,30,207_CT_1,207,false,false,0,0,0,0,0,0,-15,19,0.96989999999999998,0.96989999999999998,0.97183492496254065
12,2020-01-01T12:00:00+00:00,distributed_committable,31,207_CT_2,207,false,false,0,0,0,0,0,0,-15,19,0.96989999999999998,0.96989999999999998,0.97183492496254065
12,2020-01-01T12:00:00+00:00,distributed_committable,32,213_CC_3,213,false,false,0,0,0,0,0,0,-25,150,1.05,1.05,1.007036964646038
12,2020-01-01T12:00:00+00:00,distributed_committable,33,213_CT_1,213,false,false,0,0,0,0,0,0,-15,19,1.05,1.05,1.007036964646038
12,2020-01-01T12:00:00+00:00,distributed_committable,34,213_CT_2,213,false,false,0,0,0,0,0,0,-15,19,1.05,1.05,1.007036964646038
12,2020-01-01T12:00:00+00:00,distributed_committable,35,215_CT_4,215,false,false,0,0,0,0,0,0,-15,19,1.0437000000000001,1.0437000000000001,1.0095681829696455
12,2020-01-01T12:00:00+00:00,distributed_committable,36,215_CT_5,215,false,false,0,0,0,0,0,0,-15,19,1.0437000000000001,1.0437000000000001,1.0095681829696455
12,2020-01-01T12:00:00+00:00,distributed_committable,37,216_STEAM_1,216,true,true,93,98.228607666712733,5.2286076667127332,62,155,21.693065100273056,-50,80,1.0472999999999999,1.0128184232208794,1.0128184232208794
12,2020-01-01T12:00:00+00:00,distributed_committable,38,218_CC_1,218,false,false,0,0,0,0,0,0,-25,150,1.05,1.05,1.0086142991582754
12,2020-01-01T12:00:00+00:00,distributed_committable,39,221_CC_1,221,false,false,0,0,0,0,0,0,-25,150,1.05,1.05,1.0114862471082329
12,2020-01-01T12:00:00+00:00,distributed_committable,40,223_STEAM_1,223,true,true,124,129.18780024723603,5.1878002472360265,62,155,-4.8894143358708053,-50,80,1.05,1.0275191992676325,1.0275191992676325
12,2020-01-01T12:00:00+00:00,distributed_committable,41,223_STEAM_2,223,true,true,124,129.18780024723603,5.1878002472360265,62,155,-4.8894143358708053,-50,80,1.05,1.0275191992676325,1.0275191992676325
12,2020-01-01T12:00:00+00:00,distributed_committable,42,223_STEAM_3,223,true,true,210,215.18780025565931,5.1878002556593117,140,350,29.095143310778177,-25,150,1.05,1.0275191992676325,1.0275191992676325
12,2020-01-01T12:00:00+00:00,distributed_committable,43,223_CT_4,223,false,false,0,0,0,0,0,0,-15,19,1.05,1.05,1.0275191992676325
12,2020-01-01T12:00:00+00:00,distributed_committable,44,223_CT_5,223,false,false,0,0,0,0,0,0,-15,19,1.05,1.05,1.0275191992676325
12,2020-01-01T12:00:00+00:00,distributed_committable,45,223_CT_6,223,false,false,0,0,0,0,0,0,-15,19,1.05,1.05,1.0275191992676325
12,2020-01-01T12:00:00+00:00,distributed_committable,46,301_CT_1,301,false,false,0,0,0,0,0,0,0,10,1.05,1.05,1.0246684472016561
12,2020-01-01T12:00:00+00:00,distributed_committable,47,301_CT_2,301,false,false,0,0,0,0,0,0,0,10,1.05,1.05,1.0246684472016561
12,2020-01-01T12:00:00+00:00,distributed_committable,48,301_CT_3,301,false,false,0,0,0,0,0,0,-15,19,1.05,1.05,1.0246684472016561
12,2020-01-01T12:00:00+00:00,distributed_committable,49,301_CT_4,301,false,false,0,0,0,0,0,0,-15,19,1.05,1.05,1.0246684472016561
12,2020-01-01T12:00:00+00:00,distributed_committable,50,302_CT_1,302,false,false,0,0,0,0,0,0,0,10,1.05,1.05,1.024691261597948
12,2020-01-01T12:00:00+00:00,distributed_committable,51,302_CT_2,302,false,false,0,0,0,0,0,0,0,10,1.05,1.05,1.024691261597948
12,2020-01-01T12:00:00+00:00,distributed_committable,52,302_CT_3,302,false,false,0,0,0,0,0,0,-15,19,1.05,1.05,1.024691261597948
12,2020-01-01T12:00:00+00:00,distributed_committable,53,302_CT_4,302,false,false,0,0,0,0,0,0,-15,19,1.05,1.05,1.024691261597948
12,2020-01-01T12:00:00+00:00,distributed_committable,54,307_CT_1,307,false,false,0,0,0,0,0,0,-15,19,0.95679999999999998,0.95679999999999998,0.95841473889796369
12,2020-01-01T12:00:00+00:00,distributed_committable,55,307_CT_2,307,false,false,0,0,0,0,0,0,-15,19,0.95679999999999998,0.95679999999999998,0.95841473889796369
12,2020-01-01T12:00:00+00:00,distributed_committable,56,313_CC_1,313,false,false,0,0,0,0,0,0,-25,150,1.0349999999999999,1.0349999999999999,1.0196038027941829
12,2020-01-01T12:00:00+00:00,distributed_committable,57,315_STEAM_1,315,false,false,0,0,0,0,0,0,0,6,1.0422,1.0422,1.0184839213946963
12,2020-01-01T12:00:00+00:00,distributed_committable,58,315_STEAM_2,315,false,false,0,0,0,0,0,0,0,6,1.0422,1.0422,1.0184839213946963
12,2020-01-01T12:00:00+00:00,distributed_committable,59,315_STEAM_3,315,false,false,0,0,0,0,0,0,0,6,1.0422,1.0422,1.0184839213946963
12,2020-01-01T12:00:00+00:00,distributed_committable,60,315_STEAM_4,315,false,false,0,0,0,0,0,0,0,6,1.0422,1.0422,1.0184839213946963
12,2020-01-01T12:00:00+00:00,distributed_committable,61,315_STEAM_5,315,false,false,0,0,0,0,0,0,0,6,1.0422,1.0422,1.0184839213946963
12,2020-01-01T12:00:00+00:00,distributed_committable,62,315_CT_6,315,false,false,0,0,0,0,0,0,-15,19,1.0422,1.0422,1.0184839213946963
12,2020-01-01T12:00:00+00:00,distributed_committable,63,315_CT_7,315,false,false,0,0,0,0,0,0,-15,19,1.0422,1.0422,1.0184839213946963
12,2020-01-01T12:00:00+00:00,distributed_committable,64,315_CT_8,315,false,false,0,0,0,0,0,0,0,60,1.0422,1.0422,1.0184839213946963
12,2020-01-01T12:00:00+00:00,distributed_committable,65,316_STEAM_1,316,true,true,62,67.12384942857291,5.1238494285729104,62,155,59.072094887791103,-50,80,1.0448999999999999,1.0229098114164898,1.0229098114164898
12,2020-01-01T12:00:00+00:00,distributed_committable,66,318_CC_1,318,false,false,0,0,0,0,0,0,-25,150,1.05,1.05,1.0207533771394577
12,2020-01-01T12:00:00+00:00,distributed_committable,67,321_CC_1,321,false,false,0,0,0,0,0,0,-25,150,1.05,1.05,1.0229221240920414
12,2020-01-01T12:00:00+00:00,distributed_committable,68,322_CT_5,322,false,false,0,0,0,0,0,0,-15,19,1.05,1.05,1.0335369675969519
12,2020-01-01T12:00:00+00:00,distributed_committable,69,322_CT_6,322,false,false,0,0,0,0,0,0,-15,19,1.05,1.05,1.0335369675969519
12,2020-01-01T12:00:00+00:00,distributed_committable,70,323_CC_1,323,false,false,0,0,0,0,0,0,-25,150,1.05,1.05,1.0248487815107077
12,2020-01-01T12:00:00+00:00,distributed_committable,71,323_CC_2,323,false,false,0,0,0,0,0,0,-25,150,1.05,1.05,1.0248487815107077
12,2020-01-01T12:00:00+00:00,distributed_committable,72,114_SYNC_COND_1,114,true,false,0,0,0,0,0,-49.999977575824431,-50,200,1.0441,0.98988598178316745,0.98988598178316745
12,2020-01-01T12:00:00+00:00,distributed_committable,73,121_NUCLEAR_1,121,true,true,400,399.99999994253187,-5.7468128034088295e-08,396,400,-8.735340310964494,-50,200,1.05,1.0200820721519024,1.0200820721519024
12,2020-01-01T12:00:00+00:00,distributed_committable,74,122_HYDRO_1,122,true,false,3.7999999999999998,3.7999999999999998,0,3.7999999999999998,3.7999999999999998,-3.0292970691333019,-10,16,1.05,1.0192845471605128,1.0192845471605128
12,2020-01-01T12:00:00+00:00,distributed_committable,75,122_HYDRO_2,122,true,false,3.7999999999999998,3.7999999999999998,0,3.7999999999999998,3.7999999999999998,-3.0292970691333019,-10,16,1.05,1.0192845471605128,1.0192845471605128
12,2020-01-01T12:00:00+00:00,distributed_committable,76,122_HYDRO_3,122,true,false,3.7999999999999998,3.7999999999999998,0,3.7999999999999998,3.7999999999999998,-3.0292970691333019,-10,16,1.05,1.0192845471605128,1.0192845471605128
12,2020-01-01T12:00:00+00:00,distributed_committable,77,122_HYDRO_4,122,true,false,3.7999999999999998,3.7999999999999998,0,3.7999999999999998,3.7999999999999998,-3.0292970691333019,-10,16,1.05,1.0192845471605128,1.0192845471605128
12,2020-01-01T12:00:00+00:00,distributed_committable,78,122_HYDRO_5,122,true,false,3.7999999999999998,3.7999999999999998,0,3.7999999999999998,3.7999999999999998,-3.0292970691333019,-10,16,1.05,1.0192845471605128,1.0192845471605128
12,2020-01-01T12:00:00+00:00,distributed_committable,79,122_HYDRO_6,122,true,false,3.7999999999999998,3.7999999999999998,0,3.7999999999999998,3.7999999999999998,-3.0292970691333019,-10,16,1.05,1.0192845471605128,1.0192845471605128
12,2020-01-01T12:00:00+00:00,distributed_committable,80,201_HYDRO_4,201,true,false,18.699999999999999,18.699999999999999,0,18.699999999999999,18.699999999999999,-9.9999238007702917,-10,16,1.05,1.0225583659174682,1.0225583659174682
12,2020-01-01T12:00:00+00:00,distributed_committable,81,214_SYNC_COND_1,214,true,false,0,0,0,0,0,15.266085041379609,-50,200,1.05,1.0082124256352207,1.0082124256352207
12,2020-01-01T12:00:00+00:00,distributed_committable,82,215_HYDRO_1,215,true,false,18.699999999999999,18.699999999999999,0,18.699999999999999,18.699999999999999,-0.19530787902046826,-10,16,1.0437000000000001,1.0095681829696455,1.0095681829696455
12,2020-01-01T12:00:00+00:00,distributed_committable,83,215_HYDRO_2,215,true,false,18.699999999999999,18.699999999999999,0,18.699999999999999,18.699999999999999,-0.19530787902046826,-10,16,1.0437000000000001,1.0095681829696455,1.0095681829696455
12,2020-01-01T12:00:00+00:00,distributed_committable,84,215_HYDRO_3,215,true,false,18.699999999999999,18.699999999999999,0,18.699999999999999,18.699999999999999,-0.19530787902046826,-10,16,1.0437000000000001,1.0095681829696455,1.0095681829696455
12,2020-01-01T12:00:00+00:00,distributed_committable,85,222_HYDRO_1,222,true,false,18.699999999999999,18.699999999999999,0,18.699999999999999,18.699999999999999,-2.4242541088707115,-10,16,1.05,1.0180763123636964,1.0180763123636964
12,2020-01-01T12:00:00+00:00,distributed_committable,86,222_HYDRO_2,222,true,false,18.699999999999999,18.699999999999999,0,18.699999999999999,18.699999999999999,-2.4242541088707115,-10,16,1.05,1.0180763123636964,1.0180763123636964
12,2020-01-01T12:00:00+00:00,distributed_committable,87,222_HYDRO_3,222,true,false,18.699999999999999,18.699999999999999,0,18.699999999999999,18.699999999999999,-2.4242541088707115,-10,16,1.05,1.0180763123636964,1.0180763123636964
12,2020-01-01T12:00:00+00:00,distributed_committable,88,222_HYDRO_4,222,true,false,18.699999999999999,18.699999999999999,0,18.699999999999999,18.699999999999999,-2.4242541088707115,-10,16,1.05,1.0180763123636964,1.0180763123636964
12,2020-01-01T12:00:00+00:00,distributed_committable,89,222_HYDRO_5,222,true,false,18.699999999999999,18.699999999999999,0,18.699999999999999,18.699999999999999,-2.4242541088707115,-10,16,1.05,1.0180763123636964,1.0180763123636964
12,2020-01-01T12:00:00+00:00,distributed_committable,90,222_HYDRO_6,222,true,false,18.699999999999999,18.699999999999999,0,18.699999999999999,18.699999999999999,-2.4242541088707115,-10,16,1.05,1.0180763123636964,1.0180763123636964
12,2020-01-01T12:00:00+00:00,distributed_committable,91,314_SYNC_COND_1,314,true,false,0,0,0,0,0,2.6011334977907223,-50,200,1.05,1.0135651189707473,1.0135651189707473
12,2020-01-01T12:00:00+00:00,distributed_committable,92,322_HYDRO_1,322,true,false,35.100000000000001,35.100000000000001,0,35.100000000000001,35.100000000000001,-2.261509687010602,-10,16,1.05,1.0335369675969519,1.0335369675969519
12,2020-01-01T12:00:00+00:00,distributed_committable,93,322_HYDRO_2,322,true,false,35.100000000000001,35.100000000000001,0,35.100000000000001,35.100000000000001,-2.261509687010602,-10,16,1.05,1.0335369675969519,1.0335369675969519
12,2020-01-01T12:00:00+00:00,distributed_committable,94,322_HYDRO_3,322,true,false,35.100000000000001,35.100000000000001,0,35.100000000000001,35.100000000000001,-2.261509687010602,-10,16,1.05,1.0335369675969519,1.0335369675969519
12,2020-01-01T12:00:00+00:00,distributed_committable,95,322_HYDRO_4,322,true,false,35.100000000000001,35.100000000000001,0,35.100000000000001,35.100000000000001,-2.261509687010602,-10,16,1.05,1.0335369675969519,1.0335369675969519
12,2020-01-01T12:00:00+00:00,distributed_committable,96,320_PV_1,320,true,false,33.700000000000003,33.700000000000003,0,33.700000000000003,33.700000000000003,0,0,0,1,1.0239378675103648,1.0239378675103648
12,2020-01-01T12:00:00+00:00,distributed_committable,97,314_PV_1,314,true,false,33.600000000000001,33.600000000000001,0,33.600000000000001,33.600000000000001,0,0,0,1.05,1.0135651189707473,1.0135651189707473
12,2020-01-01T12:00:00+00:00,distributed_committable,98,314_PV_2,314,true,false,35.100000000000001,35.100000000000001,0,35.100000000000001,35.100000000000001,0,0,0,1.05,1.0135651189707473,1.0135651189707473
12,2020-01-01T12:00:00+00:00,distributed_committable,99,313_PV_1,313,true,false,64.400000000000006,64.400000000000006,0,64.400000000000006,64.400000000000006,0,0,0,1,1.0196038027941829,1.0196038027941829
12,2020-01-01T12:00:00+00:00,distributed_committable,100,314_PV_3,314,true,false,64.099999999999994,64.099999999999994,0,64.099999999999994,64.099999999999994,0,0,0,1.05,1.0135651189707473,1.0135651189707473
12,2020-01-01T12:00:00+00:00,distributed_committable,101,314_PV_4,314,true,false,35.100000000000001,35.100000000000001,0,35.100000000000001,35.100000000000001,0,0,0,1.05,1.0135651189707473,1.0135651189707473
12,2020-01-01T12:00:00+00:00,distributed_committable,102,313_PV_2,313,true,false,64.799999999999997,64.799999999999997,0,64.799999999999997,64.799999999999997,0,0,0,1,1.0196038027941829,1.0196038027941829
12,2020-01-01T12:00:00+00:00,distributed_committable,103,310_PV_1,310,true,false,33.799999999999997,33.799999999999997,0,33.799999999999997,33.799999999999997,0,0,0,1,1.0499999985167237,1.0499999985167237
12,2020-01-01T12:00:00+00:00,distributed_committable,104,324_PV_1,324,true,false,34.100000000000001,34.100000000000001,0,34.100000000000001,34.100000000000001,0,0,0,1,1.0183747271179147,1.0183747271179147
12,2020-01-01T12:00:00+00:00,distributed_committable,105,312_PV_1,312,true,false,65.5,65.5,0,65.5,65.5,0,0,0,1,1.0133237157305726,1.0133237157305726
12,2020-01-01T12:00:00+00:00,distributed_committable,106,310_PV_2,310,true,false,33.899999999999999,33.899999999999999,0,33.899999999999999,33.899999999999999,0,0,0,1,1.0499999985167237,1.0499999985167237
12,2020-01-01T12:00:00+00:00,distributed_committable,107,324_PV_2,324,true,false,33.700000000000003,33.700000000000003,0,33.700000000000003,33.700000000000003,0,0,0,1,1.0183747271179147,1.0183747271179147
12,2020-01-01T12:00:00+00:00,distributed_committable,108,324_PV_3,324,true,false,33.700000000000003,33.700000000000003,0,33.700000000000003,33.700000000000003,0,0,0,1,1.0183747271179147,1.0183747271179147
12,2020-01-01T12:00:00+00:00,distributed_committable,109,113_PV_1,113,true,false,66.5,66.5,0,66.5,66.5,0,0,0,1,1.0097004435770174,1.0097004435770174
12,2020-01-01T12:00:00+00:00,distributed_committable,110,319_PV_1,319,true,false,133.69999999999999,133.69999999999999,0,133.69999999999999,133.69999999999999,0,0,0,1,1.0220771401972961,1.0220771401972961
12,2020-01-01T12:00:00+00:00,distributed_committable,111,215_PV_1,215,true,false,84.5,84.5,0,84.5,84.5,0,0,0,1.0437000000000001,1.0095681829696455,1.0095681829696455
12,2020-01-01T12:00:00+00:00,distributed_committable,112,102_PV_1,102,true,false,18.100000000000001,18.100000000000001,0,18.100000000000001,18.100000000000001,0,0,0,1.0467,1.0444534654653619,1.0444534654653619
12,2020-01-01T12:00:00+00:00,distributed_committable,113,101_PV_1,101,true,false,17.699999999999999,17.699999999999999,0,17.699999999999999,17.699999999999999,0,0,0,1.0468,1.0453548149633591,1.0453548149633591
12,2020-01-01T12:00:00+00:00,distributed_committable,114,102_PV_2,102,true,false,17.899999999999999,17.899999999999999,0,17.899999999999999,17.899999999999999,0,0,0,1.0467,1.0444534654653619,1.0444534654653619
12,2020-01-01T12:00:00+00:00,distributed_committable,115,104_PV_1,104,true,false,17.800000000000001,17.800000000000001,0,17.800000000000001,17.800000000000001,0,0,0,1,1.0276047568841358,1.0276047568841358
12,2020-01-01T12:00:00+00:00,distributed_committable,116,212_CSP_1,212,false,false,0,0,0,0,0,0,0,0,1,1,1.0091038178074656
12,2020-01-01T12:00:00+00:00,distributed_committable,117,101_PV_2,101,true,false,18.199999999999999,18.199999999999999,0,18.199999999999999,18.199999999999999,0,0,0,1.0468,1.0453548149633591,1.0453548149633591
12,2020-01-01T12:00:00+00:00,distributed_committable,118,101_PV_3,101,true,false,18.5,18.5,0,18.5,18.5,0,0,0,1.0468,1.0453548149633591,1.0453548149633591
12,2020-01-01T12:00:00+00:00,distributed_committable,119,101_PV_4,101,true,false,18.899999999999999,18.899999999999999,0,18.899999999999999,18.899999999999999,0,0,0,1.0468,1.0453548149633591,1.0453548149633591
12,2020-01-01T12:00:00+00:00,distributed_committable,120,103_PV_1,103,true,false,47,47,0,47,47,0,0,0,1,1.0245863929990484,1.0245863929990484
12,2020-01-01T12:00:00+00:00,distributed_committable,121,119_PV_1,119,true,false,45.299999999999997,45.299999999999997,0,45.299999999999997,45.299999999999997,0,0,0,1,1.0054671893876062,1.0054671893876062
12,2020-01-01T12:00:00+00:00,distributed_committable,122,308_RTPV_1,308,true,false,65.400000000000006,65.400000000000006,0,65.400000000000006,65.400000000000006,0,0,0,1,0.98086810610817687,0.98086810610817687
12,2020-01-01T12:00:00+00:00,distributed_committable,123,313_RTPV_1,313,true,false,65.400000000000006,65.400000000000006,0,65.400000000000006,65.400000000000006,0,0,0,1,1.0196038027941829,1.0196038027941829
12,2020-01-01T12:00:00+00:00,distributed_committable,124,313_RTPV_2,313,true,false,42,42,0,42,42,0,0,0,1,1.0196038027941829,1.0196038027941829
12,2020-01-01T12:00:00+00:00,distributed_committable,125,313_RTPV_3,313,true,false,42.799999999999997,42.799999999999997,0,42.799999999999997,42.799999999999997,0,0,0,1,1.0196038027941829,1.0196038027941829
12,2020-01-01T12:00:00+00:00,distributed_committable,126,313_RTPV_4,313,true,false,41.700000000000003,41.700000000000003,0,41.700000000000003,41.700000000000003,0,0,0,1,1.0196038027941829,1.0196038027941829
12,2020-01-01T12:00:00+00:00,distributed_committable,127,313_RTPV_5,313,true,false,41.799999999999997,41.799999999999997,0,41.799999999999997,41.799999999999997,0,0,0,1,1.0196038027941829,1.0196038027941829
12,2020-01-01T12:00:00+00:00,distributed_committable,128,313_RTPV_6,313,true,false,40.700000000000003,40.700000000000003,0,40.700000000000003,40.700000000000003,0,0,0,1,1.0196038027941829,1.0196038027941829
12,2020-01-01T12:00:00+00:00,distributed_committable,129,313_RTPV_7,313,true,false,40.799999999999997,40.799999999999997,0,40.799999999999997,40.799999999999997,0,0,0,1,1.0196038027941829,1.0196038027941829
12,2020-01-01T12:00:00+00:00,distributed_committable,130,313_RTPV_8,313,true,false,41.600000000000001,41.600000000000001,0,41.600000000000001,41.600000000000001,0,0,0,1,1.0196038027941829,1.0196038027941829
12,2020-01-01T12:00:00+00:00,distributed_committable,131,313_RTPV_9,313,true,false,40.799999999999997,40.799999999999997,0,40.799999999999997,40.799999999999997,0,0,0,1,1.0196038027941829,1.0196038027941829
12,2020-01-01T12:00:00+00:00,distributed_committable,132,313_RTPV_10,313,true,false,42.600000000000001,42.600000000000001,0,42.600000000000001,42.600000000000001,0,0,0,1,1.0196038027941829,1.0196038027941829
12,2020-01-01T12:00:00+00:00,distributed_committable,133,313_RTPV_11,313,true,false,45.100000000000001,45.100000000000001,0,45.100000000000001,45.100000000000001,0,0,0,1,1.0196038027941829,1.0196038027941829
12,2020-01-01T12:00:00+00:00,distributed_committable,134,313_RTPV_12,313,true,false,19.399999999999999,19.399999999999999,0,19.399999999999999,19.399999999999999,0,0,0,1,1.0196038027941829,1.0196038027941829
12,2020-01-01T12:00:00+00:00,distributed_committable,135,320_RTPV_1,320,true,false,19.399999999999999,19.399999999999999,0,19.399999999999999,19.399999999999999,0,0,0,1,1.0239378675103648,1.0239378675103648
12,2020-01-01T12:00:00+00:00,distributed_committable,136,320_RTPV_2,320,true,false,19.399999999999999,19.399999999999999,0,19.399999999999999,19.399999999999999,0,0,0,1,1.0239378675103648,1.0239378675103648
12,2020-01-01T12:00:00+00:00,distributed_committable,137,320_RTPV_3,320,true,false,19,19,0,19,19,0,0,0,1,1.0239378675103648,1.0239378675103648
12,2020-01-01T12:00:00+00:00,distributed_committable,138,313_RTPV_13,313,true,false,19.199999999999999,19.199999999999999,0,19.199999999999999,19.199999999999999,0,0,0,1,1.0196038027941829,1.0196038027941829
12,2020-01-01T12:00:00+00:00,distributed_committable,139,320_RTPV_4,320,true,false,17.699999999999999,17.699999999999999,0,17.699999999999999,17.699999999999999,0,0,0,1,1.0239378675103648,1.0239378675103648
12,2020-01-01T12:00:00+00:00,distributed_committable,140,320_RTPV_5,320,true,false,20.100000000000001,20.100000000000001,0,20.100000000000001,20.100000000000001,0,0,0,1,1.0239378675103648,1.0239378675103648
12,2020-01-01T12:00:00+00:00,distributed_committable,141,118_RTPV_1,118,true,false,6.2000000000000002,6.2000000000000002,0,6.2000000000000002,6.2000000000000002,0,0,0,1,1.0154462350575406,1.0154462350575406
12,2020-01-01T12:00:00+00:00,distributed_committable,142,118_RTPV_2,118,true,false,6.2000000000000002,6.2000000000000002,0,6.2000000000000002,6.2000000000000002,0,0,0,1,1.0154462350575406,1.0154462350575406
12,2020-01-01T12:00:00+00:00,distributed_committable,143,118_RTPV_3,118,true,false,6.0999999999999996,6.0999999999999996,0,6.0999999999999996,6.0999999999999996,0,0,0,1,1.0154462350575406,1.0154462350575406
12,2020-01-01T12:00:00+00:00,distributed_committable,144,118_RTPV_4,118,true,false,6.2999999999999998,6.2999999999999998,0,6.2999999999999998,6.2999999999999998,0,0,0,1,1.0154462350575406,1.0154462350575406
12,2020-01-01T12:00:00+00:00,distributed_committable,145,118_RTPV_5,118,true,false,5.9000000000000004,5.9000000000000004,0,5.9000000000000004,5.9000000000000004,0,0,0,1,1.0154462350575406,1.0154462350575406
12,2020-01-01T12:00:00+00:00,distributed_committable,146,118_RTPV_6,118,true,false,6.2000000000000002,6.2000000000000002,0,6.2000000000000002,6.2000000000000002,0,0,0,1,1.0154462350575406,1.0154462350575406
12,2020-01-01T12:00:00+00:00,distributed_committable,147,320_RTPV_6,320,true,false,6,6,0,6,6,0,0,0,1,1.0239378675103648,1.0239378675103648
12,2020-01-01T12:00:00+00:00,distributed_committable,148,118_RTPV_7,118,true,false,7.2000000000000002,7.2000000000000011,8.8817841970012523e-16,7.2000000000000002,7.2000000000000002,0,0,0,1,1.0154462350575406,1.0154462350575406
12,2020-01-01T12:00:00+00:00,distributed_committable,149,118_RTPV_8,118,true,false,7.5,7.5,0,7.5,7.5,0,0,0,1,1.0154462350575406,1.0154462350575406
12,2020-01-01T12:00:00+00:00,distributed_committable,150,118_RTPV_9,118,true,false,6.7000000000000002,6.7000000000000002,0,6.7000000000000002,6.7000000000000002,0,0,0,1,1.0154462350575406,1.0154462350575406
12,2020-01-01T12:00:00+00:00,distributed_committable,151,118_RTPV_10,118,true,false,3.1000000000000001,3.1000000000000001,0,3.1000000000000001,3.1000000000000001,0,0,0,1,1.0154462350575406,1.0154462350575406
12,2020-01-01T12:00:00+00:00,distributed_committable,152,213_RTPV_1,213,true,false,8,8,0,8,8,0,0,0,1,1.007036964646038,1.007036964646038
12,2020-01-01T12:00:00+00:00,distributed_committable,153,309_WIND_1,309,true,false,20.399999999999999,20.399999999999999,0,20.399999999999999,20.399999999999999,0,0,0,1,1.0248026338107115,1.0248026338107115
12,2020-01-01T12:00:00+00:00,distributed_committable,154,317_WIND_1,317,true,false,57.954000000000001,57.954000000000008,7.1054273576010019e-15,57.954000000000001,57.954000000000001,0,0,0,1,1.0243535745296857,1.0243535745296857
12,2020-01-01T12:00:00+00:00,distributed_committable,155,303_WIND_1,303,true,false,91.5,91.5,0,91.5,91.5,0,0,0,1,1.0243887988884663,1.0243887988884663
12,2020-01-01T12:00:00+00:00,distributed_committable,156,122_WIND_1,122,true,false,3.7999999999999998,3.7999999999999998,0,3.7999999999999998,3.7999999999999998,0,0,0,1.05,1.0192845471605128,1.0192845471605128
12,2020-01-01T12:00:00+00:00,distributed_committable,157,313_STORAGE_1,313,false,false,0,0,0,0,0,0,0,0,1,1,1.0196038027941829
13,2020-01-01T13:00:00+00:00,distributed_committable,0,101_CT_1,101,false,false,0,0,0,0,0,0,0,10,1.0468,1.0468,1.0452077043267716
13,2020-01-01T13:00:00+00:00,distributed_committable,1,101_CT_2,101,false,false,0,0,0,0,0,0,0,10,1.0468,1.0468,1.0452077043267716
13,2020-01-01T13:00:00+00:00,distributed_committable,2,101_STEAM_3,101,true,true,76,75.999999784674657,-2.1532534333346121e-07,30,76,-18.655727513962322,-25,30,1.0468,1.0452077043267716,1.0452077043267716
13,2020-01-01T13:00:00+00:00,distributed_committable,3,101_STEAM_4,101,true,true,76,75.999999784674657,-2.1532534333346121e-07,30,76,-18.655727513962322,-25,30,1.0468,1.0452077043267716,1.0452077043267716
13,2020-01-01T13:00:00+00:00,distributed_committable,4,102_CT_1,102,false,false,0,0,0,0,0,0,0,10,1.0467,1.0467,1.0443019429071971
13,2020-01-01T13:00:00+00:00,distributed_committable,5,102_CT_2,102,false,false,0,0,0,0,0,0,0,10,1.0467,1.0467,1.0443019429071971
13,2020-01-01T13:00:00+00:00,distributed_committable,6,102_STEAM_3,102,true,true,45.333333328000002,49.508099674921013,4.174766346921011,30,76,-18.249243711688667,-25,30,1.0467,1.0443019429071971,1.0443019429071971
13,2020-01-01T13:00:00+00:00,distributed_committable,7,102_STEAM_4,102,true,true,45.333333328000002,49.508099674921013,4.174766346921011,30,76,-18.249243711688667,-25,30,1.0467,1.0443019429071971,1.0443019429071971
13,2020-01-01T13:00:00+00:00,distributed_committable,8,107_CC_1,107,false,false,0,0,0,0,0,0,-25,150,1.05,1.05,0.99276612537123132
13,2020-01-01T13:00:00+00:00,distributed_committable,9,113_CT_1,113,false,false,0,0,0,0,0,0,-15,19,1.0347,1.0347,1.0089403432615032
13,2020-01-01T13:00:00+00:00,distributed_committable,10,113_CT_2,113,false,false,0,0,0,0,0,0,-15,19,1.0347,1.0347,1.0089403432615032
13,2020-01-01T13:00:00+00:00,distributed_committable,11,113_CT_3,113,false,false,0,0,0,0,0,0,-15,19,1.0347,1.0347,1.0089403432615032
13,2020-01-01T13:00:00+00:00,distributed_committable,12,113_CT_4,113,false,false,0,0,0,0,0,0,-15,19,1.0347,1.0347,1.0089403432615032
13,2020-01-01T13:00:00+00:00,distributed_committable,13,115_STEAM_1,115,false,false,0,0,0,0,0,0,0,6,1.0427999999999999,1.0427999999999999,1.0106360161239447
13,2020-01-01T13:00:00+00:00,distributed_committable,14,115_STEAM_2,115,false,false,0,0,0,0,0,0,0,6,1.0427999999999999,1.0427999999999999,1.0106360161239447
13,2020-01-01T13:00:00+00:00,distributed_committable,15,115_STEAM_3,115,true,true,62,66.372013936229507,4.3720139362295072,62,155,12.177829765639554,-50,80,1.0427999999999999,1.0106360161239447,1.0106360161239447
13,2020-01-01T13:00:00+00:00,distributed_committable,16,116_STEAM_1,116,false,false,0,0,0,0,0,0,-50,80,1.0461,1.0461,1.00641530773082
13,2020-01-01T13:00:00+00:00,distributed_committable,17,118_CC_1,118,false,false,0,0,0,0,0,0,-25,150,1.05,1.05,1.0139503646405716
13,2020-01-01T13:00:00+00:00,distributed_committable,18,123_STEAM_2,123,true,true,93,97.421453495533626,4.4214534955336262,62,155,-49.999044523482489,-50,80,1.05,1.0038632123743287,1.0038632123743287
13,2020-01-01T13:00:00+00:00,distributed_committable,19,123_STEAM_3,123,true,true,140,144.42145368432207,4.4214536843220742,140,350,-24.999038979485576,-25,150,1.05,1.0038632123743287,1.0038632123743287
13,2020-01-01T13:00:00+00:00,distributed_committable,20,123_CT_1,123,false,false,0,0,0,0,0,0,-15,19,1.05,1.05,1.0038632123743287
13,2020-01-01T13:00:00+00:00,distributed_committable,21,123_CT_4,123,false,false,0,0,0,0,0,0,-15,19,1.05,1.05,1.0038632123743287
13,2020-01-01T13:00:00+00:00,distributed_committable,22,123_CT_5,123,false,false,0,0,0,0,0,0,-15,19,1.05,1.05,1.0038632123743287
13,2020-01-01T13:00:00+00:00,distributed_committable,23,201_CT_1,201,false,false,0,0,0,0,0,0,0,10,1.05,1.05,1.0224083586368646
13,2020-01-01T13:00:00+00:00,distributed_committable,24,201_CT_2,201,false,false,0,0,0,0,0,0,0,10,1.05,1.05,1.0224083586368646
13,2020-01-01T13:00:00+00:00,distributed_committable,25,201_STEAM_3,201,false,false,0,0,0,0,0,0,-25,30,1.05,1.05,1.0224083586368646
13,2020-01-01T13:00:00+00:00,distributed_committable,26,202_CT_1,202,false,false,0,0,0,0,0,0,0,10,1.05,1.05,1.0214711331219775
13,2020-01-01T13:00:00+00:00,distributed_committable,27,202_CT_2,202,false,false,0,0,0,0,0,0,0,10,1.05,1.05,1.0214711331219775
13,2020-01-01T13:00:00+00:00,distributed_committable,28,202_STEAM_3,202,true,true,30,34.792989192972961,4.7929891929729607,30,76,-20.488508017117841,-25,30,1.05,1.0214711331219775,1.0214711331219775
13,2020-01-01T13:00:00+00:00,distributed_committable,29,202_STEAM_4,202,true,true,30,34.792989192972961,4.7929891929729607,30,76,-20.488508017117841,-25,30,1.05,1.0214711331219775,1.0214711331219775
13,2020-01-01T13:00:00+00:00,distributed_committable,30,207_CT_1,207,false,false,0,0,0,0,0,0,-15,19,0.96989999999999998,0.96989999999999998,0.97275786434853451
13,2020-01-01T13:00:00+00:00,distributed_committable,31,207_CT_2,207,false,false,0,0,0,0,0,0,-15,19,0.96989999999999998,0.96989999999999998,0.97275786434853451
13,2020-01-01T13:00:00+00:00,distributed_committable,32,213_CC_3,213,false,false,0,0,0,0,0,0,-25,150,1.05,1.05,1.0067296492501887
13,2020-01-01T13:00:00+00:00,distributed_committable,33,213_CT_1,213,false,false,0,0,0,0,0,0,-15,19,1.05,1.05,1.0067296492501887
13,2020-01-01T13:00:00+00:00,distributed_committable,34,213_CT_2,213,false,false,0,0,0,0,0,0,-15,19,1.05,1.05,1.0067296492501887
13,2020-01-01T13:00:00+00:00,distributed_committable,35,215_CT_4,215,false,false,0,0,0,0,0,0,-15,19,1.0437000000000001,1.0437000000000001,1.0081778817349309
13,2020-01-01T13:00:00+00:00,distributed_committable,36,215_CT_5,215,false,false,0,0,0,0,0,0,-15,19,1.0437000000000001,1.0437000000000001,1.0081778817349309
13,2020-01-01T13:00:00+00:00,distributed_committable,37,216_STEAM_1,216,true,true,93,97.585194796144307,4.5851947961443074,62,155,19.132372702216017,-50,80,1.0472999999999999,1.0115176049055623,1.0115176049055623
13,2020-01-01T13:00:00+00:00,distributed_committable,38,218_CC_1,218,false,false,0,0,0,0,0,0,-25,150,1.05,1.05,1.0074176829518633
13,2020-01-01T13:00:00+00:00,distributed_committable,39,221_CC_1,221,false,false,0,0,0,0,0,0,-25,150,1.05,1.05,1.0101971601781585
13,2020-01-01T13:00:00+00:00,distributed_committable,40,223_STEAM_1,223,true,true,93,97.544001442317125,4.5440014423171249,62,155,-3.9806938790626294,-50,80,1.05,1.0272156023675254,1.0272156023675254
13,2020-01-01T13:00:00+00:00,distributed_committable,41,223_STEAM_2,223,true,true,116.579483344,121.12348476538367,4.544001421383669,62,155,-3.9806938790626356,-50,80,1.05,1.0272156023675254,1.0272156023675254
13,2020-01-01T13:00:00+00:00,distributed_committable,42,223_STEAM_3,223,true,true,210,214.54400143810341,4.5440014381034075,140,350,30.860772405670652,-25,150,1.05,1.0272156023675254,1.0272156023675254
13,2020-01-01T13:00:00+00:00,distributed_committable,43,223_CT_4,223,false,false,0,0,0,0,0,0,-15,19,1.05,1.05,1.0272156023675254
13,2020-01-01T13:00:00+00:00,distributed_committable,44,223_CT_5,223,false,false,0,0,0,0,0,0,-15,19,1.05,1.05,1.0272156023675254
13,2020-01-01T13:00:00+00:00,distributed_committable,45,223_CT_6,223,false,false,0,0,0,0,0,0,-15,19,1.05,1.05,1.0272156023675254
13,2020-01-01T13:00:00+00:00,distributed_committable,46,301_CT_1,301,false,false,0,0,0,0,0,0,0,10,1.05,1.05,1.0249527877949416
13,2020-01-01T13:00:00+00:00,distributed_committable,47,301_CT_2,301,false,false,0,0,0,0,0,0,0,10,1.05,1.05,1.0249527877949416
13,2020-01-01T13:00:00+00:00,distributed_committable,48,301_CT_3,301,false,false,0,0,0,0,0,0,-15,19,1.05,1.05,1.0249527877949416
13,2020-01-01T13:00:00+00:00,distributed_committable,49,301_CT_4,301,false,false,0,0,0,0,0,0,-15,19,1.05,1.05,1.0249527877949416
13,2020-01-01T13:00:00+00:00,distributed_committable,50,302_CT_1,302,false,false,0,0,0,0,0,0,0,10,1.05,1.05,1.0249586495078118
13,2020-01-01T13:00:00+00:00,distributed_committable,51,302_CT_2,302,false,false,0,0,0,0,0,0,0,10,1.05,1.05,1.0249586495078118
13,2020-01-01T13:00:00+00:00,distributed_committable,52,302_CT_3,302,false,false,0,0,0,0,0,0,-15,19,1.05,1.05,1.0249586495078118
13,2020-01-01T13:00:00+00:00,distributed_committable,53,302_CT_4,302,false,false,0,0,0,0,0,0,-15,19,1.05,1.05,1.0249586495078118
13,2020-01-01T13:00:00+00:00,distributed_committable,54,307_CT_1,307,false,false,0,0,0,0,0,0,-15,19,0.95679999999999998,0.95679999999999998,0.95571696840635179
13,2020-01-01T13:00:00+00:00,distributed_committable,55,307_CT_2,307,false,false,0,0,0,0,0,0,-15,19,0.95679999999999998,0.95679999999999998,0.95571696840635179
13,2020-01-01T13:00:00+00:00,distributed_committable,56,313_CC_1,313,false,false,0,0,0,0,0,0,-25,150,1.0349999999999999,1.0349999999999999,1.0198133687520603
13,2020-01-01T13:00:00+00:00,distributed_committable,57,315_STEAM_1,315,false,false,0,0,0,0,0,0,0,6,1.0422,1.0422,1.0220516347530744
13,2020-01-01T13:00:00+00:00,distributed_committable,58,315_STEAM_2,315,false,false,0,0,0,0,0,0,0,6,1.0422,1.0422,1.0220516347530744
13,2020-01-01T13:00:00+00:00,distributed_committable,59,315_STEAM_3,315,false,false,0,0,0,0,0,0,0,6,1.0422,1.0422,1.0220516347530744
13,2020-01-01T13:00:00+00:00,distributed_committable,60,315_STEAM_4,315,false,false,0,0,0,0,0,0,0,6,1.0422,1.0422,1.0220516347530744
13,2020-01-01T13:00:00+00:00,distributed_committable,61,315_STEAM_5,315,false,false,0,0,0,0,0,0,0,6,1.0422,1.0422,1.0220516347530744
13,2020-01-01T13:00:00+00:00,distributed_committable,62,315_CT_6,315,false,false,0,0,0,0,0,0,-15,19,1.0422,1.0422,1.0220516347530744
13,2020-01-01T13:00:00+00:00,distributed_committable,63,315_CT_7,315,false,false,0,0,0,0,0,0,-15,19,1.0422,1.0422,1.0220516347530744
13,2020-01-01T13:00:00+00:00,distributed_committable,64,315_CT_8,315,false,false,0,0,0,0,0,0,0,60,1.0422,1.0422,1.0220516347530744
13,2020-01-01T13:00:00+00:00,distributed_committable,65,316_STEAM_1,316,true,true,62,66.450105361970884,4.4501053619708841,62,155,36.169801229189517,-50,80,1.0448999999999999,1.0247244126537813,1.0247244126537813
13,2020-01-01T13:00:00+00:00,distributed_committable,66,318_CC_1,318,false,false,0,0,0,0,0,0,-25,150,1.05,1.05,1.0257295489817697
13,2020-01-01T13:00:00+00:00,distributed_committable,67,321_CC_1,321,true,true,170,174.44469717248685,4.4446971724868547,170,355,12.006116451414066,-25,150,1.05,1.0294525546304869,1.0294525546304869
13,2020-01-01T13:00:00+00:00,distributed_committable,68,322_CT_5,322,false,false,0,0,0,0,0,0,-15,19,1.05,1.05,1.0342320931252833
13,2020-01-01T13:00:00+00:00,distributed_committable,69,322_CT_6,322,false,false,0,0,0,0,0,0,-15,19,1.05,1.05,1.0342320931252833
13,2020-01-01T13:00:00+00:00,distributed_committable,70,323_CC_1,323,false,false,0,0,0,0,0,0,-25,150,1.05,1.05,1.0260264595985629
13,2020-01-01T13:00:00+00:00,distributed_committable,71,323_CC_2,323,false,false,0,0,0,0,0,0,-25,150,1.05,1.05,1.0260264595985629
13,2020-01-01T13:00:00+00:00,distributed_committable,72,114_SYNC_COND_1,114,true,false,0,0,0,0,0,-49.999917574364297,-50,200,1.0441,0.98906189267260003,0.98906189267260003
13,2020-01-01T13:00:00+00:00,distributed_committable,73,121_NUCLEAR_1,121,true,true,400,399.99999979268949,-2.0731050653921557e-07,396,400,-11.998802988650429,-50,200,1.05,1.0186090269322761,1.0186090269322761
13,2020-01-01T13:00:00+00:00,distributed_committable,74,122_HYDRO_1,122,true,false,4.2000000000000002,4.2000000000000002,0,4.2000000000000002,4.2000000000000002,-3.0118165943476405,-10,16,1.05,1.0178148981186308,1.0178148981186308
13,2020-01-01T13:00:00+00:00,distributed_committable,75,122_HYDRO_2,122,true,false,4.2000000000000002,4.2000000000000002,0,4.2000000000000002,4.2000000000000002,-3.0118165943476405,-10,16,1.05,1.0178148981186308,1.0178148981186308
13,2020-01-01T13:00:00+00:00,distributed_committable,76,122_HYDRO_3,122,true,false,4.2000000000000002,4.2000000000000002,0,4.2000000000000002,4.2000000000000002,-3.0118165943476405,-10,16,1.05,1.0178148981186308,1.0178148981186308
13,2020-01-01T13:00:00+00:00,distributed_committable,77,122_HYDRO_4,122,true,false,4.2000000000000002,4.2000000000000002,0,4.2000000000000002,4.2000000000000002,-3.0118165943476405,-10,16,1.05,1.0178148981186308,1.0178148981186308
13,2020-01-01T13:00:00+00:00,distributed_committable,78,122_HYDRO_5,122,true,false,4.2000000000000002,4.2000000000000002,0,4.2000000000000002,4.2000000000000002,-3.0118165943476405,-10,16,1.05,1.0178148981186308,1.0178148981186308
13,2020-01-01T13:00:00+00:00,distributed_committable,79,122_HYDRO_6,122,true,false,4.2000000000000002,4.2000000000000002,0,4.2000000000000002,4.2000000000000002,-3.0118165943476405,-10,16,1.05,1.0178148981186308,1.0178148981186308
13,2020-01-01T13:00:00+00:00,distributed_committable,80,201_HYDRO_4,201,true,false,18.699999999999999,18.699999999999999,0,18.699999999999999,18.699999999999999,-9.999728983162175,-10,16,1.05,1.0224083586368646,1.0224083586368646
13,2020-01-01T13:00:00+00:00,distributed_committable,81,214_SYNC_COND_1,214,true,false,0,0,0,0,0,12.851065526265689,-50,200,1.05,1.006952977050352,1.006952977050352
13,2020-01-01T13:00:00+00:00,distributed_committable,82,215_HYDRO_1,215,true,false,18.699999999999999,18.699999999999999,0,18.699999999999999,18.699999999999999,-1.4341058387584553,-10,16,1.0437000000000001,1.0081778817349309,1.0081778817349309
13,2020-01-01T13:00:00+00:00,distributed_committable,83,215_HYDRO_2,215,true,false,18.699999999999999,18.699999999999999,0,18.699999999999999,18.699999999999999,-1.4341058387584553,-10,16,1.0437000000000001,1.0081778817349309,1.0081778817349309
13,2020-01-01T13:00:00+00:00,distributed_committable,84,215_HYDRO_3,215,true,false,18.699999999999999,18.699999999999999,0,18.699999999999999,18.699999999999999,-1.4341058387584553,-10,16,1.0437000000000001,1.0081778817349309,1.0081778817349309
13,2020-01-01T13:00:00+00:00,distributed_committable,85,222_HYDRO_1,222,true,false,18.699999999999999,18.699999999999999,0,18.699999999999999,18.699999999999999,-2.5128721051359317,-10,16,1.05,1.0166038329233398,1.0166038329233398
13,2020-01-01T13:00:00+00:00,distributed_committable,86,222_HYDRO_2,222,true,false,18.699999999999999,18.699999999999999,0,18.699999999999999,18.699999999999999,-2.5128721051359317,-10,16,1.05,1.0166038329233398,1.0166038329233398
13,2020-01-01T13:00:00+00:00,distributed_committable,87,222_HYDRO_3,222,true,false,18.699999999999999,18.699999999999999,0,18.699999999999999,18.699999999999999,-2.5128721051359317,-10,16,1.05,1.0166038329233398,1.0166038329233398
13,2020-01-01T13:00:00+00:00,distributed_committable,88,222_HYDRO_4,222,true,false,18.699999999999999,18.699999999999999,0,18.699999999999999,18.699999999999999,-2.5128721051359317,-10,16,1.05,1.0166038329233398,1.0166038329233398
13,2020-01-01T13:00:00+00:00,distributed_committable,89,222_HYDRO_5,222,true,false,18.699999999999999,18.699999999999999,0,18.699999999999999,18.699999999999999,-2.5128721051359317,-10,16,1.05,1.0166038329233398,1.0166038329233398
13,2020-01-01T13:00:00+00:00,distributed_committable,90,222_HYDRO_6,222,true,false,18.699999999999999,18.699999999999999,0,18.699999999999999,18.699999999999999,-2.5128721051359317,-10,16,1.05,1.0166038329233398,1.0166038329233398
13,2020-01-01T13:00:00+00:00,distributed_committable,91,314_SYNC_COND_1,314,true,false,0,0,0,0,0,2.1515333552535676,-50,200,1.05,1.0148863876919587,1.0148863876919587
13,2020-01-01T13:00:00+00:00,distributed_committable,92,322_HYDRO_1,322,true,false,21.399999999999999,21.399999999999999,0,21.399999999999999,21.399999999999999,-4.113986559671261,-10,16,1.05,1.0342320931252833,1.0342320931252833
13,2020-01-01T13:00:00+00:00,distributed_committable,93,322_HYDRO_2,322,true,false,21.399999999999999,21.399999999999999,0,21.399999999999999,21.399999999999999,-4.1139865596712584,-10,16,1.05,1.0342320931252833,1.0342320931252833
13,2020-01-01T13:00:00+00:00,distributed_committable,94,322_HYDRO_3,322,true,false,21.399999999999999,21.399999999999999,0,21.399999999999999,21.399999999999999,-4.1139865596712584,-10,16,1.05,1.0342320931252833,1.0342320931252833
13,2020-01-01T13:00:00+00:00,distributed_committable,95,322_HYDRO_4,322,true,false,21.399999999999999,21.399999999999999,0,21.399999999999999,21.399999999999999,-4.1139865596712584,-10,16,1.05,1.0342320931252833,1.0342320931252833
13,2020-01-01T13:00:00+00:00,distributed_committable,96,320_PV_1,320,true,false,33.5,33.5,0,33.5,33.5,0,0,0,1,1.0254500445452133,1.0254500445452133
13,2020-01-01T13:00:00+00:00,distributed_committable,97,314_PV_1,314,true,false,33.5,33.5,0,33.5,33.5,0,0,0,1.05,1.0148863876919587,1.0148863876919587
13,2020-01-01T13:00:00+00:00,distributed_committable,98,314_PV_2,314,true,false,33.799999999999997,33.799999999999997,0,33.799999999999997,33.799999999999997,0,0,0,1.05,1.0148863876919587,1.0148863876919587
13,2020-01-01T13:00:00+00:00,distributed_committable,99,313_PV_1,313,true,false,61.399999999999999,61.399999999999999,0,61.399999999999999,61.399999999999999,0,0,0,1,1.0198133687520603,1.0198133687520603
13,2020-01-01T13:00:00+00:00,distributed_committable,100,314_PV_3,314,true,false,59.799999999999997,59.799999999999997,0,59.799999999999997,59.799999999999997,0,0,0,1.05,1.0148863876919587,1.0148863876919587
13,2020-01-01T13:00:00+00:00,distributed_committable,101,314_PV_4,314,true,false,33.799999999999997,33.799999999999997,0,33.799999999999997,33.799999999999997,0,0,0,1.05,1.0148863876919587,1.0148863876919587
13,2020-01-01T13:00:00+00:00,distributed_committable,102,313_PV_2,313,true,false,61.799999999999997,61.799999999999997,0,61.799999999999997,61.799999999999997,0,0,0,1,1.0198133687520603,1.0198133687520603
13,2020-01-01T13:00:00+00:00,distributed_committable,103,310_PV_1,310,true,false,33.5,33.5,0,33.5,33.5,0,0,0,1,1.0499999941674611,1.0499999941674611
13,2020-01-01T13:00:00+00:00,distributed_committable,104,324_PV_1,324,true,false,32.899999999999999,32.899999999999999,0,32.899999999999999,32.899999999999999,0,0,0,1,1.0207877360950273,1.0207877360950273
13,2020-01-01T13:00:00+00:00,distributed_committable,105,312_PV_1,312,true,false,62.700000000000003,62.700000000000003,0,62.700000000000003,62.700000000000003,0,0,0,1,1.0138272574017044,1.0138272574017044
13,2020-01-01T13:00:00+00:00,distributed_committable,106,310_PV_2,310,true,false,33.600000000000001,33.600000000000001,0,33.600000000000001,33.600000000000001,0,0,0,1,1.0499999941674611,1.0499999941674611
13,2020-01-01T13:00:00+00:00,distributed_committable,107,324_PV_2,324,true,false,32.600000000000001,32.600000000000001,0,32.600000000000001,32.600000000000001,0,0,0,1,1.0207877360950273,1.0207877360950273
13,2020-01-01T13:00:00+00:00,distributed_committable,108,324_PV_3,324,true,false,32.600000000000001,32.600000000000001,0,32.600000000000001,32.600000000000001,0,0,0,1,1.0207877360950273,1.0207877360950273
13,2020-01-01T13:00:00+00:00,distributed_committable,109,113_PV_1,113,true,false,63.299999999999997,63.299999999999997,0,63.299999999999997,63.299999999999997,0,0,0,1,1.0089403432615032,1.0089403432615032
13,2020-01-01T13:00:00+00:00,distributed_committable,110,319_PV_1,319,true,false,129.40000000000001,129.40000000000001,0,129.40000000000001,129.40000000000001,0,0,0,1,1.0240205585472024,1.0240205585472024
13,2020-01-01T13:00:00+00:00,distributed_committable,111,215_PV_1,215,true,false,80.900000000000006,80.900000000000006,0,80.900000000000006,80.900000000000006,0,0,0,1.0437000000000001,1.0081778817349309,1.0081778817349309
13,2020-01-01T13:00:00+00:00,distributed_committable,112,102_PV_1,102,true,false,17.600000000000001,17.600000000000001,0,17.600000000000001,17.600000000000001,0,0,0,1.0467,1.0443019429071971,1.0443019429071971
13,2020-01-01T13:00:00+00:00,distributed_committable,113,101_PV_1,101,true,false,17.5,17.5,0,17.5,17.5,0,0,0,1.0468,1.0452077043267716,1.0452077043267716
13,2020-01-01T13:00:00+00:00,distributed_committable,114,102_PV_2,102,true,false,17.399999999999999,17.399999999999999,0,17.399999999999999,17.399999999999999,0,0,0,1.0467,1.0443019429071971,1.0443019429071971
13,2020-01-01T13:00:00+00:00,distributed_committable,115,104_PV_1,104,true,false,17.699999999999999,17.699999999999999,0,17.699999999999999,17.699999999999999,0,0,0,1,1.0275771071663689,1.0275771071663689
13,2020-01-01T13:00:00+00:00,distributed_committable,116,212_CSP_1,212,false,false,0,0,0,0,0,0,0,0,1,1,1.0089070172555297
13,2020-01-01T13:00:00+00:00,distributed_committable,117,101_PV_2,101,true,false,17.699999999999999,17.699999999999999,0,17.699999999999999,17.699999999999999,0,0,0,1.0468,1.0452077043267716,1.0452077043267716
13,2020-01-01T13:00:00+00:00,distributed_committable,118,101_PV_3,101,true,false,17.899999999999999,17.899999999999999,0,17.899999999999999,17.899999999999999,0,0,0,1.0468,1.0452077043267716,1.0452077043267716
13,2020-01-01T13:00:00+00:00,distributed_committable,119,101_PV_4,101,true,false,17.899999999999999,17.899999999999999,0,17.899999999999999,17.899999999999999,0,0,0,1.0468,1.0452077043267716,1.0452077043267716
13,2020-01-01T13:00:00+00:00,distributed_committable,120,103_PV_1,103,true,false,40.700000000000003,40.700000000000003,0,40.700000000000003,40.700000000000003,0,0,0,1,1.0236298866068554,1.0236298866068554
13,2020-01-01T13:00:00+00:00,distributed_committable,121,119_PV_1,119,true,false,39.600000000000001,39.600000000000001,0,39.600000000000001,39.600000000000001,0,0,0,1,1.0040861588273116,1.0040861588273116
13,2020-01-01T13:00:00+00:00,distributed_committable,122,308_RTPV_1,308,true,false,59.200000000000003,59.20000000000001,7.1054273576010019e-15,59.200000000000003,59.200000000000003,0,0,0,1,0.97830602205808936,0.97830602205808936
13,2020-01-01T13:00:00+00:00,distributed_committable,123,313_RTPV_1,313,true,false,59.200000000000003,59.20000000000001,7.1054273576010019e-15,59.200000000000003,59.200000000000003,0,0,0,1,1.0198133687520603,1.0198133687520603
13,2020-01-01T13:00:00+00:00,distributed_committable,124,313_RTPV_2,313,true,false,37.100000000000001,37.100000000000001,0,37.100000000000001,37.100000000000001,0,0,0,1,1.0198133687520603,1.0198133687520603
13,2020-01-01T13:00:00+00:00,distributed_committable,125,313_RTPV_3,313,true,false,37.700000000000003,37.700000000000003,0,37.700000000000003,37.700000000000003,0,0,0,1,1.0198133687520603,1.0198133687520603
13,2020-01-01T13:00:00+00:00,distributed_committable,126,313_RTPV_4,313,true,false,36.700000000000003,36.700000000000003,0,36.700000000000003,36.700000000000003,0,0,0,1,1.0198133687520603,1.0198133687520603
13,2020-01-01T13:00:00+00:00,distributed_committable,127,313_RTPV_5,313,true,false,36.899999999999999,36.899999999999999,0,36.899999999999999,36.899999999999999,0,0,0,1,1.0198133687520603,1.0198133687520603
13,2020-01-01T13:00:00+00:00,distributed_committable,128,313_RTPV_6,313,true,false,37.100000000000001,37.100000000000001,0,37.100000000000001,37.100000000000001,0,0,0,1,1.0198133687520603,1.0198133687520603
13,2020-01-01T13:00:00+00:00,distributed_committable,129,313_RTPV_7,313,true,false,37.799999999999997,37.799999999999997,0,37.799999999999997,37.799999999999997,0,0,0,1,1.0198133687520603,1.0198133687520603
13,2020-01-01T13:00:00+00:00,distributed_committable,130,313_RTPV_8,313,true,false,37.600000000000001,37.600000000000001,0,37.600000000000001,37.600000000000001,0,0,0,1,1.0198133687520603,1.0198133687520603
13,2020-01-01T13:00:00+00:00,distributed_committable,131,313_RTPV_9,313,true,false,37.700000000000003,37.700000000000003,0,37.700000000000003,37.700000000000003,0,0,0,1,1.0198133687520603,1.0198133687520603
13,2020-01-01T13:00:00+00:00,distributed_committable,132,313_RTPV_10,313,true,false,38,38,0,38,38,0,0,0,1,1.0198133687520603,1.0198133687520603
13,2020-01-01T13:00:00+00:00,distributed_committable,133,313_RTPV_11,313,true,false,40.200000000000003,40.200000000000003,0,40.200000000000003,40.200000000000003,0,0,0,1,1.0198133687520603,1.0198133687520603
13,2020-01-01T13:00:00+00:00,distributed_committable,134,313_RTPV_12,313,true,false,17,17,0,17,17,0,0,0,1,1.0198133687520603,1.0198133687520603
13,2020-01-01T13:00:00+00:00,distributed_committable,135,320_RTPV_1,320,true,false,17,17,0,17,17,0,0,0,1,1.0254500445452133,1.0254500445452133
13,2020-01-01T13:00:00+00:00,distributed_committable,136,320_RTPV_2,320,true,false,17,17,0,17,17,0,0,0,1,1.0254500445452133,1.0254500445452133
13,2020-01-01T13:00:00+00:00,distributed_committable,137,320_RTPV_3,320,true,false,16.699999999999999,16.699999999999999,0,16.699999999999999,16.699999999999999,0,0,0,1,1.0254500445452133,1.0254500445452133
13,2020-01-01T13:00:00+00:00,distributed_committable,138,313_RTPV_13,313,true,false,17.399999999999999,17.399999999999999,0,17.399999999999999,17.399999999999999,0,0,0,1,1.0198133687520603,1.0198133687520603
13,2020-01-01T13:00:00+00:00,distributed_committable,139,320_RTPV_4,320,true,false,15.800000000000001,15.800000000000001,0,15.800000000000001,15.800000000000001,0,0,0,1,1.0254500445452133,1.0254500445452133
13,2020-01-01T13:00:00+00:00,distributed_committable,140,320_RTPV_5,320,true,false,18.199999999999999,18.199999999999999,0,18.199999999999999,18.199999999999999,0,0,0,1,1.0254500445452133,1.0254500445452133
13,2020-01-01T13:00:00+00:00,distributed_committable,141,118_RTPV_1,118,true,false,5.4000000000000004,5.4000000000000004,0,5.4000000000000004,5.4000000000000004,0,0,0,1,1.0139503646405716,1.0139503646405716
13,2020-01-01T13:00:00+00:00,distributed_committable,142,118_RTPV_2,118,true,false,5.4000000000000004,5.4000000000000004,0,5.4000000000000004,5.4000000000000004,0,0,0,1,1.0139503646405716,1.0139503646405716
13,2020-01-01T13:00:00+00:00,distributed_committable,143,118_RTPV_3,118,true,false,5.5999999999999996,5.5999999999999996,0,5.5999999999999996,5.5999999999999996,0,0,0,1,1.0139503646405716,1.0139503646405716
13,2020-01-01T13:00:00+00:00,distributed_committable,144,118_RTPV_4,118,true,false,5.5,5.5,0,5.5,5.5,0,0,0,1,1.0139503646405716,1.0139503646405716
13,2020-01-01T13:00:00+00:00,distributed_committable,145,118_RTPV_5,118,true,false,5.4000000000000004,5.4000000000000004,0,5.4000000000000004,5.4000000000000004,0,0,0,1,1.0139503646405716,1.0139503646405716
13,2020-01-01T13:00:00+00:00,distributed_committable,146,118_RTPV_6,118,true,false,5.5,5.5,0,5.5,5.5,0,0,0,1,1.0139503646405716,1.0139503646405716
13,2020-01-01T13:00:00+00:00,distributed_committable,147,320_RTPV_6,320,true,false,5.5,5.5,0,5.5,5.5,0,0,0,1,1.0254500445452133,1.0254500445452133
13,2020-01-01T13:00:00+00:00,distributed_committable,148,118_RTPV_7,118,true,false,6.5999999999999996,6.6000000000000005,8.8817841970012523e-16,6.5999999999999996,6.5999999999999996,0,0,0,1,1.0139503646405716,1.0139503646405716
13,2020-01-01T13:00:00+00:00,distributed_committable,149,118_RTPV_8,118,true,false,6.7000000000000002,6.7000000000000002,0,6.7000000000000002,6.7000000000000002,0,0,0,1,1.0139503646405716,1.0139503646405716
13,2020-01-01T13:00:00+00:00,distributed_committable,150,118_RTPV_9,118,true,false,5.9000000000000004,5.9000000000000004,0,5.9000000000000004,5.9000000000000004,0,0,0,1,1.0139503646405716,1.0139503646405716
13,2020-01-01T13:00:00+00:00,distributed_committable,151,118_RTPV_10,118,true,false,2.7000000000000002,2.7000000000000002,0,2.7000000000000002,2.7000000000000002,0,0,0,1,1.0139503646405716,1.0139503646405716
13,2020-01-01T13:00:00+00:00,distributed_committable,152,213_RTPV_1,213,true,false,7.2999999999999998,7.2999999999999998,0,7.2999999999999998,7.2999999999999998,0,0,0,1,1.0067296492501887,1.0067296492501887
13,2020-01-01T13:00:00+00:00,distributed_committable,153,309_WIND_1,309,true,false,1.6000000000000001,1.6000000000000001,0,1.6000000000000001,1.6000000000000001,0,0,0,1,1.0241825907059847,1.0241825907059847
13,2020-01-01T13:00:00+00:00,distributed_committable,154,317_WIND_1,317,true,false,107.90000000000001,107.89999999999999,-1.4210854715202004e-14,107.90000000000001,107.90000000000001,0,0,0,1,1.0285027983433654,1.0285027983433654
13,2020-01-01T13:00:00+00:00,distributed_committable,155,303_WIND_1,303,true,false,103,103,0,103,103,0,0,0,1,1.0272943563964383,1.0272943563964383
13,2020-01-01T13:00:00+00:00,distributed_committable,156,122_WIND_1,122,true,false,1.1000000000000001,1.1000000000000001,0,1.1000000000000001,1.1000000000000001,0,0,0,1.05,1.0178148981186308,1.0178148981186308
13,2020-01-01T13:00:00+00:00,distributed_committable,157,313_STORAGE_1,313,false,false,0,0,0,0,0,0,0,0,1,1,1.0198133687520603
14,2020-01-01T14:00:00+00:00,distributed_committable,0,101_CT_1,101,false,false,0,0,0,0,0,0,0,10,1.0468,1.0468,1.0439265931083181
14,2020-01-01T14:00:00+00:00,distributed_committable,1,101_CT_2,101,false,false,0,0,0,0,0,0,0,10,1.0468,1.0468,1.0439265931083181
14,2020-01-01T14:00:00+00:00,distributed_committable,2,101_STEAM_3,101,true,true,76,75.999998955842358,-1.0441576421271748e-06,30,76,-19.694399659486752,-25,30,1.0468,1.0439265931083181,1.0439265931083181
14,2020-01-01T14:00:00+00:00,distributed_committable,3,101_STEAM_4,101,true,true,76,75.999998955842358,-1.0441576421271748e-06,30,76,-19.694399659486752,-25,30,1.0468,1.0439265931083181,1.0439265931083181
14,2020-01-01T14:00:00+00:00,distributed_committable,4,102_CT_1,102,false,false,0,0,0,0,0,0,0,10,1.0467,1.0467,1.0435533686268561
14,2020-01-01T14:00:00+00:00,distributed_committable,5,102_CT_2,102,false,false,0,0,0,0,0,0,0,10,1.0467,1.0467,1.0435533686268561
14,2020-01-01T14:00:00+00:00,distributed_committable,6,102_STEAM_3,102,true,true,60.666666663999997,65.659027358738598,4.9923606947386006,30,76,-19.275209720245677,-25,30,1.0467,1.0435533686268561,1.0435533686268561
14,2020-01-01T14:00:00+00:00,distributed_committable,7,102_STEAM_4,102,true,true,60.666666663999997,65.659027358738598,4.9923606947386006,30,76,-19.275209720245677,-25,30,1.0467,1.0435533686268561,1.0435533686268561
14,2020-01-01T14:00:00+00:00,distributed_committable,8,107_CC_1,107,false,false,0,0,0,0,0,0,-25,150,1.05,1.05,0.99410122390669053
14,2020-01-01T14:00:00+00:00,distributed_committable,9,113_CT_1,113,false,false,0,0,0,0,0,0,-15,19,1.0347,1.0347,1.0089715422627059
14,2020-01-01T14:00:00+00:00,distributed_committable,10,113_CT_2,113,false,false,0,0,0,0,0,0,-15,19,1.0347,1.0347,1.0089715422627059
14,2020-01-01T14:00:00+00:00,distributed_committable,11,113_CT_3,113,false,false,0,0,0,0,0,0,-15,19,1.0347,1.0347,1.0089715422627059
14,2020-01-01T14:00:00+00:00,distributed_committable,12,113_CT_4,113,false,false,0,0,0,0,0,0,-15,19,1.0347,1.0347,1.0089715422627059
14,2020-01-01T14:00:00+00:00,distributed_committable,13,115_STEAM_1,115,false,false,0,0,0,0,0,0,0,6,1.0427999999999999,1.0427999999999999,1.0128817001995141
14,2020-01-01T14:00:00+00:00,distributed_committable,14,115_STEAM_2,115,false,false,0,0,0,0,0,0,0,6,1.0427999999999999,1.0427999999999999,1.0128817001995141
14,2020-01-01T14:00:00+00:00,distributed_committable,15,115_STEAM_3,115,true,true,93,98.292729999983521,5.2927299999835213,62,155,-8.0564203837402815,-50,80,1.0427999999999999,1.0128817001995141,1.0128817001995141
14,2020-01-01T14:00:00+00:00,distributed_committable,16,116_STEAM_1,116,false,false,0,0,0,0,0,0,-50,80,1.0461,1.0461,1.0095172394825203
14,2020-01-01T14:00:00+00:00,distributed_committable,17,118_CC_1,118,false,false,0,0,0,0,0,0,-25,150,1.05,1.05,1.0180810399593128
14,2020-01-01T14:00:00+00:00,distributed_committable,18,123_STEAM_2,123,true,true,93,98.282989926864246,5.2829899268642464,62,155,-49.994852493619199,-50,80,1.05,1.0068433854255454,1.0068433854255454
14,2020-01-01T14:00:00+00:00,distributed_committable,19,123_STEAM_3,123,true,true,266.96447034400001,272.24746019154776,5.2829898475477535,140,350,-24.994664470201798,-25,150,1.05,1.0068433854255454,1.0068433854255454
14,2020-01-01T14:00:00+00:00,distributed_committable,20,123_CT_1,123,false,false,0,0,0,0,0,0,-15,19,1.05,1.05,1.0068433854255454
14,2020-01-01T14:00:00+00:00,distributed_committable,21,123_CT_4,123,false,false,0,0,0,0,0,0,-15,19,1.05,1.05,1.0068433854255454
14,2020-01-01T14:00:00+00:00,distributed_committable,22,123_CT_5,123,false,false,0,0,0,0,0,0,-15,19,1.05,1.05,1.0068433854255454
14,2020-01-01T14:00:00+00:00,distributed_committable,23,201_CT_1,201,false,false,0,0,0,0,0,0,0,10,1.05,1.05,1.0277859497889168
14,2020-01-01T14:00:00+00:00,distributed_committable,24,201_CT_2,201,false,false,0,0,0,0,0,0,0,10,1.05,1.05,1.0277859497889168
14,2020-01-01T14:00:00+00:00,distributed_committable,25,201_STEAM_3,201,false,false,0,0,0,0,0,0,-25,30,1.05,1.05,1.0277859497889168
14,2020-01-01T14:00:00+00:00,distributed_committable,26,202_CT_1,202,false,false,0,0,0,0,0,0,0,10,1.05,1.05,1.027337843534686
14,2020-01-01T14:00:00+00:00,distributed_committable,27,202_CT_2,202,false,false,0,0,0,0,0,0,0,10,1.05,1.05,1.027337843534686
14,2020-01-01T14:00:00+00:00,distributed_committable,28,202_STEAM_3,202,true,true,60.666666663999997,66.291848494421089,5.6251818304210914,30,76,-23.296690205074785,-25,30,1.05,1.027337843534686,1.027337843534686
14,2020-01-01T14:00:00+00:00,distributed_committable,29,202_STEAM_4,202,true,true,60.666666663999997,66.291848494421089,5.6251818304210914,30,76,-23.296690205074785,-25,30,1.05,1.027337843534686,1.027337843534686
14,2020-01-01T14:00:00+00:00,distributed_committable,30,207_CT_1,207,false,false,0,0,0,0,0,0,-15,19,0.96989999999999998,0.96989999999999998,0.97299426040446702
14,2020-01-01T14:00:00+00:00,distributed_committable,31,207_CT_2,207,false,false,0,0,0,0,0,0,-15,19,0.96989999999999998,0.96989999999999998,0.97299426040446702
14,2020-01-01T14:00:00+00:00,distributed_committable,32,213_CC_3,213,false,false,0,0,0,0,0,0,-25,150,1.05,1.05,1.0064337909288925
14,2020-01-01T14:00:00+00:00,distributed_committable,33,213_CT_1,213,false,false,0,0,0,0,0,0,-15,19,1.05,1.05,1.0064337909288925
14,2020-01-01T14:00:00+00:00,distributed_committable,34,213_CT_2,213,false,false,0,0,0,0,0,0,-15,19,1.05,1.05,1.0064337909288925
14,2020-01-01T14:00:00+00:00,distributed_committable,35,215_CT_4,215,false,false,0,0,0,0,0,0,-15,19,1.0437000000000001,1.0437000000000001,1.0048509274575961
14,2020-01-01T14:00:00+00:00,distributed_committable,36,215_CT_5,215,false,false,0,0,0,0,0,0,-15,19,1.0437000000000001,1.0437000000000001,1.0048509274575961
14,2020-01-01T14:00:00+00:00,distributed_committable,37,216_STEAM_1,216,true,true,93,98.493068342089074,5.4930683420890745,62,155,20.307880694932386,-50,80,1.0472999999999999,1.0084955505226605,1.0084955505226605
14,2020-01-01T14:00:00+00:00,distributed_committable,38,218_CC_1,218,false,false,0,0,0,0,0,0,-25,150,1.05,1.05,1.004915704708679
14,2020-01-01T14:00:00+00:00,distributed_committable,39,221_CC_1,221,false,false,0,0,0,0,0,0,-25,150,1.05,1.05,1.0074533232321801
14,2020-01-01T14:00:00+00:00,distributed_committable,40,223_STEAM_1,223,true,true,155,154.99999904656528,-9.5343472139575169e-07,62,155,-10.983016251356512,-50,80,1.05,1.0249371731730543,1.0249371731730543
14,2020-01-01T14:00:00+00:00,distributed_committable,41,223_STEAM_2,223,true,true,155,154.99999904656528,-9.5343472139575169e-07,62,155,-10.983016251356512,-50,80,1.05,1.0249371731730543,1.0249371731730543
14,2020-01-01T14:00:00+00:00,distributed_committable,42,223_STEAM_3,223,true,true,210,215.46251884676172,5.4625188467617249,140,350,21.148947794288638,-25,150,1.05,1.0249371731730543,1.0249371731730543
14,2020-01-01T14:00:00+00:00,distributed_committable,43,223_CT_4,223,false,false,0,0,0,0,0,0,-15,19,1.05,1.05,1.0249371731730543
14,2020-01-01T14:00:00+00:00,distributed_committable,44,223_CT_5,223,false,false,0,0,0,0,0,0,-15,19,1.05,1.05,1.0249371731730543
14,2020-01-01T14:00:00+00:00,distributed_committable,45,223_CT_6,223,false,false,0,0,0,0,0,0,-15,19,1.05,1.05,1.0249371731730543
14,2020-01-01T14:00:00+00:00,distributed_committable,46,301_CT_1,301,false,false,0,0,0,0,0,0,0,10,1.05,1.05,1.0242266409928116
14,2020-01-01T14:00:00+00:00,distributed_committable,47,301_CT_2,301,false,false,0,0,0,0,0,0,0,10,1.05,1.05,1.0242266409928116
14,2020-01-01T14:00:00+00:00,distributed_committable,48,301_CT_3,301,false,false,0,0,0,0,0,0,-15,19,1.05,1.05,1.0242266409928116
14,2020-01-01T14:00:00+00:00,distributed_committable,49,301_CT_4,301,false,false,0,0,0,0,0,0,-15,19,1.05,1.05,1.0242266409928116
14,2020-01-01T14:00:00+00:00,distributed_committable,50,302_CT_1,302,false,false,0,0,0,0,0,0,0,10,1.05,1.05,1.0243099613152791
14,2020-01-01T14:00:00+00:00,distributed_committable,51,302_CT_2,302,false,false,0,0,0,0,0,0,0,10,1.05,1.05,1.0243099613152791
14,2020-01-01T14:00:00+00:00,distributed_committable,52,302_CT_3,302,false,false,0,0,0,0,0,0,-15,19,1.05,1.05,1.0243099613152791
14,2020-01-01T14:00:00+00:00,distributed_committable,53,302_CT_4,302,false,false,0,0,0,0,0,0,-15,19,1.05,1.05,1.0243099613152791
14,2020-01-01T14:00:00+00:00,distributed_committable,54,307_CT_1,307,false,false,0,0,0,0,0,0,-15,19,0.95679999999999998,0.95679999999999998,0.95303653450350501
14,2020-01-01T14:00:00+00:00,distributed_committable,55,307_CT_2,307,false,false,0,0,0,0,0,0,-15,19,0.95679999999999998,0.95679999999999998,0.95303653450350501
14,2020-01-01T14:00:00+00:00,distributed_committable,56,313_CC_1,313,false,false,0,0,0,0,0,0,-25,150,1.0349999999999999,1.0349999999999999,1.018538066286647
14,2020-01-01T14:00:00+00:00,distributed_committable,57,315_STEAM_1,315,false,false,0,0,0,0,0,0,0,6,1.0422,1.0422,1.0257149009513016
14,2020-01-01T14:00:00+00:00,distributed_committable,58,315_STEAM_2,315,false,false,0,0,0,0,0,0,0,6,1.0422,1.0422,1.0257149009513016
14,2020-01-01T14:00:00+00:00,distributed_committable,59,315_STEAM_3,315,false,false,0,0,0,0,0,0,0,6,1.0422,1.0422,1.0257149009513016
14,2020-01-01T14:00:00+00:00,distributed_committable,60,315_STEAM_4,315,false,false,0,0,0,0,0,0,0,6,1.0422,1.0422,1.0257149009513016
14,2020-01-01T14:00:00+00:00,distributed_committable,61,315_STEAM_5,315,false,false,0,0,0,0,0,0,0,6,1.0422,1.0422,1.0257149009513016
14,2020-01-01T14:00:00+00:00,distributed_committable,62,315_CT_6,315,false,false,0,0,0,0,0,0,-15,19,1.0422,1.0422,1.0257149009513016
14,2020-01-01T14:00:00+00:00,distributed_committable,63,315_CT_7,315,false,false,0,0,0,0,0,0,-15,19,1.0422,1.0422,1.0257149009513016
14,2020-01-01T14:00:00+00:00,distributed_committable,64,315_CT_8,315,false,false,0,0,0,0,0,0,0,60,1.0422,1.0422,1.0257149009513016
14,2020-01-01T14:00:00+00:00,distributed_committable,65,316_STEAM_1,316,true,true,124,129.59422221919991,5.5942222191999065,62,155,61.39655247039817,-50,80,1.0448999999999999,1.0305825666870552,1.0305825666870552
14,2020-01-01T14:00:00+00:00,distributed_committable,66,318_CC_1,318,false,false,0,0,0,0,0,0,-25,150,1.05,1.05,1.0284672432349165
14,2020-01-01T14:00:00+00:00,distributed_committable,67,321_CC_1,321,true,true,170,175.57342579029566,5.5734257902956585,170,355,17.479835304966844,-25,150,1.05,1.0328228921027172,1.0328228921027172
14,2020-01-01T14:00:00+00:00,distributed_committable,68,322_CT_5,322,false,false,0,0,0,0,0,0,-15,19,1.05,1.05,1.0360011782224412
14,2020-01-01T14:00:00+00:00,distributed_committable,69,322_CT_6,322,false,false,0,0,0,0,0,0,-15,19,1.05,1.05,1.0360011782224412
14,2020-01-01T14:00:00+00:00,distributed_committable,70,323_CC_1,323,false,false,0,0,0,0,0,0,-25,150,1.05,1.05,1.0248440122688141
14,2020-01-01T14:00:00+00:00,distributed_committable,71,323_CC_2,323,false,false,0,0,0,0,0,0,-25,150,1.05,1.05,1.0248440122688141
14,2020-01-01T14:00:00+00:00,distributed_committable,72,114_SYNC_COND_1,114,true,false,0,0,0,0,0,-49.999736500128442,-50,200,1.0441,0.99119923783656905,0.99119923783656905
14,2020-01-01T14:00:00+00:00,distributed_committable,73,121_NUCLEAR_1,121,true,true,400,399.9999990109722,-9.8902779654963524e-07,396,400,17.851032377960514,-50,200,1.05,1.0229815260641584,1.0229815260641584
14,2020-01-01T14:00:00+00:00,distributed_committable,74,122_HYDRO_1,122,true,false,4.2000000000000002,4.2000000000000002,0,4.2000000000000002,4.2000000000000002,-3.3002840579845807,-10,16,1.05,1.0214321488623355,1.0214321488623355
14,2020-01-01T14:00:00+00:00,distributed_committable,75,122_HYDRO_2,122,true,false,4.2000000000000002,4.2000000000000002,0,4.2000000000000002,4.2000000000000002,-3.3002840579845807,-10,16,1.05,1.0214321488623355,1.0214321488623355
14,2020-01-01T14:00:00+00:00,distributed_committable,76,122_HYDRO_3,122,true,false,4.2000000000000002,4.2000000000000002,0,4.2000000000000002,4.2000000000000002,-3.3002840579845807,-10,16,1.05,1.0214321488623355,1.0214321488623355
14,2020-01-01T14:00:00+00:00,distributed_committable,77,122_HYDRO_4,122,true,false,4.2000000000000002,4.2000000000000002,0,4.2000000000000002,4.2000000000000002,-3.3002840579845807,-10,16,1.05,1.0214321488623355,1.0214321488623355
14,2020-01-01T14:00:00+00:00,distributed_committable,78,122_HYDRO_5,122,true,false,4.2000000000000002,4.2000000000000002,0,4.2000000000000002,4.2000000000000002,-3.3002840579845807,-10,16,1.05,1.0214321488623355,1.0214321488623355
14,2020-01-01T14:00:00+00:00,distributed_committable,79,122_HYDRO_6,122,true,false,4.2000000000000002,4.2000000000000002,0,4.2000000000000002,4.2000000000000002,-3.3002840579845807,-10,16,1.05,1.0214321488623355,1.0214321488623355
14,2020-01-01T14:00:00+00:00,distributed_committable,80,201_HYDRO_4,201,true,false,18.699999999999999,18.699999999999999,0,18.699999999999999,18.699999999999999,-9.9948090679019952,-10,16,1.05,1.0277859497889168,1.0277859497889168
14,2020-01-01T14:00:00+00:00,distributed_committable,81,214_SYNC_COND_1,214,true,false,0,0,0,0,0,-4.5029915070154667,-50,200,1.05,1.0006153714569979,1.0006153714569979
14,2020-01-01T14:00:00+00:00,distributed_committable,82,215_HYDRO_1,215,true,false,18.699999999999999,18.699999999999999,0,18.699999999999999,18.699999999999999,-5.5799368686906448,-10,16,1.0437000000000001,1.0048509274575961,1.0048509274575961
14,2020-01-01T14:00:00+00:00,distributed_committable,83,215_HYDRO_2,215,true,false,18.699999999999999,18.699999999999999,0,18.699999999999999,18.699999999999999,-5.5799368686906448,-10,16,1.0437000000000001,1.0048509274575961,1.0048509274575961
14,2020-01-01T14:00:00+00:00,distributed_committable,84,215_HYDRO_3,215,true,false,18.699999999999999,18.699999999999999,0,18.699999999999999,18.699999999999999,-5.5799368686906448,-10,16,1.0437000000000001,1.0048509274575961,1.0048509274575961
14,2020-01-01T14:00:00+00:00,distributed_committable,85,222_HYDRO_1,222,true,false,18.699999999999999,18.699999999999999,0,18.699999999999999,18.699999999999999,-2.4132843246973685,-10,16,1.05,1.0142792690405757,1.0142792690405757
14,2020-01-01T14:00:00+00:00,distributed_committable,86,222_HYDRO_2,222,true,false,18.699999999999999,18.699999999999999,0,18.699999999999999,18.699999999999999,-2.4132843246973663,-10,16,1.05,1.0142792690405757,1.0142792690405757
14,2020-01-01T14:00:00+00:00,distributed_committable,87,222_HYDRO_3,222,true,false,18.699999999999999,18.699999999999999,0,18.699999999999999,18.699999999999999,-2.4132843246973663,-10,16,1.05,1.0142792690405757,1.0142792690405757
14,2020-01-01T14:00:00+00:00,distributed_committable,88,222_HYDRO_4,222,true,false,18.699999999999999,18.699999999999999,0,18.699999999999999,18.699999999999999,-2.4132843246973663,-10,16,1.05,1.0142792690405757,1.0142792690405757
14,2020-01-01T14:00:00+00:00,distributed_committable,89,222_HYDRO_5,222,true,false,18.699999999999999,18.699999999999999,0,18.699999999999999,18.699999999999999,-2.4132843246973663,-10,16,1.05,1.0142792690405757,1.0142792690405757
14,2020-01-01T14:00:00+00:00,distributed_committable,90,222_HYDRO_6,222,true,false,18.699999999999999,18.699999999999999,0,18.699999999999999,18.699999999999999,-2.4132843246973663,-10,16,1.05,1.0142792690405757,1.0142792690405757
14,2020-01-01T14:00:00+00:00,distributed_committable,91,314_SYNC_COND_1,314,true,false,0,0,0,0,0,29.526228249774867,-50,200,1.05,1.025782062032943,1.025782062032943
14,2020-01-01T14:00:00+00:00,distributed_committable,92,322_HYDRO_1,322,true,false,16.899999999999999,16.899999999999999,0,16.899999999999999,16.899999999999999,-4.4997767216764384,-10,16,1.05,1.0360011782224412,1.0360011782224412
14,2020-01-01T14:00:00+00:00,distributed_committable,93,322_HYDRO_2,322,true,false,16.899999999999999,16.899999999999999,0,16.899999999999999,16.899999999999999,-4.4997767216764384,-10,16,1.05,1.0360011782224412,1.0360011782224412
14,2020-01-01T14:00:00+00:00,distributed_committable,94,322_HYDRO_3,322,true,false,16.899999999999999,16.899999999999999,0,16.899999999999999,16.899999999999999,-4.4997767216764384,-10,16,1.05,1.0360011782224412,1.0360011782224412
14,2020-01-01T14:00:00+00:00,distributed_committable,95,322_HYDRO_4,322,true,false,16.899999999999999,16.899999999999999,0,16.899999999999999,16.899999999999999,-4.4997767216764384,-10,16,1.05,1.0360011782224412,1.0360011782224412
14,2020-01-01T14:00:00+00:00,distributed_committable,96,320_PV_1,320,true,false,29.699999999999999,29.699999999999999,0,29.699999999999999,29.699999999999999,0,0,0,1,1.0253748356994636,1.0253748356994636
14,2020-01-01T14:00:00+00:00,distributed_committable,97,314_PV_1,314,true,false,29.699999999999999,29.699999999999999,0,29.699999999999999,29.699999999999999,0,0,0,1.05,1.025782062032943,1.025782062032943
14,2020-01-01T14:00:00+00:00,distributed_committable,98,314_PV_2,314,true,false,32.100000000000001,32.100000000000001,0,32.100000000000001,32.100000000000001,0,0,0,1.05,1.025782062032943,1.025782062032943
14,2020-01-01T14:00:00+00:00,distributed_committable,99,313_PV_1,313,true,false,53.399999999999999,53.400000000000006,7.1054273576010019e-15,53.399999999999999,53.399999999999999,0,0,0,1,1.018538066286647,1.018538066286647
14,2020-01-01T14:00:00+00:00,distributed_committable,100,314_PV_3,314,true,false,53.5,53.5,0,53.5,53.5,0,0,0,1.05,1.025782062032943,1.025782062032943
14,2020-01-01T14:00:00+00:00,distributed_committable,101,314_PV_4,314,true,false,32.100000000000001,32.100000000000001,0,32.100000000000001,32.100000000000001,0,0,0,1.05,1.025782062032943,1.025782062032943
14,2020-01-01T14:00:00+00:00,distributed_committable,102,313_PV_2,313,true,false,54,54,0,54,54,0,0,0,1,1.018538066286647,1.018538066286647
14,2020-01-01T14:00:00+00:00,distributed_committable,103,310_PV_1,310,true,false,31.399999999999999,31.399999999999999,0,31.399999999999999,31.399999999999999,0,0,0,1,1.0499999702024823,1.0499999702024823
14,2020-01-01T14:00:00+00:00,distributed_committable,104,324_PV_1,324,true,false,31.300000000000001,31.300000000000001,0,31.300000000000001,31.300000000000001,0,0,0,1,1.018172483329123,1.018172483329123
14,2020-01-01T14:00:00+00:00,distributed_committable,105,312_PV_1,312,true,false,54.799999999999997,54.79999999999999,-7.1054273576010019e-15,54.799999999999997,54.799999999999997,0,0,0,1,1.0122347969277916,1.0122347969277916
14,2020-01-01T14:00:00+00:00,distributed_committable,106,310_PV_2,310,true,false,31.600000000000001,31.600000000000001,0,31.600000000000001,31.600000000000001,0,0,0,1,1.0499999702024823,1.0499999702024823
14,2020-01-01T14:00:00+00:00,distributed_committable,107,324_PV_2,324,true,false,30.199999999999999,30.199999999999999,0,30.199999999999999,30.199999999999999,0,0,0,1,1.018172483329123,1.018172483329123
14,2020-01-01T14:00:00+00:00,distributed_committable,108,324_PV_3,324,true,false,30.100000000000001,30.099999999999998,-3.5527136788005009e-15,30.100000000000001,30.100000000000001,0,0,0,1,1.018172483329123,1.018172483329123
14,2020-01-01T14:00:00+00:00,distributed_committable,109,113_PV_1,113,true,false,55.100000000000001,55.100000000000001,0,55.100000000000001,55.100000000000001,0,0,0,1,1.0089715422627059,1.0089715422627059
14,2020-01-01T14:00:00+00:00,distributed_committable,110,319_PV_1,319,true,false,113.90000000000001,113.90000000000001,0,113.90000000000001,113.90000000000001,0,0,0,1,1.0266011354731444,1.0266011354731444
14,2020-01-01T14:00:00+00:00,distributed_committable,111,215_PV_1,215,true,false,71.599999999999994,71.599999999999994,0,71.599999999999994,71.599999999999994,0,0,0,1.0437000000000001,1.0048509274575961,1.0048509274575961
14,2020-01-01T14:00:00+00:00,distributed_committable,112,102_PV_1,102,true,false,15.5,15.5,0,15.5,15.5,0,0,0,1.0467,1.0435533686268561,1.0435533686268561
14,2020-01-01T14:00:00+00:00,distributed_committable,113,101_PV_1,101,true,false,15.5,15.5,0,15.5,15.5,0,0,0,1.0468,1.0439265931083181,1.0439265931083181
14,2020-01-01T14:00:00+00:00,distributed_committable,114,102_PV_2,102,true,false,15.4,15.4,0,15.4,15.4,0,0,0,1.0467,1.0435533686268561,1.0435533686268561
14,2020-01-01T14:00:00+00:00,distributed_committable,115,104_PV_1,104,true,false,15.699999999999999,15.699999999999999,0,15.699999999999999,15.699999999999999,0,0,0,1,1.0268931226519238,1.0268931226519238
14,2020-01-01T14:00:00+00:00,distributed_committable,116,212_CSP_1,212,false,false,0,0,0,0,0,0,0,0,1,1,1.0097730318368796
14,2020-01-01T14:00:00+00:00,distributed_committable,117,101_PV_2,101,true,false,15.6,15.6,0,15.6,15.6,0,0,0,1.0468,1.0439265931083181,1.0439265931083181
14,2020-01-01T14:00:00+00:00,distributed_committable,118,101_PV_3,101,true,false,15.800000000000001,15.800000000000001,0,15.800000000000001,15.800000000000001,0,0,0,1.0468,1.0439265931083181,1.0439265931083181
14,2020-01-01T14:00:00+00:00,distributed_committable,119,101_PV_4,101,true,false,15.699999999999999,15.699999999999999,0,15.699999999999999,15.699999999999999,0,0,0,1.0468,1.0439265931083181,1.0439265931083181
14,2020-01-01T14:00:00+00:00,distributed_committable,120,103_PV_1,103,true,false,29.699999999999999,29.699999999999999,0,29.699999999999999,29.699999999999999,0,0,0,1,1.0218549181812904,1.0218549181812904
14,2020-01-01T14:00:00+00:00,distributed_committable,121,119_PV_1,119,true,false,29.5,29.5,0,29.5,29.5,0,0,0,1,1.0070661598132311,1.0070661598132311
14,2020-01-01T14:00:00+00:00,distributed_committable,122,308_RTPV_1,308,true,false,48,48,0,48,48,0,0,0,1,0.97543527416334497,0.97543527416334497
14,2020-01-01T14:00:00+00:00,distributed_committable,123,313_RTPV_1,313,true,false,47.899999999999999,47.899999999999999,0,47.899999999999999,47.899999999999999,0,0,0,1,1.018538066286647,1.018538066286647
14,2020-01-01T14:00:00+00:00,distributed_committable,124,313_RTPV_2,313,true,false,29.300000000000001,29.299999999999997,-3.5527136788005009e-15,29.300000000000001,29.300000000000001,0,0,0,1,1.018538066286647,1.018538066286647
14,2020-01-01T14:00:00+00:00,distributed_committable,125,313_RTPV_3,313,true,false,29,28.999999999999996,-3.5527136788005009e-15,29,29,0,0,0,1,1.018538066286647,1.018538066286647
14,2020-01-01T14:00:00+00:00,distributed_committable,126,313_RTPV_4,313,true,false,29,28.999999999999996,-3.5527136788005009e-15,29,29,0,0,0,1,1.018538066286647,1.018538066286647
14,2020-01-01T14:00:00+00:00,distributed_committable,127,313_RTPV_5,313,true,false,29.100000000000001,29.100000000000005,3.5527136788005009e-15,29.100000000000001,29.100000000000001,0,0,0,1,1.018538066286647,1.018538066286647
14,2020-01-01T14:00:00+00:00,distributed_committable,128,313_RTPV_6,313,true,false,29.199999999999999,29.199999999999999,0,29.199999999999999,29.199999999999999,0,0,0,1,1.018538066286647,1.018538066286647
14,2020-01-01T14:00:00+00:00,distributed_committable,129,313_RTPV_7,313,true,false,29.5,29.5,0,29.5,29.5,0,0,0,1,1.018538066286647,1.018538066286647
14,2020-01-01T14:00:00+00:00,distributed_committable,130,313_RTPV_8,313,true,false,29.399999999999999,29.399999999999999,0,29.399999999999999,29.399999999999999,0,0,0,1,1.018538066286647,1.018538066286647
14,2020-01-01T14:00:00+00:00,distributed_committable,131,313_RTPV_9,313,true,false,29.5,29.5,0,29.5,29.5,0,0,0,1,1.018538066286647,1.018538066286647
14,2020-01-01T14:00:00+00:00,distributed_committable,132,313_RTPV_10,313,true,false,29,28.999999999999996,-3.5527136788005009e-15,29,29,0,0,0,1,1.018538066286647,1.018538066286647
14,2020-01-01T14:00:00+00:00,distributed_committable,133,313_RTPV_11,313,true,false,30.199999999999999,30.199999999999999,0,30.199999999999999,30.199999999999999,0,0,0,1,1.018538066286647,1.018538066286647
14,2020-01-01T14:00:00+00:00,distributed_committable,134,313_RTPV_12,313,true,false,12.800000000000001,12.800000000000001,0,12.800000000000001,12.800000000000001,0,0,0,1,1.018538066286647,1.018538066286647
14,2020-01-01T14:00:00+00:00,distributed_committable,135,320_RTPV_1,320,true,false,12.800000000000001,12.800000000000001,0,12.800000000000001,12.800000000000001,0,0,0,1,1.0253748356994636,1.0253748356994636
14,2020-01-01T14:00:00+00:00,distributed_committable,136,320_RTPV_2,320,true,false,12.800000000000001,12.800000000000001,0,12.800000000000001,12.800000000000001,0,0,0,1,1.0253748356994636,1.0253748356994636
14,2020-01-01T14:00:00+00:00,distributed_committable,137,320_RTPV_3,320,true,false,12.6,12.6,0,12.6,12.6,0,0,0,1,1.0253748356994636,1.0253748356994636
14,2020-01-01T14:00:00+00:00,distributed_committable,138,313_RTPV_13,313,true,false,13,13,0,13,13,0,0,0,1,1.018538066286647,1.018538066286647
14,2020-01-01T14:00:00+00:00,distributed_committable,139,320_RTPV_4,320,true,false,12,12,0,12,12,0,0,0,1,1.0253748356994636,1.0253748356994636
14,2020-01-01T14:00:00+00:00,distributed_committable,140,320_RTPV_5,320,true,false,13.5,13.5,0,13.5,13.5,0,0,0,1,1.0253748356994636,1.0253748356994636
14,2020-01-01T14:00:00+00:00,distributed_committable,141,118_RTPV_1,118,true,false,4,4,0,4,4,0,0,0,1,1.0180810399593128,1.0180810399593128
14,2020-01-01T14:00:00+00:00,distributed_committable,142,118_RTPV_2,118,true,false,4,4,0,4,4,0,0,0,1,1.0180810399593128,1.0180810399593128
14,2020-01-01T14:00:00+00:00,distributed_committable,143,118_RTPV_3,118,true,false,4.2999999999999998,4.2999999999999998,0,4.2999999999999998,4.2999999999999998,0,0,0,1,1.0180810399593128,1.0180810399593128
14,2020-01-01T14:00:00+00:00,distributed_committable,144,118_RTPV_4,118,true,false,4,4,0,4,4,0,0,0,1,1.0180810399593128,1.0180810399593128
14,2020-01-01T14:00:00+00:00,distributed_committable,145,118_RTPV_5,118,true,false,4.0999999999999996,4.0999999999999996,0,4.0999999999999996,4.0999999999999996,0,0,0,1,1.0180810399593128,1.0180810399593128
14,2020-01-01T14:00:00+00:00,distributed_committable,146,118_RTPV_6,118,true,false,4,4,0,4,4,0,0,0,1,1.0180810399593128,1.0180810399593128
14,2020-01-01T14:00:00+00:00,distributed_committable,147,320_RTPV_6,320,true,false,4.2000000000000002,4.2000000000000002,0,4.2000000000000002,4.2000000000000002,0,0,0,1,1.0253748356994636,1.0253748356994636
14,2020-01-01T14:00:00+00:00,distributed_committable,148,118_RTPV_7,118,true,false,5.2000000000000002,5.2000000000000002,0,5.2000000000000002,5.2000000000000002,0,0,0,1,1.0180810399593128,1.0180810399593128
14,2020-01-01T14:00:00+00:00,distributed_committable,149,118_RTPV_8,118,true,false,5.2999999999999998,5.2999999999999998,0,5.2999999999999998,5.2999999999999998,0,0,0,1,1.0180810399593128,1.0180810399593128
14,2020-01-01T14:00:00+00:00,distributed_committable,150,118_RTPV_9,118,true,false,4.7000000000000002,4.7000000000000002,0,4.7000000000000002,4.7000000000000002,0,0,0,1,1.0180810399593128,1.0180810399593128
14,2020-01-01T14:00:00+00:00,distributed_committable,151,118_RTPV_10,118,true,false,2.2000000000000002,2.2000000000000002,0,2.2000000000000002,2.2000000000000002,0,0,0,1,1.0180810399593128,1.0180810399593128
14,2020-01-01T14:00:00+00:00,distributed_committable,152,213_RTPV_1,213,true,false,5.2999999999999998,5.2999999999999998,0,5.2999999999999998,5.2999999999999998,0,0,0,1,1.0064337909288925,1.0064337909288925
14,2020-01-01T14:00:00+00:00,distributed_committable,153,309_WIND_1,309,true,false,0,0,0,0,0,0,0,0,1,1.0236588065158287,1.0236588065158287
14,2020-01-01T14:00:00+00:00,distributed_committable,154,317_WIND_1,317,true,false,22.300000000000001,22.300000000000001,0,22.300000000000001,22.300000000000001,0,0,0,1,1.0312152806280193,1.0312152806280193
14,2020-01-01T14:00:00+00:00,distributed_committable,155,303_WIND_1,303,true,false,39.700000000000003,39.700000000000003,0,39.700000000000003,39.700000000000003,0,0,0,1,1.022486387351051,1.022486387351051
14,2020-01-01T14:00:00+00:00,distributed_committable,156,122_WIND_1,122,true,false,0,0,0,0,0,0,0,0,1.05,1.0214321488623355,1.0214321488623355
14,2020-01-01T14:00:00+00:00,distributed_committable,157,313_STORAGE_1,313,false,false,0,0,0,0,0,0,0,0,1,1,1.018538066286647
16,2020-01-01T16:00:00+00:00,distributed_committable,0,101_CT_1,101,true,true,8,15.576154078771667,7.5761540787716672,8,20,0.01028333416067505,0,10,1.0468,1.0255561229216155,1.0255561229216155
16,2020-01-01T16:00:00+00:00,distributed_committable,1,101_CT_2,101,true,true,8,15.576154078771667,7.5761540787716672,8,20,0.01028333416067505,0,10,1.0468,1.0255561229216155,1.0255561229216155
16,2020-01-01T16:00:00+00:00,distributed_committable,2,101_STEAM_3,101,true,true,76,75.999999988969847,-1.1030152791136061e-08,30,76,-24.986730488443673,-25,30,1.0468,1.0255561229216155,1.0255561229216155
16,2020-01-01T16:00:00+00:00,distributed_committable,3,101_STEAM_4,101,true,true,76,75.999999988969847,-1.1030152791136061e-08,30,76,-24.986730488443673,-25,30,1.0468,1.0255561229216155,1.0255561229216155
16,2020-01-01T16:00:00+00:00,distributed_committable,4,102_CT_1,102,false,false,0,0,0,0,0,0,0,10,1.0467,1.0467,1.0252386476052713
16,2020-01-01T16:00:00+00:00,distributed_committable,5,102_CT_2,102,false,false,0,0,0,0,0,0,0,10,1.0467,1.0467,1.0252386476052713
16,2020-01-01T16:00:00+00:00,distributed_committable,6,102_STEAM_3,102,true,true,76,75.999999988972917,-1.1027083246517577e-08,30,76,-24.981276386974258,-25,30,1.0467,1.0252386476052713,1.0252386476052713
16,2020-01-01T16:00:00+00:00,distributed_committable,7,102_STEAM_4,102,true,true,76,75.999999988972917,-1.1027083246517577e-08,30,76,-24.981276386974258,-25,30,1.0467,1.0252386476052713,1.0252386476052713
16,2020-01-01T16:00:00+00:00,distributed_committable,8,107_CC_1,107,true,true,271.33597228100001,278.80763725299136,7.4716649719913448,170,355,6.9864316481824149,-25,150,1.05,1.0499999920592185,1.0499999920592185
16,2020-01-01T16:00:00+00:00,distributed_committable,9,113_CT_1,113,false,false,0,0,0,0,0,0,-15,19,1.0347,1.0347,1.0070172046958035
16,2020-01-01T16:00:00+00:00,distributed_committable,10,113_CT_2,113,false,false,0,0,0,0,0,0,-15,19,1.0347,1.0347,1.0070172046958035
16,2020-01-01T16:00:00+00:00,distributed_committable,11,113_CT_3,113,false,false,0,0,0,0,0,0,-15,19,1.0347,1.0347,1.0070172046958035
16,2020-01-01T16:00:00+00:00,distributed_committable,12,113_CT_4,113,false,false,0,0,0,0,0,0,-15,19,1.0347,1.0347,1.0070172046958035
16,2020-01-01T16:00:00+00:00,distributed_committable,13,115_STEAM_1,115,false,false,0,0,0,0,0,0,0,6,1.0427999999999999,1.0427999999999999,1.0268592792824864
16,2020-01-01T16:00:00+00:00,distributed_committable,14,115_STEAM_2,115,false,false,0,0,0,0,0,0,0,6,1.0427999999999999,1.0427999999999999,1.0268592792824864
16,2020-01-01T16:00:00+00:00,distributed_committable,15,115_STEAM_3,115,true,true,128.100641991,136.10902797332054,8.008385982320533,62,155,-13.597836190396063,-50,80,1.0427999999999999,1.0268592792824864,1.0268592792824864
16,2020-01-01T16:00:00+00:00,distributed_committable,16,116_STEAM_1,116,false,false,0,0,0,0,0,0,-50,80,1.0461,1.0461,1.0216886429823087
16,2020-01-01T16:00:00+00:00,distributed_committable,17,118_CC_1,118,false,false,0,0,0,0,0,0,-25,150,1.05,1.05,1.0357630886458287
16,2020-01-01T16:00:00+00:00,distributed_committable,18,123_STEAM_2,123,true,true,124,131.82634639408178,7.8263463940817815,62,155,-49.99998983868673,-50,80,1.05,1.0140801083340976,1.0140801083340976
16,2020-01-01T16:00:00+00:00,distributed_committable,19,123_STEAM_3,123,true,true,350,349.99999998932287,-1.0677126738301013e-08,140,350,-24.999989836618692,-25,150,1.05,1.0140801083340976,1.0140801083340976
16,2020-01-01T16:00:00+00:00,distributed_committable,20,123_CT_1,123,false,false,0,0,0,0,0,0,-15,19,1.05,1.05,1.0140801083340976
16,2020-01-01T16:00:00+00:00,distributed_committable,21,123_CT_4,123,false,false,0,0,0,0,0,0,-15,19,1.05,1.05,1.0140801083340976
16,2020-01-01T16:00:00+00:00,distributed_committable,22,123_CT_5,123,false,false,0,0,0,0,0,0,-15,19,1.05,1.05,1.0140801083340976
16,2020-01-01T16:00:00+00:00,distributed_committable,23,201_CT_1,201,false,false,0,0,0,0,0,0,0,10,1.05,1.05,1.0279064476039428
16,2020-01-01T16:00:00+00:00,distributed_committable,24,201_CT_2,201,false,false,0,0,0,0,0,0,0,10,1.05,1.05,1.0279064476039428
16,2020-01-01T16:00:00+00:00,distributed_committable,25,201_STEAM_3,201,false,false,0,0,0,0,0,0,-25,30,1.05,1.05,1.0279064476039428
16,2020-01-01T16:00:00+00:00,distributed_committable,26,202_CT_1,202,false,false,0,0,0,0,0,0,0,10,1.05,1.05,1.0270759917640626
16,2020-01-01T16:00:00+00:00,distributed_committable,27,202_CT_2,202,false,false,0,0,0,0,0,0,0,10,1.05,1.05,1.0270759917640626
16,2020-01-01T16:00:00+00:00,distributed_committable,28,202_STEAM_3,202,true,true,60.666666663999997,68.785110580980188,8.1184439169801905,30,76,-24.999998152262492,-25,30,1.05,1.0270759917640626,1.0270759917640626
16,2020-01-01T16:00:00+00:00,distributed_committable,29,202_STEAM_4,202,true,true,60.666666663999997,68.785110580980188,8.1184439169801905,30,76,-24.999998152262492,-25,30,1.05,1.0270759917640626,1.0270759917640626
16,2020-01-01T16:00:00+00:00,distributed_committable,30,207_CT_1,207,false,false,0,0,0,0,0,0,-15,19,0.96989999999999998,0.96989999999999998,0.97092668361436285
16,2020-01-01T16:00:00+00:00,distributed_committable,31,207_CT_2,207,false,false,0,0,0,0,0,0,-15,19,0.96989999999999998,0.96989999999999998,0.97092668361436285
16,2020-01-01T16:00:00+00:00,distributed_committable,32,213_CC_3,213,false,false,0,0,0,0,0,0,-25,150,1.05,1.05,1.01076889629681
16,2020-01-01T16:00:00+00:00,distributed_committable,33,213_CT_1,213,false,false,0,0,0,0,0,0,-15,19,1.05,1.05,1.01076889629681
16,2020-01-01T16:00:00+00:00,distributed_committable,34,213_CT_2,213,false,false,0,0,0,0,0,0,-15,19,1.05,1.05,1.01076889629681
16,2020-01-01T16:00:00+00:00,distributed_committable,35,215_CT_4,215,false,false,0,0,0,0,0,0,-15,19,1.0437000000000001,1.0437000000000001,1.0117737322164966
16,2020-01-01T16:00:00+00:00,distributed_committable,36,215_CT_5,215,false,false,0,0,0,0,0,0,-15,19,1.0437000000000001,1.0437000000000001,1.0117737322164966
16,2020-01-01T16:00:00+00:00,distributed_committable,37,216_STEAM_1,216,true,true,155,154.99999998949392,-1.0506084890948841e-08,62,155,25.822352830205027,-50,80,1.0472999999999999,1.0160169608875869,1.0160169608875869
16,2020-01-01T16:00:00+00:00,distributed_committable,38,218_CC_1,218,false,false,0,0,0,0,0,0,-25,150,1.05,1.05,1.0164919789233164
16,2020-01-01T16:00:00+00:00,distributed_committable,39,221_CC_1,221,true,true,293.33333340000001,301.18824104398402,7.8549076439840064,170,355,-0.04106096892718776,-25,150,1.05,1.0199034323396312,1.0199034323396312
16,2020-01-01T16:00:00+00:00,distributed_committable,40,223_STEAM_1,223,true,true,155,154.99999998950642,-1.0493579338799464e-08,62,155,2.431185930367104,-50,80,1.05,1.0371693465883947,1.0371693465883947
16,2020-01-01T16:00:00+00:00,distributed_committable,41,223_STEAM_2,223,true,true,155,154.99999998950642,-1.0493579338799464e-08,62,155,2.431185930367104,-50,80,1.05,1.0371693465883947,1.0371693465883947
16,2020-01-01T16:00:00+00:00,distributed_committable,42,223_STEAM_3,223,true,true,350,349.99999998950642,-1.0493579338799464e-08,140,350,41.296514465200133,-25,150,1.05,1.0371693465883947,1.0371693465883947
16,2020-01-01T16:00:00+00:00,distributed_committable,43,223_CT_4,223,false,false,0,0,0,0,0,0,-15,19,1.05,1.05,1.0371693465883947
16,2020-01-01T16:00:00+00:00,distributed_committable,44,223_CT_5,223,false,false,0,0,0,0,0,0,-15,19,1.05,1.05,1.0371693465883947
16,2020-01-01T16:00:00+00:00,distributed_committable,45,223_CT_6,223,false,false,0,0,0,0,0,0,-15,19,1.05,1.05,1.0371693465883947
16,2020-01-01T16:00:00+00:00,distributed_committable,46,301_CT_1,301,false,false,0,0,0,0,0,0,0,10,1.05,1.05,1.0246592016270915
16,2020-01-01T16:00:00+00:00,distributed_committable,47,301_CT_2,301,false,false,0,0,0,0,0,0,0,10,1.05,1.05,1.0246592016270915
16,2020-01-01T16:00:00+00:00,distributed_committable,48,301_CT_3,301,false,false,0,0,0,0,0,0,-15,19,1.05,1.05,1.0246592016270915
16,2020-01-01T16:00:00+00:00,distributed_committable,49,301_CT_4,301,false,false,0,0,0,0,0,0,-15,19,1.05,1.05,1.0246592016270915
16,2020-01-01T16:00:00+00:00,distributed_committable,50,302_CT_1,302,false,false,0,0,0,0,0,0,0,10,1.05,1.05,1.0248770358740098
16,2020-01-01T16:00:00+00:00,distributed_committable,51,302_CT_2,302,false,false,0,0,0,0,0,0,0,10,1.05,1.05,1.0248770358740098
16,2020-01-01T16:00:00+00:00,distributed_committable,52,302_CT_3,302,false,false,0,0,0,0,0,0,-15,19,1.05,1.05,1.0248770358740098
16,2020-01-01T16:00:00+00:00,distributed_committable,53,302_CT_4,302,false,false,0,0,0,0,0,0,-15,19,1.05,1.05,1.0248770358740098
16,2020-01-01T16:00:00+00:00,distributed_committable,54,307_CT_1,307,false,false,0,0,0,0,0,0,-15,19,0.95679999999999998,0.95679999999999998,0.98764412122789114
16,2020-01-01T16:00:00+00:00,distributed_committable,55,307_CT_2,307,true,true,25.163324200000002,34.980158071694582,9.8168338716945804,22,55,18.999997888884074,-15,19,0.95679999999999998,0.98764412122789114,0.98764412122789114
16,2020-01-01T16:00:00+00:00,distributed_committable,56,313_CC_1,313,true,true,293.33333340000001,302.27113391032395,8.9378005103239389,170,355,38.524223315169891,-25,150,1.0349999999999999,1.0200699292245505,1.0200699292245505
16,2020-01-01T16:00:00+00:00,distributed_committable,57,315_STEAM_1,315,false,false,0,0,0,0,0,0,0,6,1.0422,1.0422,1.0340809574077197
16,2020-01-01T16:00:00+00:00,distributed_committable,58,315_STEAM_2,315,false,false,0,0,0,0,0,0,0,6,1.0422,1.0422,1.0340809574077197
16,2020-01-01T16:00:00+00:00,distributed_committable,59,315_STEAM_3,315,false,false,0,0,0,0,0,0,0,6,1.0422,1.0422,1.0340809574077197
16,2020-01-01T16:00:00+00:00,distributed_committable,60,315_STEAM_4,315,false,false,0,0,0,0,0,0,0,6,1.0422,1.0422,1.0340809574077197
16,2020-01-01T16:00:00+00:00,distributed_committable,61,315_STEAM_5,315,false,false,0,0,0,0,0,0,0,6,1.0422,1.0422,1.0340809574077197
16,2020-01-01T16:00:00+00:00,distributed_committable,62,315_CT_6,315,false,false,0,0,0,0,0,0,-15,19,1.0422,1.0422,1.0340809574077197
16,2020-01-01T16:00:00+00:00,distributed_committable,63,315_CT_7,315,false,false,0,0,0,0,0,0,-15,19,1.0422,1.0422,1.0340809574077197
16,2020-01-01T16:00:00+00:00,distributed_committable,64,315_CT_8,315,false,false,0,0,0,0,0,0,0,60,1.0422,1.0422,1.0340809574077197
16,2020-01-01T16:00:00+00:00,distributed_committable,65,316_STEAM_1,316,true,true,155,154.99999999041415,-9.5858467830112204e-09,62,155,79.999995596582323,-50,80,1.0448999999999999,1.0369240112070808,1.0369240112070808
16,2020-01-01T16:00:00+00:00,distributed_committable,66,318_CC_1,318,false,false,0,0,0,0,0,0,-25,150,1.05,1.05,1.0391564697687876
16,2020-01-01T16:00:00+00:00,distributed_committable,67,321_CC_1,321,true,true,293.33333340000001,301.91459224296955,8.5812588429695325,170,355,103.86942081313362,-25,150,1.05,1.0499999988415827,1.0499999988415827
16,2020-01-01T16:00:00+00:00,distributed_committable,68,322_CT_5,322,false,false,0,0,0,0,0,0,-15,19,1.05,1.05,1.0499999944050802
16,2020-01-01T16:00:00+00:00,distributed_committable,69,322_CT_6,322,false,false,0,0,0,0,0,0,-15,19,1.05,1.05,1.0499999944050802
16,2020-01-01T16:00:00+00:00,distributed_committable,70,323_CC_1,323,false,false,0,0,0,0,0,0,-25,150,1.05,1.05,1.0174752169918022
16,2020-01-01T16:00:00+00:00,distributed_committable,71,323_CC_2,323,false,false,0,0,0,0,0,0,-25,150,1.05,1.05,1.0174752169918022
16,2020-01-01T16:00:00+00:00,distributed_committable,72,114_SYNC_COND_1,114,true,false,0,0,0,0,0,-49.999998018766767,-50,200,1.0441,0.99749646013559357,0.99749646013559357
16,2020-01-01T16:00:00+00:00,distributed_committable,73,121_NUCLEAR_1,121,true,true,400,399.99999998956974,-1.0430255770188523e-08,396,400,129.55327072499301,-50,200,1.05,1.0429752197468614,1.0429752197468614
16,2020-01-01T16:00:00+00:00,distributed_committable,74,122_HYDRO_1,122,true,false,12.699999999999999,12.699999999999999,0,12.699999999999999,12.699999999999999,-3.1020780137942974,-10,16,1.05,1.0431615684469582,1.0431615684469582
16,2020-01-01T16:00:00+00:00,distributed_committable,75,122_HYDRO_2,122,true,false,12.699999999999999,12.699999999999999,0,12.699999999999999,12.699999999999999,-3.1020780137942974,-10,16,1.05,1.0431615684469582,1.0431615684469582
16,2020-01-01T16:00:00+00:00,distributed_committable,76,122_HYDRO_3,122,true,false,12.699999999999999,12.699999999999999,0,12.699999999999999,12.699999999999999,-3.1020780137942974,-10,16,1.05,1.0431615684469582,1.0431615684469582
16,2020-01-01T16:00:00+00:00,distributed_committable,77,122_HYDRO_4,122,true,false,12.699999999999999,12.699999999999999,0,12.699999999999999,12.699999999999999,-3.1020780137942974,-10,16,1.05,1.0431615684469582,1.0431615684469582
16,2020-01-01T16:00:00+00:00,distributed_committable,78,122_HYDRO_5,122,true,false,12.699999999999999,12.699999999999999,0,12.699999999999999,12.699999999999999,-3.1020780137942974,-10,16,1.05,1.0431615684469582,1.0431615684469582
16,2020-01-01T16:00:00+00:00,distributed_committable,79,122_HYDRO_6,122,true,false,12.699999999999999,12.699999999999999,0,12.699999999999999,12.699999999999999,-3.1020780137942974,-10,16,1.05,1.0431615684469582,1.0431615684469582
16,2020-01-01T16:00:00+00:00,distributed_committable,80,201_HYDRO_4,201,true,false,18.899999999999999,18.899999999999999,0,18.899999999999999,18.899999999999999,-9.9999984115624851,-10,16,1.05,1.0279064476039428,1.0279064476039428
16,2020-01-01T16:00:00+00:00,distributed_committable,81,214_SYNC_COND_1,214,true,false,0,0,0,0,0,-47.931964622191742,-50,200,1.05,0.99196293599889263,0.99196293599889263
16,2020-01-01T16:00:00+00:00,distributed_committable,82,215_HYDRO_1,215,true,false,18.899999999999999,18.899999999999999,0,18.899999999999999,18.899999999999999,-9.6137118394821606,-10,16,1.0437000000000001,1.0117737322164966,1.0117737322164966
16,2020-01-01T16:00:00+00:00,distributed_committable,83,215_HYDRO_2,215,true,false,18.899999999999999,18.899999999999999,0,18.899999999999999,18.899999999999999,-9.6137118394821606,-10,16,1.0437000000000001,1.0117737322164966,1.0117737322164966
16,2020-01-01T16:00:00+00:00,distributed_committable,84,215_HYDRO_3,215,true,false,18.899999999999999,18.899999999999999,0,18.899999999999999,18.899999999999999,-9.6137118394821606,-10,16,1.0437000000000001,1.0117737322164966,1.0117737322164966
16,2020-01-01T16:00:00+00:00,distributed_committable,85,222_HYDRO_1,222,true,false,18.899999999999999,18.899999999999999,0,18.899999999999999,18.899999999999999,-2.5004005232265114,-10,16,1.05,1.025843319293511,1.025843319293511
16,2020-01-01T16:00:00+00:00,distributed_committable,86,222_HYDRO_2,222,true,false,18.899999999999999,18.899999999999999,0,18.899999999999999,18.899999999999999,-2.5004005232265114,-10,16,1.05,1.025843319293511,1.025843319293511
16,2020-01-01T16:00:00+00:00,distributed_committable,87,222_HYDRO_3,222,true,false,18.899999999999999,18.899999999999999,0,18.899999999999999,18.899999999999999,-2.5004005232265114,-10,16,1.05,1.025843319293511,1.025843319293511
16,2020-01-01T16:00:00+00:00,distributed_committable,88,222_HYDRO_4,222,true,false,18.899999999999999,18.899999999999999,0,18.899999999999999,18.899999999999999,-2.5004005232265114,-10,16,1.05,1.025843319293511,1.025843319293511
16,2020-01-01T16:00:00+00:00,distributed_committable,89,222_HYDRO_5,222,true,false,18.899999999999999,18.899999999999999,0,18.899999999999999,18.899999999999999,-2.5004005232265114,-10,16,1.05,1.025843319293511,1.025843319293511
16,2020-01-01T16:00:00+00:00,distributed_committable,90,222_HYDRO_6,222,true,false,18.899999999999999,18.899999999999999,0,18.899999999999999,18.899999999999999,-2.5004005232265114,-10,16,1.05,1.025843319293511,1.025843319293511
16,2020-01-01T16:00:00+00:00,distributed_committable,91,314_SYNC_COND_1,314,true,false,0,0,0,0,0,44.050071700292918,-50,200,1.05,1.0264781777781053,1.0264781777781053
16,2020-01-01T16:00:00+00:00,distributed_committable,92,322_HYDRO_1,322,true,false,15.1,15.1,0,15.1,15.1,-4.3048849237520175,-10,16,1.05,1.0499999944050802,1.0499999944050802
16,2020-01-01T16:00:00+00:00,distributed_committable,93,322_HYDRO_2,322,true,false,15.1,15.1,0,15.1,15.1,-4.3048849237520175,-10,16,1.05,1.0499999944050802,1.0499999944050802
16,2020-01-01T16:00:00+00:00,distributed_committable,94,322_HYDRO_3,322,true,false,15.1,15.1,0,15.1,15.1,-4.3048849237520193,-10,16,1.05,1.0499999944050802,1.0499999944050802
16,2020-01-01T16:00:00+00:00,distributed_committable,95,322_HYDRO_4,322,true,false,15.1,15.1,0,15.1,15.1,-4.3048849237520175,-10,16,1.05,1.0499999944050802,1.0499999944050802
16,2020-01-01T16:00:00+00:00,distributed_committable,96,320_PV_1,320,true,false,0,0,0,0,0,0,0,0,1,1.0191597191498529,1.0191597191498529
16,2020-01-01T16:00:00+00:00,distributed_committable,97,314_PV_1,314,true,false,0,0,0,0,0,0,0,0,1.05,1.0264781777781053,1.0264781777781053
16,2020-01-01T16:00:00+00:00,distributed_committable,98,314_PV_2,314,true,false,0,0,0,0,0,0,0,0,1.05,1.0264781777781053,1.0264781777781053
16,2020-01-01T16:00:00+00:00,distributed_committable,99,313_PV_1,313,true,false,0,0,0,0,0,0,0,0,1.0349999999999999,1.0200699292245505,1.0200699292245505
16,2020-01-01T16:00:00+00:00,distributed_committable,100,314_PV_3,314,true,false,0,0,0,0,0,0,0,0,1.05,1.0264781777781053,1.0264781777781053
16,2020-01-01T16:00:00+00:00,distributed_committable,101,314_PV_4,314,true,false,0,0,0,0,0,0,0,0,1.05,1.0264781777781053,1.0264781777781053
16,2020-01-01T16:00:00+00:00,distributed_committable,102,313_PV_2,313,true,false,0,0,0,0,0,0,0,0,1.0349999999999999,1.0200699292245505,1.0200699292245505
16,2020-01-01T16:00:00+00:00,distributed_committable,103,310_PV_1,310,true,false,0,0,0,0,0,0,0,0,1,1.0499999997864682,1.0499999997864682
16,2020-01-01T16:00:00+00:00,distributed_committable,104,324_PV_1,324,true,false,0,0,0,0,0,0,0,0,1,1.0191485486344976,1.0191485486344976
16,2020-01-01T16:00:00+00:00,distributed_committable,105,312_PV_1,312,true,false,0,0,0,0,0,0,0,0,1,1.0104621231623074,1.0104621231623074
16,2020-01-01T16:00:00+00:00,distributed_committable,106,310_PV_2,310,true,false,0,0,0,0,0,0,0,0,1,1.0499999997864682,1.0499999997864682
16,2020-01-01T16:00:00+00:00,distributed_committable,107,324_PV_2,324,true,false,0,0,0,0,0,0,0,0,1,1.0191485486344976,1.0191485486344976
16,2020-01-01T16:00:00+00:00,distributed_committable,108,324_PV_3,324,true,false,0,0,0,0,0,0,0,0,1,1.0191485486344976,1.0191485486344976
16,2020-01-01T16:00:00+00:00,distributed_committable,109,113_PV_1,113,true,false,0,0,0,0,0,0,0,0,1,1.0070172046958035,1.0070172046958035
16,2020-01-01T16:00:00+00:00,distributed_committable,110,319_PV_1,319,true,false,0,0,0,0,0,0,0,0,1,1.0247147469387279,1.0247147469387279
16,2020-01-01T16:00:00+00:00,distributed_committable,111,215_PV_1,215,true,false,0,0,0,0,0,0,0,0,1.0437000000000001,1.0117737322164966,1.0117737322164966
16,2020-01-01T16:00:00+00:00,distributed_committable,112,102_PV_1,102,true,false,0,0,0,0,0,0,0,0,1.0467,1.0252386476052713,1.0252386476052713
16,2020-01-01T16:00:00+00:00,distributed_committable,113,101_PV_1,101,true,false,0,0,0,0,0,0,0,0,1.0468,1.0255561229216155,1.0255561229216155
16,2020-01-01T16:00:00+00:00,distributed_committable,114,102_PV_2,102,true,false,0,0,0,0,0,0,0,0,1.0467,1.0252386476052713,1.0252386476052713
16,2020-01-01T16:00:00+00:00,distributed_committable,115,104_PV_1,104,true,false,0,0,0,0,0,0,0,0,1,1.0176717989205899,1.0176717989205899
16,2020-01-01T16:00:00+00:00,distributed_committable,116,212_CSP_1,212,false,false,0,0,0,0,0,0,0,0,1,1,1.0149797420339335
16,2020-01-01T16:00:00+00:00,distributed_committable,117,101_PV_2,101,true,false,0,0,0,0,0,0,0,0,1.0468,1.0255561229216155,1.0255561229216155
16,2020-01-01T16:00:00+00:00,distributed_committable,118,101_PV_3,101,true,false,0,0,0,0,0,0,0,0,1.0468,1.0255561229216155,1.0255561229216155
16,2020-01-01T16:00:00+00:00,distributed_committable,119,101_PV_4,101,true,false,0,0,0,0,0,0,0,0,1.0468,1.0255561229216155,1.0255561229216155
16,2020-01-01T16:00:00+00:00,distributed_committable,120,103_PV_1,103,true,false,0,0,0,0,0,0,0,0,1,1.0177784025812477,1.0177784025812477
16,2020-01-01T16:00:00+00:00,distributed_committable,121,119_PV_1,119,true,false,0,0,0,0,0,0,0,0,1,1.0155442398770556,1.0155442398770556
16,2020-01-01T16:00:00+00:00,distributed_committable,122,308_RTPV_1,308,true,false,0,0,0,0,0,0,0,0,1,0.99125183240385439,0.99125183240385439
16,2020-01-01T16:00:00+00:00,distributed_committable,123,313_RTPV_1,313,true,false,0,0,0,0,0,0,0,0,1.0349999999999999,1.0200699292245505,1.0200699292245505
16,2020-01-01T16:00:00+00:00,distributed_committable,124,313_RTPV_2,313,true,false,0,0,0,0,0,0,0,0,1.0349999999999999,1.0200699292245505,1.0200699292245505
16,2020-01-01T16:00:00+00:00,distributed_committable,125,313_RTPV_3,313,true,false,0,0,0,0,0,0,0,0,1.0349999999999999,1.0200699292245505,1.0200699292245505
16,2020-01-01T16:00:00+00:00,distributed_committable,126,313_RTPV_4,313,true,false,0,0,0,0,0,0,0,0,1.0349999999999999,1.0200699292245505,1.0200699292245505
16,2020-01-01T16:00:00+00:00,distributed_committable,127,313_RTPV_5,313,true,false,0,0,0,0,0,0,0,0,1.0349999999999999,1.0200699292245505,1.0200699292245505
16,2020-01-01T16:00:00+00:00,distributed_committable,128,313_RTPV_6,313,true,false,0,0,0,0,0,0,0,0,1.0349999999999999,1.0200699292245505,1.0200699292245505
16,2020-01-01T16:00:00+00:00,distributed_committable,129,313_RTPV_7,313,true,false,0,0,0,0,0,0,0,0,1.0349999999999999,1.0200699292245505,1.0200699292245505
16,2020-01-01T16:00:00+00:00,distributed_committable,130,313_RTPV_8,313,true,false,0,0,0,0,0,0,0,0,1.0349999999999999,1.0200699292245505,1.0200699292245505
16,2020-01-01T16:00:00+00:00,distributed_committable,131,313_RTPV_9,313,true,false,0,0,0,0,0,0,0,0,1.0349999999999999,1.0200699292245505,1.0200699292245505
16,2020-01-01T16:00:00+00:00,distributed_committable,132,313_RTPV_10,313,true,false,0,0,0,0,0,0,0,0,1.0349999999999999,1.0200699292245505,1.0200699292245505
16,2020-01-01T16:00:00+00:00,distributed_committable,133,313_RTPV_11,313,true,false,0,0,0,0,0,0,0,0,1.0349999999999999,1.0200699292245505,1.0200699292245505
16,2020-01-01T16:00:00+00:00,distributed_committable,134,313_RTPV_12,313,true,false,0,0,0,0,0,0,0,0,1.0349999999999999,1.0200699292245505,1.0200699292245505
16,2020-01-01T16:00:00+00:00,distributed_committable,135,320_RTPV_1,320,true,false,0,0,0,0,0,0,0,0,1,1.0191597191498529,1.0191597191498529
16,2020-01-01T16:00:00+00:00,distributed_committable,136,320_RTPV_2,320,true,false,0,0,0,0,0,0,0,0,1,1.0191597191498529,1.0191597191498529
16,2020-01-01T16:00:00+00:00,distributed_committable,137,320_RTPV_3,320,true,false,0,0,0,0,0,0,0,0,1,1.0191597191498529,1.0191597191498529
16,2020-01-01T16:00:00+00:00,distributed_committable,138,313_RTPV_13,313,true,false,0,0,0,0,0,0,0,0,1.0349999999999999,1.0200699292245505,1.0200699292245505
16,2020-01-01T16:00:00+00:00,distributed_committable,139,320_RTPV_4,320,true,false,0,0,0,0,0,0,0,0,1,1.0191597191498529,1.0191597191498529
16,2020-01-01T16:00:00+00:00,distributed_committable,140,320_RTPV_5,320,true,false,0,0,0,0,0,0,0,0,1,1.0191597191498529,1.0191597191498529
16,2020-01-01T16:00:00+00:00,distributed_committable,141,118_RTPV_1,118,true,false,0,0,0,0,0,0,0,0,1,1.0357630886458287,1.0357630886458287
16,2020-01-01T16:00:00+00:00,distributed_committable,142,118_RTPV_2,118,true,false,0,0,0,0,0,0,0,0,1,1.0357630886458287,1.0357630886458287
16,2020-01-01T16:00:00+00:00,distributed_committable,143,118_RTPV_3,118,true,false,0,0,0,0,0,0,0,0,1,1.0357630886458287,1.0357630886458287
16,2020-01-01T16:00:00+00:00,distributed_committable,144,118_RTPV_4,118,true,false,0,0,0,0,0,0,0,0,1,1.0357630886458287,1.0357630886458287
16,2020-01-01T16:00:00+00:00,distributed_committable,145,118_RTPV_5,118,true,false,0,0,0,0,0,0,0,0,1,1.0357630886458287,1.0357630886458287
16,2020-01-01T16:00:00+00:00,distributed_committable,146,118_RTPV_6,118,true,false,0,0,0,0,0,0,0,0,1,1.0357630886458287,1.0357630886458287
16,2020-01-01T16:00:00+00:00,distributed_committable,147,320_RTPV_6,320,true,false,0,0,0,0,0,0,0,0,1,1.0191597191498529,1.0191597191498529
16,2020-01-01T16:00:00+00:00,distributed_committable,148,118_RTPV_7,118,true,false,0,0,0,0,0,0,0,0,1,1.0357630886458287,1.0357630886458287
16,2020-01-01T16:00:00+00:00,distributed_committable,149,118_RTPV_8,118,true,false,0,0,0,0,0,0,0,0,1,1.0357630886458287,1.0357630886458287
16,2020-01-01T16:00:00+00:00,distributed_committable,150,118_RTPV_9,118,true,false,0,0,0,0,0,0,0,0,1,1.0357630886458287,1.0357630886458287
16,2020-01-01T16:00:00+00:00,distributed_committable,151,118_RTPV_10,118,true,false,0,0,0,0,0,0,0,0,1,1.0357630886458287,1.0357630886458287
16,2020-01-01T16:00:00+00:00,distributed_committable,152,213_RTPV_1,213,true,false,0,0,0,0,0,0,0,0,1,1.01076889629681,1.01076889629681
16,2020-01-01T16:00:00+00:00,distributed_committable,153,309_WIND_1,309,true,false,37.899999999999999,37.899999999999999,0,37.899999999999999,37.899999999999999,0,0,0,1,1.0264775559610426,1.0264775559610426
16,2020-01-01T16:00:00+00:00,distributed_committable,154,317_WIND_1,317,true,false,10.800000000000001,10.800000000000001,0,10.800000000000001,10.800000000000001,0,0,0,1,1.0399722862558733,1.0399722862558733
16,2020-01-01T16:00:00+00:00,distributed_committable,155,303_WIND_1,303,true,false,92.299999999999997,92.299999999999997,0,92.299999999999997,92.299999999999997,0,0,0,1,1.0282276008405298,1.0282276008405298
16,2020-01-01T16:00:00+00:00,distributed_committable,156,122_WIND_1,122,true,false,0.90000000000000002,0.90000000000000013,1.1102230246251565e-16,0.90000000000000002,0.90000000000000002,0,0,0,1.05,1.0431615684469582,1.0431615684469582
16,2020-01-01T16:00:00+00:00,distributed_committable,157,313_STORAGE_1,313,false,false,0,0,0,0,0,0,0,0,1,1,1.0200699292245505
17,2020-01-01T17:00:00+00:00,distributed_committable,0,101_CT_1,101,false,false,0,0,0,0,0,0,0,10,1.0468,1.0468,1.0228511365133828
17,2020-01-01T17:00:00+00:00,distributed_committable,1,101_CT_2,101,true,true,8,17.410908249559377,9.4109082495593768,8,20,1.0758975865312916e-05,0,10,1.0468,1.0228511365133828,1.0228511365133828
17,2020-01-01T17:00:00+00:00,distributed_committable,2,101_STEAM_3,101,true,true,76,75.999999882169661,-1.1783033926349162e-07,30,76,-24.999989241431532,-25,30,1.0468,1.0228511365133828,1.0228511365133828
17,2020-01-01T17:00:00+00:00,distributed_committable,3,101_STEAM_4,101,true,true,76,75.999999882169661,-1.1783033926349162e-07,30,76,-24.999989241431532,-25,30,1.0468,1.0228511365133828,1.0228511365133828
17,2020-01-01T17:00:00+00:00,distributed_committable,4,102_CT_1,102,false,false,0,0,0,0,0,0,0,10,1.0467,1.0467,1.0225377967938865
17,2020-01-01T17:00:00+00:00,distributed_committable,5,102_CT_2,102,false,false,0,0,0,0,0,0,0,10,1.0467,1.0467,1.0225377967938865
17,2020-01-01T17:00:00+00:00,distributed_committable,6,102_STEAM_3,102,true,true,76,75.999999882190707,-1.1780929298765841e-07,30,76,-24.999989183065882,-25,30,1.0467,1.0225377967938865,1.0225377967938865
17,2020-01-01T17:00:00+00:00,distributed_committable,7,102_STEAM_4,102,true,true,76,75.999999882190707,-1.1780929298765841e-07,30,76,-24.999989183065882,-25,30,1.0467,1.0225377967938865,1.0225377967938865
17,2020-01-01T17:00:00+00:00,distributed_committable,8,107_CC_1,107,true,true,276.14485403499998,285.47379988524642,9.3289458502464413,170,355,7.0957247967650501,-25,150,1.05,1.0459015692473754,1.0459015692473754
17,2020-01-01T17:00:00+00:00,distributed_committable,9,113_CT_1,113,false,false,0,0,0,0,0,0,-15,19,1.0347,1.0347,1.0098867427165095
17,2020-01-01T17:00:00+00:00,distributed_committable,10,113_CT_2,113,false,false,0,0,0,0,0,0,-15,19,1.0347,1.0347,1.0098867427165095
17,2020-01-01T17:00:00+00:00,distributed_committable,11,113_CT_3,113,false,false,0,0,0,0,0,0,-15,19,1.0347,1.0347,1.0098867427165095
17,2020-01-01T17:00:00+00:00,distributed_committable,12,113_CT_4,113,false,false,0,0,0,0,0,0,-15,19,1.0347,1.0347,1.0098867427165095
17,2020-01-01T17:00:00+00:00,distributed_committable,13,115_STEAM_1,115,false,false,0,0,0,0,0,0,0,6,1.0427999999999999,1.0427999999999999,1.0317481085237303
17,2020-01-01T17:00:00+00:00,distributed_committable,14,115_STEAM_2,115,false,false,0,0,0,0,0,0,0,6,1.0427999999999999,1.0427999999999999,1.0317481085237303
17,2020-01-01T17:00:00+00:00,distributed_committable,15,115_STEAM_3,115,true,true,145.179038437,154.94422601039747,9.7651875733974691,62,155,-6.7720948890608952,-50,80,1.0427999999999999,1.0317481085237303,1.0317481085237303
17,2020-01-01T17:00:00+00:00,distributed_committable,16,116_STEAM_1,116,false,false,0,0,0,0,0,0,-50,80,1.0461,1.0461,1.0254772949221671
17,2020-01-01T17:00:00+00:00,distributed_committable,17,118_CC_1,118,false,false,0,0,0,0,0,0,-25,150,1.05,1.05,1.0407715499208077
17,2020-01-01T17:00:00+00:00,distributed_committable,18,123_STEAM_2,123,true,true,124,133.68931628411011,9.6893162841101059,62,155,-49.999963904399571,-50,80,1.05,1.0174971893832121,1.0174971893832121
17,2020-01-01T17:00:00+00:00,distributed_committable,19,123_STEAM_3,123,true,true,350,349.99999988555493,-1.1444507208580035e-07,140,350,-24.999963904531374,-25,150,1.05,1.0174971893832121,1.0174971893832121
17,2020-01-01T17:00:00+00:00,distributed_committable,20,123_CT_1,123,false,false,0,0,0,0,0,0,-15,19,1.05,1.05,1.0174971893832121
17,2020-01-01T17:00:00+00:00,distributed_committable,21,123_CT_4,123,false,false,0,0,0,0,0,0,-15,19,1.05,1.05,1.0174971893832121
17,2020-01-01T17:00:00+00:00,distributed_committable,22,123_CT_5,123,false,false,0,0,0,0,0,0,-15,19,1.05,1.05,1.0174971893832121
17,2020-01-01T17:00:00+00:00,distributed_committable,23,201_CT_1,201,false,false,0,0,0,0,0,0,0,10,1.05,1.05,1.027866383319735
17,2020-01-01T17:00:00+00:00,distributed_committable,24,201_CT_2,201,false,false,0,0,0,0,0,0,0,10,1.05,1.05,1.027866383319735
17,2020-01-01T17:00:00+00:00,distributed_committable,25,201_STEAM_3,201,false,false,0,0,0,0,0,0,-25,30,1.05,1.05,1.027866383319735
17,2020-01-01T17:00:00+00:00,distributed_committable,26,202_CT_1,202,false,false,0,0,0,0,0,0,0,10,1.05,1.05,1.0281294405568844
17,2020-01-01T17:00:00+00:00,distributed_committable,27,202_CT_2,202,false,false,0,0,0,0,0,0,0,10,1.05,1.05,1.0281294405568844
17,2020-01-01T17:00:00+00:00,distributed_committable,28,202_STEAM_3,202,true,true,60.666666663999997,71.041821220179187,10.37515455617919,30,76,-18.195180249242927,-25,30,1.05,1.0281294405568844,1.0281294405568844
17,2020-01-01T17:00:00+00:00,distributed_committable,29,202_STEAM_4,202,true,true,60.666666663999997,71.041821220179187,10.37515455617919,30,76,-18.195180249242927,-25,30,1.05,1.0281294405568844,1.0281294405568844
17,2020-01-01T17:00:00+00:00,distributed_committable,30,207_CT_1,207,false,false,0,0,0,0,0,0,-15,19,0.96989999999999998,0.96989999999999998,0.95496244368186911
17,2020-01-01T17:00:00+00:00,distributed_committable,31,207_CT_2,207,false,false,0,0,0,0,0,0,-15,19,0.96989999999999998,0.96989999999999998,0.95496244368186911
17,2020-01-01T17:00:00+00:00,distributed_committable,32,213_CC_3,213,false,false,0,0,0,0,0,0,-25,150,1.05,1.05,1.015768760042119
17,2020-01-01T17:00:00+00:00,distributed_committable,33,213_CT_1,213,false,false,0,0,0,0,0,0,-15,19,1.05,1.05,1.015768760042119
17,2020-01-01T17:00:00+00:00,distributed_committable,34,213_CT_2,213,false,false,0,0,0,0,0,0,-15,19,1.05,1.05,1.015768760042119
17,2020-01-01T17:00:00+00:00,distributed_committable,35,215_CT_4,215,false,false,0,0,0,0,0,0,-15,19,1.0437000000000001,1.0437000000000001,1.0167900186002814
17,2020-01-01T17:00:00+00:00,distributed_committable,36,215_CT_5,215,false,false,0,0,0,0,0,0,-15,19,1.0437000000000001,1.0437000000000001,1.0167900186002814
17,2020-01-01T17:00:00+00:00,distributed_committable,37,216_STEAM_1,216,true,true,155,154.99999988933934,-1.1066066463172319e-07,62,155,33.414299181241141,-50,80,1.0472999999999999,1.024011491348783,1.024011491348783
17,2020-01-01T17:00:00+00:00,distributed_committable,38,218_CC_1,218,false,false,0,0,0,0,0,0,-25,150,1.05,1.05,1.0206346085171452
17,2020-01-01T17:00:00+00:00,distributed_committable,39,221_CC_1,221,true,true,293.33333340000001,303.21532240240663,9.8819890024066126,170,355,2.1430762636000025,-25,150,1.05,1.0244953837817641,1.0244953837817641
17,2020-01-01T17:00:00+00:00,distributed_committable,40,223_STEAM_1,223,true,true,155,154.99999988956219,-1.104378100080794e-07,62,155,8.6778066734908315,-50,80,1.05,1.0485297767035922,1.0485297767035922
17,2020-01-01T17:00:00+00:00,distributed_committable,41,223_STEAM_2,223,true,true,155,154.99999988956219,-1.104378100080794e-07,62,155,8.6778066734908315,-50,80,1.05,1.0485297767035922,1.0485297767035922
17,2020-01-01T17:00:00+00:00,distributed_committable,42,223_STEAM_3,223,true,true,350,349.99999988956216,-1.1043783842978883e-07,140,350,51.891692556835068,-25,150,1.05,1.0485297767035922,1.0485297767035922
17,2020-01-01T17:00:00+00:00,distributed_committable,43,223_CT_4,223,false,false,0,0,0,0,0,0,-15,19,1.05,1.05,1.0485297767035922
17,2020-01-01T17:00:00+00:00,distributed_committable,44,223_CT_5,223,false,false,0,0,0,0,0,0,-15,19,1.05,1.05,1.0485297767035922
17,2020-01-01T17:00:00+00:00,distributed_committable,45,223_CT_6,223,false,false,0,0,0,0,0,0,-15,19,1.05,1.05,1.0485297767035922
17,2020-01-01T17:00:00+00:00,distributed_committable,46,301_CT_1,301,false,false,0,0,0,0,0,0,0,10,1.05,1.05,1.0165169932739615
17,2020-01-01T17:00:00+00:00,distributed_committable,47,301_CT_2,301,false,false,0,0,0,0,0,0,0,10,1.05,1.05,1.0165169932739615
17,2020-01-01T17:00:00+00:00,distributed_committable,48,301_CT_3,301,false,false,0,0,0,0,0,0,-15,19,1.05,1.05,1.0165169932739615
17,2020-01-01T17:00:00+00:00,distributed_committable,49,301_CT_4,301,false,false,0,0,0,0,0,0,-15,19,1.05,1.05,1.0165169932739615
17,2020-01-01T17:00:00+00:00,distributed_committable,50,302_CT_1,302,false,false,0,0,0,0,0,0,0,10,1.05,1.05,1.0168582644286148
17,2020-01-01T17:00:00+00:00,distributed_committable,51,302_CT_2,302,false,false,0,0,0,0,0,0,0,10,1.05,1.05,1.0168582644286148
17,2020-01-01T17:00:00+00:00,distributed_committable,52,302_CT_3,302,false,false,0,0,0,0,0,0,-15,19,1.05,1.05,1.0168582644286148
17,2020-01-01T17:00:00+00:00,distributed_committable,53,302_CT_4,302,false,false,0,0,0,0,0,0,-15,19,1.05,1.05,1.0168582644286148
17,2020-01-01T17:00:00+00:00,distributed_committable,54,307_CT_1,307,false,false,0,0,0,0,0,0,-15,19,0.95679999999999998,0.95679999999999998,0.97399236674001477
17,2020-01-01T17:00:00+00:00,distributed_committable,55,307_CT_2,307,true,true,22,34.475405089539429,12.475405089539429,22,55,18.999992800665446,-15,19,0.95679999999999998,0.97399236674001477,0.97399236674001477
17,2020-01-01T17:00:00+00:00,distributed_committable,56,313_CC_1,313,true,true,293.33333340000001,304.49468823464952,11.161354834649501,170,355,120.99990662102154,-25,150,1.0349999999999999,1.0411154439685202,1.0411154439685202
17,2020-01-01T17:00:00+00:00,distributed_committable,57,315_STEAM_1,315,false,false,0,0,0,0,0,0,0,6,1.0422,1.0422,1.0332047698457509
17,2020-01-01T17:00:00+00:00,distributed_committable,58,315_STEAM_2,315,false,false,0,0,0,0,0,0,0,6,1.0422,1.0422,1.0332047698457509
17,2020-01-01T17:00:00+00:00,distributed_committable,59,315_STEAM_3,315,false,false,0,0,0,0,0,0,0,6,1.0422,1.0422,1.0332047698457509
17,2020-01-01T17:00:00+00:00,distributed_committable,60,315_STEAM_4,315,false,false,0,0,0,0,0,0,0,6,1.0422,1.0422,1.0332047698457509
17,2020-01-01T17:00:00+00:00,distributed_committable,61,315_STEAM_5,315,false,false,0,0,0,0,0,0,0,6,1.0422,1.0422,1.0332047698457509
17,2020-01-01T17:00:00+00:00,distributed_committable,62,315_CT_6,315,false,false,0,0,0,0,0,0,-15,19,1.0422,1.0422,1.0332047698457509
17,2020-01-01T17:00:00+00:00,distributed_committable,63,315_CT_7,315,false,false,0,0,0,0,0,0,-15,19,1.0422,1.0422,1.0332047698457509
17,2020-01-01T17:00:00+00:00,distributed_committable,64,315_CT_8,315,false,false,0,0,0,0,0,0,0,60,1.0422,1.0422,1.0332047698457509
17,2020-01-01T17:00:00+00:00,distributed_committable,65,316_STEAM_1,316,true,true,124,134.80669744043198,10.806697440431975,62,155,79.999977061099401,-50,80,1.0448999999999999,1.0388843612670173,1.0388843612670173
17,2020-01-01T17:00:00+00:00,distributed_committable,66,318_CC_1,318,false,false,0,0,0,0,0,0,-25,150,1.05,1.05,1.0427699086418927
17,2020-01-01T17:00:00+00:00,distributed_committable,67,321_CC_1,321,true,true,293.33333340000001,303.93520994182785,10.601876541827835,170,355,82.797509609387475,-25,150,1.05,1.0499999955145571,1.0499999955145571
17,2020-01-01T17:00:00+00:00,distributed_committable,68,322_CT_5,322,false,false,0,0,0,0,0,0,-15,19,1.05,1.05,1.0499999799217941
17,2020-01-01T17:00:00+00:00,distributed_committable,69,322_CT_6,322,false,false,0,0,0,0,0,0,-15,19,1.05,1.05,1.0499999799217941
17,2020-01-01T17:00:00+00:00,distributed_committable,70,323_CC_1,323,false,false,0,0,0,0,0,0,-25,150,1.05,1.05,1.0181799157258831
17,2020-01-01T17:00:00+00:00,distributed_committable,71,323_CC_2,323,false,false,0,0,0,0,0,0,-25,150,1.05,1.05,1.0181799157258831
17,2020-01-01T17:00:00+00:00,distributed_committable,72,114_SYNC_COND_1,114,true,false,0,0,0,0,0,-49.999986340427988,-50,200,1.0441,0.99902205035463687,0.99902205035463687
17,2020-01-01T17:00:00+00:00,distributed_committable,73,121_NUCLEAR_1,121,true,true,400,399.99999988599939,-1.1400061339372769e-07,396,400,199.99992194220613,-50,200,1.05,1.0496151279181711,1.0496151279181711
17,2020-01-01T17:00:00+00:00,distributed_committable,74,122_HYDRO_1,122,true,false,13.199999999999999,13.200000000000001,1.7763568394002505e-15,13.199999999999999,13.199999999999999,-4.912532901315779,-10,16,1.05,1.0499999934669988,1.0499999934669988
17,2020-01-01T17:00:00+00:00,distributed_committable,75,122_HYDRO_2,122,true,false,13.199999999999999,13.200000000000001,1.7763568394002505e-15,13.199999999999999,13.199999999999999,-4.912532901315779,-10,16,1.05,1.0499999934669988,1.0499999934669988
17,2020-01-01T17:00:00+00:00,distributed_committable,76,122_HYDRO_3,122,true,false,13.199999999999999,13.200000000000001,1.7763568394002505e-15,13.199999999999999,13.199999999999999,-4.912532901315779,-10,16,1.05,1.0499999934669988,1.0499999934669988
17,2020-01-01T17:00:00+00:00,distributed_committable,77,122_HYDRO_4,122,true,false,13.199999999999999,13.200000000000001,1.7763568394002505e-15,13.199999999999999,13.199999999999999,-4.912532901315779,-10,16,1.05,1.0499999934669988,1.0499999934669988
17,2020-01-01T17:00:00+00:00,distributed_committable,78,122_HYDRO_5,122,true,false,13.199999999999999,13.200000000000001,1.7763568394002505e-15,13.199999999999999,13.199999999999999,-4.912532901315779,-10,16,1.05,1.0499999934669988,1.0499999934669988
17,2020-01-01T17:00:00+00:00,distributed_committable,79,122_HYDRO_6,122,true,false,13.199999999999999,13.200000000000001,1.7763568394002505e-15,13.199999999999999,13.199999999999999,-4.912532901315779,-10,16,1.05,1.0499999934669988,1.0499999934669988
17,2020-01-01T17:00:00+00:00,distributed_committable,80,201_HYDRO_4,201,true,false,17.899999999999999,17.899999999999999,0,17.899999999999999,17.899999999999999,-9.9998088632136604,-10,16,1.05,1.027866383319735,1.027866383319735
17,2020-01-01T17:00:00+00:00,distributed_committable,81,214_SYNC_COND_1,214,true,false,0,0,0,0,0,22.936930269859488,-50,200,1.05,1.0162880398059615,1.0162880398059615
17,2020-01-01T17:00:00+00:00,distributed_committable,82,215_HYDRO_1,215,true,false,17.899999999999999,17.899999999999999,0,17.899999999999999,17.899999999999999,-8.5155471327942553,-10,16,1.0437000000000001,1.0167900186002814,1.0167900186002814
17,2020-01-01T17:00:00+00:00,distributed_committable,83,215_HYDRO_2,215,true,false,17.899999999999999,17.899999999999999,0,17.899999999999999,17.899999999999999,-8.5155471327942553,-10,16,1.0437000000000001,1.0167900186002814,1.0167900186002814
17,2020-01-01T17:00:00+00:00,distributed_committable,84,215_HYDRO_3,215,true,false,17.899999999999999,17.899999999999999,0,17.899999999999999,17.899999999999999,-8.5155471327942553,-10,16,1.0437000000000001,1.0167900186002814,1.0167900186002814
17,2020-01-01T17:00:00+00:00,distributed_committable,85,222_HYDRO_1,222,true,false,17.899999999999999,17.899999999999999,0,17.899999999999999,17.899999999999999,-2.6509364074913422,-10,16,1.05,1.030011631315529,1.030011631315529
17,2020-01-01T17:00:00+00:00,distributed_committable,86,222_HYDRO_2,222,true,false,17.899999999999999,17.899999999999999,0,17.899999999999999,17.899999999999999,-2.6509364074913422,-10,16,1.05,1.030011631315529,1.030011631315529
17,2020-01-01T17:00:00+00:00,distributed_committable,87,222_HYDRO_3,222,true,false,17.899999999999999,17.899999999999999,0,17.899999999999999,17.899999999999999,-2.6509364074913422,-10,16,1.05,1.030011631315529,1.030011631315529
17,2020-01-01T17:00:00+00:00,distributed_committable,88,222_HYDRO_4,222,true,false,17.899999999999999,17.899999999999999,0,17.899999999999999,17.899999999999999,-2.6509364074913422,-10,16,1.05,1.030011631315529,1.030011631315529
17,2020-01-01T17:00:00+00:00,distributed_committable,89,222_HYDRO_5,222,true,false,17.899999999999999,17.899999999999999,0,17.899999999999999,17.899999999999999,-2.6509364074913422,-10,16,1.05,1.030011631315529,1.030011631315529
17,2020-01-01T17:00:00+00:00,distributed_committable,90,222_HYDRO_6,222,true,false,17.899999999999999,17.899999999999999,0,17.899999999999999,17.899999999999999,-2.6509364074913422,-10,16,1.05,1.030011631315529,1.030011631315529
17,2020-01-01T17:00:00+00:00,distributed_committable,91,314_SYNC_COND_1,314,true,false,0,0,0,0,0,110.30308404735669,-50,200,1.05,1.0483431167506225,1.0483431167506225
17,2020-01-01T17:00:00+00:00,distributed_committable,92,322_HYDRO_1,322,true,false,23.600000000000001,23.600000000000001,0,23.600000000000001,23.600000000000001,-6.385197999147417,-10,16,1.05,1.0499999799217941,1.0499999799217941
17,2020-01-01T17:00:00+00:00,distributed_committable,93,322_HYDRO_2,322,true,false,23.600000000000001,23.600000000000001,0,23.600000000000001,23.600000000000001,-6.385197999147417,-10,16,1.05,1.0499999799217941,1.0499999799217941
17,2020-01-01T17:00:00+00:00,distributed_committable,94,322_HYDRO_3,322,true,false,23.600000000000001,23.600000000000001,0,23.600000000000001,23.600000000000001,-6.385197999147417,-10,16,1.05,1.0499999799217941,1.0499999799217941
17,2020-01-01T17:00:00+00:00,distributed_committable,95,322_HYDRO_4,322,true,false,23.600000000000001,23.600000000000001,0,23.600000000000001,23.600000000000001,-6.385197999147417,-10,16,1.05,1.0499999799217941,1.0499999799217941
17,2020-01-01T17:00:00+00:00,distributed_committable,96,320_PV_1,320,true,false,0,0,0,0,0,0,0,0,1,1.019658120062064,1.019658120062064
17,2020-01-01T17:00:00+00:00,distributed_committable,97,314_PV_1,314,true,false,0,0,0,0,0,0,0,0,1.05,1.0483431167506225,1.0483431167506225
17,2020-01-01T17:00:00+00:00,distributed_committable,98,314_PV_2,314,true,false,0,0,0,0,0,0,0,0,1.05,1.0483431167506225,1.0483431167506225
17,2020-01-01T17:00:00+00:00,distributed_committable,99,313_PV_1,313,true,false,0,0,0,0,0,0,0,0,1.0349999999999999,1.0411154439685202,1.0411154439685202
17,2020-01-01T17:00:00+00:00,distributed_committable,100,314_PV_3,314,true,false,0,0,0,0,0,0,0,0,1.05,1.0483431167506225,1.0483431167506225
17,2020-01-01T17:00:00+00:00,distributed_committable,101,314_PV_4,314,true,false,0,0,0,0,0,0,0,0,1.05,1.0483431167506225,1.0483431167506225
17,2020-01-01T17:00:00+00:00,distributed_committable,102,313_PV_2,313,true,false,0,0,0,0,0,0,0,0,1.0349999999999999,1.0411154439685202,1.0411154439685202
17,2020-01-01T17:00:00+00:00,distributed_committable,103,310_PV_1,310,true,false,0,0,0,0,0,0,0,0,1,1.0499999981356585,1.0499999981356585
17,2020-01-01T17:00:00+00:00,distributed_committable,104,324_PV_1,324,true,false,0,0,0,0,0,0,0,0,1,1.0139172212591496,1.0139172212591496
17,2020-01-01T17:00:00+00:00,distributed_committable,105,312_PV_1,312,true,false,0,0,0,0,0,0,0,0,1,1.0168120791967818,1.0168120791967818
17,2020-01-01T17:00:00+00:00,distributed_committable,106,310_PV_2,310,true,false,0,0,0,0,0,0,0,0,1,1.0499999981356585,1.0499999981356585
17,2020-01-01T17:00:00+00:00,distributed_committable,107,324_PV_2,324,true,false,0,0,0,0,0,0,0,0,1,1.0139172212591496,1.0139172212591496
17,2020-01-01T17:00:00+00:00,distributed_committable,108,324_PV_3,324,true,false,0,0,0,0,0,0,0,0,1,1.0139172212591496,1.0139172212591496
17,2020-01-01T17:00:00+00:00,distributed_committable,109,113_PV_1,113,true,false,0,0,0,0,0,0,0,0,1,1.0098867427165095,1.0098867427165095
17,2020-01-01T17:00:00+00:00,distributed_committable,110,319_PV_1,319,true,false,0,0,0,0,0,0,0,0,1,1.0254285692942902,1.0254285692942902
17,2020-01-01T17:00:00+00:00,distributed_committable,111,215_PV_1,215,true,false,0,0,0,0,0,0,0,0,1.0437000000000001,1.0167900186002814,1.0167900186002814
17,2020-01-01T17:00:00+00:00,distributed_committable,112,102_PV_1,102,true,false,0,0,0,0,0,0,0,0,1.0467,1.0225377967938865,1.0225377967938865
17,2020-01-01T17:00:00+00:00,distributed_committable,113,101_PV_1,101,true,false,0,0,0,0,0,0,0,0,1.0468,1.0228511365133828,1.0228511365133828
17,2020-01-01T17:00:00+00:00,distributed_committable,114,102_PV_2,102,true,false,0,0,0,0,0,0,0,0,1.0467,1.0225377967938865,1.0225377967938865
17,2020-01-01T17:00:00+00:00,distributed_committable,115,104_PV_1,104,true,false,0,0,0,0,0,0,0,0,1,1.0163505643381237,1.0163505643381237
17,2020-01-01T17:00:00+00:00,distributed_committable,116,212_CSP_1,212,false,false,0,0,0,0,0,0,0,0,1,1,1.0172029464356924
17,2020-01-01T17:00:00+00:00,distributed_committable,117,101_PV_2,101,true,false,0,0,0,0,0,0,0,0,1.0468,1.0228511365133828,1.0228511365133828
17,2020-01-01T17:00:00+00:00,distributed_committable,118,101_PV_3,101,true,false,0,0,0,0,0,0,0,0,1.0468,1.0228511365133828,1.0228511365133828
17,2020-01-01T17:00:00+00:00,distributed_committable,119,101_PV_4,101,true,false,0,0,0,0,0,0,0,0,1.0468,1.0228511365133828,1.0228511365133828
17,2020-01-01T17:00:00+00:00,distributed_committable,120,103_PV_1,103,true,false,0,0,0,0,0,0,0,0,1,1.0211023185390327,1.0211023185390327
17,2020-01-01T17:00:00+00:00,distributed_committable,121,119_PV_1,119,true,false,0,0,0,0,0,0,0,0,1,1.0195252812250319,1.0195252812250319
17,2020-01-01T17:00:00+00:00,distributed_committable,122,308_RTPV_1,308,true,false,0,0,0,0,0,0,0,0,1,0.98039554027881393,0.98039554027881393
17,2020-01-01T17:00:00+00:00,distributed_committable,123,313_RTPV_1,313,true,false,0,0,0,0,0,0,0,0,1.0349999999999999,1.0411154439685202,1.0411154439685202
17,2020-01-01T17:00:00+00:00,distributed_committable,124,313_RTPV_2,313,true,false,0,0,0,0,0,0,0,0,1.0349999999999999,1.0411154439685202,1.0411154439685202
17,2020-01-01T17:00:00+00:00,distributed_committable,125,313_RTPV_3,313,true,false,0,0,0,0,0,0,0,0,1.0349999999999999,1.0411154439685202,1.0411154439685202
17,2020-01-01T17:00:00+00:00,distributed_committable,126,313_RTPV_4,313,true,false,0,0,0,0,0,0,0,0,1.0349999999999999,1.0411154439685202,1.0411154439685202
17,2020-01-01T17:00:00+00:00,distributed_committable,127,313_RTPV_5,313,true,false,0,0,0,0,0,0,0,0,1.0349999999999999,1.0411154439685202,1.0411154439685202
17,2020-01-01T17:00:00+00:00,distributed_committable,128,313_RTPV_6,313,true,false,0,0,0,0,0,0,0,0,1.0349999999999999,1.0411154439685202,1.0411154439685202
17,2020-01-01T17:00:00+00:00,distributed_committable,129,313_RTPV_7,313,true,false,0,0,0,0,0,0,0,0,1.0349999999999999,1.0411154439685202,1.0411154439685202
17,2020-01-01T17:00:00+00:00,distributed_committable,130,313_RTPV_8,313,true,false,0,0,0,0,0,0,0,0,1.0349999999999999,1.0411154439685202,1.0411154439685202
17,2020-01-01T17:00:00+00:00,distributed_committable,131,313_RTPV_9,313,true,false,0,0,0,0,0,0,0,0,1.0349999999999999,1.0411154439685202,1.0411154439685202
17,2020-01-01T17:00:00+00:00,distributed_committable,132,313_RTPV_10,313,true,false,0,0,0,0,0,0,0,0,1.0349999999999999,1.0411154439685202,1.0411154439685202
17,2020-01-01T17:00:00+00:00,distributed_committable,133,313_RTPV_11,313,true,false,0,0,0,0,0,0,0,0,1.0349999999999999,1.0411154439685202,1.0411154439685202
17,2020-01-01T17:00:00+00:00,distributed_committable,134,313_RTPV_12,313,true,false,0,0,0,0,0,0,0,0,1.0349999999999999,1.0411154439685202,1.0411154439685202
17,2020-01-01T17:00:00+00:00,distributed_committable,135,320_RTPV_1,320,true,false,0,0,0,0,0,0,0,0,1,1.019658120062064,1.019658120062064
17,2020-01-01T17:00:00+00:00,distributed_committable,136,320_RTPV_2,320,true,false,0,0,0,0,0,0,0,0,1,1.019658120062064,1.019658120062064
17,2020-01-01T17:00:00+00:00,distributed_committable,137,320_RTPV_3,320,true,false,0,0,0,0,0,0,0,0,1,1.019658120062064,1.019658120062064
17,2020-01-01T17:00:00+00:00,distributed_committable,138,313_RTPV_13,313,true,false,0,0,0,0,0,0,0,0,1.0349999999999999,1.0411154439685202,1.0411154439685202
17,2020-01-01T17:00:00+00:00,distributed_committable,139,320_RTPV_4,320,true,false,0,0,0,0,0,0,0,0,1,1.019658120062064,1.019658120062064
17,2020-01-01T17:00:00+00:00,distributed_committable,140,320_RTPV_5,320,true,false,0,0,0,0,0,0,0,0,1,1.019658120062064,1.019658120062064
17,2020-01-01T17:00:00+00:00,distributed_committable,141,118_RTPV_1,118,true,false,0,0,0,0,0,0,0,0,1,1.0407715499208077,1.0407715499208077
17,2020-01-01T17:00:00+00:00,distributed_committable,142,118_RTPV_2,118,true,false,0,0,0,0,0,0,0,0,1,1.0407715499208077,1.0407715499208077
17,2020-01-01T17:00:00+00:00,distributed_committable,143,118_RTPV_3,118,true,false,0,0,0,0,0,0,0,0,1,1.0407715499208077,1.0407715499208077
17,2020-01-01T17:00:00+00:00,distributed_committable,144,118_RTPV_4,118,true,false,0,0,0,0,0,0,0,0,1,1.0407715499208077,1.0407715499208077
17,2020-01-01T17:00:00+00:00,distributed_committable,145,118_RTPV_5,118,true,false,0,0,0,0,0,0,0,0,1,1.0407715499208077,1.0407715499208077
17,2020-01-01T17:00:00+00:00,distributed_committable,146,118_RTPV_6,118,true,false,0,0,0,0,0,0,0,0,1,1.0407715499208077,1.0407715499208077
17,2020-01-01T17:00:00+00:00,distributed_committable,147,320_RTPV_6,320,true,false,0,0,0,0,0,0,0,0,1,1.019658120062064,1.019658120062064
17,2020-01-01T17:00:00+00:00,distributed_committable,148,118_RTPV_7,118,true,false,0,0,0,0,0,0,0,0,1,1.0407715499208077,1.0407715499208077
17,2020-01-01T17:00:00+00:00,distributed_committable,149,118_RTPV_8,118,true,false,0,0,0,0,0,0,0,0,1,1.0407715499208077,1.0407715499208077
17,2020-01-01T17:00:00+00:00,distributed_committable,150,118_RTPV_9,118,true,false,0,0,0,0,0,0,0,0,1,1.0407715499208077,1.0407715499208077
17,2020-01-01T17:00:00+00:00,distributed_committable,151,118_RTPV_10,118,true,false,0,0,0,0,0,0,0,0,1,1.0407715499208077,1.0407715499208077
17,2020-01-01T17:00:00+00:00,distributed_committable,152,213_RTPV_1,213,true,false,0,0,0,0,0,0,0,0,1,1.015768760042119,1.015768760042119
17,2020-01-01T17:00:00+00:00,distributed_committable,153,309_WIND_1,309,true,false,46.899999999999999,46.899999999999999,0,46.899999999999999,46.899999999999999,0,0,0,1,1.0273846270419238,1.0273846270419238
17,2020-01-01T17:00:00+00:00,distributed_committable,154,317_WIND_1,317,true,false,243.19999999999999,243.19999999999999,0,243.19999999999999,243.19999999999999,0,0,0,1,1.0446979198797517,1.0446979198797517
17,2020-01-01T17:00:00+00:00,distributed_committable,155,303_WIND_1,303,true,false,89.400000000000006,89.400000000000006,0,89.400000000000006,89.400000000000006,0,0,0,1,1.022322330771708,1.022322330771708
17,2020-01-01T17:00:00+00:00,distributed_committable,156,122_WIND_1,122,true,false,276.30000000000001,276.30000000000001,0,276.30000000000001,276.30000000000001,0,0,0,1.05,1.0499999934669988,1.0499999934669988
17,2020-01-01T17:00:00+00:00,distributed_committable,157,313_STORAGE_1,313,false,false,0,0,0,0,0,0,0,0,1,1,1.0411154439685202
18,2020-01-01T18:00:00+00:00,distributed_committable,0,101_CT_1,101,false,false,0,0,0,0,0,0,0,10,1.0468,1.0468,1.0206972567868964
18,2020-01-01T18:00:00+00:00,distributed_committable,1,101_CT_2,101,false,false,0,0,0,0,0,0,0,10,1.0468,1.0468,1.0206972567868964
18,2020-01-01T18:00:00+00:00,distributed_committable,2,101_STEAM_3,101,true,true,76,75.99999998745524,-1.2544759897537006e-08,30,76,-24.999999208452984,-25,30,1.0468,1.0206972567868964,1.0206972567868964
18,2020-01-01T18:00:00+00:00,distributed_committable,3,101_STEAM_4,101,true,true,76,75.99999998745524,-1.2544759897537006e-08,30,76,-24.999999208452984,-25,30,1.0468,1.0206972567868964,1.0206972567868964
18,2020-01-01T18:00:00+00:00,distributed_committable,4,102_CT_1,102,false,false,0,0,0,0,0,0,0,10,1.0467,1.0467,1.0206887027290721
18,2020-01-01T18:00:00+00:00,distributed_committable,5,102_CT_2,102,false,false,0,0,0,0,0,0,0,10,1.0467,1.0467,1.0206887027290721
18,2020-01-01T18:00:00+00:00,distributed_committable,6,102_STEAM_3,102,true,true,76,75.999999987451289,-1.2548710515147832e-08,30,76,-24.999999207768138,-25,30,1.0467,1.0206887027290721,1.0206887027290721
18,2020-01-01T18:00:00+00:00,distributed_committable,7,102_STEAM_4,102,true,true,76,75.999999987451289,-1.2548710515147832e-08,30,76,-24.999999207768138,-25,30,1.0467,1.0206887027290721,1.0206887027290721
18,2020-01-01T18:00:00+00:00,distributed_committable,8,107_CC_1,107,true,true,248.160432472,258.34310660113835,10.182674129138348,170,355,-2.0258726624216248,-25,150,1.05,1.034182922320716,1.034182922320716
18,2020-01-01T18:00:00+00:00,distributed_committable,9,113_CT_1,113,false,false,0,0,0,0,0,0,-15,19,1.0347,1.0347,1.0123168735608206
18,2020-01-01T18:00:00+00:00,distributed_committable,10,113_CT_2,113,false,false,0,0,0,0,0,0,-15,19,1.0347,1.0347,1.0123168735608206
18,2020-01-01T18:00:00+00:00,distributed_committable,11,113_CT_3,113,false,false,0,0,0,0,0,0,-15,19,1.0347,1.0347,1.0123168735608206
18,2020-01-01T18:00:00+00:00,distributed_committable,12,113_CT_4,113,false,false,0,0,0,0,0,0,-15,19,1.0347,1.0347,1.0123168735608206
18,2020-01-01T18:00:00+00:00,distributed_committable,13,115_STEAM_1,115,false,false,0,0,0,0,0,0,0,6,1.0427999999999999,1.0427999999999999,1.0255972073767294
18,2020-01-01T18:00:00+00:00,distributed_committable,14,115_STEAM_2,115,false,false,0,0,0,0,0,0,0,6,1.0427999999999999,1.0427999999999999,1.0255972073767294
18,2020-01-01T18:00:00+00:00,distributed_committable,15,115_STEAM_3,115,true,true,124,134.58655767435454,10.586557674354538,62,155,-32.368660028057299,-50,80,1.0427999999999999,1.0255972073767294,1.0255972073767294
18,2020-01-01T18:00:00+00:00,distributed_committable,16,116_STEAM_1,116,false,false,0,0,0,0,0,0,-50,80,1.0461,1.0461,1.02157267887217
18,2020-01-01T18:00:00+00:00,distributed_committable,17,118_CC_1,118,false,false,0,0,0,0,0,0,-25,150,1.05,1.05,1.0374815493623804
18,2020-01-01T18:00:00+00:00,distributed_committable,18,123_STEAM_2,123,true,true,124,134.47524598420677,10.475245984206765,62,155,-49.999997159352077,-50,80,1.05,1.015975026703215,1.015975026703215
18,2020-01-01T18:00:00+00:00,distributed_committable,19,123_STEAM_3,123,true,true,350,349.99999998778981,-1.2210193744977005e-08,140,350,-24.999997159352866,-25,150,1.05,1.015975026703215,1.015975026703215
18,2020-01-01T18:00:00+00:00,distributed_committable,20,123_CT_1,123,false,false,0,0,0,0,0,0,-15,19,1.05,1.05,1.015975026703215
18,2020-01-01T18:00:00+00:00,distributed_committable,21,123_CT_4,123,false,false,0,0,0,0,0,0,-15,19,1.05,1.05,1.015975026703215
18,2020-01-01T18:00:00+00:00,distributed_committable,22,123_CT_5,123,false,false,0,0,0,0,0,0,-15,19,1.05,1.05,1.015975026703215
18,2020-01-01T18:00:00+00:00,distributed_committable,23,201_CT_1,201,false,false,0,0,0,0,0,0,0,10,1.05,1.05,1.0282682091782054
18,2020-01-01T18:00:00+00:00,distributed_committable,24,201_CT_2,201,false,false,0,0,0,0,0,0,0,10,1.05,1.05,1.0282682091782054
18,2020-01-01T18:00:00+00:00,distributed_committable,25,201_STEAM_3,201,false,false,0,0,0,0,0,0,-25,30,1.05,1.05,1.0282682091782054
18,2020-01-01T18:00:00+00:00,distributed_committable,26,202_CT_1,202,false,false,0,0,0,0,0,0,0,10,1.05,1.05,1.0292041646940082
18,2020-01-01T18:00:00+00:00,distributed_committable,27,202_CT_2,202,false,false,0,0,0,0,0,0,0,10,1.05,1.05,1.0292041646940082
18,2020-01-01T18:00:00+00:00,distributed_committable,28,202_STEAM_3,202,true,true,60.666666663999997,71.989330683405342,11.322664019405345,30,76,-15.084779538159889,-25,30,1.05,1.0292041646940082,1.0292041646940082
18,2020-01-01T18:00:00+00:00,distributed_committable,29,202_STEAM_4,202,true,true,60.666666663999997,71.989330683405342,11.322664019405345,30,76,-15.084779538159889,-25,30,1.05,1.0292041646940082,1.0292041646940082
18,2020-01-01T18:00:00+00:00,distributed_committable,30,207_CT_1,207,false,false,0,0,0,0,0,0,-15,19,0.96989999999999998,0.96989999999999998,0.95303812562568091
18,2020-01-01T18:00:00+00:00,distributed_committable,31,207_CT_2,207,false,false,0,0,0,0,0,0,-15,19,0.96989999999999998,0.96989999999999998,0.95303812562568091
18,2020-01-01T18:00:00+00:00,distributed_committable,32,213_CC_3,213,false,false,0,0,0,0,0,0,-25,150,1.05,1.05,1.0156710393973565
18,2020-01-01T18:00:00+00:00,distributed_committable,33,213_CT_1,213,false,false,0,0,0,0,0,0,-15,19,1.05,1.05,1.0156710393973565
18,2020-01-01T18:00:00+00:00,distributed_committable,34,213_CT_2,213,false,false,0,0,0,0,0,0,-15,19,1.05,1.05,1.0156710393973565
18,2020-01-01T18:00:00+00:00,distributed_committable,35,215_CT_4,215,false,false,0,0,0,0,0,0,-15,19,1.0437000000000001,1.0437000000000001,1.013239799230071
18,2020-01-01T18:00:00+00:00,distributed_committable,36,215_CT_5,215,false,false,0,0,0,0,0,0,-15,19,1.0437000000000001,1.0437000000000001,1.013239799230071
18,2020-01-01T18:00:00+00:00,distributed_committable,37,216_STEAM_1,216,true,true,155,154.99999998825885,-1.1741150274247047e-08,62,155,31.497778890463668,-50,80,1.0472999999999999,1.0215419837767612,1.0215419837767612
18,2020-01-01T18:00:00+00:00,distributed_committable,38,218_CC_1,218,false,false,0,0,0,0,0,0,-25,150,1.05,1.05,1.0162919071058543
18,2020-01-01T18:00:00+00:00,distributed_committable,39,221_CC_1,221,true,true,293.33333340000001,304.08471197813611,10.751378578136098,170,355,-2.2307267520541973,-25,150,1.05,1.0198550473890446,1.0198550473890446
18,2020-01-01T18:00:00+00:00,distributed_committable,40,223_STEAM_1,223,true,true,155,154.99999998827346,-1.172654151559982e-08,62,155,10.490096523305745,-50,80,1.05,1.049203389370843,1.049203389370843
18,2020-01-01T18:00:00+00:00,distributed_committable,41,223_STEAM_2,223,true,true,155,154.99999998827346,-1.172654151559982e-08,62,155,10.490096523305745,-50,80,1.05,1.049203389370843,1.049203389370843
18,2020-01-01T18:00:00+00:00,distributed_committable,42,223_STEAM_3,223,true,true,350,349.99999998827349,-1.1726513093890389e-08,140,350,55.292046146392501,-25,150,1.05,1.049203389370843,1.049203389370843
18,2020-01-01T18:00:00+00:00,distributed_committable,43,223_CT_4,223,false,false,0,0,0,0,0,0,-15,19,1.05,1.05,1.049203389370843
18,2020-01-01T18:00:00+00:00,distributed_committable,44,223_CT_5,223,false,false,0,0,0,0,0,0,-15,19,1.05,1.05,1.049203389370843
18,2020-01-01T18:00:00+00:00,distributed_committable,45,223_CT_6,223,false,false,0,0,0,0,0,0,-15,19,1.05,1.05,1.049203389370843
18,2020-01-01T18:00:00+00:00,distributed_committable,46,301_CT_1,301,false,false,0,0,0,0,0,0,0,10,1.05,1.05,1.0168117921992106
18,2020-01-01T18:00:00+00:00,distributed_committable,47,301_CT_2,301,false,false,0,0,0,0,0,0,0,10,1.05,1.05,1.0168117921992106
18,2020-01-01T18:00:00+00:00,distributed_committable,48,301_CT_3,301,false,false,0,0,0,0,0,0,-15,19,1.05,1.05,1.0168117921992106
18,2020-01-01T18:00:00+00:00,distributed_committable,49,301_CT_4,301,false,false,0,0,0,0,0,0,-15,19,1.05,1.05,1.0168117921992106
18,2020-01-01T18:00:00+00:00,distributed_committable,50,302_CT_1,302,false,false,0,0,0,0,0,0,0,10,1.05,1.05,1.0171873450409528
18,2020-01-01T18:00:00+00:00,distributed_committable,51,302_CT_2,302,false,false,0,0,0,0,0,0,0,10,1.05,1.05,1.0171873450409528
18,2020-01-01T18:00:00+00:00,distributed_committable,52,302_CT_3,302,false,false,0,0,0,0,0,0,-15,19,1.05,1.05,1.0171873450409528
18,2020-01-01T18:00:00+00:00,distributed_committable,53,302_CT_4,302,false,false,0,0,0,0,0,0,-15,19,1.05,1.05,1.0171873450409528
18,2020-01-01T18:00:00+00:00,distributed_committable,54,307_CT_1,307,false,false,0,0,0,0,0,0,-15,19,0.95679999999999998,0.95679999999999998,0.97606973704216515
18,2020-01-01T18:00:00+00:00,distributed_committable,55,307_CT_2,307,true,true,22,35.508990281663557,13.508990281663557,22,55,18.99999913616708,-15,19,0.95679999999999998,0.97606973704216515,0.97606973704216515
18,2020-01-01T18:00:00+00:00,distributed_committable,56,313_CC_1,313,true,true,293.33333340000001,305.45418568942733,12.120852289427319,170,355,120.67504302702945,-25,150,1.0349999999999999,1.039817512324533,1.039817512324533
18,2020-01-01T18:00:00+00:00,distributed_committable,57,315_STEAM_1,315,false,false,0,0,0,0,0,0,0,6,1.0422,1.0422,1.0307942013226872
18,2020-01-01T18:00:00+00:00,distributed_committable,58,315_STEAM_2,315,false,false,0,0,0,0,0,0,0,6,1.0422,1.0422,1.0307942013226872
18,2020-01-01T18:00:00+00:00,distributed_committable,59,315_STEAM_3,315,false,false,0,0,0,0,0,0,0,6,1.0422,1.0422,1.0307942013226872
18,2020-01-01T18:00:00+00:00,distributed_committable,60,315_STEAM_4,315,false,false,0,0,0,0,0,0,0,6,1.0422,1.0422,1.0307942013226872
18,2020-01-01T18:00:00+00:00,distributed_committable,61,315_STEAM_5,315,false,false,0,0,0,0,0,0,0,6,1.0422,1.0422,1.0307942013226872
18,2020-01-01T18:00:00+00:00,distributed_committable,62,315_CT_6,315,false,false,0,0,0,0,0,0,-15,19,1.0422,1.0422,1.0307942013226872
18,2020-01-01T18:00:00+00:00,distributed_committable,63,315_CT_7,315,false,false,0,0,0,0,0,0,-15,19,1.0422,1.0422,1.0307942013226872
18,2020-01-01T18:00:00+00:00,distributed_committable,64,315_CT_8,315,false,false,0,0,0,0,0,0,0,60,1.0422,1.0422,1.0307942013226872
18,2020-01-01T18:00:00+00:00,distributed_committable,65,316_STEAM_1,316,true,true,124,135.73488894781397,11.734888947813971,62,155,79.99999795469887,-50,80,1.0448999999999999,1.035352793377381,1.035352793377381
18,2020-01-01T18:00:00+00:00,distributed_committable,66,318_CC_1,318,false,false,0,0,0,0,0,0,-25,150,1.05,1.05,1.0428363173489477
18,2020-01-01T18:00:00+00:00,distributed_committable,67,321_CC_1,321,true,true,293.33333340000001,304.79252290739043,11.45918950739042,170,355,97.803905180563888,-25,150,1.05,1.0499999995846616,1.0499999995846616
18,2020-01-01T18:00:00+00:00,distributed_committable,68,322_CT_5,322,false,false,0,0,0,0,0,0,-15,19,1.05,1.05,1.0499999985215653
18,2020-01-01T18:00:00+00:00,distributed_committable,69,322_CT_6,322,false,false,0,0,0,0,0,0,-15,19,1.05,1.05,1.0499999985215653
18,2020-01-01T18:00:00+00:00,distributed_committable,70,323_CC_1,323,false,false,0,0,0,0,0,0,-25,150,1.05,1.05,1.0155605644068506
18,2020-01-01T18:00:00+00:00,distributed_committable,71,323_CC_2,323,false,false,0,0,0,0,0,0,-25,150,1.05,1.05,1.0155605644068506
18,2020-01-01T18:00:00+00:00,distributed_committable,72,114_SYNC_COND_1,114,true,false,0,0,0,0,0,-49.999998797948486,-50,200,1.0441,0.9974485528003687,0.9974485528003687
18,2020-01-01T18:00:00+00:00,distributed_committable,73,121_NUCLEAR_1,121,true,true,400,399.99999998787615,-1.2123848591727437e-08,396,400,199.99999040437228,-50,200,1.05,1.0460713740849665,1.0460713740849665
18,2020-01-01T18:00:00+00:00,distributed_committable,74,122_HYDRO_1,122,true,false,9,9,0,9,9,-3.4918504522776539,-10,16,1.05,1.0499999990450091,1.0499999990450091
18,2020-01-01T18:00:00+00:00,distributed_committable,75,122_HYDRO_2,122,true,false,9,9,0,9,9,-3.4918504522776539,-10,16,1.05,1.0499999990450091,1.0499999990450091
18,2020-01-01T18:00:00+00:00,distributed_committable,76,122_HYDRO_3,122,true,false,9,9,0,9,9,-3.4918504522776539,-10,16,1.05,1.0499999990450091,1.0499999990450091
18,2020-01-01T18:00:00+00:00,distributed_committable,77,122_HYDRO_4,122,true,false,9,9,0,9,9,-3.4918504522776539,-10,16,1.05,1.0499999990450091,1.0499999990450091
18,2020-01-01T18:00:00+00:00,distributed_committable,78,122_HYDRO_5,122,true,false,9,9,0,9,9,-3.4918504522776539,-10,16,1.05,1.0499999990450091,1.0499999990450091
18,2020-01-01T18:00:00+00:00,distributed_committable,79,122_HYDRO_6,122,true,false,9,9,0,9,9,-3.4918504522776548,-10,16,1.05,1.0499999990450091,1.0499999990450091
18,2020-01-01T18:00:00+00:00,distributed_committable,80,201_HYDRO_4,201,true,false,9.3000000000000007,9.3000000000000007,0,9.3000000000000007,9.3000000000000007,-9.9999700491301944,-10,16,1.05,1.0282682091782054,1.0282682091782054
18,2020-01-01T18:00:00+00:00,distributed_committable,81,214_SYNC_COND_1,214,true,false,0,0,0,0,0,38.246246798678413,-50,200,1.05,1.0190928580518044,1.0190928580518044
18,2020-01-01T18:00:00+00:00,distributed_committable,82,215_HYDRO_1,215,true,false,9.3000000000000007,9.3000000000000007,0,9.3000000000000007,9.3000000000000007,-9.666223540400706,-10,16,1.0437000000000001,1.013239799230071,1.013239799230071
18,2020-01-01T18:00:00+00:00,distributed_committable,83,215_HYDRO_2,215,true,false,9.3000000000000007,9.3000000000000007,0,9.3000000000000007,9.3000000000000007,-9.666223540400706,-10,16,1.0437000000000001,1.013239799230071,1.013239799230071
18,2020-01-01T18:00:00+00:00,distributed_committable,84,215_HYDRO_3,215,true,false,9.3000000000000007,9.3000000000000007,0,9.3000000000000007,9.3000000000000007,-9.666223540400706,-10,16,1.0437000000000001,1.013239799230071,1.013239799230071
18,2020-01-01T18:00:00+00:00,distributed_committable,85,222_HYDRO_1,222,true,false,9.3000000000000007,9.3000000000000007,0,9.3000000000000007,9.3000000000000007,-3.1963488174826824,-10,16,1.05,1.0221827710458273,1.0221827710458273
18,2020-01-01T18:00:00+00:00,distributed_committable,86,222_HYDRO_2,222,true,false,9.3000000000000007,9.3000000000000007,0,9.3000000000000007,9.3000000000000007,-3.1963488174826824,-10,16,1.05,1.0221827710458273,1.0221827710458273
18,2020-01-01T18:00:00+00:00,distributed_committable,87,222_HYDRO_3,222,true,false,9.3000000000000007,9.3000000000000007,0,9.3000000000000007,9.3000000000000007,-3.1963488174826824,-10,16,1.05,1.0221827710458273,1.0221827710458273
18,2020-01-01T18:00:00+00:00,distributed_committable,88,222_HYDRO_4,222,true,false,9.3000000000000007,9.3000000000000007,0,9.3000000000000007,9.3000000000000007,-3.1963488174826824,-10,16,1.05,1.0221827710458273,1.0221827710458273
18,2020-01-01T18:00:00+00:00,distributed_committable,89,222_HYDRO_5,222,true,false,9.3000000000000007,9.3000000000000007,0,9.3000000000000007,9.3000000000000007,-3.1963488174826824,-10,16,1.05,1.0221827710458273,1.0221827710458273
18,2020-01-01T18:00:00+00:00,distributed_committable,90,222_HYDRO_6,222,true,false,9.3000000000000007,9.3000000000000007,0,9.3000000000000007,9.3000000000000007,-3.1963488174826824,-10,16,1.05,1.0221827710458273,1.0221827710458273
18,2020-01-01T18:00:00+00:00,distributed_committable,91,314_SYNC_COND_1,314,true,false,0,0,0,0,0,116.80356801675127,-50,200,1.05,1.0480836447899189,1.0480836447899189
18,2020-01-01T18:00:00+00:00,distributed_committable,92,322_HYDRO_1,322,true,false,33.100000000000001,33.100000000000001,0,33.100000000000001,33.100000000000001,-7.0919571556674681,-10,16,1.05,1.0499999985215653,1.0499999985215653
18,2020-01-01T18:00:00+00:00,distributed_committable,93,322_HYDRO_2,322,true,false,33.100000000000001,33.100000000000001,0,33.100000000000001,33.100000000000001,-7.0919571556674681,-10,16,1.05,1.0499999985215653,1.0499999985215653
18,2020-01-01T18:00:00+00:00,distributed_committable,94,322_HYDRO_3,322,true,false,33.100000000000001,33.100000000000001,0,33.100000000000001,33.100000000000001,-7.0919571556674681,-10,16,1.05,1.0499999985215653,1.0499999985215653
18,2020-01-01T18:00:00+00:00,distributed_committable,95,322_HYDRO_4,322,true,false,33.100000000000001,33.100000000000001,0,33.100000000000001,33.100000000000001,-7.0919571556674681,-10,16,1.05,1.0499999985215653,1.0499999985215653
18,2020-01-01T18:00:00+00:00,distributed_committable,96,320_PV_1,320,true,false,0,0,0,0,0,0,0,0,1,1.0169039180997161,1.0169039180997161
18,2020-01-01T18:00:00+00:00,distributed_committable,97,314_PV_1,314,true,false,0,0,0,0,0,0,0,0,1.05,1.0480836447899189,1.0480836447899189
18,2020-01-01T18:00:00+00:00,distributed_committable,98,314_PV_2,314,true,false,0,0,0,0,0,0,0,0,1.05,1.0480836447899189,1.0480836447899189
18,2020-01-01T18:00:00+00:00,distributed_committable,99,313_PV_1,313,true,false,0,0,0,0,0,0,0,0,1.0349999999999999,1.039817512324533,1.039817512324533
18,2020-01-01T18:00:00+00:00,distributed_committable,100,314_PV_3,314,true,false,0,0,0,0,0,0,0,0,1.05,1.0480836447899189,1.0480836447899189
18,2020-01-01T18:00:00+00:00,distributed_committable,101,314_PV_4,314,true,false,0,0,0,0,0,0,0,0,1.05,1.0480836447899189,1.0480836447899189
18,2020-01-01T18:00:00+00:00,distributed_committable,102,313_PV_2,313,true,false,0,0,0,0,0,0,0,0,1.0349999999999999,1.039817512324533,1.039817512324533
18,2020-01-01T18:00:00+00:00,distributed_committable,103,310_PV_1,310,true,false,0,0,0,0,0,0,0,0,1,1.0499999998004708,1.0499999998004708
18,2020-01-01T18:00:00+00:00,distributed_committable,104,324_PV_1,324,true,false,0,0,0,0,0,0,0,0,1,1.0116492607658865,1.0116492607658865
18,2020-01-01T18:00:00+00:00,distributed_committable,105,312_PV_1,312,true,false,0,0,0,0,0,0,0,0,1,1.0154542660940458,1.0154542660940458
18,2020-01-01T18:00:00+00:00,distributed_committable,106,310_PV_2,310,true,false,0,0,0,0,0,0,0,0,1,1.0499999998004708,1.0499999998004708
18,2020-01-01T18:00:00+00:00,distributed_committable,107,324_PV_2,324,true,false,0,0,0,0,0,0,0,0,1,1.0116492607658865,1.0116492607658865
18,2020-01-01T18:00:00+00:00,distributed_committable,108,324_PV_3,324,true,false,0,0,0,0,0,0,0,0,1,1.0116492607658865,1.0116492607658865
18,2020-01-01T18:00:00+00:00,distributed_committable,109,113_PV_1,113,true,false,0,0,0,0,0,0,0,0,1,1.0123168735608206,1.0123168735608206
18,2020-01-01T18:00:00+00:00,distributed_committable,110,319_PV_1,319,true,false,0,0,0,0,0,0,0,0,1,1.0223664478520567,1.0223664478520567
18,2020-01-01T18:00:00+00:00,distributed_committable,111,215_PV_1,215,true,false,0,0,0,0,0,0,0,0,1.0437000000000001,1.013239799230071,1.013239799230071
18,2020-01-01T18:00:00+00:00,distributed_committable,112,102_PV_1,102,true,false,0,0,0,0,0,0,0,0,1.0467,1.0206887027290721,1.0206887027290721
18,2020-01-01T18:00:00+00:00,distributed_committable,113,101_PV_1,101,true,false,0,0,0,0,0,0,0,0,1.0468,1.0206972567868964,1.0206972567868964
18,2020-01-01T18:00:00+00:00,distributed_committable,114,102_PV_2,102,true,false,0,0,0,0,0,0,0,0,1.0467,1.0206887027290721,1.0206887027290721
18,2020-01-01T18:00:00+00:00,distributed_committable,115,104_PV_1,104,true,false,0,0,0,0,0,0,0,0,1,1.0155728489576785,1.0155728489576785
18,2020-01-01T18:00:00+00:00,distributed_committable,116,212_CSP_1,212,false,false,0,0,0,0,0,0,0,0,1,1,1.0166917205181119
18,2020-01-01T18:00:00+00:00,distributed_committable,117,101_PV_2,101,true,false,0,0,0,0,0,0,0,0,1.0468,1.0206972567868964,1.0206972567868964
18,2020-01-01T18:00:00+00:00,distributed_committable,118,101_PV_3,101,true,false,0,0,0,0,0,0,0,0,1.0468,1.0206972567868964,1.0206972567868964
18,2020-01-01T18:00:00+00:00,distributed_committable,119,101_PV_4,101,true,false,0,0,0,0,0,0,0,0,1.0468,1.0206972567868964,1.0206972567868964
18,2020-01-01T18:00:00+00:00,distributed_committable,120,103_PV_1,103,true,false,0,0,0,0,0,0,0,0,1,1.0180688083958014,1.0180688083958014
18,2020-01-01T18:00:00+00:00,distributed_committable,121,119_PV_1,119,true,false,0,0,0,0,0,0,0,0,1,1.0165859656796778,1.0165859656796778
18,2020-01-01T18:00:00+00:00,distributed_committable,122,308_RTPV_1,308,true,false,0,0,0,0,0,0,0,0,1,0.98187761903059712,0.98187761903059712
18,2020-01-01T18:00:00+00:00,distributed_committable,123,313_RTPV_1,313,true,false,0,0,0,0,0,0,0,0,1.0349999999999999,1.039817512324533,1.039817512324533
18,2020-01-01T18:00:00+00:00,distributed_committable,124,313_RTPV_2,313,true,false,0,0,0,0,0,0,0,0,1.0349999999999999,1.039817512324533,1.039817512324533
18,2020-01-01T18:00:00+00:00,distributed_committable,125,313_RTPV_3,313,true,false,0,0,0,0,0,0,0,0,1.0349999999999999,1.039817512324533,1.039817512324533
18,2020-01-01T18:00:00+00:00,distributed_committable,126,313_RTPV_4,313,true,false,0,0,0,0,0,0,0,0,1.0349999999999999,1.039817512324533,1.039817512324533
18,2020-01-01T18:00:00+00:00,distributed_committable,127,313_RTPV_5,313,true,false,0,0,0,0,0,0,0,0,1.0349999999999999,1.039817512324533,1.039817512324533
18,2020-01-01T18:00:00+00:00,distributed_committable,128,313_RTPV_6,313,true,false,0,0,0,0,0,0,0,0,1.0349999999999999,1.039817512324533,1.039817512324533
18,2020-01-01T18:00:00+00:00,distributed_committable,129,313_RTPV_7,313,true,false,0,0,0,0,0,0,0,0,1.0349999999999999,1.039817512324533,1.039817512324533
18,2020-01-01T18:00:00+00:00,distributed_committable,130,313_RTPV_8,313,true,false,0,0,0,0,0,0,0,0,1.0349999999999999,1.039817512324533,1.039817512324533
18,2020-01-01T18:00:00+00:00,distributed_committable,131,313_RTPV_9,313,true,false,0,0,0,0,0,0,0,0,1.0349999999999999,1.039817512324533,1.039817512324533
18,2020-01-01T18:00:00+00:00,distributed_committable,132,313_RTPV_10,313,true,false,0,0,0,0,0,0,0,0,1.0349999999999999,1.039817512324533,1.039817512324533
18,2020-01-01T18:00:00+00:00,distributed_committable,133,313_RTPV_11,313,true,false,0,0,0,0,0,0,0,0,1.0349999999999999,1.039817512324533,1.039817512324533
18,2020-01-01T18:00:00+00:00,distributed_committable,134,313_RTPV_12,313,true,false,0,0,0,0,0,0,0,0,1.0349999999999999,1.039817512324533,1.039817512324533
18,2020-01-01T18:00:00+00:00,distributed_committable,135,320_RTPV_1,320,true,false,0,0,0,0,0,0,0,0,1,1.0169039180997161,1.0169039180997161
18,2020-01-01T18:00:00+00:00,distributed_committable,136,320_RTPV_2,320,true,false,0,0,0,0,0,0,0,0,1,1.0169039180997161,1.0169039180997161
18,2020-01-01T18:00:00+00:00,distributed_committable,137,320_RTPV_3,320,true,false,0,0,0,0,0,0,0,0,1,1.0169039180997161,1.0169039180997161
18,2020-01-01T18:00:00+00:00,distributed_committable,138,313_RTPV_13,313,true,false,0,0,0,0,0,0,0,0,1.0349999999999999,1.039817512324533,1.039817512324533
18,2020-01-01T18:00:00+00:00,distributed_committable,139,320_RTPV_4,320,true,false,0,0,0,0,0,0,0,0,1,1.0169039180997161,1.0169039180997161
18,2020-01-01T18:00:00+00:00,distributed_committable,140,320_RTPV_5,320,true,false,0,0,0,0,0,0,0,0,1,1.0169039180997161,1.0169039180997161
18,2020-01-01T18:00:00+00:00,distributed_committable,141,118_RTPV_1,118,true,false,0,0,0,0,0,0,0,0,1,1.0374815493623804,1.0374815493623804
18,2020-01-01T18:00:00+00:00,distributed_committable,142,118_RTPV_2,118,true,false,0,0,0,0,0,0,0,0,1,1.0374815493623804,1.0374815493623804
18,2020-01-01T18:00:00+00:00,distributed_committable,143,118_RTPV_3,118,true,false,0,0,0,0,0,0,0,0,1,1.0374815493623804,1.0374815493623804
18,2020-01-01T18:00:00+00:00,distributed_committable,144,118_RTPV_4,118,true,false,0,0,0,0,0,0,0,0,1,1.0374815493623804,1.0374815493623804
18,2020-01-01T18:00:00+00:00,distributed_committable,145,118_RTPV_5,118,true,false,0,0,0,0,0,0,0,0,1,1.0374815493623804,1.0374815493623804
18,2020-01-01T18:00:00+00:00,distributed_committable,146,118_RTPV_6,118,true,false,0,0,0,0,0,0,0,0,1,1.0374815493623804,1.0374815493623804
18,2020-01-01T18:00:00+00:00,distributed_committable,147,320_RTPV_6,320,true,false,0,0,0,0,0,0,0,0,1,1.0169039180997161,1.0169039180997161
18,2020-01-01T18:00:00+00:00,distributed_committable,148,118_RTPV_7,118,true,false,0,0,0,0,0,0,0,0,1,1.0374815493623804,1.0374815493623804
18,2020-01-01T18:00:00+00:00,distributed_committable,149,118_RTPV_8,118,true,false,0,0,0,0,0,0,0,0,1,1.0374815493623804,1.0374815493623804
18,2020-01-01T18:00:00+00:00,distributed_committable,150,118_RTPV_9,118,true,false,0,0,0,0,0,0,0,0,1,1.0374815493623804,1.0374815493623804
18,2020-01-01T18:00:00+00:00,distributed_committable,151,118_RTPV_10,118,true,false,0,0,0,0,0,0,0,0,1,1.0374815493623804,1.0374815493623804
18,2020-01-01T18:00:00+00:00,distributed_committable,152,213_RTPV_1,213,true,false,0,0,0,0,0,0,0,0,1,1.0156710393973565,1.0156710393973565
18,2020-01-01T18:00:00+00:00,distributed_committable,153,309_WIND_1,309,true,false,24,24,0,24,24,0,0,0,1,1.0260914614610095,1.0260914614610095
18,2020-01-01T18:00:00+00:00,distributed_committable,154,317_WIND_1,317,true,false,375.19999999999999,375.19999999999999,0,375.19999999999999,375.19999999999999,0,0,0,1,1.0441379732469784,1.0441379732469784
18,2020-01-01T18:00:00+00:00,distributed_committable,155,303_WIND_1,303,true,false,90.400000000000006,90.400000000000006,0,90.400000000000006,90.400000000000006,0,0,0,1,1.0212273613647456,1.0212273613647456
18,2020-01-01T18:00:00+00:00,distributed_committable,156,122_WIND_1,122,true,false,272.89999999999998,272.89999999999998,0,272.89999999999998,272.89999999999998,0,0,0,1.05,1.0499999990450091,1.0499999990450091
18,2020-01-01T18:00:00+00:00,distributed_committable,157,313_STORAGE_1,313,false,false,0,0,0,0,0,0,0,0,1,1,1.039817512324533
19,2020-01-01T19:00:00+00:00,distributed_committable,0,101_CT_1,101,false,false,0,0,0,0,0,0,0,10,1.0468,1.0468,1.0217309041193903
19,2020-01-01T19:00:00+00:00,distributed_committable,1,101_CT_2,101,false,false,0,0,0,0,0,0,0,10,1.0468,1.0468,1.0217309041193903
19,2020-01-01T19:00:00+00:00,distributed_committable,2,101_STEAM_3,101,true,true,76,75.999999207633905,-7.9236609451527329e-07,30,76,-24.999898601904842,-25,30,1.0468,1.0217309041193903,1.0217309041193903
19,2020-01-01T19:00:00+00:00,distributed_committable,3,101_STEAM_4,101,true,true,76,75.999999207633905,-7.9236609451527329e-07,30,76,-24.999898601904842,-25,30,1.0468,1.0217309041193903,1.0217309041193903
19,2020-01-01T19:00:00+00:00,distributed_committable,4,102_CT_1,102,false,false,0,0,0,0,0,0,0,10,1.0467,1.0467,1.0216512930238788
19,2020-01-01T19:00:00+00:00,distributed_committable,5,102_CT_2,102,false,false,0,0,0,0,0,0,0,10,1.0467,1.0467,1.0216512930238788
19,2020-01-01T19:00:00+00:00,distributed_committable,6,102_STEAM_3,102,true,true,76,75.999999207510484,-7.9248951578847482e-07,30,76,-24.999897789777037,-25,30,1.0467,1.0216512930238788,1.0216512930238788
19,2020-01-01T19:00:00+00:00,distributed_committable,7,102_STEAM_4,102,true,true,76,75.999999207510484,-7.9248951578847482e-07,30,76,-24.999897789777037,-25,30,1.0467,1.0216512930238788,1.0216512930238788
19,2020-01-01T19:00:00+00:00,distributed_committable,8,107_CC_1,107,true,true,231.6666668,239.20639643153157,7.5397296315315714,170,355,2.376201874125099,-25,150,1.05,1.0369912382348796,1.0369912382348796
19,2020-01-01T19:00:00+00:00,distributed_committable,9,113_CT_1,113,false,false,0,0,0,0,0,0,-15,19,1.0347,1.0347,1.0100682314589546
19,2020-01-01T19:00:00+00:00,distributed_committable,10,113_CT_2,113,false,false,0,0,0,0,0,0,-15,19,1.0347,1.0347,1.0100682314589546
19,2020-01-01T19:00:00+00:00,distributed_committable,11,113_CT_3,113,false,false,0,0,0,0,0,0,-15,19,1.0347,1.0347,1.0100682314589546
19,2020-01-01T19:00:00+00:00,distributed_committable,12,113_CT_4,113,false,false,0,0,0,0,0,0,-15,19,1.0347,1.0347,1.0100682314589546
19,2020-01-01T19:00:00+00:00,distributed_committable,13,115_STEAM_1,115,false,false,0,0,0,0,0,0,0,6,1.0427999999999999,1.0427999999999999,1.0275754327579074
19,2020-01-01T19:00:00+00:00,distributed_committable,14,115_STEAM_2,115,false,false,0,0,0,0,0,0,0,6,1.0427999999999999,1.0427999999999999,1.0275754327579074
19,2020-01-01T19:00:00+00:00,distributed_committable,15,115_STEAM_3,115,true,true,124,131.70650098243843,7.7065009824384276,62,155,-20.428582748883542,-50,80,1.0427999999999999,1.0275754327579074,1.0275754327579074
19,2020-01-01T19:00:00+00:00,distributed_committable,16,116_STEAM_1,116,false,false,0,0,0,0,0,0,-50,80,1.0461,1.0461,1.0221645777842552
19,2020-01-01T19:00:00+00:00,distributed_committable,17,118_CC_1,118,false,false,0,0,0,0,0,0,-25,150,1.05,1.05,1.0388621063617027
19,2020-01-01T19:00:00+00:00,distributed_committable,18,123_STEAM_2,123,true,true,124,131.70287503942245,7.7028750394224517,62,155,-49.999688385835626,-50,80,1.05,1.0142252933229639,1.0142252933229639
19,2020-01-01T19:00:00+00:00,distributed_committable,19,123_STEAM_3,123,true,true,296.49815347200001,304.20102858746031,7.7028751154603015,140,350,-24.999688400631996,-25,150,1.05,1.0142252933229639,1.0142252933229639
19,2020-01-01T19:00:00+00:00,distributed_committable,20,123_CT_1,123,false,false,0,0,0,0,0,0,-15,19,1.05,1.05,1.0142252933229639
19,2020-01-01T19:00:00+00:00,distributed_committable,21,123_CT_4,123,false,false,0,0,0,0,0,0,-15,19,1.05,1.05,1.0142252933229639
19,2020-01-01T19:00:00+00:00,distributed_committable,22,123_CT_5,123,false,false,0,0,0,0,0,0,-15,19,1.05,1.05,1.0142252933229639
19,2020-01-01T19:00:00+00:00,distributed_committable,23,201_CT_1,201,false,false,0,0,0,0,0,0,0,10,1.05,1.05,1.0297310340777701
19,2020-01-01T19:00:00+00:00,distributed_committable,24,201_CT_2,201,false,false,0,0,0,0,0,0,0,10,1.05,1.05,1.0297310340777701
19,2020-01-01T19:00:00+00:00,distributed_committable,25,201_STEAM_3,201,false,false,0,0,0,0,0,0,-25,30,1.05,1.05,1.0297310340777701
19,2020-01-01T19:00:00+00:00,distributed_committable,26,202_CT_1,202,false,false,0,0,0,0,0,0,0,10,1.05,1.05,1.0305972221776372
19,2020-01-01T19:00:00+00:00,distributed_committable,27,202_CT_2,202,false,false,0,0,0,0,0,0,0,10,1.05,1.05,1.0305972221776372
19,2020-01-01T19:00:00+00:00,distributed_committable,28,202_STEAM_3,202,true,true,60.666666663999997,68.972020747943276,8.3053540839432785,30,76,-14.575107213176071,-25,30,1.05,1.0305972221776372,1.0305972221776372
19,2020-01-01T19:00:00+00:00,distributed_committable,29,202_STEAM_4,202,true,true,60.666666663999997,68.972020747943276,8.3053540839432785,30,76,-14.575107213176071,-25,30,1.05,1.0305972221776372,1.0305972221776372
19,2020-01-01T19:00:00+00:00,distributed_committable,30,207_CT_1,207,false,false,0,0,0,0,0,0,-15,19,0.96989999999999998,0.96989999999999998,0.95498827883765913
19,2020-01-01T19:00:00+00:00,distributed_committable,31,207_CT_2,207,false,false,0,0,0,0,0,0,-15,19,0.96989999999999998,0.96989999999999998,0.95498827883765913
19,2020-01-01T19:00:00+00:00,distributed_committable,32,213_CC_3,213,false,false,0,0,0,0,0,0,-25,150,1.05,1.05,1.0131413602305597
19,2020-01-01T19:00:00+00:00,distributed_committable,33,213_CT_1,213,false,false,0,0,0,0,0,0,-15,19,1.05,1.05,1.0131413602305597
19,2020-01-01T19:00:00+00:00,distributed_committable,34,213_CT_2,213,false,false,0,0,0,0,0,0,-15,19,1.05,1.05,1.0131413602305597
19,2020-01-01T19:00:00+00:00,distributed_committable,35,215_CT_4,215,false,false,0,0,0,0,0,0,-15,19,1.0437000000000001,1.0437000000000001,1.012925592492792
19,2020-01-01T19:00:00+00:00,distributed_committable,36,215_CT_5,215,false,false,0,0,0,0,0,0,-15,19,1.0437000000000001,1.0437000000000001,1.012925592492792
19,2020-01-01T19:00:00+00:00,distributed_committable,37,216_STEAM_1,216,true,true,124,132.00810814672289,8.0081081467228898,62,155,27.843611483646434,-50,80,1.0472999999999999,1.0199424358501563,1.0199424358501563
19,2020-01-01T19:00:00+00:00,distributed_committable,38,218_CC_1,218,false,false,0,0,0,0,0,0,-25,150,1.05,1.05,1.0147867903456802
19,2020-01-01T19:00:00+00:00,distributed_committable,39,221_CC_1,221,true,true,231.6666668,239.59514865362939,7.9284818536293926,170,355,-2.3394741877882801,-25,150,1.05,1.0182995346264887,1.0182995346264887
19,2020-01-01T19:00:00+00:00,distributed_committable,40,223_STEAM_1,223,true,true,155,154.99999925523394,-7.4476605504969484e-07,62,155,4.5243690328033699,-50,80,1.05,1.0447891218716552,1.0447891218716552
19,2020-01-01T19:00:00+00:00,distributed_committable,41,223_STEAM_2,223,true,true,155,154.99999925523394,-7.4476605504969484e-07,62,155,4.5243690328033699,-50,80,1.05,1.0447891218716552,1.0447891218716552
19,2020-01-01T19:00:00+00:00,distributed_committable,42,223_STEAM_3,223,true,true,280,287.95588348320729,7.9558834832072876,140,350,44.07421537564931,-25,150,1.05,1.0447891218716552,1.0447891218716552
19,2020-01-01T19:00:00+00:00,distributed_committable,43,223_CT_4,223,false,false,0,0,0,0,0,0,-15,19,1.05,1.05,1.0447891218716552
19,2020-01-01T19:00:00+00:00,distributed_committable,44,223_CT_5,223,false,false,0,0,0,0,0,0,-15,19,1.05,1.05,1.0447891218716552
19,2020-01-01T19:00:00+00:00,distributed_committable,45,223_CT_6,223,false,false,0,0,0,0,0,0,-15,19,1.05,1.05,1.0447891218716552
19,2020-01-01T19:00:00+00:00,distributed_committable,46,301_CT_1,301,false,false,0,0,0,0,0,0,0,10,1.05,1.05,1.0184964486166936
19,2020-01-01T19:00:00+00:00,distributed_committable,47,301_CT_2,301,false,false,0,0,0,0,0,0,0,10,1.05,1.05,1.0184964486166936
19,2020-01-01T19:00:00+00:00,distributed_committable,48,301_CT_3,301,false,false,0,0,0,0,0,0,-15,19,1.05,1.05,1.0184964486166936
19,2020-01-01T19:00:00+00:00,distributed_committable,49,301_CT_4,301,false,false,0,0,0,0,0,0,-15,19,1.05,1.05,1.0184964486166936
19,2020-01-01T19:00:00+00:00,distributed_committable,50,302_CT_1,302,false,false,0,0,0,0,0,0,0,10,1.05,1.05,1.0189040303078372
19,2020-01-01T19:00:00+00:00,distributed_committable,51,302_CT_2,302,false,false,0,0,0,0,0,0,0,10,1.05,1.05,1.0189040303078372
19,2020-01-01T19:00:00+00:00,distributed_committable,52,302_CT_3,302,false,false,0,0,0,0,0,0,-15,19,1.05,1.05,1.0189040303078372
19,2020-01-01T19:00:00+00:00,distributed_committable,53,302_CT_4,302,false,false,0,0,0,0,0,0,-15,19,1.05,1.05,1.0189040303078372
19,2020-01-01T19:00:00+00:00,distributed_committable,54,307_CT_1,307,false,false,0,0,0,0,0,0,-15,19,0.95679999999999998,0.95679999999999998,0.97774786733856534
19,2020-01-01T19:00:00+00:00,distributed_committable,55,307_CT_2,307,true,true,22,31.538031745334759,9.5380317453347594,22,55,18.999931384309448,-15,19,0.95679999999999998,0.97774786733856534,0.97774786733856534
19,2020-01-01T19:00:00+00:00,distributed_committable,56,313_CC_1,313,true,true,231.6666668,240.26538826289371,8.5987214628937068,170,355,81.168425076669664,-25,150,1.0349999999999999,1.0310643189624651,1.0310643189624651
19,2020-01-01T19:00:00+00:00,distributed_committable,57,315_STEAM_1,315,false,false,0,0,0,0,0,0,0,6,1.0422,1.0422,1.0319824701001119
19,2020-01-01T19:00:00+00:00,distributed_committable,58,315_STEAM_2,315,false,false,0,0,0,0,0,0,0,6,1.0422,1.0422,1.0319824701001119
19,2020-01-01T19:00:00+00:00,distributed_committable,59,315_STEAM_3,315,false,false,0,0,0,0,0,0,0,6,1.0422,1.0422,1.0319824701001119
19,2020-01-01T19:00:00+00:00,distributed_committable,60,315_STEAM_4,315,false,false,0,0,0,0,0,0,0,6,1.0422,1.0422,1.0319824701001119
19,2020-01-01T19:00:00+00:00,distributed_committable,61,315_STEAM_5,315,false,false,0,0,0,0,0,0,0,6,1.0422,1.0422,1.0319824701001119
19,2020-01-01T19:00:00+00:00,distributed_committable,62,315_CT_6,315,false,false,0,0,0,0,0,0,-15,19,1.0422,1.0422,1.0319824701001119
19,2020-01-01T19:00:00+00:00,distributed_committable,63,315_CT_7,315,false,false,0,0,0,0,0,0,-15,19,1.0422,1.0422,1.0319824701001119
19,2020-01-01T19:00:00+00:00,distributed_committable,64,315_CT_8,315,false,false,0,0,0,0,0,0,0,60,1.0422,1.0422,1.0319824701001119
19,2020-01-01T19:00:00+00:00,distributed_committable,65,316_STEAM_1,316,true,true,124,132.24926057787243,8.2492605778724339,62,155,79.999859747639903,-50,80,1.0448999999999999,1.0372464298229842,1.0372464298229842
19,2020-01-01T19:00:00+00:00,distributed_committable,66,318_CC_1,318,false,false,0,0,0,0,0,0,-25,150,1.05,1.05,1.0452292566737416
19,2020-01-01T19:00:00+00:00,distributed_committable,67,321_CC_1,321,true,true,231.6666668,239.74525282089752,8.078586020897518,170,355,81.070875389916367,-25,150,1.05,1.049999970503749,1.049999970503749
19,2020-01-01T19:00:00+00:00,distributed_committable,68,322_CT_5,322,false,false,0,0,0,0,0,0,-15,19,1.05,1.05,1.0499999208397743
19,2020-01-01T19:00:00+00:00,distributed_committable,69,322_CT_6,322,false,false,0,0,0,0,0,0,-15,19,1.05,1.05,1.0499999208397743
19,2020-01-01T19:00:00+00:00,distributed_committable,70,323_CC_1,323,false,false,0,0,0,0,0,0,-25,150,1.05,1.05,1.0198135156981047
19,2020-01-01T19:00:00+00:00,distributed_committable,71,323_CC_2,323,false,false,0,0,0,0,0,0,-25,150,1.05,1.05,1.0198135156981047
19,2020-01-01T19:00:00+00:00,distributed_committable,72,114_SYNC_COND_1,114,true,false,0,0,0,0,0,-49.99988945790524,-50,200,1.0441,0.99705146483788232,0.99705146483788232
19,2020-01-01T19:00:00+00:00,distributed_committable,73,121_NUCLEAR_1,121,true,true,400,399.99999922571561,-7.7428438771676156e-07,396,400,181.79724383223061,-50,200,1.05,1.048007524147009,1.048007524147009
19,2020-01-01T19:00:00+00:00,distributed_committable,74,122_HYDRO_1,122,true,false,4.2000000000000002,4.2000000000000002,0,4.2000000000000002,4.2000000000000002,-4.0743270900742772,-10,16,1.05,1.0499999468433139,1.0499999468433139
19,2020-01-01T19:00:00+00:00,distributed_committable,75,122_HYDRO_2,122,true,false,4.2000000000000002,4.2000000000000002,0,4.2000000000000002,4.2000000000000002,-4.0743270900742772,-10,16,1.05,1.0499999468433139,1.0499999468433139
19,2020-01-01T19:00:00+00:00,distributed_committable,76,122_HYDRO_3,122,true,false,4.2000000000000002,4.2000000000000002,0,4.2000000000000002,4.2000000000000002,-4.0743270900742772,-10,16,1.05,1.0499999468433139,1.0499999468433139
19,2020-01-01T19:00:00+00:00,distributed_committable,77,122_HYDRO_4,122,true,false,4.2000000000000002,4.2000000000000002,0,4.2000000000000002,4.2000000000000002,-4.0743270900742772,-10,16,1.05,1.0499999468433139,1.0499999468433139
19,2020-01-01T19:00:00+00:00,distributed_committable,78,122_HYDRO_5,122,true,false,4.2000000000000002,4.2000000000000002,0,4.2000000000000002,4.2000000000000002,-4.0743270900742772,-10,16,1.05,1.0499999468433139,1.0499999468433139
19,2020-01-01T19:00:00+00:00,distributed_committable,79,122_HYDRO_6,122,true,false,4.2000000000000002,4.2000000000000002,0,4.2000000000000002,4.2000000000000002,-4.0743270900742772,-10,16,1.05,1.0499999468433139,1.0499999468433139
19,2020-01-01T19:00:00+00:00,distributed_committable,80,201_HYDRO_4,201,true,false,9.5,9.5,0,9.5,9.5,-9.9949542728301761,-10,16,1.05,1.0297310340777701,1.0297310340777701
19,2020-01-01T19:00:00+00:00,distributed_committable,81,214_SYNC_COND_1,214,true,false,0,0,0,0,0,36.286374376618568,-50,200,1.05,1.0179176714663138,1.0179176714663138
19,2020-01-01T19:00:00+00:00,distributed_committable,82,215_HYDRO_1,215,true,false,9.5,9.5,0,9.5,9.5,-6.3489891404372907,-10,16,1.0437000000000001,1.012925592492792,1.012925592492792
19,2020-01-01T19:00:00+00:00,distributed_committable,83,215_HYDRO_2,215,true,false,9.5,9.5,0,9.5,9.5,-6.3489891404372907,-10,16,1.0437000000000001,1.012925592492792,1.012925592492792
19,2020-01-01T19:00:00+00:00,distributed_committable,84,215_HYDRO_3,215,true,false,9.5,9.5,0,9.5,9.5,-6.3489891404372907,-10,16,1.0437000000000001,1.012925592492792,1.012925592492792
19,2020-01-01T19:00:00+00:00,distributed_committable,85,222_HYDRO_1,222,true,false,9.5,9.5,0,9.5,9.5,-3.0437308227019835,-10,16,1.05,1.0210777626841296,1.0210777626841296
19,2020-01-01T19:00:00+00:00,distributed_committable,86,222_HYDRO_2,222,true,false,9.5,9.5,0,9.5,9.5,-3.0437308227019835,-10,16,1.05,1.0210777626841296,1.0210777626841296
19,2020-01-01T19:00:00+00:00,distributed_committable,87,222_HYDRO_3,222,true,false,9.5,9.5,0,9.5,9.5,-3.0437308227019835,-10,16,1.05,1.0210777626841296,1.0210777626841296
19,2020-01-01T19:00:00+00:00,distributed_committable,88,222_HYDRO_4,222,true,false,9.5,9.5,0,9.5,9.5,-3.0437308227019835,-10,16,1.05,1.0210777626841296,1.0210777626841296
19,2020-01-01T19:00:00+00:00,distributed_committable,89,222_HYDRO_5,222,true,false,9.5,9.5,0,9.5,9.5,-3.0437308227019835,-10,16,1.05,1.0210777626841296,1.0210777626841296
19,2020-01-01T19:00:00+00:00,distributed_committable,90,222_HYDRO_6,222,true,false,9.5,9.5,0,9.5,9.5,-3.0437308227019835,-10,16,1.05,1.0210777626841296,1.0210777626841296
19,2020-01-01T19:00:00+00:00,distributed_committable,91,314_SYNC_COND_1,314,true,false,0,0,0,0,0,119.4580776149419,-50,200,1.05,1.0470409165415422,1.0470409165415422
19,2020-01-01T19:00:00+00:00,distributed_committable,92,322_HYDRO_1,322,true,false,38.399999999999999,38.399999999999999,0,38.399999999999999,38.399999999999999,-8.3637475490634188,-10,16,1.05,1.0499999208397743,1.0499999208397743
19,2020-01-01T19:00:00+00:00,distributed_committable,93,322_HYDRO_2,322,true,false,38.399999999999999,38.399999999999999,0,38.399999999999999,38.399999999999999,-8.3637475490634188,-10,16,1.05,1.0499999208397743,1.0499999208397743
19,2020-01-01T19:00:00+00:00,distributed_committable,94,322_HYDRO_3,322,true,false,38.399999999999999,38.399999999999999,0,38.399999999999999,38.399999999999999,-8.3637475490634188,-10,16,1.05,1.0499999208397743,1.0499999208397743
19,2020-01-01T19:00:00+00:00,distributed_committable,95,322_HYDRO_4,322,true,false,38.399999999999999,38.399999999999999,0,38.399999999999999,38.399999999999999,-8.3637475490634188,-10,16,1.05,1.0499999208397743,1.0499999208397743
19,2020-01-01T19:00:00+00:00,distributed_committable,96,320_PV_1,320,true,false,0,0,0,0,0,0,0,0,1,1.0207670123828547,1.0207670123828547
19,2020-01-01T19:00:00+00:00,distributed_committable,97,314_PV_1,314,true,false,0,0,0,0,0,0,0,0,1.05,1.0470409165415422,1.0470409165415422
19,2020-01-01T19:00:00+00:00,distributed_committable,98,314_PV_2,314,true,false,0,0,0,0,0,0,0,0,1.05,1.0470409165415422,1.0470409165415422
19,2020-01-01T19:00:00+00:00,distributed_committable,99,313_PV_1,313,true,false,0,0,0,0,0,0,0,0,1.0349999999999999,1.0310643189624651,1.0310643189624651
19,2020-01-01T19:00:00+00:00,distributed_committable,100,314_PV_3,314,true,false,0,0,0,0,0,0,0,0,1.05,1.0470409165415422,1.0470409165415422
19,2020-01-01T19:00:00+00:00,distributed_committable,101,314_PV_4,314,true,false,0,0,0,0,0,0,0,0,1.05,1.0470409165415422,1.0470409165415422
19,2020-01-01T19:00:00+00:00,distributed_committable,102,313_PV_2,313,true,false,0,0,0,0,0,0,0,0,1.0349999999999999,1.0310643189624651,1.0310643189624651
19,2020-01-01T19:00:00+00:00,distributed_committable,103,310_PV_1,310,true,false,0,0,0,0,0,0,0,0,1,1.0499999863570431,1.0499999863570431
19,2020-01-01T19:00:00+00:00,distributed_committable,104,324_PV_1,324,true,false,0,0,0,0,0,0,0,0,1,1.0112624691841499,1.0112624691841499
19,2020-01-01T19:00:00+00:00,distributed_committable,105,312_PV_1,312,true,false,0,0,0,0,0,0,0,0,1,1.0138139850939283,1.0138139850939283
19,2020-01-01T19:00:00+00:00,distributed_committable,106,310_PV_2,310,true,false,0,0,0,0,0,0,0,0,1,1.0499999863570431,1.0499999863570431
19,2020-01-01T19:00:00+00:00,distributed_committable,107,324_PV_2,324,true,false,0,0,0,0,0,0,0,0,1,1.0112624691841499,1.0112624691841499
19,2020-01-01T19:00:00+00:00,distributed_committable,108,324_PV_3,324,true,false,0,0,0,0,0,0,0,0,1,1.0112624691841499,1.0112624691841499
19,2020-01-01T19:00:00+00:00,distributed_committable,109,113_PV_1,113,true,false,0,0,0,0,0,0,0,0,1,1.0100682314589546,1.0100682314589546
19,2020-01-01T19:00:00+00:00,distributed_committable,110,319_PV_1,319,true,false,0,0,0,0,0,0,0,0,1,1.0251695878967473,1.0251695878967473
19,2020-01-01T19:00:00+00:00,distributed_committable,111,215_PV_1,215,true,false,0,0,0,0,0,0,0,0,1.0437000000000001,1.012925592492792,1.012925592492792
19,2020-01-01T19:00:00+00:00,distributed_committable,112,102_PV_1,102,true,false,0,0,0,0,0,0,0,0,1.0467,1.0216512930238788,1.0216512930238788
19,2020-01-01T19:00:00+00:00,distributed_committable,113,101_PV_1,101,true,false,0,0,0,0,0,0,0,0,1.0468,1.0217309041193903,1.0217309041193903
19,2020-01-01T19:00:00+00:00,distributed_committable,114,102_PV_2,102,true,false,0,0,0,0,0,0,0,0,1.0467,1.0216512930238788,1.0216512930238788
19,2020-01-01T19:00:00+00:00,distributed_committable,115,104_PV_1,104,true,false,0,0,0,0,0,0,0,0,1,1.0160664787958511,1.0160664787958511
19,2020-01-01T19:00:00+00:00,distributed_committable,116,212_CSP_1,212,false,false,0,0,0,0,0,0,0,0,1,1,1.0143876127705718
19,2020-01-01T19:00:00+00:00,distributed_committable,117,101_PV_2,101,true,false,0,0,0,0,0,0,0,0,1.0468,1.0217309041193903,1.0217309041193903
19,2020-01-01T19:00:00+00:00,distributed_committable,118,101_PV_3,101,true,false,0,0,0,0,0,0,0,0,1.0468,1.0217309041193903,1.0217309041193903
19,2020-01-01T19:00:00+00:00,distributed_committable,119,101_PV_4,101,true,false,0,0,0,0,0,0,0,0,1.0468,1.0217309041193903,1.0217309041193903
19,2020-01-01T19:00:00+00:00,distributed_committable,120,103_PV_1,103,true,false,0,0,0,0,0,0,0,0,1,1.0204657573772296,1.0204657573772296
19,2020-01-01T19:00:00+00:00,distributed_committable,121,119_PV_1,119,true,false,0,0,0,0,0,0,0,0,1,1.0164572045112299,1.0164572045112299
19,2020-01-01T19:00:00+00:00,distributed_committable,122,308_RTPV_1,308,true,false,0,0,0,0,0,0,0,0,1,0.98342559908473126,0.98342559908473126
19,2020-01-01T19:00:00+00:00,distributed_committable,123,313_RTPV_1,313,true,false,0,0,0,0,0,0,0,0,1.0349999999999999,1.0310643189624651,1.0310643189624651
19,2020-01-01T19:00:00+00:00,distributed_committable,124,313_RTPV_2,313,true,false,0,0,0,0,0,0,0,0,1.0349999999999999,1.0310643189624651,1.0310643189624651
19,2020-01-01T19:00:00+00:00,distributed_committable,125,313_RTPV_3,313,true,false,0,0,0,0,0,0,0,0,1.0349999999999999,1.0310643189624651,1.0310643189624651
19,2020-01-01T19:00:00+00:00,distributed_committable,126,313_RTPV_4,313,true,false,0,0,0,0,0,0,0,0,1.0349999999999999,1.0310643189624651,1.0310643189624651
19,2020-01-01T19:00:00+00:00,distributed_committable,127,313_RTPV_5,313,true,false,0,0,0,0,0,0,0,0,1.0349999999999999,1.0310643189624651,1.0310643189624651
19,2020-01-01T19:00:00+00:00,distributed_committable,128,313_RTPV_6,313,true,false,0,0,0,0,0,0,0,0,1.0349999999999999,1.0310643189624651,1.0310643189624651
19,2020-01-01T19:00:00+00:00,distributed_committable,129,313_RTPV_7,313,true,false,0,0,0,0,0,0,0,0,1.0349999999999999,1.0310643189624651,1.0310643189624651
19,2020-01-01T19:00:00+00:00,distributed_committable,130,313_RTPV_8,313,true,false,0,0,0,0,0,0,0,0,1.0349999999999999,1.0310643189624651,1.0310643189624651
19,2020-01-01T19:00:00+00:00,distributed_committable,131,313_RTPV_9,313,true,false,0,0,0,0,0,0,0,0,1.0349999999999999,1.0310643189624651,1.0310643189624651
19,2020-01-01T19:00:00+00:00,distributed_committable,132,313_RTPV_10,313,true,false,0,0,0,0,0,0,0,0,1.0349999999999999,1.0310643189624651,1.0310643189624651
19,2020-01-01T19:00:00+00:00,distributed_committable,133,313_RTPV_11,313,true,false,0,0,0,0,0,0,0,0,1.0349999999999999,1.0310643189624651,1.0310643189624651
19,2020-01-01T19:00:00+00:00,distributed_committable,134,313_RTPV_12,313,true,false,0,0,0,0,0,0,0,0,1.0349999999999999,1.0310643189624651,1.0310643189624651
19,2020-01-01T19:00:00+00:00,distributed_committable,135,320_RTPV_1,320,true,false,0,0,0,0,0,0,0,0,1,1.0207670123828547,1.0207670123828547
19,2020-01-01T19:00:00+00:00,distributed_committable,136,320_RTPV_2,320,true,false,0,0,0,0,0,0,0,0,1,1.0207670123828547,1.0207670123828547
19,2020-01-01T19:00:00+00:00,distributed_committable,137,320_RTPV_3,320,true,false,0,0,0,0,0,0,0,0,1,1.0207670123828547,1.0207670123828547
19,2020-01-01T19:00:00+00:00,distributed_committable,138,313_RTPV_13,313,true,false,0,0,0,0,0,0,0,0,1.0349999999999999,1.0310643189624651,1.0310643189624651
19,2020-01-01T19:00:00+00:00,distributed_committable,139,320_RTPV_4,320,true,false,0,0,0,0,0,0,0,0,1,1.0207670123828547,1.0207670123828547
19,2020-01-01T19:00:00+00:00,distributed_committable,140,320_RTPV_5,320,true,false,0,0,0,0,0,0,0,0,1,1.0207670123828547,1.0207670123828547
19,2020-01-01T19:00:00+00:00,distributed_committable,141,118_RTPV_1,118,true,false,0,0,0,0,0,0,0,0,1,1.0388621063617027,1.0388621063617027
19,2020-01-01T19:00:00+00:00,distributed_committable,142,118_RTPV_2,118,true,false,0,0,0,0,0,0,0,0,1,1.0388621063617027,1.0388621063617027
19,2020-01-01T19:00:00+00:00,distributed_committable,143,118_RTPV_3,118,true,false,0,0,0,0,0,0,0,0,1,1.0388621063617027,1.0388621063617027
19,2020-01-01T19:00:00+00:00,distributed_committable,144,118_RTPV_4,118,true,false,0,0,0,0,0,0,0,0,1,1.0388621063617027,1.0388621063617027
19,2020-01-01T19:00:00+00:00,distributed_committable,145,118_RTPV_5,118,true,false,0,0,0,0,0,0,0,0,1,1.0388621063617027,1.0388621063617027
19,2020-01-01T19:00:00+00:00,distributed_committable,146,118_RTPV_6,118,true,false,0,0,0,0,0,0,0,0,1,1.0388621063617027,1.0388621063617027
19,2020-01-01T19:00:00+00:00,distributed_committable,147,320_RTPV_6,320,true,false,0,0,0,0,0,0,0,0,1,1.0207670123828547,1.0207670123828547
19,2020-01-01T19:00:00+00:00,distributed_committable,148,118_RTPV_7,118,true,false,0,0,0,0,0,0,0,0,1,1.0388621063617027,1.0388621063617027
19,2020-01-01T19:00:00+00:00,distributed_committable,149,118_RTPV_8,118,true,false,0,0,0,0,0,0,0,0,1,1.0388621063617027,1.0388621063617027
19,2020-01-01T19:00:00+00:00,distributed_committable,150,118_RTPV_9,118,true,false,0,0,0,0,0,0,0,0,1,1.0388621063617027,1.0388621063617027
19,2020-01-01T19:00:00+00:00,distributed_committable,151,118_RTPV_10,118,true,false,0,0,0,0,0,0,0,0,1,1.0388621063617027,1.0388621063617027
19,2020-01-01T19:00:00+00:00,distributed_committable,152,213_RTPV_1,213,true,false,0,0,0,0,0,0,0,0,1,1.0131413602305597,1.0131413602305597
19,2020-01-01T19:00:00+00:00,distributed_committable,153,309_WIND_1,309,true,false,24,24,0,24,24,0,0,0,1,1.0253043459583366,1.0253043459583366
19,2020-01-01T19:00:00+00:00,distributed_committable,154,317_WIND_1,317,true,false,568.39999999999998,568.39999999999998,0,568.39999999999998,568.39999999999998,0,0,0,1,1.0477917696002519,1.0477917696002519
19,2020-01-01T19:00:00+00:00,distributed_committable,155,303_WIND_1,303,true,false,81.099999999999994,81.099999999999994,0,81.099999999999994,81.099999999999994,0,0,0,1,1.0210971773132238,1.0210971773132238
19,2020-01-01T19:00:00+00:00,distributed_committable,156,122_WIND_1,122,true,false,345.60000000000002,345.60000000000002,0,345.60000000000002,345.60000000000002,0,0,0,1.05,1.0499999468433139,1.0499999468433139
19,2020-01-01T19:00:00+00:00,distributed_committable,157,313_STORAGE_1,313,false,false,0,0,0,0,0,0,0,0,1,1,1.0310643189624651
20,2020-01-01T20:00:00+00:00,distributed_committable,0,101_CT_1,101,false,false,0,0,0,0,0,0,0,10,1.0468,1.0468,1.0228323985021175
20,2020-01-01T20:00:00+00:00,distributed_committable,1,101_CT_2,101,false,false,0,0,0,0,0,0,0,10,1.0468,1.0468,1.0228323985021175
20,2020-01-01T20:00:00+00:00,distributed_committable,2,101_STEAM_3,101,true,true,76,75.999999770813432,-2.2918656839010509e-07,30,76,-24.998850395044133,-25,30,1.0468,1.0228323985021175,1.0228323985021175
20,2020-01-01T20:00:00+00:00,distributed_committable,3,101_STEAM_4,101,true,true,76,75.999999770813432,-2.2918656839010509e-07,30,76,-24.998850395044133,-25,30,1.0468,1.0228323985021175,1.0228323985021175
20,2020-01-01T20:00:00+00:00,distributed_committable,4,102_CT_1,102,false,false,0,0,0,0,0,0,0,10,1.0467,1.0467,1.022713091651277
20,2020-01-01T20:00:00+00:00,distributed_committable,5,102_CT_2,102,false,false,0,0,0,0,0,0,0,10,1.0467,1.0467,1.022713091651277
20,2020-01-01T20:00:00+00:00,distributed_committable,6,102_STEAM_3,102,true,true,76,75.999999770811684,-2.2918831632523506e-07,30,76,-24.998685952516691,-25,30,1.0467,1.022713091651277,1.022713091651277
20,2020-01-01T20:00:00+00:00,distributed_committable,7,102_STEAM_4,102,true,true,76,75.999999770811684,-2.2918831632523506e-07,30,76,-24.998685952516691,-25,30,1.0467,1.022713091651277,1.022713091651277
20,2020-01-01T20:00:00+00:00,distributed_committable,8,107_CC_1,107,true,true,170,177.62711421614517,7.6271142161451735,170,355,-3.9989765988775363,-25,150,1.05,1.0254899370483903,1.0254899370483903
20,2020-01-01T20:00:00+00:00,distributed_committable,9,113_CT_1,113,false,false,0,0,0,0,0,0,-15,19,1.0347,1.0347,1.0114730295200942
20,2020-01-01T20:00:00+00:00,distributed_committable,10,113_CT_2,113,false,false,0,0,0,0,0,0,-15,19,1.0347,1.0347,1.0114730295200942
20,2020-01-01T20:00:00+00:00,distributed_committable,11,113_CT_3,113,false,false,0,0,0,0,0,0,-15,19,1.0347,1.0347,1.0114730295200942
20,2020-01-01T20:00:00+00:00,distributed_committable,12,113_CT_4,113,false,false,0,0,0,0,0,0,-15,19,1.0347,1.0347,1.0114730295200942
20,2020-01-01T20:00:00+00:00,distributed_committable,13,115_STEAM_1,115,false,false,0,0,0,0,0,0,0,6,1.0427999999999999,1.0427999999999999,1.0276804739048224
20,2020-01-01T20:00:00+00:00,distributed_committable,14,115_STEAM_2,115,false,false,0,0,0,0,0,0,0,6,1.0427999999999999,1.0427999999999999,1.0276804739048224
20,2020-01-01T20:00:00+00:00,distributed_committable,15,115_STEAM_3,115,true,true,124,131.57532048733594,7.5753204873359437,62,155,14.51392511261435,-50,80,1.0427999999999999,1.0276804739048224,1.0276804739048224
20,2020-01-01T20:00:00+00:00,distributed_committable,16,116_STEAM_1,116,false,false,0,0,0,0,0,0,-50,80,1.0461,1.0461,1.0201238797320813
20,2020-01-01T20:00:00+00:00,distributed_committable,17,118_CC_1,118,false,false,0,0,0,0,0,0,-25,150,1.05,1.05,1.0351004219453976
20,2020-01-01T20:00:00+00:00,distributed_committable,18,123_STEAM_2,123,true,true,124,131.7240799727611,7.7240799727611034,62,155,-49.99994313182615,-50,80,1.05,1.0126421000875394,1.0126421000875394
20,2020-01-01T20:00:00+00:00,distributed_committable,19,123_STEAM_3,123,false,false,0,0,0,0,0,0,-25,150,1.05,1.05,1.0126421000875394
20,2020-01-01T20:00:00+00:00,distributed_committable,20,123_CT_1,123,false,false,0,0,0,0,0,0,-15,19,1.05,1.05,1.0126421000875394
20,2020-01-01T20:00:00+00:00,distributed_committable,21,123_CT_4,123,false,false,0,0,0,0,0,0,-15,19,1.05,1.05,1.0126421000875394
20,2020-01-01T20:00:00+00:00,distributed_committable,22,123_CT_5,123,false,false,0,0,0,0,0,0,-15,19,1.05,1.05,1.0126421000875394
20,2020-01-01T20:00:00+00:00,distributed_committable,23,201_CT_1,201,false,false,0,0,0,0,0,0,0,10,1.05,1.05,1.0296935635224911
20,2020-01-01T20:00:00+00:00,distributed_committable,24,201_CT_2,201,false,false,0,0,0,0,0,0,0,10,1.05,1.05,1.0296935635224911
20,2020-01-01T20:00:00+00:00,distributed_committable,25,201_STEAM_3,201,false,false,0,0,0,0,0,0,-25,30,1.05,1.05,1.0296935635224911
20,2020-01-01T20:00:00+00:00,distributed_committable,26,202_CT_1,202,false,false,0,0,0,0,0,0,0,10,1.05,1.05,1.0303527887276693
20,2020-01-01T20:00:00+00:00,distributed_committable,27,202_CT_2,202,false,false,0,0,0,0,0,0,0,10,1.05,1.05,1.0303527887276693
20,2020-01-01T20:00:00+00:00,distributed_committable,28,202_STEAM_3,202,true,true,60.666666663999997,68.811773066433489,8.1451064024334912,30,76,-15.993711835383145,-25,30,1.05,1.0303527887276693,1.0303527887276693
20,2020-01-01T20:00:00+00:00,distributed_committable,29,202_STEAM_4,202,true,true,60.666666663999997,68.811773066433489,8.1451064024334912,30,76,-15.993711835383145,-25,30,1.05,1.0303527887276693,1.0303527887276693
20,2020-01-01T20:00:00+00:00,distributed_committable,30,207_CT_1,207,false,false,0,0,0,0,0,0,-15,19,0.96989999999999998,0.96989999999999998,0.95798591333688565
20,2020-01-01T20:00:00+00:00,distributed_committable,31,207_CT_2,207,false,false,0,0,0,0,0,0,-15,19,0.96989999999999998,0.96989999999999998,0.95798591333688565
20,2020-01-01T20:00:00+00:00,distributed_committable,32,213_CC_3,213,false,false,0,0,0,0,0,0,-25,150,1.05,1.05,1.0117239616605016
20,2020-01-01T20:00:00+00:00,distributed_committable,33,213_CT_1,213,false,false,0,0,0,0,0,0,-15,19,1.05,1.05,1.0117239616605016
20,2020-01-01T20:00:00+00:00,distributed_committable,34,213_CT_2,213,false,false,0,0,0,0,0,0,-15,19,1.05,1.05,1.0117239616605016
20,2020-01-01T20:00:00+00:00,distributed_committable,35,215_CT_4,215,false,false,0,0,0,0,0,0,-15,19,1.0437000000000001,1.0437000000000001,1.0091965683281918
20,2020-01-01T20:00:00+00:00,distributed_committable,36,215_CT_5,215,false,false,0,0,0,0,0,0,-15,19,1.0437000000000001,1.0437000000000001,1.0091965683281918
20,2020-01-01T20:00:00+00:00,distributed_committable,37,216_STEAM_1,216,true,true,124,131.89694599372729,7.8969459937272859,62,155,15.467855966992738,-50,80,1.0472999999999999,1.0160307078535857,1.0160307078535857
20,2020-01-01T20:00:00+00:00,distributed_committable,38,218_CC_1,218,false,false,0,0,0,0,0,0,-25,150,1.05,1.05,1.0105281445421732
20,2020-01-01T20:00:00+00:00,distributed_committable,39,221_CC_1,221,true,true,198.05247607199999,205.89925844218891,7.8467823701889188,170,355,-12.71570127143716,-25,150,1.05,1.0130840401007233,1.0130840401007233
20,2020-01-01T20:00:00+00:00,distributed_committable,40,223_STEAM_1,223,true,true,155,154.99999978167901,-2.1832099150742579e-07,62,155,9.1635494685784735,-50,80,1.05,1.0450420055954632,1.0450420055954632
20,2020-01-01T20:00:00+00:00,distributed_committable,41,223_STEAM_2,223,true,true,155,154.99999978167901,-2.1832099150742579e-07,62,155,9.1635494685784735,-50,80,1.05,1.0450420055954632,1.0450420055954632
20,2020-01-01T20:00:00+00:00,distributed_committable,42,223_STEAM_3,223,true,true,280,287.76576041113418,7.7657604111341811,140,350,52.481185752976685,-25,150,1.05,1.0450420055954632,1.0450420055954632
20,2020-01-01T20:00:00+00:00,distributed_committable,43,223_CT_4,223,false,false,0,0,0,0,0,0,-15,19,1.05,1.05,1.0450420055954632
20,2020-01-01T20:00:00+00:00,distributed_committable,44,223_CT_5,223,false,false,0,0,0,0,0,0,-15,19,1.05,1.05,1.0450420055954632
20,2020-01-01T20:00:00+00:00,distributed_committable,45,223_CT_6,223,false,false,0,0,0,0,0,0,-15,19,1.05,1.05,1.0450420055954632
20,2020-01-01T20:00:00+00:00,distributed_committable,46,301_CT_1,301,false,false,0,0,0,0,0,0,0,10,1.05,1.05,1.023320720513526
20,2020-01-01T20:00:00+00:00,distributed_committable,47,301_CT_2,301,false,false,0,0,0,0,0,0,0,10,1.05,1.05,1.023320720513526
20,2020-01-01T20:00:00+00:00,distributed_committable,48,301_CT_3,301,false,false,0,0,0,0,0,0,-15,19,1.05,1.05,1.023320720513526
20,2020-01-01T20:00:00+00:00,distributed_committable,49,301_CT_4,301,false,false,0,0,0,0,0,0,-15,19,1.05,1.05,1.023320720513526
20,2020-01-01T20:00:00+00:00,distributed_committable,50,302_CT_1,302,false,false,0,0,0,0,0,0,0,10,1.05,1.05,1.0236126595450434
20,2020-01-01T20:00:00+00:00,distributed_committable,51,302_CT_2,302,false,false,0,0,0,0,0,0,0,10,1.05,1.05,1.0236126595450434
20,2020-01-01T20:00:00+00:00,distributed_committable,52,302_CT_3,302,false,false,0,0,0,0,0,0,-15,19,1.05,1.05,1.0236126595450434
20,2020-01-01T20:00:00+00:00,distributed_committable,53,302_CT_4,302,false,false,0,0,0,0,0,0,-15,19,1.05,1.05,1.0236126595450434
20,2020-01-01T20:00:00+00:00,distributed_committable,54,307_CT_1,307,false,false,0,0,0,0,0,0,-15,19,0.95679999999999998,0.95679999999999998,0.98301659819073173
20,2020-01-01T20:00:00+00:00,distributed_committable,55,307_CT_2,307,true,true,22,30.976571852342659,8.9765718523426585,22,55,18.999965442252247,-15,19,0.95679999999999998,0.98301659819073173,0.98301659819073173
20,2020-01-01T20:00:00+00:00,distributed_committable,56,313_CC_1,313,true,true,231.6666668,239.81726941681214,8.1506026168121366,170,355,20.231081354805632,-25,150,1.0349999999999999,1.0183924531587676,1.0183924531587676
20,2020-01-01T20:00:00+00:00,distributed_committable,57,315_STEAM_1,315,false,false,0,0,0,0,0,0,0,6,1.0422,1.0422,1.0345485396269023
20,2020-01-01T20:00:00+00:00,distributed_committable,58,315_STEAM_2,315,false,false,0,0,0,0,0,0,0,6,1.0422,1.0422,1.0345485396269023
20,2020-01-01T20:00:00+00:00,distributed_committable,59,315_STEAM_3,315,false,false,0,0,0,0,0,0,0,6,1.0422,1.0422,1.0345485396269023
20,2020-01-01T20:00:00+00:00,distributed_committable,60,315_STEAM_4,315,false,false,0,0,0,0,0,0,0,6,1.0422,1.0422,1.0345485396269023
20,2020-01-01T20:00:00+00:00,distributed_committable,61,315_STEAM_5,315,false,false,0,0,0,0,0,0,0,6,1.0422,1.0422,1.0345485396269023
20,2020-01-01T20:00:00+00:00,distributed_committable,62,315_CT_6,315,false,false,0,0,0,0,0,0,-15,19,1.0422,1.0422,1.0345485396269023
20,2020-01-01T20:00:00+00:00,distributed_committable,63,315_CT_7,315,false,false,0,0,0,0,0,0,-15,19,1.0422,1.0422,1.0345485396269023
20,2020-01-01T20:00:00+00:00,distributed_committable,64,315_CT_8,315,false,false,0,0,0,0,0,0,0,60,1.0422,1.0422,1.0345485396269023
20,2020-01-01T20:00:00+00:00,distributed_committable,65,316_STEAM_1,316,true,true,124,131.84363420866794,7.843634208667936,62,155,79.999941358528645,-50,80,1.0448999999999999,1.0373107149643939,1.0373107149643939
20,2020-01-01T20:00:00+00:00,distributed_committable,66,318_CC_1,318,false,false,0,0,0,0,0,0,-25,150,1.05,1.05,1.0458530516613884
20,2020-01-01T20:00:00+00:00,distributed_committable,67,321_CC_1,321,true,true,231.6666668,239.35043773854198,7.6837709385419828,170,355,63.845979066772998,-25,150,1.05,1.0499999882667104,1.0499999882667104
20,2020-01-01T20:00:00+00:00,distributed_committable,68,322_CT_5,322,false,false,0,0,0,0,0,0,-15,19,1.05,1.05,1.0499999768010693
20,2020-01-01T20:00:00+00:00,distributed_committable,69,322_CT_6,322,false,false,0,0,0,0,0,0,-15,19,1.05,1.05,1.0499999768010693
20,2020-01-01T20:00:00+00:00,distributed_committable,70,323_CC_1,323,false,false,0,0,0,0,0,0,-25,150,1.05,1.05,1.0228993427513036
20,2020-01-01T20:00:00+00:00,distributed_committable,71,323_CC_2,323,false,false,0,0,0,0,0,0,-25,150,1.05,1.05,1.0228993427513036
20,2020-01-01T20:00:00+00:00,distributed_committable,72,114_SYNC_COND_1,114,true,false,0,0,0,0,0,-49.999952205527343,-50,200,1.0441,0.99597413973771665,0.99597413973771665
20,2020-01-01T20:00:00+00:00,distributed_committable,73,121_NUCLEAR_1,121,true,true,400,399.99999977354588,-2.2645411945632077e-07,396,400,130.15011272699002,-50,200,1.05,1.0439972792793912,1.0439972792793912
20,2020-01-01T20:00:00+00:00,distributed_committable,74,122_HYDRO_1,122,true,false,3.7999999999999998,3.7999999999999998,0,3.7999999999999998,3.7999999999999998,-2.1940309413420676,-10,16,1.05,1.0499999870744667,1.0499999870744667
20,2020-01-01T20:00:00+00:00,distributed_committable,75,122_HYDRO_2,122,true,false,3.7999999999999998,3.7999999999999998,0,3.7999999999999998,3.7999999999999998,-2.1940309413420676,-10,16,1.05,1.0499999870744667,1.0499999870744667
20,2020-01-01T20:00:00+00:00,distributed_committable,76,122_HYDRO_3,122,true,false,3.7999999999999998,3.7999999999999998,0,3.7999999999999998,3.7999999999999998,-2.1940309413420676,-10,16,1.05,1.0499999870744667,1.0499999870744667
20,2020-01-01T20:00:00+00:00,distributed_committable,77,122_HYDRO_4,122,true,false,3.7999999999999998,3.7999999999999998,0,3.7999999999999998,3.7999999999999998,-2.1940309413420676,-10,16,1.05,1.0499999870744667,1.0499999870744667
20,2020-01-01T20:00:00+00:00,distributed_committable,78,122_HYDRO_5,122,true,false,3.7999999999999998,3.7999999999999998,0,3.7999999999999998,3.7999999999999998,-2.1940309413420676,-10,16,1.05,1.0499999870744667,1.0499999870744667
20,2020-01-01T20:00:00+00:00,distributed_committable,79,122_HYDRO_6,122,true,false,3.7999999999999998,3.7999999999999998,0,3.7999999999999998,3.7999999999999998,-2.1940309413420671,-10,16,1.05,1.0499999870744667,1.0499999870744667
20,2020-01-01T20:00:00+00:00,distributed_committable,80,201_HYDRO_4,201,true,false,9.3000000000000007,9.3000000000000007,0,9.3000000000000007,9.3000000000000007,-9.9995864642912515,-10,16,1.05,1.0296935635224911,1.0296935635224911
20,2020-01-01T20:00:00+00:00,distributed_committable,81,214_SYNC_COND_1,214,true,false,0,0,0,0,0,28.120283876925111,-50,200,1.05,1.01403450526292,1.01403450526292
20,2020-01-01T20:00:00+00:00,distributed_committable,82,215_HYDRO_1,215,true,false,9.3000000000000007,9.3000000000000007,0,9.3000000000000007,9.3000000000000007,-7.8165194497104444,-10,16,1.0437000000000001,1.0091965683281918,1.0091965683281918
20,2020-01-01T20:00:00+00:00,distributed_committable,83,215_HYDRO_2,215,true,false,9.3000000000000007,9.3000000000000007,0,9.3000000000000007,9.3000000000000007,-7.8165194497104444,-10,16,1.0437000000000001,1.0091965683281918,1.0091965683281918
20,2020-01-01T20:00:00+00:00,distributed_committable,84,215_HYDRO_3,215,true,false,9.3000000000000007,9.3000000000000007,0,9.3000000000000007,9.3000000000000007,-7.8165194497104444,-10,16,1.0437000000000001,1.0091965683281918,1.0091965683281918
20,2020-01-01T20:00:00+00:00,distributed_committable,85,222_HYDRO_1,222,true,false,9.3000000000000007,9.3000000000000007,0,9.3000000000000007,9.3000000000000007,-3.3475164538437485,-10,16,1.05,1.0157129199942054,1.0157129199942054
20,2020-01-01T20:00:00+00:00,distributed_committable,86,222_HYDRO_2,222,true,false,9.3000000000000007,9.3000000000000007,0,9.3000000000000007,9.3000000000000007,-3.347516453843749,-10,16,1.05,1.0157129199942054,1.0157129199942054
20,2020-01-01T20:00:00+00:00,distributed_committable,87,222_HYDRO_3,222,true,false,9.3000000000000007,9.3000000000000007,0,9.3000000000000007,9.3000000000000007,-3.3475164538437485,-10,16,1.05,1.0157129199942054,1.0157129199942054
20,2020-01-01T20:00:00+00:00,distributed_committable,88,222_HYDRO_4,222,true,false,9.3000000000000007,9.3000000000000007,0,9.3000000000000007,9.3000000000000007,-3.3475164538437485,-10,16,1.05,1.0157129199942054,1.0157129199942054
20,2020-01-01T20:00:00+00:00,distributed_committable,89,222_HYDRO_5,222,true,false,9.3000000000000007,9.3000000000000007,0,9.3000000000000007,9.3000000000000007,-3.3475164538437485,-10,16,1.05,1.0157129199942054,1.0157129199942054
20,2020-01-01T20:00:00+00:00,distributed_committable,90,222_HYDRO_6,222,true,false,9.3000000000000007,9.3000000000000007,0,9.3000000000000007,9.3000000000000007,-3.3475164538437485,-10,16,1.05,1.0157129199942054,1.0157129199942054
20,2020-01-01T20:00:00+00:00,distributed_committable,91,314_SYNC_COND_1,314,true,false,0,0,0,0,0,76.329230294035995,-50,200,1.05,1.0345502504511475,1.0345502504511475
20,2020-01-01T20:00:00+00:00,distributed_committable,92,322_HYDRO_1,322,true,false,40.799999999999997,40.799999999999997,0,40.799999999999997,40.799999999999997,-8.7503807999259351,-10,16,1.05,1.0499999768010693,1.0499999768010693
20,2020-01-01T20:00:00+00:00,distributed_committable,93,322_HYDRO_2,322,true,false,40.799999999999997,40.799999999999997,0,40.799999999999997,40.799999999999997,-8.7503807999259351,-10,16,1.05,1.0499999768010693,1.0499999768010693
20,2020-01-01T20:00:00+00:00,distributed_committable,94,322_HYDRO_3,322,true,false,40.799999999999997,40.799999999999997,0,40.799999999999997,40.799999999999997,-8.7503807999259351,-10,16,1.05,1.0499999768010693,1.0499999768010693
20,2020-01-01T20:00:00+00:00,distributed_committable,95,322_HYDRO_4,322,true,false,40.799999999999997,40.799999999999997,0,40.799999999999997,40.799999999999997,-8.7503807999259351,-10,16,1.05,1.0499999768010693,1.0499999768010693
20,2020-01-01T20:00:00+00:00,distributed_committable,96,320_PV_1,320,true,false,0,0,0,0,0,0,0,0,1,1.0233902277353915,1.0233902277353915
20,2020-01-01T20:00:00+00:00,distributed_committable,97,314_PV_1,314,true,false,0,0,0,0,0,0,0,0,1.05,1.0345502504511475,1.0345502504511475
20,2020-01-01T20:00:00+00:00,distributed_committable,98,314_PV_2,314,true,false,0,0,0,0,0,0,0,0,1.05,1.0345502504511475,1.0345502504511475
20,2020-01-01T20:00:00+00:00,distributed_committable,99,313_PV_1,313,true,false,0,0,0,0,0,0,0,0,1.0349999999999999,1.0183924531587676,1.0183924531587676
20,2020-01-01T20:00:00+00:00,distributed_committable,100,314_PV_3,314,true,false,0,0,0,0,0,0,0,0,1.05,1.0345502504511475,1.0345502504511475
20,2020-01-01T20:00:00+00:00,distributed_committable,101,314_PV_4,314,true,false,0,0,0,0,0,0,0,0,1.05,1.0345502504511475,1.0345502504511475
20,2020-01-01T20:00:00+00:00,distributed_committable,102,313_PV_2,313,true,false,0,0,0,0,0,0,0,0,1.0349999999999999,1.0183924531587676,1.0183924531587676
20,2020-01-01T20:00:00+00:00,distributed_committable,103,310_PV_1,310,true,false,0,0,0,0,0,0,0,0,1,1.0499999955213137,1.0499999955213137
20,2020-01-01T20:00:00+00:00,distributed_committable,104,324_PV_1,324,true,false,0,0,0,0,0,0,0,0,1,1.0228081113756486,1.0228081113756486
20,2020-01-01T20:00:00+00:00,distributed_committable,105,312_PV_1,312,true,false,0,0,0,0,0,0,0,0,1,1.0119957644950432,1.0119957644950432
20,2020-01-01T20:00:00+00:00,distributed_committable,106,310_PV_2,310,true,false,0,0,0,0,0,0,0,0,1,1.0499999955213137,1.0499999955213137
20,2020-01-01T20:00:00+00:00,distributed_committable,107,324_PV_2,324,true,false,0,0,0,0,0,0,0,0,1,1.0228081113756486,1.0228081113756486
20,2020-01-01T20:00:00+00:00,distributed_committable,108,324_PV_3,324,true,false,0,0,0,0,0,0,0,0,1,1.0228081113756486,1.0228081113756486
20,2020-01-01T20:00:00+00:00,distributed_committable,109,113_PV_1,113,true,false,0,0,0,0,0,0,0,0,1,1.0114730295200942,1.0114730295200942
20,2020-01-01T20:00:00+00:00,distributed_committable,110,319_PV_1,319,true,false,0,0,0,0,0,0,0,0,1,1.0267007274274229,1.0267007274274229
20,2020-01-01T20:00:00+00:00,distributed_committable,111,215_PV_1,215,true,false,0,0,0,0,0,0,0,0,1.0437000000000001,1.0091965683281918,1.0091965683281918
20,2020-01-01T20:00:00+00:00,distributed_committable,112,102_PV_1,102,true,false,0,0,0,0,0,0,0,0,1.0467,1.022713091651277,1.022713091651277
20,2020-01-01T20:00:00+00:00,distributed_committable,113,101_PV_1,101,true,false,0,0,0,0,0,0,0,0,1.0468,1.0228323985021175,1.0228323985021175
20,2020-01-01T20:00:00+00:00,distributed_committable,114,102_PV_2,102,true,false,0,0,0,0,0,0,0,0,1.0467,1.022713091651277,1.022713091651277
20,2020-01-01T20:00:00+00:00,distributed_committable,115,104_PV_1,104,true,false,0,0,0,0,0,0,0,0,1,1.0165457897679322,1.0165457897679322
20,2020-01-01T20:00:00+00:00,distributed_committable,116,212_CSP_1,212,false,false,0,0,0,0,0,0,0,0,1,1,1.0131276969384257
20,2020-01-01T20:00:00+00:00,distributed_committable,117,101_PV_2,101,true,false,0,0,0,0,0,0,0,0,1.0468,1.0228323985021175,1.0228323985021175
20,2020-01-01T20:00:00+00:00,distributed_committable,118,101_PV_3,101,true,false,0,0,0,0,0,0,0,0,1.0468,1.0228323985021175,1.0228323985021175
20,2020-01-01T20:00:00+00:00,distributed_committable,119,101_PV_4,101,true,false,0,0,0,0,0,0,0,0,1.0468,1.0228323985021175,1.0228323985021175
20,2020-01-01T20:00:00+00:00,distributed_committable,120,103_PV_1,103,true,false,0,0,0,0,0,0,0,0,1,1.0218949926545859,1.0218949926545859
20,2020-01-01T20:00:00+00:00,distributed_committable,121,119_PV_1,119,true,false,0,0,0,0,0,0,0,0,1,1.0142089012701838,1.0142089012701838
20,2020-01-01T20:00:00+00:00,distributed_committable,122,308_RTPV_1,308,true,false,0,0,0,0,0,0,0,0,1,0.98766696317650293,0.98766696317650293
20,2020-01-01T20:00:00+00:00,distributed_committable,123,313_RTPV_1,313,true,false,0,0,0,0,0,0,0,0,1.0349999999999999,1.0183924531587676,1.0183924531587676
20,2020-01-01T20:00:00+00:00,distributed_committable,124,313_RTPV_2,313,true,false,0,0,0,0,0,0,0,0,1.0349999999999999,1.0183924531587676,1.0183924531587676
20,2020-01-01T20:00:00+00:00,distributed_committable,125,313_RTPV_3,313,true,false,0,0,0,0,0,0,0,0,1.0349999999999999,1.0183924531587676,1.0183924531587676
20,2020-01-01T20:00:00+00:00,distributed_committable,126,313_RTPV_4,313,true,false,0,0,0,0,0,0,0,0,1.0349999999999999,1.0183924531587676,1.0183924531587676
20,2020-01-01T20:00:00+00:00,distributed_committable,127,313_RTPV_5,313,true,false,0,0,0,0,0,0,0,0,1.0349999999999999,1.0183924531587676,1.0183924531587676
20,2020-01-01T20:00:00+00:00,distributed_committable,128,313_RTPV_6,313,true,false,0,0,0,0,0,0,0,0,1.0349999999999999,1.0183924531587676,1.0183924531587676
20,2020-01-01T20:00:00+00:00,distributed_committable,129,313_RTPV_7,313,true,false,0,0,0,0,0,0,0,0,1.0349999999999999,1.0183924531587676,1.0183924531587676
20,2020-01-01T20:00:00+00:00,distributed_committable,130,313_RTPV_8,313,true,false,0,0,0,0,0,0,0,0,1.0349999999999999,1.0183924531587676,1.0183924531587676
20,2020-01-01T20:00:00+00:00,distributed_committable,131,313_RTPV_9,313,true,false,0,0,0,0,0,0,0,0,1.0349999999999999,1.0183924531587676,1.0183924531587676
20,2020-01-01T20:00:00+00:00,distributed_committable,132,313_RTPV_10,313,true,false,0,0,0,0,0,0,0,0,1.0349999999999999,1.0183924531587676,1.0183924531587676
20,2020-01-01T20:00:00+00:00,distributed_committable,133,313_RTPV_11,313,true,false,0,0,0,0,0,0,0,0,1.0349999999999999,1.0183924531587676,1.0183924531587676
20,2020-01-01T20:00:00+00:00,distributed_committable,134,313_RTPV_12,313,true,false,0,0,0,0,0,0,0,0,1.0349999999999999,1.0183924531587676,1.0183924531587676
20,2020-01-01T20:00:00+00:00,distributed_committable,135,320_RTPV_1,320,true,false,0,0,0,0,0,0,0,0,1,1.0233902277353915,1.0233902277353915
20,2020-01-01T20:00:00+00:00,distributed_committable,136,320_RTPV_2,320,true,false,0,0,0,0,0,0,0,0,1,1.0233902277353915,1.0233902277353915
20,2020-01-01T20:00:00+00:00,distributed_committable,137,320_RTPV_3,320,true,false,0,0,0,0,0,0,0,0,1,1.0233902277353915,1.0233902277353915
20,2020-01-01T20:00:00+00:00,distributed_committable,138,313_RTPV_13,313,true,false,0,0,0,0,0,0,0,0,1.0349999999999999,1.0183924531587676,1.0183924531587676
20,2020-01-01T20:00:00+00:00,distributed_committable,139,320_RTPV_4,320,true,false,0,0,0,0,0,0,0,0,1,1.0233902277353915,1.0233902277353915
20,2020-01-01T20:00:00+00:00,distributed_committable,140,320_RTPV_5,320,true,false,0,0,0,0,0,0,0,0,1,1.0233902277353915,1.0233902277353915
20,2020-01-01T20:00:00+00:00,distributed_committable,141,118_RTPV_1,118,true,false,0,0,0,0,0,0,0,0,1,1.0351004219453976,1.0351004219453976
20,2020-01-01T20:00:00+00:00,distributed_committable,142,118_RTPV_2,118,true,false,0,0,0,0,0,0,0,0,1,1.0351004219453976,1.0351004219453976
20,2020-01-01T20:00:00+00:00,distributed_committable,143,118_RTPV_3,118,true,false,0,0,0,0,0,0,0,0,1,1.0351004219453976,1.0351004219453976
20,2020-01-01T20:00:00+00:00,distributed_committable,144,118_RTPV_4,118,true,false,0,0,0,0,0,0,0,0,1,1.0351004219453976,1.0351004219453976
20,2020-01-01T20:00:00+00:00,distributed_committable,145,118_RTPV_5,118,true,false,0,0,0,0,0,0,0,0,1,1.0351004219453976,1.0351004219453976
20,2020-01-01T20:00:00+00:00,distributed_committable,146,118_RTPV_6,118,true,false,0,0,0,0,0,0,0,0,1,1.0351004219453976,1.0351004219453976
20,2020-01-01T20:00:00+00:00,distributed_committable,147,320_RTPV_6,320,true,false,0,0,0,0,0,0,0,0,1,1.0233902277353915,1.0233902277353915
20,2020-01-01T20:00:00+00:00,distributed_committable,148,118_RTPV_7,118,true,false,0,0,0,0,0,0,0,0,1,1.0351004219453976,1.0351004219453976
20,2020-01-01T20:00:00+00:00,distributed_committable,149,118_RTPV_8,118,true,false,0,0,0,0,0,0,0,0,1,1.0351004219453976,1.0351004219453976
20,2020-01-01T20:00:00+00:00,distributed_committable,150,118_RTPV_9,118,true,false,0,0,0,0,0,0,0,0,1,1.0351004219453976,1.0351004219453976
20,2020-01-01T20:00:00+00:00,distributed_committable,151,118_RTPV_10,118,true,false,0,0,0,0,0,0,0,0,1,1.0351004219453976,1.0351004219453976
20,2020-01-01T20:00:00+00:00,distributed_committable,152,213_RTPV_1,213,true,false,0,0,0,0,0,0,0,0,1,1.0117239616605016,1.0117239616605016
20,2020-01-01T20:00:00+00:00,distributed_committable,153,309_WIND_1,309,true,false,27.399999999999999,27.399999999999995,-3.5527136788005009e-15,27.399999999999999,27.399999999999999,0,0,0,1,1.0252219693283491,1.0252219693283491
20,2020-01-01T20:00:00+00:00,distributed_committable,154,317_WIND_1,317,true,false,636.10000000000002,636.10000000000002,0,636.10000000000002,636.10000000000002,0,0,0,1,1.0487082852907916,1.0487082852907916
20,2020-01-01T20:00:00+00:00,distributed_committable,155,303_WIND_1,303,true,false,172.90000000000001,172.90000000000001,0,172.90000000000001,172.90000000000001,0,0,0,1,1.0337241337205321,1.0337241337205321
20,2020-01-01T20:00:00+00:00,distributed_committable,156,122_WIND_1,122,true,false,411.69999999999999,411.69999999999999,0,411.69999999999999,411.69999999999999,0,0,0,1.05,1.0499999870744667,1.0499999870744667
20,2020-01-01T20:00:00+00:00,distributed_committable,157,313_STORAGE_1,313,false,false,0,0,0,0,0,0,0,0,1,1,1.0183924531587676
22,2020-01-01T22:00:00+00:00,distributed_committable,0,101_CT_1,101,false,false,0,0,0,0,0,0,0,10,1.0468,1.0468,1.0263641772204735
22,2020-01-01T22:00:00+00:00,distributed_committable,1,101_CT_2,101,false,false,0,0,0,0,0,0,0,10,1.0468,1.0468,1.0263641772204735
22,2020-01-01T22:00:00+00:00,distributed_committable,2,101_STEAM_3,101,true,true,76,75.999999846416117,-1.5358388338881923e-07,30,76,-24.99998990042177,-25,30,1.0468,1.0263641772204735,1.0263641772204735
22,2020-01-01T22:00:00+00:00,distributed_committable,3,101_STEAM_4,101,true,true,76,75.999999846416117,-1.5358388338881923e-07,30,76,-24.99998990042177,-25,30,1.0468,1.0263641772204735,1.0263641772204735
22,2020-01-01T22:00:00+00:00,distributed_committable,4,102_CT_1,102,false,false,0,0,0,0,0,0,0,10,1.0467,1.0467,1.0262188267450891
22,2020-01-01T22:00:00+00:00,distributed_committable,5,102_CT_2,102,false,false,0,0,0,0,0,0,0,10,1.0467,1.0467,1.0262188267450891
22,2020-01-01T22:00:00+00:00,distributed_committable,6,102_STEAM_3,102,true,true,60.666666663999997,73.244568419126395,12.577901755126398,30,76,-24.999989886671376,-25,30,1.0467,1.0262188267450891,1.0262188267450891
22,2020-01-01T22:00:00+00:00,distributed_committable,7,102_STEAM_4,102,true,true,60.666666663999997,73.244568419126395,12.577901755126398,30,76,-24.999989886671376,-25,30,1.0467,1.0262188267450891,1.0262188267450891
22,2020-01-01T22:00:00+00:00,distributed_committable,8,107_CC_1,107,true,true,170,182.98890780644467,12.988907806444672,170,355,-13.253304814538684,-25,150,1.05,1.0165691266233865,1.0165691266233865
22,2020-01-01T22:00:00+00:00,distributed_committable,9,113_CT_1,113,false,false,0,0,0,0,0,0,-15,19,1.0347,1.0347,1.0072074175574923
22,2020-01-01T22:00:00+00:00,distributed_committable,10,113_CT_2,113,false,false,0,0,0,0,0,0,-15,19,1.0347,1.0347,1.0072074175574923
22,2020-01-01T22:00:00+00:00,distributed_committable,11,113_CT_3,113,false,false,0,0,0,0,0,0,-15,19,1.0347,1.0347,1.0072074175574923
22,2020-01-01T22:00:00+00:00,distributed_committable,12,113_CT_4,113,false,false,0,0,0,0,0,0,-15,19,1.0347,1.0347,1.0072074175574923
22,2020-01-01T22:00:00+00:00,distributed_committable,13,115_STEAM_1,115,false,false,0,0,0,0,0,0,0,6,1.0427999999999999,1.0427999999999999,1.0226106801683161
22,2020-01-01T22:00:00+00:00,distributed_committable,14,115_STEAM_2,115,false,false,0,0,0,0,0,0,0,6,1.0427999999999999,1.0427999999999999,1.0226106801683161
22,2020-01-01T22:00:00+00:00,distributed_committable,15,115_STEAM_3,115,false,false,0,0,0,0,0,0,-50,80,1.0427999999999999,1.0427999999999999,1.0226106801683161
22,2020-01-01T22:00:00+00:00,distributed_committable,16,116_STEAM_1,116,false,false,0,0,0,0,0,0,-50,80,1.0461,1.0461,1.0157145736380118
22,2020-01-01T22:00:00+00:00,distributed_committable,17,118_CC_1,118,false,false,0,0,0,0,0,0,-25,150,1.05,1.05,1.033295932374185
22,2020-01-01T22:00:00+00:00,distributed_committable,18,123_STEAM_2,123,true,true,93,106.227732753087,13.227732753086997,62,155,-49.999977889325628,-50,80,1.05,1.0062706763226061,1.0062706763226061
22,2020-01-01T22:00:00+00:00,distributed_committable,19,123_STEAM_3,123,false,false,0,0,0,0,0,0,-25,150,1.05,1.05,1.0062706763226061
22,2020-01-01T22:00:00+00:00,distributed_committable,20,123_CT_1,123,false,false,0,0,0,0,0,0,-15,19,1.05,1.05,1.0062706763226061
22,2020-01-01T22:00:00+00:00,distributed_committable,21,123_CT_4,123,false,false,0,0,0,0,0,0,-15,19,1.05,1.05,1.0062706763226061
22,2020-01-01T22:00:00+00:00,distributed_committable,22,123_CT_5,123,false,false,0,0,0,0,0,0,-15,19,1.05,1.05,1.0062706763226061
22,2020-01-01T22:00:00+00:00,distributed_committable,23,201_CT_1,201,false,false,0,0,0,0,0,0,0,10,1.05,1.05,1.0270210414475851
22,2020-01-01T22:00:00+00:00,distributed_committable,24,201_CT_2,201,false,false,0,0,0,0,0,0,0,10,1.05,1.05,1.0270210414475851
22,2020-01-01T22:00:00+00:00,distributed_committable,25,201_STEAM_3,201,false,false,0,0,0,0,0,0,-25,30,1.05,1.05,1.0270210414475851
22,2020-01-01T22:00:00+00:00,distributed_committable,26,202_CT_1,202,false,false,0,0,0,0,0,0,0,10,1.05,1.05,1.0283027894213417
22,2020-01-01T22:00:00+00:00,distributed_committable,27,202_CT_2,202,false,false,0,0,0,0,0,0,0,10,1.05,1.05,1.0283027894213417
22,2020-01-01T22:00:00+00:00,distributed_committable,28,202_STEAM_3,202,false,false,0,0,0,0,0,0,-25,30,1.05,1.05,1.0283027894213417
22,2020-01-01T22:00:00+00:00,distributed_committable,29,202_STEAM_4,202,false,false,0,0,0,0,0,0,-25,30,1.05,1.05,1.0283027894213417
22,2020-01-01T22:00:00+00:00,distributed_committable,30,207_CT_1,207,false,false,0,0,0,0,0,0,-15,19,0.96989999999999998,0.96989999999999998,0.96753959117402655
22,2020-01-01T22:00:00+00:00,distributed_committable,31,207_CT_2,207,false,false,0,0,0,0,0,0,-15,19,0.96989999999999998,0.96989999999999998,0.96753959117402655
22,2020-01-01T22:00:00+00:00,distributed_committable,32,213_CC_3,213,false,false,0,0,0,0,0,0,-25,150,1.05,1.05,1.0055984619904428
22,2020-01-01T22:00:00+00:00,distributed_committable,33,213_CT_1,213,false,false,0,0,0,0,0,0,-15,19,1.05,1.05,1.0055984619904428
22,2020-01-01T22:00:00+00:00,distributed_committable,34,213_CT_2,213,false,false,0,0,0,0,0,0,-15,19,1.05,1.05,1.0055984619904428
22,2020-01-01T22:00:00+00:00,distributed_committable,35,215_CT_4,215,false,false,0,0,0,0,0,0,-15,19,1.0437000000000001,1.0437000000000001,0.99772292987739064
22,2020-01-01T22:00:00+00:00,distributed_committable,36,215_CT_5,215,false,false,0,0,0,0,0,0,-15,19,1.0437000000000001,1.0437000000000001,0.99772292987739064
22,2020-01-01T22:00:00+00:00,distributed_committable,37,216_STEAM_1,216,true,true,111.396737122,125.06387973379923,13.667142611799221,62,155,7.083540940211658,-50,80,1.0472999999999999,1.0043420055457459,1.0043420055457459
22,2020-01-01T22:00:00+00:00,distributed_committable,38,218_CC_1,218,false,false,0,0,0,0,0,0,-25,150,1.05,1.05,0.99899084706978081
22,2020-01-01T22:00:00+00:00,distributed_committable,39,221_CC_1,221,true,true,170,183.55338196009464,13.55338196009464,170,355,-20.584238840622472,-25,150,1.05,1.0006961203011637,1.0006961203011637
22,2020-01-01T22:00:00+00:00,distributed_committable,40,223_STEAM_1,223,true,true,155,154.9999998575623,-1.4243769896893355e-07,62,155,6.5841515466806495,-50,80,1.05,1.033072043618553,1.033072043618553
22,2020-01-01T22:00:00+00:00,distributed_committable,41,223_STEAM_2,223,true,true,155,154.9999998575623,-1.4243769896893355e-07,62,155,6.5841515466806495,-50,80,1.05,1.033072043618553,1.033072043618553
22,2020-01-01T22:00:00+00:00,distributed_committable,42,223_STEAM_3,223,true,true,210,223.56142910513958,13.561429105139581,140,350,48.247061594161138,-25,150,1.05,1.033072043618553,1.033072043618553
22,2020-01-01T22:00:00+00:00,distributed_committable,43,223_CT_4,223,false,false,0,0,0,0,0,0,-15,19,1.05,1.05,1.033072043618553
22,2020-01-01T22:00:00+00:00,distributed_committable,44,223_CT_5,223,false,false,0,0,0,0,0,0,-15,19,1.05,1.05,1.033072043618553
22,2020-01-01T22:00:00+00:00,distributed_committable,45,223_CT_6,223,false,false,0,0,0,0,0,0,-15,19,1.05,1.05,1.033072043618553
22,2020-01-01T22:00:00+00:00,distributed_committable,46,301_CT_1,301,false,false,0,0,0,0,0,0,0,10,1.05,1.05,1.0309813742378473
22,2020-01-01T22:00:00+00:00,distributed_committable,47,301_CT_2,301,false,false,0,0,0,0,0,0,0,10,1.05,1.05,1.0309813742378473
22,2020-01-01T22:00:00+00:00,distributed_committable,48,301_CT_3,301,false,false,0,0,0,0,0,0,-15,19,1.05,1.05,1.0309813742378473
22,2020-01-01T22:00:00+00:00,distributed_committable,49,301_CT_4,301,false,false,0,0,0,0,0,0,-15,19,1.05,1.05,1.0309813742378473
22,2020-01-01T22:00:00+00:00,distributed_committable,50,302_CT_1,302,false,false,0,0,0,0,0,0,0,10,1.05,1.05,1.0312776246237025
22,2020-01-01T22:00:00+00:00,distributed_committable,51,302_CT_2,302,false,false,0,0,0,0,0,0,0,10,1.05,1.05,1.0312776246237025
22,2020-01-01T22:00:00+00:00,distributed_committable,52,302_CT_3,302,false,false,0,0,0,0,0,0,-15,19,1.05,1.05,1.0312776246237025
22,2020-01-01T22:00:00+00:00,distributed_committable,53,302_CT_4,302,false,false,0,0,0,0,0,0,-15,19,1.05,1.05,1.0312776246237025
22,2020-01-01T22:00:00+00:00,distributed_committable,54,307_CT_1,307,false,false,0,0,0,0,0,0,-15,19,0.95679999999999998,0.95679999999999998,0.95118306396133845
22,2020-01-01T22:00:00+00:00,distributed_committable,55,307_CT_2,307,false,false,0,0,0,0,0,0,-15,19,0.95679999999999998,0.95679999999999998,0.95118306396133845
22,2020-01-01T22:00:00+00:00,distributed_committable,56,313_CC_1,313,true,true,231.6666668,245.7381851775624,14.071518377562398,170,355,12.370707450940936,-25,150,1.0349999999999999,1.0141724906438128,1.0141724906438128
22,2020-01-01T22:00:00+00:00,distributed_committable,57,315_STEAM_1,315,false,false,0,0,0,0,0,0,0,6,1.0422,1.0422,1.0176178972747993
22,2020-01-01T22:00:00+00:00,distributed_committable,58,315_STEAM_2,315,false,false,0,0,0,0,0,0,0,6,1.0422,1.0422,1.0176178972747993
22,2020-01-01T22:00:00+00:00,distributed_committable,59,315_STEAM_3,315,false,false,0,0,0,0,0,0,0,6,1.0422,1.0422,1.0176178972747993
22,2020-01-01T22:00:00+00:00,distributed_committable,60,315_STEAM_4,315,false,false,0,0,0,0,0,0,0,6,1.0422,1.0422,1.0176178972747993
22,2020-01-01T22:00:00+00:00,distributed_committable,61,315_STEAM_5,315,false,false,0,0,0,0,0,0,0,6,1.0422,1.0422,1.0176178972747993
22,2020-01-01T22:00:00+00:00,distributed_committable,62,315_CT_6,315,false,false,0,0,0,0,0,0,-15,19,1.0422,1.0422,1.0176178972747993
22,2020-01-01T22:00:00+00:00,distributed_committable,63,315_CT_7,315,false,false,0,0,0,0,0,0,-15,19,1.0422,1.0422,1.0176178972747993
22,2020-01-01T22:00:00+00:00,distributed_committable,64,315_CT_8,315,false,false,0,0,0,0,0,0,0,60,1.0422,1.0422,1.0176178972747993
22,2020-01-01T22:00:00+00:00,distributed_committable,65,316_STEAM_1,316,false,false,0,0,0,0,0,0,-50,80,1.0448999999999999,1.0448999999999999,1.017242978919312
22,2020-01-01T22:00:00+00:00,distributed_committable,66,318_CC_1,318,false,false,0,0,0,0,0,0,-25,150,1.05,1.05,1.0262895244533856
22,2020-01-01T22:00:00+00:00,distributed_committable,67,321_CC_1,321,false,false,0,0,0,0,0,0,-25,150,1.05,1.05,1.0271558150794815
22,2020-01-01T22:00:00+00:00,distributed_committable,68,322_CT_5,322,false,false,0,0,0,0,0,0,-15,19,1.05,1.05,1.0499999864857681
22,2020-01-01T22:00:00+00:00,distributed_committable,69,322_CT_6,322,false,false,0,0,0,0,0,0,-15,19,1.05,1.05,1.0499999864857681
22,2020-01-01T22:00:00+00:00,distributed_committable,70,323_CC_1,323,false,false,0,0,0,0,0,0,-25,150,1.05,1.05,1.0129920213589845
22,2020-01-01T22:00:00+00:00,distributed_committable,71,323_CC_2,323,false,false,0,0,0,0,0,0,-25,150,1.05,1.05,1.0129920213589845
22,2020-01-01T22:00:00+00:00,distributed_committable,72,114_SYNC_COND_1,114,true,false,0,0,0,0,0,-49.999984653486003,-50,200,1.0441,0.9938751666261012,0.9938751666261012
22,2020-01-01T22:00:00+00:00,distributed_committable,73,121_NUCLEAR_1,121,true,true,400,399.99999984856674,-1.5143325526878471e-07,396,400,199.00965979387237,-50,200,1.05,1.0431472838781402,1.0431472838781402
22,2020-01-01T22:00:00+00:00,distributed_committable,74,122_HYDRO_1,122,true,false,3.7999999999999998,3.7999999999999998,0,3.7999999999999998,3.7999999999999998,0.17166282197749494,-10,16,1.05,1.0499999946515892,1.0499999946515892
22,2020-01-01T22:00:00+00:00,distributed_committable,75,122_HYDRO_2,122,true,false,3.7999999999999998,3.7999999999999998,0,3.7999999999999998,3.7999999999999998,0.17166282197749494,-10,16,1.05,1.0499999946515892,1.0499999946515892
22,2020-01-01T22:00:00+00:00,distributed_committable,76,122_HYDRO_3,122,true,false,3.7999999999999998,3.7999999999999998,0,3.7999999999999998,3.7999999999999998,0.17166282197749494,-10,16,1.05,1.0499999946515892,1.0499999946515892
22,2020-01-01T22:00:00+00:00,distributed_committable,77,122_HYDRO_4,122,true,false,3.7999999999999998,3.7999999999999998,0,3.7999999999999998,3.7999999999999998,0.17166282197749494,-10,16,1.05,1.0499999946515892,1.0499999946515892
22,2020-01-01T22:00:00+00:00,distributed_committable,78,122_HYDRO_5,122,true,false,3.7999999999999998,3.7999999999999998,0,3.7999999999999998,3.7999999999999998,0.17166282197749494,-10,16,1.05,1.0499999946515892,1.0499999946515892
22,2020-01-01T22:00:00+00:00,distributed_committable,79,122_HYDRO_6,122,true,false,3.7999999999999998,3.7999999999999998,0,3.7999999999999998,3.7999999999999998,0.17166282197749494,-10,16,1.05,1.0499999946515892,1.0499999946515892
22,2020-01-01T22:00:00+00:00,distributed_committable,80,201_HYDRO_4,201,true,false,9.0999999999999996,9.0999999999999996,0,9.0999999999999996,9.0999999999999996,-9.9999857613080518,-10,16,1.05,1.0270210414475851,1.0270210414475851
22,2020-01-01T22:00:00+00:00,distributed_committable,81,214_SYNC_COND_1,214,true,false,0,0,0,0,0,23.371892402339327,-50,200,1.05,1.0044282908146722,1.0044282908146722
22,2020-01-01T22:00:00+00:00,distributed_committable,82,215_HYDRO_1,215,true,false,9.0999999999999996,9.0999999999999996,0,9.0999999999999996,9.0999999999999996,-9.9950337878318525,-10,16,1.0437000000000001,0.99772292987739064,0.99772292987739064
22,2020-01-01T22:00:00+00:00,distributed_committable,83,215_HYDRO_2,215,true,false,9.0999999999999996,9.0999999999999996,0,9.0999999999999996,9.0999999999999996,-9.9950337878318525,-10,16,1.0437000000000001,0.99772292987739064,0.99772292987739064
22,2020-01-01T22:00:00+00:00,distributed_committable,84,215_HYDRO_3,215,true,false,9.0999999999999996,9.0999999999999996,0,9.0999999999999996,9.0999999999999996,-9.9950337878318525,-10,16,1.0437000000000001,0.99772292987739064,0.99772292987739064
22,2020-01-01T22:00:00+00:00,distributed_committable,85,222_HYDRO_1,222,true,false,9.0999999999999996,9.0999999999999996,0,9.0999999999999996,9.0999999999999996,-3.3854594764239563,-10,16,1.05,1.0034023073832843,1.0034023073832843
22,2020-01-01T22:00:00+00:00,distributed_committable,86,222_HYDRO_2,222,true,false,9.0999999999999996,9.0999999999999996,0,9.0999999999999996,9.0999999999999996,-3.3854594764239563,-10,16,1.05,1.0034023073832843,1.0034023073832843
22,2020-01-01T22:00:00+00:00,distributed_committable,87,222_HYDRO_3,222,true,false,9.0999999999999996,9.0999999999999996,0,9.0999999999999996,9.0999999999999996,-3.3854594764239563,-10,16,1.05,1.0034023073832843,1.0034023073832843
22,2020-01-01T22:00:00+00:00,distributed_committable,88,222_HYDRO_4,222,true,false,9.0999999999999996,9.0999999999999996,0,9.0999999999999996,9.0999999999999996,-3.3854594764239563,-10,16,1.05,1.0034023073832843,1.0034023073832843
22,2020-01-01T22:00:00+00:00,distributed_committable,89,222_HYDRO_5,222,true,false,9.0999999999999996,9.0999999999999996,0,9.0999999999999996,9.0999999999999996,-3.3854594764239563,-10,16,1.05,1.0034023073832843,1.0034023073832843
22,2020-01-01T22:00:00+00:00,distributed_committable,90,222_HYDRO_6,222,true,false,9.0999999999999996,9.0999999999999996,0,9.0999999999999996,9.0999999999999996,-3.3854594764239563,-10,16,1.05,1.0034023073832843,1.0034023073832843
22,2020-01-01T22:00:00+00:00,distributed_committable,91,314_SYNC_COND_1,314,true,false,0,0,0,0,0,73.803945133179951,-50,200,1.05,1.0271779460391492,1.0271779460391492
22,2020-01-01T22:00:00+00:00,distributed_committable,92,322_HYDRO_1,322,true,false,41,41,0,41,41,4.5005249906741369,-10,16,1.05,1.0499999864857681,1.0499999864857681
22,2020-01-01T22:00:00+00:00,distributed_committable,93,322_HYDRO_2,322,true,false,41,41,0,41,41,4.5005249906741369,-10,16,1.05,1.0499999864857681,1.0499999864857681
22,2020-01-01T22:00:00+00:00,distributed_committable,94,322_HYDRO_3,322,true,false,41,41,0,41,41,4.5005249906741369,-10,16,1.05,1.0499999864857681,1.0499999864857681
22,2020-01-01T22:00:00+00:00,distributed_committable,95,322_HYDRO_4,322,true,false,41,41,0,41,41,4.5005249906741369,-10,16,1.05,1.0499999864857681,1.0499999864857681
22,2020-01-01T22:00:00+00:00,distributed_committable,96,320_PV_1,320,true,false,0,0,0,0,0,0,0,0,1,1.0120650851211432,1.0120650851211432
22,2020-01-01T22:00:00+00:00,distributed_committable,97,314_PV_1,314,true,false,0,0,0,0,0,0,0,0,1.05,1.0271779460391492,1.0271779460391492
22,2020-01-01T22:00:00+00:00,distributed_committable,98,314_PV_2,314,true,false,0,0,0,0,0,0,0,0,1.05,1.0271779460391492,1.0271779460391492
22,2020-01-01T22:00:00+00:00,distributed_committable,99,313_PV_1,313,true,false,0,0,0,0,0,0,0,0,1.0349999999999999,1.0141724906438128,1.0141724906438128
22,2020-01-01T22:00:00+00:00,distributed_committable,100,314_PV_3,314,true,false,0,0,0,0,0,0,0,0,1.05,1.0271779460391492,1.0271779460391492
22,2020-01-01T22:00:00+00:00,distributed_committable,101,314_PV_4,314,true,false,0,0,0,0,0,0,0,0,1.05,1.0271779460391492,1.0271779460391492
22,2020-01-01T22:00:00+00:00,distributed_committable,102,313_PV_2,313,true,false,0,0,0,0,0,0,0,0,1.0349999999999999,1.0141724906438128,1.0141724906438128
22,2020-01-01T22:00:00+00:00,distributed_committable,103,310_PV_1,310,true,false,0,0,0,0,0,0,0,0,1,1.0499999973205711,1.0499999973205711
22,2020-01-01T22:00:00+00:00,distributed_committable,104,324_PV_1,324,true,false,0,0,0,0,0,0,0,0,1,1.0191729120509405,1.0191729120509405
22,2020-01-01T22:00:00+00:00,distributed_committable,105,312_PV_1,312,true,false,0,0,0,0,0,0,0,0,1,1.0090686187291531,1.0090686187291531
22,2020-01-01T22:00:00+00:00,distributed_committable,106,310_PV_2,310,true,false,0,0,0,0,0,0,0,0,1,1.0499999973205711,1.0499999973205711
22,2020-01-01T22:00:00+00:00,distributed_committable,107,324_PV_2,324,true,false,0,0,0,0,0,0,0,0,1,1.0191729120509405,1.0191729120509405
22,2020-01-01T22:00:00+00:00,distributed_committable,108,324_PV_3,324,true,false,0,0,0,0,0,0,0,0,1,1.0191729120509405,1.0191729120509405
22,2020-01-01T22:00:00+00:00,distributed_committable,109,113_PV_1,113,true,false,0,0,0,0,0,0,0,0,1,1.0072074175574923,1.0072074175574923
22,2020-01-01T22:00:00+00:00,distributed_committable,110,319_PV_1,319,true,false,0,0,0,0,0,0,0,0,1,1.0122724824776477,1.0122724824776477
22,2020-01-01T22:00:00+00:00,distributed_committable,111,215_PV_1,215,true,false,0,0,0,0,0,0,0,0,1.0437000000000001,0.99772292987739064,0.99772292987739064
22,2020-01-01T22:00:00+00:00,distributed_committable,112,102_PV_1,102,true,false,0,0,0,0,0,0,0,0,1.0467,1.0262188267450891,1.0262188267450891
22,2020-01-01T22:00:00+00:00,distributed_committable,113,101_PV_1,101,true,false,0,0,0,0,0,0,0,0,1.0468,1.0263641772204735,1.0263641772204735
22,2020-01-01T22:00:00+00:00,distributed_committable,114,102_PV_2,102,true,false,0,0,0,0,0,0,0,0,1.0467,1.0262188267450891,1.0262188267450891
22,2020-01-01T22:00:00+00:00,distributed_committable,115,104_PV_1,104,true,false,0,0,0,0,0,0,0,0,1,1.0186747412573314,1.0186747412573314
22,2020-01-01T22:00:00+00:00,distributed_committable,116,212_CSP_1,212,false,false,0,0,0,0,0,0,0,0,1,1,1.0076881614281148
22,2020-01-01T22:00:00+00:00,distributed_committable,117,101_PV_2,101,true,false,0,0,0,0,0,0,0,0,1.0468,1.0263641772204735,1.0263641772204735
22,2020-01-01T22:00:00+00:00,distributed_committable,118,101_PV_3,101,true,false,0,0,0,0,0,0,0,0,1.0468,1.0263641772204735,1.0263641772204735
22,2020-01-01T22:00:00+00:00,distributed_committable,119,101_PV_4,101,true,false,0,0,0,0,0,0,0,0,1.0468,1.0263641772204735,1.0263641772204735
22,2020-01-01T22:00:00+00:00,distributed_committable,120,103_PV_1,103,true,false,0,0,0,0,0,0,0,0,1,1.0223645004174271,1.0223645004174271
22,2020-01-01T22:00:00+00:00,distributed_committable,121,119_PV_1,119,true,false,0,0,0,0,0,0,0,0,1,1.0092766718007542,1.0092766718007542
22,2020-01-01T22:00:00+00:00,distributed_committable,122,308_RTPV_1,308,true,false,0,0,0,0,0,0,0,0,1,0.97053221357780972,0.97053221357780972
22,2020-01-01T22:00:00+00:00,distributed_committable,123,313_RTPV_1,313,true,false,0,0,0,0,0,0,0,0,1.0349999999999999,1.0141724906438128,1.0141724906438128
22,2020-01-01T22:00:00+00:00,distributed_committable,124,313_RTPV_2,313,true,false,0,0,0,0,0,0,0,0,1.0349999999999999,1.0141724906438128,1.0141724906438128
22,2020-01-01T22:00:00+00:00,distributed_committable,125,313_RTPV_3,313,true,false,0,0,0,0,0,0,0,0,1.0349999999999999,1.0141724906438128,1.0141724906438128
22,2020-01-01T22:00:00+00:00,distributed_committable,126,313_RTPV_4,313,true,false,0,0,0,0,0,0,0,0,1.0349999999999999,1.0141724906438128,1.0141724906438128
22,2020-01-01T22:00:00+00:00,distributed_committable,127,313_RTPV_5,313,true,false,0,0,0,0,0,0,0,0,1.0349999999999999,1.0141724906438128,1.0141724906438128
22,2020-01-01T22:00:00+00:00,distributed_committable,128,313_RTPV_6,313,true,false,0,0,0,0,0,0,0,0,1.0349999999999999,1.0141724906438128,1.0141724906438128
22,2020-01-01T22:00:00+00:00,distributed_committable,129,313_RTPV_7,313,true,false,0,0,0,0,0,0,0,0,1.0349999999999999,1.0141724906438128,1.0141724906438128
22,2020-01-01T22:00:00+00:00,distributed_committable,130,313_RTPV_8,313,true,false,0,0,0,0,0,0,0,0,1.0349999999999999,1.0141724906438128,1.0141724906438128
22,2020-01-01T22:00:00+00:00,distributed_committable,131,313_RTPV_9,313,true,false,0,0,0,0,0,0,0,0,1.0349999999999999,1.0141724906438128,1.0141724906438128
22,2020-01-01T22:00:00+00:00,distributed_committable,132,313_RTPV_10,313,true,false,0,0,0,0,0,0,0,0,1.0349999999999999,1.0141724906438128,1.0141724906438128
22,2020-01-01T22:00:00+00:00,distributed_committable,133,313_RTPV_11,313,true,false,0,0,0,0,0,0,0,0,1.0349999999999999,1.0141724906438128,1.0141724906438128
22,2020-01-01T22:00:00+00:00,distributed_committable,134,313_RTPV_12,313,true,false,0,0,0,0,0,0,0,0,1.0349999999999999,1.0141724906438128,1.0141724906438128
22,2020-01-01T22:00:00+00:00,distributed_committable,135,320_RTPV_1,320,true,false,0,0,0,0,0,0,0,0,1,1.0120650851211432,1.0120650851211432
22,2020-01-01T22:00:00+00:00,distributed_committable,136,320_RTPV_2,320,true,false,0,0,0,0,0,0,0,0,1,1.0120650851211432,1.0120650851211432
22,2020-01-01T22:00:00+00:00,distributed_committable,137,320_RTPV_3,320,true,false,0,0,0,0,0,0,0,0,1,1.0120650851211432,1.0120650851211432
22,2020-01-01T22:00:00+00:00,distributed_committable,138,313_RTPV_13,313,true,false,0,0,0,0,0,0,0,0,1.0349999999999999,1.0141724906438128,1.0141724906438128
22,2020-01-01T22:00:00+00:00,distributed_committable,139,320_RTPV_4,320,true,false,0,0,0,0,0,0,0,0,1,1.0120650851211432,1.0120650851211432
22,2020-01-01T22:00:00+00:00,distributed_committable,140,320_RTPV_5,320,true,false,0,0,0,0,0,0,0,0,1,1.0120650851211432,1.0120650851211432
22,2020-01-01T22:00:00+00:00,distributed_committable,141,118_RTPV_1,118,true,false,0,0,0,0,0,0,0,0,1,1.033295932374185,1.033295932374185
22,2020-01-01T22:00:00+00:00,distributed_committable,142,118_RTPV_2,118,true,false,0,0,0,0,0,0,0,0,1,1.033295932374185,1.033295932374185
22,2020-01-01T22:00:00+00:00,distributed_committable,143,118_RTPV_3,118,true,false,0,0,0,0,0,0,0,0,1,1.033295932374185,1.033295932374185
22,2020-01-01T22:00:00+00:00,distributed_committable,144,118_RTPV_4,118,true,false,0,0,0,0,0,0,0,0,1,1.033295932374185,1.033295932374185
22,2020-01-01T22:00:00+00:00,distributed_committable,145,118_RTPV_5,118,true,false,0,0,0,0,0,0,0,0,1,1.033295932374185,1.033295932374185
22,2020-01-01T22:00:00+00:00,distributed_committable,146,118_RTPV_6,118,true,false,0,0,0,0,0,0,0,0,1,1.033295932374185,1.033295932374185
22,2020-01-01T22:00:00+00:00,distributed_committable,147,320_RTPV_6,320,true,false,0,0,0,0,0,0,0,0,1,1.0120650851211432,1.0120650851211432
22,2020-01-01T22:00:00+00:00,distributed_committable,148,118_RTPV_7,118,true,false,0,0,0,0,0,0,0,0,1,1.033295932374185,1.033295932374185
22,2020-01-01T22:00:00+00:00,distributed_committable,149,118_RTPV_8,118,true,false,0,0,0,0,0,0,0,0,1,1.033295932374185,1.033295932374185
22,2020-01-01T22:00:00+00:00,distributed_committable,150,118_RTPV_9,118,true,false,0,0,0,0,0,0,0,0,1,1.033295932374185,1.033295932374185
22,2020-01-01T22:00:00+00:00,distributed_committable,151,118_RTPV_10,118,true,false,0,0,0,0,0,0,0,0,1,1.033295932374185,1.033295932374185
22,2020-01-01T22:00:00+00:00,distributed_committable,152,213_RTPV_1,213,true,false,0,0,0,0,0,0,0,0,1,1.0055984619904428,1.0055984619904428
22,2020-01-01T22:00:00+00:00,distributed_committable,153,309_WIND_1,309,true,false,1.3,1.3,0,1.3,1.3,0,0,0,1,1.0219136090383689,1.0219136090383689
22,2020-01-01T22:00:00+00:00,distributed_committable,154,317_WIND_1,317,true,false,640.61884974999998,640.61884974999998,0,640.61884974999998,640.61884974999998,0,0,0,1,1.0310504102192195,1.0310504102192195
22,2020-01-01T22:00:00+00:00,distributed_committable,155,303_WIND_1,303,true,false,256.69999999999999,256.69999999999999,0,256.69999999999999,256.69999999999999,0,0,0,1,1.037672684097269,1.037672684097269
22,2020-01-01T22:00:00+00:00,distributed_committable,156,122_WIND_1,122,true,false,561.29999999999995,561.29999999999995,0,561.29999999999995,561.29999999999995,0,0,0,1.05,1.0499999946515892,1.0499999946515892
22,2020-01-01T22:00:00+00:00,distributed_committable,157,313_STORAGE_1,313,false,false,0,0,0,0,0,0,0,0,1,1,1.0141724906438128
23,2020-01-01T23:00:00+00:00,distributed_committable,0,101_CT_1,101,false,false,0,0,0,0,0,0,0,10,1.0468,1.0468,1.0298711893928043
23,2020-01-01T23:00:00+00:00,distributed_committable,1,101_CT_2,101,false,false,0,0,0,0,0,0,0,10,1.0468,1.0468,1.0298711893928043
23,2020-01-01T23:00:00+00:00,distributed_committable,2,101_STEAM_3,101,true,true,76,75.999999492061491,-5.0793850903119164e-07,30,76,-24.477699238321556,-25,30,1.0468,1.0298711893928043,1.0298711893928043
23,2020-01-01T23:00:00+00:00,distributed_committable,3,101_STEAM_4,101,true,true,76,75.999999492061491,-5.0793850903119164e-07,30,76,-24.477699238321556,-25,30,1.0468,1.0298711893928043,1.0298711893928043
23,2020-01-01T23:00:00+00:00,distributed_committable,4,102_CT_1,102,false,false,0,0,0,0,0,0,0,10,1.0467,1.0467,1.0298924331838009
23,2020-01-01T23:00:00+00:00,distributed_committable,5,102_CT_2,102,false,false,0,0,0,0,0,0,0,10,1.0467,1.0467,1.0298924331838009
23,2020-01-01T23:00:00+00:00,distributed_committable,6,102_STEAM_3,102,true,true,76,75.999999492082836,-5.0791716432740941e-07,30,76,-23.670443391721456,-25,30,1.0467,1.0298924331838009,1.0298924331838009
23,2020-01-01T23:00:00+00:00,distributed_committable,7,102_STEAM_4,102,true,true,76,75.999999492082836,-5.0791716432740941e-07,30,76,-23.670443391721449,-25,30,1.0467,1.0298924331838009,1.0298924331838009
23,2020-01-01T23:00:00+00:00,distributed_committable,8,107_CC_1,107,false,false,0,0,0,0,0,0,-25,150,1.05,1.05,0.99628993789388876
23,2020-01-01T23:00:00+00:00,distributed_committable,9,113_CT_1,113,false,false,0,0,0,0,0,0,-15,19,1.0347,1.0347,1.0083967200782935
23,2020-01-01T23:00:00+00:00,distributed_committable,10,113_CT_2,113,false,false,0,0,0,0,0,0,-15,19,1.0347,1.0347,1.0083967200782935
23,2020-01-01T23:00:00+00:00,distributed_committable,11,113_CT_3,113,false,false,0,0,0,0,0,0,-15,19,1.0347,1.0347,1.0083967200782935
23,2020-01-01T23:00:00+00:00,distributed_committable,12,113_CT_4,113,false,false,0,0,0,0,0,0,-15,19,1.0347,1.0347,1.0083967200782935
23,2020-01-01T23:00:00+00:00,distributed_committable,13,115_STEAM_1,115,false,false,0,0,0,0,0,0,0,6,1.0427999999999999,1.0427999999999999,1.0224688235155812
23,2020-01-01T23:00:00+00:00,distributed_committable,14,115_STEAM_2,115,false,false,0,0,0,0,0,0,0,6,1.0427999999999999,1.0427999999999999,1.0224688235155812
23,2020-01-01T23:00:00+00:00,distributed_committable,15,115_STEAM_3,115,false,false,0,0,0,0,0,0,-50,80,1.0427999999999999,1.0427999999999999,1.0224688235155812
23,2020-01-01T23:00:00+00:00,distributed_committable,16,116_STEAM_1,116,false,false,0,0,0,0,0,0,-50,80,1.0461,1.0461,1.0157317535115957
23,2020-01-01T23:00:00+00:00,distributed_committable,17,118_CC_1,118,false,false,0,0,0,0,0,0,-25,150,1.05,1.05,1.0330177828350189
23,2020-01-01T23:00:00+00:00,distributed_committable,18,123_STEAM_2,123,true,true,93,112.21870575054844,19.218705750548438,62,155,-49.999565343281581,-50,80,1.05,1.007866350420596,1.007866350420596
23,2020-01-01T23:00:00+00:00,distributed_committable,19,123_STEAM_3,123,false,false,0,0,0,0,0,0,-25,150,1.05,1.05,1.007866350420596
23,2020-01-01T23:00:00+00:00,distributed_committable,20,123_CT_1,123,false,false,0,0,0,0,0,0,-15,19,1.05,1.05,1.007866350420596
23,2020-01-01T23:00:00+00:00,distributed_committable,21,123_CT_4,123,false,false,0,0,0,0,0,0,-15,19,1.05,1.05,1.007866350420596
23,2020-01-01T23:00:00+00:00,distributed_committable,22,123_CT_5,123,false,false,0,0,0,0,0,0,-15,19,1.05,1.05,1.007866350420596
23,2020-01-01T23:00:00+00:00,distributed_committable,23,201_CT_1,201,false,false,0,0,0,0,0,0,0,10,1.05,1.05,1.0318121979093033
23,2020-01-01T23:00:00+00:00,distributed_committable,24,201_CT_2,201,false,false,0,0,0,0,0,0,0,10,1.05,1.05,1.0318121979093033
23,2020-01-01T23:00:00+00:00,distributed_committable,25,201_STEAM_3,201,false,false,0,0,0,0,0,0,-25,30,1.05,1.05,1.0318121979093033
23,2020-01-01T23:00:00+00:00,distributed_committable,26,202_CT_1,202,false,false,0,0,0,0,0,0,0,10,1.05,1.05,1.032902215003237
23,2020-01-01T23:00:00+00:00,distributed_committable,27,202_CT_2,202,false,false,0,0,0,0,0,0,0,10,1.05,1.05,1.032902215003237
23,2020-01-01T23:00:00+00:00,distributed_committable,28,202_STEAM_3,202,false,false,0,0,0,0,0,0,-25,30,1.05,1.05,1.032902215003237
23,2020-01-01T23:00:00+00:00,distributed_committable,29,202_STEAM_4,202,false,false,0,0,0,0,0,0,-25,30,1.05,1.05,1.032902215003237
23,2020-01-01T23:00:00+00:00,distributed_committable,30,207_CT_1,207,false,false,0,0,0,0,0,0,-15,19,0.96989999999999998,0.96989999999999998,0.97344918110237422
23,2020-01-01T23:00:00+00:00,distributed_committable,31,207_CT_2,207,false,false,0,0,0,0,0,0,-15,19,0.96989999999999998,0.96989999999999998,0.97344918110237422
23,2020-01-01T23:00:00+00:00,distributed_committable,32,213_CC_3,213,false,false,0,0,0,0,0,0,-25,150,1.05,1.05,1.0008135451144113
23,2020-01-01T23:00:00+00:00,distributed_committable,33,213_CT_1,213,false,false,0,0,0,0,0,0,-15,19,1.05,1.05,1.0008135451144113
23,2020-01-01T23:00:00+00:00,distributed_committable,34,213_CT_2,213,false,false,0,0,0,0,0,0,-15,19,1.05,1.05,1.0008135451144113
23,2020-01-01T23:00:00+00:00,distributed_committable,35,215_CT_4,215,false,false,0,0,0,0,0,0,-15,19,1.0437000000000001,1.0437000000000001,1.0015462852838575
23,2020-01-01T23:00:00+00:00,distributed_committable,36,215_CT_5,215,false,false,0,0,0,0,0,0,-15,19,1.0437000000000001,1.0437000000000001,1.0015462852838575
23,2020-01-01T23:00:00+00:00,distributed_committable,37,216_STEAM_1,216,true,true,124,143.7523141460091,19.752314146009098,62,155,22.635723497298944,-50,80,1.0472999999999999,1.0061517855695818,1.0061517855695818
23,2020-01-01T23:00:00+00:00,distributed_committable,38,218_CC_1,218,false,false,0,0,0,0,0,0,-25,150,1.05,1.05,1.0039430631181769
23,2020-01-01T23:00:00+00:00,distributed_committable,39,221_CC_1,221,true,true,170,189.61440320029558,19.614403200295584,170,355,-10.367410944440264,-25,150,1.05,1.00620733394795,1.00620733394795
23,2020-01-01T23:00:00+00:00,distributed_committable,40,223_STEAM_1,223,true,true,155,154.9999995243852,-4.7561479732394218e-07,62,155,-1.3037173604626575,-50,80,1.05,1.0270358666344654,1.0270358666344654
23,2020-01-01T23:00:00+00:00,distributed_committable,41,223_STEAM_2,223,true,true,155,154.9999995243852,-4.7561479732394218e-07,62,155,-1.3037173604626575,-50,80,1.05,1.0270358666344654,1.0270358666344654
23,2020-01-01T23:00:00+00:00,distributed_committable,42,223_STEAM_3,223,true,true,262.08612262499997,281.61420072015841,19.528078095158435,140,350,34.967071360804063,-25,150,1.05,1.0270358666344654,1.0270358666344654
23,2020-01-01T23:00:00+00:00,distributed_committable,43,223_CT_4,223,false,false,0,0,0,0,0,0,-15,19,1.05,1.05,1.0270358666344654
23,2020-01-01T23:00:00+00:00,distributed_committable,44,223_CT_5,223,false,false,0,0,0,0,0,0,-15,19,1.05,1.05,1.0270358666344654
23,2020-01-01T23:00:00+00:00,distributed_committable,45,223_CT_6,223,false,false,0,0,0,0,0,0,-15,19,1.05,1.05,1.0270358666344654
23,2020-01-01T23:00:00+00:00,distributed_committable,46,301_CT_1,301,false,false,0,0,0,0,0,0,0,10,1.05,1.05,1.0359256647883315
23,2020-01-01T23:00:00+00:00,distributed_committable,47,301_CT_2,301,false,false,0,0,0,0,0,0,0,10,1.05,1.05,1.0359256647883315
23,2020-01-01T23:00:00+00:00,distributed_committable,48,301_CT_3,301,false,false,0,0,0,0,0,0,-15,19,1.05,1.05,1.0359256647883315
23,2020-01-01T23:00:00+00:00,distributed_committable,49,301_CT_4,301,false,false,0,0,0,0,0,0,-15,19,1.05,1.05,1.0359256647883315
23,2020-01-01T23:00:00+00:00,distributed_committable,50,302_CT_1,302,false,false,0,0,0,0,0,0,0,10,1.05,1.05,1.0361662714007773
23,2020-01-01T23:00:00+00:00,distributed_committable,51,302_CT_2,302,false,false,0,0,0,0,0,0,0,10,1.05,1.05,1.0361662714007773
23,2020-01-01T23:00:00+00:00,distributed_committable,52,302_CT_3,302,false,false,0,0,0,0,0,0,-15,19,1.05,1.05,1.0361662714007773
23,2020-01-01T23:00:00+00:00,distributed_committable,53,302_CT_4,302,false,false,0,0,0,0,0,0,-15,19,1.05,1.05,1.0361662714007773
23,2020-01-01T23:00:00+00:00,distributed_committable,54,307_CT_1,307,false,false,0,0,0,0,0,0,-15,19,0.95679999999999998,0.95679999999999998,0.96192221766774433
23,2020-01-01T23:00:00+00:00,distributed_committable,55,307_CT_2,307,false,false,0,0,0,0,0,0,-15,19,0.95679999999999998,0.95679999999999998,0.96192221766774433
23,2020-01-01T23:00:00+00:00,distributed_committable,56,313_CC_1,313,true,true,231.6666668,251.99806042050938,20.331393620509374,170,355,-17.831979035648398,-25,150,1.0349999999999999,1.0029632015975223,1.0029632015975223
23,2020-01-01T23:00:00+00:00,distributed_committable,57,315_STEAM_1,315,false,false,0,0,0,0,0,0,0,6,1.0422,1.0422,1.0146944448840591
23,2020-01-01T23:00:00+00:00,distributed_committable,58,315_STEAM_2,315,false,false,0,0,0,0,0,0,0,6,1.0422,1.0422,1.0146944448840591
23,2020-01-01T23:00:00+00:00,distributed_committable,59,315_STEAM_3,315,false,false,0,0,0,0,0,0,0,6,1.0422,1.0422,1.0146944448840591
23,2020-01-01T23:00:00+00:00,distributed_committable,60,315_STEAM_4,315,false,false,0,0,0,0,0,0,0,6,1.0422,1.0422,1.0146944448840591
23,2020-01-01T23:00:00+00:00,distributed_committable,61,315_STEAM_5,315,false,false,0,0,0,0,0,0,0,6,1.0422,1.0422,1.0146944448840591
23,2020-01-01T23:00:00+00:00,distributed_committable,62,315_CT_6,315,false,false,0,0,0,0,0,0,-15,19,1.0422,1.0422,1.0146944448840591
23,2020-01-01T23:00:00+00:00,distributed_committable,63,315_CT_7,315,false,false,0,0,0,0,0,0,-15,19,1.0422,1.0422,1.0146944448840591
23,2020-01-01T23:00:00+00:00,distributed_committable,64,315_CT_8,315,false,false,0,0,0,0,0,0,0,60,1.0422,1.0422,1.0146944448840591
23,2020-01-01T23:00:00+00:00,distributed_committable,65,316_STEAM_1,316,false,false,0,0,0,0,0,0,-50,80,1.0448999999999999,1.0448999999999999,1.0135514202549423
23,2020-01-01T23:00:00+00:00,distributed_committable,66,318_CC_1,318,false,false,0,0,0,0,0,0,-25,150,1.05,1.05,1.0247364034893056
23,2020-01-01T23:00:00+00:00,distributed_committable,67,321_CC_1,321,false,false,0,0,0,0,0,0,-25,150,1.05,1.05,1.0257146259634951
23,2020-01-01T23:00:00+00:00,distributed_committable,68,322_CT_5,322,false,false,0,0,0,0,0,0,-15,19,1.05,1.05,1.0499996336138246
23,2020-01-01T23:00:00+00:00,distributed_committable,69,322_CT_6,322,false,false,0,0,0,0,0,0,-15,19,1.05,1.05,1.0499996336138246
23,2020-01-01T23:00:00+00:00,distributed_committable,70,323_CC_1,323,false,false,0,0,0,0,0,0,-25,150,1.05,1.05,1.0084647595024534
23,2020-01-01T23:00:00+00:00,distributed_committable,71,323_CC_2,323,false,false,0,0,0,0,0,0,-25,150,1.05,1.05,1.0084647595024534
23,2020-01-01T23:00:00+00:00,distributed_committable,72,114_SYNC_COND_1,114,true,false,0,0,0,0,0,-49.999294099900133,-50,200,1.0441,0.99358348915712258,0.99358348915712258
23,2020-01-01T23:00:00+00:00,distributed_committable,73,121_NUCLEAR_1,121,true,true,400,399.99999949746626,-5.0253373728992301e-07,396,400,199.99984154673024,-50,200,1.05,1.0426539037152824,1.0426539037152824
23,2020-01-01T23:00:00+00:00,distributed_committable,74,122_HYDRO_1,122,true,false,3.7999999999999998,3.7999999999999998,0,3.7999999999999998,3.7999999999999998,0.45068072901886308,-10,16,1.05,1.049999986762949,1.049999986762949
23,2020-01-01T23:00:00+00:00,distributed_committable,75,122_HYDRO_2,122,true,false,3.7999999999999998,3.7999999999999998,0,3.7999999999999998,3.7999999999999998,0.45068072901886308,-10,16,1.05,1.049999986762949,1.049999986762949
23,2020-01-01T23:00:00+00:00,distributed_committable,76,122_HYDRO_3,122,true,false,3.7999999999999998,3.7999999999999998,0,3.7999999999999998,3.7999999999999998,0.45068072901886308,-10,16,1.05,1.049999986762949,1.049999986762949
23,2020-01-01T23:00:00+00:00,distributed_committable,77,122_HYDRO_4,122,true,false,3.7999999999999998,3.7999999999999998,0,3.7999999999999998,3.7999999999999998,0.45068072901886358,-10,16,1.05,1.049999986762949,1.049999986762949
23,2020-01-01T23:00:00+00:00,distributed_committable,78,122_HYDRO_5,122,true,false,3.7999999999999998,3.7999999999999998,0,3.7999999999999998,3.7999999999999998,0.45068072901886308,-10,16,1.05,1.049999986762949,1.049999986762949
23,2020-01-01T23:00:00+00:00,distributed_committable,79,122_HYDRO_6,122,true,false,3.7999999999999998,3.7999999999999998,0,3.7999999999999998,3.7999999999999998,0.45068072901886308,-10,16,1.05,1.049999986762949,1.049999986762949
23,2020-01-01T23:00:00+00:00,distributed_committable,80,201_HYDRO_4,201,true,false,9.3000000000000007,9.3000000000000007,0,9.3000000000000007,9.3000000000000007,-9.9999736822342591,-10,16,1.05,1.0318121979093033,1.0318121979093033
23,2020-01-01T23:00:00+00:00,distributed_committable,81,214_SYNC_COND_1,214,true,false,0,0,0,0,0,-20.009220803553383,-50,200,1.05,0.99137652173890023,0.99137652173890023
23,2020-01-01T23:00:00+00:00,distributed_committable,82,215_HYDRO_1,215,true,false,9.3000000000000007,9.3000000000000007,0,9.3000000000000007,9.3000000000000007,-6.7587524634214704,-10,16,1.0437000000000001,1.0015462852838575,1.0015462852838575
23,2020-01-01T23:00:00+00:00,distributed_committable,83,215_HYDRO_2,215,true,false,9.3000000000000007,9.3000000000000007,0,9.3000000000000007,9.3000000000000007,-6.7587524634214704,-10,16,1.0437000000000001,1.0015462852838575,1.0015462852838575
23,2020-01-01T23:00:00+00:00,distributed_committable,84,215_HYDRO_3,215,true,false,9.3000000000000007,9.3000000000000007,0,9.3000000000000007,9.3000000000000007,-6.7587524634214704,-10,16,1.0437000000000001,1.0015462852838575,1.0015462852838575
23,2020-01-01T23:00:00+00:00,distributed_committable,85,222_HYDRO_1,222,true,false,9.3000000000000007,9.3000000000000007,0,9.3000000000000007,9.3000000000000007,-3.0813885369117795,-10,16,1.05,1.0091643528316698,1.0091643528316698
23,2020-01-01T23:00:00+00:00,distributed_committable,86,222_HYDRO_2,222,true,false,9.3000000000000007,9.3000000000000007,0,9.3000000000000007,9.3000000000000007,-3.0813885369117795,-10,16,1.05,1.0091643528316698,1.0091643528316698
23,2020-01-01T23:00:00+00:00,distributed_committable,87,222_HYDRO_3,222,true,false,9.3000000000000007,9.3000000000000007,0,9.3000000000000007,9.3000000000000007,-3.0813885369117795,-10,16,1.05,1.0091643528316698,1.0091643528316698
23,2020-01-01T23:00:00+00:00,distributed_committable,88,222_HYDRO_4,222,true,false,9.3000000000000007,9.3000000000000007,0,9.3000000000000007,9.3000000000000007,-3.0813885369117795,-10,16,1.05,1.0091643528316698,1.0091643528316698
23,2020-01-01T23:00:00+00:00,distributed_committable,89,222_HYDRO_5,222,true,false,9.3000000000000007,9.3000000000000007,0,9.3000000000000007,9.3000000000000007,-3.0813885369117795,-10,16,1.05,1.0091643528316698,1.0091643528316698
23,2020-01-01T23:00:00+00:00,distributed_committable,90,222_HYDRO_6,222,true,false,9.3000000000000007,9.3000000000000007,0,9.3000000000000007,9.3000000000000007,-3.0813885369117795,-10,16,1.05,1.0091643528316698,1.0091643528316698
23,2020-01-01T23:00:00+00:00,distributed_committable,91,314_SYNC_COND_1,314,true,false,0,0,0,0,0,38.749260187326485,-50,200,1.05,1.0133149820327698,1.0133149820327698
23,2020-01-01T23:00:00+00:00,distributed_committable,92,322_HYDRO_1,322,true,false,10,10,0,10,10,8.4470651047298535,-10,16,1.05,1.0499996336138246,1.0499996336138246
23,2020-01-01T23:00:00+00:00,distributed_committable,93,322_HYDRO_2,322,true,false,10,10,0,10,10,8.4470651047298535,-10,16,1.05,1.0499996336138246,1.0499996336138246
23,2020-01-01T23:00:00+00:00,distributed_committable,94,322_HYDRO_3,322,true,false,10,10,0,10,10,8.4470651047298535,-10,16,1.05,1.0499996336138246,1.0499996336138246
23,2020-01-01T23:00:00+00:00,distributed_committable,95,322_HYDRO_4,322,true,false,10,10,0,10,10,8.4470651047298535,-10,16,1.05,1.0499996336138246,1.0499996336138246
23,2020-01-01T23:00:00+00:00,distributed_committable,96,320_PV_1,320,true,false,0,0,0,0,0,0,0,0,1,1.0080119205390181,1.0080119205390181
23,2020-01-01T23:00:00+00:00,distributed_committable,97,314_PV_1,314,true,false,0,0,0,0,0,0,0,0,1.05,1.0133149820327698,1.0133149820327698
23,2020-01-01T23:00:00+00:00,distributed_committable,98,314_PV_2,314,true,false,0,0,0,0,0,0,0,0,1.05,1.0133149820327698,1.0133149820327698
23,2020-01-01T23:00:00+00:00,distributed_committable,99,313_PV_1,313,true,false,0,0,0,0,0,0,0,0,1.0349999999999999,1.0029632015975223,1.0029632015975223
23,2020-01-01T23:00:00+00:00,distributed_committable,100,314_PV_3,314,true,false,0,0,0,0,0,0,0,0,1.05,1.0133149820327698,1.0133149820327698
23,2020-01-01T23:00:00+00:00,distributed_committable,101,314_PV_4,314,true,false,0,0,0,0,0,0,0,0,1.05,1.0133149820327698,1.0133149820327698
23,2020-01-01T23:00:00+00:00,distributed_committable,102,313_PV_2,313,true,false,0,0,0,0,0,0,0,0,1.0349999999999999,1.0029632015975223,1.0029632015975223
23,2020-01-01T23:00:00+00:00,distributed_committable,103,310_PV_1,310,true,false,0,0,0,0,0,0,0,0,1,1.0499999901658876,1.0499999901658876
23,2020-01-01T23:00:00+00:00,distributed_committable,104,324_PV_1,324,true,false,0,0,0,0,0,0,0,0,1,1.0129032972348042,1.0129032972348042
23,2020-01-01T23:00:00+00:00,distributed_committable,105,312_PV_1,312,true,false,0,0,0,0,0,0,0,0,1,1.0037493937775341,1.0037493937775341
23,2020-01-01T23:00:00+00:00,distributed_committable,106,310_PV_2,310,true,false,0,0,0,0,0,0,0,0,1,1.0499999901658876,1.0499999901658876
23,2020-01-01T23:00:00+00:00,distributed_committable,107,324_PV_2,324,true,false,0,0,0,0,0,0,0,0,1,1.0129032972348042,1.0129032972348042
23,2020-01-01T23:00:00+00:00,distributed_committable,108,324_PV_3,324,true,false,0,0,0,0,0,0,0,0,1,1.0129032972348042,1.0129032972348042
23,2020-01-01T23:00:00+00:00,distributed_committable,109,113_PV_1,113,true,false,0,0,0,0,0,0,0,0,1,1.0083967200782935,1.0083967200782935
23,2020-01-01T23:00:00+00:00,distributed_committable,110,319_PV_1,319,true,false,0,0,0,0,0,0,0,0,1,1.0087260525580393,1.0087260525580393
23,2020-01-01T23:00:00+00:00,distributed_committable,111,215_PV_1,215,true,false,0,0,0,0,0,0,0,0,1.0437000000000001,1.0015462852838575,1.0015462852838575
23,2020-01-01T23:00:00+00:00,distributed_committable,112,102_PV_1,102,true,false,0,0,0,0,0,0,0,0,1.0467,1.0298924331838009,1.0298924331838009
23,2020-01-01T23:00:00+00:00,distributed_committable,113,101_PV_1,101,true,false,0,0,0,0,0,0,0,0,1.0468,1.0298711893928043,1.0298711893928043
23,2020-01-01T23:00:00+00:00,distributed_committable,114,102_PV_2,102,true,false,0,0,0,0,0,0,0,0,1.0467,1.0298924331838009,1.0298924331838009
23,2020-01-01T23:00:00+00:00,distributed_committable,115,104_PV_1,104,true,false,0,0,0,0,0,0,0,0,1,1.0201309410167769,1.0201309410167769
23,2020-01-01T23:00:00+00:00,distributed_committable,116,212_CSP_1,212,false,false,0,0,0,0,0,0,0,0,1,1,1.0044555375670137
23,2020-01-01T23:00:00+00:00,distributed_committable,117,101_PV_2,101,true,false,0,0,0,0,0,0,0,0,1.0468,1.0298711893928043,1.0298711893928043
23,2020-01-01T23:00:00+00:00,distributed_committable,118,101_PV_3,101,true,false,0,0,0,0,0,0,0,0,1.0468,1.0298711893928043,1.0298711893928043
23,2020-01-01T23:00:00+00:00,distributed_committable,119,101_PV_4,101,true,false,0,0,0,0,0,0,0,0,1.0468,1.0298711893928043,1.0298711893928043
23,2020-01-01T23:00:00+00:00,distributed_committable,120,103_PV_1,103,true,false,0,0,0,0,0,0,0,0,1,1.0238332696380372,1.0238332696380372
23,2020-01-01T23:00:00+00:00,distributed_committable,121,119_PV_1,119,true,false,0,0,0,0,0,0,0,0,1,1.0101458126501486,1.0101458126501486
23,2020-01-01T23:00:00+00:00,distributed_committable,122,308_RTPV_1,308,true,false,0,0,0,0,0,0,0,0,1,0.97907440504436549,0.97907440504436549
23,2020-01-01T23:00:00+00:00,distributed_committable,123,313_RTPV_1,313,true,false,0,0,0,0,0,0,0,0,1.0349999999999999,1.0029632015975223,1.0029632015975223
23,2020-01-01T23:00:00+00:00,distributed_committable,124,313_RTPV_2,313,true,false,0,0,0,0,0,0,0,0,1.0349999999999999,1.0029632015975223,1.0029632015975223
23,2020-01-01T23:00:00+00:00,distributed_committable,125,313_RTPV_3,313,true,false,0,0,0,0,0,0,0,0,1.0349999999999999,1.0029632015975223,1.0029632015975223
23,2020-01-01T23:00:00+00:00,distributed_committable,126,313_RTPV_4,313,true,false,0,0,0,0,0,0,0,0,1.0349999999999999,1.0029632015975223,1.0029632015975223
23,2020-01-01T23:00:00+00:00,distributed_committable,127,313_RTPV_5,313,true,false,0,0,0,0,0,0,0,0,1.0349999999999999,1.0029632015975223,1.0029632015975223
23,2020-01-01T23:00:00+00:00,distributed_committable,128,313_RTPV_6,313,true,false,0,0,0,0,0,0,0,0,1.0349999999999999,1.0029632015975223,1.0029632015975223
23,2020-01-01T23:00:00+00:00,distributed_committable,129,313_RTPV_7,313,true,false,0,0,0,0,0,0,0,0,1.0349999999999999,1.0029632015975223,1.0029632015975223
23,2020-01-01T23:00:00+00:00,distributed_committable,130,313_RTPV_8,313,true,false,0,0,0,0,0,0,0,0,1.0349999999999999,1.0029632015975223,1.0029632015975223
23,2020-01-01T23:00:00+00:00,distributed_committable,131,313_RTPV_9,313,true,false,0,0,0,0,0,0,0,0,1.0349999999999999,1.0029632015975223,1.0029632015975223
23,2020-01-01T23:00:00+00:00,distributed_committable,132,313_RTPV_10,313,true,false,0,0,0,0,0,0,0,0,1.0349999999999999,1.0029632015975223,1.0029632015975223
23,2020-01-01T23:00:00+00:00,distributed_committable,133,313_RTPV_11,313,true,false,0,0,0,0,0,0,0,0,1.0349999999999999,1.0029632015975223,1.0029632015975223
23,2020-01-01T23:00:00+00:00,distributed_committable,134,313_RTPV_12,313,true,false,0,0,0,0,0,0,0,0,1.0349999999999999,1.0029632015975223,1.0029632015975223
23,2020-01-01T23:00:00+00:00,distributed_committable,135,320_RTPV_1,320,true,false,0,0,0,0,0,0,0,0,1,1.0080119205390181,1.0080119205390181
23,2020-01-01T23:00:00+00:00,distributed_committable,136,320_RTPV_2,320,true,false,0,0,0,0,0,0,0,0,1,1.0080119205390181,1.0080119205390181
23,2020-01-01T23:00:00+00:00,distributed_committable,137,320_RTPV_3,320,true,false,0,0,0,0,0,0,0,0,1,1.0080119205390181,1.0080119205390181
23,2020-01-01T23:00:00+00:00,distributed_committable,138,313_RTPV_13,313,true,false,0,0,0,0,0,0,0,0,1.0349999999999999,1.0029632015975223,1.0029632015975223
23,2020-01-01T23:00:00+00:00,distributed_committable,139,320_RTPV_4,320,true,false,0,0,0,0,0,0,0,0,1,1.0080119205390181,1.0080119205390181
23,2020-01-01T23:00:00+00:00,distributed_committable,140,320_RTPV_5,320,true,false,0,0,0,0,0,0,0,0,1,1.0080119205390181,1.0080119205390181
23,2020-01-01T23:00:00+00:00,distributed_committable,141,118_RTPV_1,118,true,false,0,0,0,0,0,0,0,0,1,1.0330177828350189,1.0330177828350189
23,2020-01-01T23:00:00+00:00,distributed_committable,142,118_RTPV_2,118,true,false,0,0,0,0,0,0,0,0,1,1.0330177828350189,1.0330177828350189
23,2020-01-01T23:00:00+00:00,distributed_committable,143,118_RTPV_3,118,true,false,0,0,0,0,0,0,0,0,1,1.0330177828350189,1.0330177828350189
23,2020-01-01T23:00:00+00:00,distributed_committable,144,118_RTPV_4,118,true,false,0,0,0,0,0,0,0,0,1,1.0330177828350189,1.0330177828350189
23,2020-01-01T23:00:00+00:00,distributed_committable,145,118_RTPV_5,118,true,false,0,0,0,0,0,0,0,0,1,1.0330177828350189,1.0330177828350189
23,2020-01-01T23:00:00+00:00,distributed_committable,146,118_RTPV_6,118,true,false,0,0,0,0,0,0,0,0,1,1.0330177828350189,1.0330177828350189
23,2020-01-01T23:00:00+00:00,distributed_committable,147,320_RTPV_6,320,true,false,0,0,0,0,0,0,0,0,1,1.0080119205390181,1.0080119205390181
23,2020-01-01T23:00:00+00:00,distributed_committable,148,118_RTPV_7,118,true,false,0,0,0,0,0,0,0,0,1,1.0330177828350189,1.0330177828350189
23,2020-01-01T23:00:00+00:00,distributed_committable,149,118_RTPV_8,118,true,false,0,0,0,0,0,0,0,0,1,1.0330177828350189,1.0330177828350189
23,2020-01-01T23:00:00+00:00,distributed_committable,150,118_RTPV_9,118,true,false,0,0,0,0,0,0,0,0,1,1.0330177828350189,1.0330177828350189
23,2020-01-01T23:00:00+00:00,distributed_committable,151,118_RTPV_10,118,true,false,0,0,0,0,0,0,0,0,1,1.0330177828350189,1.0330177828350189
23,2020-01-01T23:00:00+00:00,distributed_committable,152,213_RTPV_1,213,true,false,0,0,0,0,0,0,0,0,1,1.0008135451144113,1.0008135451144113
23,2020-01-01T23:00:00+00:00,distributed_committable,153,309_WIND_1,309,true,false,0.10000000000000001,0.10000000000000001,0,0.10000000000000001,0.10000000000000001,0,0,0,1,1.0220911013445986,1.0220911013445986
23,2020-01-01T23:00:00+00:00,distributed_committable,154,317_WIND_1,317,true,false,693.44407887499995,693.44407887499995,0,693.44407887499995,693.44407887499995,0,0,0,1,1.0295741823847044,1.0295741823847044
23,2020-01-01T23:00:00+00:00,distributed_committable,155,303_WIND_1,303,true,false,141.09999999999999,141.09999999999999,0,141.09999999999999,141.09999999999999,0,0,0,1,1.0317008564939827,1.0317008564939827
23,2020-01-01T23:00:00+00:00,distributed_committable,156,122_WIND_1,122,true,false,568.39999999999998,568.39999999999998,0,568.39999999999998,568.39999999999998,0,0,0,1.05,1.049999986762949,1.049999986762949
23,2020-01-01T23:00:00+00:00,distributed_committable,157,313_STORAGE_1,313,false,false,0,0,0,0,0,0,0,0,1,1,1.0029632015975223
