timestamp,branch_uid,from_bus,to_bus,flow_mw,continuous_rating_mw,loading_fraction
2020-01-01T00:00:00+00:00,A1,101,102,18.24507817,175,0.10425759
2020-01-01T00:00:00+00:00,A10,106,110,-19.854305159,175,0.113453172
2020-01-01T00:00:00+00:00,A11,107,108,-92.405092658,175,0.528029101
2020-01-01T00:00:00+00:00,A12-1,108,109,-83.641065305,175,0.477948945
2020-01-01T00:00:00+00:00,A13-2,108,110,-67.865214885,175,0.387801228
2020-01-01T00:00:00+00:00,A14,109,111,-53.419382247,400,0.133548456
2020-01-01T00:00:00+00:00,A15,109,112,-26.89762495,400,0.067244062
2020-01-01T00:00:00+00:00,A16,110,111,-84.739154015,400,0.211847885
2020-01-01T00:00:00+00:00,A17,110,112,-57.825449566,400,0.144563624
2020-01-01T00:00:00+00:00,A18,111,113,54.116014346,500,0.108232029
2020-01-01T00:00:00+00:00,A19,111,114,-192.274550609,500,0.384549101
2020-01-01T00:00:00+00:00,A2,101,103,-32.662241048,175,0.186641377
2020-01-01T00:00:00+00:00,A20,112,113,6.310546819,500,0.012621094
2020-01-01T00:00:00+00:00,A21,112,123,-91.033621336,500,0.182067243
2020-01-01T00:00:00+00:00,A22,113,123,-104.978936976,500,0.209957874
2020-01-01T00:00:00+00:00,A23,114,116,-259.325020674,500,0.518650041
2020-01-01T00:00:00+00:00,A24,115,116,201.641625876,500,0.403283252
2020-01-01T00:00:00+00:00,A25-1,115,121,-207.945740423,500,0.415891481
2020-01-01T00:00:00+00:00,A25-2,115,121,-207.945740423,500,0.415891481
2020-01-01T00:00:00+00:00,A26,115,124,166.6880044,500,0.333376009
2020-01-01T00:00:00+00:00,A27,116,117,-387.023681173,500,0.774047362
2020-01-01T00:00:00+00:00,A28,116,119,356.778188402,500,0.713556377
2020-01-01T00:00:00+00:00,A29,117,118,-76.238518109,500,0.152477036
2020-01-01T00:00:00+00:00,A3,101,105,37.090097068,175,0.211943412
2020-01-01T00:00:00+00:00,A30,117,122,-310.785163064,500,0.621570326
2020-01-01T00:00:00+00:00,A31-1,118,121,-95.665152178,500,0.191330304
2020-01-01T00:00:00+00:00,A31-2,118,121,-95.665152178,500,0.191330304
2020-01-01T00:00:00+00:00,A32-1,119,120,147.110395537,500,0.294220791
2020-01-01T00:00:00+00:00,A32-2,119,120,147.110395537,500,0.294220791
2020-01-01T00:00:00+00:00,A33-1,120,123,124.990652835,500,0.249981306
2020-01-01T00:00:00+00:00,A33-2,120,123,124.990652835,500,0.249981306
2020-01-01T00:00:00+00:00,A34,121,122,-427.614836936,500,0.855229674
2020-01-01T00:00:00+00:00,A4,102,104,17.569695055,175,0.100398257
2020-01-01T00:00:00+00:00,A5,102,106,27.150148082,175,0.155143703
2020-01-01T00:00:00+00:00,A6,103,109,71.813987003,175,0.41036564
2020-01-01T00:00:00+00:00,A7,103,124,-166.6880044,400,0.416720011
2020-01-01T00:00:00+00:00,A8,104,109,-8.006257444,175,0.045750043
2020-01-01T00:00:00+00:00,A9,105,110,12.551007508,175,0.071720043
2020-01-01T00:00:00+00:00,AB1,107,203,49.202470193,175,0.281156973
2020-01-01T00:00:00+00:00,AB2,113,215,173.815938516,500,0.347631877
2020-01-01T00:00:00+00:00,AB3,123,217,255.968747357,500,0.511937495
2020-01-01T00:00:00+00:00,B1,201,202,8.284750392,175,0.047341431
2020-01-01T00:00:00+00:00,B10,206,210,-31.818975048,175,0.181822715
2020-01-01T00:00:00+00:00,B11,207,208,-48.362978114,175,0.276359875
2020-01-01T00:00:00+00:00,B12-1,208,209,-152.088418563,175,0.869076678
2020-01-01T00:00:00+00:00,B13-2,208,210,-135.539280278,175,0.774510173
2020-01-01T00:00:00+00:00,B14,209,211,-78.418612342,400,0.196046531
2020-01-01T00:00:00+00:00,B15,209,212,-98.676589625,400,0.246691474
2020-01-01T00:00:00+00:00,B16,210,211,-111.604341507,400,0.279010854
2020-01-01T00:00:00+00:00,B17,210,212,-132.161697764,400,0.330404244
2020-01-01T00:00:00+00:00,B18,211,213,-68.785978476,500,0.137571957
2020-01-01T00:00:00+00:00,B19,211,214,-121.236975373,500,0.242473951
2020-01-01T00:00:00+00:00,B2,201,203,-37.278996964,175,0.21302284
2020-01-01T00:00:00+00:00,B20,212,213,-32.270974423,500,0.064541949
2020-01-01T00:00:00+00:00,B21,212,223,-198.567312967,500,0.397134626
2020-01-01T00:00:00+00:00,B22,213,223,-203.5864665,500,0.407172933
2020-01-01T00:00:00+00:00,B23,214,216,-196.296317406,500,0.392592635
2020-01-01T00:00:00+00:00,B24,215,216,11.34294163,500,0.022685883
2020-01-01T00:00:00+00:00,B25-1,215,221,-25.685932815,500,0.051371866
2020-01-01T00:00:00+00:00,B25-2,215,221,-25.685932815,500,0.051371866
2020-01-01T00:00:00+00:00,B26,215,224,119.096350018,500,0.2381927
2020-01-01T00:00:00+00:00,B27,216,217,-131.557908032,500,0.263115816
2020-01-01T00:00:00+00:00,B28,216,219,-30.085850235,500,0.0601717
2020-01-01T00:00:00+00:00,B29,217,218,134.961909306,500,0.269923819
2020-01-01T00:00:00+00:00,B3,201,205,26.508633482,175,0.151477906
2020-01-01T00:00:00+00:00,B30,217,222,-10.551069981,500,0.02110214
2020-01-01T00:00:00+00:00,B31-1,218,221,3.061467805,500,0.006122936
2020-01-01T00:00:00+00:00,B31-2,218,221,3.061467805,500,0.006122936
2020-01-01T00:00:00+00:00,B32-1,219,220,-50.057721272,500,0.100115443
2020-01-01T00:00:00+00:00,B32-2,219,220,-50.057721272,500,0.100115443
2020-01-01T00:00:00+00:00,B33-1,220,223,-74.819566066,500,0.149639132
2020-01-01T00:00:00+00:00,B33-2,220,223,-74.819566066,500,0.149639132
2020-01-01T00:00:00+00:00,B34,221,222,-45.248930019,500,0.09049786
2020-01-01T00:00:00+00:00,B4,202,204,9.955134235,175,0.056886481
2020-01-01T00:00:00+00:00,B5,202,206,20.79994514,175,0.118856829
2020-01-01T00:00:00+00:00,B6,203,209,61.377134763,175,0.350726484
2020-01-01T00:00:00+00:00,B7,203,224,-119.096350018,400,0.297740875
2020-01-01T00:00:00+00:00,B8,204,209,-18.675748808,175,0.106718565
2020-01-01T00:00:00+00:00,B9,205,210,-0.961538087,175,0.005494503
2020-01-01T00:00:00+00:00,C1,301,302,37.337113918,175,0.213354937
2020-01-01T00:00:00+00:00,C10,306,310,-42.547194144,175,0.243126824
2020-01-01T00:00:00+00:00,C11,307,308,-54.808604868,175,0.313192028
2020-01-01T00:00:00+00:00,C12-1,308,309,-92.789592846,175,0.530226245
2020-01-01T00:00:00+00:00,C13-2,308,310,-36.997183483,175,0.211412477
2020-01-01T00:00:00+00:00,C14,309,311,24.102587795,400,0.060256469
2020-01-01T00:00:00+00:00,C15,309,312,17.861241108,400,0.044653103
2020-01-01T00:00:00+00:00,C16,310,311,-83.513859359,400,0.208784648
2020-01-01T00:00:00+00:00,C17,310,312,-89.847442696,400,0.224618607
2020-01-01T00:00:00+00:00,C18,311,313,1.61827953,500,0.003236559
2020-01-01T00:00:00+00:00,C19,311,314,-61.029551094,500,0.122059102
2020-01-01T00:00:00+00:00,C2,301,303,-107.507535256,175,0.614328773
2020-01-01T00:00:00+00:00,C20,312,313,12.868306934,500,0.025736614
2020-01-01T00:00:00+00:00,C21,312,323,-84.854508523,500,0.169709017
2020-01-01T00:00:00+00:00,C22,313,323,-101.707655857,500,0.203415312
2020-01-01T00:00:00+00:00,C23,314,316,-146.09250585,500,0.292185012
2020-01-01T00:00:00+00:00,C24,315,316,-4.664957305,500,0.009329915
2020-01-01T00:00:00+00:00,C25-1,315,321,-46.51831705,500,0.093036634
2020-01-01T00:00:00+00:00,C25-2,315,321,-46.51831705,500,0.093036634
2020-01-01T00:00:00+00:00,C26,315,324,-41.293030541,500,0.082586061
2020-01-01T00:00:00+00:00,C27,316,317,-334.26033093,500,0.668520662
2020-01-01T00:00:00+00:00,C28,316,319,101.655983881,500,0.203311968
2020-01-01T00:00:00+00:00,C29,317,318,449.263511019,500,0.898527022
2020-01-01T00:00:00+00:00,C3,301,305,22.815786732,175,0.130375924
2020-01-01T00:00:00+00:00,C30,317,322,11.576158051,500,0.023152316
2020-01-01T00:00:00+00:00,C31-1,318,321,7.730238024,500,0.015460476
2020-01-01T00:00:00+00:00,C31-2,318,321,7.730238024,500,0.015460476
2020-01-01T00:00:00+00:00,C32-1,319,320,11.146562016,500,0.022293124
2020-01-01T00:00:00+00:00,C32-2,319,320,11.146562016,500,0.022293124
2020-01-01T00:00:00+00:00,C33-1,320,323,-16.915443677,500,0.033830887
2020-01-01T00:00:00+00:00,C33-2,320,323,-16.915443677,500,0.033830887
2020-01-01T00:00:00+00:00,C34,321,322,-77.576158051,500,0.155152316
2020-01-01T00:00:00+00:00,C35,323,325,-220.393051734,722,0.305253534
2020-01-01T00:00:00+00:00,C4,302,304,-22.278931413,175,0.12730818
2020-01-01T00:00:00+00:00,C5,302,306,17.084567952,175,0.097626103
2020-01-01T00:00:00+00:00,C6,303,309,123.411094059,175,0.705206252
2020-01-01T00:00:00+00:00,C7,303,324,41.293030541,400,0.103232576
2020-01-01T00:00:00+00:00,C8,304,309,-54.725625495,175,0.31271786
2020-01-01T00:00:00+00:00,C9,305,310,-8.315500833,175,0.047517148
2020-01-01T00:00:00+00:00,CA-1,325,121,-220.393051734,500,0.440786103
2020-01-01T00:00:00+00:00,CB-1,318,223,287.7929116,500,0.575585823
2020-01-01T01:00:00+00:00,A1,101,102,17.932942069,175,0.102473955
2020-01-01T01:00:00+00:00,A10,106,110,-20.111731574,175,0.11492418
2020-01-01T01:00:00+00:00,A11,107,108,-90.343023642,175,0.516245849
2020-01-01T01:00:00+00:00,A12-1,108,109,-82.537817523,175,0.471644672
2020-01-01T01:00:00+00:00,A13-2,108,110,-66.948699441,175,0.382563997
2020-01-01T01:00:00+00:00,A14,109,111,-53.248416457,400,0.133121041
2020-01-01T01:00:00+00:00,A15,109,112,-27.546448854,400,0.068866122
2020-01-01T01:00:00+00:00,A16,110,111,-84.204286599,400,0.210510716
2020-01-01T01:00:00+00:00,A17,110,112,-58.122486962,400,0.145306217
2020-01-01T01:00:00+00:00,A18,111,113,51.380527655,500,0.102761055
2020-01-01T01:00:00+00:00,A19,111,114,-188.83323071,500,0.377666461
2020-01-01T01:00:00+00:00,A2,101,103,-32.021374391,175,0.182979282
2020-01-01T01:00:00+00:00,A20,112,113,5.052731051,500,0.010105462
2020-01-01T01:00:00+00:00,A21,112,123,-90.721666867,500,0.181443334
2020-01-01T01:00:00+00:00,A22,113,123,-103.937158351,500,0.207874317
2020-01-01T01:00:00+00:00,A23,114,116,-255.931696818,500,0.511863394
2020-01-01T01:00:00+00:00,A24,115,116,196.764263463,500,0.393528527
2020-01-01T01:00:00+00:00,A25-1,115,121,-204.5445312,500,0.409089062
2020-01-01T01:00:00+00:00,A25-2,115,121,-204.5445312,500,0.409089062
2020-01-01T01:00:00+00:00,A26,115,124,164.684521844,500,0.329369044
2020-01-01T01:00:00+00:00,A27,116,117,-381.427392411,500,0.762854785
2020-01-01T01:00:00+00:00,A28,116,119,349.673120856,500,0.699346242
2020-01-01T01:00:00+00:00,A29,117,118,-72.344373307,500,0.144688747
2020-01-01T01:00:00+00:00,A3,101,105,36.734647066,175,0.209912269
2020-01-01T01:00:00+00:00,A30,117,122,-309.083019104,500,0.618166038
2020-01-01T01:00:00+00:00,A31-1,118,121,-93.759272257,500,0.187518545
2020-01-01T01:00:00+00:00,A31-2,118,121,-93.759272257,500,0.187518545
2020-01-01T01:00:00+00:00,A32-1,119,120,143.535471857,500,0.287070944
2020-01-01T01:00:00+00:00,A32-2,119,120,143.535471857,500,0.287070944
2020-01-01T01:00:00+00:00,A33-1,120,123,121.399895409,500,0.242799791
2020-01-01T01:00:00+00:00,A33-2,120,123,121.399895409,500,0.242799791
2020-01-01T01:00:00+00:00,A34,121,122,-426.516980896,500,0.853033962
2020-01-01T01:00:00+00:00,A4,102,104,17.457340636,175,0.099756232
2020-01-01T01:00:00+00:00,A5,102,106,26.926368378,175,0.153864962
2020-01-01T01:00:00+00:00,A6,103,109,70.406838693,175,0.402324793
2020-01-01T01:00:00+00:00,A7,103,124,-164.684521844,400,0.411711305
2020-01-01T01:00:00+00:00,A8,104,109,-8.136919632,175,0.046496684
2020-01-01T01:00:00+00:00,A9,105,110,12.177991944,175,0.069588525
2020-01-01T01:00:00+00:00,AB1,107,203,47.109475892,175,0.269197005
2020-01-01T01:00:00+00:00,AB2,113,215,168.715295827,500,0.337430592
2020-01-01T01:00:00+00:00,AB3,123,217,250.140965599,500,0.500281931
2020-01-01T01:00:00+00:00,B1,201,202,8.0110357,175,0.045777347
2020-01-01T01:00:00+00:00,B10,206,210,-30.817733778,175,0.176101336
2020-01-01T01:00:00+00:00,B11,207,208,-47.497245395,175,0.271412831
2020-01-01T01:00:00+00:00,B12-1,208,209,-152.269743075,175,0.870112818
2020-01-01T01:00:00+00:00,B13-2,208,210,-136.07873402,175,0.777592766
2020-01-01T01:00:00+00:00,B14,209,211,-78.013146933,400,0.195032867
2020-01-01T01:00:00+00:00,B15,209,212,-98.033038838,400,0.245082597
2020-01-01T01:00:00+00:00,B16,210,211,-110.49981195,400,0.27624953
2020-01-01T01:00:00+00:00,B17,210,212,-130.815564327,400,0.327038911
2020-01-01T01:00:00+00:00,B18,211,213,-68.369407409,500,0.136738815
2020-01-01T01:00:00+00:00,B19,211,214,-120.143551474,500,0.240287103
2020-01-01T01:00:00+00:00,B2,201,203,-36.203885442,175,0.206879345
2020-01-01T01:00:00+00:00,B20,212,213,-32.283552249,500,0.064567104
2020-01-01T01:00:00+00:00,B21,212,223,-196.565050916,500,0.393130102
2020-01-01T01:00:00+00:00,B22,213,223,-201.347119895,500,0.40269424
2020-01-01T01:00:00+00:00,B23,214,216,-193.859276327,500,0.387718553
2020-01-01T01:00:00+00:00,B24,215,216,10.162485509,500,0.020324971
2020-01-01T01:00:00+00:00,B25-1,215,221,-25.717406495,500,0.051434813
2020-01-01T01:00:00+00:00,B25-2,215,221,-25.717406495,500,0.051434813
2020-01-01T01:00:00+00:00,B26,215,224,118.034608986,500,0.236069218
2020-01-01T01:00:00+00:00,B27,216,217,-129.173490878,500,0.258346982
2020-01-01T01:00:00+00:00,B28,216,219,-30.521096256,500,0.061042193
2020-01-01T01:00:00+00:00,B29,217,218,132.241488646,500,0.264482977
2020-01-01T01:00:00+00:00,B3,201,205,26.655229721,175,0.152315598
2020-01-01T01:00:00+00:00,B30,217,222,-11.274013925,500,0.022548028
2020-01-01T01:00:00+00:00,B31-1,218,221,2.854413457,500,0.005708827
2020-01-01T01:00:00+00:00,B31-2,218,221,2.854413457,500,0.005708827
2020-01-01T01:00:00+00:00,B32-1,219,220,-49.648553794,500,0.099297108
2020-01-01T01:00:00+00:00,B32-2,219,220,-49.648553794,500,0.099297108
2020-01-01T01:00:00+00:00,B33-1,220,223,-73.967143436,500,0.147934287
2020-01-01T01:00:00+00:00,B33-2,220,223,-73.967143436,500,0.147934287
2020-01-01T01:00:00+00:00,B34,221,222,-45.725986075,500,0.091451972
2020-01-01T01:00:00+00:00,B4,202,204,10.293904062,175,0.058822309
2020-01-01T01:00:00+00:00,B5,202,206,20.859269211,175,0.119195824
2020-01-01T01:00:00+00:00,B6,203,209,60.544166068,175,0.345966663
2020-01-01T01:00:00+00:00,B7,203,224,-118.034608986,400,0.295086522
2020-01-01T01:00:00+00:00,B8,204,209,-17.824465211,175,0.101854087
2020-01-01T01:00:00+00:00,B9,205,210,-0.323205663,175,0.00184689
2020-01-01T01:00:00+00:00,C1,301,302,48.862073645,175,0.279211849
2020-01-01T01:00:00+00:00,C10,306,310,-39.554332423,175,0.226024757
2020-01-01T01:00:00+00:00,C11,307,308,-52.297532412,175,0.298843042
2020-01-01T01:00:00+00:00,C12-1,308,309,-80.804049884,175,0.461737428
2020-01-01T01:00:00+00:00,C13-2,308,310,-43.036506868,175,0.245922896
2020-01-01T01:00:00+00:00,C14,309,311,-9.512871145,400,0.023782178
2020-01-01T01:00:00+00:00,C15,309,312,-13.479852666,400,0.033699632
2020-01-01T01:00:00+00:00,C16,310,311,-82.743352207,400,0.206858381
2020-01-01T01:00:00+00:00,C17,310,312,-86.768959071,400,0.216922398
2020-01-01T01:00:00+00:00,C18,311,313,-5.446050761,500,0.010892102
2020-01-01T01:00:00+00:00,C19,311,314,-86.81017259,500,0.173620345
2020-01-01T01:00:00+00:00,C2,301,303,-118.414818637,175,0.676656106
2020-01-01T01:00:00+00:00,C20,312,313,1.704433431,500,0.003408867
2020-01-01T01:00:00+00:00,C21,312,323,-101.953245167,500,0.20390649
2020-01-01T01:00:00+00:00,C22,313,323,-114.612386045,500,0.229224772
2020-01-01T01:00:00+00:00,C23,314,316,-167.975942894,500,0.335951886
2020-01-01T01:00:00+00:00,C24,315,316,12.861432451,500,0.025722865
2020-01-01T01:00:00+00:00,C25-1,315,321,-51.772311123,500,0.103544622
2020-01-01T01:00:00+00:00,C25-2,315,321,-51.772311123,500,0.103544622
2020-01-01T01:00:00+00:00,C26,315,324,-41.943352403,500,0.083886705
2020-01-01T01:00:00+00:00,C27,316,317,-350.888293725,500,0.701776587
2020-01-01T01:00:00+00:00,C28,316,319,115.935757353,500,0.231871515
2020-01-01T01:00:00+00:00,C29,317,318,438.62148639,500,0.877242973
2020-01-01T01:00:00+00:00,C3,301,305,24.367676987,175,0.139243868
2020-01-01T01:00:00+00:00,C30,317,322,4.890219885,500,0.00978044
2020-01-01T01:00:00+00:00,C31-1,318,321,8.727201181,500,0.017454402
2020-01-01T01:00:00+00:00,C31-2,318,321,8.727201181,500,0.017454402
2020-01-01T01:00:00+00:00,C32-1,319,320,20.10446521,500,0.04020893
2020-01-01T01:00:00+00:00,C32-2,319,320,20.10446521,500,0.04020893
2020-01-01T01:00:00+00:00,C33-1,320,323,-6.671871385,500,0.013343743
2020-01-01T01:00:00+00:00,C33-2,320,323,-6.671871385,500,0.013343743
2020-01-01T01:00:00+00:00,C34,321,322,-86.090219885,500,0.17218044
2020-01-01T01:00:00+00:00,C35,323,325,-229.909373982,722,0.318434036
2020-01-01T01:00:00+00:00,C4,302,304,-9.066194348,175,0.051806825
2020-01-01T01:00:00+00:00,C5,302,306,17.345382841,175,0.099116473
2020-01-01T01:00:00+00:00,C6,303,309,171.054204987,175,0.9774526
2020-01-01T01:00:00+00:00,C7,303,324,41.943352403,400,0.104858381
2020-01-01T01:00:00+00:00,C8,304,309,-40.026333536,175,0.228721906
2020-01-01T01:00:00+00:00,C9,305,310,-5.337321423,175,0.03049898
2020-01-01T01:00:00+00:00,CA-1,325,121,-229.909373982,500,0.459818748
2020-01-01T01:00:00+00:00,CB-1,318,223,281.846457682,500,0.563692915
2020-01-01T02:00:00+00:00,A1,101,102,18.220715249,175,0.104118373
2020-01-01T02:00:00+00:00,A10,106,110,-20.88717264,175,0.119355272
2020-01-01T02:00:00+00:00,A11,107,108,-90.000713532,175,0.514289792
2020-01-01T02:00:00+00:00,A12-1,108,109,-82.982037089,175,0.474183069
2020-01-01T02:00:00+00:00,A13-2,108,110,-67.114050043,175,0.383508857
2020-01-01T02:00:00+00:00,A14,109,111,-54.072800926,400,0.135182002
2020-01-01T02:00:00+00:00,A15,109,112,-28.113138651,400,0.070282847
2020-01-01T02:00:00+00:00,A16,110,111,-85.580537164,400,0.213951343
2020-01-01T02:00:00+00:00,A17,110,112,-59.23723456,400,0.148093086
2020-01-01T02:00:00+00:00,A18,111,113,51.367785992,500,0.102735572
2020-01-01T02:00:00+00:00,A19,111,114,-191.021124082,500,0.382042248
2020-01-01T02:00:00+00:00,A2,101,103,-32.840831275,175,0.187661893
2020-01-01T02:00:00+00:00,A20,112,113,4.575494741,500,0.009150989
2020-01-01T02:00:00+00:00,A21,112,123,-91.925867952,500,0.183851736
2020-01-01T02:00:00+00:00,A22,113,123,-105.016470562,500,0.210032941
2020-01-01T02:00:00+00:00,A23,114,116,-259.199501149,500,0.518399002
2020-01-01T02:00:00+00:00,A24,115,116,200.673547875,500,0.401347096
2020-01-01T02:00:00+00:00,A25-1,115,121,-208.628694253,500,0.417257389
2020-01-01T02:00:00+00:00,A25-2,115,121,-208.628694253,500,0.417257389
2020-01-01T02:00:00+00:00,A26,115,124,167.178966764,500,0.334357934
2020-01-01T02:00:00+00:00,A27,116,117,-385.587971886,500,0.771175944
2020-01-01T02:00:00+00:00,A28,116,119,353.918525278,500,0.707837051
2020-01-01T02:00:00+00:00,A29,117,118,-77.318786549,500,0.154637573
2020-01-01T02:00:00+00:00,A3,101,105,36.665143226,175,0.209515104
2020-01-01T02:00:00+00:00,A30,117,122,-308.269185337,500,0.616538371
2020-01-01T02:00:00+00:00,A31-1,118,121,-97.173309675,500,0.194346619
2020-01-01T02:00:00+00:00,A31-2,118,121,-97.173309675,500,0.194346619
2020-01-01T02:00:00+00:00,A32-1,119,120,145.154401172,500,0.290308802
2020-01-01T02:00:00+00:00,A32-2,119,120,145.154401172,500,0.290308802
2020-01-01T02:00:00+00:00,A33-1,120,123,122.662565439,500,0.245325131
2020-01-01T02:00:00+00:00,A33-2,120,123,122.662565439,500,0.245325131
2020-01-01T02:00:00+00:00,A34,121,122,-422.930814663,500,0.845861629
2020-01-01T02:00:00+00:00,A4,102,104,17.223548423,175,0.098420277
2020-01-01T02:00:00+00:00,A5,102,106,26.907978293,175,0.153759876
2020-01-01T02:00:00+00:00,A6,103,109,71.079847489,175,0.406170557
2020-01-01T02:00:00+00:00,A7,103,124,-167.178966764,400,0.417947417
2020-01-01T02:00:00+00:00,A8,104,109,-8.782636644,175,0.050186495
2020-01-01T02:00:00+00:00,A9,105,110,11.71326296,175,0.066932931
2020-01-01T02:00:00+00:00,AB1,107,203,46.071346865,175,0.263264839
2020-01-01T02:00:00+00:00,AB2,113,215,167.829493961,500,0.335658988
2020-01-01T02:00:00+00:00,AB3,123,217,250.382792365,500,0.500765585
2020-01-01T02:00:00+00:00,B1,201,202,7.805113353,175,0.044600648
2020-01-01T02:00:00+00:00,B10,206,210,-30.746308857,175,0.175693193
2020-01-01T02:00:00+00:00,B11,207,208,-47.359515175,175,0.270625801
2020-01-01T02:00:00+00:00,B12-1,208,209,-152.698396948,175,0.872562268
2020-01-01T02:00:00+00:00,B13-2,208,210,-136.594768321,175,0.780541533
2020-01-01T02:00:00+00:00,B14,209,211,-78.2489605,400,0.195622401
2020-01-01T02:00:00+00:00,B15,209,212,-98.396409141,400,0.245991023
2020-01-01T02:00:00+00:00,B16,210,211,-110.570006871,400,0.276425017
2020-01-01T02:00:00+00:00,B17,210,212,-131.015201059,400,0.327538003
2020-01-01T02:00:00+00:00,B18,211,213,-68.787452298,500,0.137574905
2020-01-01T02:00:00+00:00,B19,211,214,-120.031515073,500,0.24006303
2020-01-01T02:00:00+00:00,B2,201,203,-35.960652006,175,0.20548944
2020-01-01T02:00:00+00:00,B20,212,213,-32.471676123,500,0.064943352
2020-01-01T02:00:00+00:00,B21,212,223,-196.939934077,500,0.393879868
2020-01-01T02:00:00+00:00,B22,213,223,-201.661300593,500,0.403322601
2020-01-01T02:00:00+00:00,B23,214,216,-193.533482625,500,0.387066965
2020-01-01T02:00:00+00:00,B24,215,216,8.791050558,500,0.017582101
2020-01-01T02:00:00+00:00,B25-1,215,221,-25.686094844,500,0.05137219
2020-01-01T02:00:00+00:00,B25-2,215,221,-25.686094844,500,0.05137219
2020-01-01T02:00:00+00:00,B26,215,224,118.206902607,500,0.236413805
2020-01-01T02:00:00+00:00,B27,216,217,-128.644854249,500,0.257289708
2020-01-01T02:00:00+00:00,B28,216,219,-31.985189959,500,0.06397038
2020-01-01T02:00:00+00:00,B29,217,218,132.476090118,500,0.26495218
2020-01-01T02:00:00+00:00,B3,201,205,26.536917542,175,0.151639529
2020-01-01T02:00:00+00:00,B30,217,222,-10.738152002,500,0.021476304
2020-01-01T02:00:00+00:00,B31-1,218,221,3.155170845,500,0.006310342
2020-01-01T02:00:00+00:00,B31-2,218,221,3.155170845,500,0.006310342
2020-01-01T02:00:00+00:00,B32-1,219,220,-50.280883967,500,0.100561768
2020-01-01T02:00:00+00:00,B32-2,219,220,-50.280883967,500,0.100561768
2020-01-01T02:00:00+00:00,B33-1,220,223,-74.528955736,500,0.149057911
2020-01-01T02:00:00+00:00,B33-2,220,223,-74.528955736,500,0.149057911
2020-01-01T02:00:00+00:00,B34,221,222,-45.061847998,500,0.090123696
2020-01-01T02:00:00+00:00,B4,202,204,10.273285923,175,0.058704491
2020-01-01T02:00:00+00:00,B5,202,206,20.780843654,175,0.118747678
2020-01-01T02:00:00+00:00,B6,203,209,60.119895614,175,0.343542261
2020-01-01T02:00:00+00:00,B7,203,224,-118.206902607,400,0.295517257
2020-01-01T02:00:00+00:00,B8,204,209,-17.763547061,175,0.101505983
2020-01-01T02:00:00+00:00,B9,205,210,-0.363287078,175,0.002075926
2020-01-01T02:00:00+00:00,C1,301,302,32.654729554,175,0.186598455
2020-01-01T02:00:00+00:00,C10,306,310,-40.476147121,175,0.231292269
2020-01-01T02:00:00+00:00,C11,307,308,-51.130971228,175,0.292176978
2020-01-01T02:00:00+00:00,C12-1,308,309,-86.937758977,175,0.496787194
2020-01-01T02:00:00+00:00,C13-2,308,310,-34.140380891,175,0.195087891
2020-01-01T02:00:00+00:00,C14,309,311,23.297040653,400,0.058242602
2020-01-01T02:00:00+00:00,C15,309,312,16.999536628,400,0.042498842
2020-01-01T02:00:00+00:00,C16,310,311,-78.535156308,400,0.196337891
2020-01-01T02:00:00+00:00,C17,310,312,-84.925726895,400,0.212314317
2020-01-01T02:00:00+00:00,C18,311,313,0.652870358,500,0.001305741
2020-01-01T02:00:00+00:00,C19,311,314,-55.890986013,500,0.111781972
2020-01-01T02:00:00+00:00,C2,301,303,-96.794240277,175,0.553109944
2020-01-01T02:00:00+00:00,C20,312,313,12.004121363,500,0.024008243
2020-01-01T02:00:00+00:00,C21,312,323,-79.93031163,500,0.159860623
2020-01-01T02:00:00+00:00,C22,313,323,-95.740667282,500,0.191481335
2020-01-01T02:00:00+00:00,C23,314,316,-135.246253359,500,0.270492507
2020-01-01T02:00:00+00:00,C24,315,316,-12.230690131,500,0.02446138
2020-01-01T02:00:00+00:00,C25-1,315,321,-42.303146527,500,0.084606293
2020-01-01T02:00:00+00:00,C25-2,315,321,-42.303146527,500,0.084606293
2020-01-01T02:00:00+00:00,C26,315,324,-32.831159849,500,0.06566232
2020-01-01T02:00:00+00:00,C27,316,317,-317.121653451,500,0.634243307
2020-01-01T02:00:00+00:00,C28,316,319,90.739932979,500,0.181479866
2020-01-01T02:00:00+00:00,C29,317,318,438.465453242,500,0.876930906
2020-01-01T02:00:00+00:00,C3,301,305,19.962351582,175,0.11407058
2020-01-01T02:00:00+00:00,C30,317,322,18.012893307,500,0.036025787
2020-01-01T02:00:00+00:00,C31-1,318,321,9.296699874,500,0.0185934
2020-01-01T02:00:00+00:00,C31-2,318,321,9.296699874,500,0.0185934
2020-01-01T02:00:00+00:00,C32-1,319,320,8.35114332,500,0.016702287
2020-01-01T02:00:00+00:00,C32-2,319,320,8.35114332,500,0.016702287
2020-01-01T02:00:00+00:00,C33-1,320,323,-17.827913949,500,0.035655828
2020-01-01T02:00:00+00:00,C33-2,320,323,-17.827913949,500,0.035655828
2020-01-01T02:00:00+00:00,C34,321,322,-66.012893307,500,0.132025787
2020-01-01T02:00:00+00:00,C35,323,325,-211.326806809,722,0.292696408
2020-01-01T02:00:00+00:00,C4,302,304,-22.177253695,175,0.126727164
2020-01-01T02:00:00+00:00,C5,302,306,15.154349575,175,0.086596283
2020-01-01T02:00:00+00:00,C6,303,309,105.964484639,175,0.605511341
2020-01-01T02:00:00+00:00,C7,303,324,32.831159849,400,0.0820779
2020-01-01T02:00:00+00:00,C8,304,309,-52.446788662,175,0.299695935
2020-01-01T02:00:00+00:00,C9,305,310,-9.080040075,175,0.051885943
2020-01-01T02:00:00+00:00,CA-1,325,121,-211.326806809,500,0.422653614
2020-01-01T02:00:00+00:00,CB-1,318,223,283.659146142,500,0.567318292
2020-01-01T03:00:00+00:00,A1,101,102,18.468046605,175,0.105531695
2020-01-01T03:00:00+00:00,A10,106,110,-22.836346684,175,0.13049341
2020-01-01T03:00:00+00:00,A11,107,108,-87.122847928,175,0.497844845
2020-01-01T03:00:00+00:00,A12-1,108,109,-82.766843148,175,0.472953389
2020-01-01T03:00:00+00:00,A13-2,108,110,-66.524362,175,0.380139211
2020-01-01T03:00:00+00:00,A14,109,111,-55.703096899,400,0.139257742
2020-01-01T03:00:00+00:00,A15,109,112,-30.126570397,400,0.075316426
2020-01-01T03:00:00+00:00,A16,110,111,-87.959668463,400,0.219899171
2020-01-01T03:00:00+00:00,A17,110,112,-62.005163737,400,0.155012909
2020-01-01T03:00:00+00:00,A18,111,113,48.180668019,500,0.096361336
2020-01-01T03:00:00+00:00,A19,111,114,-191.843433382,500,0.383686867
2020-01-01T03:00:00+00:00,A2,101,103,-33.834482156,175,0.193339898
2020-01-01T03:00:00+00:00,A20,112,113,2.078979,500,0.004157958
2020-01-01T03:00:00+00:00,A21,112,123,-94.210713134,500,0.188421426
2020-01-01T03:00:00+00:00,A22,113,123,-106.186553632,500,0.212373107
2020-01-01T03:00:00+00:00,A23,114,116,-262.373616427,500,0.524747233
2020-01-01T03:00:00+00:00,A24,115,116,201.770017618,500,0.403540035
2020-01-01T03:00:00+00:00,A25-1,115,121,-212.580108181,500,0.425160216
2020-01-01T03:00:00+00:00,A25-2,115,121,-212.580108181,500,0.425160216
2020-01-01T03:00:00+00:00,A26,115,124,170.142425418,500,0.340284851
2020-01-01T03:00:00+00:00,A27,116,117,-389.84307766,500,0.779686155
2020-01-01T03:00:00+00:00,A28,116,119,354.883714395,500,0.709767429
2020-01-01T03:00:00+00:00,A29,117,118,-79.139056959,500,0.158278114
2020-01-01T03:00:00+00:00,A3,101,105,36.102209938,175,0.206298343
2020-01-01T03:00:00+00:00,A30,117,122,-310.704020701,500,0.621408041
2020-01-01T03:00:00+00:00,A31-1,118,121,-100.101876299,500,0.200203753
2020-01-01T03:00:00+00:00,A31-2,118,121,-100.101876299,500,0.200203753
2020-01-01T03:00:00+00:00,A32-1,119,120,144.539890365,500,0.289079781
2020-01-01T03:00:00+00:00,A32-2,119,120,144.539890365,500,0.289079781
2020-01-01T03:00:00+00:00,A33-1,120,123,121.272201113,500,0.242544402
2020-01-01T03:00:00+00:00,A33-2,120,123,121.272201113,500,0.242544402
2020-01-01T03:00:00+00:00,A34,121,122,-425.195979299,500,0.850391959
2020-01-01T03:00:00+00:00,A4,102,104,16.595462107,175,0.094831212
2020-01-01T03:00:00+00:00,A5,102,106,26.607492976,175,0.152042817
2020-01-01T03:00:00+00:00,A6,103,109,70.86756724,175,0.404957527
2020-01-01T03:00:00+00:00,A7,103,124,-170.142425418,400,0.425356064
2020-01-01T03:00:00+00:00,A8,104,109,-10.307803591,175,0.058901735
2020-01-01T03:00:00+00:00,A9,105,110,10.289617174,175,0.058797812
2020-01-01T03:00:00+00:00,AB1,107,203,41.678142358,175,0.238160813
2020-01-01T03:00:00+00:00,AB2,113,215,160.103424842,500,0.32020685
2020-01-01T03:00:00+00:00,AB3,123,217,244.14713546,500,0.488294271
2020-01-01T03:00:00+00:00,B1,201,202,7.179812678,175,0.041027501
2020-01-01T03:00:00+00:00,B10,206,210,-31.113575756,175,0.177791861
2020-01-01T03:00:00+00:00,B11,207,208,-47.300487939,175,0.270288503
2020-01-01T03:00:00+00:00,B12-1,208,209,-150.214664307,175,0.85836951
2020-01-01T03:00:00+00:00,B13-2,208,210,-134.563724465,175,0.768935568
2020-01-01T03:00:00+00:00,B14,209,211,-78.075589527,400,0.195188974
2020-01-01T03:00:00+00:00,B15,209,212,-99.199261654,400,0.247998154
2020-01-01T03:00:00+00:00,B16,210,211,-109.518004688,400,0.273795012
2020-01-01T03:00:00+00:00,B17,210,212,-130.953849308,400,0.327384623
2020-01-01T03:00:00+00:00,B18,211,213,-70.326793033,500,0.140653586
2020-01-01T03:00:00+00:00,B19,211,214,-117.266801182,500,0.234533602
2020-01-01T03:00:00+00:00,B2,201,203,-34.408318815,175,0.196618965
2020-01-01T03:00:00+00:00,B20,212,213,-32.251374026,500,0.064502748
2020-01-01T03:00:00+00:00,B21,212,223,-197.901736936,500,0.395803474
2020-01-01T03:00:00+00:00,B22,213,223,-202.855201489,500,0.405710403
2020-01-01T03:00:00+00:00,B23,214,216,-190.677158463,500,0.381354317
2020-01-01T03:00:00+00:00,B24,215,216,2.197906427,500,0.004395813
2020-01-01T03:00:00+00:00,B25-1,215,221,-25.714252134,500,0.051428504
2020-01-01T03:00:00+00:00,B25-2,215,221,-25.714252134,500,0.051428504
2020-01-01T03:00:00+00:00,B26,215,224,117.879985271,500,0.235759971
2020-01-01T03:00:00+00:00,B27,216,217,-123.710131323,500,0.247420263
2020-01-01T03:00:00+00:00,B28,216,219,-40.609511064,500,0.081219022
2020-01-01T03:00:00+00:00,B29,217,218,131.748561069,500,0.263497122
2020-01-01T03:00:00+00:00,B3,201,205,25.860884559,175,0.147776483
2020-01-01T03:00:00+00:00,B30,217,222,-11.311556933,500,0.022623114
2020-01-01T03:00:00+00:00,B31-1,218,221,2.870030601,500,0.005740061
2020-01-01T03:00:00+00:00,B31-2,218,221,2.870030601,500,0.005740061
2020-01-01T03:00:00+00:00,B32-1,219,220,-54.550308799,500,0.109100618
2020-01-01T03:00:00+00:00,B32-2,219,220,-54.550308799,500,0.109100618
2020-01-01T03:00:00+00:00,B33-1,220,223,-78.768158624,500,0.157536317
2020-01-01T03:00:00+00:00,B33-2,220,223,-78.768158624,500,0.157536317
2020-01-01T03:00:00+00:00,B34,221,222,-45.688443067,500,0.091376886
2020-01-01T03:00:00+00:00,B4,202,204,10.125278916,175,0.057858737
2020-01-01T03:00:00+00:00,B5,202,206,20.349355121,175,0.116282029
2020-01-01T03:00:00+00:00,B6,203,209,57.037106183,175,0.325926321
2020-01-01T03:00:00+00:00,B7,203,224,-117.879985271,400,0.294699963
2020-01-01T03:00:00+00:00,B8,204,209,-17.876609943,175,0.102152057
2020-01-01T03:00:00+00:00,B9,205,210,-1.00579259,175,0.005747386
2020-01-01T03:00:00+00:00,C1,301,302,47.556721509,175,0.271752694
2020-01-01T03:00:00+00:00,C10,306,310,-35.518590354,175,0.202963373
2020-01-01T03:00:00+00:00,C11,307,308,-50.438943377,175,0.288222534
2020-01-01T03:00:00+00:00,C12-1,308,309,-81.487951313,175,0.465645436
2020-01-01T03:00:00+00:00,C13-2,308,310,-37.951466604,175,0.216865523
2020-01-01T03:00:00+00:00,C14,309,311,9.683533485,400,0.024208834
2020-01-01T03:00:00+00:00,C15,309,312,5.183982591,400,0.012959956
2020-01-01T03:00:00+00:00,C16,310,311,-74.427640863,400,0.186069102
2020-01-01T03:00:00+00:00,C17,310,312,-78.993687583,400,0.197484219
2020-01-01T03:00:00+00:00,C18,311,313,0.820674419,500,0.001641349
2020-01-01T03:00:00+00:00,C19,311,314,-65.564781797,500,0.131129564
2020-01-01T03:00:00+00:00,C2,301,303,-118.518768605,175,0.677250106
2020-01-01T03:00:00+00:00,C20,312,313,8.931114905,500,0.01786223
2020-01-01T03:00:00+00:00,C21,312,323,-82.740819896,500,0.16548164
2020-01-01T03:00:00+00:00,C22,313,323,-97.178770636,500,0.194357541
2020-01-01T03:00:00+00:00,C23,314,316,-143.846021918,500,0.287692044
2020-01-01T03:00:00+00:00,C24,315,316,12.642029391,500,0.025284059
2020-01-01T03:00:00+00:00,C25-1,315,321,-35.95480186,500,0.071909604
2020-01-01T03:00:00+00:00,C25-2,315,321,-35.95480186,500,0.071909604
2020-01-01T03:00:00+00:00,C26,315,324,-68.645586076,500,0.137291172
2020-01-01T03:00:00+00:00,C27,316,317,-314.32779545,500,0.628655591
2020-01-01T03:00:00+00:00,C28,316,319,104.772648221,500,0.209545296
2020-01-01T03:00:00+00:00,C29,317,318,435.868025989,500,0.871736052
2020-01-01T03:00:00+00:00,C3,301,305,27.382800018,175,0.156473143
2020-01-01T03:00:00+00:00,C30,317,322,17.10417856,500,0.034208357
2020-01-01T03:00:00+00:00,C31-1,318,321,3.60271258,500,0.007205425
2020-01-01T03:00:00+00:00,C31-2,318,321,3.60271258,500,0.007205425
2020-01-01T03:00:00+00:00,C32-1,319,320,15.868529105,500,0.031737058
2020-01-01T03:00:00+00:00,C32-2,319,320,15.868529105,500,0.031737058
2020-01-01T03:00:00+00:00,C33-1,320,323,-9.956209904,500,0.01991242
2020-01-01T03:00:00+00:00,C33-2,320,323,-9.956209904,500,0.01991242
2020-01-01T03:00:00+00:00,C34,321,322,-64.70417856,500,0.129408357
2020-01-01T03:00:00+00:00,C35,323,325,-199.83201034,722,0.276775638
2020-01-01T03:00:00+00:00,C4,302,304,-10.942878593,175,0.062530735
2020-01-01T03:00:00+00:00,C5,302,306,19.358980041,175,0.110622743
2020-01-01T03:00:00+00:00,C6,303,309,168.403566856,175,0.962306096
2020-01-01T03:00:00+00:00,C7,303,324,68.645586076,400,0.171613965
2020-01-01T03:00:00+00:00,C8,304,309,-40.802733072,175,0.233158475
2020-01-01T03:00:00+00:00,C9,305,310,-1.26651982,175,0.007237256
2020-01-01T03:00:00+00:00,CA-1,325,121,-199.83201034,500,0.399664021
2020-01-01T03:00:00+00:00,CB-1,318,223,294.293255673,500,0.588586511
2020-01-01T04:00:00+00:00,A1,101,102,55.638706988,175,0.317935469
2020-01-01T04:00:00+00:00,A10,106,110,-10.076600585,175,0.057580575
2020-01-01T04:00:00+00:00,A11,107,108,-93.55393528,175,0.534593916
2020-01-01T04:00:00+00:00,A12-1,108,109,-87.554577665,175,0.500311872
2020-01-01T04:00:00+00:00,A13-2,108,110,-74.386665875,175,0.425066662
2020-01-01T04:00:00+00:00,A14,109,111,-49.392464597,400,0.123481161
2020-01-01T04:00:00+00:00,A15,109,112,-24.814639005,400,0.062036598
2020-01-01T04:00:00+00:00,A16,110,111,-75.60569414,400,0.189014235
2020-01-01T04:00:00+00:00,A17,110,112,-50.664649451,400,0.126661624
2020-01-01T04:00:00+00:00,A18,111,113,55.886460678,500,0.111772921
2020-01-01T04:00:00+00:00,A19,111,114,-180.884619415,500,0.361769239
2020-01-01T04:00:00+00:00,A2,101,103,-11.403871315,175,0.065164979
2020-01-01T04:00:00+00:00,A20,112,113,11.584930049,500,0.02316986
2020-01-01T04:00:00+00:00,A21,112,123,-87.064218505,500,0.174128437
2020-01-01T04:00:00+00:00,A22,113,123,-103.463285486,500,0.206926571
2020-01-01T04:00:00+00:00,A23,114,116,-258.470220599,500,0.516940441
2020-01-01T04:00:00+00:00,A24,115,116,206.134927336,500,0.412269855
2020-01-01T04:00:00+00:00,A25-1,115,121,-214.570851703,500,0.429141703
2020-01-01T04:00:00+00:00,A25-2,115,121,-214.570851703,500,0.429141703
2020-01-01T04:00:00+00:00,A26,115,124,158.230304033,500,0.316460608
2020-01-01T04:00:00+00:00,A27,116,117,-388.387507322,500,0.776775015
2020-01-01T04:00:00+00:00,A28,116,119,358.059636128,500,0.716119272
2020-01-01T04:00:00+00:00,A29,117,118,-81.070800341,500,0.162141601
2020-01-01T04:00:00+00:00,A3,101,105,64.573180162,175,0.368989601
2020-01-01T04:00:00+00:00,A30,117,122,-307.316706981,500,0.614633414
2020-01-01T04:00:00+00:00,A31-1,118,121,-107.123042423,500,0.214246085
2020-01-01T04:00:00+00:00,A31-2,118,121,-107.123042423,500,0.214246085
2020-01-01T04:00:00+00:00,A32-1,119,120,142.836535038,500,0.28567307
2020-01-01T04:00:00+00:00,A32-2,119,120,142.836535038,500,0.28567307
2020-01-01T04:00:00+00:00,A33-1,120,123,117.241285163,500,0.23448257
2020-01-01T04:00:00+00:00,A33-2,120,123,117.241285163,500,0.23448257
2020-01-01T04:00:00+00:00,A34,121,122,-416.883293019,500,0.833766586
2020-01-01T04:00:00+00:00,A4,102,104,38.089200663,175,0.217652575
2020-01-01T04:00:00+00:00,A5,102,106,44.3133054,175,0.253218888
2020-01-01T04:00:00+00:00,A6,103,109,74.839792445,175,0.427655957
2020-01-01T04:00:00+00:00,A7,103,124,-158.230304033,400,0.39557576
2020-01-01T04:00:00+00:00,A8,104,109,8.494692995,175,0.048541103
2020-01-01T04:00:00+00:00,A9,105,110,36.178449832,175,0.206733999
2020-01-01T04:00:00+00:00,AB1,107,203,43.563212868,175,0.248932645
2020-01-01T04:00:00+00:00,AB2,113,215,164.954344699,500,0.329908689
2020-01-01T04:00:00+00:00,AB3,123,217,245.955066334,500,0.491910133
2020-01-01T04:00:00+00:00,B1,201,202,7.484421516,175,0.042768123
2020-01-01T04:00:00+00:00,B10,206,210,-32.150773888,175,0.183718708
2020-01-01T04:00:00+00:00,B11,207,208,-48.205572149,175,0.275460412
2020-01-01T04:00:00+00:00,B12-1,208,209,-152.578750492,175,0.871878574
2020-01-01T04:00:00+00:00,B13-2,208,210,-136.551211024,175,0.780292634
2020-01-01T04:00:00+00:00,B14,209,211,-79.43212749,400,0.198580319
2020-01-01T04:00:00+00:00,B15,209,212,-101.420711135,400,0.253551778
2020-01-01T04:00:00+00:00,B16,210,211,-111.62340702,400,0.279058518
2020-01-01T04:00:00+00:00,B17,210,212,-133.936945104,400,0.334842363
2020-01-01T04:00:00+00:00,B18,211,213,-72.519883501,500,0.145039767
2020-01-01T04:00:00+00:00,B19,211,214,-118.535651009,500,0.237071302
2020-01-01T04:00:00+00:00,B2,201,203,-35.557126174,175,0.203183578
2020-01-01T04:00:00+00:00,B20,212,213,-32.88546148,500,0.065770923
2020-01-01T04:00:00+00:00,B21,212,223,-202.472194758,500,0.40494439
2020-01-01T04:00:00+00:00,B22,213,223,-207.601157937,500,0.415202316
2020-01-01T04:00:00+00:00,B23,214,216,-193.350698985,500,0.386701398
2020-01-01T04:00:00+00:00,B24,215,216,1.542551503,500,0.003085103
2020-01-01T04:00:00+00:00,B25-1,215,221,-25.159438822,500,0.050318878
2020-01-01T04:00:00+00:00,B25-2,215,221,-25.159438822,500,0.050318878
2020-01-01T04:00:00+00:00,B26,215,224,119.381339871,500,0.23876268
2020-01-01T04:00:00+00:00,B27,216,217,-123.016544484,500,0.246033089
2020-01-01T04:00:00+00:00,B28,216,219,-45.356060718,500,0.090712121
2020-01-01T04:00:00+00:00,B29,217,218,133.661098274,500,0.267322197
2020-01-01T04:00:00+00:00,B3,201,205,25.723090321,175,0.146989088
2020-01-01T04:00:00+00:00,B30,217,222,-10.722576424,500,0.021445153
2020-01-01T04:00:00+00:00,B31-1,218,221,2.620727034,500,0.005241454
2020-01-01T04:00:00+00:00,B31-2,218,221,2.620727034,500,0.005241454
2020-01-01T04:00:00+00:00,B32-1,219,220,-57.578864595,500,0.115157729
2020-01-01T04:00:00+00:00,B32-2,219,220,-57.578864595,500,0.115157729
2020-01-01T04:00:00+00:00,B33-1,220,223,-82.260117535,500,0.164520235
2020-01-01T04:00:00+00:00,B33-2,220,223,-82.260117535,500,0.164520235
2020-01-01T04:00:00+00:00,B34,221,222,-45.077423576,500,0.090154847
2020-01-01T04:00:00+00:00,B4,202,204,9.780008918,175,0.055885765
2020-01-01T04:00:00+00:00,B5,202,206,20.29688861,175,0.115982221
2020-01-01T04:00:00+00:00,B6,203,209,57.97140267,175,0.331265158
2020-01-01T04:00:00+00:00,B7,203,224,-119.381339871,400,0.29845335
2020-01-01T04:00:00+00:00,B8,204,209,-18.757689795,175,0.107186799
2020-01-01T04:00:00+00:00,B9,205,210,-1.65767466,175,0.009472427
2020-01-01T04:00:00+00:00,C1,301,302,40.402139271,175,0.230869367
2020-01-01T04:00:00+00:00,C10,306,310,-35.514066747,175,0.202937524
2020-01-01T04:00:00+00:00,C11,307,308,-51.051882325,175,0.291725042
2020-01-01T04:00:00+00:00,C12-1,308,309,-88.530633287,175,0.505889333
2020-01-01T04:00:00+00:00,C13-2,308,310,-32.360224057,175,0.184915566
2020-01-01T04:00:00+00:00,C14,309,311,36.454045712,400,0.091135114
2020-01-01T04:00:00+00:00,C15,309,312,31.169873069,400,0.077924683
2020-01-01T04:00:00+00:00,C16,310,311,-71.711394416,400,0.179278486
2020-01-01T04:00:00+00:00,C17,310,312,-77.073658281,400,0.192684146
2020-01-01T04:00:00+00:00,C18,311,313,8.631995906,500,0.017263992
2020-01-01T04:00:00+00:00,C19,311,314,-43.88934461,500,0.087778689
2020-01-01T04:00:00+00:00,C2,301,303,-112.238609294,175,0.641363482
2020-01-01T04:00:00+00:00,C20,312,313,18.156717097,500,0.036313434
2020-01-01T04:00:00+00:00,C21,312,323,-64.060502309,500,0.128121005
2020-01-01T04:00:00+00:00,C22,313,323,-81.441277525,500,0.162882555
2020-01-01T04:00:00+00:00,C23,314,316,-123.121865977,500,0.246243732
2020-01-01T04:00:00+00:00,C24,315,316,6.16212556,500,0.012324251
2020-01-01T04:00:00+00:00,C25-1,315,321,-29.198211635,500,0.058396423
2020-01-01T04:00:00+00:00,C25-2,315,321,-29.198211635,500,0.058396423
2020-01-01T04:00:00+00:00,C26,315,324,-77.233275865,500,0.154466552
2020-01-01T04:00:00+00:00,C27,316,317,-294.007774451,500,0.588015549
2020-01-01T04:00:00+00:00,C28,316,319,98.206528175,500,0.196413056
2020-01-01T04:00:00+00:00,C29,317,318,441.277002248,500,0.882554004
2020-01-01T04:00:00+00:00,C3,301,305,27.727643694,175,0.158443678
2020-01-01T04:00:00+00:00,C30,317,322,16.915223301,500,0.033830447
2020-01-01T04:00:00+00:00,C31-1,318,321,-2.659400015,500,0.0053188
2020-01-01T04:00:00+00:00,C31-2,318,321,-2.659400015,500,0.0053188
2020-01-01T04:00:00+00:00,C32-1,319,320,12.141701284,500,0.024283403
2020-01-01T04:00:00+00:00,C32-2,319,320,12.141701284,500,0.024283403
2020-01-01T04:00:00+00:00,C33-1,320,323,-13.996862466,500,0.027993725
2020-01-01T04:00:00+00:00,C33-2,320,323,-13.996862466,500,0.027993725
2020-01-01T04:00:00+00:00,C34,321,322,-63.715223301,500,0.127430447
2020-01-01T04:00:00+00:00,C35,323,325,-173.495504766,722,0.240298483
2020-01-01T04:00:00+00:00,C4,302,304,-19.244502635,175,0.109968586
2020-01-01T04:00:00+00:00,C5,302,306,20.030381223,175,0.114459321
2020-01-01T04:00:00+00:00,C6,303,309,139.994404294,175,0.799968025
2020-01-01T04:00:00+00:00,C7,303,324,77.233275865,400,0.19308319
2020-01-01T04:00:00+00:00,C8,304,309,-49.467216972,175,0.282669811
2020-01-01T04:00:00+00:00,C9,305,310,-1.269825466,175,0.007256146
2020-01-01T04:00:00+00:00,CA-1,325,121,-173.495504766,500,0.34699101
2020-01-01T04:00:00+00:00,CB-1,318,223,310.593587766,500,0.621187176
2020-01-01T05:00:00+00:00,A1,101,102,42.240271718,175,0.241372981
2020-01-01T05:00:00+00:00,A10,106,110,-13.937516166,175,0.07964295
2020-01-01T05:00:00+00:00,A11,107,108,-85.746922282,175,0.489982413
2020-01-01T05:00:00+00:00,A12-1,108,109,-87.898518322,175,0.502277248
2020-01-01T05:00:00+00:00,A13-2,108,110,-75.0564693,175,0.42889411
2020-01-01T05:00:00+00:00,A14,109,111,-53.751246826,400,0.134378117
2020-01-01T05:00:00+00:00,A15,109,112,-36.809137582,400,0.092022844
2020-01-01T05:00:00+00:00,A16,110,111,-79.398263712,400,0.198495659
2020-01-01T05:00:00+00:00,A17,110,112,-62.205778469,400,0.155514446
2020-01-01T05:00:00+00:00,A18,111,113,34.092634705,500,0.068185269
2020-01-01T05:00:00+00:00,A19,111,114,-167.242145243,500,0.33448429
2020-01-01T05:00:00+00:00,A2,101,103,-6.494638612,175,0.037112221
2020-01-01T05:00:00+00:00,A20,112,113,3.554482791,500,0.007108966
2020-01-01T05:00:00+00:00,A21,112,123,-102.569398841,500,0.205138798
2020-01-01T05:00:00+00:00,A22,113,123,-116.320078868,500,0.232640158
2020-01-01T05:00:00+00:00,A23,114,116,-254.834921126,500,0.509669842
2020-01-01T05:00:00+00:00,A24,115,116,164.324887006,500,0.328649774
2020-01-01T05:00:00+00:00,A25-1,115,121,-200.670333396,500,0.401340667
2020-01-01T05:00:00+00:00,A25-2,115,121,-200.670333396,500,0.401340667
2020-01-01T05:00:00+00:00,A26,115,124,155.887377958,500,0.311774756
2020-01-01T05:00:00+00:00,A27,116,117,-352.756742173,500,0.705513484
2020-01-01T05:00:00+00:00,A28,116,119,310.09579265,500,0.620191585
2020-01-01T05:00:00+00:00,A29,117,118,-55.559666341,500,0.111119333
2020-01-01T05:00:00+00:00,A3,101,105,67.491378258,175,0.385665019
2020-01-01T05:00:00+00:00,A30,117,122,-297.197075832,500,0.594394152
2020-01-01T05:00:00+00:00,A31-1,118,121,-102.956107317,500,0.205912215
2020-01-01T05:00:00+00:00,A31-2,118,121,-102.956107317,500,0.205912215
2020-01-01T05:00:00+00:00,A32-1,119,120,114.186317885,500,0.228372636
2020-01-01T05:00:00+00:00,A32-2,119,120,114.186317885,500,0.228372636
2020-01-01T05:00:00+00:00,A33-1,120,123,85.289732026,500,0.170579464
2020-01-01T05:00:00+00:00,A33-2,120,123,85.289732026,500,0.170579464
2020-01-01T05:00:00+00:00,A34,121,122,-408.102924168,500,0.816205848
2020-01-01T05:00:00+00:00,A4,102,104,41.642821649,175,0.237958981
2020-01-01T05:00:00+00:00,A5,102,106,47.467728783,175,0.271244164
2020-01-01T05:00:00+00:00,A6,103,109,68.121091619,175,0.389263381
2020-01-01T05:00:00+00:00,A7,103,124,-155.887377958,400,0.389718445
2020-01-01T05:00:00+00:00,A8,104,109,8.231144251,175,0.04703511
2020-01-01T05:00:00+00:00,A9,105,110,35.434228322,175,0.202481305
2020-01-01T05:00:00+00:00,AB1,107,203,29.308278027,175,0.167475874
2020-01-01T05:00:00+00:00,AB2,113,215,134.317270544,500,0.268634541
2020-01-01T05:00:00+00:00,AB3,123,217,228.622760021,500,0.45724552
2020-01-01T05:00:00+00:00,B1,201,202,5.988868171,175,0.034222104
2020-01-01T05:00:00+00:00,B10,206,210,-36.660643234,175,0.20948939
2020-01-01T05:00:00+00:00,B11,207,208,-50.704391623,175,0.289739381
2020-01-01T05:00:00+00:00,B12-1,208,209,-157.892810184,175,0.90224463
2020-01-01T05:00:00+00:00,B13-2,208,210,-142.383522512,175,0.813620129
2020-01-01T05:00:00+00:00,B14,209,211,-86.591669683,400,0.216479174
2020-01-01T05:00:00+00:00,B15,209,212,-114.603228334,400,0.286508071
2020-01-01T05:00:00+00:00,B16,210,211,-117.885804911,400,0.294714512
2020-01-01T05:00:00+00:00,B17,210,212,-146.311327483,400,0.365778319
2020-01-01T05:00:00+00:00,B18,211,213,-86.741904452,500,0.173483809
2020-01-01T05:00:00+00:00,B19,211,214,-117.735570142,500,0.23547114
2020-01-01T05:00:00+00:00,B2,201,203,-33.443441258,175,0.191105379
2020-01-01T05:00:00+00:00,B20,212,213,-36.251069983,500,0.07250214
2020-01-01T05:00:00+00:00,B21,212,223,-224.663485834,500,0.449326972
2020-01-01T05:00:00+00:00,B22,213,223,-230.486284675,500,0.460972569
2020-01-01T05:00:00+00:00,B23,214,216,-196.428785941,500,0.392857572
2020-01-01T05:00:00+00:00,B24,215,216,-43.244545029,500,0.08648909
2020-01-01T05:00:00+00:00,B25-1,215,221,-25.219271805,500,0.050438544
2020-01-01T05:00:00+00:00,B25-2,215,221,-25.219271805,500,0.050438544
2020-01-01T05:00:00+00:00,B26,215,224,126.714022028,500,0.253428044
2020-01-01T05:00:00+00:00,B27,216,217,-97.707717127,500,0.195415434
2020-01-01T05:00:00+00:00,B28,216,219,-89.52912714,500,0.179058254
2020-01-01T05:00:00+00:00,B29,217,218,140.585484556,500,0.281170969
2020-01-01T05:00:00+00:00,B3,201,205,22.745978726,175,0.129977021
2020-01-01T05:00:00+00:00,B30,217,222,-9.670441663,500,0.019340883
2020-01-01T05:00:00+00:00,B31-1,218,221,2.754492637,500,0.005508985
2020-01-01T05:00:00+00:00,B31-2,218,221,2.754492637,500,0.005508985
2020-01-01T05:00:00+00:00,B32-1,219,220,-81.474543105,500,0.162949086
2020-01-01T05:00:00+00:00,B32-2,219,220,-81.474543105,500,0.162949086
2020-01-01T05:00:00+00:00,B33-1,220,223,-107.435191616,500,0.214870383
2020-01-01T05:00:00+00:00,B33-2,220,223,-107.435191616,500,0.214870383
2020-01-01T05:00:00+00:00,B34,221,222,-44.929558337,500,0.089859117
2020-01-01T05:00:00+00:00,B4,202,204,8.13652542,175,0.046494431
2020-01-01T05:00:00+00:00,B5,202,206,18.505734852,175,0.105747056
2020-01-01T05:00:00+00:00,B6,203,209,49.56453486,175,0.283225913
2020-01-01T05:00:00+00:00,B7,203,224,-126.714022028,400,0.316785055
2020-01-01T05:00:00+00:00,B8,204,209,-21.880474421,175,0.125031282
2020-01-01T05:00:00+00:00,B9,205,210,-6.054115716,175,0.034594947
2020-01-01T05:00:00+00:00,C1,301,302,45.885982724,175,0.262205616
2020-01-01T05:00:00+00:00,C10,306,310,-38.031414799,175,0.21732237
2020-01-01T05:00:00+00:00,C11,307,308,-53.918854781,175,0.308107742
2020-01-01T05:00:00+00:00,C12-1,308,309,-90.484889316,175,0.51705651
2020-01-01T05:00:00+00:00,C13-2,308,310,-37.194958805,175,0.212542622
2020-01-01T05:00:00+00:00,C14,309,311,24.917906535,400,0.062294766
2020-01-01T05:00:00+00:00,C15,309,312,19.499555795,400,0.048748889
2020-01-01T05:00:00+00:00,C16,310,311,-77.843552204,400,0.194608881
2020-01-01T05:00:00+00:00,C17,310,312,-83.341977093,400,0.208354943
2020-01-01T05:00:00+00:00,C18,311,313,4.659036982,500,0.009318074
2020-01-01T05:00:00+00:00,C19,311,314,-57.58468265,500,0.115169365
2020-01-01T05:00:00+00:00,C2,301,303,-121.252040535,175,0.692868803
2020-01-01T05:00:00+00:00,C20,312,313,14.425614191,500,0.028851228
2020-01-01T05:00:00+00:00,C21,312,323,-78.26803549,500,0.156536071
2020-01-01T05:00:00+00:00,C22,313,323,-95.223320962,500,0.190446642
2020-01-01T05:00:00+00:00,C23,314,316,-141.26674527,500,0.282533491
2020-01-01T05:00:00+00:00,C24,315,316,17.818898165,500,0.035637796
2020-01-01T05:00:00+00:00,C25-1,315,321,-40.214181733,500,0.080428363
2020-01-01T05:00:00+00:00,C25-2,315,321,-40.214181733,500,0.080428363
2020-01-01T05:00:00+00:00,C26,315,324,-74.128750423,500,0.148257501
2020-01-01T05:00:00+00:00,C27,316,317,-310.511653658,500,0.621023307
2020-01-01T05:00:00+00:00,C28,316,319,105.928722729,500,0.211857445
2020-01-01T05:00:00+00:00,C29,317,318,386.054318473,500,0.772108637
2020-01-01T05:00:00+00:00,C3,301,305,28.780167281,175,0.164458099
2020-01-01T05:00:00+00:00,C30,317,322,22.834027869,500,0.045668056
2020-01-01T05:00:00+00:00,C31-1,318,321,15.197167798,500,0.030394336
2020-01-01T05:00:00+00:00,C31-2,318,321,15.197167798,500,0.030394336
2020-01-01T05:00:00+00:00,C32-1,319,320,13.927110503,500,0.027854221
2020-01-01T05:00:00+00:00,C32-2,319,320,13.927110503,500,0.027854221
2020-01-01T05:00:00+00:00,C33-1,320,323,-13.679343145,500,0.027358686
2020-01-01T05:00:00+00:00,C33-2,320,323,-13.679343145,500,0.027358686
2020-01-01T05:00:00+00:00,C34,321,322,-50.034027869,500,0.100068056
2020-01-01T05:00:00+00:00,C35,323,325,-200.850042741,722,0.278185655
2020-01-01T05:00:00+00:00,C4,302,304,-16.587347788,175,0.094784845
2020-01-01T05:00:00+00:00,C5,302,306,20.632299202,175,0.117898853
2020-01-01T05:00:00+00:00,C6,303,309,160.296058157,175,0.915977475
2020-01-01T05:00:00+00:00,C7,303,324,74.128750423,400,0.185321876
2020-01-01T05:00:00+00:00,C8,304,309,-48.507309819,175,0.277184628
2020-01-01T05:00:00+00:00,C9,305,310,-1.845742235,175,0.010547098
2020-01-01T05:00:00+00:00,CA-1,325,121,-200.850042741,500,0.401700085
2020-01-01T05:00:00+00:00,CB-1,318,223,212.020153741,500,0.424040307
2020-01-01T06:00:00+00:00,A1,101,102,9.478184185,175,0.054161052
2020-01-01T06:00:00+00:00,A10,106,110,-5.060058417,175,0.02891462
2020-01-01T06:00:00+00:00,A11,107,108,-88.562738623,175,0.506072792
2020-01-01T06:00:00+00:00,A12-1,108,109,-89.752517314,175,0.512871528
2020-01-01T06:00:00+00:00,A13-2,108,110,-79.635431589,175,0.455059609
2020-01-01T06:00:00+00:00,A14,109,111,-48.439676621,400,0.121099192
2020-01-01T06:00:00+00:00,A15,109,112,-39.742964124,400,0.09935741
2020-01-01T06:00:00+00:00,A16,110,111,-68.734693478,400,0.171836734
2020-01-01T06:00:00+00:00,A17,110,112,-59.909458136,400,0.149773645
2020-01-01T06:00:00+00:00,A18,111,113,27.645727251,500,0.055291455
2020-01-01T06:00:00+00:00,A19,111,114,-144.82009735,500,0.289640195
2020-01-01T06:00:00+00:00,A2,101,103,9.694871314,175,0.055399265
2020-01-01T06:00:00+00:00,A20,112,113,11.969902976,500,0.023939806
2020-01-01T06:00:00+00:00,A21,112,123,-111.622325236,500,0.22324465
2020-01-01T06:00:00+00:00,A22,113,123,-131.056561963,500,0.262113124
2020-01-01T06:00:00+00:00,A23,114,116,-236.516534744,500,0.473033069
2020-01-01T06:00:00+00:00,A24,115,116,130.969659338,500,0.261939319
2020-01-01T06:00:00+00:00,A25-1,115,121,-147.521283698,500,0.295042567
2020-01-01T06:00:00+00:00,A25-2,115,121,-147.521283698,500,0.295042567
2020-01-01T06:00:00+00:00,A26,115,124,138.239038708,500,0.276478077
2020-01-01T06:00:00+00:00,A27,116,117,-274.731757539,500,0.549463515
2020-01-01T06:00:00+00:00,A28,116,119,245.918677291,500,0.491837355
2020-01-01T06:00:00+00:00,A29,117,118,-9.846200233,500,0.0196924
2020-01-01T06:00:00+00:00,A3,101,105,81.779443272,175,0.467311104
2020-01-01T06:00:00+00:00,A30,117,122,-264.885557306,500,0.529771115
2020-01-01T06:00:00+00:00,A31-1,118,121,-83.621331179,500,0.167242662
2020-01-01T06:00:00+00:00,A31-2,118,121,-83.621331179,500,0.167242662
2020-01-01T06:00:00+00:00,A32-1,119,120,80.183423264,500,0.160366847
2020-01-01T06:00:00+00:00,A32-2,119,120,80.183423264,500,0.160366847
2020-01-01T06:00:00+00:00,A33-1,120,123,49.933052165,500,0.099866104
2020-01-01T06:00:00+00:00,A33-2,120,123,49.933052165,500,0.099866104
2020-01-01T06:00:00+00:00,A34,121,122,-375.014442694,500,0.750028885
2020-01-01T06:00:00+00:00,A4,102,104,56.40798532,175,0.322331345
2020-01-01T06:00:00+00:00,A5,102,106,59.221980168,175,0.338411315
2020-01-01T06:00:00+00:00,A6,103,109,62.854741307,175,0.35916995
2020-01-01T06:00:00+00:00,A7,103,124,-138.239038708,400,0.345597597
2020-01-01T06:00:00+00:00,A8,104,109,21.430993736,175,0.122462821
2020-01-01T06:00:00+00:00,A9,105,110,48.220437834,175,0.275545359
2020-01-01T06:00:00+00:00,AB1,107,203,29.479982571,175,0.168457043
2020-01-01T06:00:00+00:00,AB2,113,215,145.416749358,500,0.290833499
2020-01-01T06:00:00+00:00,AB3,123,217,254.097269474,500,0.508194539
2020-01-01T06:00:00+00:00,B1,201,202,-17.435864859,175,0.099633513
2020-01-01T06:00:00+00:00,B10,206,210,-24.041503191,175,0.137380018
2020-01-01T06:00:00+00:00,B11,207,208,-54.088619561,175,0.309077826
2020-01-01T06:00:00+00:00,B12-1,208,209,-163.019534063,175,0.931540195
2020-01-01T06:00:00+00:00,B13-2,208,210,-149.187317059,175,0.852498955
2020-01-01T06:00:00+00:00,B14,209,211,-82.051497661,400,0.205128744
2020-01-01T06:00:00+00:00,B15,209,212,-105.597846689,400,0.263994617
2020-01-01T06:00:00+00:00,B16,210,211,-110.032974235,400,0.275082436
2020-01-01T06:00:00+00:00,B17,210,212,-133.927298865,400,0.334818247
2020-01-01T06:00:00+00:00,B18,211,213,-72.427731548,500,0.144855463
2020-01-01T06:00:00+00:00,B19,211,214,-119.656740348,500,0.239313481
2020-01-01T06:00:00+00:00,B2,201,203,-18.832498691,175,0.107614278
2020-01-01T06:00:00+00:00,B20,212,213,-29.985437423,500,0.059970875
2020-01-01T06:00:00+00:00,B21,212,223,-209.539708131,500,0.419079416
2020-01-01T06:00:00+00:00,B22,213,223,-217.081042441,500,0.434162085
2020-01-01T06:00:00+00:00,B23,214,216,-203.602277907,500,0.407204556
2020-01-01T06:00:00+00:00,B24,215,216,-32.826969168,500,0.065653938
2020-01-01T06:00:00+00:00,B25-1,215,221,-26.831042026,500,0.053662084
2020-01-01T06:00:00+00:00,B25-2,215,221,-26.831042026,500,0.053662084
2020-01-01T06:00:00+00:00,B26,215,224,123.23706337,500,0.246474127
2020-01-01T06:00:00+00:00,B27,216,217,-113.34310291,500,0.226686206
2020-01-01T06:00:00+00:00,B28,216,219,-42.357039813,500,0.08471408
2020-01-01T06:00:00+00:00,B29,217,218,150.498339441,500,0.300996679
2020-01-01T06:00:00+00:00,B3,201,205,44.369129577,175,0.253537883
2020-01-01T06:00:00+00:00,B30,217,222,-9.744172877,500,0.019488346
2020-01-01T06:00:00+00:00,B31-1,218,221,3.203128465,500,0.006406257
2020-01-01T06:00:00+00:00,B31-2,218,221,3.203128465,500,0.006406257
2020-01-01T06:00:00+00:00,B32-1,219,220,-60.338680469,500,0.120677361
2020-01-01T06:00:00+00:00,B32-2,219,220,-60.338680469,500,0.120677361
2020-01-01T06:00:00+00:00,B33-1,220,223,-88.032053685,500,0.176064107
2020-01-01T06:00:00+00:00,B33-2,220,223,-88.032053685,500,0.176064107
2020-01-01T06:00:00+00:00,B34,221,222,-47.255827123,500,0.094511654
2020-01-01T06:00:00+00:00,B4,202,204,27.117784797,175,0.15495877
2020-01-01T06:00:00+00:00,B5,202,206,34.806914892,175,0.198896657
2020-01-01T06:00:00+00:00,B6,203,209,55.996935082,175,0.319982486
2020-01-01T06:00:00+00:00,B7,203,224,-123.23706337,400,0.308092658
2020-01-01T06:00:00+00:00,B8,204,209,-4.902677983,175,0.028015303
2020-01-01T06:00:00+00:00,B9,205,210,13.646793666,175,0.077981678
2020-01-01T06:00:00+00:00,C1,301,302,45.768845153,175,0.261536258
2020-01-01T06:00:00+00:00,C10,306,310,-49.44947652,175,0.282568437
2020-01-01T06:00:00+00:00,C11,307,308,-60.008699781,175,0.342906856
2020-01-01T06:00:00+00:00,C12-1,308,309,-93.967964474,175,0.536959797
2020-01-01T06:00:00+00:00,C13-2,308,310,-48.132636607,175,0.275043638
2020-01-01T06:00:00+00:00,C14,309,311,-8.969251979,400,0.02242313
2020-01-01T06:00:00+00:00,C15,309,312,-17.330896342,400,0.043327241
2020-01-01T06:00:00+00:00,C16,310,311,-97.804935249,400,0.244512338
2020-01-01T06:00:00+00:00,C17,310,312,-106.29015071,400,0.265725377
2020-01-01T06:00:00+00:00,C18,311,313,-13.85551541,500,0.027711031
2020-01-01T06:00:00+00:00,C19,311,314,-92.918671818,500,0.185837344
2020-01-01T06:00:00+00:00,C2,301,303,-118.801902063,175,0.678868012
2020-01-01T06:00:00+00:00,C20,312,313,1.216348553,500,0.002432697
2020-01-01T06:00:00+00:00,C21,312,323,-124.837395605,500,0.249674791
2020-01-01T06:00:00+00:00,C22,313,323,-139.857610393,500,0.279715221
2020-01-01T06:00:00+00:00,C23,314,316,-186.052173878,500,0.372104348
2020-01-01T06:00:00+00:00,C24,315,316,-8.709054407,500,0.017418109
2020-01-01T06:00:00+00:00,C25-1,315,321,-62.03823941,500,0.124076479
2020-01-01T06:00:00+00:00,C25-2,315,321,-62.03823941,500,0.124076479
2020-01-01T06:00:00+00:00,C26,315,324,-19.396529418,500,0.038793059
2020-01-01T06:00:00+00:00,C27,316,317,-319.075487024,500,0.638150974
2020-01-01T06:00:00+00:00,C28,316,319,100.307298914,500,0.200614598
2020-01-01T06:00:00+00:00,C29,317,318,316.935825945,500,0.633871652
2020-01-01T06:00:00+00:00,C3,301,305,21.1855403,175,0.12106023
2020-01-01T06:00:00+00:00,C30,317,322,19.288687032,500,0.038577374
2020-01-01T06:00:00+00:00,C31-1,318,321,37.193895894,500,0.074387792
2020-01-01T06:00:00+00:00,C31-2,318,321,37.193895894,500,0.074387792
2020-01-01T06:00:00+00:00,C32-1,319,320,6.707350816,500,0.013414702
2020-01-01T06:00:00+00:00,C32-2,319,320,6.707350816,500,0.013414702
2020-01-01T06:00:00+00:00,C33-1,320,323,-24.017103472,500,0.048034207
2020-01-01T06:00:00+00:00,C33-2,320,323,-24.017103472,500,0.048034207
2020-01-01T06:00:00+00:00,C34,321,322,-49.688687032,500,0.099377374
2020-01-01T06:00:00+00:00,C35,323,325,-312.729212941,722,0.433142954
2020-01-01T06:00:00+00:00,C4,302,304,-16.637894719,175,0.095073684
2020-01-01T06:00:00+00:00,C5,302,306,15.839988842,175,0.090514222
2020-01-01T06:00:00+00:00,C6,303,309,152.689040835,175,0.872508805
2020-01-01T06:00:00+00:00,C7,303,324,19.396529418,400,0.048491324
2020-01-01T06:00:00+00:00,C8,304,309,-52.163044989,175,0.298074543
2020-01-01T06:00:00+00:00,C9,305,310,-12.899401175,175,0.073710864
2020-01-01T06:00:00+00:00,CA-1,325,121,-312.729212941,500,0.625458426
2020-01-01T06:00:00+00:00,CB-1,318,223,82.684857941,500,0.165369716
2020-01-01T07:00:00+00:00,A1,101,102,47.009982991,175,0.268628474
2020-01-01T07:00:00+00:00,A10,106,110,3.618893436,175,0.020679391
2020-01-01T07:00:00+00:00,A11,107,108,-95.178668346,175,0.543878105
2020-01-01T07:00:00+00:00,A12-1,108,109,-91.420766671,175,0.522404381
2020-01-01T07:00:00+00:00,A13-2,108,110,-82.087070375,175,0.469068974
2020-01-01T07:00:00+00:00,A14,109,111,-39.888327527,400,0.099720819
2020-01-01T07:00:00+00:00,A15,109,112,-28.509527646,400,0.071273819
2020-01-01T07:00:00+00:00,A16,110,111,-58.540909998,400,0.146352275
2020-01-01T07:00:00+00:00,A17,110,112,-46.993950513,400,0.117484876
2020-01-01T07:00:00+00:00,A18,111,113,20.579595414,500,0.041159191
2020-01-01T07:00:00+00:00,A19,111,114,-119.008832939,500,0.238017666
2020-01-01T07:00:00+00:00,A2,101,103,20.440273132,175,0.116801561
2020-01-01T07:00:00+00:00,A20,112,113,0.069308629,500,0.000138617
2020-01-01T07:00:00+00:00,A21,112,123,-75.572786789,500,0.151145574
2020-01-01T07:00:00+00:00,A22,113,123,-84.297553249,500,0.168595106
2020-01-01T07:00:00+00:00,A23,114,116,-207.873503861,500,0.415747008
2020-01-01T07:00:00+00:00,A24,115,116,134.984415891,500,0.269968832
2020-01-01T07:00:00+00:00,A25-1,115,121,-164.927620243,500,0.32985524
2020-01-01T07:00:00+00:00,A25-2,115,121,-164.927620243,500,0.32985524
2020-01-01T07:00:00+00:00,A26,115,124,111.664120046,500,0.22332824
2020-01-01T07:00:00+00:00,A27,116,117,-279.591945256,500,0.559183891
2020-01-01T07:00:00+00:00,A28,116,119,253.896325882,500,0.507792652
2020-01-01T07:00:00+00:00,A29,117,118,-49.182708924,500,0.098365418
2020-01-01T07:00:00+00:00,A3,101,105,94.778689961,175,0.541592514
2020-01-01T07:00:00+00:00,A30,117,122,-230.409236332,500,0.460818473
2020-01-01T07:00:00+00:00,A31-1,118,121,-93.009229249,500,0.186018458
2020-01-01T07:00:00+00:00,A31-2,118,121,-93.009229249,500,0.186018458
2020-01-01T07:00:00+00:00,A32-1,119,120,92.293252021,500,0.184586504
2020-01-01T07:00:00+00:00,A32-2,119,120,92.293252021,500,0.184586504
2020-01-01T07:00:00+00:00,A33-1,120,123,62.977071923,500,0.125954144
2020-01-01T07:00:00+00:00,A33-2,120,123,62.977071923,500,0.125954144
2020-01-01T07:00:00+00:00,A34,121,122,-310.090763668,500,0.620181527
2020-01-01T07:00:00+00:00,A4,102,104,57.628538041,175,0.329305932
2020-01-01T07:00:00+00:00,A5,102,106,65.915776145,175,0.376661578
2020-01-01T07:00:00+00:00,A6,103,109,64.552636652,175,0.368872209
2020-01-01T07:00:00+00:00,A7,103,124,-111.664120046,400,0.2791603
2020-01-01T07:00:00+00:00,A8,104,109,38.631704802,175,0.220752599
2020-01-01T07:00:00+00:00,A9,105,110,62.256052665,175,0.355748872
2020-01-01T07:00:00+00:00,AB1,107,203,37.920504092,175,0.216688595
2020-01-01T07:00:00+00:00,AB2,113,215,133.259149072,500,0.266518298
2020-01-01T07:00:00+00:00,AB3,123,217,199.083803807,500,0.398167608
2020-01-01T07:00:00+00:00,B1,201,202,13.749613227,175,0.078569218
2020-01-01T07:00:00+00:00,B10,206,210,-36.314246164,175,0.207509978
2020-01-01T07:00:00+00:00,B11,207,208,-53.537698728,175,0.305929707
2020-01-01T07:00:00+00:00,B12-1,208,209,-166.685766564,175,0.952490095
2020-01-01T07:00:00+00:00,B13-2,208,210,-148.987337358,175,0.851356213
2020-01-01T07:00:00+00:00,B14,209,211,-89.106292444,400,0.222765731
2020-01-01T07:00:00+00:00,B15,209,212,-110.550504608,400,0.276376262
2020-01-01T07:00:00+00:00,B16,210,211,-124.67414076,400,0.311685352
2020-01-01T07:00:00+00:00,B17,210,212,-146.435262464,400,0.366088156
2020-01-01T07:00:00+00:00,B18,211,213,-75.927168952,500,0.151854338
2020-01-01T07:00:00+00:00,B19,211,214,-137.853264252,500,0.275706529
2020-01-01T07:00:00+00:00,B2,201,203,-39.22658812,175,0.224151932
2020-01-01T07:00:00+00:00,B20,212,213,-37.273976525,500,0.074547953
2020-01-01T07:00:00+00:00,B21,212,223,-219.711790547,500,0.439423581
2020-01-01T07:00:00+00:00,B22,213,223,-224.40106678,500,0.448802134
2020-01-01T07:00:00+00:00,B23,214,216,-220.943772677,500,0.441887545
2020-01-01T07:00:00+00:00,B24,215,216,27.928373571,500,0.055856747
2020-01-01T07:00:00+00:00,B25-1,215,221,-25.873837543,500,0.051747675
2020-01-01T07:00:00+00:00,B25-2,215,221,-25.873837543,500,0.051747675
2020-01-01T07:00:00+00:00,B26,215,224,141.806846612,500,0.283613693
2020-01-01T07:00:00+00:00,B27,216,217,-118.111699311,500,0.236223399
2020-01-01T07:00:00+00:00,B28,216,219,-24.733858779,500,0.049467718
2020-01-01T07:00:00+00:00,B29,217,218,117.867458301,500,0.235734917
2020-01-01T07:00:00+00:00,B3,201,205,28.120403192,175,0.160688018
2020-01-01T07:00:00+00:00,B30,217,222,-36.895353805,500,0.073790708
2020-01-01T07:00:00+00:00,B31-1,218,221,-12.378485555,500,0.024756971
2020-01-01T07:00:00+00:00,B31-2,218,221,-12.378485555,500,0.024756971
2020-01-01T07:00:00+00:00,B32-1,219,220,-51.128223268,500,0.102256447
2020-01-01T07:00:00+00:00,B32-2,219,220,-51.128223268,500,0.102256447
2020-01-01T07:00:00+00:00,B33-1,220,223,-78.539525017,500,0.15707905
2020-01-01T07:00:00+00:00,B33-2,220,223,-78.539525017,500,0.15707905
2020-01-01T07:00:00+00:00,B34,221,222,-76.504646195,500,0.153009292
2020-01-01T07:00:00+00:00,B4,202,204,10.269588962,175,0.058683365
2020-01-01T07:00:00+00:00,B5,202,206,21.934770052,175,0.125341543
2020-01-01T07:00:00+00:00,B6,203,209,63.406476416,175,0.362322722
2020-01-01T07:00:00+00:00,B7,203,224,-141.806846612,400,0.354517117
2020-01-01T07:00:00+00:00,B8,204,209,-21.424728685,175,0.122427021
2020-01-01T07:00:00+00:00,B9,205,210,-2.289009685,175,0.013080055
2020-01-01T07:00:00+00:00,C1,301,302,29.661639745,175,0.169495084
2020-01-01T07:00:00+00:00,C10,306,310,-67.866999038,175,0.387811423
2020-01-01T07:00:00+00:00,C11,307,308,-64.062005702,175,0.366068604
2020-01-01T07:00:00+00:00,C12-1,308,309,-84.990550077,175,0.485660286
2020-01-01T07:00:00+00:00,C13-2,308,310,-53.408279425,175,0.305190168
2020-01-01T07:00:00+00:00,C14,309,311,-52.063002346,400,0.130157506
2020-01-01T07:00:00+00:00,C15,309,312,-58.270858948,400,0.145677147
2020-01-01T07:00:00+00:00,C16,310,311,-113.952212298,400,0.284880531
2020-01-01T07:00:00+00:00,C17,310,312,-120.251810623,400,0.300629527
2020-01-01T07:00:00+00:00,C18,311,313,-65.664589625,500,0.131329179
2020-01-01T07:00:00+00:00,C19,311,314,-100.350625019,500,0.20070125
2020-01-01T07:00:00+00:00,C2,301,303,-84.024416346,175,0.480139522
2020-01-01T07:00:00+00:00,C20,312,313,-54.474928101,500,0.108949856
2020-01-01T07:00:00+00:00,C21,312,323,-97.94774147,500,0.195895483
2020-01-01T07:00:00+00:00,C22,313,323,-79.150969813,500,0.15830194
2020-01-01T07:00:00+00:00,C23,314,316,-97.674857868,500,0.195349716
2020-01-01T07:00:00+00:00,C24,315,316,-59.196998983,500,0.118393998
2020-01-01T07:00:00+00:00,C25-1,315,321,-49.14454801,500,0.098289096
2020-01-01T07:00:00+00:00,C25-2,315,321,-49.14454801,500,0.098289096
2020-01-01T07:00:00+00:00,C26,315,324,-4.975151457,500,0.009950303
2020-01-01T07:00:00+00:00,C27,316,317,-250.564386106,500,0.501128772
2020-01-01T07:00:00+00:00,C28,316,319,4.442924694,500,0.008885849
2020-01-01T07:00:00+00:00,C29,317,318,344.66832968,500,0.689336659
2020-01-01T07:00:00+00:00,C3,301,305,-0.986796325,175,0.005638836
2020-01-01T07:00:00+00:00,C30,317,322,-0.632715786,500,0.001265432
2020-01-01T07:00:00+00:00,C31-1,318,321,11.060905903,500,0.022121812
2020-01-01T07:00:00+00:00,C31-2,318,321,11.060905903,500,0.022121812
2020-01-01T07:00:00+00:00,C32-1,319,320,0.640570219,500,0.00128114
2020-01-01T07:00:00+00:00,C32-2,319,320,0.640570219,500,0.00128114
2020-01-01T07:00:00+00:00,C33-1,320,323,-8.559176701,500,0.017118353
2020-01-01T07:00:00+00:00,C33-2,320,323,-8.559176701,500,0.017118353
2020-01-01T07:00:00+00:00,C34,321,322,-76.167284214,500,0.152334568
2020-01-01T07:00:00+00:00,C35,323,325,-194.217064685,722,0.268998705
2020-01-01T07:00:00+00:00,C4,302,304,-21.882939845,175,0.125045371
2020-01-01T07:00:00+00:00,C5,302,306,1.832463165,175,0.010471218
2020-01-01T07:00:00+00:00,C6,303,309,76.851143986,175,0.439149394
2020-01-01T07:00:00+00:00,C7,303,324,-53.824848543,400,0.134562121
2020-01-01T07:00:00+00:00,C8,304,309,-59.80764722,175,0.341757984
2020-01-01T07:00:00+00:00,C9,305,310,-37.374015563,175,0.213565803
2020-01-01T07:00:00+00:00,CA-1,325,121,-194.217064685,500,0.388434129
2020-01-01T07:00:00+00:00,CB-1,318,223,151.885334685,500,0.303770669
2020-01-01T08:00:00+00:00,A1,101,102,56.261226824,175,0.321492725
2020-01-01T08:00:00+00:00,A10,106,110,10.632128834,175,0.060755022
2020-01-01T08:00:00+00:00,A11,107,108,-107.543441095,175,0.614533949
2020-01-01T08:00:00+00:00,A12-1,108,109,-95.594226218,175,0.546252721
2020-01-01T08:00:00+00:00,A13-2,108,110,-85.899734417,175,0.490855625
2020-01-01T08:00:00+00:00,A14,109,111,-33.166810637,400,0.082917027
2020-01-01T08:00:00+00:00,A15,109,112,-17.864105309,400,0.044660263
2020-01-01T08:00:00+00:00,A16,110,111,-52.418292322,400,0.131045731
2020-01-01T08:00:00+00:00,A17,110,112,-36.88943864,400,0.092223597
2020-01-01T08:00:00+00:00,A18,111,113,36.421710335,500,0.072843421
2020-01-01T08:00:00+00:00,A19,111,114,-122.006813295,500,0.244013627
2020-01-01T08:00:00+00:00,A2,101,103,20.33916576,175,0.116223804
2020-01-01T08:00:00+00:00,A20,112,113,8.838583981,500,0.017677168
2020-01-01T08:00:00+00:00,A21,112,123,-63.59212793,500,0.127184256
2020-01-01T08:00:00+00:00,A22,113,123,-75.778028049,500,0.151556056
2020-01-01T08:00:00+00:00,A23,114,116,-205.903893942,500,0.411807788
2020-01-01T08:00:00+00:00,A24,115,116,168.397010068,500,0.33679402
2020-01-01T08:00:00+00:00,A25-1,115,121,-173.200930218,500,0.34640186
2020-01-01T08:00:00+00:00,A25-2,115,121,-173.200930218,500,0.34640186
2020-01-01T08:00:00+00:00,A26,115,124,102.915290753,500,0.205830582
2020-01-01T08:00:00+00:00,A27,116,117,-288.86947824,500,0.577738956
2020-01-01T08:00:00+00:00,A28,116,119,270.116676506,500,0.540233353
2020-01-01T08:00:00+00:00,A29,117,118,-90.036019757,500,0.18007204
2020-01-01T08:00:00+00:00,A3,101,105,100.994016127,175,0.577108664
2020-01-01T08:00:00+00:00,A30,117,122,-198.833458483,500,0.397666917
2020-01-01T08:00:00+00:00,A31-1,118,121,-99.172463115,500,0.198344926
2020-01-01T08:00:00+00:00,A31-2,118,121,-99.172463115,500,0.198344926
2020-01-01T08:00:00+00:00,A32-1,119,120,110.07078259,500,0.220141565
2020-01-01T08:00:00+00:00,A32-2,119,120,110.07078259,500,0.220141565
2020-01-01T08:00:00+00:00,A33-1,120,123,82.39339516,500,0.16478679
2020-01-01T08:00:00+00:00,A33-2,120,123,82.39339516,500,0.16478679
2020-01-01T08:00:00+00:00,A34,121,122,-250.566541517,500,0.501133083
2020-01-01T08:00:00+00:00,A4,102,104,60.133841377,175,0.343621951
2020-01-01T08:00:00+00:00,A5,102,106,69.446577124,175,0.396837584
2020-01-01T08:00:00+00:00,A6,103,109,74.611804366,175,0.426353168
2020-01-01T08:00:00+00:00,A7,103,124,-102.915290753,400,0.257288227
2020-01-01T08:00:00+00:00,A8,104,109,45.63186216,175,0.260753498
2020-01-01T08:00:00+00:00,A9,105,110,70.289414447,175,0.401653797
2020-01-01T08:00:00+00:00,AB1,107,203,53.48604377,175,0.305634536
2020-01-01T08:00:00+00:00,AB2,113,215,169.536640038,500,0.33907328
2020-01-01T08:00:00+00:00,AB3,123,217,227.416634341,500,0.454833269
2020-01-01T08:00:00+00:00,B1,201,202,15.927783255,175,0.091015904
2020-01-01T08:00:00+00:00,B10,206,210,-33.752631515,175,0.19287218
2020-01-01T08:00:00+00:00,B11,207,208,-52.809696228,175,0.301769693
2020-01-01T08:00:00+00:00,B12-1,208,209,-166.71790105,175,0.95267372
2020-01-01T08:00:00+00:00,B13-2,208,210,-147.647959618,175,0.843702626
2020-01-01T08:00:00+00:00,B14,209,211,-85.343109739,400,0.213357774
2020-01-01T08:00:00+00:00,B15,209,212,-100.91993621,400,0.252299841
2020-01-01T08:00:00+00:00,B16,210,211,-123.509572964,400,0.308773932
2020-01-01T08:00:00+00:00,B17,210,212,-139.316598841,400,0.348291497
2020-01-01T08:00:00+00:00,B18,211,213,-64.299814487,500,0.128599629
2020-01-01T08:00:00+00:00,B19,211,214,-144.552868216,500,0.289105736
2020-01-01T08:00:00+00:00,B2,201,203,-44.008813697,175,0.251478935
2020-01-01T08:00:00+00:00,B20,212,213,-36.222584773,500,0.07244517
2020-01-01T08:00:00+00:00,B21,212,223,-204.013950278,500,0.408027901
2020-01-01T08:00:00+00:00,B22,213,223,-207.478955263,500,0.414957911
2020-01-01T08:00:00+00:00,B23,214,216,-226.513516762,500,0.453027034
2020-01-01T08:00:00+00:00,B24,215,216,81.516216357,500,0.163032433
2020-01-01T08:00:00+00:00,B25-1,215,221,-24.541163718,500,0.049082327
2020-01-01T08:00:00+00:00,B25-2,215,221,-24.541163718,500,0.049082327
2020-01-01T08:00:00+00:00,B26,215,224,140.977361483,500,0.281954723
2020-01-01T08:00:00+00:00,B27,216,217,-148.649276153,500,0.297298552
2020-01-01T08:00:00+00:00,B28,216,219,23.404218766,500,0.046808438
2020-01-01T08:00:00+00:00,B29,217,218,115.018291832,500,0.230036584
2020-01-01T08:00:00+00:00,B3,201,205,30.953452901,175,0.176876874
2020-01-01T08:00:00+00:00,B30,217,222,-36.250933643,500,0.072501867
2020-01-01T08:00:00+00:00,B31-1,218,221,-12.83336946,500,0.025666739
2020-01-01T08:00:00+00:00,B31-2,218,221,-12.83336946,500,0.025666739
2020-01-01T08:00:00+00:00,B32-1,219,220,-26.532110686,500,0.053064221
2020-01-01T08:00:00+00:00,B32-2,219,220,-26.532110686,500,0.053064221
2020-01-01T08:00:00+00:00,B33-1,220,223,-53.570675155,500,0.10714135
2020-01-01T08:00:00+00:00,B33-2,220,223,-53.570675155,500,0.10714135
2020-01-01T08:00:00+00:00,B34,221,222,-74.749066357,500,0.149498133
2020-01-01T08:00:00+00:00,B4,202,204,11.243141001,175,0.06424652
2020-01-01T08:00:00+00:00,B5,202,206,23.704317982,175,0.135453246
2020-01-01T08:00:00+00:00,B6,203,209,74.408628987,175,0.425192166
2020-01-01T08:00:00+00:00,B7,203,224,-140.977361483,400,0.352443404
2020-01-01T08:00:00+00:00,B8,204,209,-20.020199166,175,0.114401138
2020-01-01T08:00:00+00:00,B9,205,210,0.957545444,175,0.005471688
2020-01-01T08:00:00+00:00,C1,301,302,18.905773101,175,0.108032989
2020-01-01T08:00:00+00:00,C10,306,310,-82.819596966,175,0.47325484
2020-01-01T08:00:00+00:00,C11,307,308,-68.688706096,175,0.392506892
2020-01-01T08:00:00+00:00,C12-1,308,309,-74.596099271,175,0.426263424
2020-01-01T08:00:00+00:00,C13-2,308,310,-52.158756765,175,0.298050039
2020-01-01T08:00:00+00:00,C14,309,311,-75.661360965,400,0.189153402
2020-01-01T08:00:00+00:00,C15,309,312,-88.59886426,400,0.221497161
2020-01-01T08:00:00+00:00,C16,310,311,-120.201530193,400,0.300503825
2020-01-01T08:00:00+00:00,C17,310,312,-133.330228117,400,0.33332557
2020-01-01T08:00:00+00:00,C18,311,313,-135.547279422,500,0.271094559
2020-01-01T08:00:00+00:00,C19,311,314,-60.315611736,500,0.120631223
2020-01-01T08:00:00+00:00,C2,301,303,-61.451977164,175,0.351154155
2020-01-01T08:00:00+00:00,C20,312,313,-112.227429734,500,0.224454859
2020-01-01T08:00:00+00:00,C21,312,323,-61.001662642,500,0.122003325
2020-01-01T08:00:00+00:00,C22,313,323,-6.094766081,500,0.012189532
2020-01-01T08:00:00+00:00,C23,314,316,-19.320483597,500,0.038640967
2020-01-01T08:00:00+00:00,C24,315,316,-122.555583534,500,0.245111167
2020-01-01T08:00:00+00:00,C25-1,315,321,-14.988421878,500,0.029976844
2020-01-01T08:00:00+00:00,C25-2,315,321,-14.988421878,500,0.029976844
2020-01-01T08:00:00+00:00,C26,315,324,-21.662131371,500,0.043324263
2020-01-01T08:00:00+00:00,C27,316,317,-155.102187352,500,0.310204375
2020-01-01T08:00:00+00:00,C28,316,319,-79.724844657,500,0.159449689
2020-01-01T08:00:00+00:00,C29,317,318,410.027470918,500,0.820054942
2020-01-01T08:00:00+00:00,C3,301,305,-16.800838005,175,0.096004789
2020-01-01T08:00:00+00:00,C30,317,322,13.97034173,500,0.027940683
2020-01-01T08:00:00+00:00,C31-1,318,321,-13.796748987,500,0.027593498
2020-01-01T08:00:00+00:00,C31-2,318,321,-13.796748987,500,0.027593498
2020-01-01T08:00:00+00:00,C32-1,319,320,-27.593045542,500,0.055186091
2020-01-01T08:00:00+00:00,C32-2,319,320,-27.593045542,500,0.055186091
2020-01-01T08:00:00+00:00,C33-1,320,323,-19.361663064,500,0.038723326
2020-01-01T08:00:00+00:00,C33-2,320,323,-19.361663064,500,0.038723326
2020-01-01T08:00:00+00:00,C34,321,322,-57.57034173,500,0.115140683
2020-01-01T08:00:00+00:00,C35,323,325,-105.819754851,722,0.146564757
2020-01-01T08:00:00+00:00,C4,302,304,-26.310378097,175,0.150345018
2020-01-01T08:00:00+00:00,C5,302,306,-8.086284733,175,0.046207341
2020-01-01T08:00:00+00:00,C6,303,309,24.574154687,175,0.140423741
2020-01-01T08:00:00+00:00,C7,303,324,-74.337868629,400,0.185844672
2020-01-01T08:00:00+00:00,C8,304,309,-66.974092106,175,0.382709098
2020-01-01T08:00:00+00:00,C9,305,310,-55.816023067,175,0.318948703
2020-01-01T08:00:00+00:00,CA-1,325,121,-105.819754851,500,0.21163951
2020-01-01T08:00:00+00:00,CB-1,318,223,254.634255851,500,0.509268512
2020-01-01T09:00:00+00:00,A1,101,102,49.32023722,175,0.281829927
2020-01-01T09:00:00+00:00,A10,106,110,16.369876272,175,0.09354215
2020-01-01T09:00:00+00:00,A11,107,108,-108.21558338,175,0.618374762
2020-01-01T09:00:00+00:00,A12-1,108,109,-93.763739262,175,0.535792796
2020-01-01T09:00:00+00:00,A13-2,108,110,-85.504417118,175,0.488596669
2020-01-01T09:00:00+00:00,A14,109,111,-26.791964067,400,0.06697991
2020-01-01T09:00:00+00:00,A15,109,112,-14.635377501,400,0.036588444
2020-01-01T09:00:00+00:00,A16,110,111,-43.171814272,400,0.107929536
2020-01-01T09:00:00+00:00,A17,110,112,-30.835573717,400,0.077088934
2020-01-01T09:00:00+00:00,A18,111,113,32.340223675,500,0.064680447
2020-01-01T09:00:00+00:00,A19,111,114,-102.304002014,500,0.204608004
2020-01-01T09:00:00+00:00,A2,101,103,26.751075992,175,0.152863291
2020-01-01T09:00:00+00:00,A20,112,113,10.42797639,500,0.020855953
2020-01-01T09:00:00+00:00,A21,112,123,-55.898927608,500,0.111797855
2020-01-01T09:00:00+00:00,A22,113,123,-68.077457985,500,0.136154916
2020-01-01T09:00:00+00:00,A23,114,116,-182.913353838,500,0.365826708
2020-01-01T09:00:00+00:00,A24,115,116,153.573596987,500,0.307147194
2020-01-01T09:00:00+00:00,A25-1,115,121,-152.964129656,500,0.305928259
2020-01-01T09:00:00+00:00,A25-2,115,121,-152.964129656,500,0.305928259
2020-01-01T09:00:00+00:00,A26,115,124,82.637319396,500,0.165274639
2020-01-01T09:00:00+00:00,A27,116,117,-239.915551404,500,0.479831103
2020-01-01T09:00:00+00:00,A28,116,119,231.024582273,500,0.462049165
2020-01-01T09:00:00+00:00,A29,117,118,-100.816192067,500,0.201632384
2020-01-01T09:00:00+00:00,A3,101,105,105.653377525,175,0.603733586
2020-01-01T09:00:00+00:00,A30,117,122,-139.099359338,500,0.278198719
2020-01-01T09:00:00+00:00,A31-1,118,121,-94.490864481,500,0.188981729
2020-01-01T09:00:00+00:00,A31-2,118,121,-94.490864481,500,0.188981729
2020-01-01T09:00:00+00:00,A32-1,119,120,96.608444022,500,0.193216888
2020-01-01T09:00:00+00:00,A32-2,119,120,96.608444022,500,0.193216888
2020-01-01T09:00:00+00:00,A33-1,120,123,70.015668163,500,0.140031336
2020-01-01T09:00:00+00:00,A33-2,120,123,70.015668163,500,0.140031336
2020-01-01T09:00:00+00:00,A34,121,122,-157.900640662,500,0.315801281
2020-01-01T09:00:00+00:00,A4,102,104,64.602702991,175,0.369158303
2020-01-01T09:00:00+00:00,A5,102,106,72.879524973,175,0.416454428
2020-01-01T09:00:00+00:00,A6,103,109,72.896213282,175,0.41654979
2020-01-01T09:00:00+00:00,A7,103,124,-82.637319396,400,0.206593298
2020-01-01T09:00:00+00:00,A8,104,109,52.154805903,175,0.298027462
2020-01-01T09:00:00+00:00,A9,105,110,76.152016806,175,0.435154382
2020-01-01T09:00:00+00:00,AB1,107,203,56.27656803,175,0.321580389
2020-01-01T09:00:00+00:00,AB2,113,215,167.334945506,500,0.334669891
2020-01-01T09:00:00+00:00,AB3,123,217,218.054950732,500,0.436109901
2020-01-01T09:00:00+00:00,B1,201,202,16.321500864,175,0.093265719
2020-01-01T09:00:00+00:00,B10,206,210,-33.812124447,175,0.19321214
2020-01-01T09:00:00+00:00,B11,207,208,-53.045805132,175,0.303118886
2020-01-01T09:00:00+00:00,B12-1,208,209,-167.344515591,175,0.956254375
2020-01-01T09:00:00+00:00,B13-2,208,210,-147.997117627,175,0.845697815
2020-01-01T09:00:00+00:00,B14,209,211,-85.522195405,400,0.213805489
2020-01-01T09:00:00+00:00,B15,209,212,-100.286580657,400,0.250716452
2020-01-01T09:00:00+00:00,B16,210,211,-124.228254872,400,0.310570637
2020-01-01T09:00:00+00:00,B17,210,212,-139.21083301,400,0.348027083
2020-01-01T09:00:00+00:00,B18,211,213,-63.418970069,500,0.12683794
2020-01-01T09:00:00+00:00,B19,211,214,-146.331480208,500,0.29266296
2020-01-01T09:00:00+00:00,B2,201,203,-44.90470401,175,0.256598309
2020-01-01T09:00:00+00:00,B20,212,213,-36.806165652,500,0.073612331
2020-01-01T09:00:00+00:00,B21,212,223,-202.691248015,500,0.405382496
2020-01-01T09:00:00+00:00,B22,213,223,-205.682242599,500,0.411364485
2020-01-01T09:00:00+00:00,B23,214,216,-228.658569773,500,0.45731714
2020-01-01T09:00:00+00:00,B24,215,216,79.399287357,500,0.158798575
2020-01-01T09:00:00+00:00,B25-1,215,221,-22.97466892,500,0.045949338
2020-01-01T09:00:00+00:00,B25-2,215,221,-22.97466892,500,0.045949338
2020-01-01T09:00:00+00:00,B26,215,224,140.960834175,500,0.281921668
2020-01-01T09:00:00+00:00,B27,216,217,-141.791588022,500,0.283583176
2020-01-01T09:00:00+00:00,B28,216,219,31.054447512,500,0.062108895
2020-01-01T09:00:00+00:00,B29,217,218,112.893220361,500,0.225786441
2020-01-01T09:00:00+00:00,B3,201,205,31.251627512,175,0.178580729
2020-01-01T09:00:00+00:00,B30,217,222,-36.629857651,500,0.073259715
2020-01-01T09:00:00+00:00,B31-1,218,221,-14.210402255,500,0.028420805
2020-01-01T09:00:00+00:00,B31-2,218,221,-14.210402255,500,0.028420805
2020-01-01T09:00:00+00:00,B32-1,219,220,-22.877939159,500,0.045755878
2020-01-01T09:00:00+00:00,B32-2,219,220,-22.877939159,500,0.045755878
2020-01-01T09:00:00+00:00,B33-1,220,223,-50.037391387,500,0.100074783
2020-01-01T09:00:00+00:00,B33-2,220,223,-50.037391387,500,0.100074783
2020-01-01T09:00:00+00:00,B34,221,222,-74.370142349,500,0.148740285
2020-01-01T09:00:00+00:00,B4,202,204,11.256244546,175,0.064321397
2020-01-01T09:00:00+00:00,B5,202,206,23.901711536,175,0.136581209
2020-01-01T09:00:00+00:00,B6,203,209,75.946738806,175,0.433981365
2020-01-01T09:00:00+00:00,B7,203,224,-140.960834175,400,0.352402085
2020-01-01T09:00:00+00:00,B8,204,209,-20.146872092,175,0.115124983
2020-01-01T09:00:00+00:00,B9,205,210,1.121610197,175,0.006409201
2020-01-01T09:00:00+00:00,C1,301,302,9.139294383,175,0.052224539
2020-01-01T09:00:00+00:00,C10,306,310,-95.263879969,175,0.544365028
2020-01-01T09:00:00+00:00,C11,307,308,-71.872034167,175,0.410697338
2020-01-01T09:00:00+00:00,C12-1,308,309,-65.212703305,175,0.372644019
2020-01-01T09:00:00+00:00,C13-2,308,310,-52.080273601,175,0.297601563
2020-01-01T09:00:00+00:00,C14,309,311,-106.235480985,400,0.265588702
2020-01-01T09:00:00+00:00,C15,309,312,-123.218634368,400,0.308046586
2020-01-01T09:00:00+00:00,C16,310,311,-133.220088154,400,0.33305022
2020-01-01T09:00:00+00:00,C17,310,312,-150.454224098,400,0.37613556
2020-01-01T09:00:00+00:00,C18,311,313,-194.048603044,500,0.388097206
2020-01-01T09:00:00+00:00,C19,311,314,-45.406966095,500,0.090813932
2020-01-01T09:00:00+00:00,C2,301,303,-40.210261928,175,0.229772925
2020-01-01T09:00:00+00:00,C20,312,313,-163.436469072,500,0.326872938
2020-01-01T09:00:00+00:00,C21,312,323,-51.236389394,500,0.102472779
2020-01-01T09:00:00+00:00,C22,313,323,33.046215451,500,0.066092431
2020-01-01T09:00:00+00:00,C23,314,316,8.247636878,500,0.016495274
2020-01-01T09:00:00+00:00,C24,315,316,-149.831931645,500,0.299663863
2020-01-01T09:00:00+00:00,C25-1,315,321,-22.517757738,500,0.045035515
2020-01-01T09:00:00+00:00,C25-2,315,321,-22.517757738,500,0.045035515
2020-01-01T09:00:00+00:00,C26,315,324,12.599968475,500,0.025199937
2020-01-01T09:00:00+00:00,C27,316,317,-116.649112116,500,0.233298224
2020-01-01T09:00:00+00:00,C28,316,319,-120.432809985,500,0.24086562
2020-01-01T09:00:00+00:00,C29,317,318,375.687017226,500,0.751374034
2020-01-01T09:00:00+00:00,C3,301,305,-31.026469975,175,0.177294114
2020-01-01T09:00:00+00:00,C30,317,322,-25.536129342,500,0.051072259
2020-01-01T09:00:00+00:00,C31-1,318,321,-30.114177591,500,0.060228355
2020-01-01T09:00:00+00:00,C31-2,318,321,-30.114177591,500,0.060228355
2020-01-01T09:00:00+00:00,C32-1,319,320,-43.901757729,500,0.087803515
2020-01-01T09:00:00+00:00,C32-2,319,320,-43.901757729,500,0.087803515
2020-01-01T09:00:00+00:00,C33-1,320,323,-22.400239222,500,0.044800478
2020-01-01T09:00:00+00:00,C33-2,320,323,-22.400239222,500,0.044800478
2020-01-01T09:00:00+00:00,C34,321,322,-105.263870658,500,0.210527741
2020-01-01T09:00:00+00:00,C35,323,325,-62.990652388,722,0.087244671
2020-01-01T09:00:00+00:00,C4,302,304,-29.566297335,175,0.16895027
2020-01-01T09:00:00+00:00,C5,302,306,-17.067106795,175,0.097526325
2020-01-01T09:00:00+00:00,C6,303,309,-22.206022653,175,0.126891558
2020-01-01T09:00:00+00:00,C7,303,324,-117.899968475,400,0.294749921
2020-01-01T09:00:00+00:00,C8,304,309,-72.114541562,175,0.412083095
2020-01-01T09:00:00+00:00,C9,305,310,-71.849785382,175,0.410570202
2020-01-01T09:00:00+00:00,CA-1,325,121,-62.990652388,500,0.125981305
2020-01-01T09:00:00+00:00,CB-1,318,223,244.448273388,500,0.488896547
2020-01-01T10:00:00+00:00,A1,101,102,47.221382011,175,0.269836469
2020-01-01T10:00:00+00:00,A10,106,110,16.65577045,175,0.095175831
2020-01-01T10:00:00+00:00,A11,107,108,-96.426103484,175,0.551006306
2020-01-01T10:00:00+00:00,A12-1,108,109,-86.076100807,175,0.491863433
2020-01-01T10:00:00+00:00,A13-2,108,110,-79.541120917,175,0.454520691
2020-01-01T10:00:00+00:00,A14,109,111,-22.577973835,400,0.056444935
2020-01-01T10:00:00+00:00,A15,109,112,-18.176556685,400,0.045441392
2020-01-01T10:00:00+00:00,A16,110,111,-35.558503144,400,0.088896258
2020-01-01T10:00:00+00:00,A17,110,112,-31.092040421,400,0.077730101
2020-01-01T10:00:00+00:00,A18,111,113,11.292602927,500,0.022585206
2020-01-01T10:00:00+00:00,A19,111,114,-69.429079906,500,0.13885816
2020-01-01T10:00:00+00:00,A2,101,103,32.413529088,175,0.185220166
2020-01-01T10:00:00+00:00,A20,112,113,3.359048515,500,0.006718097
2020-01-01T10:00:00+00:00,A21,112,123,-52.627645621,500,0.105255291
2020-01-01T10:00:00+00:00,A22,113,123,-60.530068436,500,0.121060137
2020-01-01T10:00:00+00:00,A23,114,116,-147.926605862,500,0.295853212
2020-01-01T10:00:00+00:00,A24,115,116,116.964175438,500,0.233928351
2020-01-01T10:00:00+00:00,A25-1,115,121,-120.984603002,500,0.241969206
2020-01-01T10:00:00+00:00,A25-2,115,121,-120.984603002,500,0.241969206
2020-01-01T10:00:00+00:00,A26,115,124,58.738454648,500,0.117476909
2020-01-01T10:00:00+00:00,A27,116,117,-164.84346059,500,0.329686921
2020-01-01T10:00:00+00:00,A28,116,119,155.418387921,500,0.310836776
2020-01-01T10:00:00+00:00,A29,117,118,-98.339954497,500,0.196679909
2020-01-01T10:00:00+00:00,A3,101,105,103.865435275,175,0.593516773
2020-01-01T10:00:00+00:00,A30,117,122,-66.503506094,500,0.133007012
2020-01-01T10:00:00+00:00,A31-1,118,121,-86.690276587,500,0.173380553
2020-01-01T10:00:00+00:00,A31-2,118,121,-86.690276587,500,0.173380553
2020-01-01T10:00:00+00:00,A32-1,119,120,63.140502728,500,0.126281005
2020-01-01T10:00:00+00:00,A32-2,119,120,63.140502728,500,0.126281005
2020-01-01T10:00:00+00:00,A33-1,120,123,37.244411691,500,0.074488823
2020-01-01T10:00:00+00:00,A33-2,120,123,37.244411691,500,0.074488823
2020-01-01T10:00:00+00:00,A34,121,122,-49.296493906,500,0.098592988
2020-01-01T10:00:00+00:00,A4,102,104,64.554321785,175,0.368881839
2020-01-01T10:00:00+00:00,A5,102,106,71.684963904,175,0.409628365
2020-01-01T10:00:00+00:00,A6,103,109,63.219227694,175,0.36125273
2020-01-01T10:00:00+00:00,A7,103,124,-58.738454648,400,0.146846137
2020-01-01T10:00:00+00:00,A8,104,109,52.911966523,175,0.302354094
2020-01-01T10:00:00+00:00,A9,105,110,75.136959281,175,0.429354053
2020-01-01T10:00:00+00:00,AB1,107,203,45.847800677,175,0.261987432
2020-01-01T10:00:00+00:00,AB2,113,215,135.055717928,500,0.270111436
2020-01-01T10:00:00+00:00,AB3,123,217,180.149122002,500,0.360298244
2020-01-01T10:00:00+00:00,B1,201,202,14.310304915,175,0.081773171
2020-01-01T10:00:00+00:00,B10,206,210,-33.482902476,175,0.191330871
2020-01-01T10:00:00+00:00,B11,207,208,-51.806233289,175,0.296035619
2020-01-01T10:00:00+00:00,B12-1,208,209,-164.686310522,175,0.941064632
2020-01-01T10:00:00+00:00,B13-2,208,210,-146.82418324,175,0.838995333
2020-01-01T10:00:00+00:00,B14,209,211,-85.394105535,400,0.213485264
2020-01-01T10:00:00+00:00,B15,209,212,-103.513872591,400,0.258784681
2020-01-01T10:00:00+00:00,B16,210,211,-121.223891772,400,0.303059729
2020-01-01T10:00:00+00:00,B17,210,212,-139.611438636,400,0.349028597
2020-01-01T10:00:00+00:00,B18,211,213,-69.910149556,500,0.139820299
2020-01-01T10:00:00+00:00,B19,211,214,-136.707847751,500,0.273415696
2020-01-01T10:00:00+00:00,B2,201,203,-40.086310226,175,0.22906463
2020-01-01T10:00:00+00:00,B20,212,213,-37.249269438,500,0.074498539
2020-01-01T10:00:00+00:00,B21,212,223,-205.876041788,500,0.411752084
2020-01-01T10:00:00+00:00,B22,213,223,-208.988633568,500,0.417977267
2020-01-01T10:00:00+00:00,B23,214,216,-217.111121816,500,0.434222244
2020-01-01T10:00:00+00:00,B24,215,216,51.231109991,500,0.10246222
2020-01-01T10:00:00+00:00,B25-1,215,221,-20.722722871,500,0.041445446
2020-01-01T10:00:00+00:00,B25-2,215,221,-20.722722871,500,0.041445446
2020-01-01T10:00:00+00:00,B26,215,224,136.589446056,500,0.273178892
2020-01-01T10:00:00+00:00,B27,216,217,-112.891870777,500,0.225783742
2020-01-01T10:00:00+00:00,B28,216,219,-1.433127679,500,0.002866255
2020-01-01T10:00:00+00:00,B29,217,218,105.296289666,500,0.210592579
2020-01-01T10:00:00+00:00,B3,201,205,29.715419748,175,0.169802399
2020-01-01T10:00:00+00:00,B30,217,222,-38.039038441,500,0.076078077
2020-01-01T10:00:00+00:00,B31-1,218,221,-16.357757909,500,0.032715516
2020-01-01T10:00:00+00:00,B31-2,218,221,-16.357757909,500,0.032715516
2020-01-01T10:00:00+00:00,B32-1,219,220,-38.224276741,500,0.076448553
2020-01-01T10:00:00+00:00,B32-2,219,220,-38.224276741,500,0.076448553
2020-01-01T10:00:00+00:00,B33-1,220,223,-64.749068186,500,0.129498136
2020-01-01T10:00:00+00:00,B33-2,220,223,-64.749068186,500,0.129498136
2020-01-01T10:00:00+00:00,B34,221,222,-74.160961559,500,0.148321923
2020-01-01T10:00:00+00:00,B4,202,204,11.226388539,175,0.064150792
2020-01-01T10:00:00+00:00,B5,202,206,22.882279343,175,0.130755882
2020-01-01T10:00:00+00:00,B6,203,209,67.74996057,175,0.387142632
2020-01-01T10:00:00+00:00,B7,203,224,-136.589446056,400,0.341473615
2020-01-01T10:00:00+00:00,B8,204,209,-19.442901568,175,0.111102295
2020-01-01T10:00:00+00:00,B9,205,210,0.28947924,175,0.001654167
2020-01-01T10:00:00+00:00,C1,301,302,7.426431624,175,0.042436752
2020-01-01T10:00:00+00:00,C10,306,310,-99.823703086,175,0.57042116
2020-01-01T10:00:00+00:00,C11,307,308,-74.066751009,175,0.423238577
2020-01-01T10:00:00+00:00,C12-1,308,309,-61.184941261,175,0.349628236
2020-01-01T10:00:00+00:00,C13-2,308,310,-49.705125127,175,0.284029286
2020-01-01T10:00:00+00:00,C14,309,311,-111.315711751,400,0.278289279
2020-01-01T10:00:00+00:00,C15,309,312,-132.699525402,400,0.331748814
2020-01-01T10:00:00+00:00,C16,310,311,-135.177164472,400,0.337942911
2020-01-01T10:00:00+00:00,C17,310,312,-156.876995073,400,0.392192488
2020-01-01T10:00:00+00:00,C18,311,313,-227.601360886,500,0.455202722
2020-01-01T10:00:00+00:00,C19,311,314,-18.891515337,500,0.037783031
2020-01-01T10:00:00+00:00,C2,301,303,-36.870819311,175,0.210690396
2020-01-01T10:00:00+00:00,C20,312,313,-189.05703678,500,0.378114074
2020-01-01T10:00:00+00:00,C21,312,323,-34.519483696,500,0.069038967
2020-01-01T10:00:00+00:00,C22,313,323,65.820090195,500,0.13164018
2020-01-01T10:00:00+00:00,C23,314,316,37.956887098,500,0.075913774
2020-01-01T10:00:00+00:00,C24,315,316,-150.756544553,500,0.301513089
2020-01-01T10:00:00+00:00,C25-1,315,321,-19.512319028,500,0.039024638
2020-01-01T10:00:00+00:00,C25-2,315,321,-19.512319028,500,0.039024638
2020-01-01T10:00:00+00:00,C26,315,324,1.947902051,500,0.003895804
2020-01-01T10:00:00+00:00,C27,316,317,-57.498725529,500,0.114997451
2020-01-01T10:00:00+00:00,C28,316,319,-152.554332733,500,0.305108665
2020-01-01T10:00:00+00:00,C29,317,318,281.315583784,500,0.562631168
2020-01-01T10:00:00+00:00,C3,301,305,-34.549285185,175,0.197424487
2020-01-01T10:00:00+00:00,C30,317,322,-37.414309313,500,0.074828619
2020-01-01T10:00:00+00:00,C31-1,318,321,-32.180526315,500,0.064361053
2020-01-01T10:00:00+00:00,C31-2,318,321,-32.180526315,500,0.064361053
2020-01-01T10:00:00+00:00,C32-1,319,320,-60.451494097,500,0.120902988
2020-01-01T10:00:00+00:00,C32-2,319,320,-60.451494097,500,0.120902988
2020-01-01T10:00:00+00:00,C33-1,320,323,-32.623670613,500,0.065247341
2020-01-01T10:00:00+00:00,C33-2,320,323,-32.623670613,500,0.065247341
2020-01-01T10:00:00+00:00,C34,321,322,-103.385690687,500,0.206771381
2020-01-01T10:00:00+00:00,C35,323,325,-33.946734727,722,0.047017638
2020-01-01T10:00:00+00:00,C4,302,304,-30.81028917,175,0.176058795
2020-01-01T10:00:00+00:00,C5,302,306,-19.239077989,175,0.109937589
2020-01-01T10:00:00+00:00,C6,303,309,-31.879038713,175,0.182165936
2020-01-01T10:00:00+00:00,C7,303,324,-109.247902051,400,0.273119755
2020-01-01T10:00:00+00:00,C8,304,309,-74.657805767,175,0.426616033
2020-01-01T10:00:00+00:00,C9,305,310,-76.619199758,175,0.437823999
2020-01-01T10:00:00+00:00,CA-1,325,121,-33.946734727,500,0.067893469
2020-01-01T10:00:00+00:00,CB-1,318,223,148.362811727,500,0.296725623
2020-01-01T11:00:00+00:00,A1,101,102,46.328167549,175,0.264732386
2020-01-01T11:00:00+00:00,A10,106,110,16.984214553,175,0.097052655
2020-01-01T11:00:00+00:00,A11,107,108,-96.506821682,175,0.551467552
2020-01-01T11:00:00+00:00,A12-1,108,109,-85.019612423,175,0.485826357
2020-01-01T11:00:00+00:00,A13-2,108,110,-79.239930699,175,0.452799604
2020-01-01T11:00:00+00:00,A14,109,111,-21.013568259,400,0.052533921
2020-01-01T11:00:00+00:00,A15,109,112,-20.944801708,400,0.052362004
2020-01-01T11:00:00+00:00,A16,110,111,-32.509282317,400,0.081273206
2020-01-01T11:00:00+00:00,A17,110,112,-32.439499511,400,0.081098749
2020-01-01T11:00:00+00:00,A18,111,113,4.438628934,500,0.008877258
2020-01-01T11:00:00+00:00,A19,111,114,-57.96147951,500,0.115922959
2020-01-01T11:00:00+00:00,A2,101,103,34.380583406,175,0.196460477
2020-01-01T11:00:00+00:00,A20,112,113,4.314677225,500,0.008629354
2020-01-01T11:00:00+00:00,A21,112,123,-57.698978444,500,0.115397957
2020-01-01T11:00:00+00:00,A22,113,123,-66.711556505,500,0.133423113
2020-01-01T11:00:00+00:00,A23,114,116,-134.827140091,500,0.26965428
2020-01-01T11:00:00+00:00,A24,115,116,81.839314054,500,0.163678628
2020-01-01T11:00:00+00:00,A25-1,115,121,-96.451794533,500,0.192903589
2020-01-01T11:00:00+00:00,A25-2,115,121,-96.451794533,500,0.192903589
2020-01-01T11:00:00+00:00,A26,115,124,47.464200764,500,0.094928402
2020-01-01T11:00:00+00:00,A27,116,117,-113.675290835,500,0.227350582
2020-01-01T11:00:00+00:00,A28,116,119,114.065990272,500,0.228131981
2020-01-01T11:00:00+00:00,A29,117,118,-83.960558411,500,0.167921117
2020-01-01T11:00:00+00:00,A3,101,105,102.700056557,175,0.586857466
2020-01-01T11:00:00+00:00,A30,117,122,-29.714732424,500,0.059429465
2020-01-01T11:00:00+00:00,A31-1,118,121,-76.400034292,500,0.152800069
2020-01-01T11:00:00+00:00,A31-2,118,121,-76.400034292,500,0.152800069
2020-01-01T11:00:00+00:00,A32-1,119,120,44.07556069,500,0.088151121
2020-01-01T11:00:00+00:00,A32-2,119,120,44.07556069,500,0.088151121
2020-01-01T11:00:00+00:00,A33-1,120,123,18.717816993,500,0.037435634
2020-01-01T11:00:00+00:00,A33-2,120,123,18.717816993,500,0.037435634
2020-01-01T11:00:00+00:00,A34,121,122,0.614732424,500,0.001229465
2020-01-01T11:00:00+00:00,A4,102,104,64.492584005,175,0.368529051
2020-01-01T11:00:00+00:00,A5,102,106,70.869419909,175,0.404968114
2020-01-01T11:00:00+00:00,A6,103,109,59.526130022,175,0.340149314
2020-01-01T11:00:00+00:00,A7,103,124,-47.464200764,400,0.118660502
2020-01-01T11:00:00+00:00,A8,104,109,52.872692856,175,0.302129673
2020-01-01T11:00:00+00:00,A9,105,110,74.568809643,175,0.426107484
2020-01-01T11:00:00+00:00,AB1,107,203,46.979978524,175,0.26845702
2020-01-01T11:00:00+00:00,AB2,113,215,138.067955169,500,0.27613591
2020-01-01T11:00:00+00:00,AB3,123,217,189.056148714,500,0.378112297
2020-01-01T11:00:00+00:00,B1,201,202,14.413387036,175,0.082362212
2020-01-01T11:00:00+00:00,B10,206,210,-32.949842858,175,0.188284816
2020-01-01T11:00:00+00:00,B11,207,208,-51.49142136,175,0.294236693
2020-01-01T11:00:00+00:00,B12-1,208,209,-164.010703838,175,0.937204022
2020-01-01T11:00:00+00:00,B13-2,208,210,-146.066815275,175,0.834667516
2020-01-01T11:00:00+00:00,B14,209,211,-84.73635345,400,0.211840884
2020-01-01T11:00:00+00:00,B15,209,212,-101.615776885,400,0.254039442
2020-01-01T11:00:00+00:00,B16,210,211,-120.714648291,400,0.301786621
2020-01-01T11:00:00+00:00,B17,210,212,-137.843521333,400,0.344608803
2020-01-01T11:00:00+00:00,B18,211,213,-67.433264776,500,0.13486653
2020-01-01T11:00:00+00:00,B19,211,214,-138.017736966,500,0.276035474
2020-01-01T11:00:00+00:00,B2,201,203,-40.434208252,175,0.231052619
2020-01-01T11:00:00+00:00,B20,212,213,-37.008104035,500,0.074016208
2020-01-01T11:00:00+00:00,B21,212,223,-202.451194184,500,0.404902388
2020-01-01T11:00:00+00:00,B22,213,223,-205.303182093,500,0.410606364
2020-01-01T11:00:00+00:00,B23,214,216,-217.932422916,500,0.435864846
2020-01-01T11:00:00+00:00,B24,215,216,55.025298187,500,0.110050596
2020-01-01T11:00:00+00:00,B25-1,215,221,-21.743864222,500,0.043487728
2020-01-01T11:00:00+00:00,B25-2,215,221,-21.743864222,500,0.043487728
2020-01-01T11:00:00+00:00,B26,215,224,136.448140857,500,0.272896282
2020-01-01T11:00:00+00:00,B27,216,217,-119.395273768,500,0.238790548
2020-01-01T11:00:00+00:00,B28,216,219,8.295011952,500,0.016590024
2020-01-01T11:00:00+00:00,B29,217,218,106.91291135,500,0.213825823
2020-01-01T11:00:00+00:00,B3,201,205,30.032233162,175,0.171612761
2020-01-01T11:00:00+00:00,B30,217,222,-37.252036405,500,0.074504073
2020-01-01T11:00:00+00:00,B31-1,218,221,-15.130117576,500,0.030260235
2020-01-01T11:00:00+00:00,B31-2,218,221,-15.130117576,500,0.030260235
2020-01-01T11:00:00+00:00,B32-1,219,220,-33.132283089,500,0.066264566
2020-01-01T11:00:00+00:00,B32-2,219,220,-33.132283089,500,0.066264566
2020-01-01T11:00:00+00:00,B33-1,220,223,-59.495890825,500,0.118991782
2020-01-01T11:00:00+00:00,B33-2,220,223,-59.495890825,500,0.118991782
2020-01-01T11:00:00+00:00,B34,221,222,-73.747963595,500,0.147495927
2020-01-01T11:00:00+00:00,B4,202,204,11.383220479,175,0.065046974
2020-01-01T11:00:00+00:00,B5,202,206,23.072823581,175,0.131844706
2020-01-01T11:00:00+00:00,B6,203,209,68.846264371,175,0.393407225
2020-01-01T11:00:00+00:00,B7,203,224,-136.448140857,400,0.341120352
2020-01-01T11:00:00+00:00,B8,204,209,-19.099700966,175,0.109141148
2020-01-01T11:00:00+00:00,B9,205,210,0.78510583,175,0.004486319
2020-01-01T11:00:00+00:00,C1,301,302,6.710443817,175,0.038345393
2020-01-01T11:00:00+00:00,C10,306,310,-100.858595002,175,0.576334829
2020-01-01T11:00:00+00:00,C11,307,308,-75.03559,175,0.4287748
2020-01-01T11:00:00+00:00,C12-1,308,309,-62.123586426,175,0.354991922
2020-01-01T11:00:00+00:00,C13-2,308,310,-48.560690694,175,0.277489661
2020-01-01T11:00:00+00:00,C14,309,311,-95.245083015,400,0.238112708
2020-01-01T11:00:00+00:00,C15,309,312,-123.09870338,400,0.307746758
2020-01-01T11:00:00+00:00,C16,310,311,-122.900332845,400,0.307250832
2020-01-01T11:00:00+00:00,C17,310,312,-151.165583068,400,0.377913958
2020-01-01T11:00:00+00:00,C18,311,313,-238.043569059,500,0.476087138
2020-01-01T11:00:00+00:00,C19,311,314,19.898153199,500,0.039796306
2020-01-01T11:00:00+00:00,C2,301,303,-36.870298879,175,0.210687422
2020-01-01T11:00:00+00:00,C20,312,313,-187.837418352,500,0.375674837
2020-01-01T11:00:00+00:00,C21,312,323,-18.826868096,500,0.037653736
2020-01-01T11:00:00+00:00,C22,313,323,82.643561789,500,0.165287124
2020-01-01T11:00:00+00:00,C23,314,316,73.642917519,500,0.147285835
2020-01-01T11:00:00+00:00,C24,315,316,-147.694265319,500,0.295388531
2020-01-01T11:00:00+00:00,C25-1,315,321,-5.794767827,500,0.011589536
2020-01-01T11:00:00+00:00,C25-2,315,321,-5.794767827,500,0.011589536
2020-01-01T11:00:00+00:00,C26,315,324,-31.006455268,500,0.062012911
2020-01-01T11:00:00+00:00,C27,316,317,27.53050534,500,0.055061011
2020-01-01T11:00:00+00:00,C28,316,319,-199.61032514,500,0.39922065
2020-01-01T11:00:00+00:00,C29,317,318,185.311050148,500,0.3706221
2020-01-01T11:00:00+00:00,C3,301,305,-34.670894698,175,0.198119398
2020-01-01T11:00:00+00:00,C30,317,322,-47.080544809,500,0.09416109
2020-01-01T11:00:00+00:00,C31-1,318,321,-41.664959769,500,0.08332992
2020-01-01T11:00:00+00:00,C31-2,318,321,-41.664959769,500,0.08332992
2020-01-01T11:00:00+00:00,C32-1,319,320,-88.33092973,500,0.176661859
2020-01-01T11:00:00+00:00,C32-2,319,320,-88.33092973,500,0.176661859
2020-01-01T11:00:00+00:00,C33-1,320,323,-58.74915181,500,0.117498304
2020-01-01T11:00:00+00:00,C33-2,320,323,-58.74915181,500,0.117498304
2020-01-01T11:00:00+00:00,C34,321,322,-94.919455191,500,0.18983891
2020-01-01T11:00:00+00:00,C35,323,325,-53.681609927,722,0.07435126
2020-01-01T11:00:00+00:00,C4,302,304,-32.297300942,175,0.184556005
2020-01-01T11:00:00+00:00,C5,302,306,-19.219873082,175,0.109827846
2020-01-01T11:00:00+00:00,C6,303,309,-35.352003747,175,0.20201145
2020-01-01T11:00:00+00:00,C7,303,324,-74.693544732,400,0.186733862
2020-01-01T11:00:00+00:00,C8,304,309,-76.718370222,175,0.438390687
2020-01-01T11:00:00+00:00,C9,305,310,-77.291109818,175,0.441663485
2020-01-01T11:00:00+00:00,CA-1,325,121,-53.681609927,500,0.10736322
2020-01-01T11:00:00+00:00,CB-1,318,223,68.746157927,500,0.137492316
2020-01-01T12:00:00+00:00,A1,101,102,45.854449443,175,0.262025425
2020-01-01T12:00:00+00:00,A10,106,110,17.642134074,175,0.100812195
2020-01-01T12:00:00+00:00,A11,107,108,-98.773785063,175,0.564421629
2020-01-01T12:00:00+00:00,A12-1,108,109,-85.329199326,175,0.487595425
2020-01-01T12:00:00+00:00,A13-2,108,110,-79.906980596,175,0.456611318
2020-01-01T12:00:00+00:00,A14,109,111,-20.406812354,400,0.051017031
2020-01-01T12:00:00+00:00,A15,109,112,-21.426553342,400,0.053566383
2020-01-01T12:00:00+00:00,A16,110,111,-31.201776863,400,0.078004442
2020-01-01T12:00:00+00:00,A17,110,112,-32.236587915,400,0.08059147
2020-01-01T12:00:00+00:00,A18,111,113,4.667274776,500,0.00933455
2020-01-01T12:00:00+00:00,A19,111,114,-56.275863993,500,0.112551728
2020-01-01T12:00:00+00:00,A2,101,103,35.256871867,175,0.201467839
2020-01-01T12:00:00+00:00,A20,112,113,6.505357907,500,0.013010716
2020-01-01T12:00:00+00:00,A21,112,123,-60.168499163,500,0.120336998
2020-01-01T12:00:00+00:00,A22,113,123,-70.67358159,500,0.141347163
2020-01-01T12:00:00+00:00,A23,114,116,-131.677645296,500,0.263355291
2020-01-01T12:00:00+00:00,A24,115,116,77.464723677,500,0.154929447
2020-01-01T12:00:00+00:00,A25-1,115,121,-87.015115684,500,0.174030231
2020-01-01T12:00:00+00:00,A25-2,115,121,-87.015115684,500,0.174030231
2020-01-01T12:00:00+00:00,A26,115,124,45.858841711,500,0.091717683
2020-01-01T12:00:00+00:00,A27,116,117,-102.51986535,500,0.205039731
2020-01-01T12:00:00+00:00,A28,116,119,102.440046151,500,0.204880092
2020-01-01T12:00:00+00:00,A29,117,118,-75.213943546,500,0.150427887
2020-01-01T12:00:00+00:00,A3,101,105,102.212429304,175,0.584071025
2020-01-01T12:00:00+00:00,A30,117,122,-27.305921803,500,0.054611844
2020-01-01T12:00:00+00:00,A31-1,118,121,-71.620356242,500,0.143240712
2020-01-01T12:00:00+00:00,A31-2,118,121,-71.620356242,500,0.143240712
2020-01-01T12:00:00+00:00,A32-1,119,120,38.695480767,500,0.077390962
2020-01-01T12:00:00+00:00,A32-2,119,120,38.695480767,500,0.077390962
2020-01-01T12:00:00+00:00,A33-1,120,123,13.820666316,500,0.027641333
2020-01-01T12:00:00+00:00,A33-2,120,123,13.820666316,500,0.027641333
2020-01-01T12:00:00+00:00,A34,121,122,0.705921803,500,0.001411844
2020-01-01T12:00:00+00:00,A4,102,104,64.319110666,175,0.367537775
2020-01-01T12:00:00+00:00,A5,102,106,70.501114782,175,0.402863513
2020-01-01T12:00:00+00:00,A6,103,109,58.155297936,175,0.332315988
2020-01-01T12:00:00+00:00,A7,103,124,-45.858841711,400,0.114647104
2020-01-01T12:00:00+00:00,A8,104,109,53.357606458,175,0.304900608
2020-01-01T12:00:00+00:00,A9,105,110,74.616932023,175,0.426382469
2020-01-01T12:00:00+00:00,AB1,107,203,50.190163089,175,0.286800932
2020-01-01T12:00:00+00:00,AB2,113,215,145.348935689,500,0.290697871
2020-01-01T12:00:00+00:00,AB3,123,217,199.799251878,500,0.399598504
2020-01-01T12:00:00+00:00,B1,201,202,15.100868469,175,0.086290677
2020-01-01T12:00:00+00:00,B10,206,210,-32.551894348,175,0.186010825
2020-01-01T12:00:00+00:00,B11,207,208,-51.530772851,175,0.294461559
2020-01-01T12:00:00+00:00,B12-1,208,209,-163.732897979,175,0.93561656
2020-01-01T12:00:00+00:00,B13-2,208,210,-145.416972131,175,0.830954126
2020-01-01T12:00:00+00:00,B14,209,211,-84.089360454,400,0.210223401
2020-01-01T12:00:00+00:00,B15,209,212,-99.207404478,400,0.248018511
2020-01-01T12:00:00+00:00,B16,210,211,-120.778081532,400,0.301945204
2020-01-01T12:00:00+00:00,B17,210,212,-136.119544925,400,0.340298862
2020-01-01T12:00:00+00:00,B18,211,213,-63.763141057,500,0.127526282
2020-01-01T12:00:00+00:00,B19,211,214,-141.104300928,500,0.282208602
2020-01-01T12:00:00+00:00,B2,201,203,-41.652180862,175,0.238012462
2020-01-01T12:00:00+00:00,B20,212,213,-36.512866705,500,0.073025733
2020-01-01T12:00:00+00:00,B21,212,223,-198.814082698,500,0.397628165
2020-01-01T12:00:00+00:00,B22,213,223,-201.521246206,500,0.403042492
2020-01-01T12:00:00+00:00,B23,214,216,-221.080060392,500,0.442160121
2020-01-01T12:00:00+00:00,B24,215,216,63.932648016,500,0.127865296
2020-01-01T12:00:00+00:00,B25-1,215,221,-22.909056649,500,0.045818113
2020-01-01T12:00:00+00:00,B25-2,215,221,-22.909056649,500,0.045818113
2020-01-01T12:00:00+00:00,B26,215,224,137.152361022,500,0.274304722
2020-01-01T12:00:00+00:00,B27,216,217,-128.903159705,500,0.257806319
2020-01-01T12:00:00+00:00,B28,216,219,23.531129048,500,0.047062258
2020-01-01T12:00:00+00:00,B29,217,218,108.396188357,500,0.216792377
2020-01-01T12:00:00+00:00,B3,201,205,30.728724649,175,0.175592712
2020-01-01T12:00:00+00:00,B30,217,222,-37.500096183,500,0.075000192
2020-01-01T12:00:00+00:00,B31-1,218,221,-14.440895259,500,0.028881791
2020-01-01T12:00:00+00:00,B31-2,218,221,-14.440895259,500,0.028881791
2020-01-01T12:00:00+00:00,B32-1,219,220,-25.54271502,500,0.05108543
2020-01-01T12:00:00+00:00,B32-2,219,220,-25.54271502,500,0.05108543
2020-01-01T12:00:00+00:00,B33-1,220,223,-51.92647072,500,0.103852941
2020-01-01T12:00:00+00:00,B33-2,220,223,-51.92647072,500,0.103852941
2020-01-01T12:00:00+00:00,B34,221,222,-74.699903817,500,0.149399808
2020-01-01T12:00:00+00:00,B4,202,204,11.599402223,175,0.066282298
2020-01-01T12:00:00+00:00,B5,202,206,23.513586514,175,0.134363352
2020-01-01T12:00:00+00:00,B6,203,209,71.486030344,175,0.408491602
2020-01-01T12:00:00+00:00,B7,203,224,-137.152361022,400,0.342880903
2020-01-01T12:00:00+00:00,B8,204,209,-18.906815305,175,0.108038945
2020-01-01T12:00:00+00:00,B9,205,210,1.45924567,175,0.008338547
2020-01-01T12:00:00+00:00,C1,301,302,13.342544319,175,0.07624311
2020-01-01T12:00:00+00:00,C10,306,310,-96.57533246,175,0.551859043
2020-01-01T12:00:00+00:00,C11,307,308,-74.481967719,175,0.425611244
2020-01-01T12:00:00+00:00,C12-1,308,309,-62.731637226,175,0.358466498
2020-01-01T12:00:00+00:00,C13-2,308,310,-48.241662333,175,0.275666642
2020-01-01T12:00:00+00:00,C14,309,311,-98.843239176,400,0.247108098
2020-01-01T12:00:00+00:00,C15,309,312,-126.994906994,400,0.317487267
2020-01-01T12:00:00+00:00,C16,310,311,-128.345800032,400,0.3208645
2020-01-01T12:00:00+00:00,C17,310,312,-156.91350235,400,0.392283756
2020-01-01T12:00:00+00:00,C18,311,313,-238.370927989,500,0.476741856
2020-01-01T12:00:00+00:00,C19,311,314,11.181888782,500,0.022363778
2020-01-01T12:00:00+00:00,C2,301,303,-48.996284147,175,0.279978767
2020-01-01T12:00:00+00:00,C20,312,313,-187.627546747,500,0.375255093
2020-01-01T12:00:00+00:00,C21,312,323,-30.780862598,500,0.061561725
2020-01-01T12:00:00+00:00,C22,313,323,69.199753699,500,0.138399507
2020-01-01T12:00:00+00:00,C23,314,316,63.485874881,500,0.12697175
2020-01-01T12:00:00+00:00,C24,315,316,-136.553603634,500,0.273107207
2020-01-01T12:00:00+00:00,C25-1,315,321,-4.680532983,500,0.009361066
2020-01-01T12:00:00+00:00,C25-2,315,321,-4.680532983,500,0.009361066
2020-01-01T12:00:00+00:00,C26,315,324,-42.971600536,500,0.085943201
2020-01-01T12:00:00+00:00,C27,316,317,34.669298315,500,0.069338597
2020-01-01T12:00:00+00:00,C28,316,319,-205.322601243,500,0.410645202
2020-01-01T12:00:00+00:00,C29,317,318,161.872978145,500,0.323745956
2020-01-01T12:00:00+00:00,C3,301,305,-28.698680282,175,0.163992459
2020-01-01T12:00:00+00:00,C30,317,322,-48.30367983,500,0.09660736
2020-01-01T12:00:00+00:00,C31-1,318,321,-41.367627101,500,0.082735254
2020-01-01T12:00:00+00:00,C31-2,318,321,-41.367627101,500,0.082735254
2020-01-01T12:00:00+00:00,C32-1,319,320,-89.73624525,500,0.179472491
2020-01-01T12:00:00+00:00,C32-2,319,320,-89.73624525,500,0.179472491
2020-01-01T12:00:00+00:00,C33-1,320,323,-60.221012722,500,0.120442025
2020-01-01T12:00:00+00:00,C33-2,320,323,-60.221012722,500,0.120442025
2020-01-01T12:00:00+00:00,C34,321,322,-92.09632017,500,0.18419264
2020-01-01T12:00:00+00:00,C35,323,325,-82.023134344,722,0.113605449
2020-01-01T12:00:00+00:00,C4,302,304,-28.916511049,175,0.165237206
2020-01-01T12:00:00+00:00,C5,302,306,-15.538951582,175,0.088794009
2020-01-01T12:00:00+00:00,C6,303,309,-6.221918198,175,0.035553818
2020-01-01T12:00:00+00:00,C7,303,324,-58.528399464,400,0.146320999
2020-01-01T12:00:00+00:00,C8,304,309,-73.009835939,175,0.417199063
2020-01-01T12:00:00+00:00,C9,305,310,-71.004437947,175,0.405739645
2020-01-01T12:00:00+00:00,CA-1,325,121,-82.023134344,500,0.164046269
2020-01-01T12:00:00+00:00,CB-1,318,223,46.188270344,500,0.092376541
2020-01-01T13:00:00+00:00,A1,101,102,28.150220703,175,0.160858404
2020-01-01T13:00:00+00:00,A10,106,110,23.504857178,175,0.13431347
2020-01-01T13:00:00+00:00,A11,107,108,-96.14398152,175,0.54939418
2020-01-01T13:00:00+00:00,A12-1,108,109,-82.577187858,175,0.471869645
2020-01-01T13:00:00+00:00,A13-2,108,110,-79.204225603,175,0.452595575
2020-01-01T13:00:00+00:00,A14,109,111,-16.378670534,400,0.040946676
2020-01-01T13:00:00+00:00,A15,109,112,-19.388570513,400,0.048471426
2020-01-01T13:00:00+00:00,A16,110,111,-23.1482682,400,0.05787067
2020-01-01T13:00:00+00:00,A17,110,112,-26.202649459,400,0.065506624
2020-01-01T13:00:00+00:00,A18,111,113,3.536503975,500,0.007073008
2020-01-01T13:00:00+00:00,A19,111,114,-43.063442709,500,0.086126885
2020-01-01T13:00:00+00:00,A2,101,103,44.943436452,175,0.256819637
2020-01-01T13:00:00+00:00,A20,112,113,8.961848687,500,0.017923697
2020-01-01T13:00:00+00:00,A21,112,123,-54.553068658,500,0.109106137
2020-01-01T13:00:00+00:00,A22,113,123,-65.768004561,500,0.131536009
2020-01-01T13:00:00+00:00,A23,114,116,-117.529301167,500,0.235058602
2020-01-01T13:00:00+00:00,A24,115,116,69.820751182,500,0.139641502
2020-01-01T13:00:00+00:00,A25-1,115,121,-67.54622933,500,0.135092459
2020-01-01T13:00:00+00:00,A25-2,115,121,-67.54622933,500,0.135092459
2020-01-01T13:00:00+00:00,A26,115,124,36.592959379,500,0.073185919
2020-01-01T13:00:00+00:00,A27,116,117,-79.341802428,500,0.158683605
2020-01-01T13:00:00+00:00,A28,116,119,86.24878932,500,0.172497579
2020-01-01T13:00:00+00:00,A29,117,118,-54.935842057,500,0.109871684
2020-01-01T13:00:00+00:00,A3,101,105,108.451122673,175,0.619720701
2020-01-01T13:00:00+00:00,A30,117,122,-24.405960371,500,0.048811921
2020-01-01T13:00:00+00:00,A31-1,118,121,-64.028052128,500,0.128056104
2020-01-01T13:00:00+00:00,A31-2,118,121,-64.028052128,500,0.128056104
2020-01-01T13:00:00+00:00,A32-1,119,120,28.186455534,500,0.056372911
2020-01-01T13:00:00+00:00,A32-2,119,120,28.186455534,500,0.056372911
2020-01-01T13:00:00+00:00,A33-1,120,123,3.620399135,500,0.007240798
2020-01-01T13:00:00+00:00,A33-2,120,123,3.620399135,500,0.007240798
2020-01-01T13:00:00+00:00,A34,121,122,-1.894039629,500,0.003788079
2020-01-01T13:00:00+00:00,A4,102,104,71.542897777,175,0.408816559
2020-01-01T13:00:00+00:00,A5,102,106,75.707727025,175,0.432615583
2020-01-01T13:00:00+00:00,A6,103,109,53.14436221,175,0.30368207
2020-01-01T13:00:00+00:00,A7,103,124,-36.592959379,400,0.091482398
2020-01-01T13:00:00+00:00,A8,104,109,60.838395066,175,0.347647972
2020-01-01T13:00:00+00:00,A9,105,110,81.198153855,175,0.463989451
2020-01-01T13:00:00+00:00,AB1,107,203,48.163402617,175,0.275219444
2020-01-01T13:00:00+00:00,AB2,113,215,139.847529947,500,0.27969506
2020-01-01T13:00:00+00:00,AB3,123,217,189.919725051,500,0.37983945
2020-01-01T13:00:00+00:00,B1,201,202,6.524261108,175,0.037281492
2020-01-01T13:00:00+00:00,B10,206,210,-28.872295698,175,0.164984547
2020-01-01T13:00:00+00:00,B11,207,208,-50.960176316,175,0.291201008
2020-01-01T13:00:00+00:00,B12-1,208,209,-160.272596495,175,0.915843409
2020-01-01T13:00:00+00:00,B13-2,208,210,-143.046934354,175,0.817411053
2020-01-01T13:00:00+00:00,B14,209,211,-80.687991865,400,0.20171998
2020-01-01T13:00:00+00:00,B15,209,212,-95.83170501,400,0.239579263
2020-01-01T13:00:00+00:00,B16,210,211,-115.216506092,400,0.288041265
2020-01-01T13:00:00+00:00,B17,210,212,-130.584017954,400,0.326460045
2020-01-01T13:00:00+00:00,B18,211,213,-61.226107119,500,0.122452214
2020-01-01T13:00:00+00:00,B19,211,214,-134.678390838,500,0.269356782
2020-01-01T13:00:00+00:00,B2,201,203,-36.415814651,175,0.208090369
2020-01-01T13:00:00+00:00,B20,212,213,-33.929564175,500,0.067859128
2020-01-01T13:00:00+00:00,B21,212,223,-192.48615879,500,0.384972318
2020-01-01T13:00:00+00:00,B22,213,223,-195.891245083,500,0.39178249
2020-01-01T13:00:00+00:00,B23,214,216,-213.76858448,500,0.427537169
2020-01-01T13:00:00+00:00,B24,215,216,60.391579198,500,0.120783158
2020-01-01T13:00:00+00:00,B25-1,215,221,-21.969785838,500,0.043939572
2020-01-01T13:00:00+00:00,B25-2,215,221,-21.969785838,500,0.043939572
2020-01-01T13:00:00+00:00,B26,215,224,131.160515288,500,0.262321031
2020-01-01T13:00:00+00:00,B27,216,217,-122.42224367,500,0.244844487
2020-01-01T13:00:00+00:00,B28,216,219,21.277097335,500,0.042554195
2020-01-01T13:00:00+00:00,B29,217,218,105.357585525,500,0.210715171
2020-01-01T13:00:00+00:00,B3,201,205,34.561961206,175,0.197496921
2020-01-01T13:00:00+00:00,B30,217,222,-37.860104144,500,0.075720208
2020-01-01T13:00:00+00:00,B31-1,218,221,-15.20016209,500,0.030400324
2020-01-01T13:00:00+00:00,B31-2,218,221,-15.20016209,500,0.030400324
2020-01-01T13:00:00+00:00,B32-1,219,220,-26.256618985,500,0.052513238
2020-01-01T13:00:00+00:00,B32-2,219,220,-26.256618985,500,0.052513238
2020-01-01T13:00:00+00:00,B33-1,220,223,-52.348229259,500,0.104696459
2020-01-01T13:00:00+00:00,B33-2,220,223,-52.348229259,500,0.104696459
2020-01-01T13:00:00+00:00,B34,221,222,-74.339895856,500,0.148679792
2020-01-01T13:00:00+00:00,B4,202,204,15.740121482,175,0.089943551
2020-01-01T13:00:00+00:00,B5,202,206,26.572376134,175,0.151842149
2020-01-01T13:00:00+00:00,B6,203,209,69.525449359,175,0.397288282
2020-01-01T13:00:00+00:00,B7,203,224,-131.160515288,400,0.327901288
2020-01-01T13:00:00+00:00,B8,204,209,-14.428302897,175,0.082447445
2020-01-01T13:00:00+00:00,B9,205,210,5.616581058,175,0.032094749
2020-01-01T13:00:00+00:00,C1,301,302,16.561750324,175,0.094638573
2020-01-01T13:00:00+00:00,C10,306,310,-95.708228833,175,0.546904165
2020-01-01T13:00:00+00:00,C11,307,308,-74.679689956,175,0.426741085
2020-01-01T13:00:00+00:00,C12-1,308,309,-65.50408686,175,0.374309068
2020-01-01T13:00:00+00:00,C13-2,308,310,-52.137418956,175,0.297928108
2020-01-01T13:00:00+00:00,C14,309,311,-102.297864816,400,0.255744662
2020-01-01T13:00:00+00:00,C15,309,312,-130.150312255,400,0.325375781
2020-01-01T13:00:00+00:00,C16,310,311,-129.677591698,400,0.324193979
2020-01-01T13:00:00+00:00,C17,310,312,-157.941651661,400,0.394854129
2020-01-01T13:00:00+00:00,C18,311,313,-223.760611143,500,0.447521222
2020-01-01T13:00:00+00:00,C19,311,314,-8.21484537,500,0.016429691
2020-01-01T13:00:00+00:00,C2,301,303,-54.210787103,175,0.309775926
2020-01-01T13:00:00+00:00,C20,312,313,-173.556574633,500,0.347113149
2020-01-01T13:00:00+00:00,C21,312,323,-51.835389283,500,0.103670779
2020-01-01T13:00:00+00:00,C22,313,323,37.961871516,500,0.075923743
2020-01-01T13:00:00+00:00,C23,314,316,36.782275818,500,0.073564552
2020-01-01T13:00:00+00:00,C24,315,316,-131.202980567,500,0.262405961
2020-01-01T13:00:00+00:00,C25-1,315,321,-12.992534452,500,0.025985069
2020-01-01T13:00:00+00:00,C25-2,315,321,-12.992534452,500,0.025985069
2020-01-01T13:00:00+00:00,C26,315,324,-32.199644257,500,0.064399289
2020-01-01T13:00:00+00:00,C27,316,317,4.505625338,500,0.009011251
2020-01-01T13:00:00+00:00,C28,316,319,-193.363765375,500,0.386727531
2020-01-01T13:00:00+00:00,C29,317,318,137.516202086,500,0.275032404
2020-01-01T13:00:00+00:00,C3,301,305,-26.874215343,175,0.153566945
2020-01-01T13:00:00+00:00,C30,317,322,-25.110576748,500,0.050221153
2020-01-01T13:00:00+00:00,C31-1,318,321,-17.252177174,500,0.034504354
2020-01-01T13:00:00+00:00,C31-2,318,321,-17.252177174,500,0.034504354
2020-01-01T13:00:00+00:00,C32-1,319,320,-86.049978216,500,0.172099956
2020-01-01T13:00:00+00:00,C32-2,319,320,-86.049978216,500,0.172099956
2020-01-01T13:00:00+00:00,C33-1,320,323,-62.435979473,500,0.124871959
2020-01-01T13:00:00+00:00,C33-2,320,323,-62.435979473,500,0.124871959
2020-01-01T13:00:00+00:00,C34,321,322,-60.489423252,500,0.120978847
2020-01-01T13:00:00+00:00,C35,323,325,-138.745476713,722,0.19216825
2020-01-01T13:00:00+00:00,C4,302,304,-26.932962921,175,0.153902645
2020-01-01T13:00:00+00:00,C5,302,306,-14.456726161,175,0.082609864
2020-01-01T13:00:00+00:00,C6,303,309,7.150815103,175,0.040861801
2020-01-01T13:00:00+00:00,C7,303,324,-65.900355743,400,0.164750889
2020-01-01T13:00:00+00:00,C8,304,309,-71.143339375,175,0.406533368
2020-01-01T13:00:00+00:00,C9,305,310,-69.292279238,175,0.395955881
2020-01-01T13:00:00+00:00,CA-1,325,121,-138.745476713,500,0.277490953
2020-01-01T13:00:00+00:00,CB-1,318,223,-26.92613761,500,0.053852275
2020-01-01T14:00:00+00:00,A1,101,102,25.057918852,175,0.143188108
2020-01-01T14:00:00+00:00,A10,106,110,19.719023632,175,0.112680135
2020-01-01T14:00:00+00:00,A11,107,108,-88.75655257,175,0.5071803
2020-01-01T14:00:00+00:00,A12-1,108,109,-78.214180141,175,0.446938172
2020-01-01T14:00:00+00:00,A13-2,108,110,-75.799052289,175,0.433137442
2020-01-01T14:00:00+00:00,A14,109,111,-18.825925054,400,0.047064813
2020-01-01T14:00:00+00:00,A15,109,112,-26.499005702,400,0.066247514
2020-01-01T14:00:00+00:00,A16,110,111,-23.778033444,400,0.059445084
2020-01-01T14:00:00+00:00,A17,110,112,-31.564509372,400,0.078911273
2020-01-01T14:00:00+00:00,A18,111,113,-6.441006637,500,0.012882013
2020-01-01T14:00:00+00:00,A19,111,114,-36.162951862,500,0.072325904
2020-01-01T14:00:00+00:00,A2,101,103,46.07945924,175,0.263311196
2020-01-01T14:00:00+00:00,A20,112,113,7.389721231,500,0.014779442
2020-01-01T14:00:00+00:00,A21,112,123,-65.453236305,500,0.130906473
2020-01-01T14:00:00+00:00,A22,113,123,-77.053684376,500,0.154107369
2020-01-01T14:00:00+00:00,A23,114,116,-110.196845972,500,0.220393692
2020-01-01T14:00:00+00:00,A24,115,116,31.746240985,500,0.063492482
2020-01-01T14:00:00+00:00,A25-1,115,121,-48.093917616,500,0.096187835
2020-01-01T14:00:00+00:00,A25-2,115,121,-48.093917616,500,0.096187835
2020-01-01T14:00:00+00:00,A26,115,124,36.468684798,500,0.07293737
2020-01-01T14:00:00+00:00,A27,116,117,-43.940106993,500,0.087880214
2020-01-01T14:00:00+00:00,A28,116,119,51.327700919,500,0.102655402
2020-01-01T14:00:00+00:00,A29,117,118,-23.897070704,500,0.047794141
2020-01-01T14:00:00+00:00,A3,101,105,102.247876733,175,0.584273581
2020-01-01T14:00:00+00:00,A30,117,122,-20.04303629,500,0.040086073
2020-01-01T14:00:00+00:00,A31-1,118,121,-54.587934163,500,0.109175868
2020-01-01T14:00:00+00:00,A31-2,118,121,-54.587934163,500,0.109175868
2020-01-01T14:00:00+00:00,A32-1,119,120,5.877420475,500,0.011754841
2020-01-01T14:00:00+00:00,A32-2,119,120,5.877420475,500,0.011754841
2020-01-01T14:00:00+00:00,A33-1,120,123,-18.546132221,500,0.037092264
2020-01-01T14:00:00+00:00,A33-2,120,123,-18.546132221,500,0.037092264
2020-01-01T14:00:00+00:00,A34,121,122,-5.15696371,500,0.010313927
2020-01-01T14:00:00+00:00,A4,102,104,68.655232013,175,0.392315612
2020-01-01T14:00:00+00:00,A5,102,106,71.619073112,175,0.409251846
2020-01-01T14:00:00+00:00,A6,103,109,43.55690208,175,0.248896583
2020-01-01T14:00:00+00:00,A7,103,124,-36.468684798,400,0.091171712
2020-01-01T14:00:00+00:00,A8,104,109,56.115499208,175,0.320659995
2020-01-01T14:00:00+00:00,A9,105,110,75.152997961,175,0.429445703
2020-01-01T14:00:00+00:00,AB1,107,203,41.05430121,175,0.234596007
2020-01-01T14:00:00+00:00,AB2,113,215,131.973626087,500,0.263947252
2020-01-01T14:00:00+00:00,AB3,123,217,193.400814877,500,0.38680163
2020-01-01T14:00:00+00:00,B1,201,202,-17.965398931,175,0.102659422
2020-01-01T14:00:00+00:00,B10,206,210,-19.105398539,175,0.109173706
2020-01-01T14:00:00+00:00,B11,207,208,-50.76341886,175,0.290076679
2020-01-01T14:00:00+00:00,B12-1,208,209,-158.232941039,175,0.904188235
2020-01-01T14:00:00+00:00,B13-2,208,210,-143.308168154,175,0.818903818
2020-01-01T14:00:00+00:00,B14,209,211,-75.275908622,400,0.188189772
2020-01-01T14:00:00+00:00,B15,209,212,-88.407617423,400,0.221019044
2020-01-01T14:00:00+00:00,B16,210,211,-105.271629603,400,0.263179074
2020-01-01T14:00:00+00:00,B17,210,212,-118.597403066,400,0.296493508
2020-01-01T14:00:00+00:00,B18,211,213,-52.254545451,500,0.104509091
2020-01-01T14:00:00+00:00,B19,211,214,-128.292992774,500,0.256585986
2020-01-01T14:00:00+00:00,B2,201,203,-23.763284321,175,0.135790196
2020-01-01T14:00:00+00:00,B20,212,213,-28.584640339,500,0.057169281
2020-01-01T14:00:00+00:00,B21,212,223,-178.42038015,500,0.35684076
2020-01-01T14:00:00+00:00,B22,213,223,-183.157633773,500,0.366315268
2020-01-01T14:00:00+00:00,B23,214,216,-207.077818845,500,0.414155638
2020-01-01T14:00:00+00:00,B24,215,216,54.175758633,500,0.108351517
2020-01-01T14:00:00+00:00,B25-1,215,221,-23.433147111,500,0.046866294
2020-01-01T14:00:00+00:00,B25-2,215,221,-23.433147111,500,0.046866294
2020-01-01T14:00:00+00:00,B26,215,224,123.628131449,500,0.247256263
2020-01-01T14:00:00+00:00,B27,216,217,-123.500772812,500,0.247001546
2020-01-01T14:00:00+00:00,B28,216,219,37.28578119,500,0.074571562
2020-01-01T14:00:00+00:00,B29,217,218,107.401729995,500,0.21480346
2020-01-01T14:00:00+00:00,B3,201,205,46.569089358,175,0.266109082
2020-01-01T14:00:00+00:00,B30,217,222,-37.501687931,500,0.075003376
2020-01-01T14:00:00+00:00,B31-1,218,221,-13.916008923,500,0.027832018
2020-01-01T14:00:00+00:00,B31-2,218,221,-13.916008923,500,0.027832018
2020-01-01T14:00:00+00:00,B32-1,219,220,-18.109824659,500,0.036219649
2020-01-01T14:00:00+00:00,B32-2,219,220,-18.109824659,500,0.036219649
2020-01-01T14:00:00+00:00,B33-1,220,223,-44.100695116,500,0.08820139
2020-01-01T14:00:00+00:00,B33-2,220,223,-44.100695116,500,0.08820139
2020-01-01T14:00:00+00:00,B34,221,222,-74.698312069,500,0.149396624
2020-01-01T14:00:00+00:00,B4,202,204,27.850320182,175,0.159144687
2020-01-01T14:00:00+00:00,B5,202,206,36.12520118,175,0.206429721
2020-01-01T14:00:00+00:00,B6,203,209,67.81982518,175,0.387541858
2020-01-01T14:00:00+00:00,B7,203,224,-123.628131449,400,0.309070329
2020-01-01T14:00:00+00:00,B8,204,209,-2.201623783,175,0.012580707
2020-01-01T14:00:00+00:00,B9,205,210,17.735467445,175,0.101345528
2020-01-01T14:00:00+00:00,C1,301,302,14.965749584,175,0.085518569
2020-01-01T14:00:00+00:00,C10,306,310,-96.764101049,175,0.55293772
2020-01-01T14:00:00+00:00,C11,307,308,-73.869028772,175,0.422108736
2020-01-01T14:00:00+00:00,C12-1,308,309,-67.990693159,175,0.388518247
2020-01-01T14:00:00+00:00,C13-2,308,310,-58.931166973,175,0.336749526
2020-01-01T14:00:00+00:00,C14,309,311,-109.244377184,400,0.273110943
2020-01-01T14:00:00+00:00,C15,309,312,-131.777853564,400,0.329444634
2020-01-01T14:00:00+00:00,C16,310,311,-128.391336321,400,0.320978341
2020-01-01T14:00:00+00:00,C17,310,312,-151.257819741,400,0.378144549
2020-01-01T14:00:00+00:00,C18,311,313,-185.584971149,500,0.371169942
2020-01-01T14:00:00+00:00,C19,311,314,-52.050742357,500,0.104101485
2020-01-01T14:00:00+00:00,C2,301,303,-49.027995629,175,0.280159975
2020-01-01T14:00:00+00:00,C20,312,313,-144.968379974,500,0.28993676
2020-01-01T14:00:00+00:00,C21,312,323,-83.267293331,500,0.166534587
2020-01-01T14:00:00+00:00,C22,313,323,-12.855692119,500,0.025711384
2020-01-01T14:00:00+00:00,C23,314,316,-19.295475011,500,0.03859095
2020-01-01T14:00:00+00:00,C24,315,316,-96.400359106,500,0.192800718
2020-01-01T14:00:00+00:00,C25-1,315,321,-57.554240821,500,0.115108482
2020-01-01T14:00:00+00:00,C25-2,315,321,-57.554240821,500,0.115108482
2020-01-01T14:00:00+00:00,C26,315,324,24.176983782,500,0.048353968
2020-01-01T14:00:00+00:00,C27,316,317,-18.225021556,500,0.036450043
2020-01-01T14:00:00+00:00,C28,316,319,-132.566035579,500,0.265132071
2020-01-01T14:00:00+00:00,C29,317,318,34.735678646,500,0.069471357
2020-01-01T14:00:00+00:00,C3,301,305,-29.760594814,175,0.170060542
2020-01-01T14:00:00+00:00,C30,317,322,-30.660700202,500,0.0613214
2020-01-01T14:00:00+00:00,C31-1,318,321,-45.915409078,500,0.091830818
2020-01-01T14:00:00+00:00,C31-2,318,321,-45.915409078,500,0.091830818
2020-01-01T14:00:00+00:00,C32-1,319,320,-62.81419462,500,0.125628389
2020-01-01T14:00:00+00:00,C32-2,319,320,-62.81419462,500,0.125628389
2020-01-01T14:00:00+00:00,C33-1,320,323,-51.835137351,500,0.103670275
2020-01-01T14:00:00+00:00,C33-2,320,323,-51.835137351,500,0.103670275
2020-01-01T14:00:00+00:00,C34,321,322,-36.939299798,500,0.0738786
2020-01-01T14:00:00+00:00,C35,323,325,-199.793260153,722,0.276721967
2020-01-01T14:00:00+00:00,C4,302,304,-25.962018998,175,0.148354394
2020-01-01T14:00:00+00:00,C5,302,306,-16.394597745,175,0.093683416
2020-01-01T14:00:00+00:00,C6,303,309,0.077586722,175,0.000443353
2020-01-01T14:00:00+00:00,C7,303,324,-115.776983782,400,0.289442459
2020-01-01T14:00:00+00:00,C8,304,309,-69.692484031,175,0.398242766
2020-01-01T14:00:00+00:00,C9,305,310,-71.718203157,175,0.409818304
2020-01-01T14:00:00+00:00,CA-1,325,121,-199.793260153,500,0.39958652
2020-01-01T14:00:00+00:00,CB-1,318,223,-70.220595847,500,0.140441192
2020-01-01T15:00:00+00:00,A1,101,102,2.906836837,175,0.016610496
2020-01-01T15:00:00+00:00,A10,106,110,16.395870687,175,0.09369069
2020-01-01T15:00:00+00:00,A11,107,108,-76.638468488,175,0.437934106
2020-01-01T15:00:00+00:00,A12-1,108,109,-71.059765477,175,0.406055803
2020-01-01T15:00:00+00:00,A13-2,108,110,-71.068064731,175,0.406103227
2020-01-01T15:00:00+00:00,A14,109,111,-21.947982044,400,0.054869955
2020-01-01T15:00:00+00:00,A15,109,112,-37.894348807,400,0.094735872
2020-01-01T15:00:00+00:00,A16,110,111,-22.25627527,400,0.055640688
2020-01-01T15:00:00+00:00,A17,110,112,-38.438302625,400,0.096095757
2020-01-01T15:00:00+00:00,A18,111,113,-31.251568587,500,0.062503137
2020-01-01T15:00:00+00:00,A19,111,114,-12.952688727,500,0.025905377
2020-01-01T15:00:00+00:00,A2,101,103,52.081504422,175,0.297608597
2020-01-01T15:00:00+00:00,A20,112,113,-2.508242497,500,0.005016485
2020-01-01T15:00:00+00:00,A21,112,123,-73.824408934,500,0.147648818
2020-01-01T15:00:00+00:00,A22,113,123,-80.92611525,500,0.16185223
2020-01-01T15:00:00+00:00,A23,114,116,-87.250561088,500,0.174501122
2020-01-01T15:00:00+00:00,A24,115,116,-7.441461848,500,0.014882924
2020-01-01T15:00:00+00:00,A25-1,115,121,-10.509836261,500,0.021019673
2020-01-01T15:00:00+00:00,A25-2,115,121,-10.509836261,500,0.021019673
2020-01-01T15:00:00+00:00,A26,115,124,31.056879018,500,0.062113758
2020-01-01T15:00:00+00:00,A27,116,117,1.966097822,500,0.003932196
2020-01-01T15:00:00+00:00,A28,116,119,-10.955993109,500,0.021911986
2020-01-01T15:00:00+00:00,A29,117,118,35.637749086,500,0.071275498
2020-01-01T15:00:00+00:00,A3,101,105,95.849956603,175,0.547714038
2020-01-01T15:00:00+00:00,A30,117,122,-33.671651264,500,0.067343303
2020-01-01T15:00:00+00:00,A31-1,118,121,-36.097082921,500,0.072194166
2020-01-01T15:00:00+00:00,A31-2,118,121,-36.097082921,500,0.072194166
2020-01-01T15:00:00+00:00,A32-1,119,120,-33.187571032,500,0.066375142
2020-01-01T15:00:00+00:00,A32-2,119,120,-33.187571032,500,0.066375142
2020-01-01T15:00:00+00:00,A33-1,120,123,-57.698209337,500,0.115396419
2020-01-01T15:00:00+00:00,A33-2,120,123,-57.698209337,500,0.115396419
2020-01-01T15:00:00+00:00,A34,121,122,-45.528348736,500,0.091056697
2020-01-01T15:00:00+00:00,A4,102,104,69.376923572,175,0.396439563
2020-01-01T15:00:00+00:00,A5,102,106,68.480977084,175,0.391319869
2020-01-01T15:00:00+00:00,A6,103,109,26.902213208,175,0.153726933
2020-01-01T15:00:00+00:00,A7,103,124,-31.056879018,400,0.077642198
2020-01-01T15:00:00+00:00,A8,104,109,51.336498032,175,0.293351417
2020-01-01T15:00:00+00:00,A9,105,110,68.658467234,175,0.392334098
2020-01-01T15:00:00+00:00,AB1,107,203,28.76612805,175,0.164377875
2020-01-01T15:00:00+00:00,AB2,113,215,77.076942436,500,0.154153885
2020-01-01T15:00:00+00:00,AB3,123,217,133.853057143,500,0.267706114
2020-01-01T15:00:00+00:00,B1,201,202,-10.947226423,175,0.06255558
2020-01-01T15:00:00+00:00,B10,206,210,-16.158777348,175,0.092335871
2020-01-01T15:00:00+00:00,B11,207,208,-50.960176316,175,0.291201008
2020-01-01T15:00:00+00:00,B12-1,208,209,-160.25121468,175,0.915721227
2020-01-01T15:00:00+00:00,B13-2,208,210,-145.672482836,175,0.832414188
2020-01-01T15:00:00+00:00,B14,209,211,-76.615057638,400,0.191537644
2020-01-01T15:00:00+00:00,B15,209,212,-83.130814074,400,0.207827035
2020-01-01T15:00:00+00:00,B16,210,211,-105.9608907,400,0.264902227
2020-01-01T15:00:00+00:00,B17,210,212,-112.572939103,400,0.281432348
2020-01-01T15:00:00+00:00,B18,211,213,-39.158708981,500,0.078317418
2020-01-01T15:00:00+00:00,B19,211,214,-143.417239357,500,0.286834479
2020-01-01T15:00:00+00:00,B2,201,203,-20.789718168,175,0.11879839
2020-01-01T15:00:00+00:00,B20,212,213,-27.414058005,500,0.054828116
2020-01-01T15:00:00+00:00,B21,212,223,-168.289695172,500,0.33657939
2020-01-01T15:00:00+00:00,B22,213,223,-172.508340775,500,0.345016682
2020-01-01T15:00:00+00:00,B23,214,216,-222.507432999,500,0.445014866
2020-01-01T15:00:00+00:00,B24,215,216,73.781532857,500,0.147563066
2020-01-01T15:00:00+00:00,B25-1,215,221,-82.304370079,500,0.16460874
2020-01-01T15:00:00+00:00,B25-2,215,221,-82.304370079,500,0.16460874
2020-01-01T15:00:00+00:00,B26,215,224,135.869142601,500,0.271738285
2020-01-01T15:00:00+00:00,B27,216,217,-160.403943823,500,0.320807888
2020-01-01T15:00:00+00:00,B28,216,219,94.909902628,500,0.189819805
2020-01-01T15:00:00+00:00,B29,217,218,24.005747153,500,0.048011494
2020-01-01T15:00:00+00:00,B3,201,205,51.740685582,175,0.29566106
2020-01-01T15:00:00+00:00,B30,217,222,-50.556633833,500,0.101113268
2020-01-01T15:00:00+00:00,B31-1,218,221,-55.876081276,500,0.111752163
2020-01-01T15:00:00+00:00,B31-2,218,221,-55.876081276,500,0.111752163
2020-01-01T15:00:00+00:00,B32-1,219,220,10.559783661,500,0.021119567
2020-01-01T15:00:00+00:00,B32-2,219,220,10.559783661,500,0.021119567
2020-01-01T15:00:00+00:00,B33-1,220,223,-15.531826612,500,0.031063653
2020-01-01T15:00:00+00:00,B33-2,220,223,-15.531826612,500,0.031063653
2020-01-01T15:00:00+00:00,B34,221,222,-61.643366167,500,0.123286732
2020-01-01T15:00:00+00:00,B4,202,204,31.555115601,175,0.180314946
2020-01-01T15:00:00+00:00,B5,202,206,39.285894484,175,0.224490826
2020-01-01T15:00:00+00:00,B6,203,209,70.462898588,175,0.402645135
2020-01-01T15:00:00+00:00,B7,203,224,-135.869142601,400,0.339672857
2020-01-01T15:00:00+00:00,B8,204,209,1.386691222,175,0.00792395
2020-01-01T15:00:00+00:00,B9,205,210,22.795305434,175,0.130258888
2020-01-01T15:00:00+00:00,C1,301,302,24.178459756,175,0.138162627
2020-01-01T15:00:00+00:00,C10,306,310,-87.665344495,175,0.500944826
2020-01-01T15:00:00+00:00,C11,307,308,-72.781556491,175,0.415894609
2020-01-01T15:00:00+00:00,C12-1,308,309,-83.688858874,175,0.478222051
2020-01-01T15:00:00+00:00,C13-2,308,310,-65.457866898,175,0.374044954
2020-01-01T15:00:00+00:00,C14,309,311,-94.668055297,400,0.236670138
2020-01-01T15:00:00+00:00,C15,309,312,-112.643382517,400,0.281608456
2020-01-01T15:00:00+00:00,C16,310,311,-131.348742908,400,0.328371857
2020-01-01T15:00:00+00:00,C17,310,312,-149.589715358,400,0.373974288
2020-01-01T15:00:00+00:00,C18,311,313,-117.331042481,500,0.234662085
2020-01-01T15:00:00+00:00,C19,311,314,-108.685755723,500,0.217371511
2020-01-01T15:00:00+00:00,C2,301,303,-69.725629905,175,0.398432171
2020-01-01T15:00:00+00:00,C20,312,313,-84.930515167,500,0.16986103
2020-01-01T15:00:00+00:00,C21,312,323,-142.802582708,500,0.285605165
2020-01-01T15:00:00+00:00,C22,313,323,-112.35845741,500,0.224716915
2020-01-01T15:00:00+00:00,C23,314,316,-121.342731397,500,0.242685463
2020-01-01T15:00:00+00:00,C24,315,316,-25.511713392,500,0.051023427
2020-01-01T15:00:00+00:00,C25-1,315,321,-112.036341881,500,0.224072684
2020-01-01T15:00:00+00:00,C25-2,315,321,-112.036341881,500,0.224072684
2020-01-01T15:00:00+00:00,C26,315,324,65.010369892,500,0.13002074
2020-01-01T15:00:00+00:00,C27,316,317,-134.042227374,500,0.268084455
2020-01-01T15:00:00+00:00,C28,316,319,-47.037462608,500,0.094074925
2020-01-01T15:00:00+00:00,C29,317,318,-69.85966256,500,0.139719325
2020-01-01T15:00:00+00:00,C3,301,305,-17.33609466,175,0.099063398
2020-01-01T15:00:00+00:00,C30,317,322,-39.582564814,500,0.07916513
2020-01-01T15:00:00+00:00,C31-1,318,321,-22.805709112,500,0.045611418
2020-01-01T15:00:00+00:00,C31-2,318,321,-22.805709112,500,0.045611418
2020-01-01T15:00:00+00:00,C32-1,319,320,-38.312578204,500,0.076625156
2020-01-01T15:00:00+00:00,C32-2,319,320,-38.312578204,500,0.076625156
2020-01-01T15:00:00+00:00,C33-1,320,323,-48.576735127,500,0.09715347
2020-01-01T15:00:00+00:00,C33-2,320,323,-48.576735127,500,0.09715347
2020-01-01T15:00:00+00:00,C34,321,322,-38.017435186,500,0.07603487
2020-01-01T15:00:00+00:00,C35,323,325,-352.314510372,722,0.487970236
2020-01-01T15:00:00+00:00,C4,302,304,-23.821017049,175,0.136120097
2020-01-01T15:00:00+00:00,C5,302,306,-8.479011032,175,0.048451492
2020-01-01T15:00:00+00:00,C6,303,309,42.57929864,175,0.243310278
2020-01-01T15:00:00+00:00,C7,303,324,-129.410369892,400,0.323525925
2020-01-01T15:00:00+00:00,C8,304,309,-66.907698492,175,0.382329706
2020-01-01T15:00:00+00:00,C9,305,310,-58.676018747,175,0.335291536
2020-01-01T15:00:00+00:00,CA-1,325,121,-352.314510372,500,0.704629021
2020-01-01T15:00:00+00:00,CB-1,318,223,-218.138310828,500,0.436276622
2020-01-01T16:00:00+00:00,A1,101,102,3.469289142,175,0.019824509
2020-01-01T16:00:00+00:00,A10,106,110,-0.023748363,175,0.000135705
2020-01-01T16:00:00+00:00,A11,107,108,-53.750038199,175,0.307143075
2020-01-01T16:00:00+00:00,A12-1,108,109,-62.183008065,175,0.355331475
2020-01-01T16:00:00+00:00,A13-2,108,110,-61.794640213,175,0.35311223
2020-01-01T16:00:00+00:00,A14,109,111,-33.403384637,400,0.083508462
2020-01-01T16:00:00+00:00,A15,109,112,-57.741795497,400,0.144354489
2020-01-01T16:00:00+00:00,A16,110,111,-34.648622267,400,0.086621556
2020-01-01T16:00:00+00:00,A17,110,112,-59.346714075,400,0.148366785
2020-01-01T16:00:00+00:00,A18,111,113,-59.468505307,500,0.118937011
2020-01-01T16:00:00+00:00,A19,111,114,-8.583501597,500,0.017167003
2020-01-01T16:00:00+00:00,A2,101,103,43.110429558,175,0.246345312
2020-01-01T16:00:00+00:00,A20,112,113,-15.598519733,500,0.031197039
2020-01-01T16:00:00+00:00,A21,112,123,-101.489989839,500,0.20297998
2020-01-01T16:00:00+00:00,A22,113,123,-104.549426059,500,0.209098852
2020-01-01T16:00:00+00:00,A23,114,116,-88.256930577,500,0.176513861
2020-01-01T16:00:00+00:00,A24,115,116,-45.27775597,500,0.090555512
2020-01-01T16:00:00+00:00,A25-1,115,121,12.8900301,500,0.02578006
2020-01-01T16:00:00+00:00,A25-2,115,121,12.8900301,500,0.02578006
2020-01-01T16:00:00+00:00,A26,115,124,44.309670066,500,0.08861934
2020-01-01T16:00:00+00:00,A27,116,117,45.211439986,500,0.09042288
2020-01-01T16:00:00+00:00,A28,116,119,-64.814904357,500,0.129629809
2020-01-01T16:00:00+00:00,A29,117,118,74.211232548,500,0.148422465
2020-01-01T16:00:00+00:00,A3,101,105,77.066001249,175,0.44037715
2020-01-01T16:00:00+00:00,A30,117,122,-28.999792562,500,0.057999585
2020-01-01T16:00:00+00:00,A31-1,118,121,-31.273898804,500,0.062547798
2020-01-01T16:00:00+00:00,A31-2,118,121,-31.273898804,500,0.062547798
2020-01-01T16:00:00+00:00,A32-1,119,120,-69.57469611,500,0.139149392
2020-01-01T16:00:00+00:00,A32-2,119,120,-69.57469611,500,0.139149392
2020-01-01T16:00:00+00:00,A33-1,120,123,-95.858713918,500,0.191717428
2020-01-01T16:00:00+00:00,A33-2,120,123,-95.858713918,500,0.191717428
2020-01-01T16:00:00+00:00,A34,121,122,-48.100207438,500,0.096200415
2020-01-01T16:00:00+00:00,A4,102,104,59.802785175,175,0.341730201
2020-01-01T16:00:00+00:00,A5,102,106,55.829789478,175,0.319027368
2020-01-01T16:00:00+00:00,A6,103,109,13.49629954,175,0.077121712
2020-01-01T16:00:00+00:00,A7,103,124,-44.309670066,400,0.110774175
2020-01-01T16:00:00+00:00,A8,104,109,29.411889585,175,0.16806794
2020-01-01T16:00:00+00:00,A9,105,110,47.907168993,175,0.273755251
2020-01-01T16:00:00+00:00,AB1,107,203,2.414065918,175,0.013794662
2020-01-01T16:00:00+00:00,AB2,113,215,20.650139785,500,0.04130028
2020-01-01T16:00:00+00:00,AB3,123,217,96.129156267,500,0.192258313
2020-01-01T16:00:00+00:00,B1,201,202,-24.168113459,175,0.138103505
2020-01-01T16:00:00+00:00,B10,206,210,-3.721870576,175,0.021267832
2020-01-01T16:00:00+00:00,B11,207,208,-52.357154079,175,0.299183738
2020-01-01T16:00:00+00:00,B12-1,208,209,-159.910043166,175,0.913771675
2020-01-01T16:00:00+00:00,B13-2,208,210,-149.73836436,175,0.855647796
2020-01-01T16:00:00+00:00,B14,209,211,-73.174550466,400,0.182936376
2020-01-01T16:00:00+00:00,B15,209,212,-79.131926434,400,0.197829816
2020-01-01T16:00:00+00:00,B16,210,211,-93.940758965,400,0.234851897
2020-01-01T16:00:00+00:00,B17,210,212,-99.986174972,400,0.249965437
2020-01-01T16:00:00+00:00,B18,211,213,-32.003002572,500,0.064006005
2020-01-01T16:00:00+00:00,B19,211,214,-135.112306859,500,0.270224614
2020-01-01T16:00:00+00:00,B2,201,203,2.882207457,175,0.016469757
2020-01-01T16:00:00+00:00,B20,212,213,-21.264832389,500,0.042529665
2020-01-01T16:00:00+00:00,B21,212,223,-157.853269017,500,0.315706538
2020-01-01T16:00:00+00:00,B22,213,223,-164.265001609,500,0.328530003
2020-01-01T16:00:00+00:00,B23,214,216,-216.37060999,500,0.43274122
2020-01-01T16:00:00+00:00,B24,215,216,42.499843389,500,0.084999687
2020-01-01T16:00:00+00:00,B25-1,215,221,-114.982235062,500,0.22996447
2020-01-01T16:00:00+00:00,B25-2,215,221,-114.982235062,500,0.22996447
2020-01-01T16:00:00+00:00,B26,215,224,132.037023776,500,0.264074048
2020-01-01T16:00:00+00:00,B27,216,217,-163.596166342,500,0.327192333
2020-01-01T16:00:00+00:00,B28,216,219,102.839676479,500,0.205679353
2020-01-01T16:00:00+00:00,B29,217,218,-10.736798915,500,0.021473598
2020-01-01T16:00:00+00:00,B3,201,205,70.949324878,175,0.405424714
2020-01-01T16:00:00+00:00,B30,217,222,-56.730211161,500,0.113460422
2020-01-01T16:00:00+00:00,B31-1,218,221,-75.108128691,500,0.150216257
2020-01-01T16:00:00+00:00,B31-2,218,221,-75.108128691,500,0.150216257
2020-01-01T16:00:00+00:00,B32-1,219,220,13.513258686,500,0.027026517
2020-01-01T16:00:00+00:00,B32-2,219,220,13.513258686,500,0.027026517
2020-01-01T16:00:00+00:00,B33-1,220,223,-13.293604202,500,0.026587208
2020-01-01T16:00:00+00:00,B33-2,220,223,-13.293604202,500,0.026587208
2020-01-01T16:00:00+00:00,B34,221,222,-56.669788839,500,0.113339578
2020-01-01T16:00:00+00:00,B4,202,204,49.960021914,175,0.28548584
2020-01-01T16:00:00+00:00,B5,202,206,53.242713062,175,0.304244075
2020-01-01T16:00:00+00:00,B6,203,209,61.938995277,175,0.353937116
2020-01-01T16:00:00+00:00,B7,203,224,-132.037023776,400,0.330092559
2020-01-01T16:00:00+00:00,B8,204,209,18.964586699,175,0.108369067
2020-01-01T16:00:00+00:00,B9,205,210,41.210461361,175,0.235488351
2020-01-01T16:00:00+00:00,C1,301,302,23.587386431,175,0.134785065
2020-01-01T16:00:00+00:00,C10,306,310,-85.473931194,175,0.488422464
2020-01-01T16:00:00+00:00,C11,307,308,-74.264473289,175,0.424368419
2020-01-01T16:00:00+00:00,C12-1,308,309,-103.822747002,175,0.59327284
2020-01-01T16:00:00+00:00,C13-2,308,310,-72.035525747,175,0.411631576
2020-01-01T16:00:00+00:00,C14,309,311,-90.432397334,400,0.226080993
2020-01-01T16:00:00+00:00,C15,309,312,-111.061325814,400,0.277653315
2020-01-01T16:00:00+00:00,C16,310,311,-153.285274741,400,0.383213187
2020-01-01T16:00:00+00:00,C17,310,312,-174.219064233,400,0.435547661
2020-01-01T16:00:00+00:00,C18,311,313,-165.106346999,500,0.330212694
2020-01-01T16:00:00+00:00,C19,311,314,-78.611325076,500,0.15722265
2020-01-01T16:00:00+00:00,C2,301,303,-75.791808481,175,0.433096048
2020-01-01T16:00:00+00:00,C20,312,313,-127.922703414,500,0.255845407
2020-01-01T16:00:00+00:00,C21,312,323,-157.357686633,500,0.314715373
2020-01-01T16:00:00+00:00,C22,313,323,-104.866733787,500,0.209733468
2020-01-01T16:00:00+00:00,C23,314,316,-193.869787621,500,0.387739575
2020-01-01T16:00:00+00:00,C24,315,316,31.923499697,500,0.063846999
2020-01-01T16:00:00+00:00,C25-1,315,321,-148.711184605,500,0.297422369
2020-01-01T16:00:00+00:00,C25-2,315,321,-148.711184605,500,0.297422369
2020-01-01T16:00:00+00:00,C26,315,324,132.164165251,500,0.264328331
2020-01-01T16:00:00+00:00,C27,316,317,-200.831594916,500,0.40166319
2020-01-01T16:00:00+00:00,C28,316,319,34.473728361,500,0.068947457
2020-01-01T16:00:00+00:00,C29,317,318,-151.215837271,500,0.302431675
2020-01-01T16:00:00+00:00,C3,301,305,-11.960082872,175,0.068343331
2020-01-01T16:00:00+00:00,C30,317,322,-38.815757645,500,0.077631515
2020-01-01T16:00:00+00:00,C31-1,318,321,-18.880936572,500,0.037761873
2020-01-01T16:00:00+00:00,C31-2,318,321,-18.880936572,500,0.037761873
2020-01-01T16:00:00+00:00,C32-1,319,320,-36.530614481,500,0.073061229
2020-01-01T16:00:00+00:00,C32-2,319,320,-36.530614481,500,0.073061229
2020-01-01T16:00:00+00:00,C33-1,320,323,-74.554024805,500,0.14910805
2020-01-01T16:00:00+00:00,C33-2,320,323,-74.554024805,500,0.14910805
2020-01-01T16:00:00+00:00,C34,321,322,-21.584242355,500,0.043168485
2020-01-01T16:00:00+00:00,C35,323,325,-411.332470031,722,0.569712562
2020-01-01T16:00:00+00:00,C4,302,304,-29.367660586,175,0.167815203
2020-01-01T16:00:00+00:00,C5,302,306,-4.674184255,175,0.026709624
2020-01-01T16:00:00+00:00,C6,303,309,41.731515233,175,0.238465801
2020-01-01T16:00:00+00:00,C7,303,324,-132.164165251,400,0.330410413
2020-01-01T16:00:00+00:00,C8,304,309,-73.332228774,175,0.419041307
2020-01-01T16:00:00+00:00,C9,305,310,-54.142303701,175,0.309384593
2020-01-01T16:00:00+00:00,CA-1,325,121,-411.332470031,500,0.82266494
2020-01-01T16:00:00+00:00,CB-1,318,223,-311.294520969,500,0.622589042
2020-01-01T17:00:00+00:00,A1,101,102,8.816481341,175,0.050379893
2020-01-01T17:00:00+00:00,A10,106,110,-3.079977679,175,0.017599872
2020-01-01T17:00:00+00:00,A11,107,108,-76.148982409,175,0.435137042
2020-01-01T17:00:00+00:00,A12-1,108,109,-78.662181198,175,0.449498178
2020-01-01T17:00:00+00:00,A13-2,108,110,-74.292961531,175,0.424531209
2020-01-01T17:00:00+00:00,A14,109,111,-42.43586957,400,0.106089674
2020-01-01T17:00:00+00:00,A15,109,112,-55.824770717,400,0.139561927
2020-01-01T17:00:00+00:00,A16,110,111,-51.518562985,400,0.128796407
2020-01-01T17:00:00+00:00,A17,110,112,-65.105329667,400,0.162763324
2020-01-01T17:00:00+00:00,A18,111,113,-30.650493677,500,0.061300987
2020-01-01T17:00:00+00:00,A19,111,114,-63.303938878,500,0.126607878
2020-01-01T17:00:00+00:00,A2,101,103,30.449068827,175,0.173994679
2020-01-01T17:00:00+00:00,A20,112,113,-6.516999359,500,0.013033999
2020-01-01T17:00:00+00:00,A21,112,123,-114.413101025,500,0.228826202
2020-01-01T17:00:00+00:00,A22,113,123,-123.968446325,500,0.247936893
2020-01-01T17:00:00+00:00,A23,114,116,-150.440752341,500,0.300881505
2020-01-01T17:00:00+00:00,A24,115,116,9.882617462,500,0.019765235
2020-01-01T17:00:00+00:00,A25-1,115,121,-40.332563664,500,0.080665127
2020-01-01T17:00:00+00:00,A25-2,115,121,-40.332563664,500,0.080665127
2020-01-01T17:00:00+00:00,A26,115,124,83.399160033,500,0.16679832
2020-01-01T17:00:00+00:00,A27,116,117,-75.491372514,500,0.150982745
2020-01-01T17:00:00+00:00,A28,116,119,45.017354408,500,0.090034709
2020-01-01T17:00:00+00:00,A29,117,118,65.2920057,500,0.130584011
2020-01-01T17:00:00+00:00,A3,101,105,80.225295945,175,0.458430263
2020-01-01T17:00:00+00:00,A30,117,122,-140.783378214,500,0.281566756
2020-01-01T17:00:00+00:00,A31-1,118,121,-42.138942725,500,0.084277885
2020-01-01T17:00:00+00:00,A31-2,118,121,-42.138942725,500,0.084277885
2020-01-01T17:00:00+00:00,A32-1,119,120,-18.140197118,500,0.036280394
2020-01-01T17:00:00+00:00,A32-2,119,120,-18.140197118,500,0.036280394
2020-01-01T17:00:00+00:00,A33-1,120,123,-46.886362384,500,0.093772725
2020-01-01T17:00:00+00:00,A33-2,120,123,-46.886362384,500,0.093772725
2020-01-01T17:00:00+00:00,A34,121,122,-214.716621786,500,0.429433244
2020-01-01T17:00:00+00:00,A4,102,104,59.242451099,175,0.338528292
2020-01-01T17:00:00+00:00,A5,102,106,58.005623511,175,0.331460706
2020-01-01T17:00:00+00:00,A6,103,109,32.99963905,175,0.188569366
2020-01-01T17:00:00+00:00,A7,103,124,-83.399160033,400,0.2084979
2020-01-01T17:00:00+00:00,A8,104,109,26.00469751,175,0.148598271
2020-01-01T17:00:00+00:00,A9,105,110,48.335018853,175,0.276200108
2020-01-01T17:00:00+00:00,AB1,107,203,20.004128374,175,0.114309305
2020-01-01T17:00:00+00:00,AB2,113,215,67.773862735,500,0.135547725
2020-01-01T17:00:00+00:00,AB3,123,217,158.442727883,500,0.316885456
2020-01-01T17:00:00+00:00,B1,201,202,-16.233279016,175,0.092761594
2020-01-01T17:00:00+00:00,B10,206,210,-15.958556993,175,0.091191754
2020-01-01T17:00:00+00:00,B11,207,208,-61.801511096,175,0.353151492
2020-01-01T17:00:00+00:00,B12-1,208,209,-174.931198591,175,0.999606849
2020-01-01T17:00:00+00:00,B13-2,208,210,-160.435613019,175,0.916774932
2020-01-01T17:00:00+00:00,B14,209,211,-85.420919248,400,0.213552298
2020-01-01T17:00:00+00:00,B15,209,212,-95.87340782,400,0.23968352
2020-01-01T17:00:00+00:00,B16,210,211,-114.735978802,400,0.286839947
2020-01-01T17:00:00+00:00,B17,210,212,-125.342937649,400,0.313357344
2020-01-01T17:00:00+00:00,B18,211,213,-45.236164498,500,0.090472329
2020-01-01T17:00:00+00:00,B19,211,214,-154.920733552,500,0.309841467
2020-01-01T17:00:00+00:00,B2,201,203,-11.092095746,175,0.063383404
2020-01-01T17:00:00+00:00,B20,212,213,-26.395553847,500,0.052791108
2020-01-01T17:00:00+00:00,B21,212,223,-194.820791622,500,0.389641583
2020-01-01T17:00:00+00:00,B22,213,223,-202.65092187,500,0.405301844
2020-01-01T17:00:00+00:00,B23,214,216,-250.836678774,500,0.501673358
2020-01-01T17:00:00+00:00,B24,215,216,47.180196993,500,0.094360394
2020-01-01T17:00:00+00:00,B25-1,215,221,-117.367665042,500,0.23473533
2020-01-01T17:00:00+00:00,B25-2,215,221,-117.367665042,500,0.23473533
2020-01-01T17:00:00+00:00,B26,215,224,152.300363685,500,0.304600727
2020-01-01T17:00:00+00:00,B27,216,217,-190.215231572,500,0.380430463
2020-01-01T17:00:00+00:00,B28,216,219,92.117540914,500,0.184235082
2020-01-01T17:00:00+00:00,B29,217,218,19.734333971,500,0.039468668
2020-01-01T17:00:00+00:00,B3,201,205,67.828869175,175,0.387593538
2020-01-01T17:00:00+00:00,B30,217,222,-51.506837659,500,0.103013675
2020-01-01T17:00:00+00:00,B31-1,218,221,-72.452445795,500,0.144904892
2020-01-01T17:00:00+00:00,B31-2,218,221,-72.452445795,500,0.144904892
2020-01-01T17:00:00+00:00,B32-1,219,220,1.314476423,500,0.002628953
2020-01-01T17:00:00+00:00,B32-2,219,220,1.314476423,500,0.002628953
2020-01-01T17:00:00+00:00,B33-1,220,223,-30.327897258,500,0.060655795
2020-01-01T17:00:00+00:00,B33-2,220,223,-30.327897258,500,0.060655795
2020-01-01T17:00:00+00:00,B34,221,222,-55.893162341,500,0.111786325
2020-01-01T17:00:00+00:00,B4,202,204,44.527261293,175,0.254441493
2020-01-01T17:00:00+00:00,B5,202,206,51.28148708,175,0.293037069
2020-01-01T17:00:00+00:00,B6,203,209,72.218220334,175,0.412675545
2020-01-01T17:00:00+00:00,B7,203,224,-152.300363685,400,0.380750909
2020-01-01T17:00:00+00:00,B8,204,209,7.940766724,175,0.04537581
2020-01-01T17:00:00+00:00,B9,205,210,32.725610872,175,0.187003491
2020-01-01T17:00:00+00:00,C1,301,302,26.144293563,175,0.149395963
2020-01-01T17:00:00+00:00,C10,306,310,-95.192625362,175,0.543957859
2020-01-01T17:00:00+00:00,C11,307,308,-82.845618465,175,0.473403534
2020-01-01T17:00:00+00:00,C12-1,308,309,-116.168583916,175,0.66382048
2020-01-01T17:00:00+00:00,C13-2,308,310,-80.009840609,175,0.457199089
2020-01-01T17:00:00+00:00,C14,309,311,-100.917603882,400,0.25229401
2020-01-01T17:00:00+00:00,C15,309,312,-120.480620092,400,0.30120155
2020-01-01T17:00:00+00:00,C16,310,311,-172.385453125,400,0.430963633
2020-01-01T17:00:00+00:00,C17,310,312,-192.237577948,400,0.480593945
2020-01-01T17:00:00+00:00,C18,311,313,-165.490092347,500,0.330980185
2020-01-01T17:00:00+00:00,C19,311,314,-107.81296466,500,0.215625929
2020-01-01T17:00:00+00:00,C2,301,303,-84.597818908,175,0.483416108
2020-01-01T17:00:00+00:00,C20,312,313,-130.227755629,500,0.260455511
2020-01-01T17:00:00+00:00,C21,312,323,-182.490442411,500,0.364980885
2020-01-01T17:00:00+00:00,C22,313,323,-131.616559122,500,0.263233118
2020-01-01T17:00:00+00:00,C23,314,316,-236.389364517,500,0.472778729
2020-01-01T17:00:00+00:00,C24,315,316,17.267955922,500,0.034535912
2020-01-01T17:00:00+00:00,C25-1,315,321,-166.423049832,500,0.3328461
2020-01-01T17:00:00+00:00,C25-2,315,321,-166.423049832,500,0.3328461
2020-01-01T17:00:00+00:00,C26,315,324,160.481655315,500,0.320963311
2020-01-01T17:00:00+00:00,C27,316,317,-299.525664737,500,0.599051329
2020-01-01T17:00:00+00:00,C28,316,319,69.12776137,500,0.138255523
2020-01-01T17:00:00+00:00,C29,317,318,-15.401864684,500,0.030803729
2020-01-01T17:00:00+00:00,C3,301,305,-13.125089008,175,0.075000509
2020-01-01T17:00:00+00:00,C30,317,322,-40.923800053,500,0.0818476
2020-01-01T17:00:00+00:00,C31-1,318,321,-17.115050141,500,0.0342301
2020-01-01T17:00:00+00:00,C31-2,318,321,-17.115050141,500,0.0342301
2020-01-01T17:00:00+00:00,C32-1,319,320,-25.416347084,500,0.050832694
2020-01-01T17:00:00+00:00,C32-2,319,320,-25.416347084,500,0.050832694
2020-01-01T17:00:00+00:00,C33-1,320,323,-67.833303738,500,0.135666607
2020-01-01T17:00:00+00:00,C33-2,320,323,-67.833303738,500,0.135666607
2020-01-01T17:00:00+00:00,C34,321,322,-53.476199947,500,0.1069524
2020-01-01T17:00:00+00:00,C35,323,325,-449.773609008,722,0.622955137
2020-01-01T17:00:00+00:00,C4,302,304,-33.087313894,175,0.189070365
2020-01-01T17:00:00+00:00,C5,302,306,-5.056592472,175,0.028894814
2020-01-01T17:00:00+00:00,C6,303,309,45.986145817,175,0.262777976
2020-01-01T17:00:00+00:00,C7,303,324,-160.481655315,400,0.401204138
2020-01-01T17:00:00+00:00,C8,304,309,-82.131920025,175,0.469325257
2020-01-01T17:00:00+00:00,C9,305,310,-60.181400296,175,0.343893716
2020-01-01T17:00:00+00:00,CA-1,325,121,-449.773609008,500,0.899547218
2020-01-01T17:00:00+00:00,CB-1,318,223,-201.872491992,500,0.403744984
2020-01-01T18:00:00+00:00,A1,101,102,5.142783221,175,0.029387333
2020-01-01T18:00:00+00:00,A10,106,110,-3.060037046,175,0.017485926
2020-01-01T18:00:00+00:00,A11,107,108,-66.935096247,175,0.382486264
2020-01-01T18:00:00+00:00,A12-1,108,109,-74.919069147,175,0.428108967
2020-01-01T18:00:00+00:00,A13-2,108,110,-67.97607162,175,0.388434695
2020-01-01T18:00:00+00:00,A14,109,111,-37.925823309,400,0.094814558
2020-01-01T18:00:00+00:00,A15,109,112,-44.152780858,400,0.110381952
2020-01-01T18:00:00+00:00,A16,110,111,-51.92278706,400,0.129806968
2020-01-01T18:00:00+00:00,A17,110,112,-58.241768611,400,0.145604422
2020-01-01T18:00:00+00:00,A18,111,113,17.299036366,500,0.034598073
2020-01-01T18:00:00+00:00,A19,111,114,-107.147646735,500,0.214295293
2020-01-01T18:00:00+00:00,A2,101,103,19.85082957,175,0.113433312
2020-01-01T18:00:00+00:00,A20,112,113,28.523127347,500,0.057046255
2020-01-01T18:00:00+00:00,A21,112,123,-130.917676816,500,0.261835354
2020-01-01T18:00:00+00:00,A22,113,123,-161.702583493,500,0.323405167
2020-01-01T18:00:00+00:00,A23,114,116,-193.324539348,500,0.386649079
2020-01-01T18:00:00+00:00,A24,115,116,61.297629326,500,0.122595259
2020-01-01T18:00:00+00:00,A25-1,115,121,-80.973402308,500,0.161946805
2020-01-01T18:00:00+00:00,A25-2,115,121,-80.973402308,500,0.161946805
2020-01-01T18:00:00+00:00,A26,115,124,106.854355916,500,0.213708712
2020-01-01T18:00:00+00:00,A27,116,117,-128.605275312,500,0.257210551
2020-01-01T18:00:00+00:00,A28,116,119,107.157286624,500,0.214314573
2020-01-01T18:00:00+00:00,A29,117,118,9.517379332,500,0.019034759
2020-01-01T18:00:00+00:00,A3,101,105,79.031622248,175,0.45160927
2020-01-01T18:00:00+00:00,A30,117,122,-138.122654645,500,0.276245309
2020-01-01T18:00:00+00:00,A31-1,118,121,-69.202406314,500,0.138404813
2020-01-01T18:00:00+00:00,A31-2,118,121,-69.202406314,500,0.138404813
2020-01-01T18:00:00+00:00,A32-1,119,120,13.377567119,500,0.026755134
2020-01-01T18:00:00+00:00,A32-2,119,120,13.377567119,500,0.026755134
2020-01-01T18:00:00+00:00,A33-1,120,123,-15.051923228,500,0.030103846
2020-01-01T18:00:00+00:00,A33-2,120,123,-15.051923228,500,0.030103846
2020-01-01T18:00:00+00:00,A34,121,122,-188.777345355,500,0.377554691
2020-01-01T18:00:00+00:00,A4,102,104,56.701706974,175,0.324009754
2020-01-01T18:00:00+00:00,A5,102,106,57.352629941,175,0.327729314
2020-01-01T18:00:00+00:00,A6,103,109,46.747243887,175,0.267127108
2020-01-01T18:00:00+00:00,A7,103,124,-106.854355916,400,0.26713589
2020-01-01T18:00:00+00:00,A8,104,109,23.830108761,175,0.13617205
2020-01-01T18:00:00+00:00,A9,105,110,47.492656395,175,0.271386608
2020-01-01T18:00:00+00:00,AB1,107,203,11.408747914,175,0.065192845
2020-01-01T18:00:00+00:00,AB2,113,215,18.881651538,500,0.037763303
2020-01-01T18:00:00+00:00,AB3,123,217,152.275893235,500,0.304551786
2020-01-01T18:00:00+00:00,B1,201,202,-23.400569045,175,0.133717537
2020-01-01T18:00:00+00:00,B10,206,210,-21.176945343,175,0.121011116
2020-01-01T18:00:00+00:00,B11,207,208,-62.64756807,175,0.357986103
2020-01-01T18:00:00+00:00,B12-1,208,209,-175,175,1
2020-01-01T18:00:00+00:00,B13-2,208,210,-162.182774524,175,0.926758712
2020-01-01T18:00:00+00:00,B14,209,211,-89.145271057,400,0.222863178
2020-01-01T18:00:00+00:00,B15,209,212,-114.033194445,400,0.285082986
2020-01-01T18:00:00+00:00,B16,210,211,-115.267312403,400,0.288168281
2020-01-01T18:00:00+00:00,B17,210,212,-140.523037615,400,0.351307594
2020-01-01T18:00:00+00:00,B18,211,213,-73.808366324,500,0.147616733
2020-01-01T18:00:00+00:00,B19,211,214,-130.604217136,500,0.261208434
2020-01-01T18:00:00+00:00,B2,201,203,-6.31032447,175,0.036058997
2020-01-01T18:00:00+00:00,B20,212,213,-28.947884417,500,0.057895769
2020-01-01T18:00:00+00:00,B21,212,223,-225.608347643,500,0.451216695
2020-01-01T18:00:00+00:00,B22,213,223,-235.56909505,500,0.47113819
2020-01-01T18:00:00+00:00,B23,214,216,-227.833242781,500,0.455666486
2020-01-01T18:00:00+00:00,B24,215,216,-41.525851693,500,0.083051703
2020-01-01T18:00:00+00:00,B25-1,215,221,-105.647492325,500,0.211294985
2020-01-01T18:00:00+00:00,B25-2,215,221,-105.647492325,500,0.211294985
2020-01-01T18:00:00+00:00,B26,215,224,140.728255255,500,0.281456511
2020-01-01T18:00:00+00:00,B27,216,217,-134.99588658,500,0.269991773
2020-01-01T18:00:00+00:00,B28,216,219,-29.48126235,500,0.058962525
2020-01-01T18:00:00+00:00,B29,217,218,44.767258643,500,0.089534517
2020-01-01T18:00:00+00:00,B3,201,205,60.883394702,175,0.347905113
2020-01-01T18:00:00+00:00,B30,217,222,-27.487251989,500,0.054974504
2020-01-01T18:00:00+00:00,B31-1,218,221,-61.062931348,500,0.122125863
2020-01-01T18:00:00+00:00,B31-2,218,221,-61.062931348,500,0.122125863
2020-01-01T18:00:00+00:00,B32-1,219,220,-60.097470458,500,0.120194941
2020-01-01T18:00:00+00:00,B32-2,219,220,-60.097470458,500,0.120194941
2020-01-01T18:00:00+00:00,B33-1,220,223,-92.17302531,500,0.184346051
2020-01-01T18:00:00+00:00,B33-2,220,223,-92.17302531,500,0.184346051
2020-01-01T18:00:00+00:00,B34,221,222,-28.312748011,500,0.056625496
2020-01-01T18:00:00+00:00,B4,202,204,41.001309416,175,0.234293197
2020-01-01T18:00:00+00:00,B5,202,206,46.983608717,175,0.268477764
2020-01-01T18:00:00+00:00,B6,203,209,55.614180677,175,0.317795318
2020-01-01T18:00:00+00:00,B7,203,224,-140.728255255,400,0.351820638
2020-01-01T18:00:00+00:00,B8,204,209,3.913949118,175,0.022365424
2020-01-01T18:00:00+00:00,B9,205,210,25.299576038,175,0.144569006
2020-01-01T18:00:00+00:00,C1,301,302,29.014940909,175,0.165799662
2020-01-01T18:00:00+00:00,C10,306,310,-92.800471953,175,0.530288411
2020-01-01T18:00:00+00:00,C11,307,308,-81.58019614,175,0.466172549
2020-01-01T18:00:00+00:00,C12-1,308,309,-113.48111456,175,0.648463512
2020-01-01T18:00:00+00:00,C13-2,308,310,-79.700789901,175,0.455433085
2020-01-01T18:00:00+00:00,C14,309,311,-108.800444732,400,0.272001112
2020-01-01T18:00:00+00:00,C15,309,312,-114.543642046,400,0.286359105
2020-01-01T18:00:00+00:00,C16,310,311,-175.781938152,400,0.439454845
2020-01-01T18:00:00+00:00,C17,310,312,-181.610010304,400,0.454025026
2020-01-01T18:00:00+00:00,C18,311,313,-143.304251269,500,0.286608503
2020-01-01T18:00:00+00:00,C19,311,314,-141.278131615,500,0.282556263
2020-01-01T18:00:00+00:00,C2,301,303,-88.212201158,175,0.504069721
2020-01-01T18:00:00+00:00,C20,312,313,-132.95213811,500,0.265904276
2020-01-01T18:00:00+00:00,C21,312,323,-163.201514241,500,0.326403028
2020-01-01T18:00:00+00:00,C22,313,323,-108.607405196,500,0.21721481
2020-01-01T18:00:00+00:00,C23,314,316,-267.890596025,500,0.535781192
2020-01-01T18:00:00+00:00,C24,315,316,-13.874067203,500,0.027748134
2020-01-01T18:00:00+00:00,C25-1,315,321,-156.097922523,500,0.312195845
2020-01-01T18:00:00+00:00,C25-2,315,321,-156.097922523,500,0.312195845
2020-01-01T18:00:00+00:00,C26,315,324,174.182534837,500,0.34836507
2020-01-01T18:00:00+00:00,C27,316,317,-306.151019122,500,0.612302038
2020-01-01T18:00:00+00:00,C28,316,319,185.049436184,500,0.370098872
2020-01-01T18:00:00+00:00,C29,317,318,117.928822288,500,0.235857645
2020-01-01T18:00:00+00:00,C3,301,305,-11.288029217,175,0.064503024
2020-01-01T18:00:00+00:00,C30,317,322,-48.879841411,500,0.097759683
2020-01-01T18:00:00+00:00,C31-1,318,321,-42.462156771,500,0.084924314
2020-01-01T18:00:00+00:00,C31-2,318,321,-42.462156771,500,0.084924314
2020-01-01T18:00:00+00:00,C32-1,319,320,33.460656087,500,0.066921312
2020-01-01T18:00:00+00:00,C32-2,319,320,33.460656087,500,0.066921312
2020-01-01T18:00:00+00:00,C33-1,320,323,-8.308404337,500,0.016616809
2020-01-01T18:00:00+00:00,C33-2,320,323,-8.308404337,500,0.016616809
2020-01-01T18:00:00+00:00,C34,321,322,-83.520158589,500,0.167040317
2020-01-01T18:00:00+00:00,C35,323,325,-288.425728112,722,0.399481618
2020-01-01T18:00:00+00:00,C4,302,304,-30.250072744,175,0.172857559
2020-01-01T18:00:00+00:00,C5,302,306,-4.041218552,175,0.023092677
2020-01-01T18:00:00+00:00,C6,303,309,58.894851237,175,0.336542007
2020-01-01T18:00:00+00:00,C7,303,324,-174.182534837,400,0.435456337
2020-01-01T18:00:00+00:00,C8,304,309,-78.545548859,175,0.448831708
2020-01-01T18:00:00+00:00,C9,305,310,-57.625580624,175,0.329289032
2020-01-01T18:00:00+00:00,CA-1,325,121,-288.425728112,500,0.576851456
2020-01-01T18:00:00+00:00,CB-1,318,223,-14.476506687,500,0.028953013
2020-01-01T19:00:00+00:00,A1,101,102,4.107430521,175,0.023471032
2020-01-01T19:00:00+00:00,A10,106,110,-2.501354347,175,0.014293453
2020-01-01T19:00:00+00:00,A11,107,108,-78.201261369,175,0.446864351
2020-01-01T19:00:00+00:00,A12-1,108,109,-79.534219207,175,0.454481253
2020-01-01T19:00:00+00:00,A13-2,108,110,-73.379065922,175,0.419308948
2020-01-01T19:00:00+00:00,A14,109,111,-41.031736966,400,0.102579342
2020-01-01T19:00:00+00:00,A15,109,112,-47.535215216,400,0.118838038
2020-01-01T19:00:00+00:00,A16,110,111,-53.549919943,400,0.1338748
2020-01-01T19:00:00+00:00,A17,110,112,-60.149508708,400,0.150373772
2020-01-01T19:00:00+00:00,A18,111,113,-0.68999116,500,0.001379982
2020-01-01T19:00:00+00:00,A19,111,114,-93.891665749,500,0.187783331
2020-01-01T19:00:00+00:00,A2,101,103,22.306332912,175,0.127464759
2020-01-01T19:00:00+00:00,A20,112,113,11.032528384,500,0.022065057
2020-01-01T19:00:00+00:00,A21,112,123,-118.717252308,500,0.237434505
2020-01-01T19:00:00+00:00,A22,113,123,-138.449825705,500,0.276899651
2020-01-01T19:00:00+00:00,A23,114,116,-178.652675161,500,0.35730535
2020-01-01T19:00:00+00:00,A24,115,116,41.491330791,500,0.082982662
2020-01-01T19:00:00+00:00,A25-1,115,121,-77.640369436,500,0.155280739
2020-01-01T19:00:00+00:00,A25-2,115,121,-77.640369436,500,0.155280739
2020-01-01T19:00:00+00:00,A26,115,124,99.288171053,500,0.198576342
2020-01-01T19:00:00+00:00,A27,116,117,-127.193172584,500,0.254386345
2020-01-01T19:00:00+00:00,A28,116,119,101.340586249,500,0.202681172
2020-01-01T19:00:00+00:00,A29,117,118,25.506875038,500,0.05101375
2020-01-01T19:00:00+00:00,A3,101,105,78.399695245,175,0.447998259
2020-01-01T19:00:00+00:00,A30,117,122,-152.700047622,500,0.305400095
2020-01-01T19:00:00+00:00,A31-1,118,121,-59.992480352,500,0.119984961
2020-01-01T19:00:00+00:00,A31-2,118,121,-59.992480352,500,0.119984961
2020-01-01T19:00:00+00:00,A32-1,119,120,11.129719146,500,0.022259438
2020-01-01T19:00:00+00:00,A32-2,119,120,11.129719146,500,0.022259438
2020-01-01T19:00:00+00:00,A33-1,120,123,-16.832675711,500,0.033665351
2020-01-01T19:00:00+00:00,A33-2,120,123,-16.832675711,500,0.033665351
2020-01-01T19:00:00+00:00,A34,121,122,-218.099952378,500,0.436199905
2020-01-01T19:00:00+00:00,A4,102,104,56.80819109,175,0.324618235
2020-01-01T19:00:00+00:00,A5,102,106,56.918734725,175,0.325249913
2020-01-01T19:00:00+00:00,A6,103,109,42.950268428,175,0.245430105
2020-01-01T19:00:00+00:00,A7,103,124,-99.288171053,400,0.248220428
2020-01-01T19:00:00+00:00,A8,104,109,24.476672036,175,0.139866697
2020-01-01T19:00:00+00:00,A9,105,110,47.37891345,175,0.270736648
2020-01-01T19:00:00+00:00,AB1,107,203,23.587208913,175,0.134784051
2020-01-01T19:00:00+00:00,AB2,113,215,73.311597444,500,0.146623195
2020-01-01T19:00:00+00:00,AB3,123,217,183.167570564,500,0.366335141
2020-01-01T19:00:00+00:00,B1,201,202,-2.077444146,175,0.011871109
2020-01-01T19:00:00+00:00,B10,206,210,-27.34547008,175,0.156259829
2020-01-01T19:00:00+00:00,B11,207,208,-61.703132368,175,0.352589328
2020-01-01T19:00:00+00:00,B12-1,208,209,-175,175,1
2020-01-01T19:00:00+00:00,B13-2,208,210,-160.008850782,175,0.91433629
2020-01-01T19:00:00+00:00,B14,209,211,-90.968796529,400,0.227421991
2020-01-01T19:00:00+00:00,B15,209,212,-114.455834352,400,0.286139586
2020-01-01T19:00:00+00:00,B16,210,211,-121.324887364,400,0.303312218
2020-01-01T19:00:00+00:00,B17,210,212,-145.159024268,400,0.362897561
2020-01-01T19:00:00+00:00,B18,211,213,-74.056191313,500,0.148112383
2020-01-01T19:00:00+00:00,B19,211,214,-138.237492579,500,0.276474985
2020-01-01T19:00:00+00:00,B2,201,203,-17.908737129,175,0.102335641
2020-01-01T19:00:00+00:00,B20,212,213,-31.720805637,500,0.063441611
2020-01-01T19:00:00+00:00,B21,212,223,-227.894052983,500,0.455788106
2020-01-01T19:00:00+00:00,B22,213,223,-236.587637572,500,0.473175275
2020-01-01T19:00:00+00:00,B23,214,216,-234.000754015,500,0.468001508
2020-01-01T19:00:00+00:00,B24,215,216,-27.035691131,500,0.054071382
2020-01-01T19:00:00+00:00,B25-1,215,221,-85.853591104,500,0.171707182
2020-01-01T19:00:00+00:00,B25-2,215,221,-85.853591104,500,0.171707182
2020-01-01T19:00:00+00:00,B26,215,224,144.075327097,500,0.288150654
2020-01-01T19:00:00+00:00,B27,216,217,-135.749910526,500,0.271499821
2020-01-01T19:00:00+00:00,B28,216,219,-19.649040515,500,0.039298081
2020-01-01T19:00:00+00:00,B29,217,218,71.080790333,500,0.142161581
2020-01-01T19:00:00+00:00,B3,201,205,52.174674909,175,0.298140999
2020-01-01T19:00:00+00:00,B30,217,222,-23.663130296,500,0.047326261
2020-01-01T19:00:00+00:00,B31-1,218,221,-46.648177148,500,0.093296354
2020-01-01T19:00:00+00:00,B31-2,218,221,-46.648177148,500,0.093296354
2020-01-01T19:00:00+00:00,B32-1,219,220,-54.497588092,500,0.108995176
2020-01-01T19:00:00+00:00,B32-2,219,220,-54.497588092,500,0.108995176
2020-01-01T19:00:00+00:00,B33-1,220,223,-86.089591865,500,0.172179184
2020-01-01T19:00:00+00:00,B33-2,220,223,-86.089591865,500,0.172179184
2020-01-01T19:00:00+00:00,B34,221,222,-33.336869704,500,0.066673739
2020-01-01T19:00:00+00:00,B4,202,204,31.586720527,175,0.180495546
2020-01-01T19:00:00+00:00,B5,202,206,39.787537937,175,0.22735736
2020-01-01T19:00:00+00:00,B6,203,209,60.901288271,175,0.348007362
2020-01-01T19:00:00+00:00,B7,203,224,-144.075327097,400,0.360188318
2020-01-01T19:00:00+00:00,B8,204,209,-4.941533835,175,0.028237336
2020-01-01T19:00:00+00:00,B9,205,210,17.127295724,175,0.097870261
2020-01-01T19:00:00+00:00,C1,301,302,29.098507504,175,0.166277186
2020-01-01T19:00:00+00:00,C10,306,310,-88.895254456,175,0.507972883
2020-01-01T19:00:00+00:00,C11,307,308,-78.831857018,175,0.450467754
2020-01-01T19:00:00+00:00,C12-1,308,309,-110.05769843,175,0.628901134
2020-01-01T19:00:00+00:00,C13-2,308,310,-76.616138987,175,0.437806508
2020-01-01T19:00:00+00:00,C14,309,311,-102.42162265,400,0.256054057
2020-01-01T19:00:00+00:00,C15,309,312,-107.98137127,400,0.269953428
2020-01-01T19:00:00+00:00,C16,310,311,-168.653250056,400,0.421633125
2020-01-01T19:00:00+00:00,C17,310,312,-174.295162449,400,0.435737906
2020-01-01T19:00:00+00:00,C18,311,313,-110.724300162,500,0.2214486
2020-01-01T19:00:00+00:00,C19,311,314,-160.350572544,500,0.320701145
2020-01-01T19:00:00+00:00,C2,301,303,-87.526404639,175,0.500150884
2020-01-01T19:00:00+00:00,C20,312,313,-100.702853275,500,0.201405707
2020-01-01T19:00:00+00:00,C21,312,323,-181.573680443,500,0.363147361
2020-01-01T19:00:00+00:00,C22,313,323,-146.884023515,500,0.293768047
2020-01-01T19:00:00+00:00,C23,314,316,-282.697614635,500,0.565395229
2020-01-01T19:00:00+00:00,C24,315,316,-0.991740486,500,0.001983481
2020-01-01T19:00:00+00:00,C25-1,315,321,-190.253355432,500,0.380506711
2020-01-01T19:00:00+00:00,C25-2,315,321,-190.253355432,500,0.380506711
2020-01-01T19:00:00+00:00,C26,315,324,181.580861954,500,0.363161724
2020-01-01T19:00:00+00:00,C27,316,317,-443.551668162,500,0.887103336
2020-01-01T19:00:00+00:00,C28,316,319,180.495801705,500,0.360991603
2020-01-01T19:00:00+00:00,C29,317,318,172.35128823,500,0.344702576
2020-01-01T19:00:00+00:00,C3,301,305,-9.682827328,175,0.055330442
2020-01-01T19:00:00+00:00,C30,317,322,-47.502956391,500,0.095005913
2020-01-01T19:00:00+00:00,C31-1,318,321,-7.158826575,500,0.014317653
2020-01-01T19:00:00+00:00,C31-2,318,321,-7.158826575,500,0.014317653
2020-01-01T19:00:00+00:00,C32-1,319,320,33.173636372,500,0.066347273
2020-01-01T19:00:00+00:00,C32-2,319,320,33.173636372,500,0.066347273
2020-01-01T19:00:00+00:00,C33-1,320,323,-7.188274421,500,0.014376549
2020-01-01T19:00:00+00:00,C33-2,320,323,-7.188274421,500,0.014376549
2020-01-01T19:00:00+00:00,C34,321,322,-106.097043609,500,0.212194087
2020-01-01T19:00:00+00:00,C35,323,325,-342.8342528,722,0.474839685
2020-01-01T19:00:00+00:00,C4,302,304,-28.94881952,175,0.165421826
2020-01-01T19:00:00+00:00,C5,302,306,-3.126194021,175,0.017863966
2020-01-01T19:00:00+00:00,C6,303,309,61.63658321,175,0.352209047
2020-01-01T19:00:00+00:00,C7,303,324,-181.580861954,400,0.453952155
2020-01-01T19:00:00+00:00,C8,304,309,-75.617278875,175,0.432098736
2020-01-01T19:00:00+00:00,C9,305,310,-54.459322114,175,0.311196126
2020-01-01T19:00:00+00:00,CA-1,325,121,-342.8342528,500,0.685668506
2020-01-01T19:00:00+00:00,CB-1,318,223,-23.339125716,500,0.046678251
2020-01-01T20:00:00+00:00,A1,101,102,4.77725577,175,0.027298604
2020-01-01T20:00:00+00:00,A10,106,110,0.445070014,175,0.002543257
2020-01-01T20:00:00+00:00,A11,107,108,-86.838559552,175,0.49622034
2020-01-01T20:00:00+00:00,A12-1,108,109,-82.711526854,175,0.472637296
2020-01-01T20:00:00+00:00,A13-2,108,110,-76.406473578,175,0.43660842
2020-01-01T20:00:00+00:00,A14,109,111,-38.51525541,400,0.096288139
2020-01-01T20:00:00+00:00,A15,109,112,-44.153433521,400,0.110383584
2020-01-01T20:00:00+00:00,A16,110,111,-51.286343991,400,0.12821586
2020-01-01T20:00:00+00:00,A17,110,112,-57.007844931,400,0.142519612
2020-01-01T20:00:00+00:00,A18,111,113,4.015547444,500,0.008031095
2020-01-01T20:00:00+00:00,A19,111,114,-93.817146845,500,0.187634294
2020-01-01T20:00:00+00:00,A2,101,103,21.470670587,175,0.122689546
2020-01-01T20:00:00+00:00,A20,112,113,14.178363488,500,0.028356727
2020-01-01T20:00:00+00:00,A21,112,123,-115.339641939,500,0.230679284
2020-01-01T20:00:00+00:00,A22,113,123,-136.419617419,500,0.272839235
2020-01-01T20:00:00+00:00,A23,114,116,-175.818383867,500,0.351636768
2020-01-01T20:00:00+00:00,A24,115,116,118.156474534,500,0.236312949
2020-01-01T20:00:00+00:00,A25-1,115,121,-115.103411161,500,0.230206822
2020-01-01T20:00:00+00:00,A25-2,115,121,-115.103411161,500,0.230206822
2020-01-01T20:00:00+00:00,A26,115,124,102.058635747,500,0.204117271
2020-01-01T20:00:00+00:00,A27,116,117,-203.72101317,500,0.407442026
2020-01-01T20:00:00+00:00,A28,116,119,103.79042496,500,0.20758085
2020-01-01T20:00:00+00:00,A29,117,118,-19.339620849,500,0.038679242
2020-01-01T20:00:00+00:00,A3,101,105,80.101900456,175,0.457725145
2020-01-01T20:00:00+00:00,A30,117,122,-184.381392321,500,0.368762785
2020-01-01T20:00:00+00:00,A31-1,118,121,-80.047160755,500,0.160094322
2020-01-01T20:00:00+00:00,A31-2,118,121,-80.047160755,500,0.160094322
2020-01-01T20:00:00+00:00,A32-1,119,120,13.642058096,500,0.027284116
2020-01-01T20:00:00+00:00,A32-2,119,120,13.642058096,500,0.027284116
2020-01-01T20:00:00+00:00,A33-1,120,123,-13.409896385,500,0.026819793
2020-01-01T20:00:00+00:00,A33-2,120,123,-13.409896385,500,0.026819793
2020-01-01T20:00:00+00:00,A34,121,122,-250.118607679,500,0.500237215
2020-01-01T20:00:00+00:00,A4,102,104,57.846163973,175,0.330549508
2020-01-01T20:00:00+00:00,A5,102,106,57.930473287,175,0.331031276
2020-01-01T20:00:00+00:00,A6,103,109,47.445684355,175,0.271118196
2020-01-01T20:00:00+00:00,A7,103,124,-102.058635747,400,0.255146589
2020-01-01T20:00:00+00:00,A8,104,109,26.567341603,175,0.151813381
2020-01-01T20:00:00+00:00,A9,105,110,50.091138453,175,0.286235077
2020-01-01T20:00:00+00:00,AB1,107,203,34.002710955,175,0.194301205
2020-01-01T20:00:00+00:00,AB2,113,215,86.4722296,500,0.172944459
2020-01-01T20:00:00+00:00,AB3,123,217,192.84842381,500,0.385696848
2020-01-01T20:00:00+00:00,B1,201,202,-33.858674487,175,0.19347814
2020-01-01T20:00:00+00:00,B10,206,210,-39.057247548,175,0.223184272
2020-01-01T20:00:00+00:00,B11,207,208,-60.14874864,175,0.343707135
2020-01-01T20:00:00+00:00,B12-1,208,209,-175,175,1
2020-01-01T20:00:00+00:00,B13-2,208,210,-156.473903447,175,0.894136591
2020-01-01T20:00:00+00:00,B14,209,211,-96.708709115,400,0.241771773
2020-01-01T20:00:00+00:00,B15,209,212,-121.736069936,400,0.304340175
2020-01-01T20:00:00+00:00,B16,210,211,-133.990657329,400,0.334976643
2020-01-01T20:00:00+00:00,B17,210,212,-159.387880625,400,0.398469702
2020-01-01T20:00:00+00:00,B18,211,213,-83.514513333,500,0.167029027
2020-01-01T20:00:00+00:00,B19,211,214,-147.184853112,500,0.294369706
2020-01-01T20:00:00+00:00,B2,201,203,-38.958994486,175,0.222622826
2020-01-01T20:00:00+00:00,B20,212,213,-38.402695454,500,0.076805391
2020-01-01T20:00:00+00:00,B21,212,223,-242.721255108,500,0.48544251
2020-01-01T20:00:00+00:00,B22,213,223,-249.432555904,500,0.498865112
2020-01-01T20:00:00+00:00,B23,214,216,-240.535711001,500,0.481071422
2020-01-01T20:00:00+00:00,B24,215,216,-17.327737379,500,0.034655475
2020-01-01T20:00:00+00:00,B25-1,215,221,-87.182315231,500,0.17436463
2020-01-01T20:00:00+00:00,B25-2,215,221,-87.182315231,500,0.17436463
2020-01-01T20:00:00+00:00,B26,215,224,153.527370889,500,0.307054742
2020-01-01T20:00:00+00:00,B27,216,217,-145.71419377,500,0.291428388
2020-01-01T20:00:00+00:00,B28,216,219,-36.268253523,500,0.072536507
2020-01-01T20:00:00+00:00,B29,217,218,70.158466299,500,0.140316933
2020-01-01T20:00:00+00:00,B3,201,205,30.149150147,175,0.172280858
2020-01-01T20:00:00+00:00,B30,217,222,-23.024236259,500,0.046048473
2020-01-01T20:00:00+00:00,B31-1,218,221,-45.038900039,500,0.0900778
2020-01-01T20:00:00+00:00,B31-2,218,221,-45.038900039,500,0.0900778
2020-01-01T20:00:00+00:00,B32-1,219,220,-61.681820777,500,0.123363642
2020-01-01T20:00:00+00:00,B32-2,219,220,-61.681820777,500,0.123363642
2020-01-01T20:00:00+00:00,B33-1,220,223,-92.477980081,500,0.18495596
2020-01-01T20:00:00+00:00,B33-2,220,223,-92.477980081,500,0.18495596
2020-01-01T20:00:00+00:00,B34,221,222,-32.775763741,500,0.065551527
2020-01-01T20:00:00+00:00,B4,202,204,14.414638924,175,0.082369365
2020-01-01T20:00:00+00:00,B5,202,206,26.384590973,175,0.150769091
2020-01-01T20:00:00+00:00,B6,203,209,61.956889317,175,0.354039368
2020-01-01T20:00:00+00:00,B7,203,224,-153.527370889,400,0.383818427
2020-01-01T20:00:00+00:00,B8,204,209,-21.193420272,175,0.121105259
2020-01-01T20:00:00+00:00,B9,205,210,-4.01533908,175,0.022944795
2020-01-01T20:00:00+00:00,C1,301,302,34.939454558,175,0.199654026
2020-01-01T20:00:00+00:00,C10,306,310,-79.659623739,175,0.45519785
2020-01-01T20:00:00+00:00,C11,307,308,-75.253084474,175,0.430017626
2020-01-01T20:00:00+00:00,C12-1,308,309,-107.674659506,175,0.615283769
2020-01-01T20:00:00+00:00,C13-2,308,310,-70.524644528,175,0.402997969
2020-01-01T20:00:00+00:00,C14,309,311,-81.147505866,400,0.202868765
2020-01-01T20:00:00+00:00,C15,309,312,-84.004059935,400,0.21001015
2020-01-01T20:00:00+00:00,C16,310,311,-154.241551476,400,0.385603879
2020-01-01T20:00:00+00:00,C17,310,312,-157.14032063,400,0.392850802
2020-01-01T20:00:00+00:00,C18,311,313,-96.742569927,500,0.19348514
2020-01-01T20:00:00+00:00,C19,311,314,-138.646487414,500,0.277292975
2020-01-01T20:00:00+00:00,C2,301,303,-98.899079464,175,0.565137597
2020-01-01T20:00:00+00:00,C20,312,313,-91.593631217,500,0.183187262
2020-01-01T20:00:00+00:00,C21,312,323,-149.550749348,500,0.299101499
2020-01-01T20:00:00+00:00,C22,313,323,-116.206073429,500,0.232412147
2020-01-01T20:00:00+00:00,C23,314,316,-255.439274517,500,0.510878549
2020-01-01T20:00:00+00:00,C24,315,316,2.620220439,500,0.005240441
2020-01-01T20:00:00+00:00,C25-1,315,321,-159.262736455,500,0.318525473
2020-01-01T20:00:00+00:00,C25-2,315,321,-159.262736455,500,0.318525473
2020-01-01T20:00:00+00:00,C26,315,324,125.063430245,500,0.25012686
2020-01-01T20:00:00+00:00,C27,316,317,-424.85720568,500,0.849714411
2020-01-01T20:00:00+00:00,C28,316,319,191.964983749,500,0.383929967
2020-01-01T20:00:00+00:00,C29,317,318,256.905976321,500,0.513811953
2020-01-01T20:00:00+00:00,C3,301,305,-1.059040079,175,0.006051658
2020-01-01T20:00:00+00:00,C30,317,322,-45.663182,500,0.091326364
2020-01-01T20:00:00+00:00,C31-1,318,321,-15.339005945,500,0.030678012
2020-01-01T20:00:00+00:00,C31-2,318,321,-15.339005945,500,0.030678012
2020-01-01T20:00:00+00:00,C32-1,319,320,41.499258716,500,0.082998517
2020-01-01T20:00:00+00:00,C32-2,319,320,41.499258716,500,0.082998517
2020-01-01T20:00:00+00:00,C33-1,320,323,2.969679465,500,0.005939359
2020-01-01T20:00:00+00:00,C33-2,320,323,2.969679465,500,0.005939359
2020-01-01T20:00:00+00:00,C34,321,322,-117.536818,500,0.235073636
2020-01-01T20:00:00+00:00,C35,323,325,-259.817463847,722,0.359857983
2020-01-01T20:00:00+00:00,C4,302,304,-25.672671162,175,0.146700978
2020-01-01T20:00:00+00:00,C5,302,306,2.215732168,175,0.012661327
2020-01-01T20:00:00+00:00,C6,303,309,90.699909139,175,0.518285195
2020-01-01T20:00:00+00:00,C7,303,324,-125.063430245,400,0.312658576
2020-01-01T20:00:00+00:00,C8,304,309,-70.22249717,175,0.401271412
2020-01-01T20:00:00+00:00,C9,305,310,-43.80279206,175,0.250301669
2020-01-01T20:00:00+00:00,CA-1,325,121,-259.817463847,500,0.519634928
2020-01-01T20:00:00+00:00,CB-1,318,223,87.109771173,500,0.174219542
2020-01-01T21:00:00+00:00,A1,101,102,5.592954747,175,0.031959741
2020-01-01T21:00:00+00:00,A10,106,110,6.354427297,175,0.036311013
2020-01-01T21:00:00+00:00,A11,107,108,-81.933798728,175,0.468193136
2020-01-01T21:00:00+00:00,A12-1,108,109,-77.629215543,175,0.443595517
2020-01-01T21:00:00+00:00,A13-2,108,110,-71.359259105,175,0.407767195
2020-01-01T21:00:00+00:00,A14,109,111,-35.673638455,400,0.089184096
2020-01-01T21:00:00+00:00,A15,109,112,-25.373640584,400,0.063434101
2020-01-01T21:00:00+00:00,A16,110,111,-48.3348113,400,0.120837028
2020-01-01T21:00:00+00:00,A17,110,112,-37.882596712,400,0.094706492
2020-01-01T21:00:00+00:00,A18,111,113,14.677028254,500,0.029354057
2020-01-01T21:00:00+00:00,A19,111,114,-98.685478009,500,0.197370956
2020-01-01T21:00:00+00:00,A2,101,103,20.962026171,175,0.119783007
2020-01-01T21:00:00+00:00,A20,112,113,-3.888717908,500,0.007777436
2020-01-01T21:00:00+00:00,A21,112,123,-59.367519387,500,0.118735039
2020-01-01T21:00:00+00:00,A22,113,123,-64.045872655,500,0.128091745
2020-01-01T21:00:00+00:00,A23,114,116,-174.759203906,500,0.349518408
2020-01-01T21:00:00+00:00,A24,115,116,188.064628752,500,0.376129258
2020-01-01T21:00:00+00:00,A25-1,115,121,-146.171917296,500,0.292343835
2020-01-01T21:00:00+00:00,A25-2,115,121,-146.171917296,500,0.292343835
2020-01-01T21:00:00+00:00,A26,115,124,103.973169194,500,0.207946338
2020-01-01T21:00:00+00:00,A27,116,117,-254.435026956,500,0.508870054
2020-01-01T21:00:00+00:00,A28,116,119,228.52719103,500,0.457054382
2020-01-01T21:00:00+00:00,A29,117,118,-75.802588023,500,0.151605176
2020-01-01T21:00:00+00:00,A3,101,105,83.094697448,175,0.474826843
2020-01-01T21:00:00+00:00,A30,117,122,-178.632438933,500,0.357264878
2020-01-01T21:00:00+00:00,A31-1,118,121,-103.191373197,500,0.206382746
2020-01-01T21:00:00+00:00,A31-2,118,121,-103.191373197,500,0.206382746
2020-01-01T21:00:00+00:00,A32-1,119,120,78.775594516,500,0.157551189
2020-01-01T21:00:00+00:00,A32-2,119,120,78.775594516,500,0.157551189
2020-01-01T21:00:00+00:00,A33-1,120,123,53.679107622,500,0.107358215
2020-01-01T21:00:00+00:00,A33-2,120,123,53.679107622,500,0.107358215
2020-01-01T21:00:00+00:00,A34,121,122,-220.767561067,500,0.441535122
2020-01-01T21:00:00+00:00,A4,102,104,59.871629851,175,0.342123599
2020-01-01T21:00:00+00:00,A5,102,106,59.684461947,175,0.341054068
2020-01-01T21:00:00+00:00,A6,103,109,54.351325976,175,0.310579006
2020-01-01T21:00:00+00:00,A7,103,124,-103.973169194,400,0.259932923
2020-01-01T21:00:00+00:00,A8,104,109,30.85381688,175,0.176307525
2020-01-01T21:00:00+00:00,A9,105,110,55.2532823,175,0.315733042
2020-01-01T21:00:00+00:00,AB1,107,203,32.917222763,175,0.188098416
2020-01-01T21:00:00+00:00,AB2,113,215,70.919041955,500,0.141838084
2020-01-01T21:00:00+00:00,AB3,123,217,107.944823202,500,0.215889646
2020-01-01T21:00:00+00:00,B1,201,202,-5.221565005,175,0.029837514
2020-01-01T21:00:00+00:00,B10,206,210,-49.523525699,175,0.282991575
2020-01-01T21:00:00+00:00,B11,207,208,-56.882575175,175,0.325043287
2020-01-01T21:00:00+00:00,B12-1,208,209,-171.191463372,175,0.978236934
2020-01-01T21:00:00+00:00,B13-2,208,210,-152.402307977,175,0.870870331
2020-01-01T21:00:00+00:00,B14,209,211,-100.047390143,400,0.250118475
2020-01-01T21:00:00+00:00,B15,209,212,-134.462344903,400,0.336155862
2020-01-01T21:00:00+00:00,B16,210,211,-137.8877649,400,0.344719412
2020-01-01T21:00:00+00:00,B17,210,212,-172.811315051,400,0.432028288
2020-01-01T21:00:00+00:00,B18,211,213,-105.660716714,500,0.211321433
2020-01-01T21:00:00+00:00,B19,211,214,-132.274438329,500,0.264548877
2020-01-01T21:00:00+00:00,B2,201,203,-46.897853644,175,0.267987735
2020-01-01T21:00:00+00:00,B20,212,213,-43.627760759,500,0.087255522
2020-01-01T21:00:00+00:00,B21,212,223,-263.645899195,500,0.527291798
2020-01-01T21:00:00+00:00,B22,213,223,-269.879536845,500,0.539759074
2020-01-01T21:00:00+00:00,B23,214,216,-220.556195002,500,0.44111239
2020-01-01T21:00:00+00:00,B24,215,216,-57.629663021,500,0.115259326
2020-01-01T21:00:00+00:00,B25-1,215,221,-67.374677824,500,0.134749356
2020-01-01T21:00:00+00:00,B25-2,215,221,-67.374677824,500,0.134749356
2020-01-01T21:00:00+00:00,B26,215,224,146.943849979,500,0.2938877
2020-01-01T21:00:00+00:00,B27,216,217,-73.972995356,500,0.147945991
2020-01-01T21:00:00+00:00,B28,216,219,-125.718922807,500,0.251437846
2020-01-01T21:00:00+00:00,B29,217,218,58.207417804,500,0.116414836
2020-01-01T21:00:00+00:00,B3,201,205,12.272873697,175,0.070130707
2020-01-01T21:00:00+00:00,B30,217,222,-24.235589958,500,0.04847118
2020-01-01T21:00:00+00:00,B31-1,218,221,-46.663881232,500,0.093327762
2020-01-01T21:00:00+00:00,B31-2,218,221,-46.663881232,500,0.093327762
2020-01-01T21:00:00+00:00,B32-1,219,220,-104.042445831,500,0.208084892
2020-01-01T21:00:00+00:00,B32-2,219,220,-104.042445831,500,0.208084892
2020-01-01T21:00:00+00:00,B33-1,220,223,-133.16632432,500,0.266332649
2020-01-01T21:00:00+00:00,B33-2,220,223,-133.16632432,500,0.266332649
2020-01-01T21:00:00+00:00,B34,221,222,-31.564410042,500,0.06312882
2020-01-01T21:00:00+00:00,B4,202,204,-1.060492769,175,0.006059959
2020-01-01T21:00:00+00:00,B5,202,206,12.364716092,175,0.070655521
2020-01-01T21:00:00+00:00,B6,203,209,51.052310845,175,0.291727491
2020-01-01T21:00:00+00:00,B7,203,224,-146.943849979,400,0.367359625
2020-01-01T21:00:00+00:00,B8,204,209,-34.734977273,175,0.198485584
2020-01-01T21:00:00+00:00,B9,205,210,-20.036429003,175,0.11449388
2020-01-01T21:00:00+00:00,C1,301,302,47.158088369,175,0.269474791
2020-01-01T21:00:00+00:00,C10,306,310,-65.477312779,175,0.374156073
2020-01-01T21:00:00+00:00,C11,307,308,-70.250711798,175,0.401432639
2020-01-01T21:00:00+00:00,C12-1,308,309,-103.372549454,175,0.590700283
2020-01-01T21:00:00+00:00,C13-2,308,310,-62.981136084,175,0.359892206
2020-01-01T21:00:00+00:00,C14,309,311,-54.919277367,400,0.137298193
2020-01-01T21:00:00+00:00,C15,309,312,-51.933339058,400,0.129833348
2020-01-01T21:00:00+00:00,C16,310,311,-133.89865217,400,0.33474663
2020-01-01T21:00:00+00:00,C17,310,312,-130.868586693,400,0.327171467
2020-01-01T21:00:00+00:00,C18,311,313,-74.235378818,500,0.148470758
2020-01-01T21:00:00+00:00,C19,311,314,-114.582550719,500,0.229165101
2020-01-01T21:00:00+00:00,C2,301,303,-121.03942807,175,0.691653875
2020-01-01T21:00:00+00:00,C20,312,313,-79.617532621,500,0.159235065
2020-01-01T21:00:00+00:00,C21,312,323,-103.18439313,500,0.206368786
2020-01-01T21:00:00+00:00,C22,313,323,-71.117753652,500,0.142235507
2020-01-01T21:00:00+00:00,C23,314,316,-223.611655429,500,0.447223311
2020-01-01T21:00:00+00:00,C24,315,316,51.045108449,500,0.102090217
2020-01-01T21:00:00+00:00,C25-1,315,321,-136.386321602,500,0.272772643
2020-01-01T21:00:00+00:00,C25-2,315,321,-136.386321602,500,0.272772643
2020-01-01T21:00:00+00:00,C26,315,324,43.571729634,500,0.087143459
2020-01-01T21:00:00+00:00,C27,316,317,-430.688042686,500,0.861376085
2020-01-01T21:00:00+00:00,C28,316,319,225.920926266,500,0.451841853
2020-01-01T21:00:00+00:00,C29,317,318,326.232231836,500,0.652464464
2020-01-01T21:00:00+00:00,C3,301,305,13.184724707,175,0.075341284
2020-01-01T21:00:00+00:00,C30,317,322,-37.720274522,500,0.075440549
2020-01-01T21:00:00+00:00,C31-1,318,321,-35.386874538,500,0.070773749
2020-01-01T21:00:00+00:00,C31-2,318,321,-35.386874538,500,0.070773749
2020-01-01T21:00:00+00:00,C32-1,319,320,62.098947791,500,0.124197896
2020-01-01T21:00:00+00:00,C32-2,319,320,62.098947791,500,0.124197896
2020-01-01T21:00:00+00:00,C33-1,320,323,26.130583351,500,0.052261167
2020-01-01T21:00:00+00:00,C33-2,320,323,26.130583351,500,0.052261167
2020-01-01T21:00:00+00:00,C34,321,322,-111.879725478,500,0.223759451
2020-01-01T21:00:00+00:00,C35,323,325,-122.040980081,722,0.169031828
2020-01-01T21:00:00+00:00,C4,302,304,-18.311925643,175,0.104639575
2020-01-01T21:00:00+00:00,C5,302,306,10.955461657,175,0.062602638
2020-01-01T21:00:00+00:00,C6,303,309,148.271276575,175,0.847264438
2020-01-01T21:00:00+00:00,C7,303,324,-43.571729634,400,0.108929324
2020-01-01T21:00:00+00:00,C8,304,309,-59.900347028,175,0.342287697
2020-01-01T21:00:00+00:00,C9,305,310,-26.717679594,175,0.152672455
2020-01-01T21:00:00+00:00,CA-1,325,121,-122.040980081,500,0.24408196
2020-01-01T21:00:00+00:00,CB-1,318,223,209.858084681,500,0.419716169
2020-01-01T22:00:00+00:00,A1,101,102,22.432422859,175,0.128185273
2020-01-01T22:00:00+00:00,A10,106,110,6.685044459,175,0.038200254
2020-01-01T22:00:00+00:00,A11,107,108,-98.227905377,175,0.561302316
2020-01-01T22:00:00+00:00,A12-1,108,109,-84.068070057,175,0.480388972
2020-01-01T22:00:00+00:00,A13-2,108,110,-76.03205204,175,0.434468869
2020-01-01T22:00:00+00:00,A14,109,111,-36.804880287,400,0.092012201
2020-01-01T22:00:00+00:00,A15,109,112,-17.608157802,400,0.044020395
2020-01-01T22:00:00+00:00,A16,110,111,-52.90055378,400,0.132251384
2020-01-01T22:00:00+00:00,A17,110,112,-33.420135888,400,0.08355034
2020-01-01T22:00:00+00:00,A18,111,113,40.245416237,500,0.080490832
2020-01-01T22:00:00+00:00,A19,111,114,-129.950850304,500,0.259901701
2020-01-01T22:00:00+00:00,A2,101,103,11.218399268,175,0.064105139
2020-01-01T22:00:00+00:00,A20,112,113,5.643323958,500,0.011286648
2020-01-01T22:00:00+00:00,A21,112,123,-56.671617649,500,0.113343235
2020-01-01T22:00:00+00:00,A22,113,123,-66.299154735,500,0.132598309
2020-01-01T22:00:00+00:00,A23,114,116,-200.145061086,500,0.400290122
2020-01-01T22:00:00+00:00,A24,115,116,215.314046068,500,0.430628092
2020-01-01T22:00:00+00:00,A25-1,115,121,-162.568016601,500,0.325136033
2020-01-01T22:00:00+00:00,A25-2,115,121,-162.568016601,500,0.325136033
2020-01-01T22:00:00+00:00,A26,115,124,119.123199414,500,0.238246399
2020-01-01T22:00:00+00:00,A27,116,117,-316.752548386,500,0.633505097
2020-01-01T22:00:00+00:00,A28,116,119,295.738950491,500,0.591477901
2020-01-01T22:00:00+00:00,A29,117,118,-67.56523429,500,0.135130469
2020-01-01T22:00:00+00:00,A3,101,105,79.271988366,175,0.452982791
2020-01-01T22:00:00+00:00,A30,117,122,-249.187314096,500,0.498374628
2020-01-01T22:00:00+00:00,A31-1,118,121,-94.026617636,500,0.188053235
2020-01-01T22:00:00+00:00,A31-2,118,121,-94.026617636,500,0.188053235
2020-01-01T22:00:00+00:00,A32-1,119,120,115.124237741,500,0.230248475
2020-01-01T22:00:00+00:00,A32-2,119,120,115.124237741,500,0.230248475
2020-01-01T22:00:00+00:00,A33-1,120,123,91.9673847,500,0.183934769
2020-01-01T22:00:00+00:00,A33-2,120,123,91.9673847,500,0.183934769
2020-01-01T22:00:00+00:00,A34,121,122,-334.912685904,500,0.669825372
2020-01-01T22:00:00+00:00,A4,102,104,54.536713829,175,0.311638365
2020-01-01T22:00:00+00:00,A5,102,106,55.893357172,175,0.319390612
2020-01-01T22:00:00+00:00,A6,103,109,65.212949503,175,0.372645426
2020-01-01T22:00:00+00:00,A7,103,124,-119.123199414,400,0.297807999
2020-01-01T22:00:00+00:00,A8,104,109,27.7616025,175,0.158637729
2020-01-01T22:00:00+00:00,A9,105,110,53.582354523,175,0.306184883
2020-01-01T22:00:00+00:00,AB1,107,203,52.999676781,175,0.302855296
2020-01-01T22:00:00+00:00,AB2,113,215,116.304050306,500,0.232608101
2020-01-01T22:00:00+00:00,AB3,123,217,153.963997017,500,0.307927994
2020-01-01T22:00:00+00:00,B1,201,202,28.500224574,175,0.162858426
2020-01-01T22:00:00+00:00,B10,206,210,-55.748789473,175,0.318564511
2020-01-01T22:00:00+00:00,B11,207,208,-53.104832368,175,0.303456185
2020-01-01T22:00:00+00:00,B12-1,208,209,-167.299251951,175,0.955995725
2020-01-01T22:00:00+00:00,B13-2,208,210,-145.098824431,175,0.82913614
2020-01-01T22:00:00+00:00,B14,209,211,-99.47563417,400,0.248689085
2020-01-01T22:00:00+00:00,B15,209,212,-124.891502456,400,0.312228756
2020-01-01T22:00:00+00:00,B16,210,211,-143.909247117,400,0.359773118
2020-01-01T22:00:00+00:00,B17,210,212,-169.700719367,400,0.424251798
2020-01-01T22:00:00+00:00,B18,211,213,-92.191843368,500,0.184383687
2020-01-01T22:00:00+00:00,B19,211,214,-151.19303792,500,0.302386076
2020-01-01T22:00:00+00:00,B2,201,203,-65.52753044,175,0.374443031
2020-01-01T22:00:00+00:00,B20,212,213,-46.379740784,500,0.092759482
2020-01-01T22:00:00+00:00,B21,212,223,-248.212481039,500,0.496424962
2020-01-01T22:00:00+00:00,B22,213,223,-251.153828772,500,0.502307658
2020-01-01T22:00:00+00:00,B23,214,216,-233.611737756,500,0.467223476
2020-01-01T22:00:00+00:00,B24,215,216,-15.458288083,500,0.030916576
2020-01-01T22:00:00+00:00,B25-1,215,221,-64.032831829,500,0.128065664
2020-01-01T22:00:00+00:00,B25-2,215,221,-64.032831829,500,0.128065664
2020-01-01T22:00:00+00:00,B26,215,224,152.454147161,500,0.304908294
2020-01-01T22:00:00+00:00,B27,216,217,-109.027059929,500,0.21805412
2020-01-01T22:00:00+00:00,B28,216,219,-58.526831804,500,0.117053664
2020-01-01T22:00:00+00:00,B29,217,218,66.630083354,500,0.133260167
2020-01-01T22:00:00+00:00,B3,201,205,0.244730699,175,0.001398461
2020-01-01T22:00:00+00:00,B30,217,222,-21.693146266,500,0.043386293
2020-01-01T22:00:00+00:00,B31-1,218,221,-37.420595038,500,0.07484119
2020-01-01T22:00:00+00:00,B31-2,218,221,-37.420595038,500,0.07484119
2020-01-01T22:00:00+00:00,B32-1,219,220,-67.711314537,500,0.135422629
2020-01-01T22:00:00+00:00,B32-2,219,220,-67.711314537,500,0.135422629
2020-01-01T22:00:00+00:00,B33-1,220,223,-94.90098871,500,0.189801977
2020-01-01T22:00:00+00:00,B33-2,220,223,-94.90098871,500,0.189801977
2020-01-01T22:00:00+00:00,B34,221,222,-32.906853734,500,0.065813707
2020-01-01T22:00:00+00:00,B4,202,204,-14.738393488,175,0.084219391
2020-01-01T22:00:00+00:00,B5,202,206,2.029268144,175,0.011595818
2020-01-01T22:00:00+00:00,B6,203,209,63.455334891,175,0.362601914
2020-01-01T22:00:00+00:00,B7,203,224,-152.454147161,400,0.381135368
2020-01-01T22:00:00+00:00,B8,204,209,-46.17645425,175,0.263865453
2020-01-01T22:00:00+00:00,B9,205,210,-29.918814086,175,0.170964652
2020-01-01T22:00:00+00:00,C1,301,302,37.758449085,175,0.215762566
2020-01-01T22:00:00+00:00,C10,306,310,-63.87367495,175,0.364992428
2020-01-01T22:00:00+00:00,C11,307,308,-64.259727939,175,0.367198445
2020-01-01T22:00:00+00:00,C12-1,308,309,-92.48380072,175,0.528478861
2020-01-01T22:00:00+00:00,C13-2,308,310,-59.683235039,175,0.341047057
2020-01-01T22:00:00+00:00,C14,309,311,-59.825772081,400,0.14956443
2020-01-01T22:00:00+00:00,C15,309,312,-65.859127567,400,0.164647819
2020-01-01T22:00:00+00:00,C16,310,311,-124.187416583,400,0.310468541
2020-01-01T22:00:00+00:00,C17,310,312,-130.309934959,400,0.325774837
2020-01-01T22:00:00+00:00,C18,311,313,-93.587346248,500,0.187174692
2020-01-01T22:00:00+00:00,C19,311,314,-90.425842416,500,0.180851685
2020-01-01T22:00:00+00:00,C2,301,303,-99.083113524,175,0.56618922
2020-01-01T22:00:00+00:00,C20,312,313,-82.712222983,500,0.165424446
2020-01-01T22:00:00+00:00,C21,312,323,-113.456839543,500,0.226913679
2020-01-01T22:00:00+00:00,C22,313,323,-80.86352566,500,0.161727051
2020-01-01T22:00:00+00:00,C23,314,316,-190.156940177,500,0.38031388
2020-01-01T22:00:00+00:00,C24,315,316,-30.266541495,500,0.060533083
2020-01-01T22:00:00+00:00,C25-1,315,321,-89.63276914,500,0.179265538
2020-01-01T22:00:00+00:00,C25-2,315,321,-89.63276914,500,0.179265538
2020-01-01T22:00:00+00:00,C26,315,324,46.569409724,500,0.093138819
2020-01-01T22:00:00+00:00,C27,316,317,-379.278259261,500,0.758556519
2020-01-01T22:00:00+00:00,C28,316,319,131.446995237,500,0.26289399
2020-01-01T22:00:00+00:00,C29,317,318,385.495958899,500,0.770991918
2020-01-01T22:00:00+00:00,C3,301,305,5.8042595,175,0.033167197
2020-01-01T22:00:00+00:00,C30,317,322,-29.87421816,500,0.059748436
2020-01-01T22:00:00+00:00,C31-1,318,321,22.56987822,500,0.045139756
2020-01-01T22:00:00+00:00,C31-2,318,321,22.56987822,500,0.045139756
2020-01-01T22:00:00+00:00,C32-1,319,320,19.199454591,500,0.038398909
2020-01-01T22:00:00+00:00,C32-2,319,320,19.199454591,500,0.038398909
2020-01-01T22:00:00+00:00,C33-1,320,323,-13.701526114,500,0.027403052
2020-01-01T22:00:00+00:00,C33-2,320,323,-13.701526114,500,0.027403052
2020-01-01T22:00:00+00:00,C34,321,322,-134.12578184,500,0.268251564
2020-01-01T22:00:00+00:00,C35,323,325,-221.72341743,722,0.307096146
2020-01-01T22:00:00+00:00,C4,302,304,-18.148008843,175,0.103702908
2020-01-01T22:00:00+00:00,C5,302,306,6.040909047,175,0.03451948
2020-01-01T22:00:00+00:00,C6,303,309,111.652287969,175,0.638013074
2020-01-01T22:00:00+00:00,C7,303,324,-46.569409724,400,0.116423524
2020-01-01T22:00:00+00:00,C8,304,309,-56.189767782,175,0.321084387
2020-01-01T22:00:00+00:00,C9,305,310,-30.695265969,175,0.17540152
2020-01-01T22:00:00+00:00,CA-1,325,121,-221.72341743,500,0.443446835
2020-01-01T22:00:00+00:00,CB-1,318,223,169.16828723,500,0.338336574
2020-01-01T23:00:00+00:00,A1,101,102,7.152603879,175,0.040872022
2020-01-01T23:00:00+00:00,A10,106,110,15.189690344,175,0.086798231
2020-01-01T23:00:00+00:00,A11,107,108,-101.104393424,175,0.577739391
2020-01-01T23:00:00+00:00,A12-1,108,109,-83.49153441,175,0.477094482
2020-01-01T23:00:00+00:00,A13-2,108,110,-77.073645753,175,0.440420833
2020-01-01T23:00:00+00:00,A14,109,111,-30.196550414,400,0.075491376
2020-01-01T23:00:00+00:00,A15,109,112,-10.899005688,400,0.027247514
2020-01-01T23:00:00+00:00,A16,110,111,-43.063067913,400,0.10765767
2020-01-01T23:00:00+00:00,A17,110,112,-23.480337796,400,0.058700844
2020-01-01T23:00:00+00:00,A18,111,113,52.143478318,500,0.104286957
2020-01-01T23:00:00+00:00,A19,111,114,-125.403096645,500,0.250806193
2020-01-01T23:00:00+00:00,A2,101,103,19.458108176,175,0.11118919
2020-01-01T23:00:00+00:00,A20,112,113,17.359653948,500,0.034719308
2020-01-01T23:00:00+00:00,A21,112,123,-51.738997432,500,0.103477995
2020-01-01T23:00:00+00:00,A22,113,123,-67.26374874,500,0.134527497
2020-01-01T23:00:00+00:00,A23,114,116,-192.861533061,500,0.385723066
2020-01-01T23:00:00+00:00,A24,115,116,210.843537593,500,0.421687075
2020-01-01T23:00:00+00:00,A25-1,115,121,-153.120095681,500,0.306240191
2020-01-01T23:00:00+00:00,A25-2,115,121,-153.120095681,500,0.306240191
2020-01-01T23:00:00+00:00,A26,115,124,109.16817777,500,0.218336356
2020-01-01T23:00:00+00:00,A27,116,117,-308.223262708,500,0.616446525
2020-01-01T23:00:00+00:00,A28,116,119,291.432877334,500,0.582865755
2020-01-01T23:00:00+00:00,A29,117,118,-58.078638447,500,0.116157277
2020-01-01T23:00:00+00:00,A3,101,105,87.835106848,175,0.501914896
2020-01-01T23:00:00+00:00,A30,117,122,-250.144624261,500,0.500289249
2020-01-01T23:00:00+00:00,A31-1,118,121,-86.935348416,500,0.173870697
2020-01-01T23:00:00+00:00,A31-2,118,121,-86.935348416,500,0.173870697
2020-01-01T23:00:00+00:00,A32-1,119,120,114.247425803,500,0.228494852
2020-01-01T23:00:00+00:00,A32-2,119,120,114.247425803,500,0.228494852
2020-01-01T23:00:00+00:00,A33-1,120,123,91.993096263,500,0.183986193
2020-01-01T23:00:00+00:00,A33-2,120,123,91.993096263,500,0.183986193
2020-01-01T23:00:00+00:00,A34,121,122,-341.055375739,500,0.682110751
2020-01-01T23:00:00+00:00,A4,102,104,62.943245055,175,0.359675686
2020-01-01T23:00:00+00:00,A5,102,106,62.480140615,175,0.357029375
2020-01-01T23:00:00+00:00,A6,103,109,66.035984117,175,0.377348481
2020-01-01T23:00:00+00:00,A7,103,124,-109.16817777,400,0.272920444
2020-01-01T23:00:00+00:00,A8,104,109,37.211676525,175,0.212638152
2020-01-01T23:00:00+00:00,A9,105,110,63.146710015,175,0.360838343
2020-01-01T23:00:00+00:00,AB1,107,203,57.638906043,175,0.329365177
2020-01-01T23:00:00+00:00,AB2,113,215,144.620047758,500,0.289240096
2020-01-01T23:00:00+00:00,AB3,123,217,188.983446354,500,0.377966893
2020-01-01T23:00:00+00:00,B1,201,202,27.008228921,175,0.154332737
2020-01-01T23:00:00+00:00,B10,206,210,-52.361204434,175,0.299206882
2020-01-01T23:00:00+00:00,B11,207,208,-49.937037632,175,0.285354501
2020-01-01T23:00:00+00:00,B12-1,208,209,-161.008896589,175,0.920050838
2020-01-01T23:00:00+00:00,B13-2,208,210,-140.242008523,175,0.801382906
2020-01-01T23:00:00+00:00,B14,209,211,-93.762088286,400,0.234405221
2020-01-01T23:00:00+00:00,B15,209,212,-121.213880548,400,0.303034701
2020-01-01T23:00:00+00:00,B16,210,211,-135.336997529,400,0.338342494
2020-01-01T23:00:00+00:00,B17,210,212,-163.194481303,400,0.407986203
2020-01-01T23:00:00+00:00,B18,211,213,-93.595656323,500,0.187191313
2020-01-01T23:00:00+00:00,B19,211,214,-135.503429492,500,0.271006859
2020-01-01T23:00:00+00:00,B2,201,203,-61.191579639,175,0.349666169
2020-01-01T23:00:00+00:00,B20,212,213,-44.11380077,500,0.088227602
2020-01-01T23:00:00+00:00,B21,212,223,-240.294561081,500,0.480589122
2020-01-01T23:00:00+00:00,B22,213,223,-243.575976872,500,0.487151954
2020-01-01T23:00:00+00:00,B23,214,216,-213.005711896,500,0.426011424
2020-01-01T23:00:00+00:00,B24,215,216,-49.23307057,500,0.098466141
2020-01-01T23:00:00+00:00,B25-1,215,221,-19.784964199,500,0.039569928
2020-01-01T23:00:00+00:00,B25-2,215,221,-19.784964199,500,0.039569928
2020-01-01T23:00:00+00:00,B26,215,224,134.682719292,500,0.269365439
2020-01-01T23:00:00+00:00,B27,216,217,-72.181249705,500,0.144362499
2020-01-01T23:00:00+00:00,B28,216,219,-85.576961366,500,0.171153923
2020-01-01T23:00:00+00:00,B29,217,218,128.652997538,500,0.257305995
2020-01-01T23:00:00+00:00,B3,201,205,0.337750204,175,0.001930001
2020-01-01T23:00:00+00:00,B30,217,222,-11.850800889,500,0.023701602
2020-01-01T23:00:00+00:00,B31-1,218,221,-2.189635356,500,0.004379271
2020-01-01T23:00:00+00:00,B31-2,218,221,-2.189635356,500,0.004379271
2020-01-01T23:00:00+00:00,B32-1,219,220,-78.942895928,500,0.157885792
2020-01-01T23:00:00+00:00,B32-2,219,220,-78.942895928,500,0.157885792
2020-01-01T23:00:00+00:00,B33-1,220,223,-104.510659196,500,0.209021318
2020-01-01T23:00:00+00:00,B33-2,220,223,-104.510659196,500,0.209021318
2020-01-01T23:00:00+00:00,B34,221,222,-43.949199111,500,0.087898398
2020-01-01T23:00:00+00:00,B4,202,204,-13.71320479,175,0.07836117
2020-01-01T23:00:00+00:00,B5,202,206,1.97029251,175,0.011258814
2020-01-01T23:00:00+00:00,B6,203,209,59.220711507,175,0.338404066
2020-01-01T23:00:00+00:00,B7,203,224,-134.682719292,400,0.336706798
2020-01-01T23:00:00+00:00,B8,204,209,-43.275931068,175,0.247291035
2020-01-01T23:00:00+00:00,B9,205,210,-28.026487171,175,0.160151355
2020-01-01T23:00:00+00:00,C1,301,302,26.071069995,175,0.148977543
2020-01-01T23:00:00+00:00,C10,306,310,-63.332241161,175,0.361898521
2020-01-01T23:00:00+00:00,C11,307,308,-58.071021842,175,0.331834411
2020-01-01T23:00:00+00:00,C12-1,308,309,-80.984428739,175,0.462768164
2020-01-01T23:00:00+00:00,C13-2,308,310,-56.527750983,175,0.32301572
2020-01-01T23:00:00+00:00,C14,309,311,-70.461703663,400,0.176154259
2020-01-01T23:00:00+00:00,C15,309,312,-79.704917087,400,0.199262293
2020-01-01T23:00:00+00:00,C16,310,311,-118.832963061,400,0.297082408
2020-01-01T23:00:00+00:00,C17,310,312,-128.212775698,400,0.320531939
2020-01-01T23:00:00+00:00,C18,311,313,-104.94584305,500,0.209891686
2020-01-01T23:00:00+00:00,C19,311,314,-84.348823674,500,0.168697647
2020-01-01T23:00:00+00:00,C2,301,303,-72.633820732,175,0.415050404
2020-01-01T23:00:00+00:00,C20,312,313,-88.284950853,500,0.176569902
2020-01-01T23:00:00+00:00,C21,312,323,-119.632741932,500,0.239265484
2020-01-01T23:00:00+00:00,C22,313,323,-84.674693408,500,0.169349387
2020-01-01T23:00:00+00:00,C23,314,316,-174.475049572,500,0.348950099
2020-01-01T23:00:00+00:00,C24,315,316,-66.778296914,500,0.133556594
2020-01-01T23:00:00+00:00,C25-1,315,321,-80.441131859,500,0.160882264
2020-01-01T23:00:00+00:00,C25-2,315,321,-80.441131859,500,0.160882264
2020-01-01T23:00:00+00:00,C26,315,324,80.39244924,500,0.160784898
2020-01-01T23:00:00+00:00,C27,316,317,-350.62467775,500,0.701249355
2020-01-01T23:00:00+00:00,C28,316,319,86.914513789,500,0.173829028
2020-01-01T23:00:00+00:00,C29,317,318,357.724702551,500,0.715449405
2020-01-01T23:00:00+00:00,C3,301,305,-3.610612135,175,0.020632069
2020-01-01T23:00:00+00:00,C30,317,322,20.750619699,500,0.041501239
2020-01-01T23:00:00+00:00,C31-1,318,321,50.065822009,500,0.100131644
2020-01-01T23:00:00+00:00,C31-2,318,321,50.065822009,500,0.100131644
2020-01-01T23:00:00+00:00,C32-1,319,320,1.413837081,500,0.002827674
2020-01-01T23:00:00+00:00,C32-2,319,320,1.413837081,500,0.002827674
2020-01-01T23:00:00+00:00,C33-1,320,323,-28.318526102,500,0.056637052
2020-01-01T23:00:00+00:00,C33-2,320,323,-28.318526102,500,0.056637052
2020-01-01T23:00:00+00:00,C34,321,322,-60.750619699,500,0.121501239
2020-01-01T23:00:00+00:00,C35,323,325,-260.944487545,722,0.361418958
2020-01-01T23:00:00+00:00,C4,302,304,-18.841073558,175,0.107663277
2020-01-01T23:00:00+00:00,C5,302,306,-0.150969397,175,0.000862682
2020-01-01T23:00:00+00:00,C6,303,309,65.236357056,175,0.372779183
2020-01-01T23:00:00+00:00,C7,303,324,-80.39244924,400,0.200981123
2020-01-01T23:00:00+00:00,C8,304,309,-53.219118488,175,0.304109249
2020-01-01T23:00:00+00:00,C9,305,310,-36.594952541,175,0.209114015
2020-01-01T23:00:00+00:00,CA-1,325,121,-260.944487545,500,0.521888975
2020-01-01T23:00:00+00:00,CB-1,318,223,102.891856345,500,0.205783713
