candidate_order,candidate_id,dc_bus,bus_name,power_factor_case,data_center_power_factor,hour_index,timestamp,state_order,state_id,kind,element_uid,response_mode,branch_rating,data_center_power_mw,data_center_reactive_demand_mvar,native_reactive_demand_mvar,hvdc_dc1_flow_mw,dc_flow_reconstruction_residual_mw,evaluated,converged,secure,status,min_voltage_pu,min_voltage_bus,max_voltage_pu,max_voltage_bus,max_voltage_violation_pu,max_branch_loading_fraction,max_loaded_branch_uid,max_active_power_violation_mw,max_active_power_violation_generator_uid,max_reactive_power_violation_mvar,max_reactive_power_violation_generator_uid,max_non_slack_pg_deviation_mw,reference_bus,reference_generator_uid,active_generator_count,requested_generation_mw,ac_generation_mw,slack_and_loss_adjustment_mw
1,poi_bus_120,120,Attila,unity,1,0,2020-01-01T00:00:00+00:00,0,normal,normal,,base,continuous,173.104166667,0,679.176313276,-99.999999999,0.000000002,true,true,false,constraint_violation,0.987447516,307,1.087893214,210,0.037893214,0.962994062,C6,23.995521662,115_STEAM_3,52.204987571,314_SYNC_COND_1,0,115,115_STEAM_3,100,3510.436050866,3627.431572528,116.995521662
1,poi_bus_120,120,Attila,unity,1,0,2020-01-01T00:00:00+00:00,1,branch_A11_immediate,branch,A11,fixed,short_term,173.104166667,0,679.176313276,-100,0,true,true,false,constraint_violation,0.987146125,307,1.087736966,210,0.037736966,0.806543487,A10,24.348499904,115_STEAM_3,51.787307998,314_SYNC_COND_1,0,115,115_STEAM_3,100,3510.436050866,3627.78455077,117.348499904
1,poi_bus_120,120,Attila,unity,1,0,2020-01-01T00:00:00+00:00,2,branch_A11_sustained,branch,A11,bounded,continuous,173.104166667,0,679.176313276,-99.999999999,0,true,true,false,constraint_violation,0.938351096,307,1.088271326,210,0.038271326,1.131761794,CA-1,124.656507527,115_STEAM_3,229.914823103,316_STEAM_1,0,115,115_STEAM_3,100,3510.436050867,3635.092558394,124.656507527
1,poi_bus_120,120,Attila,unity,1,0,2020-01-01T00:00:00+00:00,3,branch_A12-1_immediate,branch,A12-1,fixed,short_term,173.104166667,0,679.176313276,-100,0.000000001,true,true,false,constraint_violation,0.987331651,307,1.087737429,210,0.037737429,0.800914631,A10,25.605015369,115_STEAM_3,52.045364927,314_SYNC_COND_1,0,115,115_STEAM_3,100,3510.436050866,3629.041066235,118.605015369
1,poi_bus_120,120,Attila,unity,1,0,2020-01-01T00:00:00+00:00,4,branch_A12-1_sustained,branch,A12-1,bounded,continuous,173.104166667,0,679.176313276,-100,0.000000001,true,true,false,constraint_violation,0.973239679,307,1.085563437,210,0.035563437,1.004289076,C6,84.99438191,115_STEAM_3,81.231677896,316_STEAM_1,0,115,115_STEAM_3,100,3510.436050867,3595.430432777,84.99438191
1,poi_bus_120,120,Attila,unity,1,0,2020-01-01T00:00:00+00:00,5,branch_A34_immediate,branch,A34,fixed,short_term,173.104166667,0,679.176313276,-100,0.000000001,true,true,false,constraint_violation,0.987659007,307,1.087926153,210,0.037926153,1.022040993,A30,56.806893216,115_STEAM_3,118.851941426,116_STEAM_1,0,115,115_STEAM_3,100,3510.436050866,3660.242944082,149.806893216
1,poi_bus_120,120,Attila,unity,1,0,2020-01-01T00:00:00+00:00,6,branch_A34_sustained,branch,A34,bounded,continuous,173.104166667,0,679.176313276,88.763895844,0.000000001,true,true,false,constraint_violation,0.951534311,307,1.08552166,210,0.03552166,1.125030357,CA-1,151.199033264,115_STEAM_3,182.353380818,316_STEAM_1,0,115,115_STEAM_3,100,3510.436050867,3661.635084131,151.199033264
1,poi_bus_120,120,Attila,unity,1,0,2020-01-01T00:00:00+00:00,7,branch_B12-1_immediate,branch,B12-1,fixed,short_term,173.104166667,0,679.176313276,-100,0.000000001,true,true,false,constraint_violation,0.959864506,207,1.076572941,210,0.026572941,0.802419583,A10,27.986640731,115_STEAM_3,52.160695799,314_SYNC_COND_1,0,115,115_STEAM_3,100,3510.436050866,3631.422691597,120.986640731
1,poi_bus_120,120,Attila,unity,1,0,2020-01-01T00:00:00+00:00,8,branch_B12-1_sustained,branch,B12-1,bounded,continuous,173.104166667,0,679.176313276,-100,0.000000001,true,true,false,constraint_violation,0.956291499,207,1.073601555,210,0.023601555,1.011416777,C6,73.782571834,115_STEAM_3,33.134585535,316_STEAM_1,0,115,115_STEAM_3,100,3510.436050866,3584.2186227,73.782571834
1,poi_bus_120,120,Attila,unity,1,0,2020-01-01T00:00:00+00:00,9,branch_B22_immediate,branch,B22,fixed,short_term,173.104166667,0,679.176313276,-100,0.000000001,true,true,false,constraint_violation,0.987672354,307,1.082113203,210,0.032113203,0.800670906,A10,30.367575478,115_STEAM_3,52.510238098,314_SYNC_COND_1,0,115,115_STEAM_3,100,3510.436050866,3633.803626344,123.367575478
1,poi_bus_120,120,Attila,unity,1,0,2020-01-01T00:00:00+00:00,10,branch_B22_sustained,branch,B22,bounded,continuous,173.104166667,0,679.176313276,-100,0.000000001,true,true,false,constraint_violation,0.954661191,307,1.082811718,210,0.032811718,1.132094762,CA-1,132.708478248,115_STEAM_3,181.394299099,316_STEAM_1,0,115,115_STEAM_3,100,3510.436050867,3643.144529115,132.708478248
1,poi_bus_120,120,Attila,unity,1,0,2020-01-01T00:00:00+00:00,11,branch_B6_immediate,branch,B6,fixed,short_term,173.104166667,0,679.176313276,-100,0,true,true,false,constraint_violation,0.987392301,307,1.08945946,210,0.03945946,0.800613182,A10,23.883647131,115_STEAM_3,52.129086095,314_SYNC_COND_1,0,115,115_STEAM_3,100,3510.436050866,3627.319697997,116.883647131
1,poi_bus_120,120,Attila,unity,1,0,2020-01-01T00:00:00+00:00,12,branch_B6_sustained,branch,B6,bounded,continuous,173.104166667,0,679.176313276,91.930363323,0.000000001,true,true,false,constraint_violation,0.963930613,307,1.087013144,210,0.037013144,1.11793121,CA-1,122.884796271,115_STEAM_3,174.827129978,316_STEAM_1,0,115,115_STEAM_3,100,3510.436050867,3633.320847138,122.884796271
1,poi_bus_120,120,Attila,unity,1,0,2020-01-01T00:00:00+00:00,13,branch_C12-1_immediate,branch,C12-1,fixed,short_term,173.104166667,0,679.176313276,-100,0.000000001,true,true,false,constraint_violation,0.880864603,307,1.087899821,210,0.069135397,0.802328881,A10,31.425692267,115_STEAM_3,45.862222656,316_STEAM_1,0,115,115_STEAM_3,100,3510.436050866,3634.861743133,124.425692267
1,poi_bus_120,120,Attila,unity,1,0,2020-01-01T00:00:00+00:00,14,branch_C12-1_sustained,branch,C12-1,bounded,continuous,173.104166667,0,679.176313276,100,0,true,true,false,constraint_violation,0.873158177,307,1.085092828,210,0.076841823,1.007630944,C6,75.312545263,115_STEAM_3,24.827669228,316_STEAM_1,0,115,115_STEAM_3,100,3510.436050867,3585.74859613,75.312545263
1,poi_bus_120,120,Attila,unity,1,0,2020-01-01T00:00:00+00:00,15,branch_C27_immediate,branch,C27,fixed,short_term,173.104166667,0,679.176313276,-100,0,true,true,false,constraint_violation,0.982684776,307,1.087807655,210,0.037807655,0.99971913,C29,33.176362377,115_STEAM_3,76.948586375,316_STEAM_1,0,115,115_STEAM_3,100,3510.436050866,3636.612413243,126.176362377
1,poi_bus_120,120,Attila,unity,1,0,2020-01-01T00:00:00+00:00,16,branch_C27_sustained,branch,C27,bounded,continuous,173.104166667,0,679.176313276,-100,0,true,true,false,constraint_violation,0.939813284,307,1.088160412,210,0.038160412,1.051899051,CA-1,33.83032909,216_STEAM_1,275.755430877,316_STEAM_1,0,216,216_STEAM_1,100,3510.436050867,3637.266379957,126.83032909
1,poi_bus_120,120,Attila,unity,1,0,2020-01-01T00:00:00+00:00,17,branch_C6_immediate,branch,C6,fixed,short_term,173.104166667,0,679.176313276,-100,0.000000002,true,true,false,constraint_violation,0.970274345,307,1.087880854,210,0.037880854,0.909058173,C2,34.312141108,115_STEAM_3,81.200350641,316_STEAM_1,0,115,115_STEAM_3,100,3510.436050866,3637.748191974,127.312141108
1,poi_bus_120,120,Attila,unity,1,0,2020-01-01T00:00:00+00:00,18,branch_C6_sustained,branch,C6,bounded,continuous,173.104166667,0,679.176313276,-100,0.000000001,true,true,false,constraint_violation,0.955185581,307,1.085599203,210,0.035599203,0.937197748,A10,86.588737836,115_STEAM_3,172.434449611,316_STEAM_1,0,115,115_STEAM_3,100,3510.436050867,3597.024788703,86.588737836
1,poi_bus_120,120,Attila,unity,1,0,2020-01-01T00:00:00+00:00,19,branch_CA-1_immediate,branch,CA-1,fixed,short_term,173.104166667,0,679.176313276,-100,0,true,true,false,constraint_violation,0.98207792,307,1.088043516,210,0.038043516,0.847499701,A28,48.559064057,115_STEAM_3,85.033182335,116_STEAM_1,0,115,115_STEAM_3,100,3510.436050866,3651.995114923,141.559064057
1,poi_bus_120,120,Attila,unity,1,0,2020-01-01T00:00:00+00:00,20,branch_CA-1_sustained,branch,CA-1,bounded,continuous,173.104166667,0,679.176313276,100,0,true,true,false,constraint_violation,0.956032159,307,1.084428237,210,0.034428237,1.21911233,CB-1,174.470396211,115_STEAM_3,347.917388811,316_STEAM_1,0,115,115_STEAM_3,100,3510.436050867,3684.906447078,174.470396211
1,poi_bus_120,120,Attila,unity,1,0,2020-01-01T00:00:00+00:00,21,generator_121_NUCLEAR_1_sustained,generator,121_NUCLEAR_1,bounded,continuous,173.104166667,0,679.176313276,-99.999999999,0,true,true,false,constraint_violation,0.928071996,307,1.085577711,210,0.035577711,1.112034133,CA-1,150.85967317,115_STEAM_3,291.157610804,316_STEAM_1,0,115,115_STEAM_3,99,3510.436050867,3661.295724037,150.85967317
1,poi_bus_120,120,Attila,unity,1,0,2020-01-01T00:00:00+00:00,22,generator_213_CC_3_sustained,generator,213_CC_3,bounded,continuous,173.104166667,0,679.176313276,100,0.000000001,true,true,false,constraint_violation,0.964850186,307,1.085664031,210,0.035664031,1.114020459,CA-1,124.791536232,115_STEAM_3,167.773375497,316_STEAM_1,0,115,115_STEAM_3,100,3510.436050867,3635.227587099,124.791536232
1,poi_bus_120,120,Attila,unity,1,0,2020-01-01T00:00:00+00:00,23,generator_313_CC_1_sustained,generator,313_CC_1,bounded,continuous,173.104166667,0,679.176313276,100.000000001,0,true,true,false,constraint_violation,0.955320315,307,1.085392486,210,0.035392486,1.115518688,CA-1,145.113738773,115_STEAM_3,149.92423843,316_STEAM_1,0,115,115_STEAM_3,100,3510.436050866,3655.549789639,145.113738773
1,poi_bus_120,120,Attila,unity,1,1,2020-01-01T01:00:00+00:00,0,normal,normal,,base,continuous,175.875,0,663.651430585,-99.999999999,0,true,true,false,constraint_violation,0.998191938,307,1.088740662,210,0.038740662,1.001836645,C6,23.718993389,115_STEAM_3,63.396607837,314_SYNC_COND_1,0,115,115_STEAM_3,100,3436.9208227,3553.639816089,116.718993389
1,poi_bus_120,120,Attila,unity,1,1,2020-01-01T01:00:00+00:00,1,branch_A11_immediate,branch,A11,fixed,short_term,175.875,0,663.651430585,-99.999999999,0,true,true,false,constraint_violation,0.99804453,307,1.088458023,210,0.038458023,0.801431362,A10,24.218757076,115_STEAM_3,63.191873682,314_SYNC_COND_1,0,115,115_STEAM_3,100,3436.9208227,3554.139579776,117.218757076
1,poi_bus_120,120,Attila,unity,1,1,2020-01-01T01:00:00+00:00,2,branch_A11_sustained,branch,A11,bounded,continuous,175.875,0,663.651430585,99.999999999,0.000000001,true,true,false,constraint_violation,0.98239731,307,1.087584437,210,0.037584437,0.923619328,C10,28.044077069,115_STEAM_3,79.52852965,316_STEAM_1,0,115,115_STEAM_3,100,3436.9208227,3557.964899769,121.044077069
1,poi_bus_120,120,Attila,unity,1,1,2020-01-01T01:00:00+00:00,3,branch_A12-1_immediate,branch,A12-1,fixed,short_term,175.875,0,663.651430585,-100,0,true,true,false,constraint_violation,0.9981319,307,1.088564674,210,0.038564674,0.795294335,C6,25.271494385,115_STEAM_3,63.313992546,314_SYNC_COND_1,0,115,115_STEAM_3,100,3436.9208227,3555.192317085,118.271494385
1,poi_bus_120,120,Attila,unity,1,1,2020-01-01T01:00:00+00:00,4,branch_A12-1_sustained,branch,A12-1,bounded,continuous,175.875,0,663.651430585,100,0,true,true,false,constraint_violation,0.967052706,307,1.086342006,210,0.036342006,1.119026904,CA-1,123.139971325,115_STEAM_3,176.46949689,316_STEAM_1,0,115,115_STEAM_3,100,3436.9208227,3560.060794025,123.139971325
1,poi_bus_120,120,Attila,unity,1,1,2020-01-01T01:00:00+00:00,5,branch_A34_immediate,branch,A34,fixed,short_term,175.875,0,663.651430585,-99.999999999,0,true,true,false,constraint_violation,0.998297836,307,1.088779643,210,0.038779643,1.022108264,A30,56.151852557,115_STEAM_3,125.780174849,116_STEAM_1,0,115,115_STEAM_3,100,3436.9208227,3586.072675257,149.151852557
1,poi_bus_120,120,Attila,unity,1,1,2020-01-01T01:00:00+00:00,6,branch_A34_sustained,branch,A34,bounded,continuous,175.875,0,663.651430585,-100,0,true,true,false,constraint_violation,0.967720142,307,1.086066903,210,0.036066903,1.007803293,A30,38.902737494,316_STEAM_1,135.445912355,316_STEAM_1,0,316,316_STEAM_1,100,3436.9208227,3568.823560194,131.902737494
1,poi_bus_120,120,Attila,unity,1,1,2020-01-01T01:00:00+00:00,7,branch_B12-1_immediate,branch,B12-1,fixed,short_term,175.875,0,663.651430585,-100,0,true,true,false,constraint_violation,0.964413902,207,1.077899521,210,0.027899521,0.796453156,C6,27.494058783,115_STEAM_3,63.37403986,314_SYNC_COND_1,0,115,115_STEAM_3,100,3436.9208227,3557.414881483,120.494058783
1,poi_bus_120,120,Attila,unity,1,1,2020-01-01T01:00:00+00:00,8,branch_B12-1_sustained,branch,B12-1,bounded,continuous,175.875,0,663.651430585,99.999999999,0.000000001,true,true,false,constraint_violation,0.962899168,207,1.076631006,210,0.026631006,0.92348061,C10,77.633316315,115_STEAM_3,85.346270981,316_STEAM_1,0,115,115_STEAM_3,100,3436.9208227,3514.554139015,77.633316315
1,poi_bus_120,120,Attila,unity,1,1,2020-01-01T01:00:00+00:00,9,branch_B22_immediate,branch,B22,fixed,short_term,175.875,0,663.651430585,-100,0,true,true,false,constraint_violation,0.998307154,307,1.083065665,210,0.033065665,0.800661613,C6,30.234837799,115_STEAM_3,63.55032862,314_SYNC_COND_1,0,115,115_STEAM_3,100,3436.9208227,3560.155660499,123.234837799
1,poi_bus_120,120,Attila,unity,1,1,2020-01-01T01:00:00+00:00,10,branch_B22_sustained,branch,B22,bounded,continuous,175.875,0,663.651430585,100,0.000000001,true,true,false,constraint_violation,0.964581321,307,1.082275743,210,0.032275743,0.98862415,CA-1,137.479359981,115_STEAM_3,118.319175959,316_STEAM_1,0,115,115_STEAM_3,100,3436.9208227,3574.400182681,137.479359981
1,poi_bus_120,120,Attila,unity,1,1,2020-01-01T01:00:00+00:00,11,branch_B6_immediate,branch,B6,fixed,short_term,175.875,0,663.651430585,-100,0,true,true,false,constraint_violation,0.99816844,307,1.090252296,210,0.040252296,0.796260957,C6,23.620208317,115_STEAM_3,63.364425327,314_SYNC_COND_1,0,115,115_STEAM_3,100,3436.9208227,3553.541031017,116.620208317
1,poi_bus_120,120,Attila,unity,1,1,2020-01-01T01:00:00+00:00,12,branch_B6_sustained,branch,B6,bounded,continuous,175.875,0,663.651430585,-100,0.000000001,true,true,false,constraint_violation,0.95464904,307,1.087849575,210,0.037849575,1.131581772,CA-1,118.391695148,115_STEAM_3,230.523077183,316_STEAM_1,0,115,115_STEAM_3,100,3436.9208227,3555.312517848,118.391695148
1,poi_bus_120,120,Attila,unity,1,1,2020-01-01T01:00:00+00:00,13,branch_C12-1_immediate,branch,C12-1,fixed,short_term,175.875,0,663.651430585,-100,0,true,true,false,constraint_violation,0.907866809,307,1.08874694,210,0.042133191,0.796312372,A10,29.73723471,115_STEAM_3,34.656618107,116_STEAM_1,0,115,115_STEAM_3,100,3436.9208227,3559.65805741,122.73723471
1,poi_bus_120,120,Attila,unity,1,1,2020-01-01T01:00:00+00:00,14,branch_C12-1_sustained,branch,C12-1,bounded,continuous,175.875,0,663.651430585,-99.999999999,0,true,true,false,constraint_violation,0.904096548,307,1.086272463,210,0.045903452,1.007340246,C6,83.097257572,115_STEAM_3,39.161896291,316_STEAM_1,0,115,115_STEAM_3,100,3436.9208227,3520.018080272,83.097257572
1,poi_bus_120,120,Attila,unity,1,1,2020-01-01T01:00:00+00:00,15,branch_C27_immediate,branch,C27,fixed,short_term,175.875,0,663.651430585,-100.000000001,0.000000001,true,true,false,constraint_violation,0.994058407,307,1.088638075,210,0.038638075,0.999876399,C29,32.254549001,115_STEAM_3,61.729280032,316_STEAM_1,0,115,115_STEAM_3,100,3436.9208227,3562.175371701,125.254549001
1,poi_bus_120,120,Attila,unity,1,1,2020-01-01T01:00:00+00:00,16,branch_C27_sustained,branch,C27,bounded,continuous,175.875,0,663.651430585,100,0,true,true,false,constraint_violation,0.976269784,307,1.087102093,210,0.037102093,0.998466826,C29,84.213152227,115_STEAM_3,148.76917652,316_STEAM_1,0,115,115_STEAM_3,100,3436.9208227,3521.133974927,84.213152227
1,poi_bus_120,120,Attila,unity,1,1,2020-01-01T01:00:00+00:00,17,branch_C6_immediate,branch,C6,fixed,short_term,175.875,0,663.651430585,-100,0,true,true,false,constraint_violation,0.981086947,307,1.08872462,210,0.03872462,0.927322028,C2,34.768238359,115_STEAM_3,77.606381353,316_STEAM_1,0,115,115_STEAM_3,100,3436.9208227,3564.689061059,127.768238359
1,poi_bus_120,120,Attila,unity,1,1,2020-01-01T01:00:00+00:00,18,branch_C6_sustained,branch,C6,bounded,continuous,175.875,0,663.651430585,-100,0,true,true,false,constraint_violation,0.954519463,307,1.086383837,210,0.036383837,1.131241568,CA-1,120.119814937,115_STEAM_3,191.753415405,316_STEAM_1,0,115,115_STEAM_3,100,3436.9208227,3557.040637637,120.119814937
1,poi_bus_120,120,Attila,unity,1,1,2020-01-01T01:00:00+00:00,19,branch_CA-1_immediate,branch,CA-1,fixed,short_term,175.875,0,663.651430585,-100,0.000000001,true,true,false,constraint_violation,0.993190093,307,1.089055243,210,0.039055243,0.852381435,C6,38.629319625,115_STEAM_3,78.745250568,116_STEAM_1,0,115,115_STEAM_3,100,3436.9208227,3568.550142325,131.629319625
1,poi_bus_120,120,Attila,unity,1,1,2020-01-01T01:00:00+00:00,20,branch_CA-1_sustained,branch,CA-1,bounded,continuous,175.875,0,663.651430585,100.000000001,0,true,true,false,constraint_violation,0.987552929,307,1.085810411,210,0.035810411,1.044517202,C27,0,101_STEAM_3,112.358031828,316_STEAM_1,0,115,115_STEAM_3,100,3436.9208227,3515.816079048,78.895256348
1,poi_bus_120,120,Attila,unity,1,1,2020-01-01T01:00:00+00:00,21,generator_121_NUCLEAR_1_sustained,generator,121_NUCLEAR_1,bounded,continuous,175.875,0,663.651430585,100,0,true,true,false,constraint_violation,0.983141765,307,1.085378029,210,0.035378029,0.920019519,C10,97.828683547,115_STEAM_3,93.762711455,316_STEAM_1,0,115,115_STEAM_3,99,3436.9208227,3534.749506247,97.828683547
1,poi_bus_120,120,Attila,unity,1,1,2020-01-01T01:00:00+00:00,22,generator_213_CC_3_sustained,generator,213_CC_3,bounded,continuous,175.875,0,663.651430585,100,0,true,true,false,constraint_violation,0.997888386,307,1.087803477,210,0.037803477,1.005241357,C6,103.151140015,115_STEAM_3,57.023131437,314_SYNC_COND_1,0,115,115_STEAM_3,100,3436.9208227,3540.071962715,103.151140015
1,poi_bus_120,120,Attila,unity,1,1,2020-01-01T01:00:00+00:00,23,generator_313_CC_1_sustained,generator,313_CC_1,bounded,continuous,175.875,0,663.651430585,-100,0,true,true,false,constraint_violation,0.960886849,307,1.088051187,210,0.038051187,1.049736142,CA-1,40.624312567,216_STEAM_1,158.848606453,316_STEAM_1,0,216,216_STEAM_1,100,3436.9208227,3570.545135267,133.624312567
1,poi_bus_120,120,Attila,unity,1,2,2020-01-01T02:00:00+00:00,0,normal,normal,,base,continuous,177.145833333,0,660.828118246,-100,0,true,true,false,constraint_violation,1,102,1.088858863,210,0.038858863,0.965115736,C6,21.832926261,115_STEAM_3,70.994165036,314_SYNC_COND_1,0,115,115_STEAM_3,100,3424.318483333,3539.151409594,114.832926261
1,poi_bus_120,120,Attila,unity,1,2,2020-01-01T02:00:00+00:00,1,branch_A11_immediate,branch,A11,fixed,short_term,177.145833333,0,660.828118246,-100,0,true,true,false,constraint_violation,1,314,1.088584741,210,0.038584741,0.801546871,A10,22.331031227,115_STEAM_3,70.784188584,314_SYNC_COND_1,0,115,115_STEAM_3,100,3424.318483333,3539.64951456,115.331031227
1,poi_bus_120,120,Attila,unity,1,2,2020-01-01T02:00:00+00:00,2,branch_A11_sustained,branch,A11,bounded,continuous,177.145833333,0,660.828118246,100,0,true,true,false,constraint_violation,0.99980119,307,1.086076121,210,0.036076121,1.011823517,C6,83.231380314,115_STEAM_3,48.206909844,314_SYNC_COND_1,0,115,115_STEAM_3,100,3424.318483333,3507.549863647,83.231380314
1,poi_bus_120,120,Attila,unity,1,2,2020-01-01T02:00:00+00:00,3,branch_A12-1_immediate,branch,A12-1,fixed,short_term,177.145833333,0,660.828118246,-100,0.000000001,true,true,false,constraint_violation,1,102,1.08867508,210,0.03867508,0.793399002,A10,23.432701627,115_STEAM_3,70.909004225,314_SYNC_COND_1,0,115,115_STEAM_3,100,3424.318483333,3540.75118496,116.432701627
1,poi_bus_120,120,Attila,unity,1,2,2020-01-01T02:00:00+00:00,4,branch_A12-1_sustained,branch,A12-1,bounded,continuous,177.145833333,0,660.828118246,100,0.000000001,true,true,false,constraint_violation,0.983958965,325,1.089158453,210,0.039158453,1.106608619,CA-1,131.988617581,115_STEAM_3,128.74151716,316_STEAM_1,0,115,115_STEAM_3,100,3424.318483333,3556.307100914,131.988617581
1,poi_bus_120,120,Attila,unity,1,2,2020-01-01T02:00:00+00:00,5,branch_A34_immediate,branch,A34,fixed,short_term,177.145833333,0,660.828118246,-100,0.000000001,true,true,false,constraint_violation,1,101,1.088897743,210,0.038897743,1.022122435,A30,54.241073721,115_STEAM_3,126.333862332,116_STEAM_1,0,115,115_STEAM_3,100,3424.318483333,3571.559557054,147.241073721
1,poi_bus_120,120,Attila,unity,1,2,2020-01-01T02:00:00+00:00,6,branch_A34_sustained,branch,A34,bounded,continuous,177.145833333,0,660.828118246,100,0,true,true,false,constraint_violation,0.995108296,307,1.08796689,210,0.03796689,1.011411261,C6,19.341432006,116_STEAM_1,48.642155654,314_SYNC_COND_1,0,116,116_STEAM_1,100,3424.318483334,3536.65991534,112.341432006
1,poi_bus_120,120,Attila,unity,1,2,2020-01-01T02:00:00+00:00,7,branch_B12-1_immediate,branch,B12-1,fixed,short_term,177.145833333,0,660.828118246,-100,0.000000001,true,true,false,constraint_violation,0.965127511,207,1.082706379,310,0.032706379,0.796652998,A10,25.574278689,115_STEAM_3,70.971262888,314_SYNC_COND_1,0,115,115_STEAM_3,100,3424.318483333,3542.892762022,118.574278689
1,poi_bus_120,120,Attila,unity,1,2,2020-01-01T02:00:00+00:00,8,branch_B12-1_sustained,branch,B12-1,bounded,continuous,177.145833333,0,660.828118246,99.999999999,0.000000001,true,true,false,constraint_violation,0.962859973,207,1.077674097,310,0.027674097,1.012237389,C6,0,101_STEAM_3,47.310601931,314_SYNC_COND_1,0,115,115_STEAM_3,100,3424.318483334,3507.545090778,83.226607444
1,poi_bus_120,120,Attila,unity,1,2,2020-01-01T02:00:00+00:00,9,branch_B22_immediate,branch,B22,fixed,short_term,177.145833333,0,660.828118246,-100,0.000000002,true,true,false,constraint_violation,1,314,1.083213646,210,0.033213646,0.794941743,A10,28.322803781,115_STEAM_3,71.151965078,314_SYNC_COND_1,0,115,115_STEAM_3,100,3424.318483333,3545.641287114,121.322803781
1,poi_bus_120,120,Attila,unity,1,2,2020-01-01T02:00:00+00:00,10,branch_B22_sustained,branch,B22,bounded,continuous,177.145833333,0,660.828118246,-100,0.000000001,true,true,false,constraint_violation,0.962857966,307,1.081981062,210,0.031981062,1.123728141,CA-1,133.621098182,115_STEAM_3,202.25359704,316_STEAM_1,0,115,115_STEAM_3,100,3424.318483333,3557.939581515,133.621098182
1,poi_bus_120,120,Attila,unity,1,2,2020-01-01T02:00:00+00:00,11,branch_B6_immediate,branch,B6,fixed,short_term,177.145833333,0,660.828118246,-100,0.000000002,true,true,false,constraint_violation,1,101,1.090408419,210,0.040408419,0.794777141,A10,21.728914435,115_STEAM_3,70.961623292,314_SYNC_COND_1,0,115,115_STEAM_3,100,3424.318483333,3539.047397768,114.728914435
1,poi_bus_120,120,Attila,unity,1,2,2020-01-01T02:00:00+00:00,12,branch_B6_sustained,branch,B6,bounded,continuous,177.145833333,0,660.828118246,-100,0.000000001,true,true,false,constraint_violation,0.971579608,307,1.087632046,210,0.037632046,1.062028903,CA-1,145.643432861,115_STEAM_3,105.316928091,316_STEAM_1,0,115,115_STEAM_3,100,3424.318483334,3569.961916195,145.643432861
1,poi_bus_120,120,Attila,unity,1,2,2020-01-01T02:00:00+00:00,13,branch_C12-1_immediate,branch,C12-1,fixed,short_term,177.145833333,0,660.828118246,-100,0.000000001,true,true,false,constraint_violation,0.92204033,307,1.088864402,210,0.038864402,0.796597425,A10,27.280245975,115_STEAM_3,42.64555699,314_SYNC_COND_1,0,115,115_STEAM_3,100,3424.318483333,3544.598729308,120.280245975
1,poi_bus_120,120,Attila,unity,1,2,2020-01-01T02:00:00+00:00,14,branch_C12-1_sustained,branch,C12-1,bounded,continuous,177.145833333,0,660.828118246,100,0.000000001,true,true,false,constraint_violation,0.929387724,307,1.086395372,210,0.036395372,0.911555282,A10,14.116059267,115_STEAM_3,32.661956529,314_SYNC_COND_1,0,115,115_STEAM_3,100,3424.318483333,3531.4345426,107.116059267
1,poi_bus_120,120,Attila,unity,1,2,2020-01-01T02:00:00+00:00,15,branch_C27_immediate,branch,C27,fixed,short_term,177.145833333,0,660.828118246,-100,0,true,true,false,constraint_violation,1,101,1.088758767,210,0.038758767,0.999938399,C29,29.908576916,115_STEAM_3,67.264959239,314_SYNC_COND_1,0,115,115_STEAM_3,100,3424.318483333,3547.227060249,122.908576916
1,poi_bus_120,120,Attila,unity,1,2,2020-01-01T02:00:00+00:00,16,branch_C27_sustained,branch,C27,bounded,continuous,177.145833333,0,660.828118246,-100,0.000000001,true,true,false,constraint_violation,0.994159993,307,1.086572089,210,0.036572089,1.005254818,C6,75.184744841,115_STEAM_3,52.874149589,314_SYNC_COND_1,0,115,115_STEAM_3,100,3424.318483333,3499.503228174,75.184744841
1,poi_bus_120,120,Attila,unity,1,2,2020-01-01T02:00:00+00:00,17,branch_C6_immediate,branch,C6,fixed,short_term,177.145833333,0,660.828118246,-100,0.000000001,true,true,false,constraint_violation,0.990555147,307,1.088842748,210,0.038842748,0.903191014,C2,31.828767537,115_STEAM_3,60.304607312,316_STEAM_1,0,115,115_STEAM_3,100,3424.318483333,3549.14725087,124.828767537
1,poi_bus_120,120,Attila,unity,1,2,2020-01-01T02:00:00+00:00,18,branch_C6_sustained,branch,C6,bounded,continuous,177.145833333,0,660.828118246,-100,0.000000001,true,true,false,constraint_violation,0.956518925,307,1.085950679,210,0.035950679,1.061525754,CA-1,42.653466422,216_STEAM_1,143.863444092,316_STEAM_1,0,216,216_STEAM_1,100,3424.318483333,3559.971949755,135.653466422
1,poi_bus_120,120,Attila,unity,1,2,2020-01-01T02:00:00+00:00,19,branch_CA-1_immediate,branch,CA-1,fixed,short_term,177.145833333,0,660.828118246,-100,0,true,true,false,constraint_violation,1,314,1.089169219,210,0.039169219,0.822061992,C6,35.982381884,115_STEAM_3,78.04641885,116_STEAM_1,0,115,115_STEAM_3,100,3424.318483333,3553.300865217,128.982381884
1,poi_bus_120,120,Attila,unity,1,2,2020-01-01T02:00:00+00:00,20,branch_CA-1_sustained,branch,CA-1,bounded,continuous,177.145833333,0,660.828118246,100,0.000000001,true,true,false,constraint_violation,0.981383942,307,1.085441653,210,0.035441653,1.205163698,CB-1,80.177298332,115_STEAM_3,308.06321336,316_STEAM_1,0,115,115_STEAM_3,100,3424.318483333,3597.495781665,173.177298332
1,poi_bus_120,120,Attila,unity,1,2,2020-01-01T02:00:00+00:00,21,generator_121_NUCLEAR_1_sustained,generator,121_NUCLEAR_1,bounded,continuous,177.145833333,0,660.828118246,100,0.000000001,true,true,false,constraint_violation,0.997016272,307,1.085204262,210,0.035204262,1.020801023,C6,0,101_STEAM_3,40.960875178,314_SYNC_COND_1,0,216,216_STEAM_1,99,3424.318483333,3502.668238728,78.349755395
1,poi_bus_120,120,Attila,unity,1,2,2020-01-01T02:00:00+00:00,22,generator_213_CC_3_sustained,generator,213_CC_3,bounded,continuous,177.145833333,0,660.828118246,100,0.000000001,true,true,false,constraint_violation,0.972512517,307,1.086714152,210,0.036714152,1.111758759,CA-1,128.741804236,115_STEAM_3,147.326476211,316_STEAM_1,0,115,115_STEAM_3,100,3424.318483333,3553.060287569,128.741804236
1,poi_bus_120,120,Attila,unity,1,2,2020-01-01T02:00:00+00:00,23,generator_313_CC_1_sustained,generator,313_CC_1,bounded,continuous,177.145833333,0,660.828118246,100,0,true,true,false,constraint_violation,0.983175207,325,1.089343332,210,0.039343332,1.115417029,CA-1,134.134554171,121_NUCLEAR_1,127.981046815,316_STEAM_1,0,121,121_NUCLEAR_1,100,3424.318483333,3562.453037504,138.134554171
1,poi_bus_120,120,Attila,unity,1,3,2020-01-01T03:00:00+00:00,0,normal,normal,,base,continuous,172.770833333,0,664.374395151,-100,0,true,true,false,constraint_violation,1,101,1.088973363,306,0.038973363,0.914421663,A10,18.048532338,115_STEAM_3,78.440325758,314_SYNC_COND_1,0,115,115_STEAM_3,100,3437.369154333,3548.417686671,111.048532338
1,poi_bus_120,120,Attila,unity,1,3,2020-01-01T03:00:00+00:00,1,branch_A11_immediate,branch,A11,fixed,short_term,172.770833333,0,664.374395151,-100.000000001,0.000000001,true,true,false,constraint_violation,1,102,1.088752703,306,0.038752703,0.804283099,A10,18.484400672,115_STEAM_3,78.144481062,314_SYNC_COND_1,0,115,115_STEAM_3,100,3437.369154333,3548.853555005,111.484400672
1,poi_bus_120,120,Attila,unity,1,3,2020-01-01T03:00:00+00:00,2,branch_A11_sustained,branch,A11,bounded,continuous,172.770833333,0,664.374395151,100,0,true,true,false,constraint_violation,1,102,1.084218578,210,0.034218578,1.01280133,C6,0,101_STEAM_3,50.21536388,314_SYNC_COND_1,0,115,115_STEAM_3,100,3437.369154334,3520.787928505,83.418774171
1,poi_bus_120,120,Attila,unity,1,3,2020-01-01T03:00:00+00:00,3,branch_A12-1_immediate,branch,A12-1,fixed,short_term,172.770833333,0,664.374395151,-100,0.000000001,true,true,false,constraint_violation,1,101,1.088883427,306,0.038883427,0.797797813,A10,19.771408303,115_STEAM_3,78.321056276,314_SYNC_COND_1,0,115,115_STEAM_3,100,3437.369154333,3550.140562636,112.771408303
1,poi_bus_120,120,Attila,unity,1,3,2020-01-01T03:00:00+00:00,4,branch_A12-1_sustained,branch,A12-1,bounded,continuous,172.770833333,0,664.374395151,-100,0,true,true,false,constraint_violation,0.96739406,307,1.089227233,210,0.039227233,1.121497212,CA-1,122.760482229,115_STEAM_3,189.041155467,316_STEAM_1,0,115,115_STEAM_3,100,3437.369154333,3560.129636562,122.760482229
1,poi_bus_120,120,Attila,unity,1,3,2020-01-01T03:00:00+00:00,5,branch_A34_immediate,branch,A34,fixed,short_term,172.770833333,0,664.374395151,-100,0,true,true,false,constraint_violation,1,102,1.08913496,306,0.03913496,1.022110641,A30,50.628528827,115_STEAM_3,122.612408067,116_STEAM_1,0,115,115_STEAM_3,100,3437.369154333,3580.99768316,143.628528827
1,poi_bus_120,120,Attila,unity,1,3,2020-01-01T03:00:00+00:00,6,branch_A34_sustained,branch,A34,bounded,continuous,172.770833333,0,664.374395151,-100,0.000000001,true,true,false,constraint_violation,0.981438493,307,1.085982268,210,0.035982268,1.009568029,CA-1,142.77724275,115_STEAM_3,91.822420697,316_STEAM_1,0,115,115_STEAM_3,100,3437.369154333,3580.146397083,142.77724275
1,poi_bus_120,120,Attila,unity,1,3,2020-01-01T03:00:00+00:00,7,branch_B12-1_immediate,branch,B12-1,fixed,short_term,172.770833333,0,664.374395151,-100,0,true,true,false,constraint_violation,0.965454155,207,1.088949678,306,0.038949678,0.800133008,A10,21.77087032,115_STEAM_3,78.409116901,314_SYNC_COND_1,0,115,115_STEAM_3,100,3437.369154333,3552.140024653,114.77087032
1,poi_bus_120,120,Attila,unity,1,3,2020-01-01T03:00:00+00:00,8,branch_B12-1_sustained,branch,B12-1,bounded,continuous,172.770833333,0,664.374395151,-100,0.000000002,true,true,false,constraint_violation,0.962521042,207,1.075754041,210,0.025754041,0.936247385,A10,105.776152036,115_STEAM_3,97.156279325,316_STEAM_1,0,115,115_STEAM_3,100,3437.369154333,3543.145306369,105.776152036
1,poi_bus_120,120,Attila,unity,1,3,2020-01-01T03:00:00+00:00,9,branch_B22_immediate,branch,B22,fixed,short_term,172.770833333,0,664.374395151,-100,0.000000001,true,true,false,constraint_violation,1,102,1.089146529,306,0.039146529,0.798475243,A10,24.367502685,115_STEAM_3,78.662976684,314_SYNC_COND_1,0,115,115_STEAM_3,100,3437.369154333,3554.736657018,117.367502685
1,poi_bus_120,120,Attila,unity,1,3,2020-01-01T03:00:00+00:00,10,branch_B22_sustained,branch,B22,bounded,continuous,172.770833333,0,664.374395151,100,0.000000001,true,true,false,constraint_violation,0.99685405,307,1.080448207,210,0.030448207,0.936165483,C10,74.274178975,115_STEAM_3,65.936565311,316_STEAM_1,0,115,115_STEAM_3,100,3437.369154333,3511.643333308,74.274178975
1,poi_bus_120,120,Attila,unity,1,3,2020-01-01T03:00:00+00:00,11,branch_B6_immediate,branch,B6,fixed,short_term,172.770833333,0,664.374395151,-100,0.000000002,true,true,false,constraint_violation,1,102,1.09054954,210,0.04054954,0.798169362,A10,17.929338363,115_STEAM_3,78.392562179,314_SYNC_COND_1,0,115,115_STEAM_3,100,3437.369154333,3548.298492696,110.929338363
1,poi_bus_120,120,Attila,unity,1,3,2020-01-01T03:00:00+00:00,12,branch_B6_sustained,branch,B6,bounded,continuous,172.770833333,0,664.374395151,100,0,true,true,false,constraint_violation,0.987319427,307,1.088244163,210,0.038244163,1.050498165,CA-1,27.050492426,216_STEAM_1,130.100601604,316_STEAM_1,0,216,216_STEAM_1,100,3437.369154334,3557.41964676,120.050492426
1,poi_bus_120,120,Attila,unity,1,3,2020-01-01T03:00:00+00:00,13,branch_C12-1_immediate,branch,C12-1,fixed,short_term,172.770833333,0,664.374395151,-100,0,true,true,false,constraint_violation,0.934727015,307,1.088901142,210,0.038901142,0.800077854,A10,23.101052395,115_STEAM_3,52.116033447,314_SYNC_COND_1,0,115,115_STEAM_3,100,3437.369154333,3553.470206728,116.101052395
1,poi_bus_120,120,Attila,unity,1,3,2020-01-01T03:00:00+00:00,14,branch_C12-1_sustained,branch,C12-1,bounded,continuous,172.770833333,0,664.374395151,-100,0,true,true,false,constraint_violation,0.872726287,307,1.086568137,210,0.077273713,1.137093421,CA-1,124.826948862,115_STEAM_3,231.027844274,316_STEAM_1,0,115,115_STEAM_3,100,3437.369154333,3562.196103195,124.826948862
1,poi_bus_120,120,Attila,unity,1,3,2020-01-01T03:00:00+00:00,15,branch_C27_immediate,branch,C27,fixed,short_term,172.770833333,0,664.374395151,-100.000000001,0.000000001,true,true,false,constraint_violation,1,101,1.088802901,210,0.038802901,1.000035523,C29,26.428068917,115_STEAM_3,74.713145803,314_SYNC_COND_1,0,115,115_STEAM_3,100,3437.369154333,3556.79722325,119.428068917
1,poi_bus_120,120,Attila,unity,1,3,2020-01-01T03:00:00+00:00,16,branch_C27_sustained,branch,C27,bounded,continuous,172.770833333,0,664.374395151,-100.000000001,0.000000001,true,true,false,constraint_violation,0.975437708,307,1.089105058,210,0.039105058,1.120873016,CA-1,152.226096585,115_STEAM_3,118.555536129,316_STEAM_1,0,115,115_STEAM_3,100,3437.369154333,3589.595250918,152.226096585
1,poi_bus_120,120,Attila,unity,1,3,2020-01-01T03:00:00+00:00,17,branch_C6_immediate,branch,C6,fixed,short_term,172.770833333,0,664.374395151,-100,0,true,true,false,constraint_violation,1,314,1.088882105,210,0.038882105,0.83027748,C2,25.486915887,115_STEAM_3,58.53307714,314_SYNC_COND_1,0,115,115_STEAM_3,100,3437.369154333,3555.85607022,118.486915887
1,poi_bus_120,120,Attila,unity,1,3,2020-01-01T03:00:00+00:00,18,branch_C6_sustained,branch,C6,bounded,continuous,172.770833333,0,664.374395151,99.999999999,0.000000001,true,true,false,constraint_violation,1,314,1.086547159,210,0.036547159,1.022068278,C2,71.296557888,115_STEAM_3,60.969442022,314_SYNC_COND_1,0,115,115_STEAM_3,100,3437.369154333,3508.665712221,71.296557888
1,poi_bus_120,120,Attila,unity,1,3,2020-01-01T03:00:00+00:00,19,branch_CA-1_immediate,branch,CA-1,fixed,short_term,172.770833333,0,664.374395151,-100,0,true,true,false,constraint_violation,1,314,1.089147958,210,0.039147958,0.816728416,A28,35.456808557,115_STEAM_3,78.931127146,116_STEAM_1,0,115,115_STEAM_3,100,3437.369154333,3565.82596289,128.456808557
1,poi_bus_120,120,Attila,unity,1,3,2020-01-01T03:00:00+00:00,20,branch_CA-1_sustained,branch,CA-1,bounded,continuous,172.770833333,0,664.374395151,100,0.000000002,true,true,false,constraint_violation,0.996984474,307,1.087951969,210,0.037951969,1.173448812,CB-1,169.107900916,115_STEAM_3,153.842586976,316_STEAM_1,0,115,115_STEAM_3,100,3437.369154333,3606.477055249,169.107900916
1,poi_bus_120,120,Attila,unity,1,3,2020-01-01T03:00:00+00:00,21,generator_121_NUCLEAR_1_sustained,generator,121_NUCLEAR_1,bounded,continuous,172.770833333,0,664.374395151,-100,0,true,true,false,constraint_violation,0.985531926,307,1.086520574,210,0.036520574,0.932819147,A10,11.824936047,115_STEAM_3,108.301544264,316_STEAM_1,0,115,115_STEAM_3,99,3437.369154333,3542.19409038,104.824936047
1,poi_bus_120,120,Attila,unity,1,3,2020-01-01T03:00:00+00:00,22,generator_213_CC_3_sustained,generator,213_CC_3,bounded,continuous,172.770833333,0,664.374395151,99.999999999,0.000000001,true,true,false,constraint_violation,1,101,1.085774422,210,0.035774422,1.013238643,C6,0,101_STEAM_3,50.408355004,314_SYNC_COND_1,0,115,115_STEAM_3,100,3437.369154334,3516.762796094,79.39364176
1,poi_bus_120,120,Attila,unity,1,3,2020-01-01T03:00:00+00:00,23,generator_313_CC_1_sustained,generator,313_CC_1,bounded,continuous,172.770833333,0,664.374395151,-100,0.000000001,true,true,false,constraint_violation,1,102,1.09008528,306,0.04008528,0.96080818,C10,61.972400493,115_STEAM_3,62.465990919,314_SYNC_COND_1,0,115,115_STEAM_3,100,3437.369154333,3499.341554826,61.972400493
1,poi_bus_120,120,Attila,unity,1,4,2020-01-01T04:00:00+00:00,0,normal,normal,,base,continuous,174.979166667,0,692.511540751,-100.000000001,0.000000001,true,true,false,constraint_violation,1,314,1.088306428,310,0.038306428,0.914252852,A10,13.43705969,115_STEAM_3,76.214574179,314_SYNC_COND_1,0,115,115_STEAM_3,100,3577.837599667,3684.274659357,106.43705969
1,poi_bus_120,120,Attila,unity,1,4,2020-01-01T04:00:00+00:00,1,branch_A11_immediate,branch,A11,fixed,short_term,174.979166667,0,692.511540751,-100,0.000000001,true,true,false,constraint_violation,1,314,1.088118467,310,0.038118467,0.804209059,A10,13.877516865,115_STEAM_3,75.999249212,314_SYNC_COND_1,0,115,115_STEAM_3,100,3577.837599667,3684.715116532,106.877516865
1,poi_bus_120,120,Attila,unity,1,4,2020-01-01T04:00:00+00:00,2,branch_A11_sustained,branch,A11,bounded,continuous,174.979166667,0,692.511540751,-100,0,true,true,false,constraint_violation,0.997005643,307,1.08523455,210,0.03523455,0.990796437,C6,67.912911475,115_STEAM_3,50.191225217,314_SYNC_COND_1,0,115,115_STEAM_3,100,3577.837599667,3645.750511142,67.912911475
1,poi_bus_120,120,Attila,unity,1,4,2020-01-01T04:00:00+00:00,3,branch_A12-1_immediate,branch,A12-1,fixed,short_term,174.979166667,0,692.511540751,-100,0,true,true,false,constraint_violation,1,314,1.088219938,310,0.038219938,0.796607635,A10,15.351900618,115_STEAM_3,76.117319166,314_SYNC_COND_1,0,115,115_STEAM_3,100,3577.837599667,3686.189500285,108.351900618
1,poi_bus_120,120,Attila,unity,1,4,2020-01-01T04:00:00+00:00,4,branch_A12-1_sustained,branch,A12-1,bounded,continuous,174.979166667,0,692.511540751,-100,0.000000001,true,true,false,constraint_violation,0.97817837,307,1.086852542,210,0.036852542,0.920018281,C10,127.078153642,121_NUCLEAR_1,113.594073728,316_STEAM_1,0,121,121_NUCLEAR_1,100,3577.837599667,3708.915753309,131.078153642
1,poi_bus_120,120,Attila,unity,1,4,2020-01-01T04:00:00+00:00,5,branch_A34_immediate,branch,A34,fixed,short_term,174.979166667,0,692.511540751,-100,0,true,true,false,constraint_violation,1,102,1.088463216,310,0.038463216,1.022161026,A30,46.067165424,115_STEAM_3,120.121928217,116_STEAM_1,0,115,115_STEAM_3,100,3577.837599667,3716.904765091,139.067165424
1,poi_bus_120,120,Attila,unity,1,4,2020-01-01T04:00:00+00:00,6,branch_A34_sustained,branch,A34,bounded,continuous,174.979166667,0,692.511540751,100,0,true,true,false,constraint_violation,0.975017338,307,1.085589465,210,0.035589465,1.007888757,A30,129.664610788,115_STEAM_3,124.705136795,316_STEAM_1,0,115,115_STEAM_3,100,3577.837599667,3707.502210455,129.664610788
1,poi_bus_120,120,Attila,unity,1,4,2020-01-01T04:00:00+00:00,7,branch_B12-1_immediate,branch,B12-1,fixed,short_term,174.979166667,0,692.511540751,-100,0.000000002,true,true,false,constraint_violation,0.960000942,207,1.08828274,310,0.03828274,0.79999322,A10,17.341163869,115_STEAM_3,76.188287659,314_SYNC_COND_1,0,115,115_STEAM_3,100,3577.837599667,3688.178763536,110.341163869
1,poi_bus_120,120,Attila,unity,1,4,2020-01-01T04:00:00+00:00,8,branch_B12-1_sustained,branch,B12-1,bounded,continuous,174.979166667,0,692.511540751,100,0,true,true,false,constraint_violation,0.960827239,207,1.076923467,210,0.026923467,1.117271857,CA-1,149.585452785,115_STEAM_3,156.148951296,316_STEAM_1,0,115,115_STEAM_3,100,3577.837599667,3727.423052452,149.585452785
1,poi_bus_120,120,Attila,unity,1,4,2020-01-01T04:00:00+00:00,9,branch_B22_immediate,branch,B22,fixed,short_term,174.979166667,0,692.511540751,-100,0,true,true,false,constraint_violation,1,102,1.088486169,310,0.038486169,0.798369509,A10,20.689140447,115_STEAM_3,76.403017277,314_SYNC_COND_1,0,115,115_STEAM_3,100,3577.837599667,3691.526740114,113.689140447
1,poi_bus_120,120,Attila,unity,1,4,2020-01-01T04:00:00+00:00,10,branch_B22_sustained,branch,B22,bounded,continuous,174.979166667,0,692.511540751,-100,0,true,true,false,constraint_violation,1,102,1.080026952,210,0.030026952,1.012032804,C6,0,101_STEAM_3,51.44809108,314_SYNC_COND_1,0,115,115_STEAM_3,100,3577.837599667,3654.081885928,76.244286261
1,poi_bus_120,120,Attila,unity,1,4,2020-01-01T04:00:00+00:00,11,branch_B6_immediate,branch,B6,fixed,short_term,174.979166667,0,692.511540751,-100,0,true,true,false,constraint_violation,1,101,1.089218545,210,0.039218545,0.797856048,A10,13.308110349,115_STEAM_3,76.189060264,314_SYNC_COND_1,0,115,115_STEAM_3,100,3577.837599667,3684.145710016,106.308110349
1,poi_bus_120,120,Attila,unity,1,4,2020-01-01T04:00:00+00:00,12,branch_B6_sustained,branch,B6,bounded,continuous,174.979166667,0,692.511540751,100,0.000000001,true,true,false,constraint_violation,0.981488452,307,1.087363282,210,0.037363282,1.10853868,CA-1,134.295948802,115_STEAM_3,141.592327629,316_STEAM_1,0,115,115_STEAM_3,100,3577.837599666,3712.133548468,134.295948802
1,poi_bus_120,120,Attila,unity,1,4,2020-01-01T04:00:00+00:00,13,branch_C12-1_immediate,branch,C12-1,fixed,short_term,174.979166667,0,692.511540751,-100.000000001,0.000000001,true,true,false,constraint_violation,0.93079451,307,1.087541657,210,0.037541657,0.799939446,A10,18.655557372,115_STEAM_3,49.472308471,314_SYNC_COND_1,0,115,115_STEAM_3,100,3577.837599667,3689.493157039,111.655557372
1,poi_bus_120,120,Attila,unity,1,4,2020-01-01T04:00:00+00:00,14,branch_C12-1_sustained,branch,C12-1,bounded,continuous,174.979166667,0,692.511540751,100,0,true,true,false,constraint_violation,0.891496699,307,1.087610361,210,0.058503301,1.035828207,CA-1,45.185921238,116_STEAM_1,118.805344137,316_STEAM_1,0,116,116_STEAM_1,100,3577.837599667,3716.023520905,138.185921238
1,poi_bus_120,120,Attila,unity,1,4,2020-01-01T04:00:00+00:00,15,branch_C27_immediate,branch,C27,fixed,short_term,174.979166667,0,692.511540751,-100,0.000000001,true,true,false,constraint_violation,1,101,1.087381646,210,0.037381646,0.999938785,C29,23.186073117,115_STEAM_3,72.28982958,314_SYNC_COND_1,0,115,115_STEAM_3,100,3577.837599667,3694.023672784,116.186073117
1,poi_bus_120,120,Attila,unity,1,4,2020-01-01T04:00:00+00:00,16,branch_C27_sustained,branch,C27,bounded,continuous,174.979166667,0,692.511540751,-99.999999999,0,true,true,false,constraint_violation,1,102,1.085654058,210,0.035654058,0.925147156,A10,72.87900696,115_STEAM_3,66.572292126,314_SYNC_COND_1,0,115,115_STEAM_3,100,3577.837599667,3650.716606627,72.87900696
1,poi_bus_120,120,Attila,unity,1,4,2020-01-01T04:00:00+00:00,17,branch_C6_immediate,branch,C6,fixed,short_term,174.979166667,0,692.511540751,-100.000000001,0.000000001,true,true,false,constraint_violation,1,102,1.087512213,210,0.037512213,0.811207001,C2,20.320932437,115_STEAM_3,56.312110425,314_SYNC_COND_1,0,115,115_STEAM_3,100,3577.837599667,3691.158532104,113.320932437
1,poi_bus_120,120,Attila,unity,1,4,2020-01-01T04:00:00+00:00,18,branch_C6_sustained,branch,C6,bounded,continuous,174.979166667,0,692.511540751,100,0,true,true,false,constraint_violation,0.985157066,307,1.087233967,210,0.037233967,1.021965411,C2,45.423787373,116_STEAM_1,51.858406928,116_STEAM_1,0,116,116_STEAM_1,100,3577.837599667,3716.26138704,138.423787373
1,poi_bus_120,120,Attila,unity,1,4,2020-01-01T04:00:00+00:00,19,branch_CA-1_immediate,branch,CA-1,fixed,short_term,174.979166667,0,692.511540751,-100,0,true,true,false,constraint_violation,1,101,1.088071023,210,0.038071023,0.794542111,A10,29.928669048,115_STEAM_3,73.69940583,116_STEAM_1,0,115,115_STEAM_3,100,3577.837599667,3700.766268715,122.928669048
1,poi_bus_120,120,Attila,unity,1,4,2020-01-01T04:00:00+00:00,20,branch_CA-1_sustained,branch,CA-1,bounded,continuous,174.979166667,0,692.511540751,78.821134562,0,true,true,false,constraint_violation,0.98511268,307,1.085471221,210,0.035471221,1.048407518,C27,24.087961087,115_STEAM_3,153.792200878,316_STEAM_1,0,115,115_STEAM_3,100,3577.837599667,3694.925560754,117.087961087
1,poi_bus_120,120,Attila,unity,1,4,2020-01-01T04:00:00+00:00,21,generator_121_NUCLEAR_1_sustained,generator,121_NUCLEAR_1,bounded,continuous,174.979166667,0,692.511540751,-100,0.000000002,true,true,false,constraint_violation,1,314,1.086187882,210,0.036187882,1.012190495,C6,72.001916604,115_STEAM_3,54.50346842,314_SYNC_COND_1,0,115,115_STEAM_3,99,3577.837599666,3649.83951627,72.001916604
1,poi_bus_120,120,Attila,unity,1,4,2020-01-01T04:00:00+00:00,22,generator_213_CC_3_sustained,generator,213_CC_3,bounded,continuous,174.979166667,0,692.511540751,-100,0.000000001,true,true,false,constraint_violation,1,101,1.084467094,210,0.034467094,0.955786779,C6,0,101_STEAM_3,50.121527127,314_SYNC_COND_1,0,116,116_STEAM_1,100,3577.837599667,3649.815968578,71.978368911
1,poi_bus_120,120,Attila,unity,1,4,2020-01-01T04:00:00+00:00,23,generator_313_CC_1_sustained,generator,313_CC_1,bounded,continuous,174.979166667,0,692.511540751,-100,0,true,true,false,constraint_violation,0.985982509,307,1.085702563,210,0.035702563,0.92613134,C6,94.682536709,115_STEAM_3,86.599807925,316_STEAM_1,0,115,115_STEAM_3,100,3577.837599667,3672.520136376,94.682536709
1,poi_bus_120,120,Attila,unity,1,5,2020-01-01T05:00:00+00:00,0,normal,normal,,base,continuous,180.208333333,0,747.327172653,-100,0.000000001,true,true,false,constraint_violation,0.993438645,307,1.083828864,210,0.033828864,0.969780888,C6,17.37347926,316_STEAM_1,54.312721974,314_SYNC_COND_1,0,316,316_STEAM_1,100,3852.419440333,3962.792919593,110.37347926
1,poi_bus_120,120,Attila,unity,1,5,2020-01-01T05:00:00+00:00,1,branch_A11_immediate,branch,A11,fixed,short_term,180.208333333,0,747.327172653,-100,0,true,true,false,constraint_violation,0.993277087,107,1.08308764,210,0.03308764,0.797658633,A10,17.940860784,316_STEAM_1,54.34419907,314_SYNC_COND_1,0,316,316_STEAM_1,100,3852.419440333,3963.360301117,110.940860784
1,poi_bus_120,120,Attila,unity,1,5,2020-01-01T05:00:00+00:00,2,branch_A11_sustained,branch,A11,bounded,continuous,180.208333333,0,747.327172653,-100.000000001,0.000000001,true,true,false,constraint_violation,0.965601775,307,1.084606364,210,0.034606364,0.982300577,C6,106.90297655,316_STEAM_1,88.990260128,316_STEAM_1,0,316,316_STEAM_1,100,3852.419440334,3980.556812002,128.137371668
1,poi_bus_120,120,Attila,unity,1,5,2020-01-01T05:00:00+00:00,3,branch_A12-1_immediate,branch,A12-1,fixed,short_term,180.208333333,0,747.327172653,-100,0.000000001,true,true,false,constraint_violation,0.992344644,108,1.08326529,210,0.03326529,0.785427982,A10,19.66952965,316_STEAM_1,54.329948215,314_SYNC_COND_1,0,316,316_STEAM_1,100,3852.419440333,3965.088969983,112.66952965
1,poi_bus_120,120,Attila,unity,1,5,2020-01-01T05:00:00+00:00,4,branch_A12-1_sustained,branch,A12-1,bounded,continuous,180.208333333,0,747.327172653,-100,0.000000001,true,true,false,constraint_violation,0.962154222,307,1.082977462,210,0.032977462,0.904654942,A10,117.386970311,316_STEAM_1,118.521848179,316_STEAM_1,0,316,316_STEAM_1,100,3852.419440333,3981.286970311,128.867529978
1,poi_bus_120,120,Attila,unity,1,5,2020-01-01T05:00:00+00:00,5,branch_A34_immediate,branch,A34,fixed,short_term,180.208333333,0,747.327172653,-100,0.000000001,true,true,false,constraint_violation,0.993451017,307,1.083807829,210,0.033807829,1.022249815,A30,50.275652278,316_STEAM_1,108.373841233,116_STEAM_1,0,316,316_STEAM_1,100,3852.419440333,3995.695092611,143.275652278
1,poi_bus_120,120,Attila,unity,1,5,2020-01-01T05:00:00+00:00,6,branch_A34_sustained,branch,A34,bounded,continuous,180.208333333,0,747.327172653,100,0.000000001,true,true,false,constraint_violation,0.985803132,307,1.082847178,210,0.032847178,1.008012065,A30,118.273360813,115_STEAM_3,43.663742919,314_SYNC_COND_1,0,115,115_STEAM_3,100,3852.419440333,3970.692801146,118.273360813
1,poi_bus_120,120,Attila,unity,1,5,2020-01-01T05:00:00+00:00,7,branch_B12-1_immediate,branch,B12-1,fixed,short_term,180.208333333,0,747.327172653,-100,0.000000001,true,true,false,constraint_violation,0.944514254,207,1.074882377,310,0.024882377,0.792170033,A10,21.933757034,316_STEAM_1,54.305951581,314_SYNC_COND_1,0,316,316_STEAM_1,100,3852.419440333,3967.353197367,114.933757034
1,poi_bus_120,120,Attila,unity,1,5,2020-01-01T05:00:00+00:00,8,branch_B12-1_sustained,branch,B12-1,bounded,continuous,180.208333333,0,747.327172653,-77.379750376,0.000000001,true,true,false,constraint_violation,0.943947989,207,1.0702868,210,0.0202868,0.985980961,C6,36.944216531,316_STEAM_1,102.883464255,316_STEAM_1,0,316,316_STEAM_1,100,3852.419440333,3982.363656864,129.944216531
1,poi_bus_120,120,Attila,unity,1,5,2020-01-01T05:00:00+00:00,9,branch_B22_immediate,branch,B22,fixed,short_term,180.208333333,0,747.327172653,-100,0.000000001,true,true,false,constraint_violation,0.993449151,307,1.076380922,210,0.026380922,0.790369345,A10,26.787527107,316_STEAM_1,54.133482571,314_SYNC_COND_1,0,316,316_STEAM_1,100,3852.419440333,3972.20696744,119.787527107
1,poi_bus_120,120,Attila,unity,1,5,2020-01-01T05:00:00+00:00,10,branch_B22_sustained,branch,B22,bounded,continuous,180.208333333,0,747.327172653,-100.000000001,0.000000001,true,true,false,constraint_violation,0.956278204,307,1.077512883,210,0.027512883,0.940008121,CA-1,38.070475452,316_STEAM_1,170.4935575,316_STEAM_1,0,316,316_STEAM_1,100,3852.419440334,3983.489915786,131.070475452
1,poi_bus_120,120,Attila,unity,1,5,2020-01-01T05:00:00+00:00,11,branch_B6_immediate,branch,B6,fixed,short_term,180.208333333,0,747.327172653,-100,0.000000001,true,true,false,constraint_violation,0.993437514,307,1.085512547,210,0.035512547,0.789923222,A10,17.289083635,316_STEAM_1,54.315290258,314_SYNC_COND_1,0,316,316_STEAM_1,100,3852.419440333,3962.708523968,110.289083635
1,poi_bus_120,120,Attila,unity,1,5,2020-01-01T05:00:00+00:00,12,branch_B6_sustained,branch,B6,bounded,continuous,180.208333333,0,747.327172653,-100,0.000000001,true,true,false,constraint_violation,0.94474044,307,1.084832126,210,0.034832126,1.127576102,CA-1,136.08439857,115_STEAM_3,219.074522671,316_STEAM_1,0,115,115_STEAM_3,100,3852.419440334,3988.503838904,136.08439857
1,poi_bus_120,120,Attila,unity,1,5,2020-01-01T05:00:00+00:00,13,branch_C12-1_immediate,branch,C12-1,fixed,short_term,180.208333333,0,747.327172653,-100,0.000000001,true,true,false,constraint_violation,0.895274231,307,1.083823872,210,0.054725769,0.792115509,A10,23.910609163,316_STEAM_1,22.710780187,314_SYNC_COND_1,0,316,316_STEAM_1,100,3852.419440333,3969.330049496,116.910609163
1,poi_bus_120,120,Attila,unity,1,5,2020-01-01T05:00:00+00:00,14,branch_C12-1_sustained,branch,C12-1,bounded,continuous,180.208333333,0,747.327172653,-100,0.000000001,true,true,false,constraint_violation,0.846889065,307,1.083097321,210,0.103110935,1.061153144,CA-1,149.097321908,115_STEAM_3,162.591188474,316_STEAM_1,0,115,115_STEAM_3,100,3852.419440333,4001.516762241,149.097321908
1,poi_bus_120,120,Attila,unity,1,5,2020-01-01T05:00:00+00:00,15,branch_C27_immediate,branch,C27,fixed,short_term,180.208333333,0,747.327172653,-100,0.000000001,true,true,false,constraint_violation,0.989442731,307,1.083559422,210,0.033559422,1.004317433,C29,27.065933567,316_STEAM_1,52.287479081,316_STEAM_1,0,316,316_STEAM_1,100,3852.419440333,3972.4853739,120.065933567
1,poi_bus_120,120,Attila,unity,1,5,2020-01-01T05:00:00+00:00,16,branch_C27_sustained,branch,C27,bounded,continuous,180.208333333,0,747.327172653,-99.999999999,0,true,true,false,constraint_violation,0.938975453,307,1.083066112,210,0.033066112,1.149773065,CA-1,55.499181114,116_STEAM_1,307.107183138,316_STEAM_1,0,116,116_STEAM_1,100,3852.419440333,4000.918621447,148.499181114
1,poi_bus_120,120,Attila,unity,1,5,2020-01-01T05:00:00+00:00,17,branch_C6_immediate,branch,C6,fixed,short_term,180.208333333,0,747.327172653,-100,0,true,true,false,constraint_violation,0.976333077,307,1.083760642,210,0.033760642,0.900640691,C2,27.14816176,316_STEAM_1,49.088684934,316_STEAM_1,0,316,316_STEAM_1,100,3852.419440333,3972.567602093,120.14816176
1,poi_bus_120,120,Attila,unity,1,5,2020-01-01T05:00:00+00:00,18,branch_C6_sustained,branch,C6,bounded,continuous,180.208333333,0,747.327172653,100.000000001,0,true,true,false,constraint_violation,0.985246787,307,1.082700976,210,0.032700976,1.027338069,C2,42.201734012,216_STEAM_1,57.940222051,116_STEAM_1,0,216,216_STEAM_1,100,3852.419440334,3987.621174346,135.201734012
1,poi_bus_120,120,Attila,unity,1,5,2020-01-01T05:00:00+00:00,19,branch_CA-1_immediate,branch,CA-1,fixed,short_term,180.208333333,0,747.327172653,-100,0.000000001,true,true,false,constraint_violation,0.987415298,307,1.084616919,210,0.034616919,0.815539668,C6,26.112622082,316_STEAM_1,45.055841141,116_STEAM_1,0,316,316_STEAM_1,100,3852.419440333,3971.532062415,119.112622082
1,poi_bus_120,120,Attila,unity,1,5,2020-01-01T05:00:00+00:00,20,branch_CA-1_sustained,branch,CA-1,bounded,continuous,180.208333333,0,747.327172653,100,0.000000001,true,true,false,constraint_violation,0.985613378,307,1.082653089,210,0.032653089,1.020849648,C6,78.893294185,115_STEAM_3,101.750577532,316_STEAM_1,0,115,115_STEAM_3,100,3852.419440333,4024.312734518,171.893294185
1,poi_bus_120,120,Attila,unity,1,5,2020-01-01T05:00:00+00:00,21,generator_121_NUCLEAR_1_sustained,generator,121_NUCLEAR_1,bounded,continuous,180.208333333,0,747.327172653,-100,0,true,true,false,constraint_violation,0.984618369,307,1.083003136,210,0.033003136,0.913727607,A10,101.226195341,115_STEAM_3,43.617434584,316_STEAM_1,0,115,115_STEAM_3,99,3852.419440333,3953.645635674,101.226195341
1,poi_bus_120,120,Attila,unity,1,5,2020-01-01T05:00:00+00:00,22,generator_213_CC_3_sustained,generator,213_CC_3,bounded,continuous,180.208333333,0,747.327172653,-100,0,true,true,false,constraint_violation,0.984866085,307,1.08246559,210,0.03246559,1.011840249,C6,71.744741388,115_STEAM_3,35.288782106,314_SYNC_COND_1,0,115,115_STEAM_3,100,3852.419440333,3924.164181721,71.744741388
1,poi_bus_120,120,Attila,unity,1,5,2020-01-01T05:00:00+00:00,23,generator_313_CC_1_sustained,generator,313_CC_1,bounded,continuous,180.208333333,0,747.327172653,100,0,true,true,false,constraint_violation,0.984666866,307,1.082486865,210,0.032486865,1.009852033,C6,45.367690764,116_STEAM_1,50.392559545,116_STEAM_1,0,116,116_STEAM_1,100,3852.419440333,3990.787131097,138.367690764
1,poi_bus_120,120,Attila,unity,1,6,2020-01-01T06:00:00+00:00,0,normal,normal,,base,continuous,184.125,0,803.555549832,-100,0.000000001,true,true,false,constraint_violation,0.953965684,307,1.080301742,210,0.030301742,0.907844908,A10,86.358599895,115_STEAM_3,64.219375868,316_STEAM_1,0,115,115_STEAM_3,100,4132.630719,4249.989318895,117.358599895
1,poi_bus_120,120,Attila,unity,1,6,2020-01-01T06:00:00+00:00,1,branch_A11_immediate,branch,A11,fixed,short_term,184.125,0,803.555549832,-100,0.000000001,true,true,false,constraint_violation,0.953393226,307,1.079864496,210,0.029864496,0.800238761,A10,87.038052222,115_STEAM_3,65.502619848,316_STEAM_1,0,115,115_STEAM_3,100,4132.630719,4250.668771222,118.038052222
1,poi_bus_120,120,Attila,unity,1,6,2020-01-01T06:00:00+00:00,2,branch_A11_sustained,branch,A11,bounded,continuous,184.125,0,803.555549832,-100,0.000000001,true,true,false,constraint_violation,0.938251899,307,1.079447341,210,0.029447341,1.00407276,CA-1,131.876291197,115_STEAM_3,134.827616657,316_STEAM_1,0,115,115_STEAM_3,100,4132.630719,4264.507010197,131.876291197
1,poi_bus_120,120,Attila,unity,1,6,2020-01-01T06:00:00+00:00,3,branch_A12-1_immediate,branch,A12-1,fixed,short_term,184.125,0,803.555549832,-100,0,true,true,false,constraint_violation,0.953669262,307,1.079849708,210,0.029849708,0.788100886,A10,89.116835284,115_STEAM_3,64.865874651,316_STEAM_1,0,115,115_STEAM_3,100,4132.630719,4252.747554284,120.116835284
1,poi_bus_120,120,Attila,unity,1,6,2020-01-01T06:00:00+00:00,4,branch_A12-1_sustained,branch,A12-1,bounded,continuous,184.125,0,803.555549832,-100,0.000000001,true,true,false,constraint_violation,0.938800818,307,1.079284982,210,0.029284982,0.993767052,CA-1,133.812530713,115_STEAM_3,133.663569329,316_STEAM_1,0,115,115_STEAM_3,100,4132.630719,4266.443249713,133.812530713
1,poi_bus_120,120,Attila,unity,1,6,2020-01-01T06:00:00+00:00,5,branch_A34_immediate,branch,A34,fixed,short_term,184.125,0,803.555549832,-100.000000001,0,true,true,false,constraint_violation,0.954485487,307,1.080348496,210,0.030348496,1.022097871,A30,120.306407757,115_STEAM_3,100.530655027,116_STEAM_1,0,115,115_STEAM_3,100,4132.630719,4283.937126757,151.306407757
1,poi_bus_120,120,Attila,unity,1,6,2020-01-01T06:00:00+00:00,6,branch_A34_sustained,branch,A34,bounded,continuous,184.125,0,803.555549832,100,0,true,true,false,constraint_violation,0.949345863,307,1.078394273,210,0.028394273,1.015966059,C6,67.998797921,216_STEAM_1,46.529121639,116_STEAM_1,0,216,216_STEAM_1,100,4132.630719,4258.998797921,126.368078921
1,poi_bus_120,120,Attila,unity,1,6,2020-01-01T06:00:00+00:00,7,branch_B12-1_immediate,branch,B12-1,fixed,short_term,184.125,0,803.555549832,-100,0.000000001,true,true,false,constraint_violation,0.924497403,207,1.0649092,210,0.025502597,0.794473926,A10,91.834614586,115_STEAM_3,64.422588787,316_STEAM_1,0,115,115_STEAM_3,100,4132.630719,4255.465333586,122.834614586
1,poi_bus_120,120,Attila,unity,1,6,2020-01-01T06:00:00+00:00,8,branch_B12-1_sustained,branch,B12-1,bounded,continuous,184.125,0,803.555549832,100,0,true,true,false,constraint_violation,0.923069602,207,1.063781387,210,0.026930398,0.932494443,C6,129.528834795,115_STEAM_3,74.921111611,316_STEAM_1,0,115,115_STEAM_3,100,4132.630719,4262.159553795,129.528834795
1,poi_bus_120,120,Attila,unity,1,6,2020-01-01T06:00:00+00:00,9,branch_B22_immediate,branch,B22,fixed,short_term,184.125,0,803.555549832,-100,0.000000001,true,true,false,constraint_violation,0.954552332,307,1.073081197,210,0.023081197,0.792526809,A10,93.688414453,115_STEAM_3,63.071655066,316_STEAM_1,0,115,115_STEAM_3,100,4132.630719,4257.319133453,124.688414453
1,poi_bus_120,120,Attila,unity,1,6,2020-01-01T06:00:00+00:00,10,branch_B22_sustained,branch,B22,bounded,continuous,184.125,0,803.555549832,-100,0.000000001,true,true,false,constraint_violation,0.940485129,307,1.073199802,210,0.023199802,0.960984764,CA-1,136.076556307,115_STEAM_3,130.321458727,316_STEAM_1,0,115,115_STEAM_3,100,4132.630719,4268.707275307,136.076556307
1,poi_bus_120,120,Attila,unity,1,6,2020-01-01T06:00:00+00:00,11,branch_B6_immediate,branch,B6,fixed,short_term,184.125,0,803.555549832,-100.000000001,0,true,true,false,constraint_violation,0.953888466,307,1.081920655,210,0.031920655,0.792365606,A10,86.239427855,115_STEAM_3,64.383842907,316_STEAM_1,0,115,115_STEAM_3,100,4132.630719,4249.870146855,117.239427855
1,poi_bus_120,120,Attila,unity,1,6,2020-01-01T06:00:00+00:00,12,branch_B6_sustained,branch,B6,bounded,continuous,184.125,0,803.555549832,-100,0,true,true,false,constraint_violation,0.939196713,307,1.081167973,210,0.031167973,0.986223464,CA-1,130.951270968,115_STEAM_3,132.845726872,316_STEAM_1,0,115,115_STEAM_3,100,4132.630719,4263.581989968,130.951270968
1,poi_bus_120,120,Attila,unity,1,6,2020-01-01T06:00:00+00:00,13,branch_C12-1_immediate,branch,C12-1,fixed,short_term,184.125,0,803.555549832,-100,0,true,true,false,constraint_violation,0.794530609,307,1.080322819,210,0.155469391,0.801082353,C13-2,99.023289159,115_STEAM_3,102.002506698,316_STEAM_1,0,115,115_STEAM_3,100,4132.630719,4262.654008159,130.023289159
1,poi_bus_120,120,Attila,unity,1,6,2020-01-01T06:00:00+00:00,14,branch_C12-1_sustained,branch,C12-1,bounded,continuous,184.125,0,803.555549832,-100,0.000000001,true,true,false,constraint_violation,0.760389628,307,1.07961106,210,0.189610372,1.027933079,C13-2,147.076194333,115_STEAM_3,179.150786683,316_STEAM_1,0,115,115_STEAM_3,100,4132.630719,4279.706913333,147.076194333
1,poi_bus_120,120,Attila,unity,1,6,2020-01-01T06:00:00+00:00,15,branch_C27_immediate,branch,C27,fixed,short_term,184.125,0,803.555549832,-100,0.000000001,true,true,false,constraint_violation,0.946405359,307,1.080152747,210,0.030152747,0.932498349,C29,99.39965964,115_STEAM_3,140.352713831,316_STEAM_1,0,115,115_STEAM_3,100,4132.630719,4263.03037864,130.39965964
1,poi_bus_120,120,Attila,unity,1,6,2020-01-01T06:00:00+00:00,16,branch_C27_sustained,branch,C27,bounded,continuous,184.125,0,803.555549832,-100,0.000000001,true,true,false,constraint_violation,0.934440069,307,1.080320998,210,0.030320998,1.003055126,C6,119.431293424,115_STEAM_3,158.919169059,316_STEAM_1,0,115,115_STEAM_3,100,4132.630719,4252.062012424,119.431293424
1,poi_bus_120,120,Attila,unity,1,6,2020-01-01T06:00:00+00:00,17,branch_C6_immediate,branch,C6,fixed,short_term,184.125,0,803.555549832,-100,0,true,true,false,constraint_violation,0.932015517,307,1.080285832,210,0.030285832,0.846352106,C2,95.363865782,115_STEAM_3,107.00159594,316_STEAM_1,0,115,115_STEAM_3,100,4132.630719,4258.994584782,126.363865782
1,poi_bus_120,120,Attila,unity,1,6,2020-01-01T06:00:00+00:00,18,branch_C6_sustained,branch,C6,bounded,continuous,184.125,0,803.555549832,-100,0.000000001,true,true,false,constraint_violation,0.895939056,307,1.079571132,210,0.054060944,1.070953864,CA-1,146.820184169,115_STEAM_3,264.712915297,316_STEAM_1,0,115,115_STEAM_3,100,4132.630719,4279.450903169,146.820184169
1,poi_bus_120,120,Attila,unity,1,6,2020-01-01T06:00:00+00:00,19,branch_CA-1_immediate,branch,CA-1,fixed,short_term,184.125,0,803.555549832,-100,0,true,true,false,constraint_violation,0.94750552,307,1.080564745,210,0.030564745,0.848210559,A28,145.32328761,115_STEAM_3,162.459345411,316_STEAM_1,0,115,115_STEAM_3,100,4132.630719,4308.95400661,176.32328761
1,poi_bus_120,120,Attila,unity,1,6,2020-01-01T06:00:00+00:00,20,branch_CA-1_sustained,branch,CA-1,bounded,continuous,184.125,0,803.555549832,32.467635999,0.000000002,true,true,false,constraint_violation,0.945329413,307,1.078521155,210,0.028521155,1.203663031,CB-1,231.310061024,115_STEAM_3,242.128967282,316_STEAM_1,0,115,115_STEAM_3,100,4132.630719,4363.940780024,231.310061024
1,poi_bus_120,120,Attila,unity,1,6,2020-01-01T06:00:00+00:00,21,generator_121_NUCLEAR_1_sustained,generator,121_NUCLEAR_1,bounded,continuous,184.125,0,803.555549832,-100.000000001,0.000000002,true,true,false,constraint_violation,0.956008164,307,1.079024288,210,0.029024288,0.909100981,A10,101.161381724,115_STEAM_3,73.68549028,316_STEAM_1,0,115,115_STEAM_3,99,4132.630719,4233.792100724,101.161381724
1,poi_bus_120,120,Attila,unity,1,6,2020-01-01T06:00:00+00:00,22,generator_213_CC_3_sustained,generator,213_CC_3,bounded,continuous,184.125,0,803.555549832,-100,0,true,true,false,constraint_violation,0.95796122,307,1.078907644,210,0.028907644,0.922595819,C6,82.379781836,115_STEAM_3,55.730394278,316_STEAM_1,0,115,115_STEAM_3,100,4132.630719,4215.010500836,82.379781836
1,poi_bus_120,120,Attila,unity,1,6,2020-01-01T06:00:00+00:00,23,generator_313_CC_1_sustained,generator,313_CC_1,bounded,continuous,184.125,0,803.555549832,-100,0.000000001,true,true,false,constraint_violation,0.939407539,307,1.079600746,210,0.029600746,0.982167029,CA-1,130.994019589,115_STEAM_3,132.417954067,316_STEAM_1,0,115,115_STEAM_3,100,4132.630719,4263.624738589,130.994019589
1,poi_bus_120,120,Attila,unity,1,7,2020-01-01T07:00:00+00:00,0,normal,normal,,base,continuous,188.895833333,0,811.340510695,-99.999999999,0,true,true,false,constraint_violation,0.97716826,307,1.081591889,210,0.031591889,0.931157407,C10,1.194904519,115_STEAM_3,52.382400721,314_SYNC_COND_1,0,115,115_STEAM_3,100,4175.655239333,4269.850143852,94.194904519
1,poi_bus_120,120,Attila,unity,1,7,2020-01-01T07:00:00+00:00,1,branch_A11_immediate,branch,A11,fixed,short_term,188.895833333,0,811.340510695,-100,0,true,true,false,constraint_violation,0.976776149,307,1.080983547,210,0.030983547,0.814697206,C10,1.505569562,115_STEAM_3,51.883758202,314_SYNC_COND_1,0,115,115_STEAM_3,100,4175.655239333,4270.160808895,94.505569562
1,poi_bus_120,120,Attila,unity,1,7,2020-01-01T07:00:00+00:00,2,branch_A11_sustained,branch,A11,bounded,continuous,188.895833333,0,811.340510695,-99.999999999,0,true,true,false,constraint_violation,0.927969897,307,1.080415485,210,0.030415485,1.011480299,CA-1,128.588926557,115_STEAM_3,138.435077052,316_STEAM_1,0,115,115_STEAM_3,100,4175.655239333,4304.24416589,128.588926557
1,poi_bus_120,120,Attila,unity,1,7,2020-01-01T07:00:00+00:00,3,branch_A12-1_immediate,branch,A12-1,fixed,short_term,188.895833333,0,811.340510695,-100,0.000000001,true,true,false,constraint_violation,0.976979229,307,1.081071528,210,0.031071528,0.814736445,C10,3.724848974,115_STEAM_3,52.143310507,314_SYNC_COND_1,0,115,115_STEAM_3,100,4175.655239333,4272.380088307,96.724848974
1,poi_bus_120,120,Attila,unity,1,7,2020-01-01T07:00:00+00:00,4,branch_A12-1_sustained,branch,A12-1,bounded,continuous,188.895833333,0,811.340510695,-100,0.000000001,true,true,false,constraint_violation,0.951905432,307,1.081011128,210,0.031011128,0.928978001,C10,73.782314292,115_STEAM_3,86.923626013,316_STEAM_1,0,115,115_STEAM_3,100,4175.655239333,4249.437553625,73.782314292
1,poi_bus_120,120,Attila,unity,1,7,2020-01-01T07:00:00+00:00,5,branch_A34_immediate,branch,A34,fixed,short_term,188.895833333,0,811.340510695,-99.999999999,0,true,true,false,constraint_violation,0.977441634,307,1.081638123,210,0.031638123,0.875011239,A30,24.634324758,115_STEAM_3,72.396537538,116_STEAM_1,0,115,115_STEAM_3,100,4175.655239333,4293.289564091,117.634324758
1,poi_bus_120,120,Attila,unity,1,7,2020-01-01T07:00:00+00:00,6,branch_A34_sustained,branch,A34,bounded,continuous,188.895833333,0,811.340510695,-100,0.000000001,true,true,false,constraint_violation,0.903182381,307,1.080016425,210,0.046817619,1.136600604,CA-1,164.853999801,115_STEAM_3,265.286436159,316_STEAM_1,0,115,115_STEAM_3,100,4175.655239334,4340.509239135,164.853999801
1,poi_bus_120,120,Attila,unity,1,7,2020-01-01T07:00:00+00:00,7,branch_B12-1_immediate,branch,B12-1,fixed,short_term,188.895833333,0,811.340510695,-100,0.000000001,true,true,false,constraint_violation,0.928764557,207,1.067918945,310,0.021235443,0.814755655,C10,6.5933523,115_STEAM_3,52.307880055,314_SYNC_COND_1,0,115,115_STEAM_3,100,4175.655239333,4275.248591633,99.5933523
1,poi_bus_120,120,Attila,unity,1,7,2020-01-01T07:00:00+00:00,8,branch_B12-1_sustained,branch,B12-1,bounded,continuous,188.895833333,0,811.340510695,100,0.000000001,true,true,false,constraint_violation,0.926045788,207,1.06443676,210,0.023954212,0.896072675,A10,81.828267188,115_STEAM_3,28.589786716,314_SYNC_COND_1,0,115,115_STEAM_3,100,4175.655239333,4257.483506521,81.828267188
1,poi_bus_120,120,Attila,unity,1,7,2020-01-01T07:00:00+00:00,9,branch_B22_immediate,branch,B22,fixed,short_term,188.895833333,0,811.340510695,-100,0.000000001,true,true,false,constraint_violation,0.977542953,307,1.074132512,210,0.024132512,0.814779245,C10,9.214059613,115_STEAM_3,52.847589688,314_SYNC_COND_1,0,115,115_STEAM_3,100,4175.655239333,4277.869298946,102.214059613
1,poi_bus_120,120,Attila,unity,1,7,2020-01-01T07:00:00+00:00,10,branch_B22_sustained,branch,B22,bounded,continuous,188.895833333,0,811.340510695,-100,0.000000001,true,true,false,constraint_violation,0.905239799,307,1.075878605,210,0.044760201,1.138622699,CA-1,149.513872593,115_STEAM_3,258.86989387,316_STEAM_1,0,115,115_STEAM_3,100,4175.655239334,4325.169111927,149.513872593
1,poi_bus_120,120,Attila,unity,1,7,2020-01-01T07:00:00+00:00,11,branch_B6_immediate,branch,B6,fixed,short_term,188.895833333,0,811.340510695,-100,0.000000001,true,true,false,constraint_violation,0.977103133,307,1.083183785,210,0.033183785,0.814754879,C10,1.08373012,115_STEAM_3,52.300321943,314_SYNC_COND_1,0,115,115_STEAM_3,100,4175.655239333,4269.738969453,94.08373012
1,poi_bus_120,120,Attila,unity,1,7,2020-01-01T07:00:00+00:00,12,branch_B6_sustained,branch,B6,bounded,continuous,188.895833333,0,811.340510695,-99.999999999,0,true,true,false,constraint_violation,0.903129918,307,1.081657647,210,0.046870082,1.138304431,CA-1,48.698220529,115_STEAM_3,267.099204201,316_STEAM_1,0,115,115_STEAM_3,100,4175.655239333,4317.353459862,141.698220529
1,poi_bus_120,120,Attila,unity,1,7,2020-01-01T07:00:00+00:00,13,branch_C12-1_immediate,branch,C12-1,fixed,short_term,188.895833333,0,811.340510695,-100,0.000000001,true,true,false,constraint_violation,0.842128737,307,1.081608026,210,0.107871263,0.805148288,A10,10.316872794,115_STEAM_3,44.067129686,316_STEAM_1,0,115,115_STEAM_3,100,4175.655239333,4278.972112127,103.316872794
1,poi_bus_120,120,Attila,unity,1,7,2020-01-01T07:00:00+00:00,14,branch_C12-1_sustained,branch,C12-1,bounded,continuous,188.895833333,0,811.340510695,-100,0.000000001,true,true,false,constraint_violation,0.750007692,307,1.081423097,210,0.199992308,1.013585279,C13-2,116.003892807,316_STEAM_1,198.10558924,316_STEAM_1,0,316,316_STEAM_1,100,4175.655239333,4297.103892807,121.448653474
1,poi_bus_120,120,Attila,unity,1,7,2020-01-01T07:00:00+00:00,15,branch_C27_immediate,branch,C27,fixed,short_term,188.895833333,0,811.340510695,-100,0,true,true,false,constraint_violation,0.97406707,307,1.081451855,210,0.031451855,0.879198377,C29,8.308583791,115_STEAM_3,69.085782399,316_STEAM_1,0,115,115_STEAM_3,100,4175.655239333,4276.963823124,101.308583791
1,poi_bus_120,120,Attila,unity,1,7,2020-01-01T07:00:00+00:00,16,branch_C27_sustained,branch,C27,bounded,continuous,188.895833333,0,811.340510695,100,0,true,true,false,constraint_violation,0.910807829,307,1.080094046,210,0.039192171,1.036057383,CA-1,131.379095259,115_STEAM_3,200.517998198,316_STEAM_1,0,115,115_STEAM_3,100,4175.655239333,4307.034334592,131.379095259
1,poi_bus_120,120,Attila,unity,1,7,2020-01-01T07:00:00+00:00,17,branch_C6_immediate,branch,C6,fixed,short_term,188.895833333,0,811.340510695,-100,0.000000001,true,true,false,constraint_violation,0.968246861,307,1.081577097,210,0.031577097,0.805241324,A10,3.335170056,115_STEAM_3,38.096453812,314_SYNC_COND_1,0,115,115_STEAM_3,100,4175.655239333,4271.990409389,96.335170056
1,poi_bus_120,120,Attila,unity,1,7,2020-01-01T07:00:00+00:00,18,branch_C6_sustained,branch,C6,bounded,continuous,188.895833333,0,811.340510695,-100,0.000000001,true,true,false,constraint_violation,0.90325356,307,1.080120933,210,0.04674644,1.139445941,CA-1,138.7860365,115_STEAM_3,269.835670505,316_STEAM_1,0,115,115_STEAM_3,100,4175.655239333,4314.441275833,138.7860365
1,poi_bus_120,120,Attila,unity,1,7,2020-01-01T07:00:00+00:00,19,branch_CA-1_immediate,branch,CA-1,fixed,short_term,188.895833333,0,811.340510695,-100,0,true,true,false,constraint_violation,0.974614158,307,1.082176734,210,0.032176734,0.804122596,C10,21.115402233,115_STEAM_3,50.277126689,116_STEAM_1,0,115,115_STEAM_3,100,4175.655239333,4289.770641566,114.115402233
1,poi_bus_120,120,Attila,unity,1,7,2020-01-01T07:00:00+00:00,20,branch_CA-1_sustained,branch,CA-1,bounded,continuous,188.895833333,0,811.340510695,100,0,true,true,false,constraint_violation,0.973811672,307,1.081139805,210,0.031139805,1.103953107,A28,139.411893236,115_STEAM_3,84.334331229,116_STEAM_1,0,115,115_STEAM_3,100,4175.655239333,4315.067132569,139.411893236
1,poi_bus_120,120,Attila,unity,1,7,2020-01-01T07:00:00+00:00,21,generator_121_NUCLEAR_1_sustained,generator,121_NUCLEAR_1,bounded,continuous,188.895833333,0,811.340510695,100,0,true,true,false,constraint_violation,0.957168677,307,1.078425015,210,0.028425015,0.89379766,A10,0,101_STEAM_3,25.338243392,316_STEAM_1,0,216,216_STEAM_1,99,4175.655239333,4266.202956439,90.547717106
1,poi_bus_120,120,Attila,unity,1,7,2020-01-01T07:00:00+00:00,22,generator_213_CC_3_sustained,generator,213_CC_3,bounded,continuous,188.895833333,0,811.340510695,-100,0.000000002,true,true,false,constraint_violation,0.948437039,307,1.080188192,210,0.030188192,0.93324068,A10,89.497803903,115_STEAM_3,115.901144017,316_STEAM_1,0,115,115_STEAM_3,100,4175.655239333,4265.153043236,89.497803903
1,poi_bus_120,120,Attila,unity,1,7,2020-01-01T07:00:00+00:00,23,generator_313_CC_1_sustained,generator,313_CC_1,bounded,continuous,188.895833333,0,811.340510695,-100,0.000000001,true,true,false,constraint_violation,0.939893809,307,1.08004714,210,0.03004714,0.932549957,A10,75.512116361,115_STEAM_3,115.995342873,316_STEAM_1,0,115,115_STEAM_3,100,4175.655239333,4251.167355694,75.512116361
1,poi_bus_120,120,Attila,unity,1,8,2020-01-01T08:00:00+00:00,0,normal,normal,,base,continuous,189.3125,0,814.578910372,-99.999999999,0.000000001,true,true,false,constraint_violation,0.982737898,307,1.082883373,210,0.032883373,0.976002073,C10,0,101_STEAM_3,65.179256599,314_SYNC_COND_1,0,115,115_STEAM_3,100,4191.984732,4283.990385878,92.005653878
1,poi_bus_120,120,Attila,unity,1,8,2020-01-01T08:00:00+00:00,1,branch_A11_immediate,branch,A11,fixed,short_term,189.3125,0,814.578910372,-100,0.000000001,true,true,false,constraint_violation,0.982343308,307,1.082553137,210,0.032553137,0.854001441,C10,0,101_STEAM_3,64.582181247,314_SYNC_COND_1,0,115,115_STEAM_3,100,4191.984732,4284.174160457,92.189428457
1,poi_bus_120,120,Attila,unity,1,8,2020-01-01T08:00:00+00:00,2,branch_A11_sustained,branch,A11,bounded,continuous,189.3125,0,814.578910372,-100,0.000000001,true,true,false,constraint_violation,0.942260058,307,1.082736699,210,0.032736699,0.913218994,A10,53.478866021,115_STEAM_3,114.53046575,316_STEAM_1,0,115,115_STEAM_3,100,4191.984732,4281.978866021,89.994134021
1,poi_bus_120,120,Attila,unity,1,8,2020-01-01T08:00:00+00:00,3,branch_A12-1_immediate,branch,A12-1,fixed,short_term,189.3125,0,814.578910372,-99.999999999,0.000000001,true,true,false,constraint_violation,0.982568862,307,1.082508218,210,0.032508218,0.854009295,C10,1.454583301,115_STEAM_3,64.923726708,314_SYNC_COND_1,0,115,115_STEAM_3,100,4191.984732,4286.439315301,94.454583301
1,poi_bus_120,120,Attila,unity,1,8,2020-01-01T08:00:00+00:00,4,branch_A12-1_sustained,branch,A12-1,bounded,continuous,189.3125,0,814.578910372,-100,0,true,true,false,constraint_violation,0.923423881,307,1.08069536,210,0.03069536,0.949688115,A10,111.767599264,115_STEAM_3,179.834799131,316_STEAM_1,0,115,115_STEAM_3,100,4191.984732,4303.752331264,111.767599264
1,poi_bus_120,120,Attila,unity,1,8,2020-01-01T08:00:00+00:00,5,branch_A34_immediate,branch,A34,fixed,short_term,189.3125,0,814.578910372,-100,0,true,true,false,constraint_violation,0.982925571,307,1.082908464,210,0.032908464,0.853977246,C10,13.824717635,115_STEAM_3,65.462423023,314_SYNC_COND_1,0,115,115_STEAM_3,100,4191.984732,4298.809449635,106.824717635
1,poi_bus_120,120,Attila,unity,1,8,2020-01-01T08:00:00+00:00,6,branch_A34_sustained,branch,A34,bounded,continuous,189.3125,0,814.578910372,-100,0.000000001,true,true,false,constraint_violation,0.888180088,307,1.080868928,210,0.061819912,1.147962861,CA-1,75.039637605,116_STEAM_1,329.548901762,316_STEAM_1,0,116,116_STEAM_1,100,4191.984732,4360.024369605,168.039637605
1,poi_bus_120,120,Attila,unity,1,8,2020-01-01T08:00:00+00:00,7,branch_B12-1_immediate,branch,B12-1,fixed,short_term,189.3125,0,814.578910372,-100,0.000000001,true,true,false,constraint_violation,0.934005966,207,1.072495249,310,0.022495249,0.85400531,C10,4.22821179,115_STEAM_3,65.104838187,314_SYNC_COND_1,0,115,115_STEAM_3,100,4191.984732,4289.21294379,97.22821179
1,poi_bus_120,120,Attila,unity,1,8,2020-01-01T08:00:00+00:00,8,branch_B12-1_sustained,branch,B12-1,bounded,continuous,189.3125,0,814.578910372,-100,0,true,true,false,constraint_violation,0.906917984,307,1.067049291,210,0.043082016,0.984895543,CA-1,116.758995562,115_STEAM_3,228.815872245,316_STEAM_1,0,115,115_STEAM_3,100,4191.984732,4308.743727562,116.758995562
1,poi_bus_120,120,Attila,unity,1,8,2020-01-01T08:00:00+00:00,9,branch_B22_immediate,branch,B22,fixed,short_term,189.3125,0,814.578910372,-100,0.000000001,true,true,false,constraint_violation,0.983029636,307,1.076074696,210,0.026074696,0.853954876,C10,5.873181304,115_STEAM_3,65.619148922,314_SYNC_COND_1,0,115,115_STEAM_3,100,4191.984732,4290.857913304,98.873181304
1,poi_bus_120,120,Attila,unity,1,8,2020-01-01T08:00:00+00:00,10,branch_B22_sustained,branch,B22,bounded,continuous,189.3125,0,814.578910372,-100,0.000000001,true,true,false,constraint_violation,0.940153527,307,1.076478391,210,0.026478391,0.948162428,A10,113.420119919,115_STEAM_3,133.018747524,316_STEAM_1,0,115,115_STEAM_3,100,4191.984732,4305.404851919,113.420119919
1,poi_bus_120,120,Attila,unity,1,8,2020-01-01T08:00:00+00:00,11,branch_B6_immediate,branch,B6,fixed,short_term,189.3125,0,814.578910372,-100,0.000000001,true,true,false,constraint_violation,0.982658202,307,1.084552267,210,0.034552267,0.854006914,C10,0,101_STEAM_3,65.058833095,314_SYNC_COND_1,0,115,115_STEAM_3,100,4191.984732,4283.917107509,91.932375509
1,poi_bus_120,120,Attila,unity,1,8,2020-01-01T08:00:00+00:00,12,branch_B6_sustained,branch,B6,bounded,continuous,189.3125,0,814.578910372,100,0.000000001,true,true,false,constraint_violation,0.941592276,307,1.081106358,210,0.031106358,0.912708297,C10,0.962312585,116_STEAM_1,48.270134009,316_STEAM_1,0,116,116_STEAM_1,100,4191.984732,4285.947044585,93.962312585
1,poi_bus_120,120,Attila,unity,1,8,2020-01-01T08:00:00+00:00,13,branch_C12-1_immediate,branch,C12-1,fixed,short_term,189.3125,0,814.578910372,-100,0,true,true,false,constraint_violation,0.865383677,307,1.082890219,210,0.084616323,0.811851681,A10,5.954590644,115_STEAM_3,36.076599398,314_SYNC_COND_1,0,115,115_STEAM_3,100,4191.984732,4290.939322644,98.954590644
1,poi_bus_120,120,Attila,unity,1,8,2020-01-01T08:00:00+00:00,14,branch_C12-1_sustained,branch,C12-1,bounded,continuous,189.3125,0,814.578910372,-100,0,true,true,false,constraint_violation,0.819394621,307,1.081084267,210,0.130605379,0.908918079,A10,85.486559632,115_STEAM_3,104.29947079,316_STEAM_1,0,115,115_STEAM_3,100,4191.984732,4277.471291632,85.486559632
1,poi_bus_120,120,Attila,unity,1,8,2020-01-01T08:00:00+00:00,15,branch_C27_immediate,branch,C27,fixed,short_term,189.3125,0,814.578910372,-100,0.000000001,true,true,false,constraint_violation,0.981903063,307,1.082830023,210,0.032830023,0.850927294,C10,1.655259022,115_STEAM_3,64.434875066,314_SYNC_COND_1,0,115,115_STEAM_3,100,4191.984732,4286.639991022,94.655259022
1,poi_bus_120,120,Attila,unity,1,8,2020-01-01T08:00:00+00:00,16,branch_C27_sustained,branch,C27,bounded,continuous,189.3125,0,814.578910372,-100,0,true,true,false,constraint_violation,0.934207403,307,1.08121388,210,0.03121388,0.922797061,C10,0,101_STEAM_3,133.411290586,316_STEAM_1,0,216,216_STEAM_1,100,4191.984732,4278.826527176,86.841795176
1,poi_bus_120,120,Attila,unity,1,8,2020-01-01T08:00:00+00:00,17,branch_C6_immediate,branch,C6,fixed,short_term,189.3125,0,814.578910372,-100,0,true,true,false,constraint_violation,0.978934897,307,1.082880019,210,0.032880019,0.843737688,C10,0,101_STEAM_3,60.170887303,314_SYNC_COND_1,0,115,115_STEAM_3,100,4191.984732,4284.24425327,92.25952127
1,poi_bus_120,120,Attila,unity,1,8,2020-01-01T08:00:00+00:00,18,branch_C6_sustained,branch,C6,bounded,continuous,189.3125,0,814.578910372,100,0.000000001,true,true,false,constraint_violation,0.950194082,307,1.08091483,210,0.03091483,0.906867866,A10,69.24737351,115_STEAM_3,24.324721894,316_STEAM_1,0,115,115_STEAM_3,100,4191.984732,4261.23210551,69.24737351
1,poi_bus_120,120,Attila,unity,1,8,2020-01-01T08:00:00+00:00,19,branch_CA-1_immediate,branch,CA-1,fixed,short_term,189.3125,0,814.578910372,-100,0.000000001,true,true,false,constraint_violation,0.981570546,307,1.083080272,210,0.033080272,0.848956061,C10,4.608877889,115_STEAM_3,63.415120401,314_SYNC_COND_1,0,115,115_STEAM_3,100,4191.984732,4289.593609889,97.608877889
1,poi_bus_120,120,Attila,unity,1,8,2020-01-01T08:00:00+00:00,20,branch_CA-1_sustained,branch,CA-1,bounded,continuous,189.3125,0,814.578910372,-58.797501,0,true,true,false,constraint_violation,0.944605647,307,1.080686676,210,0.030686676,1.143934811,CB-1,146.811081951,115_STEAM_3,202.691683657,316_STEAM_1,0,115,115_STEAM_3,100,4191.984732,4338.795813951,146.811081951
1,poi_bus_120,120,Attila,unity,1,8,2020-01-01T08:00:00+00:00,21,generator_121_NUCLEAR_1_sustained,generator,121_NUCLEAR_1,bounded,continuous,189.3125,0,814.578910372,100.000000001,0.000000001,true,true,false,constraint_violation,0.969184725,307,1.080777064,210,0.030777064,0.942300658,C10,61.034614229,115_STEAM_3,46.563900986,314_SYNC_COND_1,0,115,115_STEAM_3,99,4191.984732,4253.019346229,61.034614229
1,poi_bus_120,120,Attila,unity,1,8,2020-01-01T08:00:00+00:00,22,generator_213_CC_3_sustained,generator,213_CC_3,bounded,continuous,189.3125,0,814.578910372,100,0,true,true,false,constraint_violation,0.953798671,307,1.080671535,210,0.030671535,0.925221319,C10,0,101_STEAM_3,42.244255392,316_STEAM_1,0,216,216_STEAM_1,100,4191.984732,4270.744569324,78.759837325
1,poi_bus_120,120,Attila,unity,1,8,2020-01-01T08:00:00+00:00,23,generator_313_CC_1_sustained,generator,313_CC_1,bounded,continuous,189.3125,0,814.578910372,-100,0.000000001,true,true,false,constraint_violation,0.923646437,307,1.081021702,210,0.031021702,0.945526976,A10,99.985433218,115_STEAM_3,191.463542441,316_STEAM_1,0,115,115_STEAM_3,100,4191.984732,4291.970165218,99.985433218
1,poi_bus_120,120,Attila,unity,1,9,2020-01-01T09:00:00+00:00,0,normal,normal,,base,continuous,189.729166667,0,820.615805572,-100,0.000000001,true,true,false,constraint_violation,0.968138157,307,1.082765172,210,0.032765172,0.988772139,C10,0,101_STEAM_3,49.130770347,316_STEAM_1,0,115,115_STEAM_3,100,4222.065452667,4306.762641531,84.697188864
1,poi_bus_120,120,Attila,unity,1,9,2020-01-01T09:00:00+00:00,1,branch_A11_immediate,branch,A11,fixed,short_term,189.729166667,0,820.615805572,-100.000000001,0,true,true,false,constraint_violation,0.967698867,307,1.082478071,210,0.032478071,0.865152713,C10,0,101_STEAM_3,52.346758756,316_STEAM_1,0,115,115_STEAM_3,100,4222.065452667,4306.80879839,84.743345723
1,poi_bus_120,120,Attila,unity,1,9,2020-01-01T09:00:00+00:00,2,branch_A11_sustained,branch,A11,bounded,continuous,189.729166667,0,820.615805572,100,0.000000001,true,true,false,constraint_violation,0.94777289,307,1.079641393,210,0.029641393,0.948571252,C10,0,101_STEAM_3,51.333349985,316_STEAM_1,0,116,116_STEAM_1,100,4222.065452667,4289.067166589,67.001713922
1,poi_bus_120,120,Attila,unity,1,9,2020-01-01T09:00:00+00:00,3,branch_A12-1_immediate,branch,A12-1,fixed,short_term,189.729166667,0,820.615805572,-100,0.000000001,true,true,false,constraint_violation,0.967955919,307,1.082424163,210,0.032424163,0.865173452,C10,0,101_STEAM_3,50.469384242,316_STEAM_1,0,115,115_STEAM_3,100,4222.065452667,4308.98874762,86.923294953
1,poi_bus_120,120,Attila,unity,1,9,2020-01-01T09:00:00+00:00,4,branch_A12-1_sustained,branch,A12-1,bounded,continuous,189.729166667,0,820.615805572,-100,0,true,true,false,constraint_violation,0.922505149,307,1.080879297,210,0.030879297,0.910040281,C10,86.201234052,115_STEAM_3,170.467811746,316_STEAM_1,0,115,115_STEAM_3,100,4222.065452667,4308.266686719,86.201234052
1,poi_bus_120,120,Attila,unity,1,9,2020-01-01T09:00:00+00:00,5,branch_A34_immediate,branch,A34,fixed,short_term,189.729166667,0,820.615805572,-100.000000001,0,true,true,false,constraint_violation,0.968270963,307,1.082780531,210,0.032780531,0.865169523,C10,0,101_STEAM_3,48.150672419,316_STEAM_1,0,115,115_STEAM_3,100,4222.065452667,4312.425937421,90.360484754
1,poi_bus_120,120,Attila,unity,1,9,2020-01-01T09:00:00+00:00,6,branch_A34_sustained,branch,A34,bounded,continuous,189.729166667,0,820.615805572,-100,0,true,true,false,constraint_violation,0.933358906,307,1.080986211,210,0.030986211,0.928305729,C10,0,101_STEAM_3,131.882334971,316_STEAM_1,0,115,115_STEAM_3,100,4222.065452667,4302.168792264,80.103339597
1,poi_bus_120,120,Attila,unity,1,9,2020-01-01T09:00:00+00:00,7,branch_B12-1_immediate,branch,B12-1,fixed,short_term,189.729166667,0,820.615805572,-100,0.000000002,true,true,false,constraint_violation,0.932745121,207,1.068269008,210,0.018269008,0.865176181,C10,0,101_STEAM_3,49.537121616,316_STEAM_1,0,115,115_STEAM_3,100,4222.065452667,4312.03009421,89.964641543
1,poi_bus_120,120,Attila,unity,1,9,2020-01-01T09:00:00+00:00,8,branch_B12-1_sustained,branch,B12-1,bounded,continuous,189.729166667,0,820.615805572,99.999999999,0,true,true,false,constraint_violation,0.929664508,207,1.06580858,210,0.020335492,0.948537239,C10,76.231108819,115_STEAM_3,52.817262402,316_STEAM_1,0,115,115_STEAM_3,100,4222.065452667,4298.296561486,76.231108819
1,poi_bus_120,120,Attila,unity,1,9,2020-01-01T09:00:00+00:00,9,branch_B22_immediate,branch,B22,fixed,short_term,189.729166667,0,820.615805572,-100,0,true,true,false,constraint_violation,0.968460026,307,1.076008642,210,0.026008642,0.865147755,C10,0,101_STEAM_3,46.747773229,316_STEAM_1,0,115,115_STEAM_3,100,4222.065452667,4313.435433398,91.369980731
1,poi_bus_120,120,Attila,unity,1,9,2020-01-01T09:00:00+00:00,10,branch_B22_sustained,branch,B22,bounded,continuous,189.729166667,0,820.615805572,-99.999999999,0.000000001,true,true,false,constraint_violation,0.926794937,307,1.07548974,210,0.02548974,0.915741128,C10,75.755050993,115_STEAM_3,151.121370749,316_STEAM_1,0,115,115_STEAM_3,100,4222.065452667,4297.82050366,75.755050993
1,poi_bus_120,120,Attila,unity,1,9,2020-01-01T09:00:00+00:00,11,branch_B6_immediate,branch,B6,fixed,short_term,189.729166667,0,820.615805572,-100,0.000000001,true,true,false,constraint_violation,0.96804567,307,1.084383173,210,0.034383173,0.865175945,C10,0,101_STEAM_3,49.810984893,316_STEAM_1,0,115,115_STEAM_3,100,4222.065452667,4306.700301571,84.634848904
1,poi_bus_120,120,Attila,unity,1,9,2020-01-01T09:00:00+00:00,12,branch_B6_sustained,branch,B6,bounded,continuous,189.729166667,0,820.615805572,-100.000000001,0,true,true,false,constraint_violation,0.917415289,307,1.082202872,210,0.032584711,0.955077621,A10,2.484664926,316_STEAM_1,181.393114949,316_STEAM_1,0,316,316_STEAM_1,100,4222.065452667,4317.550117593,95.484664926
1,poi_bus_120,120,Attila,unity,1,9,2020-01-01T09:00:00+00:00,13,branch_C12-1_immediate,branch,C12-1,fixed,short_term,189.729166667,0,820.615805572,-100,0.000000001,true,true,false,constraint_violation,0.854410263,307,1.082771129,210,0.095589737,0.82020767,A10,0,101_STEAM_3,66.7867179,316_STEAM_1,0,115,115_STEAM_3,100,4222.065452667,4313.129275134,91.063822467
1,poi_bus_120,120,Attila,unity,1,9,2020-01-01T09:00:00+00:00,14,branch_C12-1_sustained,branch,C12-1,bounded,continuous,189.729166667,0,820.615805572,-100,0.000000001,true,true,false,constraint_violation,0.786764688,307,1.082675477,210,0.163235312,0.908569885,A10,84.166869181,115_STEAM_3,160.493783968,316_STEAM_1,0,115,115_STEAM_3,100,4222.065452667,4306.232321848,84.166869181
1,poi_bus_120,120,Attila,unity,1,9,2020-01-01T09:00:00+00:00,15,branch_C27_immediate,branch,C27,fixed,short_term,189.729166667,0,820.615805572,-100,0.000000001,true,true,false,constraint_violation,0.967822171,307,1.082726997,210,0.032726997,0.863252409,C10,0,101_STEAM_3,67.243520058,316_STEAM_1,0,115,115_STEAM_3,100,4222.065452667,4308.226940582,86.161487915
1,poi_bus_120,120,Attila,unity,1,9,2020-01-01T09:00:00+00:00,16,branch_C27_sustained,branch,C27,bounded,continuous,189.729166667,0,820.615805572,-100,0.000000001,true,true,false,constraint_violation,0.946228466,307,1.081367679,210,0.031367679,0.936304943,C29,0,101_STEAM_3,84.369441293,316_STEAM_1,0,216,216_STEAM_1,100,4222.065452667,4283.236468304,61.171015637
1,poi_bus_120,120,Attila,unity,1,9,2020-01-01T09:00:00+00:00,17,branch_C6_immediate,branch,C6,fixed,short_term,189.729166667,0,820.615805572,-100,0.000000001,true,true,false,constraint_violation,0.966904787,307,1.082768292,210,0.032768292,0.868082281,C10,0,101_STEAM_3,52.882009988,316_STEAM_1,0,115,115_STEAM_3,100,4222.065452667,4306.942779277,84.87732661
1,poi_bus_120,120,Attila,unity,1,9,2020-01-01T09:00:00+00:00,18,branch_C6_sustained,branch,C6,bounded,continuous,189.729166667,0,820.615805572,-100,0.000000001,true,true,false,constraint_violation,0.929401238,307,1.082329185,210,0.032329185,0.929100036,C10,0,101_STEAM_3,116.43607201,316_STEAM_1,0,216,216_STEAM_1,100,4222.065452667,4299.312803002,77.247350335
1,poi_bus_120,120,Attila,unity,1,9,2020-01-01T09:00:00+00:00,19,branch_CA-1_immediate,branch,CA-1,fixed,short_term,189.729166667,0,820.615805572,-100,0,true,true,false,constraint_violation,0.965758008,307,1.0828878,210,0.0328878,0.86039395,C10,0,101_STEAM_3,51.91862059,316_STEAM_1,0,115,115_STEAM_3,100,4222.065452667,4308.736516708,86.671064041
1,poi_bus_120,120,Attila,unity,1,9,2020-01-01T09:00:00+00:00,20,branch_CA-1_sustained,branch,CA-1,bounded,continuous,189.729166667,0,820.615805572,100,0.000000001,true,true,false,constraint_violation,0.926999155,307,1.079521412,210,0.029521412,1.163177847,CB-1,162.979400698,115_STEAM_3,256.433399429,316_STEAM_1,0,115,115_STEAM_3,100,4222.065452667,4385.044853365,162.979400698
1,poi_bus_120,120,Attila,unity,1,9,2020-01-01T09:00:00+00:00,21,generator_121_NUCLEAR_1_sustained,generator,121_NUCLEAR_1,bounded,continuous,189.729166667,0,820.615805572,99.999999999,0,true,true,false,constraint_violation,0.968196786,307,1.080209022,210,0.030209022,0.987286079,C10,56.745585657,115_STEAM_3,45.39498416,314_SYNC_COND_1,0,115,115_STEAM_3,99,4222.065452667,4278.811038324,56.745585657
1,poi_bus_120,120,Attila,unity,1,9,2020-01-01T09:00:00+00:00,22,generator_213_CC_3_sustained,generator,213_CC_3,bounded,continuous,189.729166667,0,820.615805572,-100,0.000000001,true,true,false,constraint_violation,0.927419196,307,1.083151069,210,0.033151069,0.921236358,C10,83.35796838,115_STEAM_3,144.756163855,316_STEAM_1,0,115,115_STEAM_3,100,4222.065452667,4305.423421047,83.35796838
1,poi_bus_120,120,Attila,unity,1,9,2020-01-01T09:00:00+00:00,23,generator_313_CC_1_sustained,generator,313_CC_1,bounded,continuous,189.729166667,0,820.615805572,-100,0,true,true,false,constraint_violation,0.934154739,307,1.080967474,210,0.030967474,0.933722737,C10,0,101_STEAM_3,138.174300454,316_STEAM_1,0,216,216_STEAM_1,100,4222.065452667,4297.353159611,75.287706944
1,poi_bus_120,120,Attila,unity,1,10,2020-01-01T10:00:00+00:00,0,normal,normal,,base,continuous,188.833333333,0,818.733972168,-100,0.000000001,true,true,false,constraint_violation,0.962486949,307,1.084114759,210,0.034114759,0.992376514,C10,0,101_STEAM_3,57.326334796,316_STEAM_1,0,115,115_STEAM_3,100,4211.922679333,4280.436751754,68.514072421
1,poi_bus_120,120,Attila,unity,1,10,2020-01-01T10:00:00+00:00,1,branch_A11_immediate,branch,A11,fixed,short_term,188.833333333,0,818.733972168,-100,0,true,true,false,constraint_violation,0.96213763,307,1.083740186,210,0.033740186,0.868356099,C10,0,101_STEAM_3,59.502123234,316_STEAM_1,0,115,115_STEAM_3,100,4211.922679333,4280.433850984,68.511171651
1,poi_bus_120,120,Attila,unity,1,10,2020-01-01T10:00:00+00:00,2,branch_A11_sustained,branch,A11,bounded,continuous,188.833333333,0,818.733972168,100,0.000000001,true,true,false,constraint_violation,0.923528075,307,1.081921689,210,0.031921689,0.932781778,C10,65.102392785,115_STEAM_3,118.356668636,316_STEAM_1,0,115,115_STEAM_3,100,4211.922679333,4277.025072118,65.102392785
1,poi_bus_120,120,Attila,unity,1,10,2020-01-01T10:00:00+00:00,3,branch_A12-1_immediate,branch,A12-1,fixed,short_term,188.833333333,0,818.733972168,-100,0.000000001,true,true,false,constraint_violation,0.962335126,307,1.083760067,210,0.033760067,0.86834709,C10,0,101_STEAM_3,58.270881403,316_STEAM_1,0,115,115_STEAM_3,100,4211.922679333,4282.301256341,70.378577008
1,poi_bus_120,120,Attila,unity,1,10,2020-01-01T10:00:00+00:00,4,branch_A12-1_sustained,branch,A12-1,bounded,continuous,188.833333333,0,818.733972168,-100,0.000000001,true,true,false,constraint_violation,0.935673912,307,1.084044462,210,0.034044462,0.947564965,C10,70.049517506,316_STEAM_1,98.586816372,316_STEAM_1,0,316,316_STEAM_1,100,4211.922679333,4287.449517506,75.526838173
1,poi_bus_120,120,Attila,unity,1,10,2020-01-01T10:00:00+00:00,5,branch_A34_immediate,branch,A34,fixed,short_term,188.833333333,0,818.733972168,-100,0.000000002,true,true,false,constraint_violation,0.962524922,307,1.084120604,210,0.034120604,0.868323386,C10,0,101_STEAM_3,57.090415573,316_STEAM_1,0,115,115_STEAM_3,100,4211.922679333,4280.962490468,69.039811135
1,poi_bus_120,120,Attila,unity,1,10,2020-01-01T10:00:00+00:00,6,branch_A34_sustained,branch,A34,bounded,continuous,188.833333333,0,818.733972168,-100,0.000000001,true,true,false,constraint_violation,0.894719502,307,1.084162941,210,0.055280498,0.956041207,A10,22.240174154,116_STEAM_1,273.392246696,316_STEAM_1,0,116,116_STEAM_1,100,4211.922679333,4327.162853487,115.240174154
1,poi_bus_120,120,Attila,unity,1,10,2020-01-01T10:00:00+00:00,7,branch_B12-1_immediate,branch,B12-1,fixed,short_term,188.833333333,0,818.733972168,-100,0.000000001,true,true,false,constraint_violation,0.940136573,207,1.070473436,210,0.020473436,0.868336105,C10,0,101_STEAM_3,57.623301442,316_STEAM_1,0,115,115_STEAM_3,100,4211.922679333,4285.212153332,73.289473999
1,poi_bus_120,120,Attila,unity,1,10,2020-01-01T10:00:00+00:00,8,branch_B12-1_sustained,branch,B12-1,bounded,continuous,188.833333333,0,818.733972168,-100,0,true,true,false,constraint_violation,0.89205651,307,1.068563059,210,0.05794349,0.956611328,A10,27.220925752,316_STEAM_1,285.163204679,316_STEAM_1,0,316,316_STEAM_1,100,4211.922679333,4332.143605085,120.220925752
1,poi_bus_120,120,Attila,unity,1,10,2020-01-01T10:00:00+00:00,9,branch_B22_immediate,branch,B22,fixed,short_term,188.833333333,0,818.733972168,-100,0.000000001,true,true,false,constraint_violation,0.96279083,307,1.077602944,210,0.027602944,0.86825898,C10,0,101_STEAM_3,55.442860741,316_STEAM_1,0,115,115_STEAM_3,100,4211.922679333,4287.090969583,75.16829025
1,poi_bus_120,120,Attila,unity,1,10,2020-01-01T10:00:00+00:00,10,branch_B22_sustained,branch,B22,bounded,continuous,188.833333333,0,818.733972168,100.000000001,0.000000001,true,true,false,constraint_violation,0.941309849,307,1.077981302,210,0.027981302,0.951178483,C10,67.205353026,115_STEAM_3,67.072929302,316_STEAM_1,0,115,115_STEAM_3,100,4211.922679333,4279.128032359,67.205353026
1,poi_bus_120,120,Attila,unity,1,10,2020-01-01T10:00:00+00:00,11,branch_B6_immediate,branch,B6,fixed,short_term,188.833333333,0,818.733972168,-100,0,true,true,false,constraint_violation,0.962419525,307,1.085666334,210,0.035666334,0.86833854,C10,0,101_STEAM_3,57.745564217,316_STEAM_1,0,115,115_STEAM_3,100,4211.922679333,4280.344366579,68.421687246
1,poi_bus_120,120,Attila,unity,1,10,2020-01-01T10:00:00+00:00,12,branch_B6_sustained,branch,B6,bounded,continuous,188.833333333,0,818.733972168,-100,0,true,true,false,constraint_violation,0.891369405,307,1.083537659,210,0.058630595,0.954264761,A10,23.492938055,316_STEAM_1,287.72604481,316_STEAM_1,0,316,316_STEAM_1,100,4211.922679333,4328.415617388,116.492938055
1,poi_bus_120,120,Attila,unity,1,10,2020-01-01T10:00:00+00:00,13,branch_C12-1_immediate,branch,C12-1,fixed,short_term,188.833333333,0,818.733972168,-100,0,true,true,false,constraint_violation,0.851891184,307,1.084122287,210,0.098108816,0.824300881,A10,0,101_STEAM_3,74.124692918,316_STEAM_1,0,115,115_STEAM_3,100,4211.922679333,4286.373220089,74.450540756
1,poi_bus_120,120,Attila,unity,1,10,2020-01-01T10:00:00+00:00,14,branch_C12-1_sustained,branch,C12-1,bounded,continuous,188.833333333,0,818.733972168,-100,0,true,true,false,constraint_violation,0.718222657,307,1.082103004,210,0.231777343,0.956402977,A10,34.752939848,316_STEAM_1,319.691776686,316_STEAM_1,0,316,316_STEAM_1,100,4211.922679333,4339.675619181,127.752939848
1,poi_bus_120,120,Attila,unity,1,10,2020-01-01T10:00:00+00:00,15,branch_C27_immediate,branch,C27,fixed,short_term,188.833333333,0,818.733972168,-100,0,true,true,false,constraint_violation,0.962520277,307,1.084088481,210,0.034088481,0.867617637,C10,0,101_STEAM_3,69.575768512,316_STEAM_1,0,115,115_STEAM_3,100,4211.922679333,4280.785738859,68.863059526
1,poi_bus_120,120,Attila,unity,1,10,2020-01-01T10:00:00+00:00,16,branch_C27_sustained,branch,C27,bounded,continuous,188.833333333,0,818.733972168,-100,0,true,true,false,constraint_violation,0.923392402,307,1.083126313,210,0.033126313,0.911435821,A10,66.792499647,115_STEAM_3,152.972802141,316_STEAM_1,0,115,115_STEAM_3,100,4211.922679333,4278.71517898,66.792499647
1,poi_bus_120,120,Attila,unity,1,10,2020-01-01T10:00:00+00:00,17,branch_C6_immediate,branch,C6,fixed,short_term,188.833333333,0,818.733972168,-100,0.000000001,true,true,false,constraint_violation,0.960977528,307,1.08412103,210,0.03412103,0.873499423,C10,0,101_STEAM_3,61.959193094,316_STEAM_1,0,115,115_STEAM_3,100,4211.922679333,4280.805458697,68.882779364
1,poi_bus_120,120,Attila,unity,1,10,2020-01-01T10:00:00+00:00,18,branch_C6_sustained,branch,C6,bounded,continuous,188.833333333,0,818.733972168,-99.999999999,0.000000001,true,true,false,constraint_violation,0.922906133,307,1.083927885,210,0.033927885,0.955771062,A10,0,101_STEAM_3,131.019235542,316_STEAM_1,0,316,316_STEAM_1,100,4211.922679333,4289.767292124,77.844612791
1,poi_bus_120,120,Attila,unity,1,10,2020-01-01T10:00:00+00:00,19,branch_CA-1_immediate,branch,CA-1,fixed,short_term,188.833333333,0,818.733972168,-100,0,true,true,false,constraint_violation,0.958786366,307,1.084197938,210,0.034197938,0.863268142,C10,0,101_STEAM_3,68.045659581,316_STEAM_1,0,115,115_STEAM_3,100,4211.922679333,4281.022656365,69.099977032
1,poi_bus_120,120,Attila,unity,1,10,2020-01-01T10:00:00+00:00,20,branch_CA-1_sustained,branch,CA-1,bounded,continuous,188.833333333,0,818.733972168,100,0.000000001,true,true,false,constraint_violation,0.918451493,307,1.081352992,210,0.031548507,1.12435947,CB-1,41.234554638,115_STEAM_3,259.974073264,316_STEAM_1,0,115,115_STEAM_3,100,4211.922679333,4346.157233971,134.234554638
1,poi_bus_120,120,Attila,unity,1,10,2020-01-01T10:00:00+00:00,21,generator_121_NUCLEAR_1_sustained,generator,121_NUCLEAR_1,bounded,continuous,188.833333333,0,818.733972168,-100,0,true,true,false,constraint_violation,0.938054267,307,1.082327209,210,0.032327209,0.937452343,C10,0,101_STEAM_3,67.549724561,316_STEAM_1,0,116,116_STEAM_1,99,4211.922679333,4264.709104077,52.786424744
1,poi_bus_120,120,Attila,unity,1,10,2020-01-01T10:00:00+00:00,22,generator_213_CC_3_sustained,generator,213_CC_3,bounded,continuous,188.833333333,0,818.733972168,-99.999999999,0.000000001,true,true,false,constraint_violation,0.929015653,307,1.083043061,210,0.033043061,0.916163607,C10,60.209949677,115_STEAM_3,107.017050211,316_STEAM_1,0,115,115_STEAM_3,100,4211.922679333,4272.13262901,60.209949677
1,poi_bus_120,120,Attila,unity,1,10,2020-01-01T10:00:00+00:00,23,generator_313_CC_1_sustained,generator,313_CC_1,bounded,continuous,188.833333333,0,818.733972168,-99.999999999,0.000000001,true,true,false,constraint_violation,0.933272167,307,1.084459674,210,0.034459674,0.936279259,C10,51.19834479,316_STEAM_1,109.083205822,316_STEAM_1,0,316,316_STEAM_1,100,4211.922679333,4273.19834479,61.275665457
1,poi_bus_120,120,Attila,unity,1,11,2020-01-01T11:00:00+00:00,0,normal,normal,,base,continuous,188.145833333,0,816.889884961,-99.999999999,0.000000001,true,true,false,constraint_violation,0.967280602,307,1.084577552,210,0.034577552,0.992783586,C10,0,101_STEAM_3,62.685988008,316_STEAM_1,0,115,115_STEAM_3,100,4202.173716333,4266.203741396,64.030025063
1,poi_bus_120,120,Attila,unity,1,11,2020-01-01T11:00:00+00:00,1,branch_A11_immediate,branch,A11,fixed,short_term,188.145833333,0,816.889884961,-100,0,true,true,false,constraint_violation,0.966870147,307,1.084236342,210,0.034236342,0.868634795,C10,0,101_STEAM_3,65.019184544,316_STEAM_1,0,115,115_STEAM_3,100,4202.173716333,4266.152012816,63.978296483
1,poi_bus_120,120,Attila,unity,1,11,2020-01-01T11:00:00+00:00,2,branch_A11_sustained,branch,A11,bounded,continuous,188.145833333,0,816.889884961,-100,0,true,true,false,constraint_violation,0.89365998,307,1.082739998,210,0.05634002,0.960563302,A10,11.068114713,316_STEAM_1,249.800441229,316_STEAM_1,0,316,316_STEAM_1,100,4202.173716333,4306.241831046,104.068114713
1,poi_bus_120,120,Attila,unity,1,11,2020-01-01T11:00:00+00:00,3,branch_A12-1_immediate,branch,A12-1,fixed,short_term,188.145833333,0,816.889884961,-100,0.000000001,true,true,false,constraint_violation,0.967104536,307,1.084247185,210,0.034247185,0.868668895,C10,0,101_STEAM_3,63.683026165,316_STEAM_1,0,115,115_STEAM_3,100,4202.173716333,4267.963187731,65.789471398
1,poi_bus_120,120,Attila,unity,1,11,2020-01-01T11:00:00+00:00,4,branch_A12-1_sustained,branch,A12-1,bounded,continuous,188.145833333,0,816.889884961,-100,0.000000002,true,true,false,constraint_violation,0.894620141,307,1.084790057,210,0.055379859,0.959399869,A10,113.578732429,115_STEAM_3,253.4703525,316_STEAM_1,0,115,115_STEAM_3,100,4202.173716333,4315.752448762,113.578732429
1,poi_bus_120,120,Attila,unity,1,11,2020-01-01T11:00:00+00:00,5,branch_A34_immediate,branch,A34,fixed,short_term,188.145833333,0,816.889884961,-100,0.000000001,true,true,false,constraint_violation,0.967277775,307,1.084577206,210,0.034577206,0.868685435,C10,0,101_STEAM_3,62.70194595,316_STEAM_1,0,115,115_STEAM_3,100,4202.173716333,4266.204512943,64.03079661
1,poi_bus_120,120,Attila,unity,1,11,2020-01-01T11:00:00+00:00,6,branch_A34_sustained,branch,A34,bounded,continuous,188.145833333,0,816.889884961,-99.999999999,0.000000001,true,true,false,constraint_violation,0.935648207,307,1.0839387,210,0.0339387,0.963686956,A10,2.389534184,216_STEAM_1,106.419771567,316_STEAM_1,0,216,216_STEAM_1,100,4202.173716333,4274.689534184,72.515817851
1,poi_bus_120,120,Attila,unity,1,11,2020-01-01T11:00:00+00:00,7,branch_B12-1_immediate,branch,B12-1,fixed,short_term,188.145833333,0,816.889884961,-100,0,true,true,false,constraint_violation,0.942160314,207,1.071172234,210,0.021172234,0.868681231,C10,0,101_STEAM_3,63.00085033,316_STEAM_1,0,115,115_STEAM_3,100,4202.173716333,4270.861640827,68.687924494
1,poi_bus_120,120,Attila,unity,1,11,2020-01-01T11:00:00+00:00,8,branch_B12-1_sustained,branch,B12-1,bounded,continuous,188.145833333,0,816.889884961,-100,0.000000002,true,true,false,constraint_violation,0.926754633,307,1.069385245,210,0.023245367,0.934708173,C10,66.025712617,115_STEAM_3,102.486363803,316_STEAM_1,0,115,115_STEAM_3,100,4202.173716333,4268.19942895,66.025712617
1,poi_bus_120,120,Attila,unity,1,11,2020-01-01T11:00:00+00:00,9,branch_B22_immediate,branch,B22,fixed,short_term,188.145833333,0,816.889884961,-100,0.000000002,true,true,false,constraint_violation,0.967638449,307,1.078231461,210,0.028231461,0.868691326,C10,0,101_STEAM_3,60.681522758,316_STEAM_1,0,115,115_STEAM_3,100,4202.173716333,4272.598437533,70.4247212
1,poi_bus_120,120,Attila,unity,1,11,2020-01-01T11:00:00+00:00,10,branch_B22_sustained,branch,B22,bounded,continuous,188.145833333,0,816.889884961,-100.000000001,0,true,true,false,constraint_violation,0.934770169,307,1.077830781,210,0.027830781,0.94719615,C10,65.026910318,115_STEAM_3,97.706328053,316_STEAM_1,0,115,115_STEAM_3,100,4202.173716333,4267.200626651,65.026910318
1,poi_bus_120,120,Attila,unity,1,11,2020-01-01T11:00:00+00:00,11,branch_B6_immediate,branch,B6,fixed,short_term,188.145833333,0,816.889884961,-100,0,true,true,false,constraint_violation,0.967197723,307,1.08611844,210,0.03611844,0.868678778,C10,0,101_STEAM_3,63.154541312,316_STEAM_1,0,115,115_STEAM_3,100,4202.173716333,4266.117764003,63.94404767
1,poi_bus_120,120,Attila,unity,1,11,2020-01-01T11:00:00+00:00,12,branch_B6_sustained,branch,B6,bounded,continuous,188.145833333,0,816.889884961,-100,0.000000001,true,true,false,constraint_violation,0.929395487,307,1.083849701,210,0.033849701,0.936695122,C10,56.04788614,115_STEAM_3,107.741336885,316_STEAM_1,0,115,115_STEAM_3,100,4202.173716333,4258.221602473,56.04788614
1,poi_bus_120,120,Attila,unity,1,11,2020-01-01T11:00:00+00:00,13,branch_C12-1_immediate,branch,C12-1,fixed,short_term,188.145833333,0,816.889884961,-100,0,true,true,false,constraint_violation,0.85535866,307,1.084584814,210,0.09464134,0.825397987,A10,0,101_STEAM_3,80.147015359,316_STEAM_1,0,115,115_STEAM_3,100,4202.173716333,4272.264911425,70.091195092
1,poi_bus_120,120,Attila,unity,1,11,2020-01-01T11:00:00+00:00,14,branch_C12-1_sustained,branch,C12-1,bounded,continuous,188.145833333,0,816.889884961,-100,0,true,true,false,constraint_violation,0.749478807,307,1.082648893,210,0.200521193,0.925481282,A10,89.95340931,121_NUCLEAR_1,240.997785129,316_STEAM_1,0,121,121_NUCLEAR_1,100,4202.173716333,4296.127125643,93.95340931
1,poi_bus_120,120,Attila,unity,1,11,2020-01-01T11:00:00+00:00,15,branch_C27_immediate,branch,C27,fixed,short_term,188.145833333,0,816.889884961,-100,0.000000001,true,true,false,constraint_violation,0.967279288,307,1.084587407,210,0.034587407,0.868983969,C10,0,101_STEAM_3,68.3540607,316_STEAM_1,0,115,115_STEAM_3,100,4202.173716333,4266.269957145,64.096240812
1,poi_bus_120,120,Attila,unity,1,11,2020-01-01T11:00:00+00:00,16,branch_C27_sustained,branch,C27,bounded,continuous,188.145833333,0,816.889884961,100,0.000000001,true,true,false,constraint_violation,0.93807743,307,1.082223258,210,0.032223258,0.948724101,C10,61.051081777,115_STEAM_3,64.021791939,316_STEAM_1,0,115,115_STEAM_3,100,4202.173716333,4263.22479811,61.051081777
1,poi_bus_120,120,Attila,unity,1,11,2020-01-01T11:00:00+00:00,17,branch_C6_immediate,branch,C6,fixed,short_term,188.145833333,0,816.889884961,-99.999999999,0,true,true,false,constraint_violation,0.96485375,307,1.084582476,210,0.034582476,0.872884096,C10,0,101_STEAM_3,65.574868375,316_STEAM_1,0,115,115_STEAM_3,100,4202.173716333,4266.517265942,64.343549609
1,poi_bus_120,120,Attila,unity,1,11,2020-01-01T11:00:00+00:00,18,branch_C6_sustained,branch,C6,bounded,continuous,188.145833333,0,816.889884961,-99.999999999,0.000000001,true,true,false,constraint_violation,0.929140451,307,1.0825426,210,0.0325426,0.919630093,C10,58.090929109,115_STEAM_3,102.949994938,316_STEAM_1,0,115,115_STEAM_3,100,4202.173716333,4260.264645442,58.090929109
1,poi_bus_120,120,Attila,unity,1,11,2020-01-01T11:00:00+00:00,19,branch_CA-1_immediate,branch,CA-1,fixed,short_term,188.145833333,0,816.889884961,-99.999999999,0.000000001,true,true,false,constraint_violation,0.964560301,307,1.084710874,210,0.034710874,0.863966733,C10,0,101_STEAM_3,69.433757907,316_STEAM_1,0,115,115_STEAM_3,100,4202.173716333,4267.686208988,65.512492655
1,poi_bus_120,120,Attila,unity,1,11,2020-01-01T11:00:00+00:00,20,branch_CA-1_sustained,branch,CA-1,bounded,continuous,188.145833333,0,816.889884961,-100,0,true,true,false,constraint_violation,0.915279521,307,1.083611341,210,0.034720479,1.168353081,CB-1,170.825465323,115_STEAM_3,277.132897908,316_STEAM_1,0,115,115_STEAM_3,100,4202.173716333,4372.999181656,170.825465323
1,poi_bus_120,120,Attila,unity,1,11,2020-01-01T11:00:00+00:00,21,generator_121_NUCLEAR_1_sustained,generator,121_NUCLEAR_1,bounded,continuous,188.145833333,0,816.889884961,-100,0.000000001,true,true,false,constraint_violation,0.937510033,307,1.082121294,210,0.032121294,0.95900482,A10,21.695037439,216_STEAM_1,84.015507761,316_STEAM_1,0,216,216_STEAM_1,99,4202.173716333,4262.095037439,59.921321106
1,poi_bus_120,120,Attila,unity,1,11,2020-01-01T11:00:00+00:00,22,generator_213_CC_3_sustained,generator,213_CC_3,bounded,continuous,188.145833333,0,816.889884961,100,0.000000001,true,true,false,constraint_violation,0.925062863,307,1.084376906,210,0.034376906,0.925133008,C10,65.649203515,115_STEAM_3,96.039724488,316_STEAM_1,0,115,115_STEAM_3,100,4202.173716333,4267.822919848,65.649203515
1,poi_bus_120,120,Attila,unity,1,11,2020-01-01T11:00:00+00:00,23,generator_313_CC_1_sustained,generator,313_CC_1,bounded,continuous,188.145833333,0,816.889884961,-99.999999999,0.000000001,true,true,false,constraint_violation,0.921573834,307,1.083978575,210,0.033978575,0.920392812,C10,67.633622106,115_STEAM_3,157.239637897,316_STEAM_1,0,115,115_STEAM_3,100,4202.173716333,4269.807338439,67.633622106
1,poi_bus_120,120,Attila,unity,1,12,2020-01-01T12:00:00+00:00,0,normal,normal,,base,continuous,187.125,0,810.127122204,-100,0,true,true,false,constraint_violation,0.967414176,307,1.084555564,210,0.034555564,0.987727944,C10,0,101_STEAM_3,51.805408715,316_STEAM_1,0,316,316_STEAM_1,100,4167.922066,4229.889654683,61.967588683
1,poi_bus_120,120,Attila,unity,1,12,2020-01-01T12:00:00+00:00,1,branch_A11_immediate,branch,A11,fixed,short_term,187.125,0,810.127122204,-99.999999999,0,true,true,false,constraint_violation,0.967066489,307,1.084210451,210,0.034210451,0.864281584,C10,0,101_STEAM_3,53.971079408,316_STEAM_1,0,316,316_STEAM_1,100,4167.922066,4229.817579005,61.895513005
1,poi_bus_120,120,Attila,unity,1,12,2020-01-01T12:00:00+00:00,2,branch_A11_sustained,branch,A11,bounded,continuous,187.125,0,810.127122204,-100,0.000000001,true,true,false,constraint_violation,0.943735226,307,1.081955141,210,0.031955141,0.936428378,C10,0,101_STEAM_3,89.850859817,316_STEAM_1,0,216,216_STEAM_1,100,4167.922066,4225.539240186,57.617174186
1,poi_bus_120,120,Attila,unity,1,12,2020-01-01T12:00:00+00:00,3,branch_A12-1_immediate,branch,A12-1,fixed,short_term,187.125,0,810.127122204,-100,0.000000003,true,true,false,constraint_violation,0.967294816,307,1.08423187,210,0.03423187,0.864281232,C10,0,101_STEAM_3,52.441190655,316_STEAM_1,0,316,316_STEAM_1,100,4167.922066,4231.521893001,63.599827001
1,poi_bus_120,120,Attila,unity,1,12,2020-01-01T12:00:00+00:00,4,branch_A12-1_sustained,branch,A12-1,bounded,continuous,187.125,0,810.127122204,-100,0,true,true,false,constraint_violation,0.934661622,307,1.084118227,210,0.034118227,0.946841689,C10,61.885877876,115_STEAM_3,102.18711805,316_STEAM_1,0,115,115_STEAM_3,100,4167.922066,4229.807943876,61.885877876
1,poi_bus_120,120,Attila,unity,1,12,2020-01-01T12:00:00+00:00,5,branch_A34_immediate,branch,A34,fixed,short_term,187.125,0,810.127122204,-100,0.000000001,true,true,false,constraint_violation,0.967410997,307,1.084555096,210,0.034555096,0.864262366,C10,0,101_STEAM_3,51.824987166,316_STEAM_1,0,316,316_STEAM_1,100,4167.922066,4229.891487377,61.969421377
1,poi_bus_120,120,Attila,unity,1,12,2020-01-01T12:00:00+00:00,6,branch_A34_sustained,branch,A34,bounded,continuous,187.125,0,810.127122204,-100,0.000000002,true,true,false,constraint_violation,0.8938444,307,1.082415894,210,0.0561556,0.95989339,A10,17.805145952,316_STEAM_1,273.644349221,316_STEAM_1,0,316,316_STEAM_1,100,4167.922066,4278.727211952,110.805145952
1,poi_bus_120,120,Attila,unity,1,12,2020-01-01T12:00:00+00:00,7,branch_B12-1_immediate,branch,B12-1,fixed,short_term,187.125,0,810.127122204,-100,0,true,true,false,constraint_violation,0.941932915,207,1.07110514,210,0.02110514,0.864278207,C10,0,101_STEAM_3,51.346802531,316_STEAM_1,0,316,316_STEAM_1,100,4167.922066,4234.450821469,66.528755469
1,poi_bus_120,120,Attila,unity,1,12,2020-01-01T12:00:00+00:00,8,branch_B12-1_sustained,branch,B12-1,bounded,continuous,187.125,0,810.127122204,-100,0.000000001,true,true,false,constraint_violation,0.902302426,307,1.071669406,210,0.047697574,0.959904974,A10,12.426984309,316_STEAM_1,220.192834303,316_STEAM_1,0,316,316_STEAM_1,100,4167.922066,4273.349050309,105.426984309
1,poi_bus_120,120,Attila,unity,1,12,2020-01-01T12:00:00+00:00,9,branch_B22_immediate,branch,B22,fixed,short_term,187.125,0,810.127122204,-100,0,true,true,false,constraint_violation,0.96780367,307,1.078175091,210,0.028175091,0.864198596,C10,0,101_STEAM_3,48.921898873,316_STEAM_1,0,316,316_STEAM_1,100,4167.922066,4236.196172462,68.274106462
1,poi_bus_120,120,Attila,unity,1,12,2020-01-01T12:00:00+00:00,10,branch_B22_sustained,branch,B22,bounded,continuous,187.125,0,810.127122204,-100,0.000000001,true,true,false,constraint_violation,0.921147051,307,1.07890065,210,0.02890065,0.930117476,C10,76.880877172,115_STEAM_3,154.83215982,316_STEAM_1,0,115,115_STEAM_3,100,4167.922066,4244.802943172,76.880877172
1,poi_bus_120,120,Attila,unity,1,12,2020-01-01T12:00:00+00:00,11,branch_B6_immediate,branch,B6,fixed,short_term,187.125,0,810.127122204,-100,0.000000001,true,true,false,constraint_violation,0.967342381,307,1.086054913,210,0.036054913,0.864269685,C10,0,101_STEAM_3,52.25612151,316_STEAM_1,0,316,316_STEAM_1,100,4167.922066,4229.807855987,61.885789987
1,poi_bus_120,120,Attila,unity,1,12,2020-01-01T12:00:00+00:00,12,branch_B6_sustained,branch,B6,bounded,continuous,187.125,0,810.127122204,-100,0,true,true,false,constraint_violation,0.92430123,307,1.084061704,210,0.034061704,0.921631052,C10,66.777441483,115_STEAM_3,154.854590331,316_STEAM_1,0,115,115_STEAM_3,100,4167.922066,4234.699507483,66.777441483
1,poi_bus_120,120,Attila,unity,1,12,2020-01-01T12:00:00+00:00,13,branch_C12-1_immediate,branch,C12-1,fixed,short_term,187.125,0,810.127122204,-100,0.000000001,true,true,false,constraint_violation,0.857741792,307,1.084554454,210,0.092258208,0.826242218,A10,0,101_STEAM_3,67.53672278,316_STEAM_1,0,316,316_STEAM_1,100,4167.922066,4235.63267391,67.71060791
1,poi_bus_120,120,Attila,unity,1,12,2020-01-01T12:00:00+00:00,14,branch_C12-1_sustained,branch,C12-1,bounded,continuous,187.125,0,810.127122204,-100,0.000000001,true,true,false,constraint_violation,0.733511199,307,1.084492136,210,0.216488801,0.960009993,A10,38.278982408,316_STEAM_1,267.543895962,316_STEAM_1,0,316,316_STEAM_1,100,4167.922066,4281.678982408,113.756916408
1,poi_bus_120,120,Attila,unity,1,12,2020-01-01T12:00:00+00:00,15,branch_C27_immediate,branch,C27,fixed,short_term,187.125,0,810.127122204,-100,0.000000001,true,true,false,constraint_violation,0.967379602,307,1.084574797,210,0.034574797,0.864797,C10,0,101_STEAM_3,56.950541318,316_STEAM_1,0,316,316_STEAM_1,100,4167.922066,4230.108980341,62.186914341
1,poi_bus_120,120,Attila,unity,1,12,2020-01-01T12:00:00+00:00,16,branch_C27_sustained,branch,C27,bounded,continuous,187.125,0,810.127122204,-100,0,true,true,false,constraint_violation,0.934279232,307,1.08219585,210,0.03219585,0.96445182,A10,31.917943145,216_STEAM_1,114.078908605,316_STEAM_1,0,216,216_STEAM_1,100,4167.922066,4240.117943145,72.195877145
1,poi_bus_120,120,Attila,unity,1,12,2020-01-01T12:00:00+00:00,17,branch_C6_immediate,branch,C6,fixed,short_term,187.125,0,810.127122204,-100,0,true,true,false,constraint_violation,0.963849175,307,1.084556307,210,0.034556307,0.862720497,C10,0,101_STEAM_3,52.636376982,316_STEAM_1,0,316,316_STEAM_1,100,4167.922066,4229.986296523,62.064230523
1,poi_bus_120,120,Attila,unity,1,12,2020-01-01T12:00:00+00:00,18,branch_C6_sustained,branch,C6,bounded,continuous,187.125,0,810.127122204,-100,0.000000001,true,true,false,constraint_violation,0.927592852,307,1.084948751,210,0.034948751,0.91073621,A10,64.627131602,115_STEAM_3,113.341242884,316_STEAM_1,0,115,115_STEAM_3,100,4167.922066,4232.549197602,64.627131602
1,poi_bus_120,120,Attila,unity,1,12,2020-01-01T12:00:00+00:00,19,branch_CA-1_immediate,branch,CA-1,fixed,short_term,187.125,0,810.127122204,-100,0.000000001,true,true,false,constraint_violation,0.964309057,307,1.08465943,210,0.03465943,0.859471952,C10,0,101_STEAM_3,60.045720235,316_STEAM_1,0,316,316_STEAM_1,100,4167.922066,4230.853413764,62.931347764
1,poi_bus_120,120,Attila,unity,1,12,2020-01-01T12:00:00+00:00,20,branch_CA-1_sustained,branch,CA-1,bounded,continuous,187.125,0,810.127122204,11.188864001,0,true,true,false,constraint_violation,0.928406635,307,1.08447719,210,0.03447719,1.157511399,CB-1,145.510297373,115_STEAM_3,254.388145657,316_STEAM_1,0,115,115_STEAM_3,100,4167.922066,4313.432363373,145.510297373
1,poi_bus_120,120,Attila,unity,1,12,2020-01-01T12:00:00+00:00,21,generator_121_NUCLEAR_1_sustained,generator,121_NUCLEAR_1,bounded,continuous,187.125,0,810.127122204,-100,0,true,true,false,constraint_violation,0.938221694,307,1.082269142,210,0.032269142,0.953877632,A10,0,101_STEAM_3,101.077429696,316_STEAM_1,0,316,316_STEAM_1,99,4167.922066,4231.990885402,64.068819402
1,poi_bus_120,120,Attila,unity,1,12,2020-01-01T12:00:00+00:00,22,generator_213_CC_3_sustained,generator,213_CC_3,bounded,continuous,187.125,0,810.127122204,-99.999999999,0.000000002,true,true,false,constraint_violation,0.945157389,307,1.082502801,210,0.032502801,0.939389806,C10,21.476646481,115_STEAM_3,85.307507949,316_STEAM_1,0,115,115_STEAM_3,100,4167.922066,4229.876646481,61.954580481
1,poi_bus_120,120,Attila,unity,1,12,2020-01-01T12:00:00+00:00,23,generator_313_CC_1_sustained,generator,313_CC_1,bounded,continuous,187.125,0,810.127122204,100,0,true,true,false,constraint_violation,0.948701506,307,1.081932948,210,0.031932948,0.939855049,C10,58.548314649,115_STEAM_3,47.741445969,316_STEAM_1,0,115,115_STEAM_3,100,4167.922066,4226.470380649,58.548314649
1,poi_bus_120,120,Attila,unity,1,13,2020-01-01T13:00:00+00:00,0,normal,normal,,base,continuous,182.645833333,0,805.598865614,-100,0.000000001,true,true,false,constraint_violation,0.962826768,307,1.085009093,210,0.035009093,0.977268681,C10,0,101_STEAM_3,40.620962704,314_SYNC_COND_1,0,321,321_CC_1,101,4141.191983333,4200.035424722,58.843441389
1,poi_bus_120,120,Attila,unity,1,13,2020-01-01T13:00:00+00:00,1,branch_A11_immediate,branch,A11,fixed,short_term,182.645833333,0,805.598865614,-100,0.000000001,true,true,false,constraint_violation,0.962637486,307,1.084610092,210,0.034610092,0.855297106,C10,0,101_STEAM_3,40.25583886,314_SYNC_COND_1,0,321,321_CC_1,101,4141.191983333,4199.990233432,58.798250099
1,poi_bus_120,120,Attila,unity,1,13,2020-01-01T13:00:00+00:00,2,branch_A11_sustained,branch,A11,bounded,continuous,182.645833333,0,805.598865614,100,0,true,true,false,constraint_violation,0.926310942,307,1.083866422,210,0.033866422,0.95558355,A10,0,101_STEAM_3,46.616711993,316_STEAM_1,0,321,321_CC_1,101,4141.191983333,4211.053101766,69.861118433
1,poi_bus_120,120,Attila,unity,1,13,2020-01-01T13:00:00+00:00,3,branch_A12-1_immediate,branch,A12-1,fixed,short_term,182.645833333,0,805.598865614,-100,0.000000002,true,true,false,constraint_violation,0.962761641,307,1.084673634,210,0.034673634,0.855178312,C10,0,101_STEAM_3,40.4943946,314_SYNC_COND_1,0,321,321_CC_1,101,4141.191983333,4201.567935159,60.375951826
1,poi_bus_120,120,Attila,unity,1,13,2020-01-01T13:00:00+00:00,4,branch_A12-1_sustained,branch,A12-1,bounded,continuous,182.645833333,0,805.598865614,-100,0.000000002,true,true,false,constraint_violation,0.907334369,307,1.08262905,210,0.042665631,0.961961556,A10,0,101_STEAM_3,147.542883396,316_STEAM_1,0,321,321_CC_1,101,4141.191983333,4229.612565656,88.420582323
1,poi_bus_120,120,Attila,unity,1,13,2020-01-01T13:00:00+00:00,5,branch_A34_immediate,branch,A34,fixed,short_term,182.645833333,0,805.598865614,-100,0,true,true,false,constraint_violation,0.962824492,307,1.085008418,210,0.035008418,0.855112744,C10,0,101_STEAM_3,40.616503569,314_SYNC_COND_1,0,321,321_CC_1,101,4141.191983333,4200.03866138,58.846678047
1,poi_bus_120,120,Attila,unity,1,13,2020-01-01T13:00:00+00:00,6,branch_A34_sustained,branch,A34,bounded,continuous,182.645833333,0,805.598865614,99.999999999,0.000000001,true,true,false,constraint_violation,0.942746713,307,1.085230775,210,0.035230775,0.939385926,C10,0,101_STEAM_3,20.958528233,316_STEAM_1,0,115,115_STEAM_3,101,4141.191983333,4212.661850429,71.469867096
1,poi_bus_120,120,Attila,unity,1,13,2020-01-01T13:00:00+00:00,7,branch_B12-1_immediate,branch,B12-1,fixed,short_term,182.645833333,0,805.598865614,-100,0.000000001,true,true,false,constraint_violation,0.945012459,207,1.071912378,210,0.021912378,0.855079628,C10,0,101_STEAM_3,40.655807435,314_SYNC_COND_1,0,321,321_CC_1,101,4141.191983333,4204.481066014,63.289082681
1,poi_bus_120,120,Attila,unity,1,13,2020-01-01T13:00:00+00:00,8,branch_B12-1_sustained,branch,B12-1,bounded,continuous,182.645833333,0,805.598865614,-100,0,true,true,false,constraint_violation,0.923822933,307,1.072168832,210,0.026177067,0.960618267,A10,0,101_STEAM_3,76.947851645,316_STEAM_1,0,321,321_CC_1,101,4141.191983333,4219.817989319,78.626005986
1,poi_bus_120,120,Attila,unity,1,13,2020-01-01T13:00:00+00:00,9,branch_B22_immediate,branch,B22,fixed,short_term,182.645833333,0,805.598865614,-100,0.000000001,true,true,false,constraint_violation,0.963053391,307,1.078607862,210,0.028607862,0.85475501,C10,0,101_STEAM_3,41.079337102,314_SYNC_COND_1,0,321,321_CC_1,101,4141.191983333,4206.734697506,65.542714173
1,poi_bus_120,120,Attila,unity,1,13,2020-01-01T13:00:00+00:00,10,branch_B22_sustained,branch,B22,bounded,continuous,182.645833333,0,805.598865614,-99.999999999,0.000000002,true,true,false,constraint_violation,0.916630442,307,1.078174481,210,0.033369558,0.956155205,A10,0,101_STEAM_3,118.582461356,316_STEAM_1,0,321,321_CC_1,101,4141.191983333,4223.73972132,82.547737987
1,poi_bus_120,120,Attila,unity,1,13,2020-01-01T13:00:00+00:00,11,branch_B6_immediate,branch,B6,fixed,short_term,182.645833333,0,805.598865614,-100,0.000000001,true,true,false,constraint_violation,0.962791874,307,1.086484312,210,0.036484312,0.855149782,C10,0,101_STEAM_3,40.552784036,314_SYNC_COND_1,0,321,321_CC_1,101,4141.191983333,4199.933019153,58.74103582
1,poi_bus_120,120,Attila,unity,1,13,2020-01-01T13:00:00+00:00,12,branch_B6_sustained,branch,B6,bounded,continuous,182.645833333,0,805.598865614,100,0,true,true,false,constraint_violation,0.931060403,307,1.083947687,210,0.033947687,0.929485491,C10,0,101_STEAM_3,34.763074052,316_STEAM_1,0,321,321_CC_1,101,4141.191983333,4198.587142542,57.395159209
1,poi_bus_120,120,Attila,unity,1,13,2020-01-01T13:00:00+00:00,13,branch_C12-1_immediate,branch,C12-1,fixed,short_term,182.645833333,0,805.598865614,-99.999999999,0,true,true,false,constraint_violation,0.841989525,307,1.08500601,210,0.108010475,0.826889295,A10,0,101_STEAM_3,41.778524927,316_STEAM_1,0,321,321_CC_1,101,4141.191983333,4206.745323333,65.55334
1,poi_bus_120,120,Attila,unity,1,13,2020-01-01T13:00:00+00:00,14,branch_C12-1_sustained,branch,C12-1,bounded,continuous,182.645833333,0,805.598865614,-100,0,true,true,false,constraint_violation,0.781293866,307,1.082852794,210,0.168706134,0.965407745,A10,0,101_STEAM_3,87.500621091,316_STEAM_1,0,321,321_CC_1,101,4141.191983333,4216.410005945,75.218022612
1,poi_bus_120,120,Attila,unity,1,13,2020-01-01T13:00:00+00:00,15,branch_C27_immediate,branch,C27,fixed,short_term,182.645833333,0,805.598865614,-100,0.000000001,true,true,false,constraint_violation,0.962766643,307,1.084990774,210,0.034990774,0.854559589,C10,0,101_STEAM_3,42.840585127,316_STEAM_1,0,321,321_CC_1,101,4141.191983333,4200.157264343,58.96528101
1,poi_bus_120,120,Attila,unity,1,13,2020-01-01T13:00:00+00:00,16,branch_C27_sustained,branch,C27,bounded,continuous,182.645833333,0,805.598865614,-100,0,true,true,false,constraint_violation,0.883901661,307,1.083025891,210,0.066098339,0.959300089,A10,0,101_STEAM_3,243.706192039,316_STEAM_1,0,321,321_CC_1,101,4141.191983333,4257.598929133,116.4069458
1,poi_bus_120,120,Attila,unity,1,13,2020-01-01T13:00:00+00:00,17,branch_C6_immediate,branch,C6,fixed,short_term,182.645833333,0,805.598865614,-100,0.000000001,true,true,false,constraint_violation,0.957870367,307,1.085005472,210,0.035005472,0.847045448,C10,0,101_STEAM_3,34.826696788,314_SYNC_COND_1,0,321,321_CC_1,101,4141.191983333,4200.199922319,59.007938986
1,poi_bus_120,120,Attila,unity,1,13,2020-01-01T13:00:00+00:00,18,branch_C6_sustained,branch,C6,bounded,continuous,182.645833333,0,805.598865614,-100,0.000000002,true,true,false,constraint_violation,0.914726293,307,1.085628534,210,0.035628534,0.93638603,C10,0,101_STEAM_3,129.016060854,316_STEAM_1,0,321,321_CC_1,101,4141.191983333,4209.506062059,68.314078726
1,poi_bus_120,120,Attila,unity,1,13,2020-01-01T13:00:00+00:00,19,branch_CA-1_immediate,branch,CA-1,fixed,short_term,182.645833333,0,805.598865614,-100,0.000000001,true,true,false,constraint_violation,0.959047764,307,1.085075437,210,0.035075437,0.85017817,C10,0,101_STEAM_3,37.064191004,316_STEAM_1,0,321,321_CC_1,101,4141.191983333,4200.416816734,59.224833401
1,poi_bus_120,120,Attila,unity,1,13,2020-01-01T13:00:00+00:00,20,branch_CA-1_sustained,branch,CA-1,bounded,continuous,182.645833333,0,805.598865614,100,0,true,true,false,constraint_violation,0.925157331,307,1.082715498,210,0.032715498,0.95987617,A10,75.10004055,321_CC_1,76.921357828,316_STEAM_1,0,321,321_CC_1,101,4141.191983333,4216.292023883,75.10004055
1,poi_bus_120,120,Attila,unity,1,13,2020-01-01T13:00:00+00:00,21,generator_121_NUCLEAR_1_sustained,generator,121_NUCLEAR_1,bounded,continuous,182.645833333,0,805.598865614,100,0,true,true,false,constraint_violation,0.933318972,307,1.083456167,210,0.033456167,0.955479776,A10,0,101_STEAM_3,45.841402057,316_STEAM_1,0,116,116_STEAM_1,100,4141.191983333,4208.022241874,66.830258541
1,poi_bus_120,120,Attila,unity,1,13,2020-01-01T13:00:00+00:00,22,generator_213_CC_3_sustained,generator,213_CC_3,bounded,continuous,182.645833333,0,805.598865614,-100,0.000000002,true,true,false,constraint_violation,0.932457072,307,1.082621371,210,0.032621371,0.925732446,C10,53.543904138,321_CC_1,69.322874391,316_STEAM_1,0,321,321_CC_1,101,4141.191983333,4194.735887471,53.543904138
1,poi_bus_120,120,Attila,unity,1,13,2020-01-01T13:00:00+00:00,23,generator_313_CC_1_sustained,generator,313_CC_1,bounded,continuous,182.645833333,0,805.598865614,-100,0.000000001,true,true,false,constraint_violation,0.902159441,307,1.08510324,210,0.047840559,0.956775243,A10,0,101_STEAM_3,158.113373525,316_STEAM_1,0,321,321_CC_1,101,4141.191983333,4232.480159004,91.288175671
1,poi_bus_120,120,Attila,unity,1,14,2020-01-01T14:00:00+00:00,0,normal,normal,,base,continuous,181.333333333,0,799.633003319,-100,0.000000001,true,true,false,constraint_violation,0.947265898,307,1.084821713,210,0.034821713,0.962653017,C10,0,101_STEAM_3,49.413055899,316_STEAM_1,0,321,321_CC_1,101,4110.564470333,4168.625613676,58.061143343
1,poi_bus_120,120,Attila,unity,1,14,2020-01-01T14:00:00+00:00,1,branch_A11_immediate,branch,A11,fixed,short_term,181.333333333,0,799.633003319,-100,0.000000001,true,true,false,constraint_violation,0.946777118,307,1.084689564,210,0.034689564,0.842148444,C10,0,101_STEAM_3,50.672678371,316_STEAM_1,0,321,321_CC_1,101,4110.564470333,4168.64586545,58.081395117
1,poi_bus_120,120,Attila,unity,1,14,2020-01-01T14:00:00+00:00,2,branch_A11_sustained,branch,A11,bounded,continuous,181.333333333,0,799.633003319,100,0.000000002,true,true,false,constraint_violation,0.925388681,307,1.082589659,210,0.032589659,0.954904729,A10,66.386240767,321_CC_1,52.869934522,316_STEAM_1,0,321,321_CC_1,101,4110.564470333,4176.9507111,66.386240767
1,poi_bus_120,120,Attila,unity,1,14,2020-01-01T14:00:00+00:00,3,branch_A12-1_immediate,branch,A12-1,fixed,short_term,181.333333333,0,799.633003319,-100,0,true,true,false,constraint_violation,0.947090201,307,1.084595448,210,0.034595448,0.842258454,C10,0,101_STEAM_3,49.838526203,316_STEAM_1,0,321,321_CC_1,101,4110.564470333,4170.050807909,59.486337576
1,poi_bus_120,120,Attila,unity,1,14,2020-01-01T14:00:00+00:00,4,branch_A12-1_sustained,branch,A12-1,bounded,continuous,181.333333333,0,799.633003319,-100,0,true,true,false,constraint_violation,0.925548389,307,1.085566279,210,0.035566279,0.958878745,A10,74.035018635,321_CC_1,73.065647809,316_STEAM_1,0,321,321_CC_1,101,4110.564470333,4184.599488968,74.035018635
1,poi_bus_120,120,Attila,unity,1,14,2020-01-01T14:00:00+00:00,5,branch_A34_immediate,branch,A34,fixed,short_term,181.333333333,0,799.633003319,-100,0.000000001,true,true,false,constraint_violation,0.947269342,307,1.084821903,210,0.034821903,0.842322521,C10,0,101_STEAM_3,49.404381339,316_STEAM_1,0,321,321_CC_1,101,4110.564470333,4168.627938962,58.063468629
1,poi_bus_120,120,Attila,unity,1,14,2020-01-01T14:00:00+00:00,6,branch_A34_sustained,branch,A34,bounded,continuous,181.333333333,0,799.633003319,-100,0.000000001,true,true,false,constraint_violation,0.892765664,307,1.084428017,210,0.057234336,0.955717555,A10,0,101_STEAM_3,184.654790668,316_STEAM_1,0,321,321_CC_1,101,4110.564470333,4208.64074206,98.076271727
1,poi_bus_120,120,Attila,unity,1,14,2020-01-01T14:00:00+00:00,7,branch_B12-1_immediate,branch,B12-1,fixed,short_term,181.333333333,0,799.633003319,-100,0,true,true,false,constraint_violation,0.945757973,207,1.071937973,210,0.021937973,0.842326391,C10,0,101_STEAM_3,49.240715846,316_STEAM_1,0,321,321_CC_1,101,4110.564470333,4172.73311333,62.168642997
1,poi_bus_120,120,Attila,unity,1,14,2020-01-01T14:00:00+00:00,8,branch_B12-1_sustained,branch,B12-1,bounded,continuous,181.333333333,0,799.633003319,100,0.000000001,true,true,false,constraint_violation,0.929098618,307,1.071344885,210,0.021344885,0.956253462,A10,0,101_STEAM_3,38.449717265,316_STEAM_1,0,321,321_CC_1,101,4110.564470333,4179.71972849,69.155258157
1,poi_bus_120,120,Attila,unity,1,14,2020-01-01T14:00:00+00:00,9,branch_B22_immediate,branch,B22,fixed,short_term,181.333333333,0,799.633003319,-100,0.000000001,true,true,false,constraint_violation,0.947872593,307,1.079146115,210,0.029146115,0.842490275,C10,0,101_STEAM_3,47.866930348,316_STEAM_1,0,321,321_CC_1,101,4110.564470333,4173.439154427,62.874684094
1,poi_bus_120,120,Attila,unity,1,14,2020-01-01T14:00:00+00:00,10,branch_B22_sustained,branch,B22,bounded,continuous,181.333333333,0,799.633003319,-100,0,true,true,false,constraint_violation,0.909217425,307,1.078406545,210,0.040782575,0.925047455,A10,0,101_STEAM_3,124.74510752,316_STEAM_1,0,321,321_CC_1,101,4110.564470333,4183.95995858,73.395488247
1,poi_bus_120,120,Attila,unity,1,14,2020-01-01T14:00:00+00:00,11,branch_B6_immediate,branch,B6,fixed,short_term,181.333333333,0,799.633003319,-100,0.000000001,true,true,false,constraint_violation,0.947157861,307,1.086277035,210,0.036277035,0.842285251,C10,0,101_STEAM_3,49.68671238,316_STEAM_1,0,321,321_CC_1,101,4110.564470333,4168.567670522,58.003200189
1,poi_bus_120,120,Attila,unity,1,14,2020-01-01T14:00:00+00:00,12,branch_B6_sustained,branch,B6,bounded,continuous,181.333333333,0,799.633003319,-100,0.000000001,true,true,false,constraint_violation,0.90228021,307,1.08466127,210,0.04771979,0.921545102,A10,0,101_STEAM_3,159.759050465,316_STEAM_1,0,321,321_CC_1,101,4110.564470333,4191.899619217,81.335148884
1,poi_bus_120,120,Attila,unity,1,14,2020-01-01T14:00:00+00:00,13,branch_C12-1_immediate,branch,C12-1,fixed,short_term,181.333333333,0,799.633003319,-99.999999999,0,true,true,false,constraint_violation,0.801071238,307,1.084820674,210,0.148928762,0.830155861,A10,0,101_STEAM_3,71.600790617,316_STEAM_1,0,321,321_CC_1,101,4110.564470333,4177.637901262,67.073430929
1,poi_bus_120,120,Attila,unity,1,14,2020-01-01T14:00:00+00:00,14,branch_C12-1_sustained,branch,C12-1,bounded,continuous,181.333333333,0,799.633003319,-100,0.000000001,true,true,false,constraint_violation,0.735176732,307,1.083451854,210,0.214823268,0.955584889,C13-2,66.850842365,321_CC_1,114.782405574,316_STEAM_1,0,321,321_CC_1,101,4110.564470333,4177.415312698,66.850842365
1,poi_bus_120,120,Attila,unity,1,14,2020-01-01T14:00:00+00:00,15,branch_C27_immediate,branch,C27,fixed,short_term,181.333333333,0,799.633003319,-100,0.000000001,true,true,false,constraint_violation,0.947018452,307,1.084810532,210,0.034810532,0.841413868,C10,0,101_STEAM_3,63.705411445,316_STEAM_1,0,321,321_CC_1,101,4110.564470333,4168.797721836,58.233251503
1,poi_bus_120,120,Attila,unity,1,14,2020-01-01T14:00:00+00:00,16,branch_C27_sustained,branch,C27,bounded,continuous,181.333333333,0,799.633003319,-100,0,true,true,false,constraint_violation,0.889619819,307,1.085221039,210,0.060380181,0.955680204,A10,0,101_STEAM_3,189.25374102,316_STEAM_1,0,321,321_CC_1,101,4110.564470333,4209.567718351,99.003248018
1,poi_bus_120,120,Attila,unity,1,14,2020-01-01T14:00:00+00:00,17,branch_C6_immediate,branch,C6,fixed,short_term,181.333333333,0,799.633003319,-100,0,true,true,false,constraint_violation,0.94326027,307,1.084821205,210,0.034821205,0.837846705,C10,0,101_STEAM_3,50.391372405,316_STEAM_1,0,321,321_CC_1,101,4110.564470333,4168.742362308,58.177891975
1,poi_bus_120,120,Attila,unity,1,14,2020-01-01T14:00:00+00:00,18,branch_C6_sustained,branch,C6,bounded,continuous,181.333333333,0,799.633003319,-100,0.000000002,true,true,false,constraint_violation,0.932574102,307,1.085412474,210,0.035412474,0.939587912,C10,0,101_STEAM_3,77.630851416,316_STEAM_1,0,321,321_CC_1,101,4110.564470333,4170.10386355,59.539393217
1,poi_bus_120,120,Attila,unity,1,14,2020-01-01T14:00:00+00:00,19,branch_CA-1_immediate,branch,CA-1,fixed,short_term,181.333333333,0,799.633003319,-100,0,true,true,false,constraint_violation,0.946539479,307,1.084896467,210,0.034896467,0.835080388,C10,0,101_STEAM_3,63.699185085,316_STEAM_1,0,321,321_CC_1,101,4110.564470333,4181.26164251,70.697172177
1,poi_bus_120,120,Attila,unity,1,14,2020-01-01T14:00:00+00:00,20,branch_CA-1_sustained,branch,CA-1,bounded,continuous,181.333333333,0,799.633003319,100,0,true,true,false,constraint_violation,0.946585944,307,1.082250579,210,0.032250579,0.956655536,C10,0,101_STEAM_3,27.865629447,316_STEAM_1,0,321,321_CC_1,101,4110.564470333,4171.790502111,61.226031778
1,poi_bus_120,120,Attila,unity,1,14,2020-01-01T14:00:00+00:00,21,generator_121_NUCLEAR_1_sustained,generator,121_NUCLEAR_1,bounded,continuous,181.333333333,0,799.633003319,-99.999999999,0,true,true,false,constraint_violation,0.93509894,307,1.084800357,210,0.034800357,0.954900671,A10,59.684646283,321_CC_1,56.794703799,316_STEAM_1,0,321,321_CC_1,100,4110.564470333,4170.249116616,59.684646283
1,poi_bus_120,120,Attila,unity,1,14,2020-01-01T14:00:00+00:00,22,generator_213_CC_3_sustained,generator,213_CC_3,bounded,continuous,181.333333333,0,799.633003319,100.000000001,0,true,true,false,constraint_violation,0.927542747,307,1.085161041,210,0.035161041,0.952502157,A10,0,101_STEAM_3,43.207467803,316_STEAM_1,0,321,321_CC_1,101,4110.564470333,4180.311168078,69.746697745
1,poi_bus_120,120,Attila,unity,1,14,2020-01-01T14:00:00+00:00,23,generator_313_CC_1_sustained,generator,313_CC_1,bounded,continuous,181.333333333,0,799.633003319,-100,0,true,true,false,constraint_violation,0.888204266,307,1.083184882,210,0.061795734,0.95546801,A10,0,101_STEAM_3,196.44084813,316_STEAM_1,0,321,321_CC_1,101,4110.564470333,4212.570923707,102.006453374
1,poi_bus_120,120,Attila,unity,1,15,2020-01-01T15:00:00+00:00,0,normal,normal,,base,continuous,185.25,0,796.28929986,-100,0,true,true,false,constraint_violation,0.909210929,307,1.083170286,210,0.040789071,0.940525719,A10,0,101_STEAM_3,129.309261696,316_STEAM_1,0,107,107_CC_1,102,4098.05087,4186.533861887,88.482991887
1,poi_bus_120,120,Attila,unity,1,15,2020-01-01T15:00:00+00:00,1,branch_A11_immediate,branch,A11,fixed,short_term,185.25,0,796.28929986,-99.999999999,0.000000001,true,true,false,constraint_violation,0.910825443,307,1.078984551,210,0.039174557,1.260495583,AB1,0,101_STEAM_3,126.561182056,316_STEAM_1,0,107,107_CC_1,102,4098.05087,4208.34183644,110.29096644
1,poi_bus_120,120,Attila,unity,1,15,2020-01-01T15:00:00+00:00,2,branch_A11_sustained,branch,A11,bounded,continuous,185.25,0,796.28929986,100,0,true,true,false,constraint_violation,0.874069464,307,1.078386183,210,0.075930536,1.301365349,AB1,0,101_STEAM_3,158.826207136,316_STEAM_1,0,107,107_CC_1,102,4098.05087,4203.643219904,105.592349904
1,poi_bus_120,120,Attila,unity,1,15,2020-01-01T15:00:00+00:00,3,branch_A12-1_immediate,branch,A12-1,fixed,short_term,185.25,0,796.28929986,-99.999999999,0,true,true,false,constraint_violation,0.909355446,307,1.082931952,210,0.040644554,0.815910367,A10,0,101_STEAM_3,129.050851603,316_STEAM_1,0,107,107_CC_1,102,4098.05087,4187.460946462,89.410076462
1,poi_bus_120,120,Attila,unity,1,15,2020-01-01T15:00:00+00:00,4,branch_A12-1_sustained,branch,A12-1,bounded,continuous,185.25,0,796.28929986,-99.999999999,0.000000001,true,true,false,constraint_violation,0.846993475,307,1.081443183,210,0.103006525,1.02049258,CA-1,0,101_STEAM_3,258.503179278,316_STEAM_1,0,107,107_CC_1,102,4098.05087,4231.972746739,133.921876739
1,poi_bus_120,120,Attila,unity,1,15,2020-01-01T15:00:00+00:00,5,branch_A34_immediate,branch,A34,fixed,short_term,185.25,0,796.28929986,-100,0.000000001,true,true,false,constraint_violation,0.909336817,307,1.083163479,210,0.040663183,0.822865398,A10,0,101_STEAM_3,129.084032945,316_STEAM_1,0,107,107_CC_1,102,4098.05087,4187.058996766,89.008126766
1,poi_bus_120,120,Attila,unity,1,15,2020-01-01T15:00:00+00:00,6,branch_A34_sustained,branch,A34,bounded,continuous,185.25,0,796.28929986,-99.999999999,0.000000001,true,true,false,constraint_violation,0.844679289,307,1.081782562,210,0.105320711,0.994496364,CA-1,0,101_STEAM_3,270.329709399,316_STEAM_1,0,321,321_CC_1,102,4098.05087,4226.892633516,128.841763516
1,poi_bus_120,120,Attila,unity,1,15,2020-01-01T15:00:00+00:00,7,branch_B12-1_immediate,branch,B12-1,fixed,short_term,185.25,0,796.28929986,-99.999999999,0,true,true,false,constraint_violation,0.909120477,307,1.070396856,210,0.040879523,0.822321283,A10,0,101_STEAM_3,129.47214947,316_STEAM_1,0,107,107_CC_1,102,4098.05087,4191.132550294,93.081680294
1,poi_bus_120,120,Attila,unity,1,15,2020-01-01T15:00:00+00:00,8,branch_B12-1_sustained,branch,B12-1,bounded,continuous,185.25,0,796.28929986,100,0,true,true,false,constraint_violation,0.890965137,307,1.069984395,110,0.059034863,0.904238813,A10,0,101_STEAM_3,118.088748297,316_STEAM_1,0,107,107_CC_1,102,4098.05087,4171.796617285,73.745747285
1,poi_bus_120,120,Attila,unity,1,15,2020-01-01T15:00:00+00:00,9,branch_B22_immediate,branch,B22,fixed,short_term,185.25,0,796.28929986,-100,0,true,true,false,constraint_violation,0.910000803,307,1.077992358,210,0.039999197,0.823789108,A10,0,101_STEAM_3,127.925583594,316_STEAM_1,0,107,107_CC_1,102,4098.05087,4190.231298108,92.180428108
1,poi_bus_120,120,Attila,unity,1,15,2020-01-01T15:00:00+00:00,10,branch_B22_sustained,branch,B22,bounded,continuous,185.25,0,796.28929986,-100,0.000000002,true,true,false,constraint_violation,0.876042338,307,1.07662793,210,0.073957662,0.946212208,A10,0,101_STEAM_3,179.991919354,316_STEAM_1,0,107,107_CC_1,102,4098.05087,4198.524743641,100.473873641
1,poi_bus_120,120,Attila,unity,1,15,2020-01-01T15:00:00+00:00,11,branch_B6_immediate,branch,B6,fixed,short_term,185.25,0,796.28929986,-100,0.000000001,true,true,false,constraint_violation,0.908643726,307,1.084711204,210,0.041356274,0.820191757,A10,0,101_STEAM_3,130.344884844,316_STEAM_1,0,107,107_CC_1,102,4098.05087,4187.559719068,89.508849068
1,poi_bus_120,120,Attila,unity,1,15,2020-01-01T15:00:00+00:00,12,branch_B6_sustained,branch,B6,bounded,continuous,185.25,0,796.28929986,-100,0,true,true,false,constraint_violation,0.838702503,307,1.082445295,210,0.111297497,1.06741718,CA-1,0,101_STEAM_3,286.971467795,316_STEAM_1,0,107,107_CC_1,102,4098.05087,4239.588568583,141.537698583
1,poi_bus_120,120,Attila,unity,1,15,2020-01-01T15:00:00+00:00,13,branch_C12-1_immediate,branch,C12-1,fixed,short_term,185.25,0,796.28929986,-100,0.000000001,true,false,false,not_converged,,,,,,,,,,,,,107,107_CC_1,102,,,
1,poi_bus_120,120,Attila,unity,1,15,2020-01-01T15:00:00+00:00,14,branch_C12-1_sustained,branch,C12-1,bounded,continuous,185.25,0,796.28929986,100,0,true,false,false,not_converged,,,,,,,,,,,,,107,107_CC_1,102,,,
1,poi_bus_120,120,Attila,unity,1,15,2020-01-01T15:00:00+00:00,15,branch_C27_immediate,branch,C27,fixed,short_term,185.25,0,796.28929986,-99.999999999,0.000000001,true,true,false,constraint_violation,0.906610102,307,1.083184108,210,0.043389898,0.82197744,A10,0,101_STEAM_3,145.256172716,316_STEAM_1,0,107,107_CC_1,102,4098.05087,4189.382456431,91.331586431
1,poi_bus_120,120,Attila,unity,1,15,2020-01-01T15:00:00+00:00,16,branch_C27_sustained,branch,C27,bounded,continuous,185.25,0,796.28929986,-100,0,true,true,false,constraint_violation,0.868276492,307,1.084420676,210,0.081723508,0.917414006,A10,0,101_STEAM_3,211.07083461,316_STEAM_1,0,107,107_CC_1,102,4098.05087,4194.50478411,96.45391411
1,poi_bus_120,120,Attila,unity,1,15,2020-01-01T15:00:00+00:00,17,branch_C6_immediate,branch,C6,fixed,short_term,185.25,0,796.28929986,-100,0,true,true,false,constraint_violation,0.898624294,307,1.083159466,210,0.051375706,0.82272788,A10,0,101_STEAM_3,132.620833356,316_STEAM_1,0,107,107_CC_1,102,4098.05087,4188.044223824,89.993353824
1,poi_bus_120,120,Attila,unity,1,15,2020-01-01T15:00:00+00:00,18,branch_C6_sustained,branch,C6,bounded,continuous,185.25,0,796.28929986,-99.999999999,0.000000001,true,true,false,constraint_violation,0.904980932,307,1.084494124,210,0.045019068,0.915636154,A10,0,101_STEAM_3,111.575554608,316_STEAM_1,0,107,107_CC_1,102,4098.05087,4166.698371993,68.647501993
1,poi_bus_120,120,Attila,unity,1,15,2020-01-01T15:00:00+00:00,19,branch_CA-1_immediate,branch,CA-1,fixed,short_term,185.25,0,796.28929986,-100,0,true,true,false,constraint_violation,0.913675126,307,1.07944632,210,0.036324874,1.089115537,CB-1,35.734940358,107_CC_1,203.855476529,316_STEAM_1,0,107,107_CC_1,102,4098.05087,4274.068273814,176.017403814
1,poi_bus_120,120,Attila,unity,1,15,2020-01-01T15:00:00+00:00,20,branch_CA-1_sustained,branch,CA-1,bounded,continuous,185.25,0,796.28929986,100,0.000000002,true,true,false,constraint_violation,0.898053741,307,1.081984621,210,0.051946259,0.913092935,A10,0,101_STEAM_3,145.525970531,316_STEAM_1,0,107,107_CC_1,102,4098.05087,4183.942991338,85.892121338
1,poi_bus_120,120,Attila,unity,1,15,2020-01-01T15:00:00+00:00,21,generator_121_NUCLEAR_1_sustained,generator,121_NUCLEAR_1,bounded,continuous,185.25,0,796.28929986,100,0,true,true,false,constraint_violation,0.921907444,307,1.082299299,210,0.032299299,0.923588483,A10,0,101_STEAM_3,69.916729832,316_STEAM_1,0,107,107_CC_1,101,4098.05087,4162.584756345,64.533886345
1,poi_bus_120,120,Attila,unity,1,15,2020-01-01T15:00:00+00:00,22,generator_213_CC_3_sustained,generator,213_CC_3,bounded,continuous,185.25,0,796.28929986,100,0.000000001,true,true,false,constraint_violation,0.888689427,307,1.082273591,210,0.061310573,0.912805892,A10,0,101_STEAM_3,120.004855964,316_STEAM_1,0,107,107_CC_1,102,4098.05087,4169.356373384,71.305503384
1,poi_bus_120,120,Attila,unity,1,15,2020-01-01T15:00:00+00:00,23,generator_313_CC_1_sustained,generator,313_CC_1,bounded,continuous,185.25,0,796.28929986,-99.999999999,0.000000001,true,true,false,constraint_violation,0.866964992,307,1.084930353,210,0.083035008,0.95241766,A10,0,101_STEAM_3,203.875254054,316_STEAM_1,0,321,321_CC_1,102,4098.05087,4200.5585706,102.5077006
1,poi_bus_120,120,Attila,unity,1,16,2020-01-01T16:00:00+00:00,0,normal,normal,,base,continuous,185.666666667,0,825.723262372,100,0.000000001,true,true,false,constraint_violation,0.9568,307,1.080129124,210,0.030129124,0.965358716,A11,0,101_CT_1,196.877671014,216_STEAM_1,0,107,107_CC_1,106,4243.099938667,4342.473417718,99.373479051
1,poi_bus_120,120,Attila,unity,1,16,2020-01-01T16:00:00+00:00,1,branch_A11_immediate,branch,A11,fixed,short_term,185.666666667,0,825.723262372,100,0.000000001,true,true,false,constraint_violation,0.9568,307,1.072970112,210,0.022970112,1.495793968,AB1,22.946341074,107_CC_1,193.165439972,216_STEAM_1,0,107,107_CC_1,106,4243.099938667,4382.942998802,139.843060135
1,poi_bus_120,120,Attila,unity,1,16,2020-01-01T16:00:00+00:00,2,branch_A11_sustained,branch,A11,bounded,continuous,185.666666667,0,825.723262372,-100,0.000000002,true,true,false,constraint_violation,0.9568,307,1.079862673,210,0.029862673,1.328762786,AB1,0,101_CT_1,201.396282787,216_STEAM_1,0,107,107_CC_1,106,4243.099938667,4356.910591114,113.810652447
1,poi_bus_120,120,Attila,unity,1,16,2020-01-01T16:00:00+00:00,3,branch_A12-1_immediate,branch,A12-1,fixed,short_term,185.666666667,0,825.723262372,100,0,true,true,false,constraint_violation,0.9568,307,1.079678586,210,0.029678586,0.779126523,C10,0,101_CT_1,196.382531865,216_STEAM_1,0,107,107_CC_1,106,4243.099938667,4344.660652069,101.560713402
1,poi_bus_120,120,Attila,unity,1,16,2020-01-01T16:00:00+00:00,4,branch_A12-1_sustained,branch,A12-1,bounded,continuous,185.666666667,0,825.723262372,-99.999999999,0.000000001,true,true,false,constraint_violation,0.9568,307,1.0802192,210,0.0302192,0.904643737,A10,0,101_CT_1,198.490978252,216_STEAM_1,0,107,107_CC_1,106,4243.099938667,4346.899131936,103.799193269
1,poi_bus_120,120,Attila,unity,1,16,2020-01-01T16:00:00+00:00,5,branch_A34_immediate,branch,A34,fixed,short_term,185.666666667,0,825.723262372,99.999999999,0.000000001,true,true,false,constraint_violation,0.9568,307,1.080122757,210,0.030122757,0.780176276,A10,0,101_CT_1,196.911905068,216_STEAM_1,0,107,107_CC_1,106,4243.099938667,4343.022203838,99.922265171
1,poi_bus_120,120,Attila,unity,1,16,2020-01-01T16:00:00+00:00,6,branch_A34_sustained,branch,A34,bounded,continuous,185.666666667,0,825.723262372,100,0,true,true,false,constraint_violation,0.9568,307,1.079646975,210,0.029646975,0.902252438,A10,0,101_CT_1,209.348230814,216_STEAM_1,0,107,107_CC_1,106,4243.099938667,4341.910830387,98.81089172
1,poi_bus_120,120,Attila,unity,1,16,2020-01-01T16:00:00+00:00,7,branch_B12-1_immediate,branch,B12-1,fixed,short_term,185.666666667,0,825.723262372,100,0,true,true,false,constraint_violation,0.933104268,207,1.066466239,210,0.016895732,0.784322556,A11,0,101_CT_1,197.3310209,216_STEAM_1,0,107,107_CC_1,106,4243.099938667,4347.448641619,104.348702952
1,poi_bus_120,120,Attila,unity,1,16,2020-01-01T16:00:00+00:00,8,branch_B12-1_sustained,branch,B12-1,bounded,continuous,185.666666667,0,825.723262372,-100,0.000000001,true,true,false,constraint_violation,0.933799278,207,1.067024308,210,0.017024308,1.018381594,CA-1,0,101_CT_1,217.469975384,316_STEAM_1,0,107,107_CC_1,106,4243.099938667,4381.517709425,138.417770758
1,poi_bus_120,120,Attila,unity,1,16,2020-01-01T16:00:00+00:00,9,branch_B22_immediate,branch,B22,fixed,short_term,185.666666667,0,825.723262372,100,0,true,true,false,constraint_violation,0.9568,307,1.074455613,210,0.024455613,0.781236047,A10,0,101_CT_1,203.401265973,216_STEAM_1,0,107,107_CC_1,106,4243.099938667,4346.14696702,103.047028353
1,poi_bus_120,120,Attila,unity,1,16,2020-01-01T16:00:00+00:00,10,branch_B22_sustained,branch,B22,bounded,continuous,185.666666667,0,825.723262372,-100,0.000000001,true,true,false,constraint_violation,0.9568,307,1.074761428,210,0.024761428,0.912171875,A10,0,101_CT_1,204.421437304,216_STEAM_1,0,107,107_CC_1,106,4243.099938667,4347.142107731,104.042169064
1,poi_bus_120,120,Attila,unity,1,16,2020-01-01T16:00:00+00:00,11,branch_B6_immediate,branch,B6,fixed,short_term,185.666666667,0,825.723262372,100,0,true,true,false,constraint_violation,0.9568,307,1.082559864,210,0.032559864,0.826661793,A11,0,101_CT_1,199.827659916,216_STEAM_1,0,107,107_CC_1,106,4243.099938667,4343.548912478,100.448973811
1,poi_bus_120,120,Attila,unity,1,16,2020-01-01T16:00:00+00:00,12,branch_B6_sustained,branch,B6,bounded,continuous,185.666666667,0,825.723262372,100,0.000000001,true,true,false,constraint_violation,0.9568,307,1.081736996,210,0.031736996,0.900425197,A10,0,101_CT_1,212.186705737,216_STEAM_1,0,107,107_CC_1,106,4243.099938667,4340.607844735,97.507906068
1,poi_bus_120,120,Attila,unity,1,16,2020-01-01T16:00:00+00:00,13,branch_C12-1_immediate,branch,C12-1,fixed,short_term,185.666666667,0,825.723262372,100,0,true,true,false,constraint_violation,0.9407579,308,1.08004048,210,0.03004048,0.791757252,A11,0,101_CT_1,196.872836392,216_STEAM_1,0,107,107_CC_1,106,4243.099938667,4351.764767547,108.66482888
1,poi_bus_120,120,Attila,unity,1,16,2020-01-01T16:00:00+00:00,14,branch_C12-1_sustained,branch,C12-1,bounded,continuous,185.666666667,0,825.723262372,100.000000001,0,true,true,false,constraint_violation,0.947631212,308,1.082128866,210,0.032128866,0.905512255,A10,0,101_CT_1,198.942117489,216_STEAM_1,0,107,107_CC_1,106,4243.099938667,4326.385315967,83.2853773
1,poi_bus_120,120,Attila,unity,1,16,2020-01-01T16:00:00+00:00,15,branch_C27_immediate,branch,C27,fixed,short_term,185.666666667,0,825.723262372,100,0,true,true,false,constraint_violation,0.9568,307,1.080136108,210,0.030136108,0.791347791,A11,0,101_CT_1,196.339253818,216_STEAM_1,0,107,107_CC_1,106,4243.099938667,4346.34534554,103.245406873
1,poi_bus_120,120,Attila,unity,1,16,2020-01-01T16:00:00+00:00,16,branch_C27_sustained,branch,C27,bounded,continuous,185.666666667,0,825.723262372,99.999999999,0.000000001,true,true,false,constraint_violation,0.9568,307,1.079742324,210,0.029742324,0.90327422,A10,0,101_CT_1,200.621957127,216_STEAM_1,0,107,107_CC_1,106,4243.099938667,4336.738610773,93.638672106
1,poi_bus_120,120,Attila,unity,1,16,2020-01-01T16:00:00+00:00,17,branch_C6_immediate,branch,C6,fixed,short_term,185.666666667,0,825.723262372,100,0.000000001,true,true,false,constraint_violation,0.9568,307,1.080123411,210,0.030123411,0.780011643,A10,0,101_CT_1,196.809890075,216_STEAM_1,0,107,107_CC_1,106,4243.099938667,4343.621742968,100.521804301
1,poi_bus_120,120,Attila,unity,1,16,2020-01-01T16:00:00+00:00,18,branch_C6_sustained,branch,C6,bounded,continuous,185.666666667,0,825.723262372,-100,0,true,true,false,constraint_violation,0.9568,307,1.078905231,210,0.028905231,1.108815261,CA-1,0,101_CT_1,245.657449947,316_STEAM_1,0,107,107_CC_1,106,4243.099938667,4395.385747198,152.285808531
1,poi_bus_120,120,Attila,unity,1,16,2020-01-01T16:00:00+00:00,19,branch_CA-1_immediate,branch,CA-1,fixed,short_term,185.666666667,0,825.723262372,100.000000001,0,true,true,false,constraint_violation,0.9568,307,1.076236325,210,0.026236325,1.24061228,CB-1,78.244874615,107_CC_1,254.227803421,316_STEAM_1,0,107,107_CC_1,106,4243.099938667,4438.241532343,195.141593676
1,poi_bus_120,120,Attila,unity,1,16,2020-01-01T16:00:00+00:00,20,branch_CA-1_sustained,branch,CA-1,bounded,continuous,185.666666667,0,825.723262372,99.999999999,0.000000001,true,true,false,constraint_violation,0.9568,307,1.078390959,210,0.028390959,1.173369424,CB-1,0,101_CT_1,213.960964766,216_STEAM_1,0,107,107_CC_1,106,4243.099938667,4371.259941925,128.160003258
1,poi_bus_120,120,Attila,unity,1,16,2020-01-01T16:00:00+00:00,21,generator_121_NUCLEAR_1_sustained,generator,121_NUCLEAR_1,bounded,continuous,185.666666667,0,825.723262372,50.713890528,0.000000001,true,true,false,constraint_violation,0.9568,307,1.079945781,210,0.029945781,1.326146952,A11,64.629715251,107_CC_1,34.113541352,313_CC_1,0,107,107_CC_1,105,4243.099938667,4344.129715251,101.029776584
1,poi_bus_120,120,Attila,unity,1,16,2020-01-01T16:00:00+00:00,22,generator_213_CC_3_sustained,generator,213_CC_3,bounded,continuous,185.666666667,0,825.723262372,-99.999999999,0,true,true,false,constraint_violation,0.9568,307,1.078951425,210,0.028951425,1.009887815,CA-1,0,101_CT_1,223.210947508,316_STEAM_1,0,107,107_CC_1,106,4243.099938667,4375.502329774,132.402391107
1,poi_bus_120,120,Attila,unity,1,16,2020-01-01T16:00:00+00:00,23,generator_313_CC_1_sustained,generator,313_CC_1,bounded,continuous,185.666666667,0,825.723262372,100,0.000000001,true,true,false,constraint_violation,0.942494728,312,1.078763539,210,0.028763539,1.400060549,A11,116.823653917,107_CC_1,284.441151452,316_STEAM_1,0,107,107_CC_1,105,4243.099938667,4408.323653917,165.22371525
1,poi_bus_120,120,Attila,unity,1,17,2020-01-01T17:00:00+00:00,0,normal,normal,,base,continuous,189.020833333,0,931.674803888,57.3134342,0,true,true,false,constraint_violation,0.9568,307,1.070999151,210,0.020999151,0.99784466,A11,35.652616881,107_CC_1,95.370303369,316_STEAM_1,0,107,107_CC_1,105,4767.078059333,4894.385950409,127.307891076
1,poi_bus_120,120,Attila,unity,1,17,2020-01-01T17:00:00+00:00,1,branch_A11_immediate,branch,A11,fixed,short_term,189.020833333,0,931.674803888,57.313434199,0,true,true,false,constraint_violation,0.9568,307,1.062551138,210,0.012551138,1.785900771,AB1,88.319222157,107_CC_1,95.115640257,316_STEAM_1,0,107,107_CC_1,105,4767.078059333,4947.052555685,179.974496352
1,poi_bus_120,120,Attila,unity,1,17,2020-01-01T17:00:00+00:00,2,branch_A11_sustained,branch,A11,bounded,continuous,189.020833333,0,931.674803888,-100,0.000000001,true,true,false,constraint_violation,0.9568,307,1.062184207,110,0.012184207,2.164774855,AB1,75.374945577,107_CC_1,154.861656916,316_STEAM_1,0,107,107_CC_1,105,4767.078059333,4966.308150875,199.230091542
1,poi_bus_120,120,Attila,unity,1,17,2020-01-01T17:00:00+00:00,3,branch_A12-1_immediate,branch,A12-1,fixed,short_term,189.020833333,0,931.674803888,57.3134342,0.000000001,true,true,false,constraint_violation,0.9568,307,1.07054023,210,0.02054023,0.814716633,AB1,38.180453903,107_CC_1,95.296924001,316_STEAM_1,0,107,107_CC_1,105,4767.078059333,4896.913787431,129.835728098
1,poi_bus_120,120,Attila,unity,1,17,2020-01-01T17:00:00+00:00,4,branch_A12-1_sustained,branch,A12-1,bounded,continuous,189.020833333,0,931.674803888,-100,0,true,true,false,constraint_violation,0.955359981,308,1.07080469,210,0.02080469,0.950467356,CA-1,0,101_STEAM_3,126.558842691,316_STEAM_1,0,107,107_CC_1,105,4767.078059333,4894.977898611,127.899839278
1,poi_bus_120,120,Attila,unity,1,17,2020-01-01T17:00:00+00:00,5,branch_A34_immediate,branch,A34,fixed,short_term,189.020833333,0,931.674803888,57.3134342,0,true,true,false,constraint_violation,0.9568,307,1.070885135,210,0.020885135,0.823565261,A11,47.512958132,107_CC_1,95.198796724,316_STEAM_1,0,107,107_CC_1,105,4767.078059333,4906.24629166,139.168232327
1,poi_bus_120,120,Attila,unity,1,17,2020-01-01T17:00:00+00:00,6,branch_A34_sustained,branch,A34,bounded,continuous,189.020833333,0,931.674803888,100,0.000000001,true,true,false,constraint_violation,0.955644005,308,1.071296253,210,0.021296253,0.914987565,C10,0,101_STEAM_3,98.202727194,316_STEAM_1,0,107,107_CC_1,105,4767.078059333,4892.33825552,125.260196187
1,poi_bus_120,120,Attila,unity,1,17,2020-01-01T17:00:00+00:00,7,branch_B12-1_immediate,branch,B12-1,fixed,short_term,189.020833333,0,931.674803888,57.3134342,0,true,true,false,constraint_violation,0.869034496,207,1.058028555,110,0.080965504,0.819976686,A11,44.834356242,107_CC_1,95.411903267,316_STEAM_1,0,107,107_CC_1,105,4767.078059333,4903.56768977,136.489630437
1,poi_bus_120,120,Attila,unity,1,17,2020-01-01T17:00:00+00:00,8,branch_B12-1_sustained,branch,B12-1,bounded,continuous,189.020833333,0,931.674803888,-100,0,true,true,false,constraint_violation,0.86880682,207,1.062726838,110,0.08119318,1.106552644,CA-1,0,101_STEAM_3,142.366257983,316_STEAM_1,0,107,107_CC_1,105,4767.078059333,4916.551837501,149.473778168
1,poi_bus_120,120,Attila,unity,1,17,2020-01-01T17:00:00+00:00,9,branch_B22_immediate,branch,B22,fixed,short_term,189.020833333,0,931.674803888,57.3134342,0.000000001,true,true,false,constraint_violation,0.9568,307,1.062882026,210,0.012882026,0.791772464,A10,41.599984683,107_CC_1,95.152648727,316_STEAM_1,0,107,107_CC_1,105,4767.078059333,4900.333318211,133.255258878
1,poi_bus_120,120,Attila,unity,1,17,2020-01-01T17:00:00+00:00,10,branch_B22_sustained,branch,B22,bounded,continuous,189.020833333,0,931.674803888,-100,0.000000001,true,true,false,constraint_violation,0.9568,307,1.0631562,210,0.0131562,1.110410061,CA-1,0,101_STEAM_3,142.348300065,316_STEAM_1,0,107,107_CC_1,105,4767.078059334,4917.406212974,150.32815364
1,poi_bus_120,120,Attila,unity,1,17,2020-01-01T17:00:00+00:00,11,branch_B6_immediate,branch,B6,fixed,short_term,189.020833333,0,931.674803888,57.313434199,0.000000001,true,true,false,constraint_violation,0.9568,307,1.071758181,210,0.021758181,0.870385914,A11,37.436623,107_CC_1,95.592845295,316_STEAM_1,0,107,107_CC_1,105,4767.078059333,4896.169956528,129.091897195
1,poi_bus_120,120,Attila,unity,1,17,2020-01-01T17:00:00+00:00,12,branch_B6_sustained,branch,B6,bounded,continuous,189.020833333,0,931.674803888,-100,0.000000002,true,true,false,constraint_violation,0.9568,307,1.071147113,210,0.021147113,1.012085032,A11,0,101_STEAM_3,107.583278589,316_STEAM_1,0,221,221_CC_1,105,4767.078059333,4884.615736667,117.537677334
1,poi_bus_120,120,Attila,unity,1,17,2020-01-01T17:00:00+00:00,13,branch_C12-1_immediate,branch,C12-1,fixed,short_term,189.020833333,0,931.674803888,57.3134342,0.000000001,true,true,false,constraint_violation,0.930401273,308,1.070857792,210,0.020857792,0.87671287,C13-2,49.990311346,107_CC_1,102.349987982,316_STEAM_1,0,107,107_CC_1,105,4767.078059333,4908.723644874,141.645585541
1,poi_bus_120,120,Attila,unity,1,17,2020-01-01T17:00:00+00:00,14,branch_C12-1_sustained,branch,C12-1,bounded,continuous,189.020833333,0,931.674803888,100.000000001,0,true,true,false,constraint_violation,0.940819939,308,1.071403824,210,0.021403824,0.903812479,A10,0,101_STEAM_3,48.776320162,316_STEAM_1,0,107,107_CC_1,105,4767.078059333,4866.412820826,99.334761493
1,poi_bus_120,120,Attila,unity,1,17,2020-01-01T17:00:00+00:00,15,branch_C27_immediate,branch,C27,fixed,short_term,189.020833333,0,931.674803888,57.3134342,0,true,true,false,constraint_violation,0.956269353,308,1.070924911,210,0.020924911,0.847234875,A11,47.896733696,107_CC_1,131.112804132,316_STEAM_1,0,107,107_CC_1,105,4767.078059333,4906.630067224,139.552007891
1,poi_bus_120,120,Attila,unity,1,17,2020-01-01T17:00:00+00:00,16,branch_C27_sustained,branch,C27,bounded,continuous,189.020833333,0,931.674803888,-100,0,true,true,false,constraint_violation,0.9568,307,1.072715704,210,0.022715704,1.004164698,CA-1,0,101_STEAM_3,139.286795595,316_STEAM_1,0,107,107_CC_1,105,4767.078059333,4895.788757797,128.710698464
1,poi_bus_120,120,Attila,unity,1,17,2020-01-01T17:00:00+00:00,17,branch_C6_immediate,branch,C6,fixed,short_term,189.020833333,0,931.674803888,57.3134342,0.000000001,true,true,false,constraint_violation,0.9568,307,1.070988365,210,0.020988365,0.799005412,A11,37.121705169,107_CC_1,97.631776922,316_STEAM_1,0,107,107_CC_1,105,4767.078059333,4895.855038697,128.776979364
1,poi_bus_120,120,Attila,unity,1,17,2020-01-01T17:00:00+00:00,18,branch_C6_sustained,branch,C6,bounded,continuous,189.020833333,0,931.674803888,-99.999999999,0,true,true,false,constraint_violation,0.9568,307,1.07059828,210,0.02059828,0.955824267,CA-1,86.549323459,307_CT_1,110.794232509,316_STEAM_1,0,307,307_CT_1,105,4767.078059333,4886.627382792,119.549323459
1,poi_bus_120,120,Attila,unity,1,17,2020-01-01T17:00:00+00:00,19,branch_CA-1_immediate,branch,CA-1,fixed,short_term,189.020833333,0,931.674803888,57.3134342,0,true,true,false,constraint_violation,0.956399966,308,1.065594567,210,0.015594567,1.323299617,AB1,177.795449182,107_CC_1,252.903496776,316_STEAM_1,0,107,107_CC_1,105,4767.078059333,5036.52878271,269.450723377
1,poi_bus_120,120,Attila,unity,1,17,2020-01-01T17:00:00+00:00,20,branch_CA-1_sustained,branch,CA-1,bounded,continuous,189.020833333,0,931.674803888,99.999999999,0.000000001,true,true,false,constraint_violation,0.9568,307,1.069514086,210,0.019514086,1.208149871,CB-1,0,101_STEAM_3,163.128175446,316_STEAM_1,0,107,107_CC_1,105,4767.078059333,4938.564113176,171.486053843
1,poi_bus_120,120,Attila,unity,1,17,2020-01-01T17:00:00+00:00,21,generator_121_NUCLEAR_1_sustained,generator,121_NUCLEAR_1,bounded,continuous,189.020833333,0,931.674803888,-99.999999999,0,true,true,false,constraint_violation,0.9568,307,1.069384554,210,0.019384554,1.383450487,A11,134.24201454,107_CC_1,108.292152366,316_STEAM_1,0,107,107_CC_1,104,4767.078059333,4901.320073873,134.24201454
1,poi_bus_120,120,Attila,unity,1,17,2020-01-01T17:00:00+00:00,22,generator_213_CC_3_sustained,generator,213_CC_3,bounded,continuous,189.020833333,0,931.674803888,-100,0.000000001,true,true,false,constraint_violation,0.9568,307,1.071076923,210,0.021076923,1.091141876,CA-1,0,101_STEAM_3,137.362275657,316_STEAM_1,0,107,107_CC_1,105,4767.078059333,4905.10653737,138.028478037
1,poi_bus_120,120,Attila,unity,1,17,2020-01-01T17:00:00+00:00,23,generator_313_CC_1_sustained,generator,313_CC_1,bounded,continuous,189.020833333,0,931.674803888,55.465638882,0.000000001,true,true,false,constraint_violation,0.913440065,304,1.069559088,210,0.036559935,1.215988714,A11,99.687542065,107_CC_1,360.116615977,316_STEAM_1,0,107,107_CC_1,104,4767.078059333,4945.087542065,178.009482732
1,poi_bus_120,120,Attila,unity,1,18,2020-01-01T18:00:00+00:00,0,normal,normal,,base,continuous,188.833333333,0,926.859082204,-79.689411373,0,true,true,false,constraint_violation,0.9568,307,1.070308103,210,0.020308103,0.914406006,A10,4.256483448,107_CC_1,123.085145079,316_STEAM_1,0,107,107_CC_1,105,4743.227099333,4870.816915981,127.589816648
1,poi_bus_120,120,Attila,unity,1,18,2020-01-01T18:00:00+00:00,1,branch_A11_immediate,branch,A11,fixed,short_term,188.833333333,0,926.859082204,-79.689411372,0.000000001,true,true,false,constraint_violation,0.9568,307,1.06419091,210,0.01419091,1.560421595,AB1,41.47224839,107_CC_1,123.18362767,316_STEAM_1,0,107,107_CC_1,105,4743.227099333,4908.032680923,164.80558159
1,poi_bus_120,120,Attila,unity,1,18,2020-01-01T18:00:00+00:00,2,branch_A11_sustained,branch,A11,bounded,continuous,188.833333333,0,926.859082204,-100,0.000000001,true,true,false,constraint_violation,0.954375428,308,1.062539757,110,0.012539757,2.134105962,AB1,69.770992685,107_CC_1,164.799997227,316_STEAM_1,0,107,107_CC_1,105,4743.227099333,4937.471743685,194.244644352
1,poi_bus_120,120,Attila,unity,1,18,2020-01-01T18:00:00+00:00,3,branch_A12-1_immediate,branch,A12-1,fixed,short_term,188.833333333,0,926.859082204,-79.689411372,0,true,true,false,constraint_violation,0.9568,307,1.069995657,210,0.019995657,0.792098865,A10,5.846839627,107_CC_1,123.064377521,316_STEAM_1,0,107,107_CC_1,105,4743.227099333,4872.40727216,129.180172827
1,poi_bus_120,120,Attila,unity,1,18,2020-01-01T18:00:00+00:00,4,branch_A12-1_sustained,branch,A12-1,bounded,continuous,188.833333333,0,926.859082204,-100,0.000000001,true,true,false,constraint_violation,0.9568,307,1.070188301,210,0.020188301,0.920969857,A10,0,101_STEAM_3,99.279905768,316_STEAM_1,0,107,107_CC_1,105,4743.227099333,4858.222552775,114.995453442
1,poi_bus_120,120,Attila,unity,1,18,2020-01-01T18:00:00+00:00,5,branch_A34_immediate,branch,A34,fixed,short_term,188.833333333,0,926.859082204,-79.689411373,0,true,true,false,constraint_violation,0.9568,307,1.070220171,210,0.020220171,0.798972607,A10,14.204088044,107_CC_1,123.039164622,316_STEAM_1,0,107,107_CC_1,105,4743.227099333,4880.764520577,137.537421244
1,poi_bus_120,120,Attila,unity,1,18,2020-01-01T18:00:00+00:00,6,branch_A34_sustained,branch,A34,bounded,continuous,188.833333333,0,926.859082204,-100,0.000000001,true,true,false,constraint_violation,0.954968935,308,1.068367762,210,0.018367762,1.172046384,AB1,107.596958768,107_CC_1,170.926360188,316_STEAM_1,0,107,107_CC_1,105,4743.227099333,4918.177214781,174.950115448
1,poi_bus_120,120,Attila,unity,1,18,2020-01-01T18:00:00+00:00,7,branch_B12-1_immediate,branch,B12-1,fixed,short_term,188.833333333,0,926.859082204,-79.689411373,0,true,true,false,constraint_violation,0.86240374,207,1.061433211,110,0.08759626,0.815143595,B13-2,13.885336877,107_CC_1,123.103870391,316_STEAM_1,0,107,107_CC_1,105,4743.227099333,4880.44576941,137.218670077
1,poi_bus_120,120,Attila,unity,1,18,2020-01-01T18:00:00+00:00,8,branch_B12-1_sustained,branch,B12-1,bounded,continuous,188.833333333,0,926.859082204,-100,0.000000001,true,true,false,constraint_violation,0.861270256,207,1.057650813,110,0.088729744,1.288592998,AB1,141.014438644,107_CC_1,145.927226088,316_STEAM_1,0,107,107_CC_1,105,4743.227099333,4917.524564261,174.297464928
1,poi_bus_120,120,Attila,unity,1,18,2020-01-01T18:00:00+00:00,9,branch_B22_immediate,branch,B22,fixed,short_term,188.833333333,0,926.859082204,-79.689411373,0,true,true,false,constraint_violation,0.9568,307,1.061955283,110,0.011955283,0.800948548,A10,10.710899667,107_CC_1,123.043080746,316_STEAM_1,0,107,107_CC_1,105,4743.227099333,4877.2713322,134.044232867
1,poi_bus_120,120,Attila,unity,1,18,2020-01-01T18:00:00+00:00,10,branch_B22_sustained,branch,B22,bounded,continuous,188.833333333,0,926.859082204,-99.999999999,0.000000001,true,true,false,constraint_violation,0.955016812,308,1.064119787,110,0.014119787,0.92454973,A10,0,101_STEAM_3,135.873735586,316_STEAM_1,0,107,107_CC_1,105,4743.227099333,4879.921494858,136.694395525
1,poi_bus_120,120,Attila,unity,1,18,2020-01-01T18:00:00+00:00,11,branch_B6_immediate,branch,B6,fixed,short_term,188.833333333,0,926.859082204,-79.689411372,0.000000001,true,true,false,constraint_violation,0.9568,307,1.070945369,210,0.020945369,0.797006381,A10,5.892315017,107_CC_1,123.195486741,316_STEAM_1,0,107,107_CC_1,105,4743.227099333,4872.45274755,129.225648217
1,poi_bus_120,120,Attila,unity,1,18,2020-01-01T18:00:00+00:00,12,branch_B6_sustained,branch,B6,bounded,continuous,188.833333333,0,926.859082204,-100,0.000000001,true,true,false,constraint_violation,0.955824228,308,1.070247764,210,0.020247764,0.920406504,A10,0,101_STEAM_3,124.159750942,316_STEAM_1,0,107,107_CC_1,105,4743.227099333,4862.495615262,119.268515929
1,poi_bus_120,120,Attila,unity,1,18,2020-01-01T18:00:00+00:00,13,branch_C12-1_immediate,branch,C12-1,fixed,short_term,188.833333333,0,926.859082204,-79.689411372,0.000000001,true,true,false,constraint_violation,0.931987891,308,1.070184952,210,0.020184952,0.859681793,C13-2,17.669619321,107_CC_1,129.746929239,316_STEAM_1,0,107,107_CC_1,105,4743.227099333,4884.230051854,141.002952521
1,poi_bus_120,120,Attila,unity,1,18,2020-01-01T18:00:00+00:00,14,branch_C12-1_sustained,branch,C12-1,bounded,continuous,188.833333333,0,926.859082204,99.999999999,0,true,true,false,constraint_violation,0.942372343,308,1.070956766,210,0.020956766,0.917148933,A10,0,101_STEAM_3,40.621962972,316_STEAM_1,0,107,107_CC_1,105,4743.227099333,4846.443705686,103.216606353
1,poi_bus_120,120,Attila,unity,1,18,2020-01-01T18:00:00+00:00,15,branch_C27_immediate,branch,C27,fixed,short_term,188.833333333,0,926.859082204,-79.689411372,0.000000001,true,true,false,constraint_violation,0.956240157,308,1.07014215,210,0.02014215,0.818672574,CA-1,26.130002693,107_CC_1,180.676852565,316_STEAM_1,0,107,107_CC_1,105,4743.227099333,4892.690435226,149.463335893
1,poi_bus_120,120,Attila,unity,1,18,2020-01-01T18:00:00+00:00,16,branch_C27_sustained,branch,C27,bounded,continuous,188.833333333,0,926.859082204,100,0.000000001,true,true,false,constraint_violation,0.9568,307,1.070790143,210,0.020790143,0.905374643,A10,0,101_STEAM_3,92.994271524,316_STEAM_1,0,107,107_CC_1,105,4743.227099333,4851.956781275,108.729681942
1,poi_bus_120,120,Attila,unity,1,18,2020-01-01T18:00:00+00:00,17,branch_C6_immediate,branch,C6,fixed,short_term,188.833333333,0,926.859082204,-79.689411372,0.000000001,true,true,false,constraint_violation,0.9568,307,1.070293621,210,0.020293621,0.799834263,A10,6.124622271,107_CC_1,126.131259762,316_STEAM_1,0,107,107_CC_1,105,4743.227099333,4872.685054804,129.457955471
1,poi_bus_120,120,Attila,unity,1,18,2020-01-01T18:00:00+00:00,18,branch_C6_sustained,branch,C6,bounded,continuous,188.833333333,0,926.859082204,-100,0,true,true,false,constraint_violation,0.9568,307,1.071274767,210,0.021274767,0.924502624,A10,0,101_STEAM_3,101.284573,316_STEAM_1,0,107,107_CC_1,105,4743.227099333,4859.362983156,116.135883823
1,poi_bus_120,120,Attila,unity,1,18,2020-01-01T18:00:00+00:00,19,branch_CA-1_immediate,branch,CA-1,fixed,short_term,188.833333333,0,926.859082204,-79.689411372,0.000000001,true,true,false,constraint_violation,0.956709011,308,1.065024816,210,0.015024816,1.326054489,AB1,151.13728573,107_CC_1,296.364975616,316_STEAM_1,0,107,107_CC_1,105,4743.227099333,5017.697718263,274.47061893
1,poi_bus_120,120,Attila,unity,1,18,2020-01-01T18:00:00+00:00,20,branch_CA-1_sustained,branch,CA-1,bounded,continuous,188.833333333,0,926.859082204,99.999999999,0,true,true,false,constraint_violation,0.9568,307,1.068883855,210,0.018883855,1.076487008,C27,0,101_STEAM_3,206.51965456,316_STEAM_1,0,107,107_CC_1,105,4743.227099333,4917.673033878,174.445934545
1,poi_bus_120,120,Attila,unity,1,18,2020-01-01T18:00:00+00:00,21,generator_121_NUCLEAR_1_sustained,generator,121_NUCLEAR_1,bounded,continuous,188.833333333,0,926.859082204,-99.999999999,0.000000001,true,true,false,constraint_violation,0.9568,307,1.069841167,210,0.019841167,0.98967944,A11,13.54952645,107_CC_1,90.477301793,316_STEAM_1,0,107,107_CC_1,104,4743.227099333,4847.44952645,104.222427117
1,poi_bus_120,120,Attila,unity,1,18,2020-01-01T18:00:00+00:00,22,generator_213_CC_3_sustained,generator,213_CC_3,bounded,continuous,188.833333333,0,926.859082204,-100,0,true,true,false,constraint_violation,0.9568,307,1.068837705,210,0.018837705,1.095927477,CA-1,71.313686471,107_CC_1,143.965793041,316_STEAM_1,0,107,107_CC_1,105,4743.227099333,4897.013686471,153.786587138
1,poi_bus_120,120,Attila,unity,1,18,2020-01-01T18:00:00+00:00,23,generator_313_CC_1_sustained,generator,313_CC_1,bounded,continuous,188.833333333,0,926.859082204,-93.826766469,0.000000002,true,true,false,constraint_violation,0.913839843,312,1.069385516,210,0.036160157,1.145362279,CA-1,35.839922848,107_CC_1,386.095580643,316_STEAM_1,0,107,107_CC_1,104,4743.227099333,4914.739922848,171.512823515
1,poi_bus_120,120,Attila,unity,1,19,2020-01-01T19:00:00+00:00,0,normal,normal,,base,continuous,188.895833333,0,905.491554147,-29.969999357,0,true,true,false,constraint_violation,0.955127147,308,1.072094352,210,0.022094352,0.944755581,AB1,0,101_STEAM_3,184.16850074,316_STEAM_1,0,107,107_CC_1,104,4638.293987333,4757.977914547,119.683927214
1,poi_bus_120,120,Attila,unity,1,19,2020-01-01T19:00:00+00:00,1,branch_A11_immediate,branch,A11,fixed,short_term,188.895833333,0,905.491554147,-29.969999357,0,true,true,false,constraint_violation,0.955191559,308,1.06730812,210,0.01730812,1.503922149,AB1,28.782157799,107_CC_1,185.220529822,316_STEAM_1,0,107,107_CC_1,104,4638.293987333,4790.409478332,152.115490999
1,poi_bus_120,120,Attila,unity,1,19,2020-01-01T19:00:00+00:00,2,branch_A11_sustained,branch,A11,bounded,continuous,188.895833333,0,905.491554147,100.000000001,0.000000001,true,true,false,constraint_violation,0.955432826,308,1.068655517,210,0.018655517,1.375106203,AB1,0,101_STEAM_4,145.917703309,316_STEAM_1,0,107,107_CC_1,104,4638.293987333,4763.543189657,125.249202324
1,poi_bus_120,120,Attila,unity,1,19,2020-01-01T19:00:00+00:00,3,branch_A12-1_immediate,branch,A12-1,fixed,short_term,188.895833333,0,905.491554147,-29.969999357,0,true,true,false,constraint_violation,0.955132716,308,1.071885123,210,0.021885123,0.799663041,AB1,0,101_STEAM_3,184.231703748,316_STEAM_1,0,107,107_CC_1,104,4638.293987333,4759.219415155,120.925427822
1,poi_bus_120,120,Attila,unity,1,19,2020-01-01T19:00:00+00:00,4,branch_A12-1_sustained,branch,A12-1,bounded,continuous,188.895833333,0,905.491554147,-100,0,true,true,false,constraint_violation,0.9568,307,1.072581398,210,0.022581398,1.012541332,CA-1,0,101_STEAM_3,206.904799375,316_STEAM_1,0,107,107_CC_1,104,4638.293987333,4766.030425976,127.736438643
1,poi_bus_120,120,Attila,unity,1,19,2020-01-01T19:00:00+00:00,5,branch_A34_immediate,branch,A34,fixed,short_term,188.895833333,0,905.491554147,-29.969999356,0,true,true,false,constraint_violation,0.955152904,308,1.072017278,210,0.022017278,0.800710425,A10,8.487416619,107_CC_1,184.500195,316_STEAM_1,0,107,107_CC_1,104,4638.293987333,4770.114737152,131.820749819
1,poi_bus_120,120,Attila,unity,1,19,2020-01-01T19:00:00+00:00,6,branch_A34_sustained,branch,A34,bounded,continuous,188.895833333,0,905.491554147,-100,0.000000001,true,true,false,constraint_violation,0.955797336,308,1.072720712,210,0.022720712,0.948141319,CA-1,0,101_STEAM_3,223.026236865,316_STEAM_1,0,107,107_CC_1,104,4638.293987333,4782.008343999,143.714356666
1,poi_bus_120,120,Attila,unity,1,19,2020-01-01T19:00:00+00:00,7,branch_B12-1_immediate,branch,B12-1,fixed,short_term,188.895833333,0,905.491554147,-29.969999356,0.000000001,true,true,false,constraint_violation,0.871088063,207,1.061468686,110,0.078911937,0.80103822,A10,5.601498223,107_CC_1,184.11577938,316_STEAM_1,0,107,107_CC_1,104,4638.293987333,4767.228818756,128.934831423
1,poi_bus_120,120,Attila,unity,1,19,2020-01-01T19:00:00+00:00,8,branch_B12-1_sustained,branch,B12-1,bounded,continuous,188.895833333,0,905.491554147,100,0,true,true,false,constraint_violation,0.871888073,207,1.060938872,110,0.078111927,1.001968217,B13-2,0,101_STEAM_3,126.964177896,316_STEAM_1,0,107,107_CC_1,104,4638.293987333,4753.655332298,115.361344965
1,poi_bus_120,120,Attila,unity,1,19,2020-01-01T19:00:00+00:00,9,branch_B22_immediate,branch,B22,fixed,short_term,188.895833333,0,905.491554147,-29.969999356,0.000000001,true,true,false,constraint_violation,0.955167581,308,1.06295966,210,0.01295966,0.810265952,AB1,4.80292814,107_CC_1,184.738507665,316_STEAM_1,0,107,107_CC_1,104,4638.293987333,4766.430248673,128.13626134
1,poi_bus_120,120,Attila,unity,1,19,2020-01-01T19:00:00+00:00,10,branch_B22_sustained,branch,B22,bounded,continuous,188.895833333,0,905.491554147,-100,0,true,true,false,constraint_violation,0.9568,307,1.064506754,210,0.014506754,0.964211743,CA-1,0,101_STEAM_3,198.976512959,316_STEAM_1,0,107,107_CC_1,104,4638.293987333,4767.315720654,129.021733321
1,poi_bus_120,120,Attila,unity,1,19,2020-01-01T19:00:00+00:00,11,branch_B6_immediate,branch,B6,fixed,short_term,188.895833333,0,905.491554147,-29.969999357,0,true,true,false,constraint_violation,0.955103946,308,1.073041651,210,0.023041651,0.799210135,A10,0,101_STEAM_3,183.950007095,316_STEAM_1,0,107,107_CC_1,104,4638.293987333,4759.313311828,121.019324495
1,poi_bus_120,120,Attila,unity,1,19,2020-01-01T19:00:00+00:00,12,branch_B6_sustained,branch,B6,bounded,continuous,188.895833333,0,905.491554147,-99.999999999,0.000000001,true,true,false,constraint_violation,0.952883293,308,1.072754847,210,0.022754847,0.922596067,A10,0,101_STEAM_3,202.910060859,316_STEAM_1,0,107,107_CC_1,104,4638.293987333,4750.436458124,112.142470791
1,poi_bus_120,120,Attila,unity,1,19,2020-01-01T19:00:00+00:00,13,branch_C12-1_immediate,branch,C12-1,fixed,short_term,188.895833333,0,905.491554147,-29.969999356,0.000000001,true,true,false,constraint_violation,0.931917782,308,1.072011251,210,0.022011251,0.822671148,C13-2,8.257620469,107_CC_1,190.200866918,316_STEAM_1,0,107,107_CC_1,104,4638.293987333,4769.884941002,131.590953669
1,poi_bus_120,120,Attila,unity,1,19,2020-01-01T19:00:00+00:00,14,branch_C12-1_sustained,branch,C12-1,bounded,continuous,188.895833333,0,905.491554147,-100,0.000000001,true,true,false,constraint_violation,0.938144709,308,1.072526242,210,0.022526242,1.017283331,CA-1,0,101_STEAM_3,251.685382449,316_STEAM_1,0,107,107_CC_1,104,4638.293987333,4782.047536675,143.753549342
1,poi_bus_120,120,Attila,unity,1,19,2020-01-01T19:00:00+00:00,15,branch_C27_immediate,branch,C27,fixed,short_term,188.895833333,0,905.491554147,-29.969999356,0,true,true,false,constraint_violation,0.953733159,308,1.071841602,210,0.021841602,0.887587877,C29,20.80807945,107_CC_1,250.235222959,316_STEAM_1,0,107,107_CC_1,104,4638.293987333,4782.435399983,144.14141265
1,poi_bus_120,120,Attila,unity,1,19,2020-01-01T19:00:00+00:00,16,branch_C27_sustained,branch,C27,bounded,continuous,188.895833333,0,905.491554147,-99.999999999,0.000000001,true,true,false,constraint_violation,0.950877618,308,1.072500068,210,0.022500068,1.12303821,CA-1,0,101_STEAM_3,271.805715267,316_STEAM_1,0,107,107_CC_1,104,4638.293987334,4790.545698966,152.251711632
1,poi_bus_120,120,Attila,unity,1,19,2020-01-01T19:00:00+00:00,17,branch_C6_immediate,branch,C6,fixed,short_term,188.895833333,0,905.491554147,-29.969999356,0.000000001,true,true,false,constraint_violation,0.954595237,308,1.072076995,210,0.022076995,0.801786628,A10,0,101_STEAM_3,186.518353246,316_STEAM_1,0,107,107_CC_1,104,4638.293987333,4759.889216009,121.595228676
1,poi_bus_120,120,Attila,unity,1,19,2020-01-01T19:00:00+00:00,18,branch_C6_sustained,branch,C6,bounded,continuous,188.895833333,0,905.491554147,-100,0,true,true,false,constraint_violation,0.956628994,308,1.072662433,210,0.022662433,1.021143238,CA-1,0,101_STEAM_3,207.587671016,316_STEAM_1,0,107,107_CC_1,104,4638.293987333,4766.965704896,128.671717563
1,poi_bus_120,120,Attila,unity,1,19,2020-01-01T19:00:00+00:00,19,branch_CA-1_immediate,branch,CA-1,fixed,short_term,188.895833333,0,905.491554147,-29.969999356,0.000000001,true,true,false,constraint_violation,0.953775442,308,1.070069205,210,0.020069205,1.171229366,AB1,82.116572887,107_CC_1,316.869153817,316_STEAM_1,0,107,107_CC_1,104,4638.293987333,4843.74389342,205.449906087
1,poi_bus_120,120,Attila,unity,1,19,2020-01-01T19:00:00+00:00,20,branch_CA-1_sustained,branch,CA-1,bounded,continuous,188.895833333,0,905.491554147,100,0,true,true,false,constraint_violation,0.9568,307,1.070951829,210,0.020951829,1.201568411,AB1,0.851558331,107_CC_1,242.650045353,316_STEAM_1,0,107,107_CC_1,104,4638.293987333,4824.145545664,185.851558331
1,poi_bus_120,120,Attila,unity,1,19,2020-01-01T19:00:00+00:00,21,generator_121_NUCLEAR_1_sustained,generator,121_NUCLEAR_1,bounded,continuous,188.895833333,0,905.491554147,100.000000001,0.000000001,true,true,false,constraint_violation,0.955219788,308,1.071856136,210,0.021856136,0.912259863,A10,0,101_STEAM_3,157.95811198,316_STEAM_1,0,107,107_CC_1,103,4638.293987333,4737.148056802,98.854069469
1,poi_bus_120,120,Attila,unity,1,19,2020-01-01T19:00:00+00:00,22,generator_213_CC_3_sustained,generator,213_CC_3,bounded,continuous,188.895833333,0,905.491554147,100,0,true,true,false,constraint_violation,0.954825309,308,1.072703887,210,0.022703887,0.917061838,A10,0,101_STEAM_3,157.204071547,316_STEAM_1,0,107,107_CC_1,104,4638.293987333,4750.092021855,111.798034522
1,poi_bus_120,120,Attila,unity,1,19,2020-01-01T19:00:00+00:00,23,generator_313_CC_1_sustained,generator,313_CC_1,bounded,continuous,188.895833333,0,905.491554147,-99.999999999,0.000000001,true,true,false,constraint_violation,0.924680138,312,1.072428895,210,0.025319862,1.127213616,CA-1,0,101_STEAM_3,354.367057241,316_STEAM_1,0,107,107_CC_1,103,4638.293987333,4798.10600417,159.812016837
1,poi_bus_120,120,Attila,unity,1,20,2020-01-01T20:00:00+00:00,0,normal,normal,,base,continuous,189.041666667,0,873.422843137,-35.025198361,0,true,true,false,constraint_violation,0.9568,307,1.074226968,210,0.024226968,0.979925082,C27,0,101_STEAM_3,16.761389184,101_STEAM_3,0,107,107_CC_1,102,4480.860809667,4587.78968605,106.928876383
1,poi_bus_120,120,Attila,unity,1,20,2020-01-01T20:00:00+00:00,1,branch_A11_immediate,branch,A11,fixed,short_term,189.041666667,0,873.422843137,-35.02519836,0.000000001,true,true,false,constraint_violation,0.9568,307,1.071824257,210,0.021824257,1.094147366,AB1,0,101_STEAM_3,18.629039511,321_CC_1,0,107,107_CC_1,102,4480.860809667,4604.407023864,123.546214197
1,poi_bus_120,120,Attila,unity,1,20,2020-01-01T20:00:00+00:00,2,branch_A11_sustained,branch,A11,bounded,continuous,189.041666667,0,873.422843137,100.000000001,0.000000001,true,true,false,constraint_violation,0.955099068,308,1.071422091,210,0.021422091,1.430977729,AB1,0,101_STEAM_3,57.066875694,321_CC_1,0,107,107_CC_1,102,4480.860809667,4614.091338344,133.230528677
1,poi_bus_120,120,Attila,unity,1,20,2020-01-01T20:00:00+00:00,3,branch_A12-1_immediate,branch,A12-1,fixed,short_term,189.041666667,0,873.422843137,-35.02519836,0.000000001,true,true,false,constraint_violation,0.9568,307,1.074163701,210,0.024163701,0.805981135,A10,0,101_STEAM_3,16.598417247,101_STEAM_3,0,107,107_CC_1,102,4480.860809667,4588.121087492,107.260277825
1,poi_bus_120,120,Attila,unity,1,20,2020-01-01T20:00:00+00:00,4,branch_A12-1_sustained,branch,A12-1,bounded,continuous,189.041666667,0,873.422843137,-100,0,true,true,false,constraint_violation,0.9568,307,1.07440519,210,0.02440519,0.965920304,CA-1,0,101_STEAM_3,71.217131223,321_CC_1,0,107,107_CC_1,102,4480.860809667,4603.144384132,122.283574465
1,poi_bus_120,120,Attila,unity,1,20,2020-01-01T20:00:00+00:00,5,branch_A34_immediate,branch,A34,fixed,short_term,189.041666667,0,873.422843137,-35.025198361,0,true,true,false,constraint_violation,0.9568,307,1.074164225,210,0.024164225,0.807754484,A10,0,101_STEAM_3,17.698840654,321_CC_1,0,107,107_CC_1,102,4480.860809667,4603.753827496,122.893017829
1,poi_bus_120,120,Attila,unity,1,20,2020-01-01T20:00:00+00:00,6,branch_A34_sustained,branch,A34,bounded,continuous,189.041666667,0,873.422843137,-100,0.000000001,true,true,false,constraint_violation,0.953597178,308,1.074263496,210,0.024263496,0.994423431,CA-1,0,101_STEAM_3,118.312612143,321_CC_1,0,107,107_CC_1,102,4480.860809667,4635.212114135,154.351304468
1,poi_bus_120,120,Attila,unity,1,20,2020-01-01T20:00:00+00:00,7,branch_B12-1_immediate,branch,B12-1,fixed,short_term,189.041666667,0,873.422843137,-35.02519836,0,true,true,false,constraint_violation,0.8835284,207,1.063701349,110,0.0664716,0.808545859,A10,0,101_STEAM_3,16.671643521,101_STEAM_3,0,107,107_CC_1,102,4480.860809667,4595.887973017,115.02716335
1,poi_bus_120,120,Attila,unity,1,20,2020-01-01T20:00:00+00:00,8,branch_B12-1_sustained,branch,B12-1,bounded,continuous,189.041666667,0,873.422843137,100,0,true,true,false,constraint_violation,0.884656233,207,1.061662533,110,0.065343767,0.96673137,B13-2,0,101_STEAM_3,27.751993474,321_CC_1,0,107,107_CC_1,102,4480.860809667,4602.870041299,122.009231632
1,poi_bus_120,120,Attila,unity,1,20,2020-01-01T20:00:00+00:00,9,branch_B22_immediate,branch,B22,fixed,short_term,189.041666667,0,873.422843137,-35.02519836,0,true,true,false,constraint_violation,0.9568,307,1.065338228,210,0.015338228,0.810035175,A10,0,101_STEAM_3,18.277461469,321_CC_1,0,107,107_CC_1,102,4480.860809667,4596.514445322,115.653635655
1,poi_bus_120,120,Attila,unity,1,20,2020-01-01T20:00:00+00:00,10,branch_B22_sustained,branch,B22,bounded,continuous,189.041666667,0,873.422843137,-100,0,true,true,false,constraint_violation,0.953739662,308,1.070165661,110,0.020165661,1.039379475,C27,0,101_STEAM_3,101.723968727,321_CC_1,0,107,107_CC_1,102,4480.860809667,4608.326229539,127.465419872
1,poi_bus_120,120,Attila,unity,1,20,2020-01-01T20:00:00+00:00,11,branch_B6_immediate,branch,B6,fixed,short_term,189.041666667,0,873.422843137,-35.025198361,0,true,true,false,constraint_violation,0.9568,307,1.074733997,210,0.024733997,0.807466147,A10,0,101_STEAM_3,16.54400552,101_STEAM_3,0,107,107_CC_1,102,4480.860809667,4588.493181274,107.632371607
1,poi_bus_120,120,Attila,unity,1,20,2020-01-01T20:00:00+00:00,12,branch_B6_sustained,branch,B6,bounded,continuous,189.041666667,0,873.422843137,-100,0.000000001,true,true,false,constraint_violation,0.9568,307,1.075223403,210,0.025223403,1.015342919,CA-1,0,101_STEAM_3,106.347726508,321_CC_1,0,107,107_CC_1,102,4480.860809667,4612.794330747,131.93352108
1,poi_bus_120,120,Attila,unity,1,20,2020-01-01T20:00:00+00:00,13,branch_C12-1_immediate,branch,C12-1,fixed,short_term,189.041666667,0,873.422843137,-35.02519836,0.000000001,true,true,false,constraint_violation,0.937420021,308,1.074184254,210,0.024184254,0.808497197,A10,0,101_STEAM_3,41.087868414,307_CT_1,0,107,107_CC_1,102,4480.860809667,4597.350752644,116.489942977
1,poi_bus_120,120,Attila,unity,1,20,2020-01-01T20:00:00+00:00,14,branch_C12-1_sustained,branch,C12-1,bounded,continuous,189.041666667,0,873.422843137,-100,0.000000001,true,true,false,constraint_violation,0.941824112,308,1.073911922,210,0.023911922,1.009952216,CA-1,0,101_STEAM_3,115.047517913,321_CC_1,0,221,221_CC_1,102,4480.860809667,4620.989408784,140.128599117
1,poi_bus_120,120,Attila,unity,1,20,2020-01-01T20:00:00+00:00,15,branch_C27_immediate,branch,C27,fixed,short_term,189.041666667,0,873.422843137,-35.025198361,0.000000002,true,true,false,constraint_violation,0.955509501,308,1.073910981,210,0.023910981,0.992664764,C29,0,101_STEAM_3,139.757630399,321_CC_1,0,107,107_CC_1,102,4480.860809667,4616.033224696,135.172415029
1,poi_bus_120,120,Attila,unity,1,20,2020-01-01T20:00:00+00:00,16,branch_C27_sustained,branch,C27,bounded,continuous,189.041666667,0,873.422843137,-100,0.000000001,true,true,false,constraint_violation,0.954931073,308,1.073324855,210,0.023324855,1.144477277,A11,88.093123862,107_CC_1,112.995864473,321_CC_1,0,107,107_CC_1,102,4480.860809667,4632.693123862,151.832314195
1,poi_bus_120,120,Attila,unity,1,20,2020-01-01T20:00:00+00:00,17,branch_C6_immediate,branch,C6,fixed,short_term,189.041666667,0,873.422843137,-35.025198361,0.000000001,true,true,false,constraint_violation,0.9568,307,1.074196388,210,0.024196388,0.808888994,A10,0,101_STEAM_3,16.956161982,321_CC_1,0,107,107_CC_1,102,4480.860809667,4591.423855517,110.56304585
1,poi_bus_120,120,Attila,unity,1,20,2020-01-01T20:00:00+00:00,18,branch_C6_sustained,branch,C6,bounded,continuous,189.041666667,0,873.422843137,-100,0.000000001,true,true,false,constraint_violation,0.9568,307,1.07458909,210,0.02458909,0.936837319,CA-1,0,101_STEAM_3,56.923820214,321_CC_1,0,107,107_CC_1,102,4480.860809667,4598.2918094,117.430999733
1,poi_bus_120,120,Attila,unity,1,20,2020-01-01T20:00:00+00:00,19,branch_CA-1_immediate,branch,CA-1,fixed,short_term,189.041666667,0,873.422843137,-35.02519836,0.000000001,true,true,false,constraint_violation,0.955998907,308,1.073795663,210,0.023795663,1.052133453,C27,0,101_STEAM_3,154.993072778,321_CC_1,0,107,107_CC_1,102,4480.860809667,4641.83765818,160.976848513
1,poi_bus_120,120,Attila,unity,1,20,2020-01-01T20:00:00+00:00,20,branch_CA-1_sustained,branch,CA-1,bounded,continuous,189.041666667,0,873.422843137,100,0.000000001,true,true,false,constraint_violation,0.9568,307,1.073501611,210,0.023501611,1.013564911,C27,0,101_STEAM_3,21.896249761,321_CC_1,0,107,107_CC_1,102,4480.860809667,4577.331209305,96.470399638
1,poi_bus_120,120,Attila,unity,1,20,2020-01-01T20:00:00+00:00,21,generator_121_NUCLEAR_1_sustained,generator,121_NUCLEAR_1,bounded,continuous,189.041666667,0,873.422843137,99.999999999,0,true,true,false,constraint_violation,0.95537105,308,1.074060252,210,0.024060252,1.02930309,C27,0,101_STEAM_3,47.364800351,321_CC_1,0,107,107_CC_1,101,4480.860809667,4582.94163911,102.080829443
1,poi_bus_120,120,Attila,unity,1,20,2020-01-01T20:00:00+00:00,22,generator_213_CC_3_sustained,generator,213_CC_3,bounded,continuous,189.041666667,0,873.422843137,100,0.000000002,true,true,false,constraint_violation,0.9568,307,1.074543661,210,0.024543661,0.918015441,A10,0,101_STEAM_3,16.010592686,101_STEAM_3,0,107,107_CC_1,102,4480.860809667,4587.506335138,106.645525471
1,poi_bus_120,120,Attila,unity,1,20,2020-01-01T20:00:00+00:00,23,generator_313_CC_1_sustained,generator,313_CC_1,bounded,continuous,189.041666667,0,873.422843137,13.008319796,0,true,true,false,constraint_violation,0.944625348,325,1.072046986,210,0.022046986,1.397134129,A11,179.498413478,107_CC_1,90.4628766,321_CC_1,0,107,107_CC_1,101,4480.860809667,4660.359223145,179.498413478
1,poi_bus_120,120,Attila,unity,1,21,2020-01-01T21:00:00+00:00,0,normal,normal,,base,continuous,188.895833333,0,817.335364035,-100,0.000000001,true,true,false,constraint_violation,0.895090076,307,1.078226526,210,0.054909924,0.92808543,A10,0,101_STEAM_3,17.941195648,101_STEAM_3,0,107,107_CC_1,99,4205.112708333,4307.629952581,102.517244248
1,poi_bus_120,120,Attila,unity,1,21,2020-01-01T21:00:00+00:00,1,branch_A11_immediate,branch,A11,fixed,short_term,188.895833333,0,817.335364035,-100,0,true,true,false,constraint_violation,0.894964116,307,1.075592501,210,0.055035884,1.102234745,AB1,0,101_STEAM_3,18.184187185,101_STEAM_3,0,107,107_CC_1,99,4205.112708333,4324.615619284,119.502910951
1,poi_bus_120,120,Attila,unity,1,21,2020-01-01T21:00:00+00:00,2,branch_A11_sustained,branch,A11,bounded,continuous,188.895833333,0,817.335364035,-100.000000001,0,true,true,false,constraint_violation,0.893527563,307,1.072613021,210,0.056472437,1.796029476,AB1,7.332911147,107_CC_1,18.119987863,101_STEAM_3,0,107,107_CC_1,99,4205.112708333,4343.429043515,138.316335182
1,poi_bus_120,120,Attila,unity,1,21,2020-01-01T21:00:00+00:00,3,branch_A12-1_immediate,branch,A12-1,fixed,short_term,188.895833333,0,817.335364035,-100.000000001,0,true,true,false,constraint_violation,0.895083608,307,1.078123967,210,0.054916392,0.807678292,A10,0,101_STEAM_3,17.781926476,101_STEAM_3,0,107,107_CC_1,99,4205.112708333,4308.140172409,103.027464076
1,poi_bus_120,120,Attila,unity,1,21,2020-01-01T21:00:00+00:00,4,branch_A12-1_sustained,branch,A12-1,bounded,continuous,188.895833333,0,817.335364035,-100,0,true,true,false,constraint_violation,0.899637515,307,1.078869883,210,0.050362485,0.92889209,A10,0,101_STEAM_3,18.113882806,101_STEAM_3,0,107,107_CC_1,99,4205.112708333,4310.064133452,104.951425119
1,poi_bus_120,120,Attila,unity,1,21,2020-01-01T21:00:00+00:00,5,branch_A34_immediate,branch,A34,fixed,short_term,188.895833333,0,817.335364035,-100.000000001,0,true,true,false,constraint_violation,0.895029333,307,1.078155394,210,0.054970667,0.810464077,A10,0,101_STEAM_3,17.539057298,101_STEAM_3,0,107,107_CC_1,99,4205.112708333,4321.423502054,116.310793721
1,poi_bus_120,120,Attila,unity,1,21,2020-01-01T21:00:00+00:00,6,branch_A34_sustained,branch,A34,bounded,continuous,188.895833333,0,817.335364035,-100.000000001,0,true,true,false,constraint_violation,0.896560219,307,1.078443531,210,0.053439781,0.911003984,A10,0,101_STEAM_3,11.819589196,101_STEAM_3,0,107,107_CC_1,99,4205.112708333,4315.689043249,110.576334916
1,poi_bus_120,120,Attila,unity,1,21,2020-01-01T21:00:00+00:00,7,branch_B12-1_immediate,branch,B12-1,fixed,short_term,188.895833333,0,817.335364035,-100.000000001,0,true,true,false,constraint_violation,0.895097424,307,1.065815543,110,0.054902576,0.811391847,A10,0,101_STEAM_3,17.854382934,101_STEAM_3,0,107,107_CC_1,99,4205.112708333,4314.235177667,109.122469334
1,poi_bus_120,120,Attila,unity,1,21,2020-01-01T21:00:00+00:00,8,branch_B12-1_sustained,branch,B12-1,bounded,continuous,188.895833333,0,817.335364035,-100,0,true,true,false,constraint_violation,0.896342117,307,1.06554137,110,0.053657883,1.019312519,C27,0,101_STEAM_3,16.768045508,101_STEAM_3,0,107,107_CC_1,99,4205.112708333,4299.059406698,93.946698365
1,poi_bus_120,120,Attila,unity,1,21,2020-01-01T21:00:00+00:00,9,branch_B22_immediate,branch,B22,fixed,short_term,188.895833333,0,817.335364035,-100,0,true,true,false,constraint_violation,0.894999554,307,1.070615536,210,0.055000446,0.812874659,A10,0,101_STEAM_3,18.036461668,101_STEAM_3,0,107,107_CC_1,99,4205.112708333,4314.767836086,109.655127753
1,poi_bus_120,120,Attila,unity,1,21,2020-01-01T21:00:00+00:00,10,branch_B22_sustained,branch,B22,bounded,continuous,188.895833333,0,817.335364035,100,0.000000001,true,true,false,constraint_violation,0.895708509,307,1.068756841,210,0.054291491,0.920482379,A10,0,101_STEAM_3,16.894921166,101_STEAM_3,0,107,107_CC_1,99,4205.112708333,4320.298227044,115.185518711
1,poi_bus_120,120,Attila,unity,1,21,2020-01-01T21:00:00+00:00,11,branch_B6_immediate,branch,B6,fixed,short_term,188.895833333,0,817.335364035,-100,0.000000001,true,true,false,constraint_violation,0.895120949,307,1.079076182,210,0.054879051,0.810078372,A10,0,101_STEAM_3,17.687481428,101_STEAM_3,0,107,107_CC_1,99,4205.112708333,4308.37016014,103.257451807
1,poi_bus_120,120,Attila,unity,1,21,2020-01-01T21:00:00+00:00,12,branch_B6_sustained,branch,B6,bounded,continuous,188.895833333,0,817.335364035,-100,0,true,true,false,constraint_violation,0.886087238,307,1.078530224,210,0.063912762,1.458809447,A11,161.433886928,107_CC_1,40.225970808,121_NUCLEAR_1,0,107,107_CC_1,99,4205.112708333,4377.833886928,172.721178595
1,poi_bus_120,120,Attila,unity,1,21,2020-01-01T21:00:00+00:00,13,branch_C12-1_immediate,branch,C12-1,fixed,short_term,188.895833333,0,817.335364035,-100,0.000000001,true,false,false,not_converged,,,,,,,,,,,,,107,107_CC_1,99,,,
1,poi_bus_120,120,Attila,unity,1,21,2020-01-01T21:00:00+00:00,14,branch_C12-1_sustained,branch,C12-1,bounded,continuous,188.895833333,0,817.335364035,-100,0,true,false,false,not_converged,,,,,,,,,,,,,107,107_CC_1,99,,,
1,poi_bus_120,120,Attila,unity,1,21,2020-01-01T21:00:00+00:00,15,branch_C27_immediate,branch,C27,fixed,short_term,188.895833333,0,817.335364035,-100,0.000000001,true,true,false,constraint_violation,0.878074105,307,1.077943807,210,0.071925895,0.994649553,C29,0,101_STEAM_3,17.336420664,101_STEAM_3,0,107,107_CC_1,99,4205.112708333,4337.936682545,132.823974212
1,poi_bus_120,120,Attila,unity,1,21,2020-01-01T21:00:00+00:00,16,branch_C27_sustained,branch,C27,bounded,continuous,188.895833333,0,817.335364035,99.999999999,0,true,true,false,constraint_violation,0.895017498,307,1.078256505,210,0.054982502,0.917876095,A10,0,101_STEAM_3,16.834080333,101_STEAM_3,0,107,107_CC_1,99,4205.112708333,4307.305042844,102.192334511
1,poi_bus_120,120,Attila,unity,1,21,2020-01-01T21:00:00+00:00,17,branch_C6_immediate,branch,C6,fixed,short_term,188.895833333,0,817.335364035,-100,0.000000001,true,true,false,constraint_violation,0.884146531,307,1.078163652,210,0.065853469,0.811057724,A10,0,101_STEAM_3,17.815859838,101_STEAM_3,0,107,107_CC_1,99,4205.112708333,4316.501675603,111.38896727
1,poi_bus_120,120,Attila,unity,1,21,2020-01-01T21:00:00+00:00,18,branch_C6_sustained,branch,C6,bounded,continuous,188.895833333,0,817.335364035,-100.000000001,0,true,true,false,constraint_violation,0.890859395,307,1.078082056,210,0.059140605,1.027536379,C27,0,101_STEAM_3,17.570690424,101_STEAM_3,0,107,107_CC_1,99,4205.112708334,4306.632371148,101.519662814
1,poi_bus_120,120,Attila,unity,1,21,2020-01-01T21:00:00+00:00,19,branch_CA-1_immediate,branch,CA-1,fixed,short_term,188.895833333,0,817.335364035,-100,0,true,true,false,constraint_violation,0.874237918,307,1.077160876,210,0.075762082,1.00129556,C27,0,101_STEAM_3,21.23672407,322_HYDRO_1,0,107,107_CC_1,99,4205.112708333,4371.43971722,166.327008887
1,poi_bus_120,120,Attila,unity,1,21,2020-01-01T21:00:00+00:00,20,branch_CA-1_sustained,branch,CA-1,bounded,continuous,188.895833333,0,817.335364035,90.003520666,0.000000002,true,true,false,constraint_violation,0.880374222,307,1.076491523,210,0.069625778,1.252993984,CB-1,0,101_STEAM_3,26.016925152,322_HYDRO_1,0,107,107_CC_1,99,4205.112708333,4381.357744375,176.245036042
1,poi_bus_120,120,Attila,unity,1,21,2020-01-01T21:00:00+00:00,21,generator_121_NUCLEAR_1_sustained,generator,121_NUCLEAR_1,bounded,continuous,188.895833333,0,817.335364035,-100,0.000000001,true,true,false,constraint_violation,0.894347288,307,1.076607969,210,0.055652712,1.296086614,A11,117.100329665,107_CC_1,13.035508157,102_STEAM_3,0,107,107_CC_1,98,4205.112708333,4322.213037998,117.100329665
1,poi_bus_120,120,Attila,unity,1,21,2020-01-01T21:00:00+00:00,22,generator_213_CC_3_sustained,generator,213_CC_3,bounded,continuous,188.895833333,0,817.335364035,100,0,true,true,false,constraint_violation,0.901232065,307,1.077545137,210,0.048767935,0.920636554,A10,0,101_STEAM_3,16.793936888,101_STEAM_3,0,107,107_CC_1,99,4205.112708333,4301.441541282,96.328832949
1,poi_bus_120,120,Attila,unity,1,21,2020-01-01T21:00:00+00:00,23,generator_313_CC_1_sustained,generator,313_CC_1,bounded,continuous,188.895833333,0,817.335364035,2.291375361,0,true,true,false,constraint_violation,0.785067878,307,1.076795126,210,0.164932122,1.052613079,C27,0,101_STEAM_3,204.690533459,216_STEAM_1,0,107,107_CC_1,98,4205.112708333,4340.681170133,135.5684618
1,poi_bus_120,120,Attila,unity,1,22,2020-01-01T22:00:00+00:00,0,normal,normal,,base,continuous,186.645833333,0,754.430540512,-100,0.000000001,true,true,false,constraint_violation,0.927156262,307,1.082114723,210,0.032114723,0.933499401,A10,0,101_STEAM_3,19.134837838,101_STEAM_3,0,107,107_CC_1,98,3893.761420333,3997.583504016,103.822083683
1,poi_bus_120,120,Attila,unity,1,22,2020-01-01T22:00:00+00:00,1,branch_A11_immediate,branch,A11,fixed,short_term,186.645833333,0,754.430540512,-100.000000001,0.000000001,true,true,false,constraint_violation,0.927124333,307,1.079321539,210,0.029321539,1.11665778,AB1,0,101_STEAM_3,19.684455794,101_STEAM_3,0,107,107_CC_1,98,3893.761420333,4014.654164539,120.892744206
1,poi_bus_120,120,Attila,unity,1,22,2020-01-01T22:00:00+00:00,2,branch_A11_sustained,branch,A11,bounded,continuous,186.645833333,0,754.430540512,-100,0.000000001,true,true,false,constraint_violation,0.927328069,307,1.077216175,210,0.027216175,1.620668644,AB1,0,101_STEAM_3,19.312265274,101_STEAM_3,0,107,107_CC_1,98,3893.761420333,4002.095784483,108.33436415
1,poi_bus_120,120,Attila,unity,1,22,2020-01-01T22:00:00+00:00,3,branch_A12-1_immediate,branch,A12-1,fixed,short_term,186.645833333,0,754.430540512,-100,0.000000001,true,true,false,constraint_violation,0.927155523,307,1.081987485,210,0.031987485,0.811614061,A10,0,101_STEAM_3,18.961885088,101_STEAM_3,0,107,107_CC_1,98,3893.761420333,3998.197744456,104.436324123
1,poi_bus_120,120,Attila,unity,1,22,2020-01-01T22:00:00+00:00,4,branch_A12-1_sustained,branch,A12-1,bounded,continuous,186.645833333,0,754.430540512,-100,0.000000001,true,true,false,constraint_violation,0.916219147,307,1.081774873,210,0.033780853,0.944495272,C27,0,101_STEAM_3,19.104851849,101_STEAM_3,0,107,107_CC_1,98,3893.761420333,4003.83006206,110.068641727
1,poi_bus_120,120,Attila,unity,1,22,2020-01-01T22:00:00+00:00,5,branch_A34_immediate,branch,A34,fixed,short_term,186.645833333,0,754.430540512,-100,0.000000001,true,true,false,constraint_violation,0.927131819,307,1.081916801,210,0.031916801,0.952422505,A30,0,101_STEAM_3,21.751966519,121_NUCLEAR_1,0,107,107_CC_1,98,3893.761420333,4028.797201307,135.035780974
1,poi_bus_120,120,Attila,unity,1,22,2020-01-01T22:00:00+00:00,6,branch_A34_sustained,branch,A34,bounded,continuous,186.645833333,0,754.430540512,100,0.000000002,true,true,false,constraint_violation,0.918558894,307,1.082021705,210,0.032021705,1.009408764,A30,0,101_STEAM_3,17.462537744,101_STEAM_3,0,107,107_CC_1,98,3893.761420333,4012.131638702,118.370218369
1,poi_bus_120,120,Attila,unity,1,22,2020-01-01T22:00:00+00:00,7,branch_B12-1_immediate,branch,B12-1,fixed,short_term,186.645833333,0,754.430540512,-100,0.000000002,true,true,false,constraint_violation,0.92715671,307,1.067635297,210,0.02284329,0.816169086,A10,0,101_STEAM_3,19.059333826,101_STEAM_3,0,107,107_CC_1,98,3893.761420333,4002.824458583,109.06303825
1,poi_bus_120,120,Attila,unity,1,22,2020-01-01T22:00:00+00:00,8,branch_B12-1_sustained,branch,B12-1,bounded,continuous,186.645833333,0,754.430540512,-99.999999999,0,true,true,false,constraint_violation,0.909665455,307,1.067634074,210,0.040334545,0.929945615,CA-1,0,101_STEAM_3,28.346335787,121_NUCLEAR_1,0,107,107_CC_1,98,3893.761420333,4025.12479359,131.363373257
1,poi_bus_120,120,Attila,unity,1,22,2020-01-01T22:00:00+00:00,9,branch_B22_immediate,branch,B22,fixed,short_term,186.645833333,0,754.430540512,-99.999999999,0,true,true,false,constraint_violation,0.927137903,307,1.075463719,210,0.025463719,0.81765058,A10,0,101_STEAM_3,19.205285109,101_STEAM_3,0,107,107_CC_1,98,3893.761420333,4004.110000503,110.34858017
1,poi_bus_120,120,Attila,unity,1,22,2020-01-01T22:00:00+00:00,10,branch_B22_sustained,branch,B22,bounded,continuous,186.645833333,0,754.430540512,-100,0.000000001,true,true,false,constraint_violation,0.9039959,307,1.076005001,210,0.0460041,0.968371167,C27,0,101_STEAM_3,43.81133413,121_NUCLEAR_1,0,107,107_CC_1,98,3893.761420333,4037.031571745,143.270151412
1,poi_bus_120,120,Attila,unity,1,22,2020-01-01T22:00:00+00:00,11,branch_B6_immediate,branch,B6,fixed,short_term,186.645833333,0,754.430540512,-100,0.000000001,true,true,false,constraint_violation,0.927156639,307,1.08332154,210,0.03332154,0.814766418,A10,0,101_STEAM_3,18.898382861,101_STEAM_3,0,107,107_CC_1,98,3893.761420333,3998.110862522,104.349442189
1,poi_bus_120,120,Attila,unity,1,22,2020-01-01T22:00:00+00:00,12,branch_B6_sustained,branch,B6,bounded,continuous,186.645833333,0,754.430540512,-100,0.000000001,true,true,false,constraint_violation,0.915712035,307,1.082672036,210,0.034287965,1.355080085,A11,78.599718571,107_CC_1,14.598303308,101_STEAM_3,0,107,107_CC_1,98,3893.761420334,3997.51216684,103.750746506
1,poi_bus_120,120,Attila,unity,1,22,2020-01-01T22:00:00+00:00,13,branch_C12-1_immediate,branch,C12-1,fixed,short_term,186.645833333,0,754.430540512,-100.000000001,0.000000001,true,true,false,constraint_violation,0.744169569,307,1.082011359,210,0.205830431,0.900891659,C13-2,0,101_STEAM_3,18.956835658,101_STEAM_3,0,107,107_CC_1,98,3893.761420333,4014.028528388,120.267108055
1,poi_bus_120,120,Attila,unity,1,22,2020-01-01T22:00:00+00:00,14,branch_C12-1_sustained,branch,C12-1,bounded,continuous,186.645833333,0,754.430540512,-100,0.000000001,true,true,false,constraint_violation,0.69853252,307,1.081812233,210,0.25146748,1.173850551,C13-2,0,101_STEAM_3,39.595438839,121_NUCLEAR_1,0,107,107_CC_1,98,3893.761420333,4041.622049554,147.860629221
1,poi_bus_120,120,Attila,unity,1,22,2020-01-01T22:00:00+00:00,15,branch_C27_immediate,branch,C27,fixed,short_term,186.645833333,0,754.430540512,-100,0,true,true,false,constraint_violation,0.913917288,307,1.081868944,210,0.036082712,0.995474409,C29,0,101_STEAM_3,18.773021371,101_STEAM_3,0,107,107_CC_1,98,3893.761420333,4022.462474747,128.701054414
1,poi_bus_120,120,Attila,unity,1,22,2020-01-01T22:00:00+00:00,16,branch_C27_sustained,branch,C27,bounded,continuous,186.645833333,0,754.430540512,-100,0,true,true,false,constraint_violation,0.910821807,307,1.079289856,210,0.039178193,1.43900242,A11,175.254569737,107_CC_1,89.249957474,121_NUCLEAR_1,0,107,107_CC_1,98,3893.761420334,4069.015990071,175.254569737
1,poi_bus_120,120,Attila,unity,1,22,2020-01-01T22:00:00+00:00,17,branch_C6_immediate,branch,C6,fixed,short_term,186.645833333,0,754.430540512,-100,0,true,true,false,constraint_violation,0.920370761,307,1.082074776,210,0.032074776,0.816155554,A10,0,101_STEAM_3,19.077412731,101_STEAM_3,0,107,107_CC_1,98,3893.761420333,4002.608602385,108.847182052
1,poi_bus_120,120,Attila,unity,1,22,2020-01-01T22:00:00+00:00,18,branch_C6_sustained,branch,C6,bounded,continuous,186.645833333,0,754.430540512,-100,0.000000001,true,true,false,constraint_violation,0.917331757,307,1.082027465,210,0.032668243,0.928853499,A10,0,101_STEAM_3,18.894399473,101_STEAM_3,0,107,107_CC_1,98,3893.761420333,4015.193843499,121.432423166
1,poi_bus_120,120,Attila,unity,1,22,2020-01-01T22:00:00+00:00,19,branch_CA-1_immediate,branch,CA-1,fixed,short_term,186.645833333,0,754.430540512,-100,0,true,true,false,constraint_violation,0.912996781,307,1.081232393,210,0.037003219,0.944349379,C27,0,101_STEAM_3,17.938439136,101_STEAM_3,0,107,107_CC_1,98,3893.761420333,4049.185315305,155.423894972
1,poi_bus_120,120,Attila,unity,1,22,2020-01-01T22:00:00+00:00,20,branch_CA-1_sustained,branch,CA-1,bounded,continuous,186.645833333,0,754.430540512,97.460376667,0,true,true,false,constraint_violation,0.914968919,307,1.080367851,210,0.035031081,1.217032431,CB-1,0,101_STEAM_3,20.824212062,322_HYDRO_1,0,107,107_CC_1,98,3893.761420333,4068.35220028,174.590779947
1,poi_bus_120,120,Attila,unity,1,22,2020-01-01T22:00:00+00:00,21,generator_121_NUCLEAR_1_sustained,generator,121_NUCLEAR_1,bounded,continuous,186.645833333,0,754.430540512,-100,0.000000001,true,true,false,constraint_violation,0.9278181,307,1.08193715,210,0.03193715,1.012810155,C27,0,101_STEAM_3,16.966416186,102_STEAM_3,0,107,107_CC_1,97,3893.761420333,3975.555825613,81.79440528
1,poi_bus_120,120,Attila,unity,1,22,2020-01-01T22:00:00+00:00,22,generator_213_CC_3_sustained,generator,213_CC_3,bounded,continuous,186.645833333,0,754.430540512,-100,0.000000001,true,true,false,constraint_violation,0.908056188,307,1.078960509,210,0.041943812,1.369747371,AB1,154.751113189,107_CC_1,25.785755903,121_NUCLEAR_1,0,107,107_CC_1,98,3893.761420333,4048.512533522,154.751113189
1,poi_bus_120,120,Attila,unity,1,22,2020-01-01T22:00:00+00:00,23,generator_313_CC_1_sustained,generator,313_CC_1,bounded,continuous,186.645833333,0,754.430540512,100,0.000000001,true,true,false,constraint_violation,0.879283543,307,1.081612546,210,0.070716457,0.948788831,C27,0,101_STEAM_3,17.681943404,101_STEAM_3,0,107,107_CC_1,97,3893.761420333,4015.877021325,122.115600992
1,poi_bus_120,120,Attila,unity,1,23,2020-01-01T23:00:00+00:00,0,normal,normal,,base,continuous,183,0,702.837257408,-100,0,true,true,false,constraint_violation,0.954468401,307,1.086097361,210,0.036097361,0.940338572,A10,0,101_STEAM_3,20.025452972,101_STEAM_3,0,221,221_CC_1,97,3636.5968683,3728.255037782,91.658169482
1,poi_bus_120,120,Attila,unity,1,23,2020-01-01T23:00:00+00:00,1,branch_A11_immediate,branch,A11,fixed,short_term,183,0,702.837257408,-100,0.000000001,true,true,false,constraint_violation,0.954446717,307,1.085710328,210,0.035710328,0.825335031,A10,0,101_STEAM_3,20.44848753,101_STEAM_3,0,221,221_CC_1,97,3636.5968683,3728.220977309,91.624109009
1,poi_bus_120,120,Attila,unity,1,23,2020-01-01T23:00:00+00:00,2,branch_A11_sustained,branch,A11,bounded,continuous,183,0,702.837257408,-99.999999999,0,true,true,false,constraint_violation,0.942081557,307,1.086134176,210,0.036134176,0.964560479,C27,105.690611532,221_CC_1,20.641671601,101_STEAM_3,0,221,221_CC_1,97,3636.5968683,3742.287479832,105.690611532
1,poi_bus_120,120,Attila,unity,1,23,2020-01-01T23:00:00+00:00,3,branch_A12-1_immediate,branch,A12-1,fixed,short_term,183,0,702.837257408,-100.000000001,0.000000001,true,true,false,constraint_violation,0.954459564,307,1.085843049,210,0.035843049,0.822634155,A10,0,101_STEAM_3,19.075216616,101_STEAM_3,0,221,221_CC_1,97,3636.5968683,3729.273099677,92.676231377
1,poi_bus_120,120,Attila,unity,1,23,2020-01-01T23:00:00+00:00,4,branch_A12-1_sustained,branch,A12-1,bounded,continuous,183,0,702.837257408,-100,0.000000001,true,true,false,constraint_violation,0.951403088,307,1.086155956,210,0.036155956,0.938172369,A10,102.372486717,221_CC_1,19.350011807,101_STEAM_3,0,221,221_CC_1,97,3636.5968683,3738.969355017,102.372486717
1,poi_bus_120,120,Attila,unity,1,23,2020-01-01T23:00:00+00:00,5,branch_A34_immediate,branch,A34,fixed,short_term,183,0,702.837257408,-100,0.000000002,true,true,false,constraint_violation,0.954482999,307,1.086179528,210,0.036179528,0.964863574,A30,0,101_STEAM_3,19.911230696,121_NUCLEAR_1,0,221,221_CC_1,97,3636.5968683,3758.057877596,121.461009296
1,poi_bus_120,120,Attila,unity,1,23,2020-01-01T23:00:00+00:00,6,branch_A34_sustained,branch,A34,bounded,continuous,183,0,702.837257408,100,0.000000001,true,true,false,constraint_violation,0.959344036,307,1.084644972,210,0.034644972,1.01009472,A30,0,101_STEAM_3,25.286950632,313_CC_1,0,221,221_CC_1,97,3636.5968683,3739.955182625,103.358314325
1,poi_bus_120,120,Attila,unity,1,23,2020-01-01T23:00:00+00:00,7,branch_B12-1_immediate,branch,B12-1,fixed,short_term,183,0,702.837257408,-100,0.000000001,true,true,false,constraint_violation,0.950845663,207,1.073674076,210,0.023674076,0.82284661,A10,0,101_STEAM_3,20.036129895,101_STEAM_3,0,221,221_CC_1,97,3636.5968683,3732.268137162,95.671268862
1,poi_bus_120,120,Attila,unity,1,23,2020-01-01T23:00:00+00:00,8,branch_B12-1_sustained,branch,B12-1,bounded,continuous,183,0,702.837257408,100,0,true,true,false,constraint_violation,0.950875208,207,1.073698359,210,0.023698359,0.912929434,A10,91.282250454,221_CC_1,21.761334978,101_STEAM_3,0,221,221_CC_1,97,3636.5968683,3727.879118754,91.282250454
1,poi_bus_120,120,Attila,unity,1,23,2020-01-01T23:00:00+00:00,9,branch_B22_immediate,branch,B22,fixed,short_term,183,0,702.837257408,-100,0,true,true,false,constraint_violation,0.954483262,307,1.080039268,210,0.030039268,0.822119219,A10,0,101_STEAM_3,19.87428629,101_STEAM_3,0,221,221_CC_1,97,3636.5968683,3734.186242455,97.589374155
1,poi_bus_120,120,Attila,unity,1,23,2020-01-01T23:00:00+00:00,10,branch_B22_sustained,branch,B22,bounded,continuous,183,0,702.837257408,-100,0,true,true,false,constraint_violation,0.951593841,307,1.081071153,210,0.031071153,0.938348298,A10,105.499975268,221_CC_1,20.150007647,101_STEAM_3,0,221,221_CC_1,97,3636.5968683,3742.096843568,105.499975268
1,poi_bus_120,120,Attila,unity,1,23,2020-01-01T23:00:00+00:00,11,branch_B6_immediate,branch,B6,fixed,short_term,183,0,702.837257408,-100,0.000000001,true,true,false,constraint_violation,0.954464799,307,1.087409215,210,0.037409215,0.820823387,A10,0,101_STEAM_3,19.788412772,101_STEAM_3,0,221,221_CC_1,97,3636.5968683,3728.197510315,91.600642015
1,poi_bus_120,120,Attila,unity,1,23,2020-01-01T23:00:00+00:00,12,branch_B6_sustained,branch,B6,bounded,continuous,183,0,702.837257408,-100,0,true,true,false,constraint_violation,0.957569654,307,1.087681191,210,0.037681191,0.921553689,A10,83.633425537,221_CC_1,19.872516666,102_STEAM_3,0,221,221_CC_1,97,3636.5968683,3720.230293837,83.633425537
1,poi_bus_120,120,Attila,unity,1,23,2020-01-01T23:00:00+00:00,13,branch_C12-1_immediate,branch,C12-1,fixed,short_term,183,0,702.837257408,-100,0,true,true,false,constraint_violation,0.836069007,307,1.086123318,210,0.113930993,0.822762012,A10,0,101_STEAM_3,20.039606962,101_STEAM_3,0,221,221_CC_1,97,3636.5968683,3737.026619314,100.429751014
1,poi_bus_120,120,Attila,unity,1,23,2020-01-01T23:00:00+00:00,14,branch_C12-1_sustained,branch,C12-1,bounded,continuous,183,0,702.837257408,100,0,true,true,false,constraint_violation,0.836456943,307,1.085797949,210,0.113543057,0.947107186,C13-2,99.098359395,221_CC_1,22.097830905,101_STEAM_3,0,221,221_CC_1,97,3636.5968683,3735.695227695,99.098359395
1,poi_bus_120,120,Attila,unity,1,23,2020-01-01T23:00:00+00:00,15,branch_C27_immediate,branch,C27,fixed,short_term,183,0,702.837257408,-100,0,true,true,false,constraint_violation,0.943180864,307,1.085927937,210,0.035927937,0.994527965,C29,0,101_STEAM_3,20.183909039,101_STEAM_3,0,221,221_CC_1,97,3636.5968683,3750.027300569,113.430432269
1,poi_bus_120,120,Attila,unity,1,23,2020-01-01T23:00:00+00:00,16,branch_C27_sustained,branch,C27,bounded,continuous,183,0,702.837257408,-100,0.000000002,true,true,false,constraint_violation,0.936950716,307,1.085983008,210,0.035983008,0.994962187,C29,102.865460981,221_CC_1,20.158223293,101_STEAM_3,0,221,221_CC_1,97,3636.5968683,3739.462329281,102.865460981
1,poi_bus_120,120,Attila,unity,1,23,2020-01-01T23:00:00+00:00,17,branch_C6_immediate,branch,C6,fixed,short_term,183,0,702.837257408,-100,0,true,true,false,constraint_violation,0.951509703,307,1.086087909,210,0.036087909,0.822764089,A10,0,101_STEAM_3,20.039814729,101_STEAM_3,0,221,221_CC_1,97,3636.5968683,3729.936679361,93.339811061
1,poi_bus_120,120,Attila,unity,1,23,2020-01-01T23:00:00+00:00,18,branch_C6_sustained,branch,C6,bounded,continuous,183,0,702.837257408,100,0,true,true,false,constraint_violation,0.953753418,307,1.085981628,210,0.035981628,0.932693982,A10,89.277871693,221_CC_1,19.163258271,101_STEAM_3,0,221,221_CC_1,97,3636.5968683,3725.874739993,89.277871693
1,poi_bus_120,120,Attila,unity,1,23,2020-01-01T23:00:00+00:00,19,branch_CA-1_immediate,branch,CA-1,fixed,short_term,183,0,702.837257408,-100,0.000000001,true,true,false,constraint_violation,0.942428308,307,1.086496123,210,0.036496123,0.938136609,C27,0,101_STEAM_3,17.933310815,101_STEAM_3,0,221,221_CC_1,97,3636.5968683,3774.062274077,137.465405777
1,poi_bus_120,120,Attila,unity,1,23,2020-01-01T23:00:00+00:00,20,branch_CA-1_sustained,branch,CA-1,bounded,continuous,183,0,702.837257408,52.622429699,0.000000001,true,true,false,constraint_violation,0.94421277,307,1.086002136,210,0.036002136,1.189808207,CB-1,152.440041956,221_CC_1,19.201107212,322_HYDRO_1,0,221,221_CC_1,97,3636.5968683,3789.036910256,152.440041956
1,poi_bus_120,120,Attila,unity,1,23,2020-01-01T23:00:00+00:00,21,generator_121_NUCLEAR_1_sustained,generator,121_NUCLEAR_1,bounded,continuous,183,0,702.837257408,-100.000000001,0.000000001,true,true,false,constraint_violation,0.955531083,307,1.085553041,210,0.035553041,0.916670767,C27,78.254520299,221_CC_1,21.362500742,101_STEAM_3,0,221,221_CC_1,96,3636.5968683,3714.851388599,78.254520299
1,poi_bus_120,120,Attila,unity,1,23,2020-01-01T23:00:00+00:00,22,generator_213_CC_3_sustained,generator,213_CC_3,bounded,continuous,183,0,702.837257408,-100,0.000000001,true,true,false,constraint_violation,0.957559964,307,1.085256885,210,0.035256885,0.938105344,A10,0,101_STEAM_3,20.284461447,101_STEAM_3,0,221,221_CC_1,97,3636.5968683,3703.094438858,66.497570558
1,poi_bus_120,120,Attila,unity,1,23,2020-01-01T23:00:00+00:00,23,generator_313_CC_1_sustained,generator,313_CC_1,bounded,continuous,183,0,702.837257408,-71.8894123,0.000000001,true,true,false,constraint_violation,0.915069021,307,1.08608571,210,0.03608571,1.035384312,C27,103.478640285,221_CC_1,20.141035895,101_STEAM_3,0,221,221_CC_1,96,3636.5968683,3740.075508585,103.478640285
1,poi_bus_120,120,Attila,lagging_095,0.95,0,2020-01-01T00:00:00+00:00,0,normal,normal,,base,continuous,173.104166667,56.896588124,679.176313276,-99.999999999,0.000000002,true,true,false,constraint_violation,0.98744461,307,1.087892236,210,0.037892236,0.962939103,C6,24.094878366,115_STEAM_3,52.20100018,314_SYNC_COND_1,0,115,115_STEAM_3,100,3510.436050866,3627.530929232,117.094878366
1,poi_bus_120,120,Attila,lagging_095,0.95,0,2020-01-01T00:00:00+00:00,1,branch_A11_immediate,branch,A11,fixed,short_term,173.104166667,56.896588124,679.176313276,-100,0,true,true,false,constraint_violation,0.987142595,307,1.087736273,210,0.037736273,0.806535921,A10,24.449538848,115_STEAM_3,51.782371749,314_SYNC_COND_1,0,115,115_STEAM_3,100,3510.436050866,3627.885589714,117.449538848
1,poi_bus_120,120,Attila,lagging_095,0.95,0,2020-01-01T00:00:00+00:00,2,branch_A11_sustained,branch,A11,bounded,continuous,173.104166667,56.896588124,679.176313276,-99.999999999,0,true,true,false,constraint_violation,0.938344491,307,1.088271163,210,0.038271163,1.131859897,CA-1,124.700481746,115_STEAM_3,229.925169767,316_STEAM_1,0,115,115_STEAM_3,100,3510.436050867,3635.136532613,124.700481746
1,poi_bus_120,120,Attila,lagging_095,0.95,0,2020-01-01T00:00:00+00:00,3,branch_A12-1_immediate,branch,A12-1,fixed,short_term,173.104166667,56.896588124,679.176313276,-100,0.000000001,true,true,false,constraint_violation,0.987328487,307,1.08773656,210,0.03773656,0.800914237,A10,25.70578144,115_STEAM_3,52.040988548,314_SYNC_COND_1,0,115,115_STEAM_3,100,3510.436050866,3629.141832306,118.70578144
1,poi_bus_120,120,Attila,lagging_095,0.95,0,2020-01-01T00:00:00+00:00,4,branch_A12-1_sustained,branch,A12-1,bounded,continuous,173.104166667,56.896588124,679.176313276,-100,0.000000001,true,true,false,constraint_violation,0.973239114,307,1.085563396,210,0.035563396,1.004285357,C6,85.030741914,115_STEAM_3,81.232289381,316_STEAM_1,0,115,115_STEAM_3,100,3510.436050867,3595.466792781,85.030741914
1,poi_bus_120,120,Attila,lagging_095,0.95,0,2020-01-01T00:00:00+00:00,5,branch_A34_immediate,branch,A34,fixed,short_term,173.104166667,56.896588124,679.176313276,-100,0.000000001,true,true,false,constraint_violation,0.987656416,307,1.087925162,210,0.037925162,1.022040738,A30,56.909050767,115_STEAM_3,130.482570521,116_STEAM_1,0,115,115_STEAM_3,100,3510.436050866,3660.345101633,149.909050767
1,poi_bus_120,120,Attila,lagging_095,0.95,0,2020-01-01T00:00:00+00:00,6,branch_A34_sustained,branch,A34,bounded,continuous,173.104166667,56.896588124,679.176313276,88.763895844,0.000000001,true,true,false,constraint_violation,0.951526019,307,1.085521341,210,0.035521341,1.125161833,CA-1,151.250375165,115_STEAM_3,182.367799232,316_STEAM_1,0,115,115_STEAM_3,100,3510.436050867,3661.686426032,151.250375165
1,poi_bus_120,120,Attila,lagging_095,0.95,0,2020-01-01T00:00:00+00:00,7,branch_B12-1_immediate,branch,B12-1,fixed,short_term,173.104166667,56.896588124,679.176313276,-100,0.000000001,true,true,false,constraint_violation,0.959863358,207,1.076571985,210,0.026571985,0.802415631,A10,28.086669462,115_STEAM_3,52.156605782,314_SYNC_COND_1,0,115,115_STEAM_3,100,3510.436050866,3631.522720328,121.086669462
1,poi_bus_120,120,Attila,lagging_095,0.95,0,2020-01-01T00:00:00+00:00,8,branch_B12-1_sustained,branch,B12-1,bounded,continuous,173.104166667,56.896588124,679.176313276,-100,0.000000001,true,true,false,constraint_violation,0.956291107,207,1.07360123,210,0.02360123,1.011398732,C6,73.825210429,115_STEAM_3,33.129721067,316_STEAM_1,0,115,115_STEAM_3,100,3510.436050866,3584.261261295,73.825210429
1,poi_bus_120,120,Attila,lagging_095,0.95,0,2020-01-01T00:00:00+00:00,9,branch_B22_immediate,branch,B22,fixed,short_term,173.104166667,56.896588124,679.176313276,-100,0.000000001,true,true,false,constraint_violation,0.987669796,307,1.082111693,210,0.032111693,0.800666275,A10,30.47050584,115_STEAM_3,52.506805867,314_SYNC_COND_1,0,115,115_STEAM_3,100,3510.436050866,3633.906556706,123.47050584
1,poi_bus_120,120,Attila,lagging_095,0.95,0,2020-01-01T00:00:00+00:00,10,branch_B22_sustained,branch,B22,bounded,continuous,173.104166667,56.896588124,679.176313276,-100,0.000000001,true,true,false,constraint_violation,0.954655081,307,1.082811322,210,0.032811322,1.132195057,CA-1,132.753804676,115_STEAM_3,181.405692678,316_STEAM_1,0,115,115_STEAM_3,100,3510.436050867,3643.189855543,132.753804676
1,poi_bus_120,120,Attila,lagging_095,0.95,0,2020-01-01T00:00:00+00:00,11,branch_B6_immediate,branch,B6,fixed,short_term,173.104166667,56.896588124,679.176313276,-100,0,true,true,false,constraint_violation,0.987389311,307,1.089458806,210,0.039458806,0.8006091,A10,23.982773723,115_STEAM_3,52.124966884,314_SYNC_COND_1,0,115,115_STEAM_3,100,3510.436050866,3627.418824589,116.982773723
1,poi_bus_120,120,Attila,lagging_095,0.95,0,2020-01-01T00:00:00+00:00,12,branch_B6_sustained,branch,B6,bounded,continuous,173.104166667,56.896588124,679.176313276,91.930363323,0.000000001,true,true,false,constraint_violation,0.963922741,307,1.087012963,210,0.037012963,1.118056613,CA-1,122.934709879,115_STEAM_3,174.84186706,316_STEAM_1,0,115,115_STEAM_3,100,3510.436050867,3633.370760746,122.934709879
1,poi_bus_120,120,Attila,lagging_095,0.95,0,2020-01-01T00:00:00+00:00,13,branch_C12-1_immediate,branch,C12-1,fixed,short_term,173.104166667,56.896588124,679.176313276,-100,0.000000001,true,true,false,constraint_violation,0.880859407,307,1.087898842,210,0.069140593,0.80232493,A10,31.525842902,115_STEAM_3,45.886245617,316_STEAM_1,0,115,115_STEAM_3,100,3510.436050866,3634.961893768,124.525842902
1,poi_bus_120,120,Attila,lagging_095,0.95,0,2020-01-01T00:00:00+00:00,14,branch_C12-1_sustained,branch,C12-1,bounded,continuous,173.104166667,56.896588124,679.176313276,100,0,true,true,false,constraint_violation,0.873158001,307,1.085092682,210,0.076841999,1.007622419,C6,75.349662018,115_STEAM_3,24.82568413,316_STEAM_1,0,115,115_STEAM_3,100,3510.436050867,3585.785712885,75.349662018
1,poi_bus_120,120,Attila,lagging_095,0.95,0,2020-01-01T00:00:00+00:00,15,branch_C27_immediate,branch,C27,fixed,short_term,173.104166667,56.896588124,679.176313276,-100,0,true,true,false,constraint_violation,0.982682469,307,1.087806734,210,0.037806734,0.999730528,C29,33.269200111,115_STEAM_3,76.954977837,316_STEAM_1,0,115,115_STEAM_3,100,3510.436050866,3636.705250977,126.269200111
1,poi_bus_120,120,Attila,lagging_095,0.95,0,2020-01-01T00:00:00+00:00,16,branch_C27_sustained,branch,C27,bounded,continuous,173.104166667,56.896588124,679.176313276,-100,0,true,true,false,constraint_violation,0.939810879,307,1.088160295,210,0.038160295,1.05194408,CA-1,33.868120998,216_STEAM_1,275.756676295,316_STEAM_1,0,216,216_STEAM_1,100,3510.436050867,3637.304171865,126.868120998
1,poi_bus_120,120,Attila,lagging_095,0.95,0,2020-01-01T00:00:00+00:00,17,branch_C6_immediate,branch,C6,fixed,short_term,173.104166667,56.896588124,679.176313276,-100,0.000000002,true,true,false,constraint_violation,0.970271118,307,1.087879883,210,0.037879883,0.909021898,C2,34.410260485,115_STEAM_3,81.219920499,316_STEAM_1,0,115,115_STEAM_3,100,3510.436050866,3637.846311351,127.410260485
1,poi_bus_120,120,Attila,lagging_095,0.95,0,2020-01-01T00:00:00+00:00,18,branch_C6_sustained,branch,C6,bounded,continuous,173.104166667,56.896588124,679.176313276,-100,0.000000001,true,true,false,constraint_violation,0.955185914,307,1.085599226,210,0.035599226,0.937197015,A10,86.625463737,115_STEAM_3,172.434816457,316_STEAM_1,0,115,115_STEAM_3,100,3510.436050867,3597.061514604,86.625463737
1,poi_bus_120,120,Attila,lagging_095,0.95,0,2020-01-01T00:00:00+00:00,19,branch_CA-1_immediate,branch,CA-1,fixed,short_term,173.104166667,56.896588124,679.176313276,-100,0,true,true,false,constraint_violation,0.98207792,307,1.088042135,210,0.038042135,0.846709198,A28,48.724678691,115_STEAM_3,96.762954274,116_STEAM_1,0,115,115_STEAM_3,100,3510.436050866,3652.160729557,141.724678691
1,poi_bus_120,120,Attila,lagging_095,0.95,0,2020-01-01T00:00:00+00:00,20,branch_CA-1_sustained,branch,CA-1,bounded,continuous,173.104166667,56.896588124,679.176313276,100,0,true,true,false,constraint_violation,0.956032159,307,1.084427016,210,0.034427016,1.21911233,CB-1,174.570799782,115_STEAM_3,347.917388811,316_STEAM_1,0,115,115_STEAM_3,100,3510.436050867,3685.006850649,174.570799782
1,poi_bus_120,120,Attila,lagging_095,0.95,0,2020-01-01T00:00:00+00:00,21,generator_121_NUCLEAR_1_sustained,generator,121_NUCLEAR_1,bounded,continuous,173.104166667,56.896588124,679.176313276,-99.999999999,0,true,true,false,constraint_violation,0.928066613,307,1.085577566,210,0.035577566,1.112095192,CA-1,150.900464319,115_STEAM_3,291.166483401,316_STEAM_1,0,115,115_STEAM_3,99,3510.436050867,3661.336515186,150.900464319
1,poi_bus_120,120,Attila,lagging_095,0.95,0,2020-01-01T00:00:00+00:00,22,generator_213_CC_3_sustained,generator,213_CC_3,bounded,continuous,173.104166667,56.896588124,679.176313276,100,0.000000001,true,true,false,constraint_violation,0.964840921,307,1.08566367,210,0.03566367,1.114168859,CA-1,124.846772556,115_STEAM_3,167.791475933,316_STEAM_1,0,115,115_STEAM_3,100,3510.436050867,3635.282823423,124.846772556
1,poi_bus_120,120,Attila,lagging_095,0.95,0,2020-01-01T00:00:00+00:00,23,generator_313_CC_1_sustained,generator,313_CC_1,bounded,continuous,173.104166667,56.896588124,679.176313276,100.000000001,0,true,true,false,constraint_violation,0.955303066,307,1.085391671,210,0.035391671,1.115797822,CA-1,145.216260138,115_STEAM_3,149.962337726,316_STEAM_1,0,115,115_STEAM_3,100,3510.436050866,3655.652311004,145.216260138
1,poi_bus_120,120,Attila,lagging_095,0.95,1,2020-01-01T01:00:00+00:00,0,normal,normal,,base,continuous,175.875,57.807316998,663.651430585,-99.999999999,0,true,true,false,constraint_violation,0.99819032,307,1.088739633,210,0.038739633,1.001778853,C6,23.824068295,115_STEAM_3,63.394399435,314_SYNC_COND_1,0,115,115_STEAM_3,100,3436.9208227,3553.744890995,116.824068295
1,poi_bus_120,120,Attila,lagging_095,0.95,1,2020-01-01T01:00:00+00:00,1,branch_A11_immediate,branch,A11,fixed,short_term,175.875,57.807316998,663.651430585,-99.999999999,0,true,true,false,constraint_violation,0.998042417,307,1.08845725,210,0.03845725,0.801420135,A10,24.325464827,115_STEAM_3,63.18889923,314_SYNC_COND_1,0,115,115_STEAM_3,100,3436.9208227,3554.246287527,117.325464827
1,poi_bus_120,120,Attila,lagging_095,0.95,1,2020-01-01T01:00:00+00:00,2,branch_A11_sustained,branch,A11,bounded,continuous,175.875,57.807316998,663.651430585,99.999999999,0.000000001,true,true,false,constraint_violation,0.982391382,307,1.087583613,210,0.037583613,0.923616017,C10,28.145703758,115_STEAM_3,79.537079187,316_STEAM_1,0,115,115_STEAM_3,100,3436.9208227,3558.066526458,121.145703758
1,poi_bus_120,120,Attila,lagging_095,0.95,1,2020-01-01T01:00:00+00:00,3,branch_A12-1_immediate,branch,A12-1,fixed,short_term,175.875,57.807316998,663.651430585,-100,0,true,true,false,constraint_violation,0.998130068,307,1.088563757,210,0.038563757,0.795247349,C6,25.377977426,115_STEAM_3,63.311452635,314_SYNC_COND_1,0,115,115_STEAM_3,100,3436.9208227,3555.298800126,118.377977426
1,poi_bus_120,120,Attila,lagging_095,0.95,1,2020-01-01T01:00:00+00:00,4,branch_A12-1_sustained,branch,A12-1,bounded,continuous,175.875,57.807316998,663.651430585,100,0,true,true,false,constraint_violation,0.967044789,307,1.086341765,210,0.036341765,1.119153938,CA-1,123.190915036,115_STEAM_3,176.483800436,316_STEAM_1,0,115,115_STEAM_3,100,3436.9208227,3560.111737736,123.190915036
1,poi_bus_120,120,Attila,lagging_095,0.95,1,2020-01-01T01:00:00+00:00,5,branch_A34_immediate,branch,A34,fixed,short_term,175.875,57.807316998,663.651430585,-99.999999999,0,true,true,false,constraint_violation,0.998296558,307,1.088778601,210,0.038778601,1.022107976,A30,56.259802079,115_STEAM_3,137.602381824,116_STEAM_1,0,115,115_STEAM_3,100,3436.9208227,3586.180624779,149.259802079
1,poi_bus_120,120,Attila,lagging_095,0.95,1,2020-01-01T01:00:00+00:00,6,branch_A34_sustained,branch,A34,bounded,continuous,175.875,57.807316998,663.651430585,-100,0,true,true,false,constraint_violation,0.96771759,307,1.086066779,210,0.036066779,1.007803279,A30,38.945717547,316_STEAM_1,135.438893148,316_STEAM_1,0,316,316_STEAM_1,100,3436.9208227,3568.866540247,131.945717547
1,poi_bus_120,120,Attila,lagging_095,0.95,1,2020-01-01T01:00:00+00:00,7,branch_B12-1_immediate,branch,B12-1,fixed,short_term,175.875,57.807316998,663.651430585,-100,0,true,true,false,constraint_violation,0.964412695,207,1.07789851,210,0.02789851,0.796406973,C6,27.599798135,115_STEAM_3,63.371742084,314_SYNC_COND_1,0,115,115_STEAM_3,100,3436.9208227,3557.520620835,120.599798135
1,poi_bus_120,120,Attila,lagging_095,0.95,1,2020-01-01T01:00:00+00:00,8,branch_B12-1_sustained,branch,B12-1,bounded,continuous,175.875,57.807316998,663.651430585,99.999999999,0.000000001,true,true,false,constraint_violation,0.962898925,207,1.076630802,210,0.026630802,0.923481233,C10,77.672410328,115_STEAM_3,85.342345022,316_STEAM_1,0,115,115_STEAM_3,100,3436.9208227,3514.593233028,77.672410328
1,poi_bus_120,120,Attila,lagging_095,0.95,1,2020-01-01T01:00:00+00:00,9,branch_B22_immediate,branch,B22,fixed,short_term,175.875,57.807316998,663.651430585,-100,0,true,true,false,constraint_violation,0.998305916,307,1.083064085,210,0.033064085,0.800614803,C6,30.343709744,115_STEAM_3,63.548726826,314_SYNC_COND_1,0,115,115_STEAM_3,100,3436.9208227,3560.264532444,123.343709744
1,poi_bus_120,120,Attila,lagging_095,0.95,1,2020-01-01T01:00:00+00:00,10,branch_B22_sustained,branch,B22,bounded,continuous,175.875,57.807316998,663.651430585,100,0.000000001,true,true,false,constraint_violation,0.964568299,307,1.082274962,210,0.032274962,0.988860501,CA-1,137.564567753,115_STEAM_3,118.351544372,316_STEAM_1,0,115,115_STEAM_3,100,3436.9208227,3574.485390453,137.564567753
1,poi_bus_120,120,Attila,lagging_095,0.95,1,2020-01-01T01:00:00+00:00,11,branch_B6_immediate,branch,B6,fixed,short_term,175.875,57.807316998,663.651430585,-100,0,true,true,false,constraint_violation,0.998166755,307,1.090251566,210,0.040251566,0.796215064,C6,23.725086237,115_STEAM_3,63.362109299,314_SYNC_COND_1,0,115,115_STEAM_3,100,3436.9208227,3553.645908937,116.725086237
1,poi_bus_120,120,Attila,lagging_095,0.95,1,2020-01-01T01:00:00+00:00,12,branch_B6_sustained,branch,B6,bounded,continuous,175.875,57.807316998,663.651430585,-100,0.000000001,true,true,false,constraint_violation,0.954645699,307,1.087849506,210,0.037849506,1.131633827,CA-1,118.431618633,115_STEAM_3,230.527235937,316_STEAM_1,0,115,115_STEAM_3,100,3436.9208227,3555.352441333,118.431618633
1,poi_bus_120,120,Attila,lagging_095,0.95,1,2020-01-01T01:00:00+00:00,13,branch_C12-1_immediate,branch,C12-1,fixed,short_term,175.875,57.807316998,663.651430585,-100,0,true,true,false,constraint_violation,0.907863813,307,1.088745911,210,0.042136187,0.79630447,A10,29.842873779,115_STEAM_3,46.475145915,116_STEAM_1,0,115,115_STEAM_3,100,3436.9208227,3559.763696479,122.842873779
1,poi_bus_120,120,Attila,lagging_095,0.95,1,2020-01-01T01:00:00+00:00,14,branch_C12-1_sustained,branch,C12-1,bounded,continuous,175.875,57.807316998,663.651430585,-99.999999999,0,true,true,false,constraint_violation,0.904097193,307,1.086272029,210,0.045902807,1.007311577,C6,83.151719979,115_STEAM_3,39.158717995,316_STEAM_1,0,115,115_STEAM_3,100,3436.9208227,3520.072542679,83.151719979
1,poi_bus_120,120,Attila,lagging_095,0.95,1,2020-01-01T01:00:00+00:00,15,branch_C27_immediate,branch,C27,fixed,short_term,175.875,57.807316998,663.651430585,-100.000000001,0.000000001,true,true,false,constraint_violation,0.994057285,307,1.088637109,210,0.038637109,0.999888378,C29,32.353060397,115_STEAM_3,61.734127662,316_STEAM_1,0,115,115_STEAM_3,100,3436.9208227,3562.273883097,125.353060397
1,poi_bus_120,120,Attila,lagging_095,0.95,1,2020-01-01T01:00:00+00:00,16,branch_C27_sustained,branch,C27,bounded,continuous,175.875,57.807316998,663.651430585,100,0,true,true,false,constraint_violation,0.97626905,307,1.087101968,210,0.037101968,0.998469029,C29,84.251486203,115_STEAM_3,148.766668296,316_STEAM_1,0,115,115_STEAM_3,100,3436.9208227,3521.172308903,84.251486203
1,poi_bus_120,120,Attila,lagging_095,0.95,1,2020-01-01T01:00:00+00:00,17,branch_C6_immediate,branch,C6,fixed,short_term,175.875,57.807316998,663.651430585,-100,0,true,true,false,constraint_violation,0.981085194,307,1.088723599,210,0.038723599,0.927284212,C2,34.871973908,115_STEAM_3,77.625761859,316_STEAM_1,0,115,115_STEAM_3,100,3436.9208227,3564.792796608,127.871973908
1,poi_bus_120,120,Attila,lagging_095,0.95,1,2020-01-01T01:00:00+00:00,18,branch_C6_sustained,branch,C6,bounded,continuous,175.875,57.807316998,663.651430585,-100,0,true,true,false,constraint_violation,0.954515456,307,1.08638371,210,0.03638371,1.13130062,CA-1,120.160324372,115_STEAM_3,191.758533834,316_STEAM_1,0,115,115_STEAM_3,100,3436.9208227,3557.081147072,120.160324372
1,poi_bus_120,120,Attila,lagging_095,0.95,1,2020-01-01T01:00:00+00:00,19,branch_CA-1_immediate,branch,CA-1,fixed,short_term,175.875,57.807316998,663.651430585,-100,0.000000001,true,true,false,constraint_violation,0.993190093,307,1.089054127,210,0.039054127,0.852381435,C6,38.784754193,115_STEAM_3,90.650570955,116_STEAM_1,0,115,115_STEAM_3,100,3436.9208227,3568.705576893,131.784754193
1,poi_bus_120,120,Attila,lagging_095,0.95,1,2020-01-01T01:00:00+00:00,20,branch_CA-1_sustained,branch,CA-1,bounded,continuous,175.875,57.807316998,663.651430585,100.000000001,0,true,true,false,constraint_violation,0.987552929,307,1.085810305,210,0.035810305,1.044517202,C27,0,101_STEAM_3,112.358031828,316_STEAM_1,0,115,115_STEAM_3,100,3436.9208227,3515.856023558,78.935200858
1,poi_bus_120,120,Attila,lagging_095,0.95,1,2020-01-01T01:00:00+00:00,21,generator_121_NUCLEAR_1_sustained,generator,121_NUCLEAR_1,bounded,continuous,175.875,57.807316998,663.651430585,100,0,true,true,false,constraint_violation,0.983140542,307,1.085377369,210,0.035377369,0.920021161,C10,97.890222421,115_STEAM_3,93.750493984,316_STEAM_1,0,115,115_STEAM_3,99,3436.9208227,3534.811045121,97.890222421
1,poi_bus_120,120,Attila,lagging_095,0.95,1,2020-01-01T01:00:00+00:00,22,generator_213_CC_3_sustained,generator,213_CC_3,bounded,continuous,175.875,57.807316998,663.651430585,100,0,true,true,false,constraint_violation,0.997893412,307,1.08780258,210,0.03780258,1.005334537,C29,103.230062857,115_STEAM_3,57.032116365,314_SYNC_COND_1,0,115,115_STEAM_3,100,3436.9208227,3540.150885557,103.230062857
1,poi_bus_120,120,Attila,lagging_095,0.95,1,2020-01-01T01:00:00+00:00,23,generator_313_CC_1_sustained,generator,313_CC_1,bounded,continuous,175.875,57.807316998,663.651430585,-100,0,true,true,false,constraint_violation,0.960878249,307,1.088051013,210,0.038051013,1.049881184,CA-1,40.681279903,216_STEAM_1,158.867876856,316_STEAM_1,0,216,216_STEAM_1,100,3436.9208227,3570.602102603,133.681279903
1,poi_bus_120,120,Attila,lagging_095,0.95,2,2020-01-01T02:00:00+00:00,0,normal,normal,,base,continuous,177.145833333,58.225019715,660.828118246,-100,0,true,true,false,constraint_violation,1,102,1.088857826,210,0.038857826,0.965057315,C6,21.93935838,115_STEAM_3,70.991892838,314_SYNC_COND_1,0,115,115_STEAM_3,100,3424.318483333,3539.257841713,114.93935838
1,poi_bus_120,120,Attila,lagging_095,0.95,2,2020-01-01T02:00:00+00:00,1,branch_A11_immediate,branch,A11,fixed,short_term,177.145833333,58.225019715,660.828118246,-100,0,true,true,false,constraint_violation,1,101,1.088583963,210,0.038583963,0.801536127,A10,22.439109789,115_STEAM_3,70.781146657,314_SYNC_COND_1,0,115,115_STEAM_3,100,3424.318483333,3539.757593122,115.439109789
1,poi_bus_120,120,Attila,lagging_095,0.95,2,2020-01-01T02:00:00+00:00,2,branch_A11_sustained,branch,A11,bounded,continuous,177.145833333,58.225019715,660.828118246,100,0,true,true,false,constraint_violation,0.999802968,307,1.086075762,210,0.036075762,1.011790387,C6,83.289607794,115_STEAM_3,48.21108795,314_SYNC_COND_1,0,115,115_STEAM_3,100,3424.318483333,3507.608091127,83.289607794
1,poi_bus_120,120,Attila,lagging_095,0.95,2,2020-01-01T02:00:00+00:00,3,branch_A12-1_immediate,branch,A12-1,fixed,short_term,177.145833333,58.225019715,660.828118246,-100,0.000000001,true,true,false,constraint_violation,1,102,1.088674155,210,0.038674155,0.793395002,A10,23.540572857,115_STEAM_3,70.906397572,314_SYNC_COND_1,0,115,115_STEAM_3,100,3424.318483333,3540.85905619,116.540572857
1,poi_bus_120,120,Attila,lagging_095,0.95,2,2020-01-01T02:00:00+00:00,4,branch_A12-1_sustained,branch,A12-1,bounded,continuous,177.145833333,58.225019715,660.828118246,100,0.000000001,true,true,false,constraint_violation,0.983936051,325,1.089157981,210,0.039157981,1.106805797,CA-1,132.058803441,115_STEAM_3,128.7699512,316_STEAM_1,0,115,115_STEAM_3,100,3424.318483333,3556.377286774,132.058803441
1,poi_bus_120,120,Attila,lagging_095,0.95,2,2020-01-01T02:00:00+00:00,5,branch_A34_immediate,branch,A34,fixed,short_term,177.145833333,58.225019715,660.828118246,-100,0.000000001,true,true,false,constraint_violation,1,102,1.088896693,210,0.038896693,1.022122144,A30,54.350400984,115_STEAM_3,138.242815024,116_STEAM_1,0,115,115_STEAM_3,100,3424.318483333,3571.668884317,147.350400984
1,poi_bus_120,120,Attila,lagging_095,0.95,2,2020-01-01T02:00:00+00:00,6,branch_A34_sustained,branch,A34,bounded,continuous,177.145833333,58.225019715,660.828118246,100,0,true,true,false,constraint_violation,0.995104579,307,1.087966034,210,0.037966034,1.01136742,C6,19.421273472,116_STEAM_1,48.637231877,314_SYNC_COND_1,0,116,116_STEAM_1,100,3424.318483334,3536.739756806,112.421273472
1,poi_bus_120,120,Attila,lagging_095,0.95,2,2020-01-01T02:00:00+00:00,7,branch_B12-1_immediate,branch,B12-1,fixed,short_term,177.145833333,58.225019715,660.828118246,-100,0.000000001,true,true,false,constraint_violation,0.965126296,207,1.082704445,310,0.032704445,0.796645608,A10,25.681372605,115_STEAM_3,70.968902109,314_SYNC_COND_1,0,115,115_STEAM_3,100,3424.318483333,3542.999855938,118.681372605
1,poi_bus_120,120,Attila,lagging_095,0.95,2,2020-01-01T02:00:00+00:00,8,branch_B12-1_sustained,branch,B12-1,bounded,continuous,177.145833333,58.225019715,660.828118246,99.999999999,0.000000001,true,true,false,constraint_violation,0.962859789,207,1.077674654,310,0.027674654,1.012226935,C6,0,101_STEAM_3,47.312085392,314_SYNC_COND_1,0,115,115_STEAM_3,100,3424.318483334,3507.585280799,83.266797465
1,poi_bus_120,120,Attila,lagging_095,0.95,2,2020-01-01T02:00:00+00:00,9,branch_B22_immediate,branch,B22,fixed,short_term,177.145833333,58.225019715,660.828118246,-100,0.000000002,true,true,false,constraint_violation,1,102,1.083212055,210,0.033212055,0.794933559,A10,28.433053169,115_STEAM_3,71.150293341,314_SYNC_COND_1,0,115,115_STEAM_3,100,3424.318483333,3545.751536502,121.433053169
1,poi_bus_120,120,Attila,lagging_095,0.95,2,2020-01-01T02:00:00+00:00,10,branch_B22_sustained,branch,B22,bounded,continuous,177.145833333,58.225019715,660.828118246,-100,0.000000001,true,true,false,constraint_violation,0.962844681,307,1.081980209,210,0.031980209,1.123939428,CA-1,133.69903774,115_STEAM_3,202.273537198,316_STEAM_1,0,115,115_STEAM_3,100,3424.318483333,3558.017521073,133.69903774
1,poi_bus_120,120,Attila,lagging_095,0.95,2,2020-01-01T02:00:00+00:00,11,branch_B6_immediate,branch,B6,fixed,short_term,177.145833333,58.225019715,660.828118246,-100,0.000000002,true,true,false,constraint_violation,1,314,1.090407685,210,0.040407685,0.794769642,A10,21.835147824,115_STEAM_3,70.959245365,314_SYNC_COND_1,0,115,115_STEAM_3,100,3424.318483333,3539.153631157,114.835147824
1,poi_bus_120,120,Attila,lagging_095,0.95,2,2020-01-01T02:00:00+00:00,12,branch_B6_sustained,branch,B6,bounded,continuous,177.145833333,58.225019715,660.828118246,-100,0.000000001,true,true,false,constraint_violation,0.971562986,307,1.087631853,210,0.037631853,1.062333127,CA-1,145.757638652,115_STEAM_3,105.373439657,316_STEAM_1,0,115,115_STEAM_3,100,3424.318483334,3570.076121986,145.757638652
1,poi_bus_120,120,Attila,lagging_095,0.95,2,2020-01-01T02:00:00+00:00,13,branch_C12-1_immediate,branch,C12-1,fixed,short_term,177.145833333,58.225019715,660.828118246,-100,0.000000001,true,true,false,constraint_violation,0.922037482,307,1.088863365,210,0.038863365,0.796590078,A10,27.387183577,115_STEAM_3,47.110165672,116_STEAM_1,0,115,115_STEAM_3,100,3424.318483333,3544.70566691,120.387183577
1,poi_bus_120,120,Attila,lagging_095,0.95,2,2020-01-01T02:00:00+00:00,14,branch_C12-1_sustained,branch,C12-1,bounded,continuous,177.145833333,58.225019715,660.828118246,100,0.000000001,true,true,false,constraint_violation,0.9293827,307,1.086394549,210,0.036394549,0.911553137,A10,14.213046917,115_STEAM_3,39.137923765,116_STEAM_1,0,115,115_STEAM_3,100,3424.318483333,3531.53153025,107.213046917
1,poi_bus_120,120,Attila,lagging_095,0.95,2,2020-01-01T02:00:00+00:00,15,branch_C27_immediate,branch,C27,fixed,short_term,177.145833333,58.225019715,660.828118246,-100,0,true,true,false,constraint_violation,1,101,1.088757793,210,0.038757793,0.999950508,C29,30.008527083,115_STEAM_3,67.262390574,314_SYNC_COND_1,0,115,115_STEAM_3,100,3424.318483333,3547.327010416,123.008527083
1,poi_bus_120,120,Attila,lagging_095,0.95,2,2020-01-01T02:00:00+00:00,16,branch_C27_sustained,branch,C27,bounded,continuous,177.145833333,58.225019715,660.828118246,-100,0.000000001,true,true,false,constraint_violation,0.994160002,307,1.08657209,210,0.03657209,1.005254933,C6,75.223576985,115_STEAM_3,52.874164448,314_SYNC_COND_1,0,115,115_STEAM_3,100,3424.318483333,3499.542060318,75.223576985
1,poi_bus_120,120,Attila,lagging_095,0.95,2,2020-01-01T02:00:00+00:00,17,branch_C6_immediate,branch,C6,fixed,short_term,177.145833333,58.225019715,660.828118246,-100,0.000000001,true,true,false,constraint_violation,0.990553434,307,1.088841719,210,0.038841719,0.903152456,C2,31.933853583,115_STEAM_3,60.324729784,316_STEAM_1,0,115,115_STEAM_3,100,3424.318483333,3549.252336916,124.933853583
1,poi_bus_120,120,Attila,lagging_095,0.95,2,2020-01-01T02:00:00+00:00,18,branch_C6_sustained,branch,C6,bounded,continuous,177.145833333,58.225019715,660.828118246,-100,0.000000001,true,true,false,constraint_violation,0.956512062,307,1.085950598,210,0.035950598,1.061640788,CA-1,42.703341283,216_STEAM_1,143.881315576,316_STEAM_1,0,216,216_STEAM_1,100,3424.318483333,3560.021824616,135.703341283
1,poi_bus_120,120,Attila,lagging_095,0.95,2,2020-01-01T02:00:00+00:00,19,branch_CA-1_immediate,branch,CA-1,fixed,short_term,177.145833333,58.225019715,660.828118246,-100,0,true,true,false,constraint_violation,1,101,1.089168108,210,0.039168108,0.822061992,C6,36.138005105,115_STEAM_3,90.037147122,116_STEAM_1,0,115,115_STEAM_3,100,3424.318483333,3553.456488438,129.138005105
1,poi_bus_120,120,Attila,lagging_095,0.95,2,2020-01-01T02:00:00+00:00,20,branch_CA-1_sustained,branch,CA-1,bounded,continuous,177.145833333,58.225019715,660.828118246,100,0.000000001,true,true,false,constraint_violation,0.981383942,307,1.08544048,210,0.03544048,1.205163698,CB-1,80.276554353,115_STEAM_3,308.06321336,316_STEAM_1,0,115,115_STEAM_3,100,3424.318483333,3597.595037686,173.276554353
1,poi_bus_120,120,Attila,lagging_095,0.95,2,2020-01-01T02:00:00+00:00,21,generator_121_NUCLEAR_1_sustained,generator,121_NUCLEAR_1,bounded,continuous,177.145833333,58.225019715,660.828118246,100,0.000000001,true,true,false,constraint_violation,0.997014627,307,1.085204537,210,0.035204537,1.020815292,C6,0,101_STEAM_3,40.95765643,314_SYNC_COND_1,0,216,216_STEAM_1,99,3424.318483333,3502.71143256,78.392949227
1,poi_bus_120,120,Attila,lagging_095,0.95,2,2020-01-01T02:00:00+00:00,22,generator_213_CC_3_sustained,generator,213_CC_3,bounded,continuous,177.145833333,58.225019715,660.828118246,100,0.000000001,true,true,false,constraint_violation,0.972502303,307,1.086713755,210,0.036713755,1.111928276,CA-1,128.80415959,115_STEAM_3,147.347257119,316_STEAM_1,0,115,115_STEAM_3,100,3424.318483333,3553.122642923,128.80415959
1,poi_bus_120,120,Attila,lagging_095,0.95,2,2020-01-01T02:00:00+00:00,23,generator_313_CC_1_sustained,generator,313_CC_1,bounded,continuous,177.145833333,58.225019715,660.828118246,100,0,true,true,false,constraint_violation,0.983149977,325,1.089342743,210,0.039342743,1.11563208,CA-1,134.210341441,121_NUCLEAR_1,128.013505956,316_STEAM_1,0,121,121_NUCLEAR_1,100,3424.318483333,3562.528824774,138.210341441
1,poi_bus_120,120,Attila,lagging_095,0.95,3,2020-01-01T03:00:00+00:00,0,normal,normal,,base,continuous,172.770833333,56.787026755,664.374395151,-100,0,true,true,false,constraint_violation,1,101,1.08897112,306,0.03897112,0.914417099,A10,18.148400677,115_STEAM_3,78.437376675,314_SYNC_COND_1,0,115,115_STEAM_3,100,3437.369154333,3548.51755501,111.148400677
1,poi_bus_120,120,Attila,lagging_095,0.95,3,2020-01-01T03:00:00+00:00,1,branch_A11_immediate,branch,A11,fixed,short_term,172.770833333,56.787026755,664.374395151,-100.000000001,0.000000001,true,true,false,constraint_violation,1,102,1.08874995,306,0.03874995,0.804275596,A10,18.585869721,115_STEAM_3,78.140727329,314_SYNC_COND_1,0,115,115_STEAM_3,100,3437.369154333,3548.955024054,111.585869721
1,poi_bus_120,120,Attila,lagging_095,0.95,3,2020-01-01T03:00:00+00:00,2,branch_A11_sustained,branch,A11,bounded,continuous,172.770833333,56.787026755,664.374395151,100,0,true,true,false,constraint_violation,1,314,1.084218067,210,0.034218067,1.012775281,C6,0,101_STEAM_3,50.219634146,314_SYNC_COND_1,0,115,115_STEAM_3,100,3437.369154334,3520.837349513,83.468195179
1,poi_bus_120,120,Attila,lagging_095,0.95,3,2020-01-01T03:00:00+00:00,3,branch_A12-1_immediate,branch,A12-1,fixed,short_term,172.770833333,56.787026755,664.374395151,-100,0.000000001,true,true,false,constraint_violation,1,314,1.088880963,306,0.038880963,0.797797132,A10,19.872705929,115_STEAM_3,78.317760842,314_SYNC_COND_1,0,115,115_STEAM_3,100,3437.369154333,3550.241860262,112.872705929
1,poi_bus_120,120,Attila,lagging_095,0.95,3,2020-01-01T03:00:00+00:00,4,branch_A12-1_sustained,branch,A12-1,bounded,continuous,172.770833333,56.787026755,664.374395151,-100,0,true,true,false,constraint_violation,0.967387898,307,1.089227011,210,0.039227011,1.121596107,CA-1,122.806200248,115_STEAM_3,189.051330782,316_STEAM_1,0,115,115_STEAM_3,100,3437.369154333,3560.175354581,122.806200248
1,poi_bus_120,120,Attila,lagging_095,0.95,3,2020-01-01T03:00:00+00:00,5,branch_A34_immediate,branch,A34,fixed,short_term,172.770833333,56.787026755,664.374395151,-100,0,true,true,false,constraint_violation,1,314,1.089133006,306,0.039133006,1.022110377,A30,50.731170787,115_STEAM_3,134.223659376,116_STEAM_1,0,115,115_STEAM_3,100,3437.369154333,3581.10032512,143.731170787
1,poi_bus_120,120,Attila,lagging_095,0.95,3,2020-01-01T03:00:00+00:00,6,branch_A34_sustained,branch,A34,bounded,continuous,172.770833333,56.787026755,664.374395151,-100,0.000000001,true,true,false,constraint_violation,0.981431175,307,1.085982024,210,0.035982024,1.0097149,CA-1,142.833049666,115_STEAM_3,91.844421391,316_STEAM_1,0,115,115_STEAM_3,100,3437.369154333,3580.202203999,142.833049666
1,poi_bus_120,120,Attila,lagging_095,0.95,3,2020-01-01T03:00:00+00:00,7,branch_B12-1_immediate,branch,B12-1,fixed,short_term,172.770833333,56.787026755,664.374395151,-100,0,true,true,false,constraint_violation,0.965453017,207,1.08894738,306,0.03894738,0.800128896,A10,21.871359526,115_STEAM_3,78.406080482,314_SYNC_COND_1,0,115,115_STEAM_3,100,3437.369154333,3552.240513859,114.871359526
1,poi_bus_120,120,Attila,lagging_095,0.95,3,2020-01-01T03:00:00+00:00,8,branch_B12-1_sustained,branch,B12-1,bounded,continuous,172.770833333,56.787026755,664.374395151,-100,0.000000002,true,true,false,constraint_violation,0.962520402,207,1.075753505,210,0.025753505,0.936251105,A10,105.859105689,115_STEAM_3,97.170433664,316_STEAM_1,0,115,115_STEAM_3,100,3437.369154333,3543.228260022,105.859105689
1,poi_bus_120,120,Attila,lagging_095,0.95,3,2020-01-01T03:00:00+00:00,9,branch_B22_immediate,branch,B22,fixed,short_term,172.770833333,56.787026755,664.374395151,-100,0.000000001,true,true,false,constraint_violation,1,314,1.089144606,306,0.039144606,0.798470448,A10,24.470928796,115_STEAM_3,78.660567995,314_SYNC_COND_1,0,115,115_STEAM_3,100,3437.369154333,3554.840083129,117.470928796
1,poi_bus_120,120,Attila,lagging_095,0.95,3,2020-01-01T03:00:00+00:00,10,branch_B22_sustained,branch,B22,bounded,continuous,172.770833333,56.787026755,664.374395151,100,0.000000001,true,true,false,constraint_violation,0.996853959,307,1.080448005,210,0.030448005,0.936166143,C10,74.312367534,115_STEAM_3,65.932637053,316_STEAM_1,0,115,115_STEAM_3,100,3437.369154333,3511.681521867,74.312367534
1,poi_bus_120,120,Attila,lagging_095,0.95,3,2020-01-01T03:00:00+00:00,11,branch_B6_immediate,branch,B6,fixed,short_term,172.770833333,56.787026755,664.374395151,-100,0.000000002,true,true,false,constraint_violation,1,101,1.090548868,210,0.040548868,0.798165127,A10,18.029002443,115_STEAM_3,78.389507403,314_SYNC_COND_1,0,115,115_STEAM_3,100,3437.369154333,3548.398156776,111.029002443
1,poi_bus_120,120,Attila,lagging_095,0.95,3,2020-01-01T03:00:00+00:00,12,branch_B6_sustained,branch,B6,bounded,continuous,172.770833333,56.787026755,664.374395151,100,0,true,true,false,constraint_violation,0.987313608,307,1.088244055,210,0.038244055,1.050602883,CA-1,27.0983174,216_STEAM_1,130.111481759,316_STEAM_1,0,216,216_STEAM_1,100,3437.369154334,3557.467471734,120.0983174
1,poi_bus_120,120,Attila,lagging_095,0.95,3,2020-01-01T03:00:00+00:00,13,branch_C12-1_immediate,branch,C12-1,fixed,short_term,172.770833333,56.787026755,664.374395151,-100,0,true,true,false,constraint_violation,0.934723576,307,1.088900166,210,0.038900166,0.800073782,A10,23.201390811,115_STEAM_3,52.11282294,314_SYNC_COND_1,0,115,115_STEAM_3,100,3437.369154333,3553.570545144,116.201390811
1,poi_bus_120,120,Attila,lagging_095,0.95,3,2020-01-01T03:00:00+00:00,14,branch_C12-1_sustained,branch,C12-1,bounded,continuous,172.770833333,56.787026755,664.374395151,-100,0,true,true,false,constraint_violation,0.87272071,307,1.086568008,210,0.07727929,1.137154061,CA-1,124.867685019,115_STEAM_3,231.033451604,316_STEAM_1,0,115,115_STEAM_3,100,3437.369154333,3562.236839352,124.867685019
1,poi_bus_120,120,Attila,lagging_095,0.95,3,2020-01-01T03:00:00+00:00,15,branch_C27_immediate,branch,C27,fixed,short_term,172.770833333,56.787026755,664.374395151,-100.000000001,0.000000001,true,true,false,constraint_violation,1,102,1.088801984,210,0.038801984,1.000046951,C29,26.521644211,115_STEAM_3,74.709907718,314_SYNC_COND_1,0,115,115_STEAM_3,100,3437.369154333,3556.890798544,119.521644211
1,poi_bus_120,120,Attila,lagging_095,0.95,3,2020-01-01T03:00:00+00:00,16,branch_C27_sustained,branch,C27,bounded,continuous,172.770833333,56.787026755,664.374395151,-100.000000001,0.000000001,true,true,false,constraint_violation,0.97542628,307,1.089104596,210,0.039104596,1.121074041,CA-1,152.301181531,115_STEAM_3,118.597988774,316_STEAM_1,0,115,115_STEAM_3,100,3437.369154333,3589.670335864,152.301181531
1,poi_bus_120,120,Attila,lagging_095,0.95,3,2020-01-01T03:00:00+00:00,17,branch_C6_immediate,branch,C6,fixed,short_term,172.770833333,56.787026755,664.374395151,-100,0,true,true,false,constraint_violation,1,314,1.088881137,210,0.038881137,0.830239888,C2,25.585541644,115_STEAM_3,58.531291485,314_SYNC_COND_1,0,115,115_STEAM_3,100,3437.369154333,3555.954695977,118.585541644
1,poi_bus_120,120,Attila,lagging_095,0.95,3,2020-01-01T03:00:00+00:00,18,branch_C6_sustained,branch,C6,bounded,continuous,172.770833333,56.787026755,664.374395151,99.999999999,0.000000001,true,true,false,constraint_violation,1,101,1.086546919,210,0.036546919,1.022052749,C2,71.339254619,115_STEAM_3,60.971274059,314_SYNC_COND_1,0,115,115_STEAM_3,100,3437.369154333,3508.708408952,71.339254619
1,poi_bus_120,120,Attila,lagging_095,0.95,3,2020-01-01T03:00:00+00:00,19,branch_CA-1_immediate,branch,CA-1,fixed,short_term,172.770833333,56.787026755,664.374395151,-100,0,true,true,false,constraint_violation,1,101,1.089146781,210,0.039146781,0.815914331,A28,35.610036358,115_STEAM_3,90.625897288,116_STEAM_1,0,115,115_STEAM_3,100,3437.369154333,3565.979190691,128.610036358
1,poi_bus_120,120,Attila,lagging_095,0.95,3,2020-01-01T03:00:00+00:00,20,branch_CA-1_sustained,branch,CA-1,bounded,continuous,172.770833333,56.787026755,664.374395151,100,0.000000002,true,true,false,constraint_violation,0.996984474,307,1.087950661,210,0.037950661,1.173448812,CB-1,169.22926447,115_STEAM_3,153.842586976,316_STEAM_1,0,115,115_STEAM_3,100,3437.369154333,3606.598418803,169.22926447
1,poi_bus_120,120,Attila,lagging_095,0.95,3,2020-01-01T03:00:00+00:00,21,generator_121_NUCLEAR_1_sustained,generator,121_NUCLEAR_1,bounded,continuous,172.770833333,56.787026755,664.374395151,-100,0,true,true,false,constraint_violation,0.985529345,307,1.086520423,210,0.036520423,0.932823984,A10,11.866570312,115_STEAM_3,108.304565006,316_STEAM_1,0,115,115_STEAM_3,99,3437.369154333,3542.235724645,104.866570312
1,poi_bus_120,120,Attila,lagging_095,0.95,3,2020-01-01T03:00:00+00:00,22,generator_213_CC_3_sustained,generator,213_CC_3,bounded,continuous,172.770833333,56.787026755,664.374395151,99.999999999,0.000000001,true,true,false,constraint_violation,1,101,1.085774023,210,0.035774023,1.013220002,C6,0,101_STEAM_3,50.411358972,314_SYNC_COND_1,0,115,115_STEAM_3,100,3437.369154334,3516.806144526,79.436990192
1,poi_bus_120,120,Attila,lagging_095,0.95,3,2020-01-01T03:00:00+00:00,23,generator_313_CC_1_sustained,generator,313_CC_1,bounded,continuous,172.770833333,56.787026755,664.374395151,-100,0.000000001,true,true,false,constraint_violation,1,314,1.090084644,306,0.040084644,0.960808964,C10,62.016284437,115_STEAM_3,62.46599954,314_SYNC_COND_1,0,115,115_STEAM_3,100,3437.369154333,3499.38543877,62.016284437
1,poi_bus_120,120,Attila,lagging_095,0.95,4,2020-01-01T04:00:00+00:00,0,normal,normal,,base,continuous,174.979166667,57.512870821,692.511540751,-100.000000001,0.000000001,true,true,false,constraint_violation,1,102,1.088304399,310,0.038304399,0.914251417,A10,13.531492185,115_STEAM_3,76.212333394,314_SYNC_COND_1,0,115,115_STEAM_3,100,3577.837599667,3684.369091852,106.531492185
1,poi_bus_120,120,Attila,lagging_095,0.95,4,2020-01-01T04:00:00+00:00,1,branch_A11_immediate,branch,A11,fixed,short_term,174.979166667,57.512870821,692.511540751,-100,0.000000001,true,true,false,constraint_violation,1,102,1.088116018,310,0.038116018,0.80420491,A10,13.973273501,115_STEAM_3,75.99635374,314_SYNC_COND_1,0,115,115_STEAM_3,100,3577.837599667,3684.810873168,106.973273501
1,poi_bus_120,120,Attila,lagging_095,0.95,4,2020-01-01T04:00:00+00:00,2,branch_A11_sustained,branch,A11,bounded,continuous,174.979166667,57.512870821,692.511540751,-100,0,true,true,false,constraint_violation,0.997005603,307,1.085234543,210,0.035234543,0.990795839,C6,67.954068715,115_STEAM_3,50.191173123,314_SYNC_COND_1,0,115,115_STEAM_3,100,3577.837599667,3645.791668382,67.954068715
1,poi_bus_120,120,Attila,lagging_095,0.95,4,2020-01-01T04:00:00+00:00,3,branch_A12-1_immediate,branch,A12-1,fixed,short_term,174.979166667,57.512870821,692.511540751,-100,0,true,true,false,constraint_violation,1,101,1.088217707,310,0.038217707,0.796609411,A10,15.447705173,115_STEAM_3,76.114765484,314_SYNC_COND_1,0,115,115_STEAM_3,100,3577.837599667,3686.28530484,108.447705173
1,poi_bus_120,120,Attila,lagging_095,0.95,4,2020-01-01T04:00:00+00:00,4,branch_A12-1_sustained,branch,A12-1,bounded,continuous,174.979166667,57.512870821,692.511540751,-100,0.000000001,true,true,false,constraint_violation,0.978165781,307,1.086852009,210,0.036852009,0.920004685,C10,127.182005277,121_NUCLEAR_1,113.624341514,316_STEAM_1,0,121,121_NUCLEAR_1,100,3577.837599667,3709.019604944,131.182005277
1,poi_bus_120,120,Attila,lagging_095,0.95,4,2020-01-01T04:00:00+00:00,5,branch_A34_immediate,branch,A34,fixed,short_term,174.979166667,57.512870821,692.511540751,-100,0,true,true,false,constraint_violation,1,101,1.088461446,310,0.038461446,1.022160788,A30,46.164183484,115_STEAM_3,131.883775727,116_STEAM_1,0,115,115_STEAM_3,100,3577.837599667,3717.001783151,139.164183484
1,poi_bus_120,120,Attila,lagging_095,0.95,4,2020-01-01T04:00:00+00:00,6,branch_A34_sustained,branch,A34,bounded,continuous,174.979166667,57.512870821,692.511540751,100,0,true,true,false,constraint_violation,0.975011449,307,1.085589133,210,0.035589133,1.007888736,A30,129.718268272,115_STEAM_3,124.712057909,316_STEAM_1,0,115,115_STEAM_3,100,3577.837599667,3707.555867939,129.718268272
1,poi_bus_120,120,Attila,lagging_095,0.95,4,2020-01-01T04:00:00+00:00,7,branch_B12-1_immediate,branch,B12-1,fixed,short_term,174.979166667,57.512870821,692.511540751,-100,0.000000002,true,true,false,constraint_violation,0.959999781,207,1.088280658,310,0.038280658,0.79999186,A10,17.436203887,115_STEAM_3,76.185964078,314_SYNC_COND_1,0,115,115_STEAM_3,100,3577.837599667,3688.273803554,110.436203887
1,poi_bus_120,120,Attila,lagging_095,0.95,4,2020-01-01T04:00:00+00:00,8,branch_B12-1_sustained,branch,B12-1,bounded,continuous,174.979166667,57.512870821,692.511540751,100,0,true,true,false,constraint_violation,0.96082651,207,1.076922859,210,0.026922859,1.117481378,CA-1,149.663480895,115_STEAM_3,156.17765398,316_STEAM_1,0,115,115_STEAM_3,100,3577.837599667,3727.501080562,149.663480895
1,poi_bus_120,120,Attila,lagging_095,0.95,4,2020-01-01T04:00:00+00:00,9,branch_B22_immediate,branch,B22,fixed,short_term,174.979166667,57.512870821,692.511540751,-100,0,true,true,false,constraint_violation,1,101,1.088484448,310,0.038484448,0.79836751,A10,20.787245222,115_STEAM_3,76.401326473,314_SYNC_COND_1,0,115,115_STEAM_3,100,3577.837599667,3691.624844889,113.787245222
1,poi_bus_120,120,Attila,lagging_095,0.95,4,2020-01-01T04:00:00+00:00,10,branch_B22_sustained,branch,B22,bounded,continuous,174.979166667,57.512870821,692.511540751,-100,0,true,true,false,constraint_violation,1,101,1.080026785,210,0.030026785,1.012025653,C6,0,101_STEAM_3,51.448637257,314_SYNC_COND_1,0,115,115_STEAM_3,100,3577.837599667,3654.12346272,76.285863053
1,poi_bus_120,120,Attila,lagging_095,0.95,4,2020-01-01T04:00:00+00:00,11,branch_B6_immediate,branch,B6,fixed,short_term,174.979166667,57.512870821,692.511540751,-100,0,true,true,false,constraint_violation,1,314,1.089217809,210,0.039217809,0.797854609,A10,13.402399316,115_STEAM_3,76.186754825,314_SYNC_COND_1,0,115,115_STEAM_3,100,3577.837599667,3684.239998983,106.402399316
1,poi_bus_120,120,Attila,lagging_095,0.95,4,2020-01-01T04:00:00+00:00,12,branch_B6_sustained,branch,B6,bounded,continuous,174.979166667,57.512870821,692.511540751,100,0.000000001,true,true,false,constraint_violation,0.981477552,307,1.087362987,210,0.037362987,1.108719477,CA-1,134.364250858,115_STEAM_3,141.615986958,316_STEAM_1,0,115,115_STEAM_3,100,3577.837599666,3712.201850524,134.364250858
1,poi_bus_120,120,Attila,lagging_095,0.95,4,2020-01-01T04:00:00+00:00,13,branch_C12-1_immediate,branch,C12-1,fixed,short_term,174.979166667,57.512870821,692.511540751,-100.000000001,0.000000001,true,true,false,constraint_violation,0.930791502,307,1.087540685,210,0.037540685,0.799938124,A10,18.750433934,115_STEAM_3,49.46982744,314_SYNC_COND_1,0,115,115_STEAM_3,100,3577.837599667,3689.588033601,111.750433934
1,poi_bus_120,120,Attila,lagging_095,0.95,4,2020-01-01T04:00:00+00:00,14,branch_C12-1_sustained,branch,C12-1,bounded,continuous,174.979166667,57.512870821,692.511540751,100,0,true,true,false,constraint_violation,0.891483777,307,1.087609877,210,0.058516223,1.03599657,CA-1,45.251374036,116_STEAM_1,118.826722834,316_STEAM_1,0,116,116_STEAM_1,100,3577.837599667,3716.088973703,138.251374036
1,poi_bus_120,120,Attila,lagging_095,0.95,4,2020-01-01T04:00:00+00:00,15,branch_C27_immediate,branch,C27,fixed,short_term,174.979166667,57.512870821,692.511540751,-100,0.000000001,true,true,false,constraint_violation,1,314,1.08738075,210,0.03738075,0.999949478,C29,23.274171779,115_STEAM_3,72.28721934,314_SYNC_COND_1,0,115,115_STEAM_3,100,3577.837599667,3694.111771446,116.274171779
1,poi_bus_120,120,Attila,lagging_095,0.95,4,2020-01-01T04:00:00+00:00,16,branch_C27_sustained,branch,C27,bounded,continuous,174.979166667,57.512870821,692.511540751,-99.999999999,0,true,true,false,constraint_violation,1,101,1.085653981,210,0.035653981,0.925149516,A10,72.92031091,115_STEAM_3,66.571268725,314_SYNC_COND_1,0,115,115_STEAM_3,100,3577.837599667,3650.757910577,72.92031091
1,poi_bus_120,120,Attila,lagging_095,0.95,4,2020-01-01T04:00:00+00:00,17,branch_C6_immediate,branch,C6,fixed,short_term,174.979166667,57.512870821,692.511540751,-100.000000001,0.000000001,true,true,false,constraint_violation,1,101,1.08751125,210,0.03751125,0.811171719,C2,20.414197697,115_STEAM_3,56.310916759,314_SYNC_COND_1,0,115,115_STEAM_3,100,3577.837599667,3691.251797364,113.414197697
1,poi_bus_120,120,Attila,lagging_095,0.95,4,2020-01-01T04:00:00+00:00,18,branch_C6_sustained,branch,C6,bounded,continuous,174.979166667,57.512870821,692.511540751,100,0,true,true,false,constraint_violation,0.985154957,307,1.087232703,210,0.037232703,1.021909064,C2,45.551573623,116_STEAM_1,63.629464493,116_STEAM_1,0,116,116_STEAM_1,100,3577.837599667,3716.38917329,138.551573623
1,poi_bus_120,120,Attila,lagging_095,0.95,4,2020-01-01T04:00:00+00:00,19,branch_CA-1_immediate,branch,CA-1,fixed,short_term,174.979166667,57.512870821,692.511540751,-100,0,true,true,false,constraint_violation,1,314,1.088070083,210,0.038070083,0.794526064,A10,30.07180323,115_STEAM_3,85.534145426,116_STEAM_1,0,115,115_STEAM_3,100,3577.837599667,3700.909402897,123.07180323
1,poi_bus_120,120,Attila,lagging_095,0.95,4,2020-01-01T04:00:00+00:00,20,branch_CA-1_sustained,branch,CA-1,bounded,continuous,174.979166667,57.512870821,692.511540751,78.821134562,0,true,true,false,constraint_violation,0.98511268,307,1.085470557,210,0.035470557,1.048407518,C27,24.20034991,115_STEAM_3,153.792200878,316_STEAM_1,0,115,115_STEAM_3,100,3577.837599667,3695.037949577,117.20034991
1,poi_bus_120,120,Attila,lagging_095,0.95,4,2020-01-01T04:00:00+00:00,21,generator_121_NUCLEAR_1_sustained,generator,121_NUCLEAR_1,bounded,continuous,174.979166667,57.512870821,692.511540751,-100,0.000000002,true,true,false,constraint_violation,1,101,1.086188086,210,0.036188086,1.012201486,C6,72.047397579,115_STEAM_3,54.501536044,314_SYNC_COND_1,0,115,115_STEAM_3,99,3577.837599666,3649.884997245,72.047397579
1,poi_bus_120,120,Attila,lagging_095,0.95,4,2020-01-01T04:00:00+00:00,22,generator_213_CC_3_sustained,generator,213_CC_3,bounded,continuous,174.979166667,57.512870821,692.511540751,-100,0.000000001,true,true,false,constraint_violation,1,314,1.084466814,210,0.034466814,0.955772053,C6,0,101_STEAM_3,50.123157124,314_SYNC_COND_1,0,116,116_STEAM_1,100,3577.837599667,3649.86055118,72.022951513
1,poi_bus_120,120,Attila,lagging_095,0.95,4,2020-01-01T04:00:00+00:00,23,generator_313_CC_1_sustained,generator,313_CC_1,bounded,continuous,174.979166667,57.512870821,692.511540751,-100,0,true,true,false,constraint_violation,0.985980327,307,1.085702425,210,0.035702425,0.926120769,C6,94.725716129,115_STEAM_3,86.603150707,316_STEAM_1,0,115,115_STEAM_3,100,3577.837599667,3672.563315796,94.725716129
1,poi_bus_120,120,Attila,lagging_095,0.95,5,2020-01-01T05:00:00+00:00,0,normal,normal,,base,continuous,180.208333333,59.231614787,747.327172653,-100,0.000000001,true,true,false,constraint_violation,0.993438713,307,1.083827746,210,0.033827746,0.969753373,C6,17.45485578,316_STEAM_1,54.312997953,314_SYNC_COND_1,0,316,316_STEAM_1,100,3852.419440333,3962.874296113,110.45485578
1,poi_bus_120,120,Attila,lagging_095,0.95,5,2020-01-01T05:00:00+00:00,1,branch_A11_immediate,branch,A11,fixed,short_term,180.208333333,59.231614787,747.327172653,-100,0,true,true,false,constraint_violation,0.993276429,107,1.08308651,210,0.03308651,0.797658846,A10,18.023157276,316_STEAM_1,54.344299309,314_SYNC_COND_1,0,316,316_STEAM_1,100,3852.419440333,3963.442597609,111.023157276
1,poi_bus_120,120,Attila,lagging_095,0.95,5,2020-01-01T05:00:00+00:00,2,branch_A11_sustained,branch,A11,bounded,continuous,180.208333333,59.231614787,747.327172653,-100.000000001,0.000000001,true,true,false,constraint_violation,0.965599066,307,1.084605923,210,0.034605923,0.982283709,C6,106.958849075,316_STEAM_1,88.983626209,316_STEAM_1,0,316,316_STEAM_1,100,3852.419440334,3980.612684527,128.193244193
1,poi_bus_120,120,Attila,lagging_095,0.95,5,2020-01-01T05:00:00+00:00,3,branch_A12-1_immediate,branch,A12-1,fixed,short_term,180.208333333,59.231614787,747.327172653,-100,0.000000001,true,true,false,constraint_violation,0.992341214,108,1.083264174,210,0.033264174,0.785431946,A10,19.751894107,316_STEAM_1,54.330148561,314_SYNC_COND_1,0,316,316_STEAM_1,100,3852.419440333,3965.17133444,112.751894107
1,poi_bus_120,120,Attila,lagging_095,0.95,5,2020-01-01T05:00:00+00:00,4,branch_A12-1_sustained,branch,A12-1,bounded,continuous,180.208333333,59.231614787,747.327172653,-100,0.000000001,true,true,false,constraint_violation,0.962150617,307,1.082977168,210,0.032977168,0.904663193,A10,117.451903375,316_STEAM_1,118.518376441,316_STEAM_1,0,316,316_STEAM_1,100,3852.419440333,3981.351903375,128.932463042
1,poi_bus_120,120,Attila,lagging_095,0.95,5,2020-01-01T05:00:00+00:00,5,branch_A34_immediate,branch,A34,fixed,short_term,180.208333333,59.231614787,747.327172653,-100,0.000000001,true,true,false,constraint_violation,0.993451436,307,1.08380671,210,0.03380671,1.022249668,A30,50.35731287,316_STEAM_1,120.490545424,116_STEAM_1,0,316,316_STEAM_1,100,3852.419440333,3995.776753203,143.35731287
1,poi_bus_120,120,Attila,lagging_095,0.95,5,2020-01-01T05:00:00+00:00,6,branch_A34_sustained,branch,A34,bounded,continuous,180.208333333,59.231614787,747.327172653,100,0.000000001,true,true,false,constraint_violation,0.985799538,307,1.082846719,210,0.032846719,1.008012019,A30,118.337125428,115_STEAM_3,51.324981984,116_STEAM_1,0,115,115_STEAM_3,100,3852.419440333,3970.756565761,118.337125428
1,poi_bus_120,120,Attila,lagging_095,0.95,5,2020-01-01T05:00:00+00:00,7,branch_B12-1_immediate,branch,B12-1,fixed,short_term,180.208333333,59.231614787,747.327172653,-100,0.000000001,true,true,false,constraint_violation,0.944512812,207,1.074882271,310,0.024882271,0.792171839,A10,22.015475777,316_STEAM_1,54.30624432,314_SYNC_COND_1,0,316,316_STEAM_1,100,3852.419440333,3967.43491611,115.015475777
1,poi_bus_120,120,Attila,lagging_095,0.95,5,2020-01-01T05:00:00+00:00,8,branch_B12-1_sustained,branch,B12-1,bounded,continuous,180.208333333,59.231614787,747.327172653,-77.379750376,0.000000001,true,true,false,constraint_violation,0.943947557,207,1.070286448,210,0.020286448,0.985967836,C6,36.996241403,316_STEAM_1,102.87202096,316_STEAM_1,0,316,316_STEAM_1,100,3852.419440333,3982.415681736,129.996241403
1,poi_bus_120,120,Attila,lagging_095,0.95,5,2020-01-01T05:00:00+00:00,9,branch_B22_immediate,branch,B22,fixed,short_term,180.208333333,59.231614787,747.327172653,-100,0.000000001,true,true,false,constraint_violation,0.993449477,307,1.076379162,210,0.026379162,0.790370797,A10,26.872358048,316_STEAM_1,54.134152365,314_SYNC_COND_1,0,316,316_STEAM_1,100,3852.419440333,3972.291798381,119.872358048
1,poi_bus_120,120,Attila,lagging_095,0.95,5,2020-01-01T05:00:00+00:00,10,branch_B22_sustained,branch,B22,bounded,continuous,180.208333333,59.231614787,747.327172653,-100.000000001,0.000000001,true,true,false,constraint_violation,0.95627716,307,1.077512355,210,0.027512355,0.940033879,CA-1,38.119493979,316_STEAM_1,170.476088791,316_STEAM_1,0,316,316_STEAM_1,100,3852.419440334,3983.538934313,131.119493979
1,poi_bus_120,120,Attila,lagging_095,0.95,5,2020-01-01T05:00:00+00:00,11,branch_B6_immediate,branch,B6,fixed,short_term,180.208333333,59.231614787,747.327172653,-100,0.000000001,true,true,false,constraint_violation,0.993437576,307,1.085511544,210,0.035511544,0.78992496,A10,17.370428036,316_STEAM_1,54.31555414,314_SYNC_COND_1,0,316,316_STEAM_1,100,3852.419440333,3962.789868369,110.370428036
1,poi_bus_120,120,Attila,lagging_095,0.95,5,2020-01-01T05:00:00+00:00,12,branch_B6_sustained,branch,B6,bounded,continuous,180.208333333,59.231614787,747.327172653,-100,0.000000001,true,true,false,constraint_violation,0.944731991,307,1.084831912,210,0.034831912,1.127704128,CA-1,136.145341156,115_STEAM_3,219.087655945,316_STEAM_1,0,115,115_STEAM_3,100,3852.419440334,3988.56478149,136.145341156
1,poi_bus_120,120,Attila,lagging_095,0.95,5,2020-01-01T05:00:00+00:00,13,branch_C12-1_immediate,branch,C12-1,fixed,short_term,180.208333333,59.231614787,747.327172653,-100,0.000000001,true,true,false,constraint_violation,0.895274043,307,1.083822757,210,0.054725957,0.792117364,A10,23.991932983,316_STEAM_1,29.769466525,116_STEAM_1,0,316,316_STEAM_1,100,3852.419440333,3969.411373316,116.991932983
1,poi_bus_120,120,Attila,lagging_095,0.95,5,2020-01-01T05:00:00+00:00,14,branch_C12-1_sustained,branch,C12-1,bounded,continuous,180.208333333,59.231614787,747.327172653,-100,0.000000001,true,true,false,constraint_violation,0.84687124,307,1.083096794,210,0.10312876,1.061355631,CA-1,149.178683482,115_STEAM_3,162.619623229,316_STEAM_1,0,115,115_STEAM_3,100,3852.419440333,4001.598123815,149.178683482
1,poi_bus_120,120,Attila,lagging_095,0.95,5,2020-01-01T05:00:00+00:00,15,branch_C27_immediate,branch,C27,fixed,short_term,180.208333333,59.231614787,747.327172653,-100,0.000000001,true,true,false,constraint_violation,0.989443891,307,1.083558418,210,0.033558418,1.004329013,C29,27.140707533,316_STEAM_1,52.267910404,316_STEAM_1,0,316,316_STEAM_1,100,3852.419440333,3972.560147866,120.140707533
1,poi_bus_120,120,Attila,lagging_095,0.95,5,2020-01-01T05:00:00+00:00,16,branch_C27_sustained,branch,C27,bounded,continuous,180.208333333,59.231614787,747.327172653,-99.999999999,0,true,true,false,constraint_violation,0.93897061,307,1.083065894,210,0.033065894,1.149852894,CA-1,55.552472164,116_STEAM_1,307.111438448,316_STEAM_1,0,116,116_STEAM_1,100,3852.419440333,4000.971912497,148.552472164
1,poi_bus_120,120,Attila,lagging_095,0.95,5,2020-01-01T05:00:00+00:00,17,branch_C6_immediate,branch,C6,fixed,short_term,180.208333333,59.231614787,747.327172653,-100,0,true,true,false,constraint_violation,0.976333253,307,1.08375954,210,0.03375954,0.900622673,C2,27.228232862,316_STEAM_1,49.084677331,316_STEAM_1,0,316,316_STEAM_1,100,3852.419440333,3972.647673195,120.228232862
1,poi_bus_120,120,Attila,lagging_095,0.95,5,2020-01-01T05:00:00+00:00,18,branch_C6_sustained,branch,C6,bounded,continuous,180.208333333,59.231614787,747.327172653,100.000000001,0,true,true,false,constraint_violation,0.985246995,307,1.082700154,210,0.032700154,1.027292252,C2,42.319074172,216_STEAM_1,70.064895817,116_STEAM_1,0,216,216_STEAM_1,100,3852.419440334,3987.738514506,135.319074172
1,poi_bus_120,120,Attila,lagging_095,0.95,5,2020-01-01T05:00:00+00:00,19,branch_CA-1_immediate,branch,CA-1,fixed,short_term,180.208333333,59.231614787,747.327172653,-100,0.000000001,true,true,false,constraint_violation,0.987415779,307,1.084615978,210,0.034615978,0.815532569,C6,26.212076014,316_STEAM_1,57.191649133,116_STEAM_1,0,316,316_STEAM_1,100,3852.419440333,3971.631516347,119.212076014
1,poi_bus_120,120,Attila,lagging_095,0.95,5,2020-01-01T05:00:00+00:00,20,branch_CA-1_sustained,branch,CA-1,bounded,continuous,180.208333333,59.231614787,747.327172653,100,0.000000001,true,true,false,constraint_violation,0.985613378,307,1.082651847,210,0.032651847,1.020849648,C6,79.03035617,115_STEAM_3,102.913419201,116_STEAM_1,0,115,115_STEAM_3,100,3852.419440333,4024.449796503,172.03035617
1,poi_bus_120,120,Attila,lagging_095,0.95,5,2020-01-01T05:00:00+00:00,21,generator_121_NUCLEAR_1_sustained,generator,121_NUCLEAR_1,bounded,continuous,180.208333333,59.231614787,747.327172653,-100,0,true,true,false,constraint_violation,0.984616481,307,1.083002933,210,0.033002933,0.913732047,A10,101.276863717,115_STEAM_3,43.620457719,316_STEAM_1,0,115,115_STEAM_3,99,3852.419440333,3953.69630405,101.276863717
1,poi_bus_120,120,Attila,lagging_095,0.95,5,2020-01-01T05:00:00+00:00,22,generator_213_CC_3_sustained,generator,213_CC_3,bounded,continuous,180.208333333,59.231614787,747.327172653,-100,0,true,true,false,constraint_violation,0.98486607,307,1.082465561,210,0.032465561,1.01183853,C6,71.792312101,115_STEAM_3,35.288816802,314_SYNC_COND_1,0,115,115_STEAM_3,100,3852.419440333,3924.211752434,71.792312101
1,poi_bus_120,120,Attila,lagging_095,0.95,5,2020-01-01T05:00:00+00:00,23,generator_313_CC_1_sustained,generator,313_CC_1,bounded,continuous,180.208333333,59.231614787,747.327172653,100,0,true,true,false,constraint_violation,0.984665146,307,1.08248572,210,0.03248572,1.009788151,C6,45.497576346,116_STEAM_1,62.520527417,116_STEAM_1,0,116,116_STEAM_1,100,3852.419440333,3990.917016679,138.497576346
1,poi_bus_120,120,Attila,lagging_095,0.95,6,2020-01-01T06:00:00+00:00,0,normal,normal,,base,continuous,184.125,60.518960866,803.555549832,-100,0.000000001,true,true,false,constraint_violation,0.953960765,307,1.080301029,210,0.030301029,0.90784924,A10,86.440359921,115_STEAM_3,64.229765648,316_STEAM_1,0,115,115_STEAM_3,100,4132.630719,4250.071078921,117.440359921
1,poi_bus_120,120,Attila,lagging_095,0.95,6,2020-01-01T06:00:00+00:00,1,branch_A11_immediate,branch,A11,fixed,short_term,184.125,60.518960866,803.555549832,-100,0.000000001,true,true,false,constraint_violation,0.953387671,307,1.079863901,210,0.029863901,0.80024094,A10,87.12095341,115_STEAM_3,65.515754902,316_STEAM_1,0,115,115_STEAM_3,100,4132.630719,4250.75167241,118.12095341
1,poi_bus_120,120,Attila,lagging_095,0.95,6,2020-01-01T06:00:00+00:00,2,branch_A11_sustained,branch,A11,bounded,continuous,184.125,60.518960866,803.555549832,-100,0.000000001,true,true,false,constraint_violation,0.938243117,307,1.079447048,210,0.029447048,1.004236222,CA-1,131.946953287,115_STEAM_3,134.846513281,316_STEAM_1,0,115,115_STEAM_3,100,4132.630719,4264.577672287,131.946953287
1,poi_bus_120,120,Attila,lagging_095,0.95,6,2020-01-01T06:00:00+00:00,3,branch_A12-1_immediate,branch,A12-1,fixed,short_term,184.125,60.518960866,803.555549832,-100,0,true,true,false,constraint_violation,0.95366399,307,1.079849044,210,0.029849044,0.788106971,A10,89.199893463,115_STEAM_3,64.877733317,316_STEAM_1,0,115,115_STEAM_3,100,4132.630719,4252.830612463,120.199893463
1,poi_bus_120,120,Attila,lagging_095,0.95,6,2020-01-01T06:00:00+00:00,4,branch_A12-1_sustained,branch,A12-1,bounded,continuous,184.125,60.518960866,803.555549832,-100,0.000000001,true,true,false,constraint_violation,0.938792415,307,1.079284606,210,0.029284606,0.993926155,CA-1,133.883213315,115_STEAM_3,133.681130682,316_STEAM_1,0,115,115_STEAM_3,100,4132.630719,4266.513932315,133.883213315
1,poi_bus_120,120,Attila,lagging_095,0.95,6,2020-01-01T06:00:00+00:00,5,branch_A34_immediate,branch,A34,fixed,short_term,184.125,60.518960866,803.555549832,-100.000000001,0,true,true,false,constraint_violation,0.954480755,307,1.080347767,210,0.030347767,1.022097754,A30,120.390165533,115_STEAM_3,112.9212691,116_STEAM_1,0,115,115_STEAM_3,100,4132.630719,4284.020884533,151.390165533
1,poi_bus_120,120,Attila,lagging_095,0.95,6,2020-01-01T06:00:00+00:00,6,branch_A34_sustained,branch,A34,bounded,continuous,184.125,60.518960866,803.555549832,100,0,true,true,false,constraint_violation,0.949345725,307,1.078393897,210,0.028393897,1.015946196,C6,68.059142626,216_STEAM_1,58.922822463,116_STEAM_1,0,216,216_STEAM_1,100,4132.630719,4259.059142626,126.428423626
1,poi_bus_120,120,Attila,lagging_095,0.95,6,2020-01-01T06:00:00+00:00,7,branch_B12-1_immediate,branch,B12-1,fixed,short_term,184.125,60.518960866,803.555549832,-100,0.000000001,true,true,false,constraint_violation,0.92449648,207,1.06490847,210,0.02550352,0.794477645,A10,91.917047089,115_STEAM_3,64.433436522,316_STEAM_1,0,115,115_STEAM_3,100,4132.630719,4255.547766089,122.917047089
1,poi_bus_120,120,Attila,lagging_095,0.95,6,2020-01-01T06:00:00+00:00,8,branch_B12-1_sustained,branch,B12-1,bounded,continuous,184.125,60.518960866,803.555549832,100,0,true,true,false,constraint_violation,0.923068796,207,1.06378075,210,0.026931204,0.932461325,C6,129.606710039,115_STEAM_3,74.934373444,316_STEAM_1,0,115,115_STEAM_3,100,4132.630719,4262.237429039,129.606710039
1,poi_bus_120,120,Attila,lagging_095,0.95,6,2020-01-01T06:00:00+00:00,9,branch_B22_immediate,branch,B22,fixed,short_term,184.125,60.518960866,803.555549832,-100,0.000000001,true,true,false,constraint_violation,0.954547644,307,1.073080054,210,0.023080054,0.792530167,A10,93.77299637,115_STEAM_3,63.080048775,316_STEAM_1,0,115,115_STEAM_3,100,4132.630719,4257.40371537,124.77299637
1,poi_bus_120,120,Attila,lagging_095,0.95,6,2020-01-01T06:00:00+00:00,10,branch_B22_sustained,branch,B22,bounded,continuous,184.125,60.518960866,803.555549832,-100,0.000000001,true,true,false,constraint_violation,0.940477346,307,1.073199095,210,0.023199095,0.961140566,CA-1,136.147714553,115_STEAM_3,130.336033721,316_STEAM_1,0,115,115_STEAM_3,100,4132.630719,4268.778433553,136.147714553
1,poi_bus_120,120,Attila,lagging_095,0.95,6,2020-01-01T06:00:00+00:00,11,branch_B6_immediate,branch,B6,fixed,short_term,184.125,60.518960866,803.555549832,-100.000000001,0,true,true,false,constraint_violation,0.95388351,307,1.0819201,210,0.0319201,0.792369277,A10,86.321070777,115_STEAM_3,64.394498136,316_STEAM_1,0,115,115_STEAM_3,100,4132.630719,4249.951789777,117.321070777
1,poi_bus_120,120,Attila,lagging_095,0.95,6,2020-01-01T06:00:00+00:00,12,branch_B6_sustained,branch,B6,bounded,continuous,184.125,60.518960866,803.555549832,-100,0,true,true,false,constraint_violation,0.93918878,307,1.081167663,210,0.031167663,0.986375551,CA-1,131.020784563,115_STEAM_3,132.861928826,316_STEAM_1,0,115,115_STEAM_3,100,4132.630719,4263.651503563,131.020784563
1,poi_bus_120,120,Attila,lagging_095,0.95,6,2020-01-01T06:00:00+00:00,13,branch_C12-1_immediate,branch,C12-1,fixed,short_term,184.125,60.518960866,803.555549832,-100,0,true,true,false,constraint_violation,0.794519281,307,1.080322104,210,0.155480719,0.801087473,C13-2,99.106595358,115_STEAM_3,102.015145206,316_STEAM_1,0,115,115_STEAM_3,100,4132.630719,4262.737314358,130.106595358
1,poi_bus_120,120,Attila,lagging_095,0.95,6,2020-01-01T06:00:00+00:00,14,branch_C12-1_sustained,branch,C12-1,bounded,continuous,184.125,60.518960866,803.555549832,-100,0.000000001,true,true,false,constraint_violation,0.760368969,307,1.079610627,210,0.189631031,1.027946641,C13-2,147.148449689,115_STEAM_3,179.171891922,316_STEAM_1,0,115,115_STEAM_3,100,4132.630719,4279.779168689,147.148449689
1,poi_bus_120,120,Attila,lagging_095,0.95,6,2020-01-01T06:00:00+00:00,15,branch_C27_immediate,branch,C27,fixed,short_term,184.125,60.518960866,803.555549832,-100,0.000000001,true,true,false,constraint_violation,0.9464012,307,1.080152105,210,0.030152105,0.932506376,C29,99.476184492,115_STEAM_3,140.354769245,316_STEAM_1,0,115,115_STEAM_3,100,4132.630719,4263.106903492,130.476184492
1,poi_bus_120,120,Attila,lagging_095,0.95,6,2020-01-01T06:00:00+00:00,16,branch_C27_sustained,branch,C27,bounded,continuous,184.125,60.518960866,803.555549832,-100,0.000000001,true,true,false,constraint_violation,0.934437422,307,1.08032063,210,0.03032063,1.003033306,C6,119.490191341,115_STEAM_3,158.919076953,316_STEAM_1,0,115,115_STEAM_3,100,4132.630719,4252.120910341,119.490191341
1,poi_bus_120,120,Attila,lagging_095,0.95,6,2020-01-01T06:00:00+00:00,17,branch_C6_immediate,branch,C6,fixed,short_term,184.125,60.518960866,803.555549832,-100,0,true,true,false,constraint_violation,0.932009713,307,1.080285127,210,0.030285127,0.846327211,C2,95.444971877,115_STEAM_3,107.009761447,316_STEAM_1,0,115,115_STEAM_3,100,4132.630719,4259.075690877,126.444971877
1,poi_bus_120,120,Attila,lagging_095,0.95,6,2020-01-01T06:00:00+00:00,18,branch_C6_sustained,branch,C6,bounded,continuous,184.125,60.518960866,803.555549832,-100,0.000000001,true,true,false,constraint_violation,0.895927533,307,1.079570728,210,0.054072467,1.07110058,CA-1,146.889066428,115_STEAM_3,264.725214899,316_STEAM_1,0,115,115_STEAM_3,100,4132.630719,4279.519785428,146.889066428
1,poi_bus_120,120,Attila,lagging_095,0.95,6,2020-01-01T06:00:00+00:00,19,branch_CA-1_immediate,branch,CA-1,fixed,short_term,184.125,60.518960866,803.555549832,-100,0,true,true,false,constraint_violation,0.94750552,307,1.080563282,210,0.030563282,0.847602763,A28,145.499884763,115_STEAM_3,162.459345411,316_STEAM_1,0,115,115_STEAM_3,100,4132.630719,4309.130603763,176.499884763
1,poi_bus_120,120,Attila,lagging_095,0.95,6,2020-01-01T06:00:00+00:00,20,branch_CA-1_sustained,branch,CA-1,bounded,continuous,184.125,60.518960866,803.555549832,32.467635999,0.000000002,true,true,false,constraint_violation,0.945329413,307,1.078519131,210,0.028519131,1.203663031,CB-1,231.521416247,115_STEAM_3,242.128967282,316_STEAM_1,0,115,115_STEAM_3,100,4132.630719,4364.152135247,231.521416247
1,poi_bus_120,120,Attila,lagging_095,0.95,6,2020-01-01T06:00:00+00:00,21,generator_121_NUCLEAR_1_sustained,generator,121_NUCLEAR_1,bounded,continuous,184.125,60.518960866,803.555549832,-100.000000001,0.000000002,true,true,false,constraint_violation,0.956007137,307,1.079024065,210,0.029024065,0.909105093,A10,101.215037891,115_STEAM_3,73.684062741,316_STEAM_1,0,115,115_STEAM_3,99,4132.630719,4233.845756891,101.215037891
1,poi_bus_120,120,Attila,lagging_095,0.95,6,2020-01-01T06:00:00+00:00,22,generator_213_CC_3_sustained,generator,213_CC_3,bounded,continuous,184.125,60.518960866,803.555549832,-100,0,true,true,false,constraint_violation,0.957960753,307,1.078907452,210,0.028907452,0.922585246,C6,82.432506896,115_STEAM_3,55.728382955,316_STEAM_1,0,115,115_STEAM_3,100,4132.630719,4215.063225896,82.432506896
1,poi_bus_120,120,Attila,lagging_095,0.95,6,2020-01-01T06:00:00+00:00,23,generator_313_CC_1_sustained,generator,313_CC_1,bounded,continuous,184.125,60.518960866,803.555549832,-100,0.000000001,true,true,false,constraint_violation,0.939399659,307,1.079600318,210,0.029600318,0.982319143,CA-1,131.063613576,115_STEAM_3,132.433843459,316_STEAM_1,0,115,115_STEAM_3,100,4132.630719,4263.694332576,131.063613576
1,poi_bus_120,120,Attila,lagging_095,0.95,7,2020-01-01T07:00:00+00:00,0,normal,normal,,base,continuous,188.895833333,62.087057951,811.340510695,-99.999999999,0,true,true,false,constraint_violation,0.977164743,307,1.081591036,210,0.031591036,0.931156961,C10,1.286873146,115_STEAM_3,52.37797649,314_SYNC_COND_1,0,115,115_STEAM_3,100,4175.655239333,4269.942112479,94.286873146
1,poi_bus_120,120,Attila,lagging_095,0.95,7,2020-01-01T07:00:00+00:00,1,branch_A11_immediate,branch,A11,fixed,short_term,188.895833333,62.087057951,811.340510695,-100,0,true,true,false,constraint_violation,0.97677207,307,1.080982812,210,0.030982812,0.814696312,C10,1.59874456,115_STEAM_3,51.878518388,314_SYNC_COND_1,0,115,115_STEAM_3,100,4175.655239333,4270.253983893,94.59874456
1,poi_bus_120,120,Attila,lagging_095,0.95,7,2020-01-01T07:00:00+00:00,2,branch_A11_sustained,branch,A11,bounded,continuous,188.895833333,62.087057951,811.340510695,-99.999999999,0,true,true,false,constraint_violation,0.927958908,307,1.080415482,210,0.030415482,1.011655692,CA-1,128.663118108,115_STEAM_3,138.466759079,316_STEAM_1,0,115,115_STEAM_3,100,4175.655239333,4304.318357441,128.663118108
1,poi_bus_120,120,Attila,lagging_095,0.95,7,2020-01-01T07:00:00+00:00,3,branch_A12-1_immediate,branch,A12-1,fixed,short_term,188.895833333,62.087057951,811.340510695,-100,0.000000001,true,true,false,constraint_violation,0.976975421,307,1.081070719,210,0.031070719,0.814735809,C10,3.818259938,115_STEAM_3,52.138467386,314_SYNC_COND_1,0,115,115_STEAM_3,100,4175.655239333,4272.473499271,96.818259938
1,poi_bus_120,120,Attila,lagging_095,0.95,7,2020-01-01T07:00:00+00:00,4,branch_A12-1_sustained,branch,A12-1,bounded,continuous,188.895833333,62.087057951,811.340510695,-100,0.000000001,true,true,false,constraint_violation,0.951905321,307,1.081011114,210,0.031011114,0.928977947,C10,73.834753483,115_STEAM_3,86.923573469,316_STEAM_1,0,115,115_STEAM_3,100,4175.655239333,4249.489992816,73.834753483
1,poi_bus_120,120,Attila,lagging_095,0.95,7,2020-01-01T07:00:00+00:00,5,branch_A34_immediate,branch,A34,fixed,short_term,188.895833333,62.087057951,811.340510695,-99.999999999,0,true,true,false,constraint_violation,0.977438307,307,1.081637256,210,0.031637256,0.875011116,A30,24.728308879,115_STEAM_3,85.104084817,116_STEAM_1,0,115,115_STEAM_3,100,4175.655239333,4293.383548212,117.728308879
1,poi_bus_120,120,Attila,lagging_095,0.95,7,2020-01-01T07:00:00+00:00,6,branch_A34_sustained,branch,A34,bounded,continuous,188.895833333,62.087057951,811.340510695,-100,0.000000001,true,true,false,constraint_violation,0.903172821,307,1.080016201,210,0.046827179,1.136718255,CA-1,164.917710369,115_STEAM_3,265.304298061,316_STEAM_1,0,115,115_STEAM_3,100,4175.655239334,4340.572949703,164.917710369
1,poi_bus_120,120,Attila,lagging_095,0.95,7,2020-01-01T07:00:00+00:00,7,branch_B12-1_immediate,branch,B12-1,fixed,short_term,188.895833333,62.087057951,811.340510695,-100,0.000000001,true,true,false,constraint_violation,0.928763459,207,1.067915308,310,0.021236541,0.814755189,C10,6.686079978,115_STEAM_3,52.303329651,314_SYNC_COND_1,0,115,115_STEAM_3,100,4175.655239333,4275.341319311,99.686079978
1,poi_bus_120,120,Attila,lagging_095,0.95,7,2020-01-01T07:00:00+00:00,8,branch_B12-1_sustained,branch,B12-1,bounded,continuous,188.895833333,62.087057951,811.340510695,100,0.000000001,true,true,false,constraint_violation,0.926045355,207,1.064436417,210,0.023954645,0.896074415,A10,81.884179408,115_STEAM_3,28.59166588,314_SYNC_COND_1,0,115,115_STEAM_3,100,4175.655239333,4257.539418741,81.884179408
1,poi_bus_120,120,Attila,lagging_095,0.95,7,2020-01-01T07:00:00+00:00,9,branch_B22_immediate,branch,B22,fixed,short_term,188.895833333,62.087057951,811.340510695,-100,0.000000001,true,true,false,constraint_violation,0.977539712,307,1.07413115,210,0.02413115,0.814779339,C10,9.309556859,115_STEAM_3,52.843624332,314_SYNC_COND_1,0,115,115_STEAM_3,100,4175.655239333,4277.964796192,102.309556859
1,poi_bus_120,120,Attila,lagging_095,0.95,7,2020-01-01T07:00:00+00:00,10,branch_B22_sustained,branch,B22,bounded,continuous,188.895833333,62.087057951,811.340510695,-100,0.000000001,true,true,false,constraint_violation,0.905229318,307,1.075878107,210,0.044770682,1.138753461,CA-1,149.580676336,115_STEAM_3,258.889941452,316_STEAM_1,0,115,115_STEAM_3,100,4175.655239334,4325.23591567,149.580676336
1,poi_bus_120,120,Attila,lagging_095,0.95,7,2020-01-01T07:00:00+00:00,11,branch_B6_immediate,branch,B6,fixed,short_term,188.895833333,62.087057951,811.340510695,-100,0.000000001,true,true,false,constraint_violation,0.977099562,307,1.083183116,210,0.033183116,0.814754411,C10,1.175525261,115_STEAM_3,52.295812182,314_SYNC_COND_1,0,115,115_STEAM_3,100,4175.655239333,4269.830764594,94.175525261
1,poi_bus_120,120,Attila,lagging_095,0.95,7,2020-01-01T07:00:00+00:00,12,branch_B6_sustained,branch,B6,bounded,continuous,188.895833333,62.087057951,811.340510695,-99.999999999,0,true,true,false,constraint_violation,0.903123185,307,1.081657543,210,0.046876815,1.138388573,CA-1,48.756301239,115_STEAM_3,267.111316693,316_STEAM_1,0,115,115_STEAM_3,100,4175.655239333,4317.411540572,141.756301239
1,poi_bus_120,120,Attila,lagging_095,0.95,7,2020-01-01T07:00:00+00:00,13,branch_C12-1_immediate,branch,C12-1,fixed,short_term,188.895833333,62.087057951,811.340510695,-100,0.000000001,true,true,false,constraint_violation,0.842121958,307,1.081607171,210,0.107878042,0.805152239,A10,10.40975356,115_STEAM_3,44.081825328,316_STEAM_1,0,115,115_STEAM_3,100,4175.655239333,4279.064992893,103.40975356
1,poi_bus_120,120,Attila,lagging_095,0.95,7,2020-01-01T07:00:00+00:00,14,branch_C12-1_sustained,branch,C12-1,bounded,continuous,188.895833333,62.087057951,811.340510695,-100,0.000000001,true,true,false,constraint_violation,0.750005635,307,1.081422855,210,0.199994365,1.013586667,C13-2,116.055147085,316_STEAM_1,198.090880445,316_STEAM_1,0,316,316_STEAM_1,100,4175.655239333,4297.155147085,121.499907752
1,poi_bus_120,120,Attila,lagging_095,0.95,7,2020-01-01T07:00:00+00:00,15,branch_C27_immediate,branch,C27,fixed,short_term,188.895833333,62.087057951,811.340510695,-100,0,true,true,false,constraint_violation,0.97406401,307,1.081451074,210,0.031451074,0.879207844,C29,8.395552388,115_STEAM_3,69.089286876,316_STEAM_1,0,115,115_STEAM_3,100,4175.655239333,4277.050791721,101.395552388
1,poi_bus_120,120,Attila,lagging_095,0.95,7,2020-01-01T07:00:00+00:00,16,branch_C27_sustained,branch,C27,bounded,continuous,188.895833333,62.087057951,811.340510695,100,0,true,true,false,constraint_violation,0.910798762,307,1.080093712,210,0.039201238,1.036186569,CA-1,131.446536764,115_STEAM_3,200.538297012,316_STEAM_1,0,115,115_STEAM_3,100,4175.655239333,4307.101776097,131.446536764
1,poi_bus_120,120,Attila,lagging_095,0.95,7,2020-01-01T07:00:00+00:00,17,branch_C6_immediate,branch,C6,fixed,short_term,188.895833333,62.087057951,811.340510695,-100,0.000000001,true,true,false,constraint_violation,0.968242922,307,1.08157625,210,0.03157625,0.805245408,A10,3.42649331,115_STEAM_3,38.092423972,314_SYNC_COND_1,0,115,115_STEAM_3,100,4175.655239333,4272.081732643,96.42649331
1,poi_bus_120,120,Attila,lagging_095,0.95,7,2020-01-01T07:00:00+00:00,18,branch_C6_sustained,branch,C6,bounded,continuous,188.895833333,62.087057951,811.340510695,-100,0.000000001,true,true,false,constraint_violation,0.903245682,307,1.080120753,210,0.046754318,1.139534416,CA-1,138.844921108,115_STEAM_3,269.847954073,316_STEAM_1,0,115,115_STEAM_3,100,4175.655239333,4314.500160441,138.844921108
1,poi_bus_120,120,Attila,lagging_095,0.95,7,2020-01-01T07:00:00+00:00,19,branch_CA-1_immediate,branch,CA-1,fixed,short_term,188.895833333,62.087057951,811.340510695,-100,0,true,true,false,constraint_violation,0.974614158,307,1.082175818,210,0.032175818,0.804122596,C10,21.258187746,115_STEAM_3,63.047079753,116_STEAM_1,0,115,115_STEAM_3,100,4175.655239333,4289.913427079,114.258187746
1,poi_bus_120,120,Attila,lagging_095,0.95,7,2020-01-01T07:00:00+00:00,20,branch_CA-1_sustained,branch,CA-1,bounded,continuous,188.895833333,62.087057951,811.340510695,100,0,true,true,false,constraint_violation,0.973811672,307,1.081138293,210,0.031138293,1.103205306,A28,139.614268736,115_STEAM_3,97.184381198,116_STEAM_1,0,115,115_STEAM_3,100,4175.655239333,4315.269508069,139.614268736
1,poi_bus_120,120,Attila,lagging_095,0.95,7,2020-01-01T07:00:00+00:00,21,generator_121_NUCLEAR_1_sustained,generator,121_NUCLEAR_1,bounded,continuous,188.895833333,62.087057951,811.340510695,100,0,true,true,false,constraint_violation,0.957169237,307,1.07842483,210,0.02842483,0.893799743,A10,0,101_STEAM_3,25.335295361,316_STEAM_1,0,216,216_STEAM_1,99,4175.655239333,4266.256895638,90.601656305
1,poi_bus_120,120,Attila,lagging_095,0.95,7,2020-01-01T07:00:00+00:00,22,generator_213_CC_3_sustained,generator,213_CC_3,bounded,continuous,188.895833333,62.087057951,811.340510695,-100,0.000000002,true,true,false,constraint_violation,0.948435725,307,1.080188118,210,0.030188118,0.933243603,A10,89.550565715,115_STEAM_3,115.902952714,316_STEAM_1,0,115,115_STEAM_3,100,4175.655239333,4265.205805048,89.550565715
1,poi_bus_120,120,Attila,lagging_095,0.95,7,2020-01-01T07:00:00+00:00,23,generator_313_CC_1_sustained,generator,313_CC_1,bounded,continuous,188.895833333,62.087057951,811.340510695,-100,0.000000001,true,true,false,constraint_violation,0.939894215,307,1.080047179,210,0.030047179,0.932548536,A10,75.565136733,115_STEAM_3,115.995599013,316_STEAM_1,0,115,115_STEAM_3,100,4175.655239333,4251.220376066,75.565136733
1,poi_bus_120,120,Attila,lagging_095,0.95,8,2020-01-01T08:00:00+00:00,0,normal,normal,,base,continuous,189.3125,62.224009662,814.578910372,-99.999999999,0.000000001,true,true,false,constraint_violation,0.982734484,307,1.082882461,210,0.032882461,0.976002392,C10,0,101_STEAM_3,65.174099475,314_SYNC_COND_1,0,115,115_STEAM_3,100,4191.984732,4284.093304947,92.108572947
1,poi_bus_120,120,Attila,lagging_095,0.95,8,2020-01-01T08:00:00+00:00,1,branch_A11_immediate,branch,A11,fixed,short_term,189.3125,62.224009662,814.578910372,-100,0.000000001,true,true,false,constraint_violation,0.982339233,307,1.082552463,210,0.032552463,0.854001133,C10,0,101_STEAM_3,64.576004749,314_SYNC_COND_1,0,115,115_STEAM_3,100,4191.984732,4284.278671464,92.293939464
1,poi_bus_120,120,Attila,lagging_095,0.95,8,2020-01-01T08:00:00+00:00,2,branch_A11_sustained,branch,A11,bounded,continuous,189.3125,62.224009662,814.578910372,-100,0.000000001,true,true,false,constraint_violation,0.942254231,307,1.082736408,210,0.032736408,0.913220033,A10,53.538884844,115_STEAM_3,114.545015261,316_STEAM_1,0,115,115_STEAM_3,100,4191.984732,4282.038884844,90.054152844
1,poi_bus_120,120,Attila,lagging_095,0.95,8,2020-01-01T08:00:00+00:00,3,branch_A12-1_immediate,branch,A12-1,fixed,short_term,189.3125,62.224009662,814.578910372,-99.999999999,0.000000001,true,true,false,constraint_violation,0.98256514,307,1.082507386,210,0.032507386,0.854009322,C10,1.559202734,115_STEAM_3,64.918095904,314_SYNC_COND_1,0,115,115_STEAM_3,100,4191.984732,4286.543934734,94.559202734
1,poi_bus_120,120,Attila,lagging_095,0.95,8,2020-01-01T08:00:00+00:00,4,branch_A12-1_sustained,branch,A12-1,bounded,continuous,189.3125,62.224009662,814.578910372,-100,0,true,true,false,constraint_violation,0.923411069,307,1.080694901,210,0.030694901,0.949700189,A10,111.851887008,115_STEAM_3,179.86039207,316_STEAM_1,0,115,115_STEAM_3,100,4191.984732,4303.836619008,111.851887008
1,poi_bus_120,120,Attila,lagging_095,0.95,8,2020-01-01T08:00:00+00:00,5,branch_A34_immediate,branch,A34,fixed,short_term,189.3125,62.224009662,814.578910372,-100,0,true,true,false,constraint_violation,0.982922339,307,1.082907542,210,0.032907542,0.853977833,C10,13.929528306,115_STEAM_3,65.761637033,116_STEAM_1,0,115,115_STEAM_3,100,4191.984732,4298.914260306,106.929528306
1,poi_bus_120,120,Attila,lagging_095,0.95,8,2020-01-01T08:00:00+00:00,6,branch_A34_sustained,branch,A34,bounded,continuous,189.3125,62.224009662,814.578910372,-100,0.000000001,true,true,false,constraint_violation,0.88817397,307,1.0808688,210,0.06182603,1.1480312,CA-1,75.093904249,116_STEAM_1,329.55925433,316_STEAM_1,0,116,116_STEAM_1,100,4191.984732,4360.078636249,168.093904249
1,poi_bus_120,120,Attila,lagging_095,0.95,8,2020-01-01T08:00:00+00:00,7,branch_B12-1_immediate,branch,B12-1,fixed,short_term,189.3125,62.224009662,814.578910372,-100,0.000000001,true,true,false,constraint_violation,0.934004828,207,1.072491797,310,0.022491797,0.854005516,C10,4.331976572,115_STEAM_3,65.099548566,314_SYNC_COND_1,0,115,115_STEAM_3,100,4191.984732,4289.316708572,97.331976572
1,poi_bus_120,120,Attila,lagging_095,0.95,8,2020-01-01T08:00:00+00:00,8,branch_B12-1_sustained,branch,B12-1,bounded,continuous,189.3125,62.224009662,814.578910372,-100,0,true,true,false,constraint_violation,0.906910725,307,1.067049096,210,0.043089275,0.984996507,CA-1,116.81710775,115_STEAM_3,228.829108036,316_STEAM_1,0,115,115_STEAM_3,100,4191.984732,4308.80183975,116.81710775
1,poi_bus_120,120,Attila,lagging_095,0.95,8,2020-01-01T08:00:00+00:00,9,branch_B22_immediate,branch,B22,fixed,short_term,189.3125,62.224009662,814.578910372,-100,0.000000001,true,true,false,constraint_violation,0.983026526,307,1.07607325,210,0.02607325,0.853955646,C10,5.979731999,115_STEAM_3,65.614468544,314_SYNC_COND_1,0,115,115_STEAM_3,100,4191.984732,4290.964463999,98.979731999
1,poi_bus_120,120,Attila,lagging_095,0.95,8,2020-01-01T08:00:00+00:00,10,branch_B22_sustained,branch,B22,bounded,continuous,189.3125,62.224009662,814.578910372,-100,0.000000001,true,true,false,constraint_violation,0.940142149,307,1.076477283,210,0.026477283,0.948170614,A10,113.509310861,115_STEAM_3,133.043536503,316_STEAM_1,0,115,115_STEAM_3,100,4191.984732,4305.494042861,113.509310861
1,poi_bus_120,120,Attila,lagging_095,0.95,8,2020-01-01T08:00:00+00:00,11,branch_B6_immediate,branch,B6,fixed,short_term,189.3125,62.224009662,814.578910372,-100,0.000000001,true,true,false,constraint_violation,0.9826547,307,1.084551635,210,0.034551635,0.854007071,C10,0,101_STEAM_3,65.053538536,314_SYNC_COND_1,0,115,115_STEAM_3,100,4191.984732,4284.019768018,92.035036018
1,poi_bus_120,120,Attila,lagging_095,0.95,8,2020-01-01T08:00:00+00:00,12,branch_B6_sustained,branch,B6,bounded,continuous,189.3125,62.224009662,814.578910372,100,0.000000001,true,true,false,constraint_violation,0.941590983,307,1.081105321,210,0.031105321,0.912712239,C10,1.066762622,116_STEAM_1,48.2724786,316_STEAM_1,0,116,116_STEAM_1,100,4191.984732,4286.051494622,94.066762622
1,poi_bus_120,120,Attila,lagging_095,0.95,8,2020-01-01T08:00:00+00:00,13,branch_C12-1_immediate,branch,C12-1,fixed,short_term,189.3125,62.224009662,814.578910372,-100,0,true,true,false,constraint_violation,0.865377929,307,1.082889305,210,0.084622071,0.811854586,A10,6.058211451,115_STEAM_3,36.070737696,314_SYNC_COND_1,0,115,115_STEAM_3,100,4191.984732,4291.042943451,99.058211451
1,poi_bus_120,120,Attila,lagging_095,0.95,8,2020-01-01T08:00:00+00:00,14,branch_C12-1_sustained,branch,C12-1,bounded,continuous,189.3125,62.224009662,814.578910372,-100,0,true,true,false,constraint_violation,0.819381425,307,1.081083698,210,0.130618575,0.908915423,A10,85.570454256,115_STEAM_3,104.319211003,316_STEAM_1,0,115,115_STEAM_3,100,4191.984732,4277.555186256,85.570454256
1,poi_bus_120,120,Attila,lagging_095,0.95,8,2020-01-01T08:00:00+00:00,15,branch_C27_immediate,branch,C27,fixed,short_term,189.3125,62.224009662,814.578910372,-100,0.000000001,true,true,false,constraint_violation,0.981899794,307,1.082829156,210,0.032829156,0.850928518,C10,1.754466051,115_STEAM_3,64.429490114,314_SYNC_COND_1,0,115,115_STEAM_3,100,4191.984732,4286.739198051,94.754466051
1,poi_bus_120,120,Attila,lagging_095,0.95,8,2020-01-01T08:00:00+00:00,16,branch_C27_sustained,branch,C27,bounded,continuous,189.3125,62.224009662,814.578910372,-100,0,true,true,false,constraint_violation,0.934203515,307,1.081213728,210,0.031213728,0.922793995,C10,0,101_STEAM_3,133.421387882,316_STEAM_1,0,216,216_STEAM_1,100,4191.984732,4278.882105924,86.897373924
1,poi_bus_120,120,Attila,lagging_095,0.95,8,2020-01-01T08:00:00+00:00,17,branch_C6_immediate,branch,C6,fixed,short_term,189.3125,62.224009662,814.578910372,-100,0,true,true,false,constraint_violation,0.9789313,307,1.08287911,210,0.03287911,0.843740626,C10,0,101_STEAM_3,60.16601024,314_SYNC_COND_1,0,115,115_STEAM_3,100,4191.984732,4284.346892495,92.362160495
1,poi_bus_120,120,Attila,lagging_095,0.95,8,2020-01-01T08:00:00+00:00,18,branch_C6_sustained,branch,C6,bounded,continuous,189.3125,62.224009662,814.578910372,100,0.000000001,true,true,false,constraint_violation,0.95019391,307,1.080914524,210,0.030914524,0.906872788,A10,69.305767895,115_STEAM_3,24.328218303,316_STEAM_1,0,115,115_STEAM_3,100,4191.984732,4261.290499895,69.305767895
1,poi_bus_120,120,Attila,lagging_095,0.95,8,2020-01-01T08:00:00+00:00,19,branch_CA-1_immediate,branch,CA-1,fixed,short_term,189.3125,62.224009662,814.578910372,-100,0.000000001,true,true,false,constraint_violation,0.981570546,307,1.083079406,210,0.033079406,0.848956061,C10,4.738121194,115_STEAM_3,63.415120401,314_SYNC_COND_1,0,115,115_STEAM_3,100,4191.984732,4289.722853194,97.738121194
1,poi_bus_120,120,Attila,lagging_095,0.95,8,2020-01-01T08:00:00+00:00,20,branch_CA-1_sustained,branch,CA-1,bounded,continuous,189.3125,62.224009662,814.578910372,-58.797501,0,true,true,false,constraint_violation,0.944605647,307,1.080685317,210,0.030685317,1.143934811,CB-1,146.970112264,115_STEAM_3,202.691683657,316_STEAM_1,0,115,115_STEAM_3,100,4191.984732,4338.954844264,146.970112264
1,poi_bus_120,120,Attila,lagging_095,0.95,8,2020-01-01T08:00:00+00:00,21,generator_121_NUCLEAR_1_sustained,generator,121_NUCLEAR_1,bounded,continuous,189.3125,62.224009662,814.578910372,100.000000001,0.000000001,true,true,false,constraint_violation,0.969183972,307,1.080776896,210,0.030776896,0.942300813,C10,61.086310487,115_STEAM_3,46.562832359,314_SYNC_COND_1,0,115,115_STEAM_3,99,4191.984732,4253.071042487,61.086310487
1,poi_bus_120,120,Attila,lagging_095,0.95,8,2020-01-01T08:00:00+00:00,22,generator_213_CC_3_sustained,generator,213_CC_3,bounded,continuous,189.3125,62.224009662,814.578910372,100,0,true,true,false,constraint_violation,0.953795557,307,1.080671191,210,0.030671191,0.925219611,C10,0,101_STEAM_3,42.253605075,316_STEAM_1,0,216,216_STEAM_1,100,4191.984732,4270.806905264,78.822173264
1,poi_bus_120,120,Attila,lagging_095,0.95,8,2020-01-01T08:00:00+00:00,23,generator_313_CC_1_sustained,generator,313_CC_1,bounded,continuous,189.3125,62.224009662,814.578910372,-100,0.000000001,true,true,false,constraint_violation,0.923644246,307,1.081021622,210,0.031021622,0.945530449,A10,100.03636753,115_STEAM_3,191.466753107,316_STEAM_1,0,115,115_STEAM_3,100,4191.984732,4292.02109953,100.03636753
1,poi_bus_120,120,Attila,lagging_095,0.95,9,2020-01-01T09:00:00+00:00,0,normal,normal,,base,continuous,189.729166667,62.360961372,820.615805572,-100,0.000000001,true,true,false,constraint_violation,0.968134763,307,1.082764366,210,0.032764366,0.988772215,C10,0,101_STEAM_3,49.155764349,316_STEAM_1,0,115,115_STEAM_3,100,4222.065452667,4306.854179337,84.78872667
1,poi_bus_120,120,Attila,lagging_095,0.95,9,2020-01-01T09:00:00+00:00,1,branch_A11_immediate,branch,A11,fixed,short_term,189.729166667,62.360961372,820.615805572,-100.000000001,0,true,true,false,constraint_violation,0.967694823,307,1.082477479,210,0.032477479,0.865152239,C10,0,101_STEAM_3,52.376207115,316_STEAM_1,0,115,115_STEAM_3,100,4222.065452667,4306.901749444,84.836296777
1,poi_bus_120,120,Attila,lagging_095,0.95,9,2020-01-01T09:00:00+00:00,2,branch_A11_sustained,branch,A11,bounded,continuous,189.729166667,62.360961372,820.615805572,100,0.000000001,true,true,false,constraint_violation,0.947769529,307,1.07964075,210,0.02964075,0.948571193,C10,0,101_STEAM_3,51.345124191,316_STEAM_1,0,116,116_STEAM_1,100,4222.065452667,4289.147756617,67.08230395
1,poi_bus_120,120,Attila,lagging_095,0.95,9,2020-01-01T09:00:00+00:00,3,branch_A12-1_immediate,branch,A12-1,fixed,short_term,189.729166667,62.360961372,820.615805572,-100,0.000000001,true,true,false,constraint_violation,0.967952229,307,1.082423425,210,0.032423425,0.865173293,C10,0,101_STEAM_3,50.496423985,316_STEAM_1,0,115,115_STEAM_3,100,4222.065452667,4309.081751717,87.01629905
1,poi_bus_120,120,Attila,lagging_095,0.95,9,2020-01-01T09:00:00+00:00,4,branch_A12-1_sustained,branch,A12-1,bounded,continuous,189.729166667,62.360961372,820.615805572,-100,0,true,true,false,constraint_violation,0.922499974,307,1.080879114,210,0.030879114,0.910035652,C10,86.255729048,115_STEAM_3,170.477183234,316_STEAM_1,0,115,115_STEAM_3,100,4222.065452667,4308.321181715,86.255729048
1,poi_bus_120,120,Attila,lagging_095,0.95,9,2020-01-01T09:00:00+00:00,5,branch_A34_immediate,branch,A34,fixed,short_term,189.729166667,62.360961372,820.615805572,-100.000000001,0,true,true,false,constraint_violation,0.968267672,307,1.082779719,210,0.032779719,0.86516976,C10,0,101_STEAM_3,48.175011737,316_STEAM_1,0,115,115_STEAM_3,100,4222.065452667,4312.518554782,90.453102115
1,poi_bus_120,120,Attila,lagging_095,0.95,9,2020-01-01T09:00:00+00:00,6,branch_A34_sustained,branch,A34,bounded,continuous,189.729166667,62.360961372,820.615805572,-100,0,true,true,false,constraint_violation,0.933353494,307,1.080985879,210,0.030985879,0.928301426,C10,0,101_STEAM_3,131.891092396,316_STEAM_1,0,115,115_STEAM_3,100,4222.065452667,4302.229304401,80.163851734
1,poi_bus_120,120,Attila,lagging_095,0.95,9,2020-01-01T09:00:00+00:00,7,branch_B12-1_immediate,branch,B12-1,fixed,short_term,189.729166667,62.360961372,820.615805572,-100,0.000000002,true,true,false,constraint_violation,0.932744112,207,1.068268202,210,0.018268202,0.865176179,C10,0,101_STEAM_3,49.562708203,316_STEAM_1,0,115,115_STEAM_3,100,4222.065452667,4312.122396974,90.056944307
1,poi_bus_120,120,Attila,lagging_095,0.95,9,2020-01-01T09:00:00+00:00,8,branch_B12-1_sustained,branch,B12-1,bounded,continuous,189.729166667,62.360961372,820.615805572,99.999999999,0,true,true,false,constraint_violation,0.929663359,207,1.065807663,210,0.020336641,0.948536613,C10,76.325783981,115_STEAM_3,52.833620255,316_STEAM_1,0,115,115_STEAM_3,100,4222.065452667,4298.391236648,76.325783981
1,poi_bus_120,120,Attila,lagging_095,0.95,9,2020-01-01T09:00:00+00:00,9,branch_B22_immediate,branch,B22,fixed,short_term,189.729166667,62.360961372,820.615805572,-100,0,true,true,false,constraint_violation,0.968456904,307,1.076007359,210,0.026007359,0.865148254,C10,0,101_STEAM_3,46.771018298,316_STEAM_1,0,115,115_STEAM_3,100,4222.065452667,4313.530165388,91.464712721
1,poi_bus_120,120,Attila,lagging_095,0.95,9,2020-01-01T09:00:00+00:00,10,branch_B22_sustained,branch,B22,bounded,continuous,189.729166667,62.360961372,820.615805572,-99.999999999,0.000000001,true,true,false,constraint_violation,0.926793066,307,1.075489579,210,0.025489579,0.915739638,C10,75.804762882,115_STEAM_3,151.123620389,316_STEAM_1,0,115,115_STEAM_3,100,4222.065452667,4297.870215549,75.804762882
1,poi_bus_120,120,Attila,lagging_095,0.95,9,2020-01-01T09:00:00+00:00,11,branch_B6_immediate,branch,B6,fixed,short_term,189.729166667,62.360961372,820.615805572,-100,0.000000001,true,true,false,constraint_violation,0.968042189,307,1.084382618,210,0.034382618,0.865175898,C10,0,101_STEAM_3,49.836548976,316_STEAM_1,0,115,115_STEAM_3,100,4222.065452667,4306.791603144,84.726150477
1,poi_bus_120,120,Attila,lagging_095,0.95,9,2020-01-01T09:00:00+00:00,12,branch_B6_sustained,branch,B6,bounded,continuous,189.729166667,62.360961372,820.615805572,-100.000000001,0,true,true,false,constraint_violation,0.917412348,307,1.08220261,210,0.032587652,0.955086096,A10,2.542200325,316_STEAM_1,181.379220996,316_STEAM_1,0,316,316_STEAM_1,100,4222.065452667,4317.607652992,95.542200325
1,poi_bus_120,120,Attila,lagging_095,0.95,9,2020-01-01T09:00:00+00:00,13,branch_C12-1_immediate,branch,C12-1,fixed,short_term,189.729166667,62.360961372,820.615805572,-100,0.000000001,true,true,false,constraint_violation,0.85440476,307,1.08277032,210,0.09559524,0.820212558,A10,0,101_STEAM_3,66.81235576,316_STEAM_1,0,115,115_STEAM_3,100,4222.065452667,4313.221403913,91.155951246
1,poi_bus_120,120,Attila,lagging_095,0.95,9,2020-01-01T09:00:00+00:00,14,branch_C12-1_sustained,branch,C12-1,bounded,continuous,189.729166667,62.360961372,820.615805572,-100,0.000000001,true,true,false,constraint_violation,0.786751101,307,1.082674998,210,0.163248899,0.908569695,A10,84.236937929,115_STEAM_3,160.512052217,316_STEAM_1,0,115,115_STEAM_3,100,4222.065452667,4306.302390596,84.236937929
1,poi_bus_120,120,Attila,lagging_095,0.95,9,2020-01-01T09:00:00+00:00,15,branch_C27_immediate,branch,C27,fixed,short_term,189.729166667,62.360961372,820.615805572,-100,0.000000001,true,true,false,constraint_violation,0.967818784,307,1.082726227,210,0.032726227,0.863253154,C10,0,101_STEAM_3,67.258379862,316_STEAM_1,0,115,115_STEAM_3,100,4222.065452667,4308.315946603,86.250493936
1,poi_bus_120,120,Attila,lagging_095,0.95,9,2020-01-01T09:00:00+00:00,16,branch_C27_sustained,branch,C27,bounded,continuous,189.729166667,62.360961372,820.615805572,-100,0.000000001,true,true,false,constraint_violation,0.946228234,307,1.081367589,210,0.031367589,0.936306857,C29,0,101_STEAM_3,84.368832949,316_STEAM_1,0,216,216_STEAM_1,100,4222.065452667,4283.285084201,61.219631534
1,poi_bus_120,120,Attila,lagging_095,0.95,9,2020-01-01T09:00:00+00:00,17,branch_C6_immediate,branch,C6,fixed,short_term,189.729166667,62.360961372,820.615805572,-100,0.000000001,true,true,false,constraint_violation,0.966901204,307,1.082767485,210,0.032767485,0.8680843,C10,0,101_STEAM_3,52.907407541,316_STEAM_1,0,115,115_STEAM_3,100,4222.065452667,4307.034564382,84.969111715
1,poi_bus_120,120,Attila,lagging_095,0.95,9,2020-01-01T09:00:00+00:00,18,branch_C6_sustained,branch,C6,bounded,continuous,189.729166667,62.360961372,820.615805572,-100,0.000000001,true,true,false,constraint_violation,0.929396144,307,1.082328818,210,0.032328818,0.929097618,C10,0,101_STEAM_3,116.446859408,316_STEAM_1,0,216,216_STEAM_1,100,4222.065452667,4299.374518879,77.309066212
1,poi_bus_120,120,Attila,lagging_095,0.95,9,2020-01-01T09:00:00+00:00,19,branch_CA-1_immediate,branch,CA-1,fixed,short_term,189.729166667,62.360961372,820.615805572,-100,0,true,true,false,constraint_violation,0.965758008,307,1.082887135,210,0.032887135,0.86039395,C10,0,101_STEAM_3,51.91862059,316_STEAM_1,0,115,115_STEAM_3,100,4222.065452667,4308.840869896,86.775417229
1,poi_bus_120,120,Attila,lagging_095,0.95,9,2020-01-01T09:00:00+00:00,20,branch_CA-1_sustained,branch,CA-1,bounded,continuous,189.729166667,62.360961372,820.615805572,100,0.000000001,true,true,false,constraint_violation,0.926999155,307,1.079519927,210,0.029519927,1.163177847,CB-1,163.115362396,115_STEAM_3,256.433399429,316_STEAM_1,0,115,115_STEAM_3,100,4222.065452667,4385.180815063,163.115362396
1,poi_bus_120,120,Attila,lagging_095,0.95,9,2020-01-01T09:00:00+00:00,21,generator_121_NUCLEAR_1_sustained,generator,121_NUCLEAR_1,bounded,continuous,189.729166667,62.360961372,820.615805572,99.999999999,0,true,true,false,constraint_violation,0.968196623,307,1.080208857,210,0.030208857,0.987286926,C10,56.795432099,115_STEAM_3,45.394709123,314_SYNC_COND_1,0,115,115_STEAM_3,99,4222.065452667,4278.860884766,56.795432099
1,poi_bus_120,120,Attila,lagging_095,0.95,9,2020-01-01T09:00:00+00:00,22,generator_213_CC_3_sustained,generator,213_CC_3,bounded,continuous,189.729166667,62.360961372,820.615805572,-100,0.000000001,true,true,false,constraint_violation,0.927413476,307,1.083150748,210,0.033150748,0.921231395,C10,83.416212668,115_STEAM_3,144.768236723,316_STEAM_1,0,115,115_STEAM_3,100,4222.065452667,4305.481665335,83.416212668
1,poi_bus_120,120,Attila,lagging_095,0.95,9,2020-01-01T09:00:00+00:00,23,generator_313_CC_1_sustained,generator,313_CC_1,bounded,continuous,189.729166667,62.360961372,820.615805572,-100,0,true,true,false,constraint_violation,0.934151629,307,1.080967333,210,0.030967333,0.93372018,C10,0,101_STEAM_3,138.180692428,316_STEAM_1,0,216,216_STEAM_1,100,4222.065452667,4297.405223263,75.339770596
1,poi_bus_120,120,Attila,lagging_095,0.95,10,2020-01-01T10:00:00+00:00,0,normal,normal,,base,continuous,188.833333333,62.066515194,818.733972168,-100,0.000000001,true,true,false,constraint_violation,0.96248472,307,1.084114188,210,0.034114188,0.992376896,C10,0,101_STEAM_3,57.340190003,316_STEAM_1,0,115,115_STEAM_3,100,4211.922679333,4280.50526247,68.582583137
1,poi_bus_120,120,Attila,lagging_095,0.95,10,2020-01-01T10:00:00+00:00,1,branch_A11_immediate,branch,A11,fixed,short_term,188.833333333,62.066515194,818.733972168,-100,0,true,true,false,constraint_violation,0.962134971,307,1.083739719,210,0.033739719,0.868356124,C10,0,101_STEAM_3,59.518714936,316_STEAM_1,0,115,115_STEAM_3,100,4211.922679333,4280.503185777,68.580506444
1,poi_bus_120,120,Attila,lagging_095,0.95,10,2020-01-01T10:00:00+00:00,2,branch_A11_sustained,branch,A11,bounded,continuous,188.833333333,62.066515194,818.733972168,100,0.000000001,true,true,false,constraint_violation,0.92352487,307,1.081921518,210,0.031921518,0.932779636,C10,65.15476046,115_STEAM_3,118.36329058,316_STEAM_1,0,115,115_STEAM_3,100,4211.922679333,4277.077439793,65.15476046
1,poi_bus_120,120,Attila,lagging_095,0.95,10,2020-01-01T10:00:00+00:00,3,branch_A12-1_immediate,branch,A12-1,fixed,short_term,188.833333333,62.066515194,818.733972168,-100,0.000000001,true,true,false,constraint_violation,0.96233269,307,1.083759527,210,0.033759527,0.868347292,C10,0,101_STEAM_3,58.286051888,316_STEAM_1,0,115,115_STEAM_3,100,4211.922679333,4282.370674366,70.447995033
1,poi_bus_120,120,Attila,lagging_095,0.95,10,2020-01-01T10:00:00+00:00,4,branch_A12-1_sustained,branch,A12-1,bounded,continuous,188.833333333,62.066515194,818.733972168,-100,0.000000001,true,true,false,constraint_violation,0.935672156,307,1.084044231,210,0.034044231,0.947564095,C10,70.103253914,316_STEAM_1,98.591577343,316_STEAM_1,0,316,316_STEAM_1,100,4211.922679333,4287.503253914,75.580574581
1,poi_bus_120,120,Attila,lagging_095,0.95,10,2020-01-01T10:00:00+00:00,5,branch_A34_immediate,branch,A34,fixed,short_term,188.833333333,62.066515194,818.733972168,-100,0.000000002,true,true,false,constraint_violation,0.962522715,307,1.084120031,210,0.034120031,0.868323758,C10,0,101_STEAM_3,57.104125277,316_STEAM_1,0,115,115_STEAM_3,100,4211.922679333,4281.031232442,69.108553109
1,poi_bus_120,120,Attila,lagging_095,0.95,10,2020-01-01T10:00:00+00:00,6,branch_A34_sustained,branch,A34,bounded,continuous,188.833333333,62.066515194,818.733972168,-100,0.000000001,true,true,false,constraint_violation,0.894717827,307,1.08416289,210,0.055282173,0.956043328,A10,22.287746102,116_STEAM_1,273.394723484,316_STEAM_1,0,116,116_STEAM_1,100,4211.922679333,4327.210425435,115.287746102
1,poi_bus_120,120,Attila,lagging_095,0.95,10,2020-01-01T10:00:00+00:00,7,branch_B12-1_immediate,branch,B12-1,fixed,short_term,188.833333333,62.066515194,818.733972168,-100,0.000000001,true,true,false,constraint_violation,0.940135858,207,1.070472858,210,0.020472858,0.868336398,C10,0,101_STEAM_3,57.637553525,316_STEAM_1,0,115,115_STEAM_3,100,4211.922679333,4285.281144553,73.35846522
1,poi_bus_120,120,Attila,lagging_095,0.95,10,2020-01-01T10:00:00+00:00,8,branch_B12-1_sustained,branch,B12-1,bounded,continuous,188.833333333,62.066515194,818.733972168,-100,0,true,true,false,constraint_violation,0.892061498,307,1.068563087,210,0.057938502,0.956611009,A10,27.261094531,316_STEAM_1,285.138626657,316_STEAM_1,0,316,316_STEAM_1,100,4211.922679333,4332.183773864,120.261094531
1,poi_bus_120,120,Attila,lagging_095,0.95,10,2020-01-01T10:00:00+00:00,9,branch_B22_immediate,branch,B22,fixed,short_term,188.833333333,62.066515194,818.733972168,-100,0.000000001,true,true,false,constraint_violation,0.962788786,307,1.077602027,210,0.027602027,0.868259641,C10,0,101_STEAM_3,55.455494406,316_STEAM_1,0,115,115_STEAM_3,100,4211.922679333,4287.161743234,75.239063901
1,poi_bus_120,120,Attila,lagging_095,0.95,10,2020-01-01T10:00:00+00:00,10,branch_B22_sustained,branch,B22,bounded,continuous,188.833333333,62.066515194,818.733972168,100.000000001,0.000000001,true,true,false,constraint_violation,0.941307228,307,1.07798075,210,0.02798075,0.951177969,C10,67.266672032,115_STEAM_3,67.086940576,316_STEAM_1,0,115,115_STEAM_3,100,4211.922679333,4279.189351365,67.266672032
1,poi_bus_120,120,Attila,lagging_095,0.95,10,2020-01-01T10:00:00+00:00,11,branch_B6_immediate,branch,B6,fixed,short_term,188.833333333,62.066515194,818.733972168,-100,0,true,true,false,constraint_violation,0.962417247,307,1.085665903,210,0.035665903,0.868338811,C10,0,101_STEAM_3,57.75973373,316_STEAM_1,0,115,115_STEAM_3,100,4211.922679333,4280.412739068,68.490059735
1,poi_bus_120,120,Attila,lagging_095,0.95,10,2020-01-01T10:00:00+00:00,12,branch_B6_sustained,branch,B6,bounded,continuous,188.833333333,62.066515194,818.733972168,-100,0,true,true,false,constraint_violation,0.891374542,307,1.083537695,210,0.058625458,0.954264299,A10,23.533045551,316_STEAM_1,287.701153482,316_STEAM_1,0,316,316_STEAM_1,100,4211.922679333,4328.455724884,116.533045551
1,poi_bus_120,120,Attila,lagging_095,0.95,10,2020-01-01T10:00:00+00:00,13,branch_C12-1_immediate,branch,C12-1,fixed,short_term,188.833333333,62.066515194,818.733972168,-100,0,true,true,false,constraint_violation,0.851887615,307,1.084121714,210,0.098112385,0.824307148,A10,0,101_STEAM_3,74.13898503,316_STEAM_1,0,115,115_STEAM_3,100,4211.922679333,4286.442108531,74.519429198
1,poi_bus_120,120,Attila,lagging_095,0.95,10,2020-01-01T10:00:00+00:00,14,branch_C12-1_sustained,branch,C12-1,bounded,continuous,188.833333333,62.066515194,818.733972168,-100,0,true,true,false,constraint_violation,0.718234907,307,1.08210305,210,0.231765093,0.956402597,A10,34.792360099,316_STEAM_1,319.664923732,316_STEAM_1,0,316,316_STEAM_1,100,4211.922679333,4339.715039432,127.792360099
1,poi_bus_120,120,Attila,lagging_095,0.95,10,2020-01-01T10:00:00+00:00,15,branch_C27_immediate,branch,C27,fixed,short_term,188.833333333,62.066515194,818.733972168,-100,0,true,true,false,constraint_violation,0.96251803,307,1.084087937,210,0.034087937,0.867618437,C10,0,101_STEAM_3,69.585577373,316_STEAM_1,0,115,115_STEAM_3,100,4211.922679333,4280.853320762,68.930641429
1,poi_bus_120,120,Attila,lagging_095,0.95,10,2020-01-01T10:00:00+00:00,16,branch_C27_sustained,branch,C27,bounded,continuous,188.833333333,62.066515194,818.733972168,-100,0,true,true,false,constraint_violation,0.923391936,307,1.083126269,210,0.033126269,0.911436397,A10,66.841219369,115_STEAM_3,152.972885502,316_STEAM_1,0,115,115_STEAM_3,100,4211.922679333,4278.763898702,66.841219369
1,poi_bus_120,120,Attila,lagging_095,0.95,10,2020-01-01T10:00:00+00:00,17,branch_C6_immediate,branch,C6,fixed,short_term,188.833333333,62.066515194,818.733972168,-100,0.000000001,true,true,false,constraint_violation,0.960975169,307,1.084120457,210,0.034120457,0.873501119,C10,0,101_STEAM_3,61.973484925,316_STEAM_1,0,115,115_STEAM_3,100,4211.922679333,4280.874231767,68.951552434
1,poi_bus_120,120,Attila,lagging_095,0.95,10,2020-01-01T10:00:00+00:00,18,branch_C6_sustained,branch,C6,bounded,continuous,188.833333333,62.066515194,818.733972168,-99.999999999,0.000000001,true,true,false,constraint_violation,0.92290697,307,1.083927736,210,0.033927736,0.955774906,A10,0,101_STEAM_3,131.007682261,316_STEAM_1,0,316,316_STEAM_1,100,4211.922679333,4289.811727894,77.889048561
1,poi_bus_120,120,Attila,lagging_095,0.95,10,2020-01-01T10:00:00+00:00,19,branch_CA-1_immediate,branch,CA-1,fixed,short_term,188.833333333,62.066515194,818.733972168,-100,0,true,true,false,constraint_violation,0.958786366,307,1.084197599,210,0.034197599,0.863268142,C10,0,101_STEAM_3,68.045659581,316_STEAM_1,0,115,115_STEAM_3,100,4211.922679333,4281.095246894,69.172567561
1,poi_bus_120,120,Attila,lagging_095,0.95,10,2020-01-01T10:00:00+00:00,20,branch_CA-1_sustained,branch,CA-1,bounded,continuous,188.833333333,62.066515194,818.733972168,100,0.000000001,true,true,false,constraint_violation,0.918451493,307,1.081352286,210,0.031548507,1.12435947,CB-1,41.307773515,115_STEAM_3,259.974073264,316_STEAM_1,0,115,115_STEAM_3,100,4211.922679333,4346.230452848,134.307773515
1,poi_bus_120,120,Attila,lagging_095,0.95,10,2020-01-01T10:00:00+00:00,21,generator_121_NUCLEAR_1_sustained,generator,121_NUCLEAR_1,bounded,continuous,188.833333333,62.066515194,818.733972168,-100,0,true,true,false,constraint_violation,0.938054457,307,1.08232729,210,0.03232729,0.93745183,C10,0,101_STEAM_3,67.549488815,316_STEAM_1,0,116,116_STEAM_1,99,4211.922679333,4264.759459383,52.83678005
1,poi_bus_120,120,Attila,lagging_095,0.95,10,2020-01-01T10:00:00+00:00,22,generator_213_CC_3_sustained,generator,213_CC_3,bounded,continuous,188.833333333,62.066515194,818.733972168,-99.999999999,0.000000001,true,true,false,constraint_violation,0.929011934,307,1.083042626,210,0.033042626,0.916161918,C10,60.272060053,115_STEAM_3,107.019674565,316_STEAM_1,0,115,115_STEAM_3,100,4211.922679333,4272.194739386,60.272060053
1,poi_bus_120,120,Attila,lagging_095,0.95,10,2020-01-01T10:00:00+00:00,23,generator_313_CC_1_sustained,generator,313_CC_1,bounded,continuous,188.833333333,62.066515194,818.733972168,-99.999999999,0.000000001,true,true,false,constraint_violation,0.933273172,307,1.084459487,210,0.034459487,0.936280384,C10,51.243311398,316_STEAM_1,109.07193485,316_STEAM_1,0,316,316_STEAM_1,100,4211.922679333,4273.243311398,61.320632065
1,poi_bus_120,120,Attila,lagging_095,0.95,11,2020-01-01T11:00:00+00:00,0,normal,normal,,base,continuous,188.145833333,61.840544872,816.889884961,-99.999999999,0.000000001,true,true,false,constraint_violation,0.967278546,307,1.084577123,210,0.034577123,0.992783417,C10,0,101_STEAM_3,62.697591354,316_STEAM_1,0,115,115_STEAM_3,100,4202.173716333,4266.2625603,64.088843967
1,poi_bus_120,120,Attila,lagging_095,0.95,11,2020-01-01T11:00:00+00:00,1,branch_A11_immediate,branch,A11,fixed,short_term,188.145833333,61.840544872,816.889884961,-100,0,true,true,false,constraint_violation,0.966867712,307,1.084235986,210,0.034235986,0.868634376,C10,0,101_STEAM_3,65.033109757,316_STEAM_1,0,115,115_STEAM_3,100,4202.173716333,4266.211441855,64.037725522
1,poi_bus_120,120,Attila,lagging_095,0.95,11,2020-01-01T11:00:00+00:00,2,branch_A11_sustained,branch,A11,bounded,continuous,188.145833333,61.840544872,816.889884961,-100,0,true,true,false,constraint_violation,0.893664427,307,1.082739978,210,0.056335573,0.960562982,A10,11.10828263,316_STEAM_1,249.778649217,316_STEAM_1,0,316,316_STEAM_1,100,4202.173716333,4306.281998963,104.10828263
1,poi_bus_120,120,Attila,lagging_095,0.95,11,2020-01-01T11:00:00+00:00,3,branch_A12-1_immediate,branch,A12-1,fixed,short_term,188.145833333,61.840544872,816.889884961,-100,0.000000001,true,true,false,constraint_violation,0.967102295,307,1.084246775,210,0.034246775,0.86866863,C10,0,101_STEAM_3,63.69575546,316_STEAM_1,0,115,115_STEAM_3,100,4202.173716333,4268.022674067,65.848957734
1,poi_bus_120,120,Attila,lagging_095,0.95,11,2020-01-01T11:00:00+00:00,4,branch_A12-1_sustained,branch,A12-1,bounded,continuous,188.145833333,61.840544872,816.889884961,-100,0.000000002,true,true,false,constraint_violation,0.894617814,307,1.084789988,210,0.055382186,0.959403388,A10,113.625745108,115_STEAM_3,253.473875531,316_STEAM_1,0,115,115_STEAM_3,100,4202.173716333,4315.799461441,113.625745108
1,poi_bus_120,120,Attila,lagging_095,0.95,11,2020-01-01T11:00:00+00:00,5,branch_A34_immediate,branch,A34,fixed,short_term,188.145833333,61.840544872,816.889884961,-100,0.000000001,true,true,false,constraint_violation,0.967275722,307,1.084576777,210,0.034576777,0.868685286,C10,0,101_STEAM_3,62.713533006,316_STEAM_1,0,115,115_STEAM_3,100,4202.173716333,4266.263322558,64.089606225
1,poi_bus_120,120,Attila,lagging_095,0.95,11,2020-01-01T11:00:00+00:00,6,branch_A34_sustained,branch,A34,bounded,continuous,188.145833333,61.840544872,816.889884961,-99.999999999,0.000000001,true,true,false,constraint_violation,0.935644811,307,1.083938375,210,0.033938375,0.963694958,A10,2.446228792,216_STEAM_1,106.426698948,316_STEAM_1,0,216,216_STEAM_1,100,4202.173716333,4274.746228792,72.572512459
1,poi_bus_120,120,Attila,lagging_095,0.95,11,2020-01-01T11:00:00+00:00,7,branch_B12-1_immediate,branch,B12-1,fixed,short_term,188.145833333,61.840544872,816.889884961,-100,0,true,true,false,constraint_violation,0.942159776,207,1.071171797,210,0.021171797,0.868681048,C10,0,101_STEAM_3,63.012796863,316_STEAM_1,0,115,115_STEAM_3,100,4202.173716333,4270.920817152,68.747100819
1,poi_bus_120,120,Attila,lagging_095,0.95,11,2020-01-01T11:00:00+00:00,8,branch_B12-1_sustained,branch,B12-1,bounded,continuous,188.145833333,61.840544872,816.889884961,-100,0.000000002,true,true,false,constraint_violation,0.926751747,307,1.069385085,210,0.023248253,0.934706436,C10,66.077749714,115_STEAM_3,102.496465816,316_STEAM_1,0,115,115_STEAM_3,100,4202.173716333,4268.251466047,66.077749714
1,poi_bus_120,120,Attila,lagging_095,0.95,11,2020-01-01T11:00:00+00:00,9,branch_B22_immediate,branch,B22,fixed,short_term,188.145833333,61.840544872,816.889884961,-100,0.000000002,true,true,false,constraint_violation,0.9676365,307,1.07823076,210,0.02823076,0.868691413,C10,0,101_STEAM_3,60.692341898,316_STEAM_1,0,115,115_STEAM_3,100,4202.173716333,4272.658962745,70.485246412
1,poi_bus_120,120,Attila,lagging_095,0.95,11,2020-01-01T11:00:00+00:00,10,branch_B22_sustained,branch,B22,bounded,continuous,188.145833333,61.840544872,816.889884961,-100.000000001,0,true,true,false,constraint_violation,0.934767242,307,1.077830123,210,0.027830123,0.947195103,C10,65.085762936,115_STEAM_3,97.713168576,316_STEAM_1,0,115,115_STEAM_3,100,4202.173716333,4267.259479269,65.085762936
1,poi_bus_120,120,Attila,lagging_095,0.95,11,2020-01-01T11:00:00+00:00,11,branch_B6_immediate,branch,B6,fixed,short_term,188.145833333,61.840544872,816.889884961,-100,0,true,true,false,constraint_violation,0.96719563,307,1.086118113,210,0.036118113,0.86867858,C10,0,101_STEAM_3,63.166391559,316_STEAM_1,0,115,115_STEAM_3,100,4202.173716333,4266.176472498,64.002756165
1,poi_bus_120,120,Attila,lagging_095,0.95,11,2020-01-01T11:00:00+00:00,12,branch_B6_sustained,branch,B6,bounded,continuous,188.145833333,61.840544872,816.889884961,-100,0.000000001,true,true,false,constraint_violation,0.929392327,307,1.083849373,210,0.033849373,0.936693805,C10,56.106038205,115_STEAM_3,107.7471148,316_STEAM_1,0,115,115_STEAM_3,100,4202.173716333,4258.279754538,56.106038205
1,poi_bus_120,120,Attila,lagging_095,0.95,11,2020-01-01T11:00:00+00:00,13,branch_C12-1_immediate,branch,C12-1,fixed,short_term,188.145833333,61.840544872,816.889884961,-100,0,true,true,false,constraint_violation,0.855355387,307,1.084584383,210,0.094644613,0.825404016,A10,0,101_STEAM_3,80.15903278,316_STEAM_1,0,115,115_STEAM_3,100,4202.173716333,4272.324047973,70.15033164
1,poi_bus_120,120,Attila,lagging_095,0.95,11,2020-01-01T11:00:00+00:00,14,branch_C12-1_sustained,branch,C12-1,bounded,continuous,188.145833333,61.840544872,816.889884961,-100,0,true,true,false,constraint_violation,0.749474644,307,1.082648828,210,0.200525356,0.925483347,A10,90.000438528,121_NUCLEAR_1,241.001303656,316_STEAM_1,0,121,121_NUCLEAR_1,100,4202.173716333,4296.174154861,94.000438528
1,poi_bus_120,120,Attila,lagging_095,0.95,11,2020-01-01T11:00:00+00:00,15,branch_C27_immediate,branch,C27,fixed,short_term,188.145833333,61.840544872,816.889884961,-100,0.000000001,true,true,false,constraint_violation,0.967277215,307,1.084586987,210,0.034586987,0.868984221,C10,0,101_STEAM_3,68.364984794,316_STEAM_1,0,115,115_STEAM_3,100,4202.173716333,4266.32908971,64.155373377
1,poi_bus_120,120,Attila,lagging_095,0.95,11,2020-01-01T11:00:00+00:00,16,branch_C27_sustained,branch,C27,bounded,continuous,188.145833333,61.840544872,816.889884961,100,0.000000001,true,true,false,constraint_violation,0.938075907,307,1.082222659,210,0.032222659,0.948727,C10,61.12780944,115_STEAM_3,64.03185785,316_STEAM_1,0,115,115_STEAM_3,100,4202.173716333,4263.301525773,61.12780944
1,poi_bus_120,120,Attila,lagging_095,0.95,11,2020-01-01T11:00:00+00:00,17,branch_C6_immediate,branch,C6,fixed,short_term,188.145833333,61.840544872,816.889884961,-99.999999999,0,true,true,false,constraint_violation,0.964851566,307,1.084582046,210,0.034582046,0.872885078,C10,0,101_STEAM_3,65.586700149,316_STEAM_1,0,115,115_STEAM_3,100,4202.173716333,4266.576263437,64.402547104
1,poi_bus_120,120,Attila,lagging_095,0.95,11,2020-01-01T11:00:00+00:00,18,branch_C6_sustained,branch,C6,bounded,continuous,188.145833333,61.840544872,816.889884961,-99.999999999,0.000000001,true,true,false,constraint_violation,0.929139036,307,1.082542479,210,0.032542479,0.919629953,C10,58.138010033,115_STEAM_3,102.952044041,316_STEAM_1,0,115,115_STEAM_3,100,4202.173716333,4260.311726366,58.138010033
1,poi_bus_120,120,Attila,lagging_095,0.95,11,2020-01-01T11:00:00+00:00,19,branch_CA-1_immediate,branch,CA-1,fixed,short_term,188.145833333,61.840544872,816.889884961,-99.999999999,0.000000001,true,true,false,constraint_violation,0.964560301,307,1.084710567,210,0.034710567,0.863966733,C10,0,101_STEAM_3,69.433757907,316_STEAM_1,0,115,115_STEAM_3,100,4202.173716333,4267.75089189,65.577175557
1,poi_bus_120,120,Attila,lagging_095,0.95,11,2020-01-01T11:00:00+00:00,20,branch_CA-1_sustained,branch,CA-1,bounded,continuous,188.145833333,61.840544872,816.889884961,-100,0,true,true,false,constraint_violation,0.915279521,307,1.083610192,210,0.034720479,1.168353081,CB-1,170.925267207,115_STEAM_3,277.132897908,316_STEAM_1,0,115,115_STEAM_3,100,4202.173716333,4373.09898354,170.925267207
1,poi_bus_120,120,Attila,lagging_095,0.95,11,2020-01-01T11:00:00+00:00,21,generator_121_NUCLEAR_1_sustained,generator,121_NUCLEAR_1,bounded,continuous,188.145833333,61.840544872,816.889884961,-100,0.000000001,true,true,false,constraint_violation,0.937510047,307,1.082121328,210,0.032121328,0.959005499,A10,21.741287255,216_STEAM_1,84.015552749,316_STEAM_1,0,216,216_STEAM_1,99,4202.173716333,4262.141287255,59.967570922
1,poi_bus_120,120,Attila,lagging_095,0.95,11,2020-01-01T11:00:00+00:00,22,generator_213_CC_3_sustained,generator,213_CC_3,bounded,continuous,188.145833333,61.840544872,816.889884961,100,0.000000001,true,true,false,constraint_violation,0.925060288,307,1.084376611,210,0.034376611,0.92513165,C10,65.700817386,115_STEAM_3,96.045127497,316_STEAM_1,0,115,115_STEAM_3,100,4202.173716333,4267.874533719,65.700817386
1,poi_bus_120,120,Attila,lagging_095,0.95,11,2020-01-01T11:00:00+00:00,23,generator_313_CC_1_sustained,generator,313_CC_1,bounded,continuous,188.145833333,61.840544872,816.889884961,-99.999999999,0.000000001,true,true,false,constraint_violation,0.921572639,307,1.083978515,210,0.033978515,0.920391891,C10,67.680108265,115_STEAM_3,157.241231468,316_STEAM_1,0,115,115_STEAM_3,100,4202.173716333,4269.853824598,67.680108265
1,poi_bus_120,120,Attila,lagging_095,0.95,12,2020-01-01T12:00:00+00:00,0,normal,normal,,base,continuous,187.125,61.505013182,810.127122204,-100,0,true,true,false,constraint_violation,0.967413565,307,1.084555139,210,0.034555139,0.987728295,C10,0,101_STEAM_3,51.805636721,316_STEAM_1,0,316,316_STEAM_1,100,4167.922066,4229.942156739,62.020090739
1,poi_bus_120,120,Attila,lagging_095,0.95,12,2020-01-01T12:00:00+00:00,1,branch_A11_immediate,branch,A11,fixed,short_term,187.125,61.505013182,810.127122204,-99.999999999,0,true,true,false,constraint_violation,0.967065694,307,1.084210033,210,0.034210033,0.864281807,C10,0,101_STEAM_3,53.972883738,316_STEAM_1,0,316,316_STEAM_1,100,4167.922066,4229.870569309,61.948503309
1,poi_bus_120,120,Attila,lagging_095,0.95,12,2020-01-01T12:00:00+00:00,2,branch_A11_sustained,branch,A11,bounded,continuous,187.125,61.505013182,810.127122204,-100,0.000000001,true,true,false,constraint_violation,0.943734743,307,1.081955109,210,0.031955109,0.936428117,C10,0,101_STEAM_3,89.851810122,316_STEAM_1,0,216,216_STEAM_1,100,4167.922066,4225.583450688,57.661384688
1,poi_bus_120,120,Attila,lagging_095,0.95,12,2020-01-01T12:00:00+00:00,3,branch_A12-1_immediate,branch,A12-1,fixed,short_term,187.125,61.505013182,810.127122204,-100,0.000000003,true,true,false,constraint_violation,0.967294119,307,1.084231442,210,0.034231442,0.864281513,C10,0,101_STEAM_3,52.442177122,316_STEAM_1,0,316,316_STEAM_1,100,4167.922066,4231.574829334,63.652763334
1,poi_bus_120,120,Attila,lagging_095,0.95,12,2020-01-01T12:00:00+00:00,4,branch_A12-1_sustained,branch,A12-1,bounded,continuous,187.125,61.505013182,810.127122204,-100,0,true,true,false,constraint_violation,0.93465889,307,1.084117999,210,0.034117999,0.946840079,C10,61.936422825,115_STEAM_3,102.195619057,316_STEAM_1,0,115,115_STEAM_3,100,4167.922066,4229.858488825,61.936422825
1,poi_bus_120,120,Attila,lagging_095,0.95,12,2020-01-01T12:00:00+00:00,5,branch_A34_immediate,branch,A34,fixed,short_term,187.125,61.505013182,810.127122204,-100,0.000000001,true,true,false,constraint_violation,0.967410389,307,1.084554672,210,0.034554672,0.864262672,C10,0,101_STEAM_3,51.825207328,316_STEAM_1,0,316,316_STEAM_1,100,4167.922066,4229.943980427,62.021914427
1,poi_bus_120,120,Attila,lagging_095,0.95,12,2020-01-01T12:00:00+00:00,6,branch_A34_sustained,branch,A34,bounded,continuous,187.125,61.505013182,810.127122204,-100,0.000000002,true,true,false,constraint_violation,0.893850074,307,1.082415966,210,0.056149926,0.959891215,A10,17.844287865,316_STEAM_1,273.620325361,316_STEAM_1,0,316,316_STEAM_1,100,4167.922066,4278.766353865,110.844287865
1,poi_bus_120,120,Attila,lagging_095,0.95,12,2020-01-01T12:00:00+00:00,7,branch_B12-1_immediate,branch,B12-1,fixed,short_term,187.125,61.505013182,810.127122204,-100,0,true,true,false,constraint_violation,0.941932352,207,1.071104683,210,0.021104683,0.864278516,C10,0,101_STEAM_3,51.347261601,316_STEAM_1,0,316,316_STEAM_1,100,4167.922066,4234.503493119,66.581427119
1,poi_bus_120,120,Attila,lagging_095,0.95,12,2020-01-01T12:00:00+00:00,8,branch_B12-1_sustained,branch,B12-1,bounded,continuous,187.125,61.505013182,810.127122204,-100,0.000000001,true,true,false,constraint_violation,0.902305663,307,1.071669344,210,0.047694337,0.959905774,A10,12.466646978,316_STEAM_1,220.174217576,316_STEAM_1,0,316,316_STEAM_1,100,4167.922066,4273.388712978,105.466646978
1,poi_bus_120,120,Attila,lagging_095,0.95,12,2020-01-01T12:00:00+00:00,9,branch_B22_immediate,branch,B22,fixed,short_term,187.125,61.505013182,810.127122204,-100,0,true,true,false,constraint_violation,0.967803108,307,1.078174358,210,0.028174358,0.864199021,C10,0,101_STEAM_3,48.921460658,316_STEAM_1,0,316,316_STEAM_1,100,4167.922066,4236.250093244,68.328027244
1,poi_bus_120,120,Attila,lagging_095,0.95,12,2020-01-01T12:00:00+00:00,10,branch_B22_sustained,branch,B22,bounded,continuous,187.125,61.505013182,810.127122204,-100,0.000000001,true,true,false,constraint_violation,0.921144711,307,1.078900424,210,0.028900424,0.930115633,C10,76.927776893,115_STEAM_3,154.835850585,316_STEAM_1,0,115,115_STEAM_3,100,4167.922066,4244.849842893,76.927776893
1,poi_bus_120,120,Attila,lagging_095,0.95,12,2020-01-01T12:00:00+00:00,11,branch_B6_immediate,branch,B6,fixed,short_term,187.125,61.505013182,810.127122204,-100,0.000000001,true,true,false,constraint_violation,0.967341764,307,1.086054542,210,0.036054542,0.864269973,C10,0,101_STEAM_3,52.256490477,316_STEAM_1,0,316,316_STEAM_1,100,4167.922066,4229.860262519,61.938196519
1,poi_bus_120,120,Attila,lagging_095,0.95,12,2020-01-01T12:00:00+00:00,12,branch_B6_sustained,branch,B6,bounded,continuous,187.125,61.505013182,810.127122204,-100,0,true,true,false,constraint_violation,0.924300422,307,1.084061668,210,0.034061668,0.921630434,C10,66.822543281,115_STEAM_3,154.85556381,316_STEAM_1,0,115,115_STEAM_3,100,4167.922066,4234.744609281,66.822543281
1,poi_bus_120,120,Attila,lagging_095,0.95,12,2020-01-01T12:00:00+00:00,13,branch_C12-1_immediate,branch,C12-1,fixed,short_term,187.125,61.505013182,810.127122204,-100,0.000000001,true,true,false,constraint_violation,0.857740862,307,1.08455403,210,0.092259138,0.826247773,A10,0,101_STEAM_3,67.53699649,316_STEAM_1,0,316,316_STEAM_1,100,4167.922066,4235.685186048,67.763120048
1,poi_bus_120,120,Attila,lagging_095,0.95,12,2020-01-01T12:00:00+00:00,14,branch_C12-1_sustained,branch,C12-1,bounded,continuous,187.125,61.505013182,810.127122204,-100,0.000000001,true,true,false,constraint_violation,0.733520275,307,1.08449214,210,0.216479725,0.960009721,A10,38.317897924,316_STEAM_1,267.522029772,316_STEAM_1,0,316,316_STEAM_1,100,4167.922066,4281.717897924,113.795831924
1,poi_bus_120,120,Attila,lagging_095,0.95,12,2020-01-01T12:00:00+00:00,15,branch_C27_immediate,branch,C27,fixed,short_term,187.125,61.505013182,810.127122204,-100,0.000000001,true,true,false,constraint_violation,0.967378907,307,1.084574383,210,0.034574383,0.864797728,C10,0,101_STEAM_3,56.950806293,316_STEAM_1,0,316,316_STEAM_1,100,4167.922066,4230.162063296,62.239997296
1,poi_bus_120,120,Attila,lagging_095,0.95,12,2020-01-01T12:00:00+00:00,16,branch_C27_sustained,branch,C27,bounded,continuous,187.125,61.505013182,810.127122204,-100,0,true,true,false,constraint_violation,0.934277464,307,1.082195707,210,0.032195707,0.964457622,A10,31.968345953,216_STEAM_1,114.081442379,316_STEAM_1,0,216,216_STEAM_1,100,4167.922066,4240.168345953,72.246279953
1,poi_bus_120,120,Attila,lagging_095,0.95,12,2020-01-01T12:00:00+00:00,17,branch_C6_immediate,branch,C6,fixed,short_term,187.125,61.505013182,810.127122204,-100,0,true,true,false,constraint_violation,0.963848577,307,1.084555882,210,0.034555882,0.86272139,C10,0,101_STEAM_3,52.636625199,316_STEAM_1,0,316,316_STEAM_1,100,4167.922066,4230.038818939,62.116752939
1,poi_bus_120,120,Attila,lagging_095,0.95,12,2020-01-01T12:00:00+00:00,18,branch_C6_sustained,branch,C6,bounded,continuous,187.125,61.505013182,810.127122204,-100,0.000000001,true,true,false,constraint_violation,0.927591212,307,1.08494864,210,0.03494864,0.910737748,A10,64.672963643,115_STEAM_3,113.343718065,316_STEAM_1,0,115,115_STEAM_3,100,4167.922066,4232.595029643,64.672963643
1,poi_bus_120,120,Attila,lagging_095,0.95,12,2020-01-01T12:00:00+00:00,19,branch_CA-1_immediate,branch,CA-1,fixed,short_term,187.125,61.505013182,810.127122204,-100,0.000000001,true,true,false,constraint_violation,0.964308958,307,1.084659036,210,0.034659036,0.859472257,C10,0,101_STEAM_3,60.041269723,316_STEAM_1,0,316,316_STEAM_1,100,4167.922066,4230.908100619,62.986034619
1,poi_bus_120,120,Attila,lagging_095,0.95,12,2020-01-01T12:00:00+00:00,20,branch_CA-1_sustained,branch,CA-1,bounded,continuous,187.125,61.505013182,810.127122204,11.188864001,0,true,true,false,constraint_violation,0.928406635,307,1.084476359,210,0.034476359,1.157511399,CB-1,145.595477739,115_STEAM_3,254.388145657,316_STEAM_1,0,115,115_STEAM_3,100,4167.922066,4313.517543739,145.595477739
1,poi_bus_120,120,Attila,lagging_095,0.95,12,2020-01-01T12:00:00+00:00,21,generator_121_NUCLEAR_1_sustained,generator,121_NUCLEAR_1,bounded,continuous,187.125,61.505013182,810.127122204,-100,0,true,true,false,constraint_violation,0.938224176,307,1.082269288,210,0.032269288,0.953867939,A10,0,101_STEAM_3,101.065260653,316_STEAM_1,0,316,316_STEAM_1,99,4167.922066,4232.04050733,64.11844133
1,poi_bus_120,120,Attila,lagging_095,0.95,12,2020-01-01T12:00:00+00:00,22,generator_213_CC_3_sustained,generator,213_CC_3,bounded,continuous,187.125,61.505013182,810.127122204,-99.999999999,0.000000002,true,true,false,constraint_violation,0.945155663,307,1.08250271,210,0.03250271,0.939388706,C10,21.525065708,115_STEAM_3,85.313701734,316_STEAM_1,0,115,115_STEAM_3,100,4167.922066,4229.925065708,62.002999708
1,poi_bus_120,120,Attila,lagging_095,0.95,12,2020-01-01T12:00:00+00:00,23,generator_313_CC_1_sustained,generator,313_CC_1,bounded,continuous,187.125,61.505013182,810.127122204,100,0,true,true,false,constraint_violation,0.948699523,307,1.081932467,210,0.031932467,0.939855556,C10,58.609250987,115_STEAM_3,47.746797697,316_STEAM_1,0,115,115_STEAM_3,100,4167.922066,4226.531316987,58.609250987
1,poi_bus_120,120,Attila,lagging_095,0.95,13,2020-01-01T13:00:00+00:00,0,normal,normal,,base,continuous,182.645833333,60.032782294,805.598865614,-100,0.000000001,true,true,false,constraint_violation,0.962826428,307,1.085008627,210,0.035008627,0.977269005,C10,0,101_STEAM_3,40.62030702,314_SYNC_COND_1,0,321,321_CC_1,101,4141.191983333,4200.086564542,58.894581209
1,poi_bus_120,120,Attila,lagging_095,0.95,13,2020-01-01T13:00:00+00:00,1,branch_A11_immediate,branch,A11,fixed,short_term,182.645833333,60.032782294,805.598865614,-100,0.000000001,true,true,false,constraint_violation,0.962637024,307,1.084609628,210,0.034609628,0.855297375,C10,0,101_STEAM_3,40.254970436,314_SYNC_COND_1,0,321,321_CC_1,101,4141.191983333,4200.041831725,58.849848392
1,poi_bus_120,120,Attila,lagging_095,0.95,13,2020-01-01T13:00:00+00:00,2,branch_A11_sustained,branch,A11,bounded,continuous,182.645833333,60.032782294,805.598865614,100,0,true,true,false,constraint_violation,0.926310757,307,1.083866087,210,0.033866087,0.955588285,A10,0,101_STEAM_3,46.617335208,316_STEAM_1,0,321,321_CC_1,101,4141.191983333,4211.097462681,69.905479348
1,poi_bus_120,120,Attila,lagging_095,0.95,13,2020-01-01T13:00:00+00:00,3,branch_A12-1_immediate,branch,A12-1,fixed,short_term,182.645833333,60.032782294,805.598865614,-100,0.000000002,true,true,false,constraint_violation,0.962761247,307,1.084673162,210,0.034673162,0.855178605,C10,0,101_STEAM_3,40.493642383,314_SYNC_COND_1,0,321,321_CC_1,101,4141.191983333,4201.61949194,60.427508607
1,poi_bus_120,120,Attila,lagging_095,0.95,13,2020-01-01T13:00:00+00:00,4,branch_A12-1_sustained,branch,A12-1,bounded,continuous,182.645833333,60.032782294,805.598865614,-100,0.000000002,true,true,false,constraint_violation,0.907335408,307,1.082628993,210,0.042664592,0.961964852,A10,0,101_STEAM_3,147.538902246,316_STEAM_1,0,321,321_CC_1,101,4141.191983333,4229.651743434,88.459760101
1,poi_bus_120,120,Attila,lagging_095,0.95,13,2020-01-01T13:00:00+00:00,5,branch_A34_immediate,branch,A34,fixed,short_term,182.645833333,60.032782294,805.598865614,-100,0,true,true,false,constraint_violation,0.962824153,307,1.085007952,210,0.035007952,0.855113024,C10,0,101_STEAM_3,40.615850245,314_SYNC_COND_1,0,321,321_CC_1,101,4141.191983333,4200.089789282,58.897805949
1,poi_bus_120,120,Attila,lagging_095,0.95,13,2020-01-01T13:00:00+00:00,6,branch_A34_sustained,branch,A34,bounded,continuous,182.645833333,60.032782294,805.598865614,99.999999999,0.000000001,true,true,false,constraint_violation,0.942747265,307,1.085230406,210,0.035230406,0.939389282,C10,0,101_STEAM_3,20.958973594,316_STEAM_1,0,115,115_STEAM_3,101,4141.191983333,4212.715395024,71.523411691
1,poi_bus_120,120,Attila,lagging_095,0.95,13,2020-01-01T13:00:00+00:00,7,branch_B12-1_immediate,branch,B12-1,fixed,short_term,182.645833333,60.032782294,805.598865614,-100,0.000000001,true,true,false,constraint_violation,0.945011847,207,1.071911879,210,0.021911879,0.855079922,C10,0,101_STEAM_3,40.655153111,314_SYNC_COND_1,0,321,321_CC_1,101,4141.191983333,4204.532358999,63.340375666
1,poi_bus_120,120,Attila,lagging_095,0.95,13,2020-01-01T13:00:00+00:00,8,branch_B12-1_sustained,branch,B12-1,bounded,continuous,182.645833333,60.032782294,805.598865614,-100,0,true,true,false,constraint_violation,0.923822052,307,1.072168649,210,0.026177948,0.96062484,A10,0,101_STEAM_3,76.950773774,316_STEAM_1,0,321,321_CC_1,101,4141.191983333,4219.863230797,78.671247464
1,poi_bus_120,120,Attila,lagging_095,0.95,13,2020-01-01T13:00:00+00:00,9,branch_B22_immediate,branch,B22,fixed,short_term,182.645833333,60.032782294,805.598865614,-100,0.000000001,true,true,false,constraint_violation,0.96305312,307,1.078607074,210,0.028607074,0.854755417,C10,0,101_STEAM_3,41.078782611,314_SYNC_COND_1,0,321,321_CC_1,101,4141.191983333,4206.78732199,65.595338657
1,poi_bus_120,120,Attila,lagging_095,0.95,13,2020-01-01T13:00:00+00:00,10,branch_B22_sustained,branch,B22,bounded,continuous,182.645833333,60.032782294,805.598865614,-99.999999999,0.000000002,true,true,false,constraint_violation,0.916631064,307,1.078174403,210,0.033368936,0.956158741,A10,0,101_STEAM_3,118.580025559,316_STEAM_1,0,321,321_CC_1,101,4141.191983333,4223.77969009,82.587706757
1,poi_bus_120,120,Attila,lagging_095,0.95,13,2020-01-01T13:00:00+00:00,11,branch_B6_immediate,branch,B6,fixed,short_term,182.645833333,60.032782294,805.598865614,-100,0.000000001,true,true,false,constraint_violation,0.962791528,307,1.0864839,210,0.0364839,0.855150047,C10,0,101_STEAM_3,40.552120143,314_SYNC_COND_1,0,321,321_CC_1,101,4141.191983333,4199.984079138,58.792095805
1,poi_bus_120,120,Attila,lagging_095,0.95,13,2020-01-01T13:00:00+00:00,12,branch_B6_sustained,branch,B6,bounded,continuous,182.645833333,60.032782294,805.598865614,100,0,true,true,false,constraint_violation,0.931060155,307,1.08394714,210,0.03394714,0.92948639,C10,0,101_STEAM_3,34.763085977,316_STEAM_1,0,321,321_CC_1,101,4141.191983333,4198.643723035,57.451739702
1,poi_bus_120,120,Attila,lagging_095,0.95,13,2020-01-01T13:00:00+00:00,13,branch_C12-1_immediate,branch,C12-1,fixed,short_term,182.645833333,60.032782294,805.598865614,-99.999999999,0,true,true,false,constraint_violation,0.841988944,307,1.085005545,210,0.108011056,0.826894729,A10,0,101_STEAM_3,41.780962022,316_STEAM_1,0,321,321_CC_1,101,4141.191983333,4206.796446924,65.604463591
1,poi_bus_120,120,Attila,lagging_095,0.95,13,2020-01-01T13:00:00+00:00,14,branch_C12-1_sustained,branch,C12-1,bounded,continuous,182.645833333,60.032782294,805.598865614,-100,0,true,true,false,constraint_violation,0.781290238,307,1.082852518,210,0.168709762,0.965416043,A10,0,101_STEAM_3,87.507025624,316_STEAM_1,0,321,321_CC_1,101,4141.191983333,4216.465936221,75.273952888
1,poi_bus_120,120,Attila,lagging_095,0.95,13,2020-01-01T13:00:00+00:00,15,branch_C27_immediate,branch,C27,fixed,short_term,182.645833333,60.032782294,805.598865614,-100,0.000000001,true,true,false,constraint_violation,0.962766332,307,1.084990321,210,0.034990321,0.854560108,C10,0,101_STEAM_3,42.841585488,316_STEAM_1,0,321,321_CC_1,101,4141.191983333,4200.208118915,59.016135582
1,poi_bus_120,120,Attila,lagging_095,0.95,13,2020-01-01T13:00:00+00:00,16,branch_C27_sustained,branch,C27,bounded,continuous,182.645833333,60.032782294,805.598865614,-100,0,true,true,false,constraint_violation,0.883908591,307,1.083026,210,0.066091409,0.95929491,A10,0,101_STEAM_3,243.691104106,316_STEAM_1,0,321,321_CC_1,101,4141.191983333,4257.638149005,116.446165672
1,poi_bus_120,120,Attila,lagging_095,0.95,13,2020-01-01T13:00:00+00:00,17,branch_C6_immediate,branch,C6,fixed,short_term,182.645833333,60.032782294,805.598865614,-100,0.000000001,true,true,false,constraint_violation,0.957870004,307,1.085005007,210,0.035005007,0.847046103,C10,0,101_STEAM_3,34.82606966,314_SYNC_COND_1,0,321,321_CC_1,101,4141.191983333,4200.251016206,59.059032873
1,poi_bus_120,120,Attila,lagging_095,0.95,13,2020-01-01T13:00:00+00:00,18,branch_C6_sustained,branch,C6,bounded,continuous,182.645833333,60.032782294,805.598865614,-100,0.000000002,true,true,false,constraint_violation,0.914727966,307,1.08562842,210,0.03562842,0.936386793,C10,0,101_STEAM_3,129.010982888,316_STEAM_1,0,321,321_CC_1,101,4141.191983333,4209.545605993,68.35362266
1,poi_bus_120,120,Attila,lagging_095,0.95,13,2020-01-01T13:00:00+00:00,19,branch_CA-1_immediate,branch,CA-1,fixed,short_term,182.645833333,60.032782294,805.598865614,-100,0.000000001,true,true,false,constraint_violation,0.959047768,307,1.085075044,210,0.035075044,0.850178047,C10,0,101_STEAM_3,37.064922236,316_STEAM_1,0,321,321_CC_1,101,4141.191983333,4200.469153808,59.277170475
1,poi_bus_120,120,Attila,lagging_095,0.95,13,2020-01-01T13:00:00+00:00,20,branch_CA-1_sustained,branch,CA-1,bounded,continuous,182.645833333,60.032782294,805.598865614,100,0,true,true,false,constraint_violation,0.925157309,307,1.082715058,210,0.032715058,0.959885138,A10,75.165258695,321_CC_1,76.921368167,316_STEAM_1,0,321,321_CC_1,101,4141.191983333,4216.357242028,75.165258695
1,poi_bus_120,120,Attila,lagging_095,0.95,13,2020-01-01T13:00:00+00:00,21,generator_121_NUCLEAR_1_sustained,generator,121_NUCLEAR_1,bounded,continuous,182.645833333,60.032782294,805.598865614,100,0,true,true,false,constraint_violation,0.933318921,307,1.083456243,210,0.033456243,0.955477729,A10,0,101_STEAM_3,45.842341752,316_STEAM_1,0,116,116_STEAM_1,100,4141.191983333,4208.065443335,66.873460002
1,poi_bus_120,120,Attila,lagging_095,0.95,13,2020-01-01T13:00:00+00:00,22,generator_213_CC_3_sustained,generator,213_CC_3,bounded,continuous,182.645833333,60.032782294,805.598865614,-100,0.000000002,true,true,false,constraint_violation,0.93245642,307,1.082620913,210,0.032620913,0.925732451,C10,53.595154873,321_CC_1,69.322593103,316_STEAM_1,0,321,321_CC_1,101,4141.191983333,4194.787138206,53.595154873
1,poi_bus_120,120,Attila,lagging_095,0.95,13,2020-01-01T13:00:00+00:00,23,generator_313_CC_1_sustained,generator,313_CC_1,bounded,continuous,182.645833333,60.032782294,805.598865614,-100,0.000000001,true,true,false,constraint_violation,0.90216148,307,1.085103217,210,0.04783852,0.956776852,A10,0,101_STEAM_3,158.107046882,316_STEAM_1,0,321,321_CC_1,101,4141.191983333,4232.518649566,91.326666233
1,poi_bus_120,120,Attila,lagging_095,0.95,14,2020-01-01T14:00:00+00:00,0,normal,normal,,base,continuous,181.333333333,59.601384406,799.633003319,-100,0.000000001,true,true,false,constraint_violation,0.947266039,307,1.084821542,210,0.034821542,0.962652958,C10,0,101_STEAM_3,49.412080237,316_STEAM_1,0,321,321_CC_1,101,4110.564470333,4168.667250276,58.102779943
1,poi_bus_120,120,Attila,lagging_095,0.95,14,2020-01-01T14:00:00+00:00,1,branch_A11_immediate,branch,A11,fixed,short_term,181.333333333,59.601384406,799.633003319,-100,0.000000001,true,true,false,constraint_violation,0.946777132,307,1.084689372,210,0.034689372,0.842148351,C10,0,101_STEAM_3,50.672109745,316_STEAM_1,0,321,321_CC_1,101,4110.564470333,4168.687643346,58.123173013
1,poi_bus_120,120,Attila,lagging_095,0.95,14,2020-01-01T14:00:00+00:00,2,branch_A11_sustained,branch,A11,bounded,continuous,181.333333333,59.601384406,799.633003319,100,0.000000002,true,true,false,constraint_violation,0.92538774,307,1.082589178,210,0.032589178,0.954911561,A10,66.445709006,321_CC_1,52.871678486,316_STEAM_1,0,321,321_CC_1,101,4110.564470333,4177.010179339,66.445709006
1,poi_bus_120,120,Attila,lagging_095,0.95,14,2020-01-01T14:00:00+00:00,3,branch_A12-1_immediate,branch,A12-1,fixed,short_term,181.333333333,59.601384406,799.633003319,-100,0,true,true,false,constraint_violation,0.947090263,307,1.084595265,210,0.034595265,0.842258377,C10,0,101_STEAM_3,49.837792686,316_STEAM_1,0,321,321_CC_1,101,4110.564470333,4170.092573509,59.528103176
1,poi_bus_120,120,Attila,lagging_095,0.95,14,2020-01-01T14:00:00+00:00,4,branch_A12-1_sustained,branch,A12-1,bounded,continuous,181.333333333,59.601384406,799.633003319,-100,0,true,true,false,constraint_violation,0.925547515,307,1.085566055,210,0.035566055,0.958886615,A10,74.081072496,321_CC_1,73.068702025,316_STEAM_1,0,321,321_CC_1,101,4110.564470333,4184.645542829,74.081072496
1,poi_bus_120,120,Attila,lagging_095,0.95,14,2020-01-01T14:00:00+00:00,5,branch_A34_immediate,branch,A34,fixed,short_term,181.333333333,59.601384406,799.633003319,-100,0.000000001,true,true,false,constraint_violation,0.947269482,307,1.084821732,210,0.034821732,0.842322469,C10,0,101_STEAM_3,49.403406753,316_STEAM_1,0,321,321_CC_1,101,4110.564470333,4168.669577238,58.105106905
1,poi_bus_120,120,Attila,lagging_095,0.95,14,2020-01-01T14:00:00+00:00,6,branch_A34_sustained,branch,A34,bounded,continuous,181.333333333,59.601384406,799.633003319,-100,0.000000001,true,true,false,constraint_violation,0.892770128,307,1.084428071,210,0.057229872,0.95571481,A10,0,101_STEAM_3,184.643760082,316_STEAM_1,0,321,321_CC_1,101,4110.564470333,4208.679115681,98.114645348
1,poi_bus_120,120,Attila,lagging_095,0.95,14,2020-01-01T14:00:00+00:00,7,branch_B12-1_immediate,branch,B12-1,fixed,short_term,181.333333333,59.601384406,799.633003319,-100,0,true,true,false,constraint_violation,0.945757738,207,1.071937781,210,0.021937781,0.842326334,C10,0,101_STEAM_3,49.239803521,316_STEAM_1,0,321,321_CC_1,101,4110.564470333,4172.774816855,62.210346522
1,poi_bus_120,120,Attila,lagging_095,0.95,14,2020-01-01T14:00:00+00:00,8,branch_B12-1_sustained,branch,B12-1,bounded,continuous,181.333333333,59.601384406,799.633003319,100,0.000000001,true,true,false,constraint_violation,0.9290978,307,1.071344203,210,0.021344203,0.956261556,A10,0,101_STEAM_3,38.45061923,316_STEAM_1,0,321,321_CC_1,101,4110.564470333,4179.774356001,69.209885668
1,poi_bus_120,120,Attila,lagging_095,0.95,14,2020-01-01T14:00:00+00:00,9,branch_B22_immediate,branch,B22,fixed,short_term,181.333333333,59.601384406,799.633003319,-100,0.000000001,true,true,false,constraint_violation,0.947872656,307,1.079145775,210,0.029145775,0.84249019,C10,0,101_STEAM_3,47.86608101,316_STEAM_1,0,321,321_CC_1,101,4110.564470333,4173.481385207,62.916914874
1,poi_bus_120,120,Attila,lagging_095,0.95,14,2020-01-01T14:00:00+00:00,10,branch_B22_sustained,branch,B22,bounded,continuous,181.333333333,59.601384406,799.633003319,-100,0,true,true,false,constraint_violation,0.909219808,307,1.078406498,210,0.040780192,0.925047083,A10,0,101_STEAM_3,124.738559105,316_STEAM_1,0,321,321_CC_1,101,4110.564470333,4183.999058845,73.434588512
1,poi_bus_120,120,Attila,lagging_095,0.95,14,2020-01-01T14:00:00+00:00,11,branch_B6_immediate,branch,B6,fixed,short_term,181.333333333,59.601384406,799.633003319,-100,0.000000001,true,true,false,constraint_violation,0.947158017,307,1.086276886,210,0.036276886,0.842285206,C10,0,101_STEAM_3,49.685716565,316_STEAM_1,0,321,321_CC_1,101,4110.564470333,4168.609265233,58.0447949
1,poi_bus_120,120,Attila,lagging_095,0.95,14,2020-01-01T14:00:00+00:00,12,branch_B6_sustained,branch,B6,bounded,continuous,181.333333333,59.601384406,799.633003319,-100,0.000000001,true,true,false,constraint_violation,0.902284054,307,1.084661312,210,0.047715946,0.921543211,A10,0,101_STEAM_3,159.749346573,316_STEAM_1,0,321,321_CC_1,101,4110.564470333,4191.938551886,81.374081553
1,poi_bus_120,120,Attila,lagging_095,0.95,14,2020-01-01T14:00:00+00:00,13,branch_C12-1_immediate,branch,C12-1,fixed,short_term,181.333333333,59.601384406,799.633003319,-99.999999999,0,true,true,false,constraint_violation,0.801071527,307,1.084820503,210,0.148928473,0.830159042,A10,0,101_STEAM_3,71.599786781,316_STEAM_1,0,321,321_CC_1,101,4110.564470333,4177.679524786,67.115054453
1,poi_bus_120,120,Attila,lagging_095,0.95,14,2020-01-01T14:00:00+00:00,14,branch_C12-1_sustained,branch,C12-1,bounded,continuous,181.333333333,59.601384406,799.633003319,-100,0.000000001,true,true,false,constraint_violation,0.735178291,307,1.083451763,210,0.214821709,0.955583828,C13-2,66.891937029,321_CC_1,114.78101272,316_STEAM_1,0,321,321_CC_1,101,4110.564470333,4177.456407362,66.891937029
1,poi_bus_120,120,Attila,lagging_095,0.95,14,2020-01-01T14:00:00+00:00,15,branch_C27_immediate,branch,C27,fixed,short_term,181.333333333,59.601384406,799.633003319,-100,0.000000001,true,true,false,constraint_violation,0.947018666,307,1.084810366,210,0.034810366,0.841413897,C10,0,101_STEAM_3,63.704829635,316_STEAM_1,0,321,321_CC_1,101,4110.564470333,4168.839270665,58.274800332
1,poi_bus_120,120,Attila,lagging_095,0.95,14,2020-01-01T14:00:00+00:00,16,branch_C27_sustained,branch,C27,bounded,continuous,181.333333333,59.601384406,799.633003319,-100,0,true,true,false,constraint_violation,0.889624266,307,1.085221071,210,0.060375734,0.955677424,A10,0,101_STEAM_3,189.24401939,316_STEAM_1,0,321,321_CC_1,101,4110.564470333,4209.606473385,99.042003052
1,poi_bus_120,120,Attila,lagging_095,0.95,14,2020-01-01T14:00:00+00:00,17,branch_C6_immediate,branch,C6,fixed,short_term,181.333333333,59.601384406,799.633003319,-100,0,true,true,false,constraint_violation,0.943260432,307,1.084821034,210,0.034821034,0.837846549,C10,0,101_STEAM_3,50.390399884,316_STEAM_1,0,321,321_CC_1,101,4110.564470333,4168.783997313,58.21952698
1,poi_bus_120,120,Attila,lagging_095,0.95,14,2020-01-01T14:00:00+00:00,18,branch_C6_sustained,branch,C6,bounded,continuous,181.333333333,59.601384406,799.633003319,-100,0.000000002,true,true,false,constraint_violation,0.932575294,307,1.085412403,210,0.035412403,0.939588084,C10,0,101_STEAM_3,77.627407655,316_STEAM_1,0,321,321_CC_1,101,4110.564470333,4170.143414728,59.578944395
1,poi_bus_120,120,Attila,lagging_095,0.95,14,2020-01-01T14:00:00+00:00,19,branch_CA-1_immediate,branch,CA-1,fixed,short_term,181.333333333,59.601384406,799.633003319,-100,0,true,true,false,constraint_violation,0.946539471,307,1.084896176,210,0.034896176,0.835080259,C10,0,101_STEAM_3,63.696802483,316_STEAM_1,0,321,321_CC_1,101,4110.564470333,4181.309348343,70.74487801
1,poi_bus_120,120,Attila,lagging_095,0.95,14,2020-01-01T14:00:00+00:00,20,branch_CA-1_sustained,branch,CA-1,bounded,continuous,181.333333333,59.601384406,799.633003319,100,0,true,true,false,constraint_violation,0.946585946,307,1.082250195,210,0.032250195,0.956655398,C10,0,101_STEAM_3,27.865506098,316_STEAM_1,0,321,321_CC_1,101,4110.564470333,4171.840631474,61.276161141
1,poi_bus_120,120,Attila,lagging_095,0.95,14,2020-01-01T14:00:00+00:00,21,generator_121_NUCLEAR_1_sustained,generator,121_NUCLEAR_1,bounded,continuous,181.333333333,59.601384406,799.633003319,-99.999999999,0,true,true,false,constraint_violation,0.935099719,307,1.084800439,210,0.034800439,0.954894325,A10,59.730013101,321_CC_1,56.795842294,316_STEAM_1,0,321,321_CC_1,100,4110.564470333,4170.294483434,59.730013101
1,poi_bus_120,120,Attila,lagging_095,0.95,14,2020-01-01T14:00:00+00:00,22,generator_213_CC_3_sustained,generator,213_CC_3,bounded,continuous,181.333333333,59.601384406,799.633003319,100.000000001,0,true,true,false,constraint_violation,0.927542215,307,1.085160829,210,0.035160829,0.952508598,A10,0,101_STEAM_3,43.209861992,316_STEAM_1,0,321,321_CC_1,101,4110.564470333,4180.356535079,69.792064746
1,poi_bus_120,120,Attila,lagging_095,0.95,14,2020-01-01T14:00:00+00:00,23,generator_313_CC_1_sustained,generator,313_CC_1,bounded,continuous,181.333333333,59.601384406,799.633003319,-100,0,true,true,false,constraint_violation,0.888209616,307,1.083184968,210,0.061790384,0.955464163,A10,0,101_STEAM_3,196.428245929,316_STEAM_1,0,321,321_CC_1,101,4110.564470333,4212.609560436,102.045090103
1,poi_bus_120,120,Attila,lagging_095,0.95,15,2020-01-01T15:00:00+00:00,0,normal,normal,,base,continuous,185.25,60.888730484,796.28929986,-100,0,true,true,false,constraint_violation,0.909211843,307,1.083169852,210,0.040788157,0.940518483,A10,0,101_STEAM_3,129.307621279,316_STEAM_1,0,107,107_CC_1,102,4098.05087,4186.582001569,88.531131569
1,poi_bus_120,120,Attila,lagging_095,0.95,15,2020-01-01T15:00:00+00:00,1,branch_A11_immediate,branch,A11,fixed,short_term,185.25,60.888730484,796.28929986,-99.999999999,0.000000001,true,true,false,constraint_violation,0.91082712,307,1.078982253,210,0.03917288,1.260770078,AB1,0,101_STEAM_3,126.558495966,316_STEAM_1,0,107,107_CC_1,102,4098.05087,4208.401536648,110.350666648
1,poi_bus_120,120,Attila,lagging_095,0.95,15,2020-01-01T15:00:00+00:00,2,branch_A11_sustained,branch,A11,bounded,continuous,185.25,60.888730484,796.28929986,100,0,true,true,false,constraint_violation,0.874069357,307,1.078384228,210,0.075930643,1.301682298,AB1,0,101_STEAM_3,158.826267649,316_STEAM_1,0,107,107_CC_1,102,4098.05087,4203.69885897,105.64798897
1,poi_bus_120,120,Attila,lagging_095,0.95,15,2020-01-01T15:00:00+00:00,3,branch_A12-1_immediate,branch,A12-1,fixed,short_term,185.25,60.888730484,796.28929986,-99.999999999,0,true,true,false,constraint_violation,0.909356495,307,1.082931352,210,0.040643505,0.815900032,A10,0,101_STEAM_3,129.0489838,316_STEAM_1,0,107,107_CC_1,102,4098.05087,4187.509955774,89.459085774
1,poi_bus_120,120,Attila,lagging_095,0.95,15,2020-01-01T15:00:00+00:00,4,branch_A12-1_sustained,branch,A12-1,bounded,continuous,185.25,60.888730484,796.28929986,-99.999999999,0.000000001,true,true,false,constraint_violation,0.846999525,307,1.081442528,210,0.103000475,1.020422618,CA-1,0,101_STEAM_3,258.492684309,316_STEAM_1,0,107,107_CC_1,102,4098.05087,4232.025087536,133.974217536
1,poi_bus_120,120,Attila,lagging_095,0.95,15,2020-01-01T15:00:00+00:00,5,branch_A34_immediate,branch,A34,fixed,short_term,185.25,60.888730484,796.28929986,-100,0.000000001,true,true,false,constraint_violation,0.909337691,307,1.083163042,210,0.040662309,0.822859127,A10,0,101_STEAM_3,129.082475894,316_STEAM_1,0,107,107_CC_1,102,4098.05087,4187.107114239,89.056244239
1,poi_bus_120,120,Attila,lagging_095,0.95,15,2020-01-01T15:00:00+00:00,6,branch_A34_sustained,branch,A34,bounded,continuous,185.25,60.888730484,796.28929986,-99.999999999,0.000000001,true,true,false,constraint_violation,0.844688327,307,1.08178276,210,0.105311673,0.994390185,CA-1,0,101_STEAM_3,270.310806055,316_STEAM_1,0,321,321_CC_1,102,4098.05087,4226.933631635,128.882761635
1,poi_bus_120,120,Attila,lagging_095,0.95,15,2020-01-01T15:00:00+00:00,7,branch_B12-1_immediate,branch,B12-1,fixed,short_term,185.25,60.888730484,796.28929986,-99.999999999,0,true,true,false,constraint_violation,0.909121388,307,1.070396495,210,0.040878612,0.822314863,A10,0,101_STEAM_3,129.470503946,316_STEAM_1,0,107,107_CC_1,102,4098.05087,4191.180775609,93.129905609
1,poi_bus_120,120,Attila,lagging_095,0.95,15,2020-01-01T15:00:00+00:00,8,branch_B12-1_sustained,branch,B12-1,bounded,continuous,185.25,60.888730484,796.28929986,100,0,true,true,false,constraint_violation,0.890965288,307,1.069983248,110,0.059034712,0.904234823,A10,0,101_STEAM_3,118.088677271,316_STEAM_1,0,107,107_CC_1,102,4098.05087,4171.843016491,73.792146491
1,poi_bus_120,120,Attila,lagging_095,0.95,15,2020-01-01T15:00:00+00:00,9,branch_B22_immediate,branch,B22,fixed,short_term,185.25,60.888730484,796.28929986,-100,0,true,true,false,constraint_violation,0.910001523,307,1.077991905,210,0.039998477,0.823783145,A10,0,101_STEAM_3,127.924355171,316_STEAM_1,0,107,107_CC_1,102,4098.05087,4190.279318167,92.228448167
1,poi_bus_120,120,Attila,lagging_095,0.95,15,2020-01-01T15:00:00+00:00,10,branch_B22_sustained,branch,B22,bounded,continuous,185.25,60.888730484,796.28929986,-100,0.000000002,true,true,false,constraint_violation,0.876043544,307,1.076627404,210,0.073956456,0.946206008,A10,0,101_STEAM_3,179.989807611,316_STEAM_1,0,107,107_CC_1,102,4098.05087,4198.571789762,100.520919762
1,poi_bus_120,120,Attila,lagging_095,0.95,15,2020-01-01T15:00:00+00:00,11,branch_B6_immediate,branch,B6,fixed,short_term,185.25,60.888730484,796.28929986,-100,0.000000001,true,true,false,constraint_violation,0.908644631,307,1.084711036,210,0.041355369,0.820184773,A10,0,101_STEAM_3,130.343207396,316_STEAM_1,0,107,107_CC_1,102,4098.05087,4187.608102531,89.557232531
1,poi_bus_120,120,Attila,lagging_095,0.95,15,2020-01-01T15:00:00+00:00,12,branch_B6_sustained,branch,B6,bounded,continuous,185.25,60.888730484,796.28929986,-100,0,true,true,false,constraint_violation,0.838709196,307,1.082445068,210,0.111290804,1.067345585,CA-1,0,101_STEAM_3,286.960024324,316_STEAM_1,0,107,107_CC_1,102,4098.05087,4239.640897978,141.590027978
1,poi_bus_120,120,Attila,lagging_095,0.95,15,2020-01-01T15:00:00+00:00,13,branch_C12-1_immediate,branch,C12-1,fixed,short_term,185.25,60.888730484,796.28929986,-100,0.000000001,true,false,false,not_converged,,,,,,,,,,,,,107,107_CC_1,102,,,
1,poi_bus_120,120,Attila,lagging_095,0.95,15,2020-01-01T15:00:00+00:00,14,branch_C12-1_sustained,branch,C12-1,bounded,continuous,185.25,60.888730484,796.28929986,100,0,true,false,false,not_converged,,,,,,,,,,,,,107,107_CC_1,102,,,
1,poi_bus_120,120,Attila,lagging_095,0.95,15,2020-01-01T15:00:00+00:00,15,branch_C27_immediate,branch,C27,fixed,short_term,185.25,60.888730484,796.28929986,-99.999999999,0.000000001,true,true,false,constraint_violation,0.906611367,307,1.083183701,210,0.043388633,0.821970148,A10,0,101_STEAM_3,145.253341596,316_STEAM_1,0,107,107_CC_1,102,4098.05087,4189.43112678,91.38025678
1,poi_bus_120,120,Attila,lagging_095,0.95,15,2020-01-01T15:00:00+00:00,16,branch_C27_sustained,branch,C27,bounded,continuous,185.25,60.888730484,796.28929986,-100,0,true,true,false,constraint_violation,0.86827908,307,1.084420427,210,0.08172092,0.917406146,A10,0,101_STEAM_3,211.066348875,316_STEAM_1,0,107,107_CC_1,102,4098.05087,4194.553795094,96.502925094
1,poi_bus_120,120,Attila,lagging_095,0.95,15,2020-01-01T15:00:00+00:00,17,branch_C6_immediate,branch,C6,fixed,short_term,185.25,60.888730484,796.28929986,-100,0,true,true,false,constraint_violation,0.898625398,307,1.083159034,210,0.051374602,0.822721417,A10,0,101_STEAM_3,132.619179998,316_STEAM_1,0,107,107_CC_1,102,4098.05087,4188.092440198,90.041570198
1,poi_bus_120,120,Attila,lagging_095,0.95,15,2020-01-01T15:00:00+00:00,18,branch_C6_sustained,branch,C6,bounded,continuous,185.25,60.888730484,796.28929986,-99.999999999,0.000000001,true,true,false,constraint_violation,0.904981424,307,1.084493852,210,0.045018576,0.915632601,A10,0,101_STEAM_3,111.575056854,316_STEAM_1,0,107,107_CC_1,102,4098.05087,4166.744702443,68.693832443
1,poi_bus_120,120,Attila,lagging_095,0.95,15,2020-01-01T15:00:00+00:00,19,branch_CA-1_immediate,branch,CA-1,fixed,short_term,185.25,60.888730484,796.28929986,-100,0,true,true,false,constraint_violation,0.913675126,307,1.079444369,210,0.036324874,1.089115537,CB-1,35.808070446,107_CC_1,203.855476529,316_STEAM_1,0,107,107_CC_1,102,4098.05087,4274.141403902,176.090533902
1,poi_bus_120,120,Attila,lagging_095,0.95,15,2020-01-01T15:00:00+00:00,20,branch_CA-1_sustained,branch,CA-1,bounded,continuous,185.25,60.888730484,796.28929986,100,0.000000002,true,true,false,constraint_violation,0.898053741,307,1.081983772,210,0.051946259,0.913092696,A10,0,101_STEAM_3,145.525970531,316_STEAM_1,0,107,107_CC_1,102,4098.05087,4183.997155339,85.946285339
1,poi_bus_120,120,Attila,lagging_095,0.95,15,2020-01-01T15:00:00+00:00,21,generator_121_NUCLEAR_1_sustained,generator,121_NUCLEAR_1,bounded,continuous,185.25,60.888730484,796.28929986,100,0,true,true,false,constraint_violation,0.921908152,307,1.082299193,210,0.032299193,0.923572412,A10,0,101_STEAM_3,69.920768019,316_STEAM_1,0,107,107_CC_1,101,4098.05087,4162.640710059,64.589840059
1,poi_bus_120,120,Attila,lagging_095,0.95,15,2020-01-01T15:00:00+00:00,22,generator_213_CC_3_sustained,generator,213_CC_3,bounded,continuous,185.25,60.888730484,796.28929986,100,0.000000001,true,true,false,constraint_violation,0.88868928,307,1.082273168,210,0.06131072,0.912802234,A10,0,101_STEAM_3,120.005024261,316_STEAM_1,0,107,107_CC_1,102,4098.05087,4169.402548216,71.351678216
1,poi_bus_120,120,Attila,lagging_095,0.95,15,2020-01-01T15:00:00+00:00,23,generator_313_CC_1_sustained,generator,313_CC_1,bounded,continuous,185.25,60.888730484,796.28929986,-99.999999999,0.000000001,true,true,false,constraint_violation,0.866970269,307,1.084930431,210,0.083029731,0.952414135,A10,0,101_STEAM_3,203.863531036,316_STEAM_1,0,321,321_CC_1,102,4098.05087,4200.599330262,102.548460262
1,poi_bus_120,120,Attila,lagging_095,0.95,16,2020-01-01T16:00:00+00:00,0,normal,normal,,base,continuous,185.666666667,61.025682195,825.723262372,100,0.000000001,true,true,false,constraint_violation,0.9568,307,1.080128774,210,0.030128774,0.965590114,A11,0,101_CT_1,196.878628985,216_STEAM_1,0,107,107_CC_1,106,4243.099938667,4342.531669909,99.431731242
1,poi_bus_120,120,Attila,lagging_095,0.95,16,2020-01-01T16:00:00+00:00,1,branch_A11_immediate,branch,A11,fixed,short_term,185.666666667,61.025682195,825.723262372,100,0.000000001,true,true,false,constraint_violation,0.9568,307,1.072966228,210,0.022966228,1.496189192,AB1,23.029054374,107_CC_1,193.164770264,216_STEAM_1,0,107,107_CC_1,106,4243.099938667,4383.025712102,139.925773435
1,poi_bus_120,120,Attila,lagging_095,0.95,16,2020-01-01T16:00:00+00:00,2,branch_A11_sustained,branch,A11,bounded,continuous,185.666666667,61.025682195,825.723262372,-100,0.000000002,true,true,false,constraint_violation,0.9568,307,1.079860476,210,0.029860476,1.329185574,AB1,0,101_CT_1,201.397241486,216_STEAM_1,0,107,107_CC_1,106,4243.099938667,4356.984194865,113.884256198
1,poi_bus_120,120,Attila,lagging_095,0.95,16,2020-01-01T16:00:00+00:00,3,branch_A12-1_immediate,branch,A12-1,fixed,short_term,185.666666667,61.025682195,825.723262372,100,0,true,true,false,constraint_violation,0.9568,307,1.079677979,210,0.029677979,0.779125494,C10,0,101_CT_1,196.383222054,216_STEAM_1,0,107,107_CC_1,106,4243.099938667,4344.720769349,101.620830682
1,poi_bus_120,120,Attila,lagging_095,0.95,16,2020-01-01T16:00:00+00:00,4,branch_A12-1_sustained,branch,A12-1,bounded,continuous,185.666666667,61.025682195,825.723262372,-99.999999999,0.000000001,true,true,false,constraint_violation,0.9568,307,1.080218664,210,0.030218664,0.9046245,A10,0,101_CT_1,198.492850693,216_STEAM_1,0,107,107_CC_1,106,4243.099938667,4346.957383206,103.857444539
1,poi_bus_120,120,Attila,lagging_095,0.95,16,2020-01-01T16:00:00+00:00,5,branch_A34_immediate,branch,A34,fixed,short_term,185.666666667,61.025682195,825.723262372,99.999999999,0.000000001,true,true,false,constraint_violation,0.9568,307,1.080122404,210,0.030122404,0.780163328,A10,0,101_CT_1,196.912863415,216_STEAM_1,0,107,107_CC_1,106,4243.099938667,4343.080347514,99.980408847
1,poi_bus_120,120,Attila,lagging_095,0.95,16,2020-01-01T16:00:00+00:00,6,branch_A34_sustained,branch,A34,bounded,continuous,185.666666667,61.025682195,825.723262372,100,0,true,true,false,constraint_violation,0.9568,307,1.079646655,210,0.029646655,0.902239331,A10,0,101_CT_1,209.349420732,216_STEAM_1,0,107,107_CC_1,106,4243.099938667,4341.966629277,98.86669061
1,poi_bus_120,120,Attila,lagging_095,0.95,16,2020-01-01T16:00:00+00:00,7,branch_B12-1_immediate,branch,B12-1,fixed,short_term,185.666666667,61.025682195,825.723262372,100,0,true,true,false,constraint_violation,0.933103923,207,1.066465962,210,0.016896077,0.784506869,A11,0,101_CT_1,197.332033396,216_STEAM_1,0,107,107_CC_1,106,4243.099938667,4347.506997301,104.407058634
1,poi_bus_120,120,Attila,lagging_095,0.95,16,2020-01-01T16:00:00+00:00,8,branch_B12-1_sustained,branch,B12-1,bounded,continuous,185.666666667,61.025682195,825.723262372,-100,0.000000001,true,true,false,constraint_violation,0.93379886,207,1.067023972,210,0.017023972,1.0182631,CA-1,0,101_CT_1,217.465081618,316_STEAM_1,0,107,107_CC_1,106,4243.099938667,4381.583740919,138.483802252
1,poi_bus_120,120,Attila,lagging_095,0.95,16,2020-01-01T16:00:00+00:00,9,branch_B22_immediate,branch,B22,fixed,short_term,185.666666667,61.025682195,825.723262372,100,0,true,true,false,constraint_violation,0.9568,307,1.074455343,210,0.024455343,0.781223475,A10,0,101_CT_1,203.401277345,216_STEAM_1,0,107,107_CC_1,106,4243.099938667,4346.204635764,103.104697097
1,poi_bus_120,120,Attila,lagging_095,0.95,16,2020-01-01T16:00:00+00:00,10,branch_B22_sustained,branch,B22,bounded,continuous,185.666666667,61.025682195,825.723262372,-100,0.000000001,true,true,false,constraint_violation,0.9568,307,1.07476119,210,0.02476119,0.912158537,A10,0,101_CT_1,204.422618456,216_STEAM_1,0,107,107_CC_1,106,4243.099938667,4347.198791723,104.098853056
1,poi_bus_120,120,Attila,lagging_095,0.95,16,2020-01-01T16:00:00+00:00,11,branch_B6_immediate,branch,B6,fixed,short_term,185.666666667,61.025682195,825.723262372,100,0,true,true,false,constraint_violation,0.9568,307,1.082559719,210,0.032559719,0.826853796,A11,0,101_CT_1,199.82932373,216_STEAM_1,0,107,107_CC_1,106,4243.099938667,4343.607564331,100.507625664
1,poi_bus_120,120,Attila,lagging_095,0.95,16,2020-01-01T16:00:00+00:00,12,branch_B6_sustained,branch,B6,bounded,continuous,185.666666667,61.025682195,825.723262372,100,0.000000001,true,true,false,constraint_violation,0.9568,307,1.081736814,210,0.031736814,0.90041158,A10,0,101_CT_1,212.188539096,216_STEAM_1,0,107,107_CC_1,106,4243.099938667,4340.663755194,97.563816527
1,poi_bus_120,120,Attila,lagging_095,0.95,16,2020-01-01T16:00:00+00:00,13,branch_C12-1_immediate,branch,C12-1,fixed,short_term,185.666666667,61.025682195,825.723262372,100,0,true,true,false,constraint_violation,0.940758049,308,1.080040118,210,0.030040118,0.791943077,A11,0,101_CT_1,196.87384778,216_STEAM_1,0,107,107_CC_1,106,4243.099938667,4351.82348095,108.723542283
1,poi_bus_120,120,Attila,lagging_095,0.95,16,2020-01-01T16:00:00+00:00,14,branch_C12-1_sustained,branch,C12-1,bounded,continuous,185.666666667,61.025682195,825.723262372,100.000000001,0,true,true,false,constraint_violation,0.947631244,308,1.082128613,210,0.032128613,0.905505179,A10,0,101_CT_1,198.941807598,216_STEAM_1,0,107,107_CC_1,106,4243.099938667,4326.435778269,83.335839602
1,poi_bus_120,120,Attila,lagging_095,0.95,16,2020-01-01T16:00:00+00:00,15,branch_C27_immediate,branch,C27,fixed,short_term,185.666666667,61.025682195,825.723262372,100,0,true,true,false,constraint_violation,0.9568,307,1.080135787,210,0.030135787,0.791542649,A11,0,101_CT_1,196.340027805,216_STEAM_1,0,107,107_CC_1,106,4243.099938667,4346.405548283,103.305609616
1,poi_bus_120,120,Attila,lagging_095,0.95,16,2020-01-01T16:00:00+00:00,16,branch_C27_sustained,branch,C27,bounded,continuous,185.666666667,61.025682195,825.723262372,99.999999999,0.000000001,true,true,false,constraint_violation,0.9568,307,1.079741966,210,0.029741966,0.903261077,A10,0,101_CT_1,200.623723486,216_STEAM_1,0,107,107_CC_1,106,4243.099938667,4336.794337442,93.694398775
1,poi_bus_120,120,Attila,lagging_095,0.95,16,2020-01-01T16:00:00+00:00,17,branch_C6_immediate,branch,C6,fixed,short_term,185.666666667,61.025682195,825.723262372,100,0.000000001,true,true,false,constraint_violation,0.9568,307,1.080123062,210,0.030123062,0.779998426,A10,0,101_CT_1,196.810839468,216_STEAM_1,0,107,107_CC_1,106,4243.099938667,4343.680267985,100.580329318
1,poi_bus_120,120,Attila,lagging_095,0.95,16,2020-01-01T16:00:00+00:00,18,branch_C6_sustained,branch,C6,bounded,continuous,185.666666667,61.025682195,825.723262372,-100,0,true,true,false,constraint_violation,0.9568,307,1.078904718,210,0.028904718,1.108678021,CA-1,0,101_CT_1,245.653979951,316_STEAM_1,0,107,107_CC_1,106,4243.099938667,4395.457023959,152.357085292
1,poi_bus_120,120,Attila,lagging_095,0.95,16,2020-01-01T16:00:00+00:00,19,branch_CA-1_immediate,branch,CA-1,fixed,short_term,185.666666667,61.025682195,825.723262372,100.000000001,0,true,true,false,constraint_violation,0.9568,307,1.076234819,210,0.026234819,1.24061228,CB-1,78.307643673,107_CC_1,254.227803421,316_STEAM_1,0,107,107_CC_1,106,4243.099938667,4438.304301401,195.204362734
1,poi_bus_120,120,Attila,lagging_095,0.95,16,2020-01-01T16:00:00+00:00,20,branch_CA-1_sustained,branch,CA-1,bounded,continuous,185.666666667,61.025682195,825.723262372,99.999999999,0.000000001,true,true,false,constraint_violation,0.9568,307,1.07838968,210,0.02838968,1.173369424,CB-1,0,101_CT_1,213.955622705,216_STEAM_1,0,107,107_CC_1,106,4243.099938667,4371.324746414,128.224807747
1,poi_bus_120,120,Attila,lagging_095,0.95,16,2020-01-01T16:00:00+00:00,21,generator_121_NUCLEAR_1_sustained,generator,121_NUCLEAR_1,bounded,continuous,185.666666667,61.025682195,825.723262372,50.713890528,0.000000001,true,true,false,constraint_violation,0.9568,307,1.079945264,210,0.029945264,1.32654607,A11,64.723192598,107_CC_1,34.124918204,313_CC_1,0,107,107_CC_1,105,4243.099938667,4344.223192598,101.123253931
1,poi_bus_120,120,Attila,lagging_095,0.95,16,2020-01-01T16:00:00+00:00,22,generator_213_CC_3_sustained,generator,213_CC_3,bounded,continuous,185.666666667,61.025682195,825.723262372,-99.999999999,0,true,true,false,constraint_violation,0.9568,307,1.078950917,210,0.028950917,1.009770689,CA-1,0,101_CT_1,223.206700399,316_STEAM_1,0,107,107_CC_1,106,4243.099938667,4375.567721941,132.467783274
1,poi_bus_120,120,Attila,lagging_095,0.95,16,2020-01-01T16:00:00+00:00,23,generator_313_CC_1_sustained,generator,313_CC_1,bounded,continuous,185.666666667,61.025682195,825.723262372,100,0.000000001,true,true,false,constraint_violation,0.942502433,312,1.078762909,210,0.028762909,1.400358009,A11,116.894711877,107_CC_1,284.432064243,316_STEAM_1,0,107,107_CC_1,105,4243.099938667,4408.394711877,165.29477321
1,poi_bus_120,120,Attila,lagging_095,0.95,17,2020-01-01T17:00:00+00:00,0,normal,normal,,base,continuous,189.020833333,62.128143464,931.674803888,57.3134342,0,true,true,false,constraint_violation,0.9568,307,1.070998598,210,0.020998598,0.998038221,A11,35.709896261,107_CC_1,95.370222165,316_STEAM_1,0,107,107_CC_1,105,4767.078059333,4894.443229789,127.365170456
1,poi_bus_120,120,Attila,lagging_095,0.95,17,2020-01-01T17:00:00+00:00,1,branch_A11_immediate,branch,A11,fixed,short_term,189.020833333,62.128143464,931.674803888,57.313434199,0,true,true,false,constraint_violation,0.9568,307,1.0625466,210,0.0125466,1.786327533,AB1,88.404794527,107_CC_1,95.11577934,316_STEAM_1,0,107,107_CC_1,105,4767.078059333,4947.138128055,180.060068722
1,poi_bus_120,120,Attila,lagging_095,0.95,17,2020-01-01T17:00:00+00:00,2,branch_A11_sustained,branch,A11,bounded,continuous,189.020833333,62.128143464,931.674803888,-100,0.000000001,true,true,false,constraint_violation,0.9568,307,1.062183654,110,0.012183654,2.165323963,AB1,75.463652319,107_CC_1,154.857651572,316_STEAM_1,0,107,107_CC_1,105,4767.078059333,4966.396857617,199.318798284
1,poi_bus_120,120,Attila,lagging_095,0.95,17,2020-01-01T17:00:00+00:00,3,branch_A12-1_immediate,branch,A12-1,fixed,short_term,189.020833333,62.128143464,931.674803888,57.3134342,0.000000001,true,true,false,constraint_violation,0.9568,307,1.070539454,210,0.020539454,0.814852767,AB1,38.239328751,107_CC_1,95.296803182,316_STEAM_1,0,107,107_CC_1,105,4767.078059333,4896.972662279,129.894602946
1,poi_bus_120,120,Attila,lagging_095,0.95,17,2020-01-01T17:00:00+00:00,4,branch_A12-1_sustained,branch,A12-1,bounded,continuous,189.020833333,62.128143464,931.674803888,-100,0,true,true,false,constraint_violation,0.955359996,308,1.070804034,210,0.020804034,0.95046309,CA-1,0,101_STEAM_3,126.558738071,316_STEAM_1,0,107,107_CC_1,105,4767.078059333,4895.033714353,127.95565502
1,poi_bus_120,120,Attila,lagging_095,0.95,17,2020-01-01T17:00:00+00:00,5,branch_A34_immediate,branch,A34,fixed,short_term,189.020833333,62.128143464,931.674803888,57.3134342,0,true,true,false,constraint_violation,0.9568,307,1.070884563,210,0.020884563,0.82371969,A11,47.570517608,107_CC_1,95.198751306,316_STEAM_1,0,107,107_CC_1,105,4767.078059333,4906.303851136,139.225791803
1,poi_bus_120,120,Attila,lagging_095,0.95,17,2020-01-01T17:00:00+00:00,6,branch_A34_sustained,branch,A34,bounded,continuous,189.020833333,62.128143464,931.674803888,100,0.000000001,true,true,false,constraint_violation,0.955644076,308,1.071295884,210,0.021295884,0.914987633,C10,0,101_STEAM_3,98.203042951,316_STEAM_1,0,107,107_CC_1,105,4767.078059333,4892.394212616,125.316153283
1,poi_bus_120,120,Attila,lagging_095,0.95,17,2020-01-01T17:00:00+00:00,7,branch_B12-1_immediate,branch,B12-1,fixed,short_term,189.020833333,62.128143464,931.674803888,57.3134342,0,true,true,false,constraint_violation,0.869033826,207,1.058026495,110,0.080966174,0.820131143,A11,44.891860881,107_CC_1,95.411820224,316_STEAM_1,0,107,107_CC_1,105,4767.078059333,4903.625194409,136.547135076
1,poi_bus_120,120,Attila,lagging_095,0.95,17,2020-01-01T17:00:00+00:00,8,branch_B12-1_sustained,branch,B12-1,bounded,continuous,189.020833333,62.128143464,931.674803888,-100,0,true,true,false,constraint_violation,0.868806233,207,1.062725213,110,0.081193767,1.106512309,CA-1,0,101_STEAM_3,142.363587616,316_STEAM_1,0,107,107_CC_1,105,4767.078059333,4916.608981026,149.530921693
1,poi_bus_120,120,Attila,lagging_095,0.95,17,2020-01-01T17:00:00+00:00,9,branch_B22_immediate,branch,B22,fixed,short_term,189.020833333,62.128143464,931.674803888,57.3134342,0.000000001,true,true,false,constraint_violation,0.9568,307,1.062881414,210,0.012881414,0.791766264,A10,41.657280126,107_CC_1,95.15263881,316_STEAM_1,0,107,107_CC_1,105,4767.078059333,4900.390613654,133.312554321
1,poi_bus_120,120,Attila,lagging_095,0.95,17,2020-01-01T17:00:00+00:00,10,branch_B22_sustained,branch,B22,bounded,continuous,189.020833333,62.128143464,931.674803888,-100,0.000000001,true,true,false,constraint_violation,0.9568,307,1.063155688,210,0.013155688,1.110370793,CA-1,0,101_STEAM_3,142.345735991,316_STEAM_1,0,107,107_CC_1,105,4767.078059334,4917.463929363,150.385870029
1,poi_bus_120,120,Attila,lagging_095,0.95,17,2020-01-01T17:00:00+00:00,11,branch_B6_immediate,branch,B6,fixed,short_term,189.020833333,62.128143464,931.674803888,57.313434199,0.000000001,true,true,false,constraint_violation,0.9568,307,1.071757998,210,0.021757998,0.870546893,A11,37.494244327,107_CC_1,95.592750619,316_STEAM_1,0,107,107_CC_1,105,4767.078059333,4896.227577855,129.149518522
1,poi_bus_120,120,Attila,lagging_095,0.95,17,2020-01-01T17:00:00+00:00,12,branch_B6_sustained,branch,B6,bounded,continuous,189.020833333,62.128143464,931.674803888,-100,0.000000002,true,true,false,constraint_violation,0.9568,307,1.071147322,210,0.021147322,1.012152506,A11,0,101_STEAM_3,107.583992838,316_STEAM_1,0,221,221_CC_1,105,4767.078059333,4884.677808338,117.599749005
1,poi_bus_120,120,Attila,lagging_095,0.95,17,2020-01-01T17:00:00+00:00,13,branch_C12-1_immediate,branch,C12-1,fixed,short_term,189.020833333,62.128143464,931.674803888,57.3134342,0.000000001,true,true,false,constraint_violation,0.930401296,308,1.070857224,210,0.020857224,0.876712872,C13-2,50.047992182,107_CC_1,102.349869103,316_STEAM_1,0,107,107_CC_1,105,4767.078059333,4908.78132571,141.703266377
1,poi_bus_120,120,Attila,lagging_095,0.95,17,2020-01-01T17:00:00+00:00,14,branch_C12-1_sustained,branch,C12-1,bounded,continuous,189.020833333,62.128143464,931.674803888,100.000000001,0,true,true,false,constraint_violation,0.94081986,308,1.071403276,210,0.021403276,0.903809546,A10,0,101_STEAM_3,48.775235815,316_STEAM_1,0,107,107_CC_1,105,4767.078059333,4866.469785757,99.391726424
1,poi_bus_120,120,Attila,lagging_095,0.95,17,2020-01-01T17:00:00+00:00,15,branch_C27_immediate,branch,C27,fixed,short_term,189.020833333,62.128143464,931.674803888,57.3134342,0,true,true,false,constraint_violation,0.956269409,308,1.070924414,210,0.020924414,0.847399053,A11,47.955071437,107_CC_1,131.112062514,316_STEAM_1,0,107,107_CC_1,105,4767.078059333,4906.688404965,139.610345632
1,poi_bus_120,120,Attila,lagging_095,0.95,17,2020-01-01T17:00:00+00:00,16,branch_C27_sustained,branch,C27,bounded,continuous,189.020833333,62.128143464,931.674803888,-100,0,true,true,false,constraint_violation,0.9568,307,1.072715312,210,0.022715312,1.004144299,CA-1,0,101_STEAM_3,139.28577033,316_STEAM_1,0,107,107_CC_1,105,4767.078059333,4895.843999206,128.765939873
1,poi_bus_120,120,Attila,lagging_095,0.95,17,2020-01-01T17:00:00+00:00,17,branch_C6_immediate,branch,C6,fixed,short_term,189.020833333,62.128143464,931.674803888,57.3134342,0.000000001,true,true,false,constraint_violation,0.9568,307,1.070987816,210,0.020987816,0.799160085,A11,37.179056849,107_CC_1,97.631713468,316_STEAM_1,0,107,107_CC_1,105,4767.078059333,4895.912390377,128.834331044
1,poi_bus_120,120,Attila,lagging_095,0.95,17,2020-01-01T17:00:00+00:00,18,branch_C6_sustained,branch,C6,bounded,continuous,189.020833333,62.128143464,931.674803888,-99.999999999,0,true,true,false,constraint_violation,0.9568,307,1.070598481,210,0.020598481,0.955696614,CA-1,86.596653569,307_CT_1,110.775494874,316_STEAM_1,0,307,307_CT_1,105,4767.078059333,4886.674712902,119.596653569
1,poi_bus_120,120,Attila,lagging_095,0.95,17,2020-01-01T17:00:00+00:00,19,branch_CA-1_immediate,branch,CA-1,fixed,short_term,189.020833333,62.128143464,931.674803888,57.3134342,0,true,true,false,constraint_violation,0.956399966,308,1.065591377,210,0.015591377,1.323639967,AB1,177.902772681,107_CC_1,252.903496776,316_STEAM_1,0,107,107_CC_1,105,4767.078059333,5036.636106209,269.558046876
1,poi_bus_120,120,Attila,lagging_095,0.95,17,2020-01-01T17:00:00+00:00,20,branch_CA-1_sustained,branch,CA-1,bounded,continuous,189.020833333,62.128143464,931.674803888,99.999999999,0.000000001,true,true,false,constraint_violation,0.9568,307,1.069512495,210,0.019512495,1.208149871,CB-1,0,101_STEAM_3,163.128175446,316_STEAM_1,0,107,107_CC_1,105,4767.078059333,4938.639919146,171.561859813
1,poi_bus_120,120,Attila,lagging_095,0.95,17,2020-01-01T17:00:00+00:00,21,generator_121_NUCLEAR_1_sustained,generator,121_NUCLEAR_1,bounded,continuous,189.020833333,62.128143464,931.674803888,-99.999999999,0,true,true,false,constraint_violation,0.9568,307,1.069383964,210,0.019383964,1.383786917,A11,134.323406692,107_CC_1,108.293411914,316_STEAM_1,0,107,107_CC_1,104,4767.078059333,4901.401466025,134.323406692
1,poi_bus_120,120,Attila,lagging_095,0.95,17,2020-01-01T17:00:00+00:00,22,generator_213_CC_3_sustained,generator,213_CC_3,bounded,continuous,189.020833333,62.128143464,931.674803888,-100,0.000000001,true,true,false,constraint_violation,0.9568,307,1.071076457,210,0.021076457,1.091103242,CA-1,0,101_STEAM_3,137.359801093,316_STEAM_1,0,107,107_CC_1,105,4767.078059333,4905.163149628,138.085090295
1,poi_bus_120,120,Attila,lagging_095,0.95,17,2020-01-01T17:00:00+00:00,23,generator_313_CC_1_sustained,generator,313_CC_1,bounded,continuous,189.020833333,62.128143464,931.674803888,55.465638882,0.000000001,true,true,false,constraint_violation,0.913442218,304,1.069558479,210,0.036557782,1.216209166,A11,99.747558233,107_CC_1,360.111891176,316_STEAM_1,0,107,107_CC_1,104,4767.078059333,4945.147558233,178.0694989
1,poi_bus_120,120,Attila,lagging_095,0.95,18,2020-01-01T18:00:00+00:00,0,normal,normal,,base,continuous,188.833333333,62.066515194,926.859082204,-79.689411373,0,true,true,false,constraint_violation,0.9568,307,1.070307613,210,0.020307613,0.91439893,A10,4.312630787,107_CC_1,123.085067197,316_STEAM_1,0,107,107_CC_1,105,4743.227099333,4870.87306332,127.645963987
1,poi_bus_120,120,Attila,lagging_095,0.95,18,2020-01-01T18:00:00+00:00,1,branch_A11_immediate,branch,A11,fixed,short_term,188.833333333,62.066515194,926.859082204,-79.689411372,0.000000001,true,true,false,constraint_violation,0.9568,307,1.064187468,210,0.014187468,1.560787216,AB1,41.548653172,107_CC_1,123.183997745,316_STEAM_1,0,107,107_CC_1,105,4743.227099333,4908.109085705,164.881986372
1,poi_bus_120,120,Attila,lagging_095,0.95,18,2020-01-01T18:00:00+00:00,2,branch_A11_sustained,branch,A11,bounded,continuous,188.833333333,62.066515194,926.859082204,-100,0.000000001,true,true,false,constraint_violation,0.954375691,308,1.062539475,110,0.012539475,2.134623089,AB1,69.854918709,107_CC_1,164.7983062,316_STEAM_1,0,107,107_CC_1,105,4743.227099333,4937.555669709,194.328570376
1,poi_bus_120,120,Attila,lagging_095,0.95,18,2020-01-01T18:00:00+00:00,3,branch_A12-1_immediate,branch,A12-1,fixed,short_term,188.833333333,62.066515194,926.859082204,-79.689411372,0,true,true,false,constraint_violation,0.9568,307,1.069994973,210,0.019994973,0.792088541,A10,5.904265373,107_CC_1,123.06430347,316_STEAM_1,0,107,107_CC_1,105,4743.227099333,4872.464697906,129.237598573
1,poi_bus_120,120,Attila,lagging_095,0.95,18,2020-01-01T18:00:00+00:00,4,branch_A12-1_sustained,branch,A12-1,bounded,continuous,188.833333333,62.066515194,926.859082204,-100,0.000000001,true,true,false,constraint_violation,0.9568,307,1.070187631,210,0.020187631,0.92096327,A10,0,101_STEAM_3,99.279961593,316_STEAM_1,0,107,107_CC_1,105,4743.227099333,4858.277060978,115.049961645
1,poi_bus_120,120,Attila,lagging_095,0.95,18,2020-01-01T18:00:00+00:00,5,branch_A34_immediate,branch,A34,fixed,short_term,188.833333333,62.066515194,926.859082204,-79.689411373,0,true,true,false,constraint_violation,0.9568,307,1.070219663,210,0.020219663,0.798966297,A10,14.260446917,107_CC_1,123.039152541,316_STEAM_1,0,107,107_CC_1,105,4743.227099333,4880.82087945,137.593780117
1,poi_bus_120,120,Attila,lagging_095,0.95,18,2020-01-01T18:00:00+00:00,6,branch_A34_sustained,branch,A34,bounded,continuous,188.833333333,62.066515194,926.859082204,-100,0.000000001,true,true,false,constraint_violation,0.95496914,308,1.068367105,210,0.018367105,1.172167755,AB1,107.657347967,107_CC_1,170.92406577,316_STEAM_1,0,107,107_CC_1,105,4743.227099333,4918.23760398,175.010504647
1,poi_bus_120,120,Attila,lagging_095,0.95,18,2020-01-01T18:00:00+00:00,7,branch_B12-1_immediate,branch,B12-1,fixed,short_term,188.833333333,62.066515194,926.859082204,-79.689411373,0,true,true,false,constraint_violation,0.862403146,207,1.061431454,110,0.087596854,0.815143819,B13-2,13.941707151,107_CC_1,123.103780268,316_STEAM_1,0,107,107_CC_1,105,4743.227099333,4880.502139684,137.275040351
1,poi_bus_120,120,Attila,lagging_095,0.95,18,2020-01-01T18:00:00+00:00,8,branch_B12-1_sustained,branch,B12-1,bounded,continuous,188.833333333,62.066515194,926.859082204,-100,0.000000001,true,true,false,constraint_violation,0.861269457,207,1.057648143,110,0.088730543,1.288718271,AB1,141.075230839,107_CC_1,145.92476606,316_STEAM_1,0,107,107_CC_1,105,4743.227099333,4917.585356456,174.358257123
1,poi_bus_120,120,Attila,lagging_095,0.95,18,2020-01-01T18:00:00+00:00,9,branch_B22_immediate,branch,B22,fixed,short_term,188.833333333,62.066515194,926.859082204,-79.689411373,0,true,true,false,constraint_violation,0.9568,307,1.061953645,110,0.011953645,0.80094276,A10,10.767001885,107_CC_1,123.043097853,316_STEAM_1,0,107,107_CC_1,105,4743.227099333,4877.327434418,134.100335085
1,poi_bus_120,120,Attila,lagging_095,0.95,18,2020-01-01T18:00:00+00:00,10,branch_B22_sustained,branch,B22,bounded,continuous,188.833333333,62.066515194,926.859082204,-99.999999999,0.000000001,true,true,false,constraint_violation,0.955016811,308,1.064118744,110,0.014118744,0.924545824,A10,0,101_STEAM_3,135.873735565,316_STEAM_1,0,107,107_CC_1,105,4743.227099333,4879.975806784,136.748707451
1,poi_bus_120,120,Attila,lagging_095,0.95,18,2020-01-01T18:00:00+00:00,11,branch_B6_immediate,branch,B6,fixed,short_term,188.833333333,62.066515194,926.859082204,-79.689411372,0.000000001,true,true,false,constraint_violation,0.9568,307,1.070945226,210,0.020945226,0.79699937,A10,5.948788202,107_CC_1,123.195352191,316_STEAM_1,0,107,107_CC_1,105,4743.227099333,4872.509220735,129.282121402
1,poi_bus_120,120,Attila,lagging_095,0.95,18,2020-01-01T18:00:00+00:00,12,branch_B6_sustained,branch,B6,bounded,continuous,188.833333333,62.066515194,926.859082204,-100,0.000000001,true,true,false,constraint_violation,0.955824206,308,1.070247551,210,0.020247551,0.920401896,A10,0,101_STEAM_3,124.159787781,316_STEAM_1,0,107,107_CC_1,105,4743.227099333,4862.549927863,119.32282853
1,poi_bus_120,120,Attila,lagging_095,0.95,18,2020-01-01T18:00:00+00:00,13,branch_C12-1_immediate,branch,C12-1,fixed,short_term,188.833333333,62.066515194,926.859082204,-79.689411372,0.000000001,true,true,false,constraint_violation,0.931987936,308,1.070184448,210,0.020184448,0.859681799,C13-2,17.726150809,107_CC_1,129.746820287,316_STEAM_1,0,107,107_CC_1,105,4743.227099333,4884.286583342,141.059484009
1,poi_bus_120,120,Attila,lagging_095,0.95,18,2020-01-01T18:00:00+00:00,14,branch_C12-1_sustained,branch,C12-1,bounded,continuous,188.833333333,62.066515194,926.859082204,99.999999999,0,true,true,false,constraint_violation,0.942372321,308,1.07095639,210,0.02095639,0.917146423,A10,0,101_STEAM_3,40.621088605,316_STEAM_1,0,107,107_CC_1,105,4743.227099333,4846.49774634,103.270647007
1,poi_bus_120,120,Attila,lagging_095,0.95,18,2020-01-01T18:00:00+00:00,15,branch_C27_immediate,branch,C27,fixed,short_term,188.833333333,62.066515194,926.859082204,-79.689411372,0.000000001,true,true,false,constraint_violation,0.956240245,308,1.07014173,210,0.02014173,0.818642995,CA-1,26.188198243,107_CC_1,180.676079964,316_STEAM_1,0,107,107_CC_1,105,4743.227099333,4892.748630776,149.521531443
1,poi_bus_120,120,Attila,lagging_095,0.95,18,2020-01-01T18:00:00+00:00,16,branch_C27_sustained,branch,C27,bounded,continuous,188.833333333,62.066515194,926.859082204,100,0.000000001,true,true,false,constraint_violation,0.9568,307,1.070789809,210,0.020789809,0.905371206,A10,0,101_STEAM_3,92.993510221,316_STEAM_1,0,107,107_CC_1,105,4743.227099333,4852.010734726,108.783635393
1,poi_bus_120,120,Attila,lagging_095,0.95,18,2020-01-01T18:00:00+00:00,17,branch_C6_immediate,branch,C6,fixed,short_term,188.833333333,62.066515194,926.859082204,-79.689411372,0.000000001,true,true,false,constraint_violation,0.9568,307,1.070293135,210,0.020293135,0.799827911,A10,6.180879359,107_CC_1,126.13125851,316_STEAM_1,0,107,107_CC_1,105,4743.227099333,4872.741311892,129.514212559
1,poi_bus_120,120,Attila,lagging_095,0.95,18,2020-01-01T18:00:00+00:00,18,branch_C6_sustained,branch,C6,bounded,continuous,188.833333333,62.066515194,926.859082204,-100,0,true,true,false,constraint_violation,0.9568,307,1.071274329,210,0.021274329,0.924499792,A10,0,101_STEAM_3,101.28447988,316_STEAM_1,0,107,107_CC_1,105,4743.227099333,4859.417072135,116.189972802
1,poi_bus_120,120,Attila,lagging_095,0.95,18,2020-01-01T18:00:00+00:00,19,branch_CA-1_immediate,branch,CA-1,fixed,short_term,188.833333333,62.066515194,926.859082204,-79.689411372,0.000000001,true,true,false,constraint_violation,0.956709011,308,1.065021733,210,0.015021733,1.326387066,AB1,151.241848485,107_CC_1,296.364975616,316_STEAM_1,0,107,107_CC_1,105,4743.227099333,5017.802281018,274.575181685
1,poi_bus_120,120,Attila,lagging_095,0.95,18,2020-01-01T18:00:00+00:00,20,branch_CA-1_sustained,branch,CA-1,bounded,continuous,188.833333333,62.066515194,926.859082204,99.999999999,0,true,true,false,constraint_violation,0.9568,307,1.068882278,210,0.018882278,1.076487008,C27,0,101_STEAM_3,206.51965456,316_STEAM_1,0,107,107_CC_1,105,4743.227099333,4917.748884027,174.521784694
1,poi_bus_120,120,Attila,lagging_095,0.95,18,2020-01-01T18:00:00+00:00,21,generator_121_NUCLEAR_1_sustained,generator,121_NUCLEAR_1,bounded,continuous,188.833333333,62.066515194,926.859082204,-99.999999999,0.000000001,true,true,false,constraint_violation,0.9568,307,1.069840897,210,0.019840897,0.989963891,A11,13.619241386,107_CC_1,90.482601149,316_STEAM_1,0,107,107_CC_1,104,4743.227099333,4847.519241386,104.292142053
1,poi_bus_120,120,Attila,lagging_095,0.95,18,2020-01-01T18:00:00+00:00,22,generator_213_CC_3_sustained,generator,213_CC_3,bounded,continuous,188.833333333,62.066515194,926.859082204,-100,0,true,true,false,constraint_violation,0.9568,307,1.068837095,210,0.018837095,1.095888273,CA-1,71.372789018,107_CC_1,143.963421807,316_STEAM_1,0,107,107_CC_1,105,4743.227099333,4897.072789018,153.845689685
1,poi_bus_120,120,Attila,lagging_095,0.95,18,2020-01-01T18:00:00+00:00,23,generator_313_CC_1_sustained,generator,313_CC_1,bounded,continuous,188.833333333,62.066515194,926.859082204,-93.826766469,0.000000002,true,true,false,constraint_violation,0.913843469,312,1.06938501,210,0.036156531,1.145313199,CA-1,35.898013954,107_CC_1,386.090494541,316_STEAM_1,0,107,107_CC_1,104,4743.227099333,4914.798013954,171.570914621
1,poi_bus_120,120,Attila,lagging_095,0.95,19,2020-01-01T19:00:00+00:00,0,normal,normal,,base,continuous,188.895833333,62.087057951,905.491554147,-29.969999357,0,true,true,false,constraint_violation,0.955127101,308,1.07209379,210,0.02209379,0.944900353,AB1,0,101_STEAM_3,184.167987679,316_STEAM_1,0,107,107_CC_1,104,4638.293987333,4758.033545146,119.739557813
1,poi_bus_120,120,Attila,lagging_095,0.95,19,2020-01-01T19:00:00+00:00,1,branch_A11_immediate,branch,A11,fixed,short_term,188.895833333,62.087057951,905.491554147,-29.969999357,0,true,true,false,constraint_violation,0.955191549,308,1.067305192,210,0.017305192,1.504264269,AB1,28.854325804,107_CC_1,185.220314863,316_STEAM_1,0,107,107_CC_1,104,4638.293987333,4790.481646337,152.187659004
1,poi_bus_120,120,Attila,lagging_095,0.95,19,2020-01-01T19:00:00+00:00,2,branch_A11_sustained,branch,A11,bounded,continuous,188.895833333,62.087057951,905.491554147,100.000000001,0.000000001,true,true,false,constraint_violation,0.955432914,308,1.068652975,210,0.018652975,1.375553749,AB1,0,101_STEAM_4,145.908555673,316_STEAM_1,0,107,107_CC_1,104,4638.293987333,4763.621341518,125.327354185
1,poi_bus_120,120,Attila,lagging_095,0.95,19,2020-01-01T19:00:00+00:00,3,branch_A12-1_immediate,branch,A12-1,fixed,short_term,188.895833333,62.087057951,905.491554147,-29.969999357,0,true,true,false,constraint_violation,0.955132675,308,1.071884419,210,0.021884419,0.799803482,AB1,0,101_STEAM_3,184.231220161,316_STEAM_1,0,107,107_CC_1,104,4638.293987333,4759.276027037,120.982039704
1,poi_bus_120,120,Attila,lagging_095,0.95,19,2020-01-01T19:00:00+00:00,4,branch_A12-1_sustained,branch,A12-1,bounded,continuous,188.895833333,62.087057951,905.491554147,-100,0,true,true,false,constraint_violation,0.9568,307,1.072580834,210,0.022580834,1.012531539,CA-1,0,101_STEAM_3,206.904247905,316_STEAM_1,0,107,107_CC_1,104,4638.293987333,4766.084862333,127.790875
1,poi_bus_120,120,Attila,lagging_095,0.95,19,2020-01-01T19:00:00+00:00,5,branch_A34_immediate,branch,A34,fixed,short_term,188.895833333,62.087057951,905.491554147,-29.969999356,0,true,true,false,constraint_violation,0.95515286,308,1.072016696,210,0.022016696,0.800706937,A10,8.543355808,107_CC_1,184.499530256,316_STEAM_1,0,107,107_CC_1,104,4638.293987333,4770.170676341,131.876689008
1,poi_bus_120,120,Attila,lagging_095,0.95,19,2020-01-01T19:00:00+00:00,6,branch_A34_sustained,branch,A34,bounded,continuous,188.895833333,62.087057951,905.491554147,-100,0.000000001,true,true,false,constraint_violation,0.955797324,308,1.072720316,210,0.022720316,0.948144527,CA-1,0,101_STEAM_3,223.026328086,316_STEAM_1,0,107,107_CC_1,104,4638.293987333,4782.062312466,143.768325133
1,poi_bus_120,120,Attila,lagging_095,0.95,19,2020-01-01T19:00:00+00:00,7,branch_B12-1_immediate,branch,B12-1,fixed,short_term,188.895833333,62.087057951,905.491554147,-29.969999356,0.000000001,true,true,false,constraint_violation,0.871087391,207,1.061466977,110,0.078912609,0.801034713,A10,5.657362858,107_CC_1,184.115287416,316_STEAM_1,0,107,107_CC_1,104,4638.293987333,4767.284683391,128.990696058
1,poi_bus_120,120,Attila,lagging_095,0.95,19,2020-01-01T19:00:00+00:00,8,branch_B12-1_sustained,branch,B12-1,bounded,continuous,188.895833333,62.087057951,905.491554147,100,0,true,true,false,constraint_violation,0.871886922,207,1.060935851,110,0.078113078,1.001968728,B13-2,0,101_STEAM_3,126.959807263,316_STEAM_1,0,107,107_CC_1,104,4638.293987333,4753.724632665,115.430645332
1,poi_bus_120,120,Attila,lagging_095,0.95,19,2020-01-01T19:00:00+00:00,9,branch_B22_immediate,branch,B22,fixed,short_term,188.895833333,62.087057951,905.491554147,-29.969999356,0.000000001,true,true,false,constraint_violation,0.955167531,308,1.062958956,210,0.012958956,0.810383998,AB1,4.859019303,107_CC_1,184.737638458,316_STEAM_1,0,107,107_CC_1,104,4638.293987333,4766.486339836,128.192352503
1,poi_bus_120,120,Attila,lagging_095,0.95,19,2020-01-01T19:00:00+00:00,10,branch_B22_sustained,branch,B22,bounded,continuous,188.895833333,62.087057951,905.491554147,-100,0,true,true,false,constraint_violation,0.9568,307,1.064506307,210,0.014506307,0.964206803,CA-1,0,101_STEAM_3,198.976284758,316_STEAM_1,0,107,107_CC_1,104,4638.293987333,4767.369427323,129.07543999
1,poi_bus_120,120,Attila,lagging_095,0.95,19,2020-01-01T19:00:00+00:00,11,branch_B6_immediate,branch,B6,fixed,short_term,188.895833333,62.087057951,905.491554147,-29.969999357,0,true,true,false,constraint_violation,0.955103895,308,1.073041502,210,0.023041502,0.799206024,A10,0,101_STEAM_3,183.949603027,316_STEAM_1,0,107,107_CC_1,104,4638.293987333,4759.369153737,121.075166404
1,poi_bus_120,120,Attila,lagging_095,0.95,19,2020-01-01T19:00:00+00:00,12,branch_B6_sustained,branch,B6,bounded,continuous,188.895833333,62.087057951,905.491554147,-99.999999999,0.000000001,true,true,false,constraint_violation,0.952883102,308,1.072754499,210,0.022754499,0.922593934,A10,0,101_STEAM_3,202.908538324,316_STEAM_1,0,107,107_CC_1,104,4638.293987333,4750.497770821,112.203783488
1,poi_bus_120,120,Attila,lagging_095,0.95,19,2020-01-01T19:00:00+00:00,13,branch_C12-1_immediate,branch,C12-1,fixed,short_term,188.895833333,62.087057951,905.491554147,-29.969999356,0.000000001,true,true,false,constraint_violation,0.931917733,308,1.07201068,210,0.02201068,0.822671145,C13-2,8.313466119,107_CC_1,190.200401065,316_STEAM_1,0,107,107_CC_1,104,4638.293987333,4769.940786652,131.646799319
1,poi_bus_120,120,Attila,lagging_095,0.95,19,2020-01-01T19:00:00+00:00,14,branch_C12-1_sustained,branch,C12-1,bounded,continuous,188.895833333,62.087057951,905.491554147,-100,0.000000001,true,true,false,constraint_violation,0.938144726,308,1.072525783,210,0.022525783,1.017277272,CA-1,0,101_STEAM_3,251.685262927,316_STEAM_1,0,107,107_CC_1,104,4638.293987333,4782.101612161,143.807624828
1,poi_bus_120,120,Attila,lagging_095,0.95,19,2020-01-01T19:00:00+00:00,15,branch_C27_immediate,branch,C27,fixed,short_term,188.895833333,62.087057951,905.491554147,-29.969999356,0,true,true,false,constraint_violation,0.953733159,308,1.07184114,210,0.02184114,0.88758791,C29,20.863752471,107_CC_1,250.235209534,316_STEAM_1,0,107,107_CC_1,104,4638.293987333,4782.491073004,144.197085671
1,poi_bus_120,120,Attila,lagging_095,0.95,19,2020-01-01T19:00:00+00:00,16,branch_C27_sustained,branch,C27,bounded,continuous,188.895833333,62.087057951,905.491554147,-99.999999999,0.000000001,true,true,false,constraint_violation,0.950877714,308,1.072499687,210,0.022499687,1.123013692,CA-1,0,101_STEAM_3,271.804090141,316_STEAM_1,0,107,107_CC_1,104,4638.293987334,4790.600681341,152.306694007
1,poi_bus_120,120,Attila,lagging_095,0.95,19,2020-01-01T19:00:00+00:00,17,branch_C6_immediate,branch,C6,fixed,short_term,188.895833333,62.087057951,905.491554147,-29.969999356,0.000000001,true,true,false,constraint_violation,0.954595175,308,1.072076439,210,0.022076439,0.8017832,A10,0,101_STEAM_3,186.517712567,316_STEAM_1,0,107,107_CC_1,104,4638.293987333,4759.94480551,121.650818177
1,poi_bus_120,120,Attila,lagging_095,0.95,19,2020-01-01T19:00:00+00:00,18,branch_C6_sustained,branch,C6,bounded,continuous,188.895833333,62.087057951,905.491554147,-100,0,true,true,false,constraint_violation,0.956629032,308,1.072662006,210,0.022662006,1.021134714,CA-1,0,101_STEAM_3,207.587223583,316_STEAM_1,0,107,107_CC_1,104,4638.293987333,4767.01951032,128.725522987
1,poi_bus_120,120,Attila,lagging_095,0.95,19,2020-01-01T19:00:00+00:00,19,branch_CA-1_immediate,branch,CA-1,fixed,short_term,188.895833333,62.087057951,905.491554147,-29.969999356,0.000000001,true,true,false,constraint_violation,0.953775442,308,1.070066778,210,0.020066778,1.171552712,AB1,82.217277573,107_CC_1,316.869153817,316_STEAM_1,0,107,107_CC_1,104,4638.293987333,4843.844598106,205.550610773
1,poi_bus_120,120,Attila,lagging_095,0.95,19,2020-01-01T19:00:00+00:00,20,branch_CA-1_sustained,branch,CA-1,bounded,continuous,188.895833333,62.087057951,905.491554147,100,0,true,true,false,constraint_violation,0.9568,307,1.070949788,210,0.020949788,1.20195197,AB1,0.945681556,107_CC_1,242.650045353,316_STEAM_1,0,107,107_CC_1,104,4638.293987333,4824.239668889,185.945681556
1,poi_bus_120,120,Attila,lagging_095,0.95,19,2020-01-01T19:00:00+00:00,21,generator_121_NUCLEAR_1_sustained,generator,121_NUCLEAR_1,bounded,continuous,188.895833333,62.087057951,905.491554147,100.000000001,0.000000001,true,true,false,constraint_violation,0.955219708,308,1.071856155,210,0.021856155,0.912248771,A10,0,101_STEAM_3,157.965206269,316_STEAM_1,0,107,107_CC_1,103,4638.293987333,4737.20594721,98.911959877
1,poi_bus_120,120,Attila,lagging_095,0.95,19,2020-01-01T19:00:00+00:00,22,generator_213_CC_3_sustained,generator,213_CC_3,bounded,continuous,188.895833333,62.087057951,905.491554147,100,0,true,true,false,constraint_violation,0.954825241,308,1.072703427,210,0.022703427,0.917059377,A10,0,101_STEAM_3,157.204600385,316_STEAM_1,0,107,107_CC_1,104,4638.293987333,4750.145873791,111.851886458
1,poi_bus_120,120,Attila,lagging_095,0.95,19,2020-01-01T19:00:00+00:00,23,generator_313_CC_1_sustained,generator,313_CC_1,bounded,continuous,188.895833333,62.087057951,905.491554147,-99.999999999,0.000000001,true,true,false,constraint_violation,0.924681887,312,1.07242848,210,0.025318113,1.127188777,CA-1,0,101_STEAM_3,354.364518982,316_STEAM_1,0,107,107_CC_1,103,4638.293987333,4798.160705777,159.866718444
1,poi_bus_120,120,Attila,lagging_095,0.95,20,2020-01-01T20:00:00+00:00,0,normal,normal,,base,continuous,189.041666667,62.13499105,873.422843137,-35.025198361,0,true,true,false,constraint_violation,0.9568,307,1.074226264,210,0.024226264,0.979879119,C27,0,101_STEAM_3,16.761002104,101_STEAM_3,0,107,107_CC_1,102,4480.860809667,4587.856235353,106.995425686
1,poi_bus_120,120,Attila,lagging_095,0.95,20,2020-01-01T20:00:00+00:00,1,branch_A11_immediate,branch,A11,fixed,short_term,189.041666667,62.13499105,873.422843137,-35.02519836,0.000000001,true,true,false,constraint_violation,0.9568,307,1.07182187,210,0.02182187,1.094503558,AB1,0,101_STEAM_3,18.62376937,321_CC_1,0,107,107_CC_1,102,4480.860809667,4604.485302446,123.624492779
1,poi_bus_120,120,Attila,lagging_095,0.95,20,2020-01-01T20:00:00+00:00,2,branch_A11_sustained,branch,A11,bounded,continuous,189.041666667,62.13499105,873.422843137,100.000000001,0.000000001,true,true,false,constraint_violation,0.955099048,308,1.071419682,210,0.021419682,1.43141341,AB1,0,101_STEAM_3,57.065956119,321_CC_1,0,107,107_CC_1,102,4480.860809667,4614.16728102,133.306471353
1,poi_bus_120,120,Attila,lagging_095,0.95,20,2020-01-01T20:00:00+00:00,3,branch_A12-1_immediate,branch,A12-1,fixed,short_term,189.041666667,62.13499105,873.422843137,-35.02519836,0.000000001,true,true,false,constraint_violation,0.9568,307,1.074162897,210,0.024162897,0.805977221,A10,0,101_STEAM_3,16.598013795,101_STEAM_3,0,107,107_CC_1,102,4480.860809667,4588.188253685,107.327444018
1,poi_bus_120,120,Attila,lagging_095,0.95,20,2020-01-01T20:00:00+00:00,4,branch_A12-1_sustained,branch,A12-1,bounded,continuous,189.041666667,62.13499105,873.422843137,-100,0,true,true,false,constraint_violation,0.9568,307,1.074404596,210,0.024404596,0.965908424,CA-1,0,101_STEAM_3,71.218285119,321_CC_1,0,107,107_CC_1,102,4480.860809667,4603.206359736,122.345550069
1,poi_bus_120,120,Attila,lagging_095,0.95,20,2020-01-01T20:00:00+00:00,5,branch_A34_immediate,branch,A34,fixed,short_term,189.041666667,62.13499105,873.422843137,-35.025198361,0,true,true,false,constraint_violation,0.9568,307,1.074163372,210,0.024163372,0.807751068,A10,0,101_STEAM_3,17.693151701,321_CC_1,0,107,107_CC_1,102,4480.860809667,4603.843911225,122.983101558
1,poi_bus_120,120,Attila,lagging_095,0.95,20,2020-01-01T20:00:00+00:00,6,branch_A34_sustained,branch,A34,bounded,continuous,189.041666667,62.13499105,873.422843137,-100,0.000000001,true,true,false,constraint_violation,0.95359731,308,1.074262851,210,0.024262851,0.994392409,CA-1,0,101_STEAM_3,118.3163458,321_CC_1,0,107,107_CC_1,102,4480.860809667,4635.298538387,154.43772872
1,poi_bus_120,120,Attila,lagging_095,0.95,20,2020-01-01T20:00:00+00:00,7,branch_B12-1_immediate,branch,B12-1,fixed,short_term,189.041666667,62.13499105,873.422843137,-35.02519836,0,true,true,false,constraint_violation,0.883527522,207,1.063698938,110,0.066472478,0.808544828,A10,0,101_STEAM_3,16.671239553,101_STEAM_3,0,107,107_CC_1,102,4480.860809667,4595.954740256,115.093930589
1,poi_bus_120,120,Attila,lagging_095,0.95,20,2020-01-01T20:00:00+00:00,8,branch_B12-1_sustained,branch,B12-1,bounded,continuous,189.041666667,62.13499105,873.422843137,100,0,true,true,false,constraint_violation,0.884655331,207,1.061659864,110,0.065344669,0.966731732,B13-2,0,101_STEAM_3,27.750851576,321_CC_1,0,107,107_CC_1,102,4480.860809667,4602.940136145,122.079326478
1,poi_bus_120,120,Attila,lagging_095,0.95,20,2020-01-01T20:00:00+00:00,9,branch_B22_immediate,branch,B22,fixed,short_term,189.041666667,62.13499105,873.422843137,-35.02519836,0,true,true,false,constraint_violation,0.9568,307,1.06533725,210,0.01533725,0.810034848,A10,0,101_STEAM_3,18.270312371,321_CC_1,0,107,107_CC_1,102,4480.860809667,4596.582223049,115.721413382
1,poi_bus_120,120,Attila,lagging_095,0.95,20,2020-01-01T20:00:00+00:00,10,branch_B22_sustained,branch,B22,bounded,continuous,189.041666667,62.13499105,873.422843137,-100,0,true,true,false,constraint_violation,0.953739662,308,1.070163802,110,0.020163802,1.039379391,C27,0,101_STEAM_3,101.723945468,321_CC_1,0,107,107_CC_1,102,4480.860809667,4608.388699449,127.527889782
1,poi_bus_120,120,Attila,lagging_095,0.95,20,2020-01-01T20:00:00+00:00,11,branch_B6_immediate,branch,B6,fixed,short_term,189.041666667,62.13499105,873.422843137,-35.025198361,0,true,true,false,constraint_violation,0.9568,307,1.074733651,210,0.024733651,0.807464585,A10,0,101_STEAM_3,16.543564306,101_STEAM_3,0,107,107_CC_1,102,4480.860809667,4588.559728527,107.69891886
1,poi_bus_120,120,Attila,lagging_095,0.95,20,2020-01-01T20:00:00+00:00,12,branch_B6_sustained,branch,B6,bounded,continuous,189.041666667,62.13499105,873.422843137,-100,0.000000001,true,true,false,constraint_violation,0.9568,307,1.0752233,210,0.0252233,1.015325977,CA-1,0,101_STEAM_3,106.349463741,321_CC_1,0,107,107_CC_1,102,4480.860809667,4612.856020299,131.995210632
1,poi_bus_120,120,Attila,lagging_095,0.95,20,2020-01-01T20:00:00+00:00,13,branch_C12-1_immediate,branch,C12-1,fixed,short_term,189.041666667,62.13499105,873.422843137,-35.02519836,0.000000001,true,true,false,constraint_violation,0.937419952,308,1.074183545,210,0.024183545,0.808496073,A10,0,101_STEAM_3,41.08797755,307_CT_1,0,107,107_CC_1,102,4480.860809667,4597.417261936,116.556452269
1,poi_bus_120,120,Attila,lagging_095,0.95,20,2020-01-01T20:00:00+00:00,14,branch_C12-1_sustained,branch,C12-1,bounded,continuous,189.041666667,62.13499105,873.422843137,-100,0.000000001,true,true,false,constraint_violation,0.941824181,308,1.073912084,210,0.023912084,1.009933023,CA-1,0,101_STEAM_3,115.049531639,321_CC_1,0,221,221_CC_1,102,4480.860809667,4621.046035202,140.185225535
1,poi_bus_120,120,Attila,lagging_095,0.95,20,2020-01-01T20:00:00+00:00,15,branch_C27_immediate,branch,C27,fixed,short_term,189.041666667,62.13499105,873.422843137,-35.025198361,0.000000002,true,true,false,constraint_violation,0.955509541,308,1.073910432,210,0.023910432,0.992666964,C29,0,101_STEAM_3,139.748571237,321_CC_1,0,107,107_CC_1,102,4480.860809667,4616.096354705,135.235545038
1,poi_bus_120,120,Attila,lagging_095,0.95,20,2020-01-01T20:00:00+00:00,16,branch_C27_sustained,branch,C27,bounded,continuous,189.041666667,62.13499105,873.422843137,-100,0.000000001,true,true,false,constraint_violation,0.954931257,308,1.073324327,210,0.023324327,1.144731283,A11,88.159886511,107_CC_1,113.003519132,321_CC_1,0,107,107_CC_1,102,4480.860809667,4632.759886511,151.899076844
1,poi_bus_120,120,Attila,lagging_095,0.95,20,2020-01-01T20:00:00+00:00,17,branch_C6_immediate,branch,C6,fixed,short_term,189.041666667,62.13499105,873.422843137,-35.025198361,0.000000001,true,true,false,constraint_violation,0.9568,307,1.074195695,210,0.024195695,0.808887966,A10,0,101_STEAM_3,16.950334913,321_CC_1,0,107,107_CC_1,102,4480.860809667,4591.489957283,110.629147616
1,poi_bus_120,120,Attila,lagging_095,0.95,20,2020-01-01T20:00:00+00:00,18,branch_C6_sustained,branch,C6,bounded,continuous,189.041666667,62.13499105,873.422843137,-100,0.000000001,true,true,false,constraint_violation,0.9568,307,1.074588674,210,0.024588674,0.936831366,CA-1,0,101_STEAM_3,56.924388801,321_CC_1,0,107,107_CC_1,102,4480.860809667,4598.352991265,117.492181598
1,poi_bus_120,120,Attila,lagging_095,0.95,20,2020-01-01T20:00:00+00:00,19,branch_CA-1_immediate,branch,CA-1,fixed,short_term,189.041666667,62.13499105,873.422843137,-35.02519836,0.000000001,true,true,false,constraint_violation,0.955998907,308,1.073793499,210,0.023793499,1.052133453,C27,0,101_STEAM_3,154.993072778,321_CC_1,0,107,107_CC_1,102,4480.860809667,4641.959634056,161.098824389
1,poi_bus_120,120,Attila,lagging_095,0.95,20,2020-01-01T20:00:00+00:00,20,branch_CA-1_sustained,branch,CA-1,bounded,continuous,189.041666667,62.13499105,873.422843137,100,0.000000001,true,true,false,constraint_violation,0.9568,307,1.073501401,210,0.023501401,1.013564911,C27,0,101_STEAM_3,21.896249761,321_CC_1,0,107,107_CC_1,102,4480.860809667,4577.389007441,96.528197774
1,poi_bus_120,120,Attila,lagging_095,0.95,20,2020-01-01T20:00:00+00:00,21,generator_121_NUCLEAR_1_sustained,generator,121_NUCLEAR_1,bounded,continuous,189.041666667,62.13499105,873.422843137,99.999999999,0,true,true,false,constraint_violation,0.955367013,308,1.07406023,210,0.02406023,1.029351988,C27,0,101_STEAM_3,47.427388366,321_CC_1,0,107,107_CC_1,101,4480.860809667,4583.012005225,102.151195558
1,poi_bus_120,120,Attila,lagging_095,0.95,20,2020-01-01T20:00:00+00:00,22,generator_213_CC_3_sustained,generator,213_CC_3,bounded,continuous,189.041666667,62.13499105,873.422843137,100,0.000000002,true,true,false,constraint_violation,0.9568,307,1.07454317,210,0.02454317,0.918011674,A10,0,101_STEAM_3,16.010058407,101_STEAM_3,0,107,107_CC_1,102,4480.860809667,4587.568849754,106.708040087
1,poi_bus_120,120,Attila,lagging_095,0.95,20,2020-01-01T20:00:00+00:00,23,generator_313_CC_1_sustained,generator,313_CC_1,bounded,continuous,189.041666667,62.13499105,873.422843137,13.008319796,0,true,true,false,constraint_violation,0.944630122,325,1.072046265,210,0.022046265,1.397387144,A11,179.566591601,107_CC_1,90.465253489,321_CC_1,0,107,107_CC_1,101,4480.860809667,4660.427401268,179.566591601
1,poi_bus_120,120,Attila,lagging_095,0.95,21,2020-01-01T21:00:00+00:00,0,normal,normal,,base,continuous,188.895833333,62.087057951,817.335364035,-100,0.000000001,true,true,false,constraint_violation,0.895090246,307,1.078226064,210,0.054909754,0.92800764,A10,0,101_STEAM_3,17.854103261,101_STEAM_3,0,107,107_CC_1,99,4205.112708333,4307.691872872,102.579164539
1,poi_bus_120,120,Attila,lagging_095,0.95,21,2020-01-01T21:00:00+00:00,1,branch_A11_immediate,branch,A11,fixed,short_term,188.895833333,62.087057951,817.335364035,-100,0,true,true,false,constraint_violation,0.894964276,307,1.075590215,210,0.055035724,1.102574822,AB1,0,101_STEAM_3,18.093335902,101_STEAM_3,0,107,107_CC_1,99,4205.112708333,4324.690402169,119.577693836
1,poi_bus_120,120,Attila,lagging_095,0.95,21,2020-01-01T21:00:00+00:00,2,branch_A11_sustained,branch,A11,bounded,continuous,188.895833333,62.087057951,817.335364035,-100.000000001,0,true,true,false,constraint_violation,0.893527603,307,1.072609606,210,0.056472397,1.796513588,AB1,7.415071388,107_CC_1,18.028781036,101_STEAM_3,0,107,107_CC_1,99,4205.112708333,4343.511203756,138.398495423
1,poi_bus_120,120,Attila,lagging_095,0.95,21,2020-01-01T21:00:00+00:00,3,branch_A12-1_immediate,branch,A12-1,fixed,short_term,188.895833333,62.087057951,817.335364035,-100.000000001,0,true,true,false,constraint_violation,0.895083772,307,1.078123341,210,0.054916228,0.80760714,A10,0,101_STEAM_3,17.693466216,101_STEAM_3,0,107,107_CC_1,99,4205.112708333,4308.202882389,103.090174056
1,poi_bus_120,120,Attila,lagging_095,0.95,21,2020-01-01T21:00:00+00:00,4,branch_A12-1_sustained,branch,A12-1,bounded,continuous,188.895833333,62.087057951,817.335364035,-100,0,true,true,false,constraint_violation,0.899637384,307,1.0788693,210,0.050362616,0.928811339,A10,0,101_STEAM_3,18.025310257,101_STEAM_3,0,107,107_CC_1,99,4205.112708333,4310.127116216,105.014407883
1,poi_bus_120,120,Attila,lagging_095,0.95,21,2020-01-01T21:00:00+00:00,5,branch_A34_immediate,branch,A34,fixed,short_term,188.895833333,62.087057951,817.335364035,-100.000000001,0,true,true,false,constraint_violation,0.895029478,307,1.078154749,210,0.054970522,0.810392745,A10,0,101_STEAM_3,17.451174021,101_STEAM_3,0,107,107_CC_1,99,4205.112708333,4321.512798316,116.400089983
1,poi_bus_120,120,Attila,lagging_095,0.95,21,2020-01-01T21:00:00+00:00,6,branch_A34_sustained,branch,A34,bounded,continuous,188.895833333,62.087057951,817.335364035,-100.000000001,0,true,true,false,constraint_violation,0.896560194,307,1.078443175,210,0.053439806,0.910922593,A10,0,101_STEAM_3,11.728642995,101_STEAM_3,0,107,107_CC_1,99,4205.112708333,4315.782247702,110.669539369
1,poi_bus_120,120,Attila,lagging_095,0.95,21,2020-01-01T21:00:00+00:00,7,branch_B12-1_immediate,branch,B12-1,fixed,short_term,188.895833333,62.087057951,817.335364035,-100.000000001,0,true,true,false,constraint_violation,0.895097587,307,1.065793096,110,0.054902413,0.811323673,A10,0,101_STEAM_3,17.767291569,101_STEAM_3,0,107,107_CC_1,99,4205.112708333,4314.297231408,109.184523075
1,poi_bus_120,120,Attila,lagging_095,0.95,21,2020-01-01T21:00:00+00:00,8,branch_B12-1_sustained,branch,B12-1,bounded,continuous,188.895833333,62.087057951,817.335364035,-100,0,true,true,false,constraint_violation,0.896340589,307,1.065516955,110,0.053659411,1.01940491,C27,0,101_STEAM_3,16.676645537,101_STEAM_3,0,107,107_CC_1,99,4205.112708333,4299.137921813,94.02521348
1,poi_bus_120,120,Attila,lagging_095,0.95,21,2020-01-01T21:00:00+00:00,9,branch_B22_immediate,branch,B22,fixed,short_term,188.895833333,62.087057951,817.335364035,-100,0,true,true,false,constraint_violation,0.894999825,307,1.070614906,210,0.055000175,0.812807021,A10,0,101_STEAM_3,17.949384885,101_STEAM_3,0,107,107_CC_1,99,4205.112708333,4314.830355266,109.717646933
1,poi_bus_120,120,Attila,lagging_095,0.95,21,2020-01-01T21:00:00+00:00,10,branch_B22_sustained,branch,B22,bounded,continuous,188.895833333,62.087057951,817.335364035,100,0.000000001,true,true,false,constraint_violation,0.895710571,307,1.068755463,210,0.054289429,0.920406607,A10,0,101_STEAM_3,16.807187823,101_STEAM_3,0,107,107_CC_1,99,4205.112708333,4320.377354217,115.264645884
1,poi_bus_120,120,Attila,lagging_095,0.95,21,2020-01-01T21:00:00+00:00,11,branch_B6_immediate,branch,B6,fixed,short_term,188.895833333,62.087057951,817.335364035,-100,0.000000001,true,true,false,constraint_violation,0.895121087,307,1.079075973,210,0.054878913,0.810009823,A10,0,101_STEAM_3,17.600374365,101_STEAM_3,0,107,107_CC_1,99,4205.112708333,4308.432146172,103.319437839
1,poi_bus_120,120,Attila,lagging_095,0.95,21,2020-01-01T21:00:00+00:00,12,branch_B6_sustained,branch,B6,bounded,continuous,188.895833333,62.087057951,817.335364035,-100,0,true,true,false,constraint_violation,0.886088386,307,1.078530072,210,0.063911614,1.459103457,A11,161.510377361,107_CC_1,46.523040819,121_NUCLEAR_1,0,107,107_CC_1,99,4205.112708333,4377.910377361,172.797669028
1,poi_bus_120,120,Attila,lagging_095,0.95,21,2020-01-01T21:00:00+00:00,13,branch_C12-1_immediate,branch,C12-1,fixed,short_term,188.895833333,62.087057951,817.335364035,-100,0.000000001,true,false,false,not_converged,,,,,,,,,,,,,107,107_CC_1,99,,,
1,poi_bus_120,120,Attila,lagging_095,0.95,21,2020-01-01T21:00:00+00:00,14,branch_C12-1_sustained,branch,C12-1,bounded,continuous,188.895833333,62.087057951,817.335364035,-100,0,true,false,false,not_converged,,,,,,,,,,,,,107,107_CC_1,99,,,
1,poi_bus_120,120,Attila,lagging_095,0.95,21,2020-01-01T21:00:00+00:00,15,branch_C27_immediate,branch,C27,fixed,short_term,188.895833333,62.087057951,817.335364035,-100,0.000000001,true,true,false,constraint_violation,0.87807412,307,1.077943472,210,0.07192588,0.994649599,C29,0,101_STEAM_3,17.248957281,101_STEAM_3,0,107,107_CC_1,99,4205.112708333,4337.998022854,132.885314521
1,poi_bus_120,120,Attila,lagging_095,0.95,21,2020-01-01T21:00:00+00:00,16,branch_C27_sustained,branch,C27,bounded,continuous,188.895833333,62.087057951,817.335364035,99.999999999,0,true,true,false,constraint_violation,0.895017482,307,1.078256242,210,0.054982518,0.917792286,A10,0,101_STEAM_3,16.746075914,101_STEAM_3,0,107,107_CC_1,99,4205.112708333,4307.367961748,102.255253415
1,poi_bus_120,120,Attila,lagging_095,0.95,21,2020-01-01T21:00:00+00:00,17,branch_C6_immediate,branch,C6,fixed,short_term,188.895833333,62.087057951,817.335364035,-100,0.000000001,true,true,false,constraint_violation,0.884146654,307,1.078163204,210,0.065853346,0.810989169,A10,0,101_STEAM_3,17.728738136,101_STEAM_3,0,107,107_CC_1,99,4205.112708333,4316.563273645,111.450565312
1,poi_bus_120,120,Attila,lagging_095,0.95,21,2020-01-01T21:00:00+00:00,18,branch_C6_sustained,branch,C6,bounded,continuous,188.895833333,62.087057951,817.335364035,-100.000000001,0,true,true,false,constraint_violation,0.890859314,307,1.078081508,210,0.059140686,1.027497773,C27,0,101_STEAM_3,17.484010949,101_STEAM_3,0,107,107_CC_1,99,4205.112708334,4306.695719162,101.583010828
1,poi_bus_120,120,Attila,lagging_095,0.95,21,2020-01-01T21:00:00+00:00,19,branch_CA-1_immediate,branch,CA-1,fixed,short_term,188.895833333,62.087057951,817.335364035,-100,0,true,true,false,constraint_violation,0.874237918,307,1.077158919,210,0.075762082,1.00129556,C27,0,101_STEAM_3,21.23672407,322_HYDRO_1,0,107,107_CC_1,99,4205.112708333,4371.553350035,166.440641702
1,poi_bus_120,120,Attila,lagging_095,0.95,21,2020-01-01T21:00:00+00:00,20,branch_CA-1_sustained,branch,CA-1,bounded,continuous,188.895833333,62.087057951,817.335364035,90.003520666,0.000000002,true,true,false,constraint_violation,0.880374222,307,1.07648967,210,0.069625778,1.252993984,CB-1,0,101_STEAM_3,26.016925152,322_HYDRO_1,0,107,107_CC_1,99,4205.112708333,4381.464640667,176.351932334
1,poi_bus_120,120,Attila,lagging_095,0.95,21,2020-01-01T21:00:00+00:00,21,generator_121_NUCLEAR_1_sustained,generator,121_NUCLEAR_1,bounded,continuous,188.895833333,62.087057951,817.335364035,-100,0.000000001,true,true,false,constraint_violation,0.894250738,307,1.076606548,210,0.055749262,1.296522521,A11,117.24582327,107_CC_1,12.984897433,102_STEAM_3,0,107,107_CC_1,98,4205.112708333,4322.358531603,117.24582327
1,poi_bus_120,120,Attila,lagging_095,0.95,21,2020-01-01T21:00:00+00:00,22,generator_213_CC_3_sustained,generator,213_CC_3,bounded,continuous,188.895833333,62.087057951,817.335364035,100,0,true,true,false,constraint_violation,0.901233641,307,1.07754399,210,0.048766359,0.920560299,A10,0,101_STEAM_3,16.705630346,101_STEAM_3,0,107,107_CC_1,99,4205.112708333,4301.528875476,96.416167143
1,poi_bus_120,120,Attila,lagging_095,0.95,21,2020-01-01T21:00:00+00:00,23,generator_313_CC_1_sustained,generator,313_CC_1,bounded,continuous,188.895833333,62.087057951,817.335364035,2.291375361,0,true,true,false,constraint_violation,0.785068647,307,1.076794875,210,0.164931353,1.052623588,C27,0,101_STEAM_3,204.690772871,216_STEAM_1,0,107,107_CC_1,98,4205.112708333,4340.745775648,135.633067315
1,poi_bus_120,120,Attila,lagging_095,0.95,22,2020-01-01T22:00:00+00:00,0,normal,normal,,base,continuous,186.645833333,61.347518714,754.430540512,-100,0.000000001,true,true,false,constraint_violation,0.927156329,307,1.082113319,210,0.032113319,0.933424588,A10,0,101_STEAM_3,19.047915095,101_STEAM_3,0,107,107_CC_1,98,3893.761420333,3997.683638118,103.922217785
1,poi_bus_120,120,Attila,lagging_095,0.95,22,2020-01-01T22:00:00+00:00,1,branch_A11_immediate,branch,A11,fixed,short_term,186.645833333,61.347518714,754.430540512,-100.000000001,0.000000001,true,true,false,constraint_violation,0.927124741,307,1.079317562,210,0.029317562,1.117185968,AB1,0,101_STEAM_3,19.59379952,101_STEAM_3,0,107,107_CC_1,98,3893.761420333,4014.770323944,121.008903611
1,poi_bus_120,120,Attila,lagging_095,0.95,22,2020-01-01T22:00:00+00:00,2,branch_A11_sustained,branch,A11,bounded,continuous,186.645833333,61.347518714,754.430540512,-100,0.000000001,true,true,false,constraint_violation,0.927327339,307,1.077213805,210,0.027213805,1.621062402,AB1,0,101_STEAM_3,19.222471856,101_STEAM_3,0,107,107_CC_1,98,3893.761420333,4002.16367317,108.402252837
1,poi_bus_120,120,Attila,lagging_095,0.95,22,2020-01-01T22:00:00+00:00,3,branch_A12-1_immediate,branch,A12-1,fixed,short_term,186.645833333,61.347518714,754.430540512,-100,0.000000001,true,true,false,constraint_violation,0.927155616,307,1.081985881,210,0.031985881,0.811544417,A10,0,101_STEAM_3,18.873569935,101_STEAM_3,0,107,107_CC_1,98,3893.761420333,3998.298771893,104.53735156
1,poi_bus_120,120,Attila,lagging_095,0.95,22,2020-01-01T22:00:00+00:00,4,branch_A12-1_sustained,branch,A12-1,bounded,continuous,186.645833333,61.347518714,754.430540512,-100,0.000000001,true,true,false,constraint_violation,0.916217814,307,1.081773684,210,0.033782186,0.944392495,C27,0,101_STEAM_3,19.017327752,101_STEAM_3,0,107,107_CC_1,98,3893.761420333,4003.917398931,110.155978598
1,poi_bus_120,120,Attila,lagging_095,0.95,22,2020-01-01T22:00:00+00:00,5,branch_A34_immediate,branch,A34,fixed,short_term,186.645833333,61.347518714,754.430540512,-100,0.000000001,true,true,false,constraint_violation,0.927132159,307,1.081914889,210,0.031914889,0.952663912,A30,0,101_STEAM_3,28.196859117,121_NUCLEAR_1,0,107,107_CC_1,98,3893.761420333,4028.961309669,135.199889336
1,poi_bus_120,120,Attila,lagging_095,0.95,22,2020-01-01T22:00:00+00:00,6,branch_A34_sustained,branch,A34,bounded,continuous,186.645833333,61.347518714,754.430540512,100,0.000000002,true,true,false,constraint_violation,0.918558809,307,1.082020533,210,0.032020533,1.009610184,A30,0,101_STEAM_3,17.37534345,101_STEAM_3,0,107,107_CC_1,98,3893.761420333,4012.250365517,118.488945184
1,poi_bus_120,120,Attila,lagging_095,0.95,22,2020-01-01T22:00:00+00:00,7,branch_B12-1_immediate,branch,B12-1,fixed,short_term,186.645833333,61.347518714,754.430540512,-100,0.000000002,true,true,false,constraint_violation,0.927156753,307,1.067633987,210,0.022843247,0.816103378,A10,0,101_STEAM_3,18.972414863,101_STEAM_3,0,107,107_CC_1,98,3893.761420333,4002.924807392,109.163387059
1,poi_bus_120,120,Attila,lagging_095,0.95,22,2020-01-01T22:00:00+00:00,8,branch_B12-1_sustained,branch,B12-1,bounded,continuous,186.645833333,61.347518714,754.430540512,-99.999999999,0,true,true,false,constraint_violation,0.909664373,307,1.067633392,210,0.040335627,0.93006848,CA-1,0,101_STEAM_3,34.588612053,121_NUCLEAR_1,0,107,107_CC_1,98,3893.761420333,4025.194161682,131.432741349
1,poi_bus_120,120,Attila,lagging_095,0.95,22,2020-01-01T22:00:00+00:00,9,branch_B22_immediate,branch,B22,fixed,short_term,186.645833333,61.347518714,754.430540512,-99.999999999,0,true,true,false,constraint_violation,0.927138252,307,1.075461728,210,0.025461728,0.81758522,A10,0,101_STEAM_3,19.118183198,101_STEAM_3,0,107,107_CC_1,98,3893.761420333,4004.212917346,110.451497013
1,poi_bus_120,120,Attila,lagging_095,0.95,22,2020-01-01T22:00:00+00:00,10,branch_B22_sustained,branch,B22,bounded,continuous,186.645833333,61.347518714,754.430540512,-100,0.000000001,true,true,false,constraint_violation,0.903995462,307,1.076004038,210,0.046004538,0.96832142,C27,0,101_STEAM_3,50.051618458,121_NUCLEAR_1,0,107,107_CC_1,98,3893.761420333,4037.099431801,143.338011468
1,poi_bus_120,120,Attila,lagging_095,0.95,22,2020-01-01T22:00:00+00:00,11,branch_B6_immediate,branch,B6,fixed,short_term,186.645833333,61.347518714,754.430540512,-100,0.000000001,true,true,false,constraint_violation,0.927156589,307,1.083320717,210,0.033320717,0.814700029,A10,0,101_STEAM_3,18.811479282,101_STEAM_3,0,107,107_CC_1,98,3893.761420333,3998.210788551,104.449368218
1,poi_bus_120,120,Attila,lagging_095,0.95,22,2020-01-01T22:00:00+00:00,12,branch_B6_sustained,branch,B6,bounded,continuous,186.645833333,61.347518714,754.430540512,-100,0.000000001,true,true,false,constraint_violation,0.915711805,307,1.082671944,210,0.034288195,1.355266048,A11,78.656426676,107_CC_1,14.511772248,101_STEAM_3,0,107,107_CC_1,98,3893.761420334,3997.568874945,103.807454611
1,poi_bus_120,120,Attila,lagging_095,0.95,22,2020-01-01T22:00:00+00:00,13,branch_C12-1_immediate,branch,C12-1,fixed,short_term,186.645833333,61.347518714,754.430540512,-100.000000001,0.000000001,true,true,false,constraint_violation,0.744168298,307,1.082009943,210,0.205831702,0.900892484,C13-2,0,101_STEAM_3,18.870023143,101_STEAM_3,0,107,107_CC_1,98,3893.761420333,4014.127932445,120.366512112
1,poi_bus_120,120,Attila,lagging_095,0.95,22,2020-01-01T22:00:00+00:00,14,branch_C12-1_sustained,branch,C12-1,bounded,continuous,186.645833333,61.347518714,754.430540512,-100,0.000000001,true,true,false,constraint_violation,0.698528376,307,1.081811444,210,0.251471624,1.173854706,C13-2,0,101_STEAM_3,45.83742716,121_NUCLEAR_1,0,107,107_CC_1,98,3893.761420333,4041.691449809,147.930029476
1,poi_bus_120,120,Attila,lagging_095,0.95,22,2020-01-01T22:00:00+00:00,15,branch_C27_immediate,branch,C27,fixed,short_term,186.645833333,61.347518714,754.430540512,-100,0,true,true,false,constraint_violation,0.913919266,307,1.081867715,210,0.036080734,0.995484293,C29,0,101_STEAM_3,18.687074446,101_STEAM_3,0,107,107_CC_1,98,3893.761420333,4022.548805853,128.78738552
1,poi_bus_120,120,Attila,lagging_095,0.95,22,2020-01-01T22:00:00+00:00,16,branch_C27_sustained,branch,C27,bounded,continuous,186.645833333,61.347518714,754.430540512,-100,0,true,true,false,constraint_violation,0.910821134,307,1.079288733,210,0.039178866,1.439187921,A11,175.323665167,107_CC_1,95.483348016,121_NUCLEAR_1,0,107,107_CC_1,98,3893.761420334,4069.085085501,175.323665167
1,poi_bus_120,120,Attila,lagging_095,0.95,22,2020-01-01T22:00:00+00:00,17,branch_C6_immediate,branch,C6,fixed,short_term,186.645833333,61.347518714,754.430540512,-100,0,true,true,false,constraint_violation,0.920370608,307,1.08207339,210,0.03207339,0.816090113,A10,0,101_STEAM_3,18.990628226,101_STEAM_3,0,107,107_CC_1,98,3893.761420333,4002.706830363,108.94541003
1,poi_bus_120,120,Attila,lagging_095,0.95,22,2020-01-01T22:00:00+00:00,18,branch_C6_sustained,branch,C6,bounded,continuous,186.645833333,61.347518714,754.430540512,-100,0.000000001,true,true,false,constraint_violation,0.917330548,307,1.08202669,210,0.032669452,0.928779948,A10,0,101_STEAM_3,21.181390572,121_NUCLEAR_1,0,107,107_CC_1,98,3893.761420333,4015.264049975,121.502629642
1,poi_bus_120,120,Attila,lagging_095,0.95,22,2020-01-01T22:00:00+00:00,19,branch_CA-1_immediate,branch,CA-1,fixed,short_term,186.645833333,61.347518714,754.430540512,-100,0,true,true,false,constraint_violation,0.912996781,307,1.08122871,210,0.037003219,0.944349379,C27,0,101_STEAM_3,42.311252721,123_STEAM_2,0,107,107_CC_1,98,3893.761420333,4049.393935234,155.632514901
1,poi_bus_120,120,Attila,lagging_095,0.95,22,2020-01-01T22:00:00+00:00,20,branch_CA-1_sustained,branch,CA-1,bounded,continuous,186.645833333,61.347518714,754.430540512,97.460376667,0,true,true,false,constraint_violation,0.914968919,307,1.080364113,210,0.035031081,1.217032431,CB-1,0,101_STEAM_3,40.080024522,123_STEAM_2,0,107,107_CC_1,98,3893.761420333,4068.550318858,174.788898525
1,poi_bus_120,120,Attila,lagging_095,0.95,22,2020-01-01T22:00:00+00:00,21,generator_121_NUCLEAR_1_sustained,generator,121_NUCLEAR_1,bounded,continuous,186.645833333,61.347518714,754.430540512,-100,0.000000001,true,true,false,constraint_violation,0.927739266,307,1.08193699,210,0.03193699,1.012844511,C27,0,101_STEAM_3,16.919238484,102_STEAM_3,0,107,107_CC_1,97,3893.761420333,3975.623336485,81.861916152
1,poi_bus_120,120,Attila,lagging_095,0.95,22,2020-01-01T22:00:00+00:00,22,generator_213_CC_3_sustained,generator,213_CC_3,bounded,continuous,186.645833333,61.347518714,754.430540512,-100,0.000000001,true,true,false,constraint_violation,0.908055083,307,1.078959179,210,0.041944917,1.369987394,AB1,154.833128707,107_CC_1,32.030596135,121_NUCLEAR_1,0,107,107_CC_1,98,3893.761420333,4048.59454904,154.833128707
1,poi_bus_120,120,Attila,lagging_095,0.95,22,2020-01-01T22:00:00+00:00,23,generator_313_CC_1_sustained,generator,313_CC_1,bounded,continuous,186.645833333,61.347518714,754.430540512,100,0.000000001,true,true,false,constraint_violation,0.879280685,307,1.081611078,210,0.070719315,0.948654224,C27,0,101_STEAM_3,17.594381103,101_STEAM_3,0,107,107_CC_1,97,3893.761420333,4015.980592388,122.219172055
1,poi_bus_120,120,Attila,lagging_095,0.95,23,2020-01-01T23:00:00+00:00,0,normal,normal,,base,continuous,183,60.149191248,702.837257408,-100,0,true,true,false,constraint_violation,0.954468136,307,1.086095758,210,0.036095758,0.94025628,A10,0,101_STEAM_3,19.938130058,101_STEAM_3,0,221,221_CC_1,97,3636.5968683,3728.341778382,91.744910082
1,poi_bus_120,120,Attila,lagging_095,0.95,23,2020-01-01T23:00:00+00:00,1,branch_A11_immediate,branch,A11,fixed,short_term,183,60.149191248,702.837257408,-100,0.000000001,true,true,false,constraint_violation,0.954446299,307,1.08570969,210,0.03570969,0.825249543,A10,0,101_STEAM_3,20.359835569,101_STEAM_3,0,221,221_CC_1,97,3636.5968683,3728.307399638,91.710531338
1,poi_bus_120,120,Attila,lagging_095,0.95,23,2020-01-01T23:00:00+00:00,2,branch_A11_sustained,branch,A11,bounded,continuous,183,60.149191248,702.837257408,-99.999999999,0,true,true,false,constraint_violation,0.942080884,307,1.08613396,210,0.03613396,0.964483948,C27,105.759243825,221_CC_1,20.55425439,101_STEAM_3,0,221,221_CC_1,97,3636.5968683,3742.356112125,105.759243825
1,poi_bus_120,120,Attila,lagging_095,0.95,23,2020-01-01T23:00:00+00:00,3,branch_A12-1_immediate,branch,A12-1,fixed,short_term,183,60.149191248,702.837257408,-100.000000001,0.000000001,true,true,false,constraint_violation,0.954459227,307,1.085842117,210,0.035842117,0.822577155,A10,0,101_STEAM_3,18.988281344,101_STEAM_3,0,221,221_CC_1,97,3636.5968683,3729.359714388,92.762846088
1,poi_bus_120,120,Attila,lagging_095,0.95,23,2020-01-01T23:00:00+00:00,4,branch_A12-1_sustained,branch,A12-1,bounded,continuous,183,60.149191248,702.837257408,-100,0.000000001,true,true,false,constraint_violation,0.951401956,307,1.086155465,210,0.036155465,0.938104582,A10,102.438704861,221_CC_1,19.26449624,101_STEAM_3,0,221,221_CC_1,97,3636.5968683,3739.035573161,102.438704861
1,poi_bus_120,120,Attila,lagging_095,0.95,23,2020-01-01T23:00:00+00:00,5,branch_A34_immediate,branch,A34,fixed,short_term,183,60.149191248,702.837257408,-100,0.000000002,true,true,false,constraint_violation,0.954483031,307,1.086178071,210,0.036178071,0.965107109,A30,0,101_STEAM_3,26.23652672,121_NUCLEAR_1,0,221,221_CC_1,97,3636.5968683,3758.202803833,121.605935533
1,poi_bus_120,120,Attila,lagging_095,0.95,23,2020-01-01T23:00:00+00:00,6,branch_A34_sustained,branch,A34,bounded,continuous,183,60.149191248,702.837257408,100,0.000000001,true,true,false,constraint_violation,0.959345266,307,1.08464287,210,0.03464287,1.010300147,A30,0,101_STEAM_3,25.286447888,313_CC_1,0,221,221_CC_1,97,3636.5968683,3740.096787203,103.499918903
1,poi_bus_120,120,Attila,lagging_095,0.95,23,2020-01-01T23:00:00+00:00,7,branch_B12-1_immediate,branch,B12-1,fixed,short_term,183,60.149191248,702.837257408,-100,0.000000001,true,true,false,constraint_violation,0.95084386,207,1.073672594,210,0.023672594,0.822774585,A10,0,101_STEAM_3,19.948820661,101_STEAM_3,0,221,221_CC_1,97,3636.5968683,3732.354817108,95.757948808
1,poi_bus_120,120,Attila,lagging_095,0.95,23,2020-01-01T23:00:00+00:00,8,branch_B12-1_sustained,branch,B12-1,bounded,continuous,183,60.149191248,702.837257408,100,0,true,true,false,constraint_violation,0.950873465,207,1.073696926,210,0.023696926,0.912840476,A10,91.384620786,221_CC_1,21.670831395,101_STEAM_3,0,221,221_CC_1,97,3636.5968683,3727.981489086,91.384620786
1,poi_bus_120,120,Attila,lagging_095,0.95,23,2020-01-01T23:00:00+00:00,9,branch_B22_immediate,branch,B22,fixed,short_term,183,60.149191248,702.837257408,-100,0,true,true,false,constraint_violation,0.954483242,307,1.080037004,210,0.030037004,0.822047231,A10,0,101_STEAM_3,19.786707084,101_STEAM_3,0,221,221_CC_1,97,3636.5968683,3734.275267054,97.678398754
1,poi_bus_120,120,Attila,lagging_095,0.95,23,2020-01-01T23:00:00+00:00,10,branch_B22_sustained,branch,B22,bounded,continuous,183,60.149191248,702.837257408,-100,0,true,true,false,constraint_violation,0.951592872,307,1.081069584,210,0.031069584,0.938264609,A10,105.567544968,221_CC_1,20.063942638,101_STEAM_3,0,221,221_CC_1,97,3636.5968683,3742.164413268,105.567544968
1,poi_bus_120,120,Attila,lagging_095,0.95,23,2020-01-01T23:00:00+00:00,11,branch_B6_immediate,branch,B6,fixed,short_term,183,60.149191248,702.837257408,-100,0.000000001,true,true,false,constraint_violation,0.954464506,307,1.08740869,210,0.03740869,0.820750459,A10,0,101_STEAM_3,19.700998341,101_STEAM_3,0,221,221_CC_1,97,3636.5968683,3728.284072084,91.687203784
1,poi_bus_120,120,Attila,lagging_095,0.95,23,2020-01-01T23:00:00+00:00,12,branch_B6_sustained,branch,B6,bounded,continuous,183,60.149191248,702.837257408,-100,0,true,true,false,constraint_violation,0.957568669,307,1.087681033,210,0.037681033,0.921464721,A10,83.724972532,221_CC_1,19.84570089,102_STEAM_3,0,221,221_CC_1,97,3636.5968683,3720.321840832,83.724972532
1,poi_bus_120,120,Attila,lagging_095,0.95,23,2020-01-01T23:00:00+00:00,13,branch_C12-1_immediate,branch,C12-1,fixed,short_term,183,60.149191248,702.837257408,-100,0,true,true,false,constraint_violation,0.836067894,307,1.086121733,210,0.113932106,0.822689994,A10,0,101_STEAM_3,19.952357998,101_STEAM_3,0,221,221_CC_1,97,3636.5968683,3737.112514573,100.515646273
1,poi_bus_120,120,Attila,lagging_095,0.95,23,2020-01-01T23:00:00+00:00,14,branch_C12-1_sustained,branch,C12-1,bounded,continuous,183,60.149191248,702.837257408,100,0,true,true,false,constraint_violation,0.836456627,307,1.08579643,210,0.113543373,0.947107327,C13-2,99.181073025,221_CC_1,22.009097026,101_STEAM_3,0,221,221_CC_1,97,3636.5968683,3735.777941325,99.181073025
1,poi_bus_120,120,Attila,lagging_095,0.95,23,2020-01-01T23:00:00+00:00,15,branch_C27_immediate,branch,C27,fixed,short_term,183,60.149191248,702.837257408,-100,0,true,true,false,constraint_violation,0.943182074,307,1.085926454,210,0.035926454,0.994536946,C29,0,101_STEAM_3,20.097489752,101_STEAM_3,0,221,221_CC_1,97,3636.5968683,3750.101567776,113.504699476
1,poi_bus_120,120,Attila,lagging_095,0.95,23,2020-01-01T23:00:00+00:00,16,branch_C27_sustained,branch,C27,bounded,continuous,183,60.149191248,702.837257408,-100,0.000000002,true,true,false,constraint_violation,0.936950957,307,1.085981973,210,0.035981973,0.994964888,C29,102.915537181,221_CC_1,20.072756047,101_STEAM_3,0,221,221_CC_1,97,3636.5968683,3739.512405481,102.915537181
1,poi_bus_120,120,Attila,lagging_095,0.95,23,2020-01-01T23:00:00+00:00,17,branch_C6_immediate,branch,C6,fixed,short_term,183,60.149191248,702.837257408,-100,0,true,true,false,constraint_violation,0.951509084,307,1.086086313,210,0.036086313,0.822692072,A10,0,101_STEAM_3,19.952563217,101_STEAM_3,0,221,221_CC_1,97,3636.5968683,3730.022426508,93.425558208
1,poi_bus_120,120,Attila,lagging_095,0.95,23,2020-01-01T23:00:00+00:00,18,branch_C6_sustained,branch,C6,bounded,continuous,183,60.149191248,702.837257408,100,0,true,true,false,constraint_violation,0.953752297,307,1.085980197,210,0.035980197,0.932611026,A10,89.359411356,221_CC_1,19.075928337,101_STEAM_3,0,221,221_CC_1,97,3636.5968683,3725.956279656,89.359411356
1,poi_bus_120,120,Attila,lagging_095,0.95,23,2020-01-01T23:00:00+00:00,19,branch_CA-1_immediate,branch,CA-1,fixed,short_term,183,60.149191248,702.837257408,-100,0.000000001,true,true,false,constraint_violation,0.942428308,307,1.086494406,210,0.036494406,0.938136609,C27,0,101_STEAM_3,30.861043887,123_STEAM_2,0,221,221_CC_1,97,3636.5968683,3774.236297316,137.639429016
1,poi_bus_120,120,Attila,lagging_095,0.95,23,2020-01-01T23:00:00+00:00,20,branch_CA-1_sustained,branch,CA-1,bounded,continuous,183,60.149191248,702.837257408,52.622429699,0.000000001,true,true,false,constraint_violation,0.94421277,307,1.086000465,210,0.036000465,1.189808207,CB-1,152.608767179,221_CC_1,31.690057284,123_STEAM_2,0,221,221_CC_1,97,3636.5968683,3789.205635479,152.608767179
1,poi_bus_120,120,Attila,lagging_095,0.95,23,2020-01-01T23:00:00+00:00,21,generator_121_NUCLEAR_1_sustained,generator,121_NUCLEAR_1,bounded,continuous,183,60.149191248,702.837257408,-100.000000001,0.000000001,true,true,false,constraint_violation,0.95545703,307,1.085551037,210,0.035551037,0.916672562,C27,78.353016519,221_CC_1,21.185308563,101_STEAM_3,0,221,221_CC_1,96,3636.5968683,3714.949884819,78.353016519
1,poi_bus_120,120,Attila,lagging_095,0.95,23,2020-01-01T23:00:00+00:00,22,generator_213_CC_3_sustained,generator,213_CC_3,bounded,continuous,183,60.149191248,702.837257408,-100,0.000000001,true,true,false,constraint_violation,0.957560484,307,1.085255539,210,0.035255539,0.938020771,A10,0,101_STEAM_3,20.19884492,101_STEAM_3,0,221,221_CC_1,97,3636.5968683,3703.149765424,66.552897124
1,poi_bus_120,120,Attila,lagging_095,0.95,23,2020-01-01T23:00:00+00:00,23,generator_313_CC_1_sustained,generator,313_CC_1,bounded,continuous,183,60.149191248,702.837257408,-71.8894123,0.000000001,true,true,false,constraint_violation,0.915067088,307,1.086084595,210,0.036084595,1.035342182,C27,103.533329986,221_CC_1,20.055501078,101_STEAM_3,0,221,221_CC_1,96,3636.5968683,3740.130198286,103.533329986
0,poi_bus_108,108,Alger,unity,1,0,2020-01-01T00:00:00+00:00,0,normal,normal,,base,continuous,173.104166667,0,679.176313276,-100,0.000000001,true,true,false,constraint_violation,0.972853532,108,1.086977371,210,0.036977371,0.9584595,C6,40.516715524,115_STEAM_3,51.850789975,314_SYNC_COND_1,0,115,115_STEAM_3,100,3510.436050867,3643.952766391,133.516715524
0,poi_bus_108,108,Alger,unity,1,0,2020-01-01T00:00:00+00:00,1,branch_A11_immediate,branch,A11,fixed,short_term,173.104166667,0,679.176313276,-100,0.000000002,true,true,false,constraint_violation,0.961261427,108,1.087728654,210,0.037728654,0.761181207,C6,39.272774632,115_STEAM_3,51.718250942,314_SYNC_COND_1,0,115,115_STEAM_3,100,3510.436050867,3642.708825499,132.272774632
0,poi_bus_108,108,Alger,unity,1,0,2020-01-01T00:00:00+00:00,2,branch_A11_sustained,branch,A11,bounded,continuous,173.104166667,0,679.176313276,-100,0.000000001,true,true,false,constraint_violation,0.961928275,108,1.085314887,210,0.035314887,0.966963256,C27,2.963176823,316_STEAM_1,159.199545436,316_STEAM_1,0,316,316_STEAM_1,100,3510.436050866,3605.712206795,95.276155929
0,poi_bus_108,108,Alger,unity,1,0,2020-01-01T00:00:00+00:00,3,branch_A12-1_immediate,branch,A12-1,fixed,short_term,173.104166667,0,679.176313276,-100,0,true,true,false,constraint_violation,0.896468667,108,1.085108113,210,0.053531333,1.046822766,A13-2,55.157683906,115_STEAM_3,51.38256865,314_SYNC_COND_1,0,115,115_STEAM_3,100,3510.436050867,3658.593734773,148.157683906
0,poi_bus_108,108,Alger,unity,1,0,2020-01-01T00:00:00+00:00,4,branch_A12-1_sustained,branch,A12-1,bounded,continuous,173.104166667,0,679.176313276,100,0.000000001,true,true,false,constraint_violation,0.904050686,108,1.082807296,210,0.045949314,1.128578237,A13-2,96.552451162,115_STEAM_3,28.341814429,314_SYNC_COND_1,0,115,115_STEAM_3,100,3510.436050867,3606.988502029,96.552451162
0,poi_bus_108,108,Alger,unity,1,0,2020-01-01T00:00:00+00:00,5,branch_A34_immediate,branch,A34,fixed,short_term,173.104166667,0,679.176313276,-100,0.000000001,true,true,false,constraint_violation,0.972699512,108,1.087022686,210,0.037022686,1.022017677,A30,73.41714637,115_STEAM_3,110.706828898,116_STEAM_1,0,115,115_STEAM_3,100,3510.436050867,3676.853197237,166.41714637
0,poi_bus_108,108,Alger,unity,1,0,2020-01-01T00:00:00+00:00,6,branch_A34_sustained,branch,A34,bounded,continuous,173.104166667,0,679.176313276,-51.010495431,0.000000001,true,true,false,constraint_violation,0.959465564,307,1.087146944,210,0.037146944,1.054108843,CA-1,65.277746076,216_STEAM_1,150.071909191,316_STEAM_1,0,216,216_STEAM_1,100,3510.436050867,3668.713796943,158.277746076
0,poi_bus_108,108,Alger,unity,1,0,2020-01-01T00:00:00+00:00,7,branch_B12-1_immediate,branch,B12-1,fixed,short_term,173.104166667,0,679.176313276,-100,0.000000001,true,true,false,constraint_violation,0.958869,207,1.075744522,210,0.025744522,0.762095961,A10,44.548713618,115_STEAM_3,51.799998957,314_SYNC_COND_1,0,115,115_STEAM_3,100,3510.436050867,3647.984764485,137.548713618
0,poi_bus_108,108,Alger,unity,1,0,2020-01-01T00:00:00+00:00,8,branch_B12-1_sustained,branch,B12-1,bounded,continuous,173.104166667,0,679.176313276,-100,0.000000001,true,true,false,constraint_violation,0.952862155,307,1.073871939,210,0.023871939,1.126481349,CA-1,160.171543985,115_STEAM_3,158.65697762,316_STEAM_1,0,115,115_STEAM_3,100,3510.436050866,3670.607594851,160.171543985
0,poi_bus_108,108,Alger,unity,1,0,2020-01-01T00:00:00+00:00,9,branch_B22_immediate,branch,B22,fixed,short_term,173.104166667,0,679.176313276,-100,0.000000001,true,true,false,constraint_violation,0.969590515,108,1.080873282,210,0.030873282,0.766168564,C6,47.32959529,115_STEAM_3,52.218770069,314_SYNC_COND_1,0,115,115_STEAM_3,100,3510.436050867,3650.765646157,140.32959529
0,poi_bus_108,108,Alger,unity,1,0,2020-01-01T00:00:00+00:00,10,branch_B22_sustained,branch,B22,bounded,continuous,173.104166667,0,679.176313276,-99.999999999,0.000000002,true,true,false,constraint_violation,0.960632823,307,1.08162019,210,0.03162019,0.97307988,C6,41.771033806,316_STEAM_1,114.860017157,316_STEAM_1,0,316,316_STEAM_1,100,3510.436050866,3645.207084672,134.771033806
0,poi_bus_108,108,Alger,unity,1,0,2020-01-01T00:00:00+00:00,11,branch_B6_immediate,branch,B6,fixed,short_term,173.104166667,0,679.176313276,-100,0.000000001,true,true,false,constraint_violation,0.968407535,108,1.089590694,210,0.039590694,0.762061275,C6,40.447720019,115_STEAM_3,51.813711927,314_SYNC_COND_1,0,115,115_STEAM_3,100,3510.436050867,3643.883770886,133.447720019
0,poi_bus_108,108,Alger,unity,1,0,2020-01-01T00:00:00+00:00,12,branch_B6_sustained,branch,B6,bounded,continuous,173.104166667,0,679.176313276,-100,0,true,true,false,constraint_violation,0.972333081,108,1.087663825,210,0.037663825,1.003651792,C6,98.737560789,115_STEAM_3,82.410742727,316_STEAM_1,0,115,115_STEAM_3,100,3510.436050867,3609.173611656,98.737560789
0,poi_bus_108,108,Alger,unity,1,0,2020-01-01T00:00:00+00:00,13,branch_C12-1_immediate,branch,C12-1,fixed,short_term,173.104166667,0,679.176313276,-100,0.000000001,true,true,false,constraint_violation,0.880412992,307,1.086987886,210,0.069587008,0.761918736,A10,47.993974972,115_STEAM_3,47.896901445,316_STEAM_1,0,115,115_STEAM_3,100,3510.436050867,3651.430025839,140.993974972
0,poi_bus_108,108,Alger,unity,1,0,2020-01-01T00:00:00+00:00,14,branch_C12-1_sustained,branch,C12-1,bounded,continuous,173.104166667,0,679.176313276,100,0.000000001,true,true,false,constraint_violation,0.872919599,307,1.08361506,210,0.077080401,1.005372668,C6,112.693557325,115_STEAM_3,52.603238911,316_STEAM_1,0,115,115_STEAM_3,100,3510.436050867,3623.129608192,112.693557325
0,poi_bus_108,108,Alger,unity,1,0,2020-01-01T00:00:00+00:00,15,branch_C27_immediate,branch,C27,fixed,short_term,173.104166667,0,679.176313276,-100,0,true,true,false,constraint_violation,0.973993317,108,1.086853453,210,0.036853453,0.999976477,C29,49.383923811,115_STEAM_3,77.543298584,316_STEAM_1,0,115,115_STEAM_3,100,3510.436050867,3652.819974678,142.383923811
0,poi_bus_108,108,Alger,unity,1,0,2020-01-01T00:00:00+00:00,16,branch_C27_sustained,branch,C27,bounded,continuous,173.104166667,0,679.176313276,100,0.000000001,true,true,false,constraint_violation,0.968989558,108,1.08729601,210,0.03729601,1.052746156,CA-1,47.076756168,216_STEAM_1,119.796860658,316_STEAM_1,0,216,216_STEAM_1,100,3510.436050867,3650.512807035,140.076756168
0,poi_bus_108,108,Alger,unity,1,0,2020-01-01T00:00:00+00:00,17,branch_C6_immediate,branch,C6,fixed,short_term,173.104166667,0,679.176313276,-100,0,true,true,false,constraint_violation,0.969988393,307,1.086959007,210,0.036959007,0.906042625,C2,50.770347086,115_STEAM_3,82.882505583,316_STEAM_1,0,115,115_STEAM_3,100,3510.436050867,3654.206397953,143.770347086
0,poi_bus_108,108,Alger,unity,1,0,2020-01-01T00:00:00+00:00,18,branch_C6_sustained,branch,C6,bounded,continuous,173.104166667,0,679.176313276,-100,0,true,true,false,constraint_violation,0.929826228,307,1.087068432,210,0.037068432,1.14520214,CA-1,146.978887954,115_STEAM_3,203.861801039,316_STEAM_1,0,115,115_STEAM_3,100,3510.436050867,3657.414938821,146.978887954
0,poi_bus_108,108,Alger,unity,1,0,2020-01-01T00:00:00+00:00,19,branch_CA-1_immediate,branch,CA-1,fixed,short_term,173.104166667,0,679.176313276,-100,0.000000002,true,true,false,constraint_violation,0.96073632,108,1.087441879,210,0.037441879,0.836582388,C6,68.008419543,115_STEAM_3,78.556914956,116_STEAM_1,0,115,115_STEAM_3,100,3510.436050867,3671.44447041,161.008419543
0,poi_bus_108,108,Alger,unity,1,0,2020-01-01T00:00:00+00:00,20,branch_CA-1_sustained,branch,CA-1,bounded,continuous,173.104166667,0,679.176313276,100,0.000000001,true,true,false,constraint_violation,0.955825675,108,1.084292161,210,0.034292161,1.21911233,CB-1,195.237862353,115_STEAM_3,347.917388811,316_STEAM_1,0,115,115_STEAM_3,100,3510.436050867,3705.67391322,195.237862353
0,poi_bus_108,108,Alger,unity,1,0,2020-01-01T00:00:00+00:00,21,generator_121_NUCLEAR_1_sustained,generator,121_NUCLEAR_1,bounded,continuous,173.104166667,0,679.176313276,-100,0.000000001,true,true,false,constraint_violation,0.957478948,307,1.085100376,210,0.035100376,0.92690782,A34,47.934009147,316_STEAM_1,142.64898644,316_STEAM_1,0,316,316_STEAM_1,99,3510.436050867,3651.370060014,140.934009147
0,poi_bus_108,108,Alger,unity,1,0,2020-01-01T00:00:00+00:00,22,generator_213_CC_3_sustained,generator,213_CC_3,bounded,continuous,173.104166667,0,679.176313276,-100,0.000000001,true,true,false,constraint_violation,0.938356636,307,1.087075248,210,0.037075248,1.132168788,CA-1,141.364911482,115_STEAM_3,228.318911109,316_STEAM_1,0,115,115_STEAM_3,100,3510.436050866,3651.800962348,141.364911482
0,poi_bus_108,108,Alger,unity,1,0,2020-01-01T00:00:00+00:00,23,generator_313_CC_1_sustained,generator,313_CC_1,bounded,continuous,173.104166667,0,679.176313276,100,0,true,true,false,constraint_violation,0.960348035,307,1.084953695,210,0.034953695,1.048220762,CA-1,55.445505551,216_STEAM_1,128.838225357,316_STEAM_1,0,216,216_STEAM_1,100,3510.436050866,3658.881556417,148.445505551
0,poi_bus_108,108,Alger,unity,1,1,2020-01-01T01:00:00+00:00,0,normal,normal,,base,continuous,175.875,0,663.651430585,-100,0,true,true,false,constraint_violation,0.975446191,108,1.08772766,210,0.03772766,1.000390462,C6,41.067278933,115_STEAM_3,63.040933455,314_SYNC_COND_1,0,115,115_STEAM_3,100,3436.9208227,3570.988101633,134.067278933
0,poi_bus_108,108,Alger,unity,1,1,2020-01-01T01:00:00+00:00,1,branch_A11_immediate,branch,A11,fixed,short_term,175.875,0,663.651430585,-100,0,true,true,false,constraint_violation,0.961674669,108,1.088443779,210,0.038443779,0.795049795,C6,40.398414806,115_STEAM_3,62.996369637,314_SYNC_COND_1,0,115,115_STEAM_3,100,3436.9208227,3570.319237506,133.398414806
0,poi_bus_108,108,Alger,unity,1,1,2020-01-01T01:00:00+00:00,2,branch_A11_sustained,branch,A11,bounded,continuous,175.875,0,663.651430585,100.000000001,0,true,true,false,constraint_violation,0.956181951,307,1.08843823,210,0.03843823,1.119969228,CA-1,157.591076608,115_STEAM_3,168.316839569,316_STEAM_1,0,115,115_STEAM_3,100,3436.9208227,3594.511899308,157.591076608
0,poi_bus_108,108,Alger,unity,1,1,2020-01-01T01:00:00+00:00,3,branch_A12-1_immediate,branch,A12-1,fixed,short_term,175.875,0,663.651430585,-100,0,true,true,false,constraint_violation,0.89979513,108,1.085802123,210,0.05020487,1.021136247,A13-2,55.647131436,115_STEAM_3,62.763345135,314_SYNC_COND_1,0,115,115_STEAM_3,100,3436.9208227,3585.567954136,148.647131436
0,poi_bus_108,108,Alger,unity,1,1,2020-01-01T01:00:00+00:00,4,branch_A12-1_sustained,branch,A12-1,bounded,continuous,175.875,0,663.651430585,-100,0,true,true,false,constraint_violation,0.908911377,108,1.084027318,210,0.041088623,1.140960722,A13-2,113.63922914,115_STEAM_3,116.040627263,316_STEAM_1,0,115,115_STEAM_3,100,3436.9208227,3550.56005184,113.63922914
0,poi_bus_108,108,Alger,unity,1,1,2020-01-01T01:00:00+00:00,5,branch_A34_immediate,branch,A34,fixed,short_term,175.875,0,663.651430585,-100,0,true,true,false,constraint_violation,0.975321752,108,1.087779168,210,0.037779168,1.022084013,A30,73.58011036,115_STEAM_3,117.751868202,116_STEAM_1,0,115,115_STEAM_3,100,3436.9208227,3603.50093306,166.58011036
0,poi_bus_108,108,Alger,unity,1,1,2020-01-01T01:00:00+00:00,6,branch_A34_sustained,branch,A34,bounded,continuous,175.875,0,663.651430585,-100,0,true,true,false,constraint_violation,0.960490267,307,1.08792148,210,0.03792148,1.056249275,CA-1,166.39839206,115_STEAM_3,160.203981363,316_STEAM_1,0,115,115_STEAM_3,100,3436.9208227,3603.31921476,166.39839206
0,poi_bus_108,108,Alger,unity,1,1,2020-01-01T01:00:00+00:00,7,branch_B12-1_immediate,branch,B12-1,fixed,short_term,175.875,0,663.651430585,-100,0.000000001,true,true,false,constraint_violation,0.963327588,207,1.077202781,310,0.027202781,0.795306319,C6,44.881177997,115_STEAM_3,63.012570328,314_SYNC_COND_1,0,115,115_STEAM_3,100,3436.9208227,3574.802000697,137.881177997
0,poi_bus_108,108,Alger,unity,1,1,2020-01-01T01:00:00+00:00,8,branch_B12-1_sustained,branch,B12-1,bounded,continuous,175.875,0,663.651430585,-100.000000001,0.000000001,true,true,false,constraint_violation,0.963538538,207,1.077166335,210,0.027166335,1.0000554,C6,92.252600441,115_STEAM_3,55.767916468,314_SYNC_COND_1,0,115,115_STEAM_3,100,3436.9208227,3529.173423141,92.252600441
0,poi_bus_108,108,Alger,unity,1,1,2020-01-01T01:00:00+00:00,9,branch_B22_immediate,branch,B22,fixed,short_term,175.875,0,663.651430585,-99.999999999,0,true,true,false,constraint_violation,0.972444844,108,1.081711581,210,0.031711581,0.79964109,C6,48.036477923,115_STEAM_3,63.249232052,314_SYNC_COND_1,0,115,115_STEAM_3,100,3436.9208227,3577.957300623,141.036477923
0,poi_bus_108,108,Alger,unity,1,1,2020-01-01T01:00:00+00:00,10,branch_B22_sustained,branch,B22,bounded,continuous,175.875,0,663.651430585,-100,0,true,true,false,constraint_violation,0.973978475,108,1.082775683,210,0.032775683,0.917052578,C10,51.572457945,316_STEAM_1,110.078685163,316_STEAM_1,0,316,316_STEAM_1,100,3436.9208227,3581.493280645,144.572457945
0,poi_bus_108,108,Alger,unity,1,1,2020-01-01T01:00:00+00:00,11,branch_B6_immediate,branch,B6,fixed,short_term,175.875,0,663.651430585,-100,0,true,true,false,constraint_violation,0.970700661,108,1.090374297,210,0.040374297,0.79558681,C6,41.062692963,115_STEAM_3,63.030003065,314_SYNC_COND_1,0,115,115_STEAM_3,100,3436.9208227,3570.983515663,134.062692963
0,poi_bus_108,108,Alger,unity,1,1,2020-01-01T01:00:00+00:00,12,branch_B6_sustained,branch,B6,bounded,continuous,175.875,0,663.651430585,-100,0,true,true,false,constraint_violation,0.969281021,108,1.088526953,210,0.038526953,0.91867191,C10,6.573884192,316_STEAM_1,114.798047143,316_STEAM_1,0,316,316_STEAM_1,100,3436.9208227,3536.494706892,99.573884192
0,poi_bus_108,108,Alger,unity,1,1,2020-01-01T01:00:00+00:00,13,branch_C12-1_immediate,branch,C12-1,fixed,short_term,175.875,0,663.651430585,-100,0,true,true,false,constraint_violation,0.907390371,307,1.087736923,210,0.042609629,0.754423698,B10,47.12194014,115_STEAM_3,34.414288709,316_STEAM_1,0,115,115_STEAM_3,100,3436.9208227,3577.04276284,140.12194014
0,poi_bus_108,108,Alger,unity,1,1,2020-01-01T01:00:00+00:00,14,branch_C12-1_sustained,branch,C12-1,bounded,continuous,175.875,0,663.651430585,-100,0,true,true,false,constraint_violation,0.910404366,307,1.085789893,210,0.039595634,0.895746404,A10,86.815083734,121_NUCLEAR_1,63.862695612,316_STEAM_1,0,121,121_NUCLEAR_1,100,3436.9208227,3527.735906434,90.815083734
0,poi_bus_108,108,Alger,unity,1,1,2020-01-01T01:00:00+00:00,15,branch_C27_immediate,branch,C27,fixed,short_term,175.875,0,663.651430585,-100,0.000000001,true,true,false,constraint_violation,0.976411441,108,1.087588045,210,0.037588045,1.000138641,C29,49.284281889,115_STEAM_3,62.27947443,316_STEAM_1,0,115,115_STEAM_3,100,3436.9208227,3579.205104589,142.284281889
0,poi_bus_108,108,Alger,unity,1,1,2020-01-01T01:00:00+00:00,16,branch_C27_sustained,branch,C27,bounded,continuous,175.875,0,663.651430585,100,0.000000001,true,true,false,constraint_violation,0.956562126,108,1.088407093,210,0.038407093,1.112467665,CA-1,169.126318581,115_STEAM_3,98.76618229,316_STEAM_1,0,115,115_STEAM_3,100,3436.9208227,3606.047141281,169.126318581
0,poi_bus_108,108,Alger,unity,1,1,2020-01-01T01:00:00+00:00,17,branch_C6_immediate,branch,C6,fixed,short_term,175.875,0,663.651430585,-100,0,true,true,false,constraint_violation,0.975602209,108,1.087705374,210,0.037705374,0.926282648,C2,52.145089412,115_STEAM_3,80.102826918,316_STEAM_1,0,115,115_STEAM_3,100,3436.9208227,3582.065912112,145.145089412
0,poi_bus_108,108,Alger,unity,1,1,2020-01-01T01:00:00+00:00,18,branch_C6_sustained,branch,C6,bounded,continuous,175.875,0,663.651430585,-100,0.000000001,true,true,false,constraint_violation,0.954050226,307,1.087844536,210,0.037844536,1.018132559,C2,122.396807695,115_STEAM_3,148.039914305,316_STEAM_1,0,115,115_STEAM_3,100,3436.9208227,3559.317630395,122.396807695
0,poi_bus_108,108,Alger,unity,1,1,2020-01-01T01:00:00+00:00,19,branch_CA-1_immediate,branch,CA-1,fixed,short_term,175.875,0,663.651430585,-100,0.000000001,true,true,false,constraint_violation,0.967370519,108,1.088307382,210,0.038307382,0.854654338,C6,58.061275109,115_STEAM_3,72.415445756,116_STEAM_1,0,115,115_STEAM_3,100,3436.9208227,3587.982097809,151.061275109
0,poi_bus_108,108,Alger,unity,1,1,2020-01-01T01:00:00+00:00,20,branch_CA-1_sustained,branch,CA-1,bounded,continuous,175.875,0,663.651430585,-99.999999999,0,true,true,false,constraint_violation,0.96054068,108,1.086341015,210,0.036341015,1.200134347,CB-1,168.022282124,115_STEAM_3,277.903532369,316_STEAM_1,0,115,115_STEAM_3,100,3436.9208227,3604.943104824,168.022282124
0,poi_bus_108,108,Alger,unity,1,1,2020-01-01T01:00:00+00:00,21,generator_121_NUCLEAR_1_sustained,generator,121_NUCLEAR_1,bounded,continuous,175.875,0,663.651430585,99.999999999,0.000000001,true,true,false,constraint_violation,0.975164417,108,1.085783236,210,0.035783236,0.918702649,C10,125.240312772,115_STEAM_3,91.479991148,316_STEAM_1,0,115,115_STEAM_3,99,3436.9208227,3562.161135472,125.240312772
0,poi_bus_108,108,Alger,unity,1,1,2020-01-01T01:00:00+00:00,22,generator_213_CC_3_sustained,generator,213_CC_3,bounded,continuous,175.875,0,663.651430585,98.776682752,0,true,true,false,constraint_violation,0.977148793,108,1.08720882,210,0.03720882,1.020128109,C6,38.182249689,216_STEAM_1,42.85758176,314_SYNC_COND_1,0,216,216_STEAM_1,100,3436.9208227,3568.103072389,131.182249689
0,poi_bus_108,108,Alger,unity,1,1,2020-01-01T01:00:00+00:00,23,generator_313_CC_1_sustained,generator,313_CC_1,bounded,continuous,175.875,0,663.651430585,-100,0,true,true,false,constraint_violation,0.956311808,307,1.088130507,210,0.038130507,1.12295359,CA-1,160.07203371,115_STEAM_3,170.458177557,316_STEAM_1,0,115,115_STEAM_3,100,3436.9208227,3596.99285641,160.07203371
0,poi_bus_108,108,Alger,unity,1,2,2020-01-01T02:00:00+00:00,0,normal,normal,,base,continuous,177.145833333,0,660.828118246,-100,0,true,true,false,constraint_violation,0.973440502,108,1.087833354,210,0.037833354,0.960382678,C6,39.296618531,115_STEAM_3,70.785398748,314_SYNC_COND_1,0,115,115_STEAM_3,100,3424.318483333,3556.615101864,132.296618531
0,poi_bus_108,108,Alger,unity,1,2,2020-01-01T02:00:00+00:00,1,branch_A11_immediate,branch,A11,fixed,short_term,177.145833333,0,660.828118246,-100,0.000000001,true,true,false,constraint_violation,0.9591916,108,1.088574212,210,0.038574212,0.76875125,C10,38.613105014,115_STEAM_3,70.739210086,314_SYNC_COND_1,0,115,115_STEAM_3,100,3424.318483333,3555.931588347,131.613105014
0,poi_bus_108,108,Alger,unity,1,2,2020-01-01T02:00:00+00:00,2,branch_A11_sustained,branch,A11,bounded,continuous,177.145833333,0,660.828118246,-100,0.000000001,true,true,false,constraint_violation,0.958177998,108,1.086076763,210,0.036076763,0.966440484,C27,0,101_STEAM_3,112.444569618,316_STEAM_1,0,316,316_STEAM_1,100,3424.318483334,3511.418022317,87.099538983
0,poi_bus_108,108,Alger,unity,1,2,2020-01-01T02:00:00+00:00,3,branch_A12-1_immediate,branch,A12-1,fixed,short_term,177.145833333,0,660.828118246,-100,0,true,true,false,constraint_violation,0.895537269,108,1.085851048,210,0.054462731,1.033295287,A13-2,54.356667617,115_STEAM_3,70.495575925,314_SYNC_COND_1,0,115,115_STEAM_3,100,3424.318483333,3571.67515095,147.356667617
0,poi_bus_108,108,Alger,unity,1,2,2020-01-01T02:00:00+00:00,4,branch_A12-1_sustained,branch,A12-1,bounded,continuous,177.145833333,0,660.828118246,100,0.000000001,true,true,false,constraint_violation,0.902374352,108,1.083848517,210,0.047625648,1.142868907,A13-2,149.004534229,121_NUCLEAR_1,106.097545675,316_STEAM_1,0,121,121_NUCLEAR_1,100,3424.318483333,3577.323017562,153.004534229
0,poi_bus_108,108,Alger,unity,1,2,2020-01-01T02:00:00+00:00,5,branch_A34_immediate,branch,A34,fixed,short_term,177.145833333,0,660.828118246,-100,0.000000001,true,true,false,constraint_violation,0.97331466,108,1.087884753,210,0.037884753,1.02209662,A30,71.792875724,115_STEAM_3,118.089262664,116_STEAM_1,0,115,115_STEAM_3,100,3424.318483333,3589.111359057,164.792875724
0,poi_bus_108,108,Alger,unity,1,2,2020-01-01T02:00:00+00:00,6,branch_A34_sustained,branch,A34,bounded,continuous,177.145833333,0,660.828118246,-100,0.000000001,true,true,false,constraint_violation,0.969265181,108,1.088090801,210,0.038090801,1.122274843,CA-1,73.248126669,116_STEAM_1,161.170205566,316_STEAM_1,0,116,116_STEAM_1,100,3424.318483333,3590.566610002,166.248126669
0,poi_bus_108,108,Alger,unity,1,2,2020-01-01T02:00:00+00:00,7,branch_B12-1_immediate,branch,B12-1,fixed,short_term,177.145833333,0,660.828118246,-99.999999999,0,true,true,false,constraint_violation,0.964031533,207,1.082535868,310,0.032535868,0.768744475,C10,43.076600181,115_STEAM_3,70.756390273,314_SYNC_COND_1,0,115,115_STEAM_3,100,3424.318483333,3560.395083514,136.076600181
0,poi_bus_108,108,Alger,unity,1,2,2020-01-01T02:00:00+00:00,8,branch_B12-1_sustained,branch,B12-1,bounded,continuous,177.145833333,0,660.828118246,-100,0.000000001,true,true,false,constraint_violation,0.96158597,207,1.075139129,210,0.025139129,0.958699774,C27,0,101_STEAM_3,104.86358917,316_STEAM_1,0,316,316_STEAM_1,100,3424.318483333,3513.38262758,89.064144247
0,poi_bus_108,108,Alger,unity,1,2,2020-01-01T02:00:00+00:00,9,branch_B22_immediate,branch,B22,fixed,short_term,177.145833333,0,660.828118246,-99.999999999,0,true,true,false,constraint_violation,0.970421564,108,1.08273054,310,0.03273054,0.768600582,C10,46.239538452,115_STEAM_3,71.000826508,314_SYNC_COND_1,0,115,115_STEAM_3,100,3424.318483333,3563.558021785,139.239538452
0,poi_bus_108,108,Alger,unity,1,2,2020-01-01T02:00:00+00:00,10,branch_B22_sustained,branch,B22,bounded,continuous,177.145833333,0,660.828118246,-100,0.000000001,true,true,false,constraint_violation,0.963563783,307,1.082350146,210,0.032350146,1.120340286,CA-1,157.717336062,115_STEAM_3,175.203304365,316_STEAM_1,0,115,115_STEAM_3,100,3424.318483333,3582.035819395,157.717336062
0,poi_bus_108,108,Alger,unity,1,2,2020-01-01T02:00:00+00:00,11,branch_B6_immediate,branch,B6,fixed,short_term,177.145833333,0,660.828118246,-99.999999999,0,true,true,false,constraint_violation,0.968590628,108,1.09053627,210,0.04053627,0.768736905,C10,39.295815883,115_STEAM_3,70.774634272,314_SYNC_COND_1,0,115,115_STEAM_3,100,3424.318483333,3556.614299216,132.295815883
0,poi_bus_108,108,Alger,unity,1,2,2020-01-01T02:00:00+00:00,12,branch_B6_sustained,branch,B6,bounded,continuous,177.145833333,0,660.828118246,-100,0.000000001,true,true,false,constraint_violation,0.9697431,108,1.08872132,210,0.03872132,1.007591206,C6,100.551315795,115_STEAM_3,76.809569325,316_STEAM_1,0,115,115_STEAM_3,100,3424.318483333,3524.869799128,100.551315795
0,poi_bus_108,108,Alger,unity,1,2,2020-01-01T02:00:00+00:00,13,branch_C12-1_immediate,branch,C12-1,fixed,short_term,177.145833333,0,660.828118246,-99.999999999,0.000000001,true,true,false,constraint_violation,0.921789136,307,1.087841543,210,0.037841543,0.754498083,B10,44.772515701,115_STEAM_3,42.416552816,314_SYNC_COND_1,0,115,115_STEAM_3,100,3424.318483333,3562.090999034,137.772515701
0,poi_bus_108,108,Alger,unity,1,2,2020-01-01T02:00:00+00:00,14,branch_C12-1_sustained,branch,C12-1,bounded,continuous,177.145833333,0,660.828118246,-100,0.000000001,true,true,false,constraint_violation,0.899215936,307,1.085665285,210,0.050784064,0.893453836,A10,1.030715099,316_STEAM_1,133.152890291,316_STEAM_1,0,316,316_STEAM_1,100,3424.318483333,3518.349198432,94.030715099
0,poi_bus_108,108,Alger,unity,1,2,2020-01-01T02:00:00+00:00,15,branch_C27_immediate,branch,C27,fixed,short_term,177.145833333,0,660.828118246,-100,0.000000001,true,true,false,constraint_violation,0.974401042,108,1.087696946,210,0.037696946,1.000211383,C29,47.068046987,115_STEAM_3,67.02754921,314_SYNC_COND_1,0,115,115_STEAM_3,100,3424.318483333,3564.38653032,140.068046987
0,poi_bus_108,108,Alger,unity,1,2,2020-01-01T02:00:00+00:00,16,branch_C27_sustained,branch,C27,bounded,continuous,177.145833333,0,660.828118246,-100,0,true,true,false,constraint_violation,0.972116947,108,1.087929369,210,0.037929369,0.95154615,CA-1,23.671249938,316_STEAM_1,98.704292708,316_STEAM_1,0,316,316_STEAM_1,100,3424.318483333,3540.989733271,116.671249938
0,poi_bus_108,108,Alger,unity,1,2,2020-01-01T02:00:00+00:00,17,branch_C6_immediate,branch,C6,fixed,short_term,177.145833333,0,660.828118246,-100,0,true,true,false,constraint_violation,0.973601523,108,1.087810893,210,0.037810893,0.900043479,C2,49.22514881,115_STEAM_3,61.993269038,316_STEAM_1,0,115,115_STEAM_3,100,3424.318483333,3566.543632143,142.22514881
0,poi_bus_108,108,Alger,unity,1,2,2020-01-01T02:00:00+00:00,18,branch_C6_sustained,branch,C6,bounded,continuous,177.145833333,0,660.828118246,-100,0.000000001,true,true,false,constraint_violation,0.962578476,108,1.088081182,210,0.038081182,1.042166583,CA-1,61.962324538,216_STEAM_1,96.846540401,316_STEAM_1,0,216,216_STEAM_1,100,3424.318483333,3579.280807871,154.962324538
0,poi_bus_108,108,Alger,unity,1,2,2020-01-01T02:00:00+00:00,19,branch_CA-1_immediate,branch,CA-1,fixed,short_term,177.145833333,0,660.828118246,-100,0,true,true,false,constraint_violation,0.965458658,108,1.088403957,210,0.038403957,0.8220733,C6,55.660620789,115_STEAM_3,71.76590192,116_STEAM_1,0,115,115_STEAM_3,100,3424.318483333,3572.979104122,148.660620789
0,poi_bus_108,108,Alger,unity,1,2,2020-01-01T02:00:00+00:00,20,branch_CA-1_sustained,branch,CA-1,bounded,continuous,177.145833333,0,660.828118246,100,0.000000001,true,true,false,constraint_violation,0.9646698,108,1.085846631,210,0.035846631,0.910265162,C10,45.483830987,316_STEAM_1,204.304267756,316_STEAM_1,0,316,316_STEAM_1,100,3424.318483333,3559.594570183,135.27608685
0,poi_bus_108,108,Alger,unity,1,2,2020-01-01T02:00:00+00:00,21,generator_121_NUCLEAR_1_sustained,generator,121_NUCLEAR_1,bounded,continuous,177.145833333,0,660.828118246,-99.999999999,0,true,true,false,constraint_violation,0.97749031,108,1.085450098,210,0.035450098,1.007285519,C27,87.784287119,115_STEAM_3,117.690998206,316_STEAM_1,0,115,115_STEAM_3,99,3424.318483334,3512.102770453,87.784287119
0,poi_bus_108,108,Alger,unity,1,2,2020-01-01T02:00:00+00:00,22,generator_213_CC_3_sustained,generator,213_CC_3,bounded,continuous,177.145833333,0,660.828118246,100.000000001,0,true,true,false,constraint_violation,0.972420021,108,1.087990823,210,0.037990823,1.109586576,CA-1,152.415351252,115_STEAM_3,125.182944684,316_STEAM_1,0,115,115_STEAM_3,100,3424.318483333,3576.733834585,152.415351252
0,poi_bus_108,108,Alger,unity,1,2,2020-01-01T02:00:00+00:00,23,generator_313_CC_1_sustained,generator,313_CC_1,bounded,continuous,177.145833333,0,660.828118246,82.643450759,0.000000001,true,true,false,constraint_violation,0.955381171,108,1.088533193,210,0.038533193,1.123343931,CA-1,175.877719026,115_STEAM_3,132.351575175,316_STEAM_1,0,115,115_STEAM_3,100,3424.318483333,3600.196202359,175.877719026
0,poi_bus_108,108,Alger,unity,1,3,2020-01-01T03:00:00+00:00,0,normal,normal,,base,continuous,172.770833333,0,664.374395151,-100,0,true,true,false,constraint_violation,0.970785662,108,1.088772948,306,0.038772948,0.900924583,C10,34.904934288,115_STEAM_3,78.172014658,314_SYNC_COND_1,0,115,115_STEAM_3,100,3437.369154333,3565.274088621,127.904934288
0,poi_bus_108,108,Alger,unity,1,3,2020-01-01T03:00:00+00:00,1,branch_A11_immediate,branch,A11,fixed,short_term,172.770833333,0,664.374395151,-100.000000001,0.000000001,true,true,false,constraint_violation,0.957628933,108,1.08871337,306,0.03871337,0.78831614,C10,33.942709678,115_STEAM_3,78.090684016,314_SYNC_COND_1,0,115,115_STEAM_3,100,3437.369154333,3564.311864011,126.942709678
0,poi_bus_108,108,Alger,unity,1,3,2020-01-01T03:00:00+00:00,2,branch_A11_sustained,branch,A11,bounded,continuous,172.770833333,0,664.374395151,-100,0,true,true,false,constraint_violation,0.958279321,108,1.086229134,210,0.036229134,0.932716965,C10,0,101_STEAM_3,107.920157235,316_STEAM_1,0,316,316_STEAM_1,100,3437.369154333,3524.58392589,87.214771557
0,poi_bus_108,108,Alger,unity,1,3,2020-01-01T03:00:00+00:00,3,branch_A12-1_immediate,branch,A12-1,fixed,short_term,172.770833333,0,664.374395151,-100,0.000000001,true,true,false,constraint_violation,0.891861329,108,1.088507272,306,0.058138671,1.043651282,A13-2,50.025866995,115_STEAM_3,77.805198969,314_SYNC_COND_1,0,115,115_STEAM_3,100,3437.369154333,3580.395021328,143.025866995
0,poi_bus_108,108,Alger,unity,1,3,2020-01-01T03:00:00+00:00,4,branch_A12-1_sustained,branch,A12-1,bounded,continuous,172.770833333,0,664.374395151,-100.000000001,0.000000001,true,true,false,constraint_violation,0.903022104,108,1.083811052,210,0.046977896,1.120447678,A13-2,1.280440007,316_STEAM_1,100.46224579,316_STEAM_1,0,316,316_STEAM_1,100,3437.369154333,3531.64959434,94.280440007
0,poi_bus_108,108,Alger,unity,1,3,2020-01-01T03:00:00+00:00,5,branch_A34_immediate,branch,A34,fixed,short_term,172.770833333,0,664.374395151,-100.000000001,0.000000001,true,true,false,constraint_violation,0.970649351,108,1.088962279,306,0.038962279,1.02208646,A30,67.572844811,115_STEAM_3,114.575136064,116_STEAM_1,0,115,115_STEAM_3,100,3437.369154333,3597.941999144,160.572844811
0,poi_bus_108,108,Alger,unity,1,3,2020-01-01T03:00:00+00:00,6,branch_A34_sustained,branch,A34,bounded,continuous,172.770833333,0,664.374395151,-100,0.000000002,true,true,false,constraint_violation,0.96508998,108,1.085744887,210,0.035744887,1.032469027,CA-1,160.829936965,115_STEAM_3,95.375322186,316_STEAM_1,0,115,115_STEAM_3,100,3437.369154333,3598.199091298,160.829936965
0,poi_bus_108,108,Alger,unity,1,3,2020-01-01T03:00:00+00:00,7,branch_B12-1_immediate,branch,B12-1,fixed,short_term,172.770833333,0,664.374395151,-100.000000001,0.000000001,true,true,false,constraint_violation,0.964422084,207,1.088745765,306,0.038745765,0.788312698,C10,38.664327432,115_STEAM_3,78.134983166,314_SYNC_COND_1,0,115,115_STEAM_3,100,3437.369154333,3569.033481765,131.664327432
0,poi_bus_108,108,Alger,unity,1,3,2020-01-01T03:00:00+00:00,8,branch_B12-1_sustained,branch,B12-1,bounded,continuous,172.770833333,0,664.374395151,-100,0,true,true,false,constraint_violation,0.965017188,108,1.077991972,210,0.027991972,0.928696131,C10,56.272475885,316_STEAM_1,90.637431937,316_STEAM_1,0,316,316_STEAM_1,100,3437.369154333,3586.641630218,149.272475885
0,poi_bus_108,108,Alger,unity,1,3,2020-01-01T03:00:00+00:00,9,branch_B22_immediate,branch,B22,fixed,short_term,172.770833333,0,664.374395151,-100,0.000000002,true,true,false,constraint_violation,0.967699579,108,1.088982151,306,0.038982151,0.788251416,C10,41.662170211,115_STEAM_3,78.45189782,314_SYNC_COND_1,0,115,115_STEAM_3,100,3437.369154333,3572.031324544,134.662170211
0,poi_bus_108,108,Alger,unity,1,3,2020-01-01T03:00:00+00:00,10,branch_B22_sustained,branch,B22,bounded,continuous,172.770833333,0,664.374395151,100,0,true,true,false,constraint_violation,0.976106363,108,1.078679322,210,0.028679322,0.936296158,C10,90.528372143,115_STEAM_3,65.155545998,316_STEAM_1,0,115,115_STEAM_3,100,3437.369154333,3527.897526476,90.528372143
0,poi_bus_108,108,Alger,unity,1,3,2020-01-01T03:00:00+00:00,11,branch_B6_immediate,branch,B6,fixed,short_term,172.770833333,0,664.374395151,-100,0.000000001,true,true,false,constraint_violation,0.965924742,108,1.090687389,210,0.040687389,0.788310946,C10,34.878878894,115_STEAM_3,78.153533156,314_SYNC_COND_1,0,115,115_STEAM_3,100,3437.369154333,3565.248033227,127.878878894
0,poi_bus_108,108,Alger,unity,1,3,2020-01-01T03:00:00+00:00,12,branch_B6_sustained,branch,B6,bounded,continuous,172.770833333,0,664.374395151,100,0,true,true,false,constraint_violation,0.968465971,108,1.088911257,210,0.038911257,1.04948828,CA-1,42.737153695,216_STEAM_1,123.030303335,316_STEAM_1,0,216,216_STEAM_1,100,3437.369154333,3573.106308028,135.737153695
0,poi_bus_108,108,Alger,unity,1,3,2020-01-01T03:00:00+00:00,13,branch_C12-1_immediate,branch,C12-1,fixed,short_term,172.770833333,0,664.374395151,-100,0,true,true,false,constraint_violation,0.934422603,307,1.087937651,210,0.037937651,0.758807074,A10,39.985153057,115_STEAM_3,51.824862,314_SYNC_COND_1,0,115,115_STEAM_3,100,3437.369154333,3570.35430739,132.985153057
0,poi_bus_108,108,Alger,unity,1,3,2020-01-01T03:00:00+00:00,14,branch_C12-1_sustained,branch,C12-1,bounded,continuous,172.770833333,0,664.374395151,-100,0,true,true,false,constraint_violation,0.903697403,307,1.085805157,210,0.046302597,0.891425777,A10,96.13511639,115_STEAM_3,133.143406248,316_STEAM_1,0,115,115_STEAM_3,100,3437.369154333,3533.504270723,96.13511639
0,poi_bus_108,108,Alger,unity,1,3,2020-01-01T03:00:00+00:00,15,branch_C27_immediate,branch,C27,fixed,short_term,172.770833333,0,664.374395151,-100,0,true,true,false,constraint_violation,0.971831434,108,1.087799978,210,0.037799978,1.000301874,C29,42.981411618,115_STEAM_3,74.412557664,314_SYNC_COND_1,0,115,115_STEAM_3,100,3437.369154333,3573.350565951,135.981411618
0,poi_bus_108,108,Alger,unity,1,3,2020-01-01T03:00:00+00:00,16,branch_C27_sustained,branch,C27,bounded,continuous,172.770833333,0,664.374395151,-100,0,true,true,false,constraint_violation,0.962302969,108,1.088708173,210,0.038708173,1.14737352,CA-1,155.292409865,121_NUCLEAR_1,205.581048875,316_STEAM_1,0,121,121_NUCLEAR_1,100,3437.369154334,3596.661564199,159.292409865
0,poi_bus_108,108,Alger,unity,1,3,2020-01-01T03:00:00+00:00,17,branch_C6_immediate,branch,C6,fixed,short_term,172.770833333,0,664.374395151,-100,0.000000001,true,true,false,constraint_violation,0.970956921,108,1.087909936,210,0.037909936,0.8271329,C2,42.279640849,115_STEAM_3,58.358542837,314_SYNC_COND_1,0,115,115_STEAM_3,100,3437.369154333,3572.648795182,135.279640849
0,poi_bus_108,108,Alger,unity,1,3,2020-01-01T03:00:00+00:00,18,branch_C6_sustained,branch,C6,bounded,continuous,172.770833333,0,664.374395151,-100,0,true,true,false,constraint_violation,0.975334795,108,1.088169563,210,0.038169563,1.109803441,CA-1,133.461467828,115_STEAM_3,126.262936878,316_STEAM_1,0,115,115_STEAM_3,100,3437.369154334,3570.830622162,133.461467828
0,poi_bus_108,108,Alger,unity,1,3,2020-01-01T03:00:00+00:00,19,branch_CA-1_immediate,branch,CA-1,fixed,short_term,172.770833333,0,664.374395151,-100,0,true,true,false,constraint_violation,0.961326449,108,1.088456487,210,0.038456487,0.777617978,C10,54.737617556,115_STEAM_3,72.671807144,116_STEAM_1,0,115,115_STEAM_3,100,3437.369154333,3585.106771889,147.737617556
0,poi_bus_108,108,Alger,unity,1,3,2020-01-01T03:00:00+00:00,20,branch_CA-1_sustained,branch,CA-1,bounded,continuous,172.770833333,0,664.374395151,-100,0.000000001,true,true,false,constraint_violation,0.961873573,108,1.088079047,210,0.038079047,1.022497164,C27,131.856524275,115_STEAM_3,181.546680368,316_STEAM_1,0,115,115_STEAM_3,100,3437.369154333,3569.225678608,131.856524275
0,poi_bus_108,108,Alger,unity,1,3,2020-01-01T03:00:00+00:00,21,generator_121_NUCLEAR_1_sustained,generator,121_NUCLEAR_1,bounded,continuous,172.770833333,0,664.374395151,-100,0.000000002,true,true,false,constraint_violation,0.959419921,307,1.086058228,210,0.036058228,1.088798581,CA-1,156.470828527,115_STEAM_3,235.621590497,316_STEAM_1,0,115,115_STEAM_3,99,3437.369154333,3593.83998286,156.470828527
0,poi_bus_108,108,Alger,unity,1,3,2020-01-01T03:00:00+00:00,22,generator_213_CC_3_sustained,generator,213_CC_3,bounded,continuous,172.770833333,0,664.374395151,-100,0,true,true,false,constraint_violation,0.976477743,108,1.085653111,210,0.035653111,0.93259991,C10,0,101_STEAM_3,107.758090782,316_STEAM_1,0,316,316_STEAM_1,100,3437.369154333,3523.807918393,86.43876406
0,poi_bus_108,108,Alger,unity,1,3,2020-01-01T03:00:00+00:00,23,generator_313_CC_1_sustained,generator,313_CC_1,bounded,continuous,172.770833333,0,664.374395151,-100,0.000000001,true,true,false,constraint_violation,0.966311323,108,1.088367249,210,0.038367249,1.107122644,CA-1,148.445229856,115_STEAM_3,111.596108284,316_STEAM_1,0,115,115_STEAM_3,100,3437.369154333,3585.814384189,148.445229856
0,poi_bus_108,108,Alger,unity,1,4,2020-01-01T04:00:00+00:00,0,normal,normal,,base,continuous,174.979166667,0,692.511540751,-99.999999999,0,true,true,false,constraint_violation,0.963585983,108,1.088109695,310,0.038109695,0.903901231,C10,31.067004024,115_STEAM_3,75.989148819,314_SYNC_COND_1,0,115,115_STEAM_3,100,3577.837599667,3701.904603691,124.067004024
0,poi_bus_108,108,Alger,unity,1,4,2020-01-01T04:00:00+00:00,1,branch_A11_immediate,branch,A11,fixed,short_term,174.979166667,0,692.511540751,-100,0.000000001,true,true,false,constraint_violation,0.94752116,108,1.08808004,310,0.03808004,0.790923187,C10,30.572234607,115_STEAM_3,75.953862254,314_SYNC_COND_1,0,115,115_STEAM_3,100,3577.837599667,3701.409834274,123.572234607
0,poi_bus_108,108,Alger,unity,1,4,2020-01-01T04:00:00+00:00,2,branch_A11_sustained,branch,A11,bounded,continuous,174.979166667,0,692.511540751,-100,0,true,true,false,constraint_violation,0.946330073,108,1.087659483,210,0.037659483,0.945691113,CA-1,121.524436635,115_STEAM_3,92.791048171,316_STEAM_1,0,115,115_STEAM_3,100,3577.837599667,3699.362036302,121.524436635
0,poi_bus_108,108,Alger,unity,1,4,2020-01-01T04:00:00+00:00,3,branch_A12-1_immediate,branch,A12-1,fixed,short_term,174.979166667,0,692.511540751,-100,0,true,true,false,constraint_violation,0.875103698,108,1.087845535,310,0.074896302,1.058719638,A13-2,47.828888419,115_STEAM_3,75.66614815,314_SYNC_COND_1,0,115,115_STEAM_3,100,3577.837599667,3718.666488086,140.828888419
0,poi_bus_108,108,Alger,unity,1,4,2020-01-01T04:00:00+00:00,4,branch_A12-1_sustained,branch,A12-1,bounded,continuous,174.979166667,0,692.511540751,100,0.000000002,true,true,false,constraint_violation,0.883963438,108,1.08221114,210,0.066036562,1.165145393,A13-2,50.473336354,115_STEAM_3,44.968985061,314_SYNC_COND_1,0,115,115_STEAM_3,100,3577.837599667,3721.310936021,143.473336354
0,poi_bus_108,108,Alger,unity,1,4,2020-01-01T04:00:00+00:00,5,branch_A34_immediate,branch,A34,fixed,short_term,174.979166667,0,692.511540751,-100,0.000000001,true,true,false,constraint_violation,0.963481148,108,1.0882938,310,0.0382938,1.022137656,A30,63.784539135,115_STEAM_3,112.463600251,116_STEAM_1,0,115,115_STEAM_3,100,3577.837599667,3734.622138802,156.784539135
0,poi_bus_108,108,Alger,unity,1,4,2020-01-01T04:00:00+00:00,6,branch_A34_sustained,branch,A34,bounded,continuous,174.979166667,0,692.511540751,99.999999999,0.000000001,true,true,false,constraint_violation,0.964953032,108,1.084818502,210,0.034818502,1.007966248,A30,39.126937835,316_STEAM_1,55.774272699,316_STEAM_1,0,316,316_STEAM_1,100,3577.837599667,3709.964537502,132.126937835
0,poi_bus_108,108,Alger,unity,1,4,2020-01-01T04:00:00+00:00,7,branch_B12-1_immediate,branch,B12-1,fixed,short_term,174.979166667,0,692.511540751,-100,0.000000001,true,true,false,constraint_violation,0.958706538,207,1.088082449,310,0.038082449,0.790922445,C10,35.011818951,115_STEAM_3,75.956739148,314_SYNC_COND_1,0,115,115_STEAM_3,100,3577.837599667,3705.849418618,128.011818951
0,poi_bus_108,108,Alger,unity,1,4,2020-01-01T04:00:00+00:00,8,branch_B12-1_sustained,branch,B12-1,bounded,continuous,174.979166667,0,692.511540751,-99.999999999,0,true,true,false,constraint_violation,0.959150849,207,1.075526925,210,0.025526925,0.941299361,CA-1,54.330145667,116_STEAM_1,133.452353986,316_STEAM_1,0,116,116_STEAM_1,100,3577.837599667,3725.167745334,147.330145667
0,poi_bus_108,108,Alger,unity,1,4,2020-01-01T04:00:00+00:00,9,branch_B22_immediate,branch,B22,fixed,short_term,174.979166667,0,692.511540751,-100,0.000000001,true,true,false,constraint_violation,0.960442517,108,1.088327002,310,0.038327002,0.790805573,C10,38.816683006,115_STEAM_3,76.237488769,314_SYNC_COND_1,0,115,115_STEAM_3,100,3577.837599667,3709.654282673,131.816683006
0,poi_bus_108,108,Alger,unity,1,4,2020-01-01T04:00:00+00:00,10,branch_B22_sustained,branch,B22,bounded,continuous,174.979166667,0,692.511540751,-100,0,true,true,false,constraint_violation,0.967293303,108,1.078556431,210,0.028556431,0.960974405,C27,37.735265781,316_STEAM_1,100.745614505,316_STEAM_1,0,316,316_STEAM_1,100,3577.837599667,3669.535265781,91.697666114
0,poi_bus_108,108,Alger,unity,1,4,2020-01-01T04:00:00+00:00,11,branch_B6_immediate,branch,B6,fixed,short_term,174.979166667,0,692.511540751,-100,0,true,true,false,constraint_violation,0.958125644,108,1.089284118,210,0.039284118,0.790913388,C10,31.138454778,115_STEAM_3,75.989802308,314_SYNC_COND_1,0,115,115_STEAM_3,100,3577.837599667,3701.976054445,124.138454778
0,poi_bus_108,108,Alger,unity,1,4,2020-01-01T04:00:00+00:00,12,branch_B6_sustained,branch,B6,bounded,continuous,174.979166667,0,692.511540751,-99.999999999,0,true,true,false,constraint_violation,0.946143526,108,1.089907132,210,0.039907132,1.113244055,CA-1,166.880835867,115_STEAM_3,92.835815265,316_STEAM_1,0,115,115_STEAM_3,100,3577.837599667,3744.718435534,166.880835867
0,poi_bus_108,108,Alger,unity,1,4,2020-01-01T04:00:00+00:00,13,branch_C12-1_immediate,branch,C12-1,fixed,short_term,174.979166667,0,692.511540751,-100,0,true,true,false,constraint_violation,0.930504593,307,1.086343586,210,0.036343586,0.756677816,A10,36.313571732,115_STEAM_3,49.223999183,314_SYNC_COND_1,0,115,115_STEAM_3,100,3577.837599667,3707.151171399,129.313571732
0,poi_bus_108,108,Alger,unity,1,4,2020-01-01T04:00:00+00:00,14,branch_C12-1_sustained,branch,C12-1,bounded,continuous,174.979166667,0,692.511540751,-100,0.000000001,true,true,false,constraint_violation,0.898436072,307,1.085048537,210,0.051563928,1.126720716,CA-1,139.60224651,115_STEAM_3,169.504148049,316_STEAM_1,0,115,115_STEAM_3,100,3577.837599667,3717.439846177,139.60224651
0,poi_bus_108,108,Alger,unity,1,4,2020-01-01T04:00:00+00:00,15,branch_C27_immediate,branch,C27,fixed,short_term,174.979166667,0,692.511540751,-100,0.000000001,true,true,false,constraint_violation,0.964582567,108,1.086140113,210,0.036140113,1.000219923,C29,40.485315747,115_STEAM_3,72.02240322,314_SYNC_COND_1,0,115,115_STEAM_3,100,3577.837599667,3711.322915414,133.485315747
0,poi_bus_108,108,Alger,unity,1,4,2020-01-01T04:00:00+00:00,16,branch_C27_sustained,branch,C27,bounded,continuous,174.979166667,0,692.511540751,-100,0.000000001,true,true,false,constraint_violation,0.966542291,108,1.084830392,210,0.034830392,0.896281315,C10,89.311481167,115_STEAM_3,65.823709129,314_SYNC_COND_1,0,115,115_STEAM_3,100,3577.837599667,3667.149080834,89.311481167
0,poi_bus_108,108,Alger,unity,1,4,2020-01-01T04:00:00+00:00,17,branch_C6_immediate,branch,C6,fixed,short_term,174.979166667,0,692.511540751,-100,0.000000001,true,true,false,constraint_violation,0.963738137,108,1.086305065,210,0.036305065,0.808012266,C2,37.885952788,115_STEAM_3,56.178151596,314_SYNC_COND_1,0,115,115_STEAM_3,100,3577.837599667,3708.723552455,130.885952788
0,poi_bus_108,108,Alger,unity,1,4,2020-01-01T04:00:00+00:00,18,branch_C6_sustained,branch,C6,bounded,continuous,174.979166667,0,692.511540751,100,0,true,true,false,constraint_violation,0.963346251,108,1.086133213,210,0.036133213,1.020046174,C2,73.206243562,116_STEAM_1,49.913667074,116_STEAM_1,0,116,116_STEAM_1,100,3577.837599667,3744.043843229,166.206243562
0,poi_bus_108,108,Alger,unity,1,4,2020-01-01T04:00:00+00:00,19,branch_CA-1_immediate,branch,CA-1,fixed,short_term,174.979166667,0,692.511540751,-100,0.000000001,true,true,false,constraint_violation,0.955162454,108,1.087167693,210,0.037167693,0.779580469,C10,49.917190963,115_STEAM_3,69.039733508,314_SYNC_COND_1,0,115,115_STEAM_3,100,3577.837599667,3720.75479063,142.917190963
0,poi_bus_108,108,Alger,unity,1,4,2020-01-01T04:00:00+00:00,20,branch_CA-1_sustained,branch,CA-1,bounded,continuous,174.979166667,0,692.511540751,100,0,true,true,false,constraint_violation,0.957559012,108,1.08688212,210,0.03688212,1.065719756,A28,82.57207048,116_STEAM_1,153.792200878,316_STEAM_1,0,116,116_STEAM_1,100,3577.837599667,3753.409670147,175.57207048
0,poi_bus_108,108,Alger,unity,1,4,2020-01-01T04:00:00+00:00,21,generator_121_NUCLEAR_1_sustained,generator,121_NUCLEAR_1,bounded,continuous,174.979166667,0,692.511540751,-100,0,true,true,false,constraint_violation,0.963286249,108,1.086732006,210,0.036732006,0.933915199,C6,131.837574249,115_STEAM_3,81.731112193,316_STEAM_1,0,115,115_STEAM_3,99,3577.837599667,3709.675173916,131.837574249
0,poi_bus_108,108,Alger,unity,1,4,2020-01-01T04:00:00+00:00,22,generator_213_CC_3_sustained,generator,213_CC_3,bounded,continuous,174.979166667,0,692.511540751,-100,0,true,true,false,constraint_violation,0.96847327,108,1.084280962,210,0.034280962,0.951606458,C27,32.600937758,316_STEAM_1,99.848633611,316_STEAM_1,0,316,316_STEAM_1,100,3577.837599667,3664.400937758,86.563338091
0,poi_bus_108,108,Alger,unity,1,4,2020-01-01T04:00:00+00:00,23,generator_313_CC_1_sustained,generator,313_CC_1,bounded,continuous,174.979166667,0,692.511540751,99.999999999,0.000000001,true,true,false,constraint_violation,0.962998717,108,1.084953722,210,0.034953722,1.113629721,CA-1,150.684559832,115_STEAM_3,139.307555792,316_STEAM_1,0,115,115_STEAM_3,100,3577.837599666,3728.522159498,150.684559832
0,poi_bus_108,108,Alger,unity,1,5,2020-01-01T05:00:00+00:00,0,normal,normal,,base,continuous,180.208333333,0,747.327172653,-100,0.000000001,true,true,false,constraint_violation,0.951989793,108,1.082119612,210,0.032119612,0.968447153,C6,37.669536872,316_STEAM_1,54.307107814,314_SYNC_COND_1,0,316,316_STEAM_1,100,3852.419440333,3983.088977205,130.669536872
0,poi_bus_108,108,Alger,unity,1,5,2020-01-01T05:00:00+00:00,1,branch_A11_immediate,branch,A11,fixed,short_term,180.208333333,0,747.327172653,-100,0.000000001,true,true,false,constraint_violation,0.931868742,108,1.082994691,210,0.032994691,0.770603361,C6,37.954788313,316_STEAM_1,54.302507116,314_SYNC_COND_1,0,316,316_STEAM_1,100,3852.419440333,3983.374228646,130.954788313
0,poi_bus_108,108,Alger,unity,1,5,2020-01-01T05:00:00+00:00,2,branch_A11_sustained,branch,A11,bounded,continuous,180.208333333,0,747.327172653,-100,0.000000001,true,true,false,constraint_violation,0.928951419,108,1.08322903,210,0.03322903,1.129787026,CA-1,158.7066072,115_STEAM_3,156.553190691,316_STEAM_1,0,115,115_STEAM_3,100,3852.419440333,4011.126047533,158.7066072
0,poi_bus_108,108,Alger,unity,1,5,2020-01-01T05:00:00+00:00,3,branch_A12-1_immediate,branch,A12-1,fixed,short_term,180.208333333,0,747.327172653,-100,0,true,true,false,constraint_violation,0.84506003,108,1.078756215,210,0.10493997,1.092990212,A13-2,58.244322356,316_STEAM_1,54.300165499,314_SYNC_COND_1,0,316,316_STEAM_1,100,3852.419440333,4003.663762689,151.244322356
0,poi_bus_108,108,Alger,unity,1,5,2020-01-01T05:00:00+00:00,4,branch_A12-1_sustained,branch,A12-1,bounded,continuous,180.208333333,0,747.327172653,-99.999999999,0,true,true,false,constraint_violation,0.853996063,108,1.078041932,210,0.096003937,1.222808984,A13-2,25.502127241,115_STEAM_3,33.770459481,314_SYNC_COND_1,0,115,115_STEAM_3,100,3852.419440334,3970.921567575,118.502127241
0,poi_bus_108,108,Alger,unity,1,5,2020-01-01T05:00:00+00:00,5,branch_A34_immediate,branch,A34,fixed,short_term,180.208333333,0,747.327172653,-100,0,true,true,false,constraint_violation,0.952306029,108,1.082090924,210,0.032090924,1.022235061,A30,70.610414369,316_STEAM_1,101.63535951,116_STEAM_1,0,316,316_STEAM_1,100,3852.419440333,4016.029854702,163.610414369
0,poi_bus_108,108,Alger,unity,1,5,2020-01-01T05:00:00+00:00,6,branch_A34_sustained,branch,A34,bounded,continuous,180.208333333,0,747.327172653,100,0.000000001,true,true,false,constraint_violation,0.948112209,108,1.081732491,210,0.031732491,1.008004238,A30,139.43440352,115_STEAM_3,42.801070405,314_SYNC_COND_1,0,115,115_STEAM_3,100,3852.419440333,3991.853843853,139.43440352
0,poi_bus_108,108,Alger,unity,1,5,2020-01-01T05:00:00+00:00,7,branch_B12-1_immediate,branch,B12-1,fixed,short_term,180.208333333,0,747.327172653,-100,0,true,true,false,constraint_violation,0.942594489,207,1.074913975,310,0.024913975,0.770479118,C6,42.281058853,316_STEAM_1,54.298201541,314_SYNC_COND_1,0,316,316_STEAM_1,100,3852.419440333,3987.700499186,135.281058853
0,poi_bus_108,108,Alger,unity,1,5,2020-01-01T05:00:00+00:00,8,branch_B12-1_sustained,branch,B12-1,bounded,continuous,180.208333333,0,747.327172653,-61.68767692,0.000000001,true,true,false,constraint_violation,0.944514297,207,1.070748653,210,0.020748653,0.915828824,CA-1,60.551757156,316_STEAM_1,140.588908038,316_STEAM_1,0,316,316_STEAM_1,100,3852.419440333,4005.971197489,153.551757156
0,poi_bus_108,108,Alger,unity,1,5,2020-01-01T05:00:00+00:00,9,branch_B22_immediate,branch,B22,fixed,short_term,180.208333333,0,747.327172653,-99.999999999,0,true,true,false,constraint_violation,0.948755418,108,1.074966487,310,0.024966487,0.776460547,C6,47.803583598,316_STEAM_1,54.110706772,314_SYNC_COND_1,0,316,316_STEAM_1,100,3852.419440333,3993.223023931,140.803583598
0,poi_bus_108,108,Alger,unity,1,5,2020-01-01T05:00:00+00:00,10,branch_B22_sustained,branch,B22,bounded,continuous,180.208333333,0,747.327172653,-100,0.000000002,true,true,false,constraint_violation,0.946038973,108,1.0766545,210,0.0266545,0.91691313,CA-1,57.445041944,316_STEAM_1,144.9604483,316_STEAM_1,0,316,316_STEAM_1,100,3852.419440333,4002.864482277,150.445041944
0,poi_bus_108,108,Alger,unity,1,5,2020-01-01T05:00:00+00:00,11,branch_B6_immediate,branch,B6,fixed,short_term,180.208333333,0,747.327172653,-100.000000001,0.000000001,true,true,false,constraint_violation,0.945810074,108,1.085364828,210,0.035364828,0.770748823,C6,37.955748825,316_STEAM_1,54.299932511,314_SYNC_COND_1,0,316,316_STEAM_1,100,3852.419440333,3983.375189158,130.955748825
0,poi_bus_108,108,Alger,unity,1,5,2020-01-01T05:00:00+00:00,12,branch_B6_sustained,branch,B6,bounded,continuous,180.208333333,0,747.327172653,-100,0.000000001,true,true,false,constraint_violation,0.942830295,108,1.086521619,210,0.036521619,0.902330037,C10,125.629449017,115_STEAM_3,144.364124277,316_STEAM_1,0,115,115_STEAM_3,100,3852.419440333,3978.04888935,125.629449017
0,poi_bus_108,108,Alger,unity,1,5,2020-01-01T05:00:00+00:00,13,branch_C12-1_immediate,branch,C12-1,fixed,short_term,180.208333333,0,747.327172653,-100,0,true,true,false,constraint_violation,0.895324621,307,1.082113503,210,0.054675379,0.76085805,B10,44.205582308,316_STEAM_1,22.711580446,314_SYNC_COND_1,0,316,316_STEAM_1,100,3852.419440333,3989.625022641,137.205582308
0,poi_bus_108,108,Alger,unity,1,5,2020-01-01T05:00:00+00:00,14,branch_C12-1_sustained,branch,C12-1,bounded,continuous,180.208333333,0,747.327172653,-11.18047467,0.000000001,true,true,false,constraint_violation,0.84708721,307,1.082238923,210,0.10291279,1.139566452,CA-1,172.849304033,115_STEAM_3,170.092772654,316_STEAM_1,0,115,115_STEAM_3,100,3852.419440333,4025.268744366,172.849304033
0,poi_bus_108,108,Alger,unity,1,5,2020-01-01T05:00:00+00:00,15,branch_C27_immediate,branch,C27,fixed,short_term,180.208333333,0,747.327172653,-100,0.000000002,true,true,false,constraint_violation,0.952850415,108,1.08180502,210,0.03180502,1.005416027,C29,46.715701503,316_STEAM_1,51.50665501,314_SYNC_COND_1,0,316,316_STEAM_1,100,3852.419440333,3992.135141836,139.715701503
0,poi_bus_108,108,Alger,unity,1,5,2020-01-01T05:00:00+00:00,16,branch_C27_sustained,branch,C27,bounded,continuous,180.208333333,0,747.327172653,-100,0.000000001,true,true,false,constraint_violation,0.948508561,108,1.082289496,210,0.032289496,1.145886601,CA-1,155.839680974,121_NUCLEAR_1,159.574249616,316_STEAM_1,0,121,121_NUCLEAR_1,100,3852.419440334,4012.259121308,159.839680974
0,poi_bus_108,108,Alger,unity,1,5,2020-01-01T05:00:00+00:00,17,branch_C6_immediate,branch,C6,fixed,short_term,180.208333333,0,747.327172653,-100,0.000000001,true,true,false,constraint_violation,0.952233025,108,1.082036383,210,0.032036383,0.899739965,C2,47.416383881,316_STEAM_1,47.96875524,316_STEAM_1,0,316,316_STEAM_1,100,3852.419440333,3992.835824214,140.416383881
0,poi_bus_108,108,Alger,unity,1,5,2020-01-01T05:00:00+00:00,18,branch_C6_sustained,branch,C6,bounded,continuous,180.208333333,0,747.327172653,100,0.000000001,true,true,false,constraint_violation,0.950449402,108,1.081503026,210,0.031503026,1.027536516,C2,65.922359585,216_STEAM_1,47.251399827,116_STEAM_1,0,216,216_STEAM_1,100,3852.419440333,4006.990619691,154.571179358
0,poi_bus_108,108,Alger,unity,1,5,2020-01-01T05:00:00+00:00,19,branch_CA-1_immediate,branch,CA-1,fixed,short_term,180.208333333,0,747.327172653,-100,0.000000001,true,true,false,constraint_violation,0.947834391,108,1.08311431,210,0.03311431,0.814105783,C6,46.356262058,316_STEAM_1,43.896028517,314_SYNC_COND_1,0,316,316_STEAM_1,100,3852.419440333,3991.775702391,139.356262058
0,poi_bus_108,108,Alger,unity,1,5,2020-01-01T05:00:00+00:00,20,branch_CA-1_sustained,branch,CA-1,bounded,continuous,180.208333333,0,747.327172653,-100,0.000000001,true,true,false,constraint_violation,0.931430221,108,1.081944854,210,0.031944854,1.117677642,A28,119.940402319,115_STEAM_3,143.268977257,316_STEAM_1,0,115,115_STEAM_3,100,3852.419440333,4065.359842652,212.940402319
0,poi_bus_108,108,Alger,unity,1,5,2020-01-01T05:00:00+00:00,21,generator_121_NUCLEAR_1_sustained,generator,121_NUCLEAR_1,bounded,continuous,180.208333333,0,747.327172653,-100,0.000000001,true,true,false,constraint_violation,0.95210558,108,1.0819246,210,0.0319246,0.904201935,C6,120.761917851,115_STEAM_3,44.71676368,316_STEAM_1,0,115,115_STEAM_3,99,3852.419440333,3973.181358184,120.761917851
0,poi_bus_108,108,Alger,unity,1,5,2020-01-01T05:00:00+00:00,22,generator_213_CC_3_sustained,generator,213_CC_3,bounded,continuous,180.208333333,0,747.327172653,-100,0,true,true,false,constraint_violation,0.948698314,108,1.082271024,210,0.032271024,1.03728263,CA-1,147.735819097,115_STEAM_3,132.963110513,316_STEAM_1,0,115,115_STEAM_3,100,3852.419440333,4000.15525943,147.735819097
0,poi_bus_108,108,Alger,unity,1,5,2020-01-01T05:00:00+00:00,23,generator_313_CC_1_sustained,generator,313_CC_1,bounded,continuous,180.208333333,0,747.327172653,-100,0.000000002,true,true,false,constraint_violation,0.942953292,108,1.082339911,210,0.032339911,1.020528689,CA-1,163.464257746,115_STEAM_3,163.388050125,316_STEAM_1,0,115,115_STEAM_3,100,3852.419440333,4015.883698079,163.464257746
0,poi_bus_108,108,Alger,unity,1,6,2020-01-01T06:00:00+00:00,0,normal,normal,,base,continuous,184.125,0,803.555549832,-23.633233331,0,true,true,false,constraint_violation,0.939859988,108,1.085872752,310,0.035872752,0.904023561,C10,107.037989754,115_STEAM_3,9.759119517,116_STEAM_1,0,115,115_STEAM_3,102,4132.630719,4270.668708754,138.037989754
0,poi_bus_108,108,Alger,unity,1,6,2020-01-01T06:00:00+00:00,1,branch_A11_immediate,branch,A11,fixed,short_term,184.125,0,803.555549832,-23.633233331,0.000000001,true,true,false,constraint_violation,0.918191381,108,1.085867628,310,0.035867628,0.791018314,C10,107.166086184,115_STEAM_3,9.764276849,116_STEAM_1,0,115,115_STEAM_3,102,4132.630719,4270.796805184,138.166086184
0,poi_bus_108,108,Alger,unity,1,6,2020-01-01T06:00:00+00:00,2,branch_A11_sustained,branch,A11,bounded,continuous,184.125,0,803.555549832,100,0.000000001,true,true,false,constraint_violation,0.91518112,108,1.079018899,310,0.03481888,0.898281461,C10,142.741596211,115_STEAM_3,2.46016538,202_STEAM_3,0,115,115_STEAM_3,102,4132.630719,4275.372315211,142.741596211
0,poi_bus_108,108,Alger,unity,1,6,2020-01-01T06:00:00+00:00,3,branch_A12-1_immediate,branch,A12-1,fixed,short_term,184.125,0,803.555549832,-23.633233331,0,true,true,false,constraint_violation,0.816888001,108,1.085206378,310,0.133111999,1.162844517,A13-2,131.541173119,115_STEAM_3,14.214785684,215_HYDRO_1,0,115,115_STEAM_3,102,4132.630719,4295.171892119,162.541173119
0,poi_bus_108,108,Alger,unity,1,6,2020-01-01T06:00:00+00:00,4,branch_A12-1_sustained,branch,A12-1,bounded,continuous,184.125,0,803.555549832,100,0.000000001,true,true,false,constraint_violation,0.829045372,108,1.089817835,310,0.120954628,1.262916759,A13-2,56.934547258,115_STEAM_3,12.786383366,215_HYDRO_1,0,115,115_STEAM_3,102,4132.630719,4282.565266258,149.934547258
0,poi_bus_108,108,Alger,unity,1,6,2020-01-01T06:00:00+00:00,5,branch_A34_immediate,branch,A34,fixed,short_term,184.125,0,803.555549832,-23.633233331,0,true,true,false,constraint_violation,0.939760264,108,1.086303661,310,0.036303661,1.022125772,A30,140.714828365,115_STEAM_3,101.708652551,116_STEAM_1,0,115,115_STEAM_3,102,4132.630719,4304.345547365,171.714828365
0,poi_bus_108,108,Alger,unity,1,6,2020-01-01T06:00:00+00:00,6,branch_A34_sustained,branch,A34,bounded,continuous,184.125,0,803.555549832,100,0,true,true,false,constraint_violation,0.945156384,108,1.082138678,310,0.032138678,1.015108462,C6,51.727924033,216_STEAM_1,42.057864638,116_STEAM_1,0,216,216_STEAM_1,102,4132.630719,4277.358643033,144.727924033
0,poi_bus_108,108,Alger,unity,1,6,2020-01-01T06:00:00+00:00,7,branch_B12-1_immediate,branch,B12-1,fixed,short_term,184.125,0,803.555549832,-23.633233331,0.000000001,true,true,false,constraint_violation,0.922378935,207,1.085794208,310,0.035794208,0.790984894,C10,112.529624858,115_STEAM_3,10.31615032,116_STEAM_1,0,115,115_STEAM_3,102,4132.630719,4276.160343858,143.529624858
0,poi_bus_108,108,Alger,unity,1,6,2020-01-01T06:00:00+00:00,8,branch_B12-1_sustained,branch,B12-1,bounded,continuous,184.125,0,803.555549832,99.999999999,0,true,true,false,constraint_violation,0.920096014,207,1.068063962,310,0.029903986,0.936021305,C10,146.834660295,115_STEAM_3,9.410560442,316_STEAM_1,0,115,115_STEAM_3,102,4132.630719,4279.465379295,146.834660295
0,poi_bus_108,108,Alger,unity,1,6,2020-01-01T06:00:00+00:00,9,branch_B22_immediate,branch,B22,fixed,short_term,184.125,0,803.555549832,-23.633233331,0,true,true,false,constraint_violation,0.936550269,108,1.086385263,310,0.036385263,0.791228268,C10,115.14492684,115_STEAM_3,13.265621421,116_STEAM_1,0,115,115_STEAM_3,102,4132.630719,4278.77564584,146.14492684
0,poi_bus_108,108,Alger,unity,1,6,2020-01-01T06:00:00+00:00,10,branch_B22_sustained,branch,B22,bounded,continuous,184.125,0,803.555549832,-100,0.000000001,true,true,false,constraint_violation,0.939158134,108,1.07091569,210,0.02091569,1.092613743,CA-1,171.800045895,115_STEAM_3,137.367262625,316_STEAM_1,0,115,115_STEAM_3,102,4132.630719,4304.430764895,171.800045895
0,poi_bus_108,108,Alger,unity,1,6,2020-01-01T06:00:00+00:00,11,branch_B6_immediate,branch,B6,fixed,short_term,184.125,0,803.555549832,-23.633233331,0.000000001,true,true,false,constraint_violation,0.933494814,108,1.085891067,310,0.035891067,0.791028807,C10,107.246933939,115_STEAM_3,9.84668344,116_STEAM_1,0,115,115_STEAM_3,102,4132.630719,4270.877652939,138.246933939
0,poi_bus_108,108,Alger,unity,1,6,2020-01-01T06:00:00+00:00,12,branch_B6_sustained,branch,B6,bounded,continuous,184.125,0,803.555549832,-100,0.000000001,true,true,false,constraint_violation,0.935039935,108,1.080763021,210,0.030763021,1.052179985,CA-1,158.003942588,115_STEAM_3,35.831796122,121_NUCLEAR_1,0,115,115_STEAM_3,102,4132.630719,4290.634661588,158.003942588
0,poi_bus_108,108,Alger,unity,1,6,2020-01-01T06:00:00+00:00,13,branch_C12-1_immediate,branch,C12-1,fixed,short_term,184.125,0,803.555549832,-23.633233331,0,true,true,false,constraint_violation,0.870044615,307,1.078500389,210,0.079955385,0.771641353,C13-2,116.570048199,115_STEAM_3,10.187172069,116_STEAM_1,0,115,115_STEAM_3,102,4132.630719,4280.200767199,147.570048199
0,poi_bus_108,108,Alger,unity,1,6,2020-01-01T06:00:00+00:00,14,branch_C12-1_sustained,branch,C12-1,bounded,continuous,184.125,0,803.555549832,-100,0.000000001,true,true,false,constraint_violation,0.85844963,307,1.077675221,210,0.09155037,0.975061137,C13-2,158.18060819,115_STEAM_3,4.423639682,215_HYDRO_1,0,115,115_STEAM_3,102,4132.630719,4290.81132719,158.18060819
0,poi_bus_108,108,Alger,unity,1,6,2020-01-01T06:00:00+00:00,15,branch_C27_immediate,branch,C27,fixed,short_term,184.125,0,803.555549832,-23.63323333,0.000000001,true,true,false,constraint_violation,0.940867533,108,1.080878501,310,0.030878501,0.937884371,C29,117.615709431,115_STEAM_3,3.830715029,101_STEAM_3,0,115,115_STEAM_3,102,4132.630719,4281.246428431,148.615709431
0,poi_bus_108,108,Alger,unity,1,6,2020-01-01T06:00:00+00:00,16,branch_C27_sustained,branch,C27,bounded,continuous,184.125,0,803.555549832,-100.000000001,0,true,true,false,constraint_violation,0.946052102,108,1.080940449,310,0.030940449,0.998974459,C29,115.467150461,115_STEAM_3,6.039939308,101_STEAM_3,0,115,115_STEAM_3,102,4132.630719,4248.097869461,115.467150461
0,poi_bus_108,108,Alger,unity,1,6,2020-01-01T06:00:00+00:00,17,branch_C6_immediate,branch,C6,fixed,short_term,184.125,0,803.555549832,-23.633233331,0.000000001,true,true,false,constraint_violation,0.939993119,108,1.078451995,210,0.028451995,0.850900784,C2,115.563384916,115_STEAM_3,8.745064252,116_STEAM_1,0,115,115_STEAM_3,102,4132.630719,4279.194103916,146.563384916
0,poi_bus_108,108,Alger,unity,1,6,2020-01-01T06:00:00+00:00,18,branch_C6_sustained,branch,C6,bounded,continuous,184.125,0,803.555549832,-100,0.000000001,true,true,false,constraint_violation,0.941628623,108,1.077503859,210,0.027503859,1.120320143,CA-1,168.164512042,115_STEAM_3,141.802206231,316_STEAM_1,0,115,115_STEAM_3,102,4132.630719,4300.795231042,168.164512042
0,poi_bus_108,108,Alger,unity,1,6,2020-01-01T06:00:00+00:00,19,branch_CA-1_immediate,branch,CA-1,fixed,short_term,184.125,0,803.555549832,-23.633233331,0.000000001,true,true,false,constraint_violation,0.923783858,108,1.083671041,310,0.033671041,0.804931896,C6,155.226266753,115_STEAM_3,87.095311113,116_STEAM_1,0,115,115_STEAM_3,102,4132.630719,4318.856985753,186.226266753
0,poi_bus_108,108,Alger,unity,1,6,2020-01-01T06:00:00+00:00,20,branch_CA-1_sustained,branch,CA-1,bounded,continuous,184.125,0,803.555549832,72.467635999,0.000000002,true,true,false,constraint_violation,0.912604322,108,1.081429374,310,0.037395678,1.195400351,CB-1,254.559754343,115_STEAM_3,120.200199793,116_STEAM_1,0,115,115_STEAM_3,102,4132.630719,4387.190473343,254.559754343
0,poi_bus_108,108,Alger,unity,1,6,2020-01-01T06:00:00+00:00,21,generator_121_NUCLEAR_1_sustained,generator,121_NUCLEAR_1,bounded,continuous,184.125,0,803.555549832,-100.000000001,0,true,true,false,constraint_violation,0.945148628,108,1.076977453,210,0.026977453,0.913216795,C6,122.114120317,115_STEAM_3,65.317402255,316_STEAM_1,0,115,115_STEAM_3,101,4132.630719,4254.744839317,122.114120317
0,poi_bus_108,108,Alger,unity,1,6,2020-01-01T06:00:00+00:00,22,generator_213_CC_3_sustained,generator,213_CC_3,bounded,continuous,184.125,0,803.555549832,-100.000000001,0,true,true,false,constraint_violation,0.946155506,108,1.088322373,310,0.038322373,0.925756442,C6,99.215023955,115_STEAM_3,6.076699806,101_STEAM_3,0,115,115_STEAM_3,102,4132.630719,4231.845742955,99.215023955
0,poi_bus_108,108,Alger,unity,1,6,2020-01-01T06:00:00+00:00,23,generator_313_CC_1_sustained,generator,313_CC_1,bounded,continuous,184.125,0,803.555549832,-100,0.000000001,true,true,false,constraint_violation,0.941094073,108,1.077543394,210,0.027543394,1.051574146,CA-1,157.866485137,115_STEAM_3,35.627918772,121_NUCLEAR_1,0,115,115_STEAM_3,102,4132.630719,4290.497204137,157.866485137
0,poi_bus_108,108,Alger,unity,1,7,2020-01-01T07:00:00+00:00,0,normal,normal,,base,continuous,188.895833333,0,811.340510695,100,0.000000001,true,true,false,constraint_violation,0.939962701,108,1.07894188,210,0.02894188,0.930648147,C10,31.931560033,115_STEAM_3,53.440825917,314_SYNC_COND_1,0,115,115_STEAM_3,100,4175.655239333,4300.586799366,124.931560033
0,poi_bus_108,108,Alger,unity,1,7,2020-01-01T07:00:00+00:00,1,branch_A11_immediate,branch,A11,fixed,short_term,188.895833333,0,811.340510695,100.000000001,0,true,true,false,constraint_violation,0.916214355,108,1.079993894,210,0.033785645,0.814308911,C10,32.198314424,115_STEAM_3,53.441669093,314_SYNC_COND_1,0,115,115_STEAM_3,100,4175.655239333,4300.853553757,125.198314424
0,poi_bus_108,108,Alger,unity,1,7,2020-01-01T07:00:00+00:00,2,branch_A11_sustained,branch,A11,bounded,continuous,188.895833333,0,811.340510695,-99.999999999,0,true,true,false,constraint_violation,0.920158749,108,1.080406928,210,0.030406928,0.889397088,C10,37.285152636,216_STEAM_1,139.830503391,316_STEAM_1,0,216,216_STEAM_1,100,4175.655239333,4305.940391969,130.285152636
0,poi_bus_108,108,Alger,unity,1,7,2020-01-01T07:00:00+00:00,3,branch_A12-1_immediate,branch,A12-1,fixed,short_term,188.895833333,0,811.340510695,100,0.000000001,true,true,false,constraint_violation,0.81612073,108,1.075117861,210,0.13387927,1.162364072,A13-2,56.332244187,115_STEAM_3,53.356664389,314_SYNC_COND_1,0,115,115_STEAM_3,100,4175.655239333,4324.98748352,149.332244187
0,poi_bus_108,108,Alger,unity,1,7,2020-01-01T07:00:00+00:00,4,branch_A12-1_sustained,branch,A12-1,bounded,continuous,188.895833333,0,811.340510695,39.37273647,0.000000001,true,true,false,constraint_violation,0.834760258,108,1.074161406,210,0.115239742,1.259366396,A13-2,104.268218685,115_STEAM_3,42.21248043,316_STEAM_1,0,115,115_STEAM_3,100,4175.655239333,4279.923458018,104.268218685
0,poi_bus_108,108,Alger,unity,1,7,2020-01-01T07:00:00+00:00,5,branch_A34_immediate,branch,A34,fixed,short_term,188.895833333,0,811.340510695,100,0.000000001,true,true,false,constraint_violation,0.939923242,108,1.079017686,210,0.029017686,0.875114636,A30,54.570303833,115_STEAM_3,86.221046828,116_STEAM_1,0,115,115_STEAM_3,100,4175.655239333,4323.225543166,147.570303833
0,poi_bus_108,108,Alger,unity,1,7,2020-01-01T07:00:00+00:00,6,branch_A34_sustained,branch,A34,bounded,continuous,188.895833333,0,811.340510695,-100,0.000000002,true,true,false,constraint_violation,0.907947131,307,1.07928308,210,0.042052869,1.007939716,A30,68.844006459,316_STEAM_1,203.410295779,316_STEAM_1,0,316,316_STEAM_1,100,4175.655239333,4337.499245792,161.844006459
0,poi_bus_108,108,Alger,unity,1,7,2020-01-01T07:00:00+00:00,7,branch_B12-1_immediate,branch,B12-1,fixed,short_term,188.895833333,0,811.340510695,100.000000001,0.000000001,true,true,false,constraint_violation,0.925452509,207,1.069711599,310,0.024547491,0.814360905,C10,37.405442199,115_STEAM_3,53.435476514,314_SYNC_COND_1,0,115,115_STEAM_3,100,4175.655239333,4306.060681532,130.405442199
0,poi_bus_108,108,Alger,unity,1,7,2020-01-01T07:00:00+00:00,8,branch_B12-1_sustained,branch,B12-1,bounded,continuous,188.895833333,0,811.340510695,-100,0.000000001,true,true,false,constraint_violation,0.925590013,108,1.06679332,210,0.024409987,0.969520699,A12-1,153.254942359,115_STEAM_3,86.030744066,316_STEAM_1,0,115,115_STEAM_3,100,4175.655239333,4328.910181692,153.254942359
0,poi_bus_108,108,Alger,unity,1,7,2020-01-01T07:00:00+00:00,9,branch_B22_immediate,branch,B22,fixed,short_term,188.895833333,0,811.340510695,100.000000001,0.000000001,true,true,false,constraint_violation,0.93606413,108,1.07039592,210,0.02039592,0.813941992,C10,42.189434777,115_STEAM_3,53.437390712,314_SYNC_COND_1,0,115,115_STEAM_3,100,4175.655239333,4310.84467411,135.189434777
0,poi_bus_108,108,Alger,unity,1,7,2020-01-01T07:00:00+00:00,10,branch_B22_sustained,branch,B22,bounded,continuous,188.895833333,0,811.340510695,-99.999999999,0,true,true,false,constraint_violation,0.908356848,307,1.074163057,210,0.041643152,1.144884031,CA-1,171.162002426,115_STEAM_3,245.754221659,316_STEAM_1,0,115,115_STEAM_3,100,4175.655239334,4351.355278243,175.700038909
0,poi_bus_108,108,Alger,unity,1,7,2020-01-01T07:00:00+00:00,11,branch_B6_immediate,branch,B6,fixed,short_term,188.895833333,0,811.340510695,100,0.000000002,true,true,false,constraint_violation,0.933663349,108,1.082231908,210,0.032231908,0.814302415,C10,32.161629332,115_STEAM_3,53.442300871,314_SYNC_COND_1,0,115,115_STEAM_3,100,4175.655239333,4300.816868665,125.161629332
0,poi_bus_108,108,Alger,unity,1,7,2020-01-01T07:00:00+00:00,12,branch_B6_sustained,branch,B6,bounded,continuous,188.895833333,0,811.340510695,-100,0.000000001,true,true,false,constraint_violation,0.921772113,307,1.082418934,210,0.032418934,1.061311966,CA-1,56.331384831,216_STEAM_1,222.128146077,316_STEAM_1,0,216,216_STEAM_1,100,4175.655239333,4324.986624164,149.331384831
0,poi_bus_108,108,Alger,unity,1,7,2020-01-01T07:00:00+00:00,13,branch_C12-1_immediate,branch,C12-1,fixed,short_term,188.895833333,0,811.340510695,100,0,true,true,false,constraint_violation,0.845582653,307,1.078967112,210,0.104417347,0.763969325,C13-2,40.623074024,115_STEAM_3,24.759292715,316_STEAM_1,0,115,115_STEAM_3,100,4175.655239333,4309.278313357,133.623074024
0,poi_bus_108,108,Alger,unity,1,7,2020-01-01T07:00:00+00:00,14,branch_C12-1_sustained,branch,C12-1,bounded,continuous,188.895833333,0,811.340510695,-100,0.000000001,true,true,false,constraint_violation,0.776000751,307,1.081272752,210,0.173999249,0.996989853,C13-2,164.568001774,115_STEAM_3,162.373795851,316_STEAM_1,0,115,115_STEAM_3,100,4175.655239333,4340.223241107,164.568001774
0,poi_bus_108,108,Alger,unity,1,7,2020-01-01T07:00:00+00:00,15,branch_C27_immediate,branch,C27,fixed,short_term,188.895833333,0,811.340510695,100,0.000000002,true,true,false,constraint_violation,0.940649448,108,1.078746236,210,0.028746236,0.909137179,C29,36.454239558,115_STEAM_3,52.832514757,314_SYNC_COND_1,0,115,115_STEAM_3,100,4175.655239333,4305.109478891,129.454239558
0,poi_bus_108,108,Alger,unity,1,7,2020-01-01T07:00:00+00:00,16,branch_C27_sustained,branch,C27,bounded,continuous,188.895833333,0,811.340510695,-12.097191369,0,true,true,false,constraint_violation,0.903467603,307,1.079182976,210,0.046532397,1.143209156,CA-1,161.899205921,115_STEAM_3,239.194583227,316_STEAM_1,0,115,115_STEAM_3,100,4175.655239333,4337.554445254,161.899205921
0,poi_bus_108,108,Alger,unity,1,7,2020-01-01T07:00:00+00:00,17,branch_C6_immediate,branch,C6,fixed,short_term,188.895833333,0,811.340510695,100,0.000000001,true,true,false,constraint_violation,0.940068083,108,1.078912803,210,0.028912803,0.781601529,C10,34.286260175,115_STEAM_3,38.795678376,314_SYNC_COND_1,0,115,115_STEAM_3,100,4175.655239333,4302.941499508,127.286260175
0,poi_bus_108,108,Alger,unity,1,7,2020-01-01T07:00:00+00:00,18,branch_C6_sustained,branch,C6,bounded,continuous,188.895833333,0,811.340510695,-100,0.000000001,true,true,false,constraint_violation,0.901317822,307,1.079283708,210,0.048682178,1.136630946,CA-1,67.127238617,116_STEAM_1,253.960919638,316_STEAM_1,0,116,116_STEAM_1,100,4175.655239334,4335.782477951,160.127238617
0,poi_bus_108,108,Alger,unity,1,7,2020-01-01T07:00:00+00:00,19,branch_CA-1_immediate,branch,CA-1,fixed,short_term,188.895833333,0,811.340510695,100,0.000000001,true,true,false,constraint_violation,0.936259253,108,1.079713372,210,0.029713372,0.805418803,C10,37.078146667,115_STEAM_3,45.97994534,314_SYNC_COND_1,0,115,115_STEAM_3,100,4175.655239333,4305.733386,130.078146667
0,poi_bus_108,108,Alger,unity,1,7,2020-01-01T07:00:00+00:00,20,branch_CA-1_sustained,branch,CA-1,bounded,continuous,188.895833333,0,811.340510695,-69.88627,0,true,true,false,constraint_violation,0.926850618,108,1.078876686,210,0.028876686,1.147934184,CB-1,157.391776437,115_STEAM_3,165.056489395,316_STEAM_1,0,115,115_STEAM_3,100,4175.655239333,4333.04701577,157.391776437
0,poi_bus_108,108,Alger,unity,1,7,2020-01-01T07:00:00+00:00,21,generator_121_NUCLEAR_1_sustained,generator,121_NUCLEAR_1,bounded,continuous,188.895833333,0,811.340510695,-99.999999999,0,true,true,false,constraint_violation,0.952229626,108,1.078487266,210,0.028487266,0.89122773,C10,96.948334259,115_STEAM_3,52.396354373,316_STEAM_1,0,115,115_STEAM_3,99,4175.655239333,4272.603573592,96.948334259
0,poi_bus_108,108,Alger,unity,1,7,2020-01-01T07:00:00+00:00,22,generator_213_CC_3_sustained,generator,213_CC_3,bounded,continuous,188.895833333,0,811.340510695,-100,0.000000001,true,true,false,constraint_violation,0.941280799,108,1.079154047,210,0.029154047,0.880482585,C10,29.094334864,216_STEAM_1,132.202862996,316_STEAM_1,0,216,216_STEAM_1,100,4175.655239333,4297.749574197,122.094334864
0,poi_bus_108,108,Alger,unity,1,7,2020-01-01T07:00:00+00:00,23,generator_313_CC_1_sustained,generator,313_CC_1,bounded,continuous,188.895833333,0,811.340510695,-100.000000001,0.000000001,true,true,false,constraint_violation,0.905069123,307,1.079277855,210,0.044930877,1.143903017,CA-1,156.643998118,115_STEAM_3,264.62314957,316_STEAM_1,0,115,115_STEAM_3,100,4175.655239334,4332.299237452,156.643998118
0,poi_bus_108,108,Alger,unity,1,8,2020-01-01T08:00:00+00:00,0,normal,normal,,base,continuous,189.3125,0,814.578910372,100,0.000000001,true,true,false,constraint_violation,0.946409458,108,1.080755877,210,0.030755877,0.973634685,C10,28.53318206,115_STEAM_3,65.972331843,314_SYNC_COND_1,0,115,115_STEAM_3,100,4191.984732,4313.51791406,121.53318206
0,poi_bus_108,108,Alger,unity,1,8,2020-01-01T08:00:00+00:00,1,branch_A11_immediate,branch,A11,fixed,short_term,189.3125,0,814.578910372,99.999999999,0,true,true,false,constraint_violation,0.924842183,108,1.081730021,210,0.031730021,0.851944906,C10,28.433279622,115_STEAM_3,65.97089422,314_SYNC_COND_1,0,115,115_STEAM_3,100,4191.984732,4313.418011622,121.433279622
0,poi_bus_108,108,Alger,unity,1,8,2020-01-01T08:00:00+00:00,2,branch_A11_sustained,branch,A11,bounded,continuous,189.3125,0,814.578910372,-99.999999999,0.000000001,true,true,false,constraint_violation,0.930087678,108,1.083139045,210,0.033139045,0.969878173,C10,56.41715438,316_STEAM_1,57.151619509,316_STEAM_1,0,316,316_STEAM_1,100,4191.984732,4298.81715438,106.83242238
0,poi_bus_108,108,Alger,unity,1,8,2020-01-01T08:00:00+00:00,3,branch_A12-1_immediate,branch,A12-1,fixed,short_term,189.3125,0,814.578910372,100.000000001,0.000000001,true,true,false,constraint_violation,0.832699813,108,1.077394671,210,0.117300187,1.148150177,A13-2,51.148109762,115_STEAM_3,65.887638527,314_SYNC_COND_1,0,115,115_STEAM_3,100,4191.984732,4336.132841762,144.148109762
0,poi_bus_108,108,Alger,unity,1,8,2020-01-01T08:00:00+00:00,4,branch_A12-1_sustained,branch,A12-1,bounded,continuous,189.3125,0,814.578910372,99.999999999,0,true,true,false,constraint_violation,0.847953612,108,1.075747197,210,0.102046388,1.231546399,A13-2,24.695319805,115_STEAM_3,44.286595456,316_STEAM_1,0,115,115_STEAM_3,100,4191.984732,4309.680051805,117.695319805
0,poi_bus_108,108,Alger,unity,1,8,2020-01-01T08:00:00+00:00,5,branch_A34_immediate,branch,A34,fixed,short_term,189.3125,0,814.578910372,100,0.000000001,true,true,false,constraint_violation,0.946376314,108,1.080805142,210,0.030805142,0.851714318,C10,42.697698271,115_STEAM_3,66.091731704,116_STEAM_1,0,115,115_STEAM_3,100,4191.984732,4327.682430271,135.697698271
0,poi_bus_108,108,Alger,unity,1,8,2020-01-01T08:00:00+00:00,6,branch_A34_sustained,branch,A34,bounded,continuous,189.3125,0,814.578910372,-99.999999999,0.000000001,true,true,false,constraint_violation,0.890571869,307,1.080120278,210,0.059428131,1.144994416,CA-1,91.333795939,116_STEAM_1,296.421042203,316_STEAM_1,0,116,116_STEAM_1,100,4191.984732,4376.318527939,184.333795939
0,poi_bus_108,108,Alger,unity,1,8,2020-01-01T08:00:00+00:00,7,branch_B12-1_immediate,branch,B12-1,fixed,short_term,189.3125,0,814.578910372,100,0,true,true,false,constraint_violation,0.931321215,207,1.073286476,310,0.023286476,0.851982404,C10,33.814648941,115_STEAM_3,65.966707741,314_SYNC_COND_1,0,115,115_STEAM_3,100,4191.984732,4318.799380941,126.814648941
0,poi_bus_108,108,Alger,unity,1,8,2020-01-01T08:00:00+00:00,8,branch_B12-1_sustained,branch,B12-1,bounded,continuous,189.3125,0,814.578910372,-100,0.000000001,true,true,false,constraint_violation,0.914791028,307,1.068476339,210,0.035208972,0.934698074,A12-1,141.664088102,115_STEAM_3,150.013143711,316_STEAM_1,0,115,115_STEAM_3,100,4191.984732,4333.648820102,141.664088102
0,poi_bus_108,108,Alger,unity,1,8,2020-01-01T08:00:00+00:00,9,branch_B22_immediate,branch,B22,fixed,short_term,189.3125,0,814.578910372,100,0,true,true,false,constraint_violation,0.942660882,108,1.073342409,310,0.023342409,0.851514328,C10,37.356908347,115_STEAM_3,65.975572698,314_SYNC_COND_1,0,115,115_STEAM_3,100,4191.984732,4322.341640347,130.356908347
0,poi_bus_108,108,Alger,unity,1,8,2020-01-01T08:00:00+00:00,10,branch_B22_sustained,branch,B22,bounded,continuous,189.3125,0,814.578910372,-99.999999999,0.000000001,true,true,false,constraint_violation,0.935624812,108,1.074710355,210,0.024710355,0.916535228,A12-1,136.921138755,115_STEAM_3,137.233416004,316_STEAM_1,0,115,115_STEAM_3,100,4191.984732,4328.905870755,136.921138755
0,poi_bus_108,108,Alger,unity,1,8,2020-01-01T08:00:00+00:00,11,branch_B6_immediate,branch,B6,fixed,short_term,189.3125,0,814.578910372,100,0.000000001,true,true,false,constraint_violation,0.940585944,108,1.083857464,210,0.033857464,0.851930737,C10,28.653701626,115_STEAM_3,65.972294918,314_SYNC_COND_1,0,115,115_STEAM_3,100,4191.984732,4313.638433626,121.653701626
0,poi_bus_108,108,Alger,unity,1,8,2020-01-01T08:00:00+00:00,12,branch_B6_sustained,branch,B6,bounded,continuous,189.3125,0,814.578910372,-100,0.000000001,true,true,false,constraint_violation,0.912623062,307,1.083094709,210,0.037376938,0.947911137,CA-1,35.955807004,116_STEAM_1,207.010006607,316_STEAM_1,0,116,116_STEAM_1,100,4191.984732,4320.940539004,128.955807004
0,poi_bus_108,108,Alger,unity,1,8,2020-01-01T08:00:00+00:00,13,branch_C12-1_immediate,branch,C12-1,fixed,short_term,189.3125,0,814.578910372,100,0.000000001,true,true,false,constraint_violation,0.866837448,307,1.080770436,210,0.083162552,0.793334167,C10,35.210324695,115_STEAM_3,37.113682448,314_SYNC_COND_1,0,115,115_STEAM_3,100,4191.984732,4320.195056695,128.210324695
0,poi_bus_108,108,Alger,unity,1,8,2020-01-01T08:00:00+00:00,14,branch_C12-1_sustained,branch,C12-1,bounded,continuous,189.3125,0,814.578910372,-100,0,true,true,false,constraint_violation,0.824084711,307,1.079719943,210,0.125915289,0.892748427,C13-2,106.322280918,115_STEAM_3,94.768979866,316_STEAM_1,0,115,115_STEAM_3,100,4191.984732,4298.307012918,106.322280918
0,poi_bus_108,108,Alger,unity,1,8,2020-01-01T08:00:00+00:00,15,branch_C27_immediate,branch,C27,fixed,short_term,189.3125,0,814.578910372,100,0,true,true,false,constraint_violation,0.946824312,108,1.080671943,210,0.030671943,0.880407324,C29,29.979298295,115_STEAM_3,66.056246421,314_SYNC_COND_1,0,115,115_STEAM_3,100,4191.984732,4314.964030295,122.979298295
0,poi_bus_108,108,Alger,unity,1,8,2020-01-01T08:00:00+00:00,16,branch_C27_sustained,branch,C27,bounded,continuous,189.3125,0,814.578910372,-100,0.000000001,true,true,false,constraint_violation,0.928941759,307,1.080316835,210,0.030316835,0.918384577,C10,24.719287552,216_STEAM_1,148.211883387,316_STEAM_1,0,216,216_STEAM_1,100,4191.984732,4309.704019552,117.719287552
0,poi_bus_108,108,Alger,unity,1,8,2020-01-01T08:00:00+00:00,17,branch_C6_immediate,branch,C6,fixed,short_term,189.3125,0,814.578910372,100,0,true,true,false,constraint_violation,0.946459324,108,1.080746018,210,0.030746018,0.840151497,C10,28.89440285,115_STEAM_3,60.879412154,314_SYNC_COND_1,0,115,115_STEAM_3,100,4191.984732,4313.87913485,121.89440285
0,poi_bus_108,108,Alger,unity,1,8,2020-01-01T08:00:00+00:00,18,branch_C6_sustained,branch,C6,bounded,continuous,189.3125,0,814.578910372,-99.999999999,0.000000001,true,true,false,constraint_violation,0.951192053,307,1.080199237,210,0.030199237,0.899628849,C10,0,101_STEAM_3,30.730779963,316_STEAM_1,0,316,316_STEAM_1,100,4191.984732,4271.06418996,79.07945796
0,poi_bus_108,108,Alger,unity,1,8,2020-01-01T08:00:00+00:00,19,branch_CA-1_immediate,branch,CA-1,fixed,short_term,189.3125,0,814.578910372,100,0.000000001,true,true,false,constraint_violation,0.946369011,108,1.08076376,210,0.03076376,0.848598858,C10,28.548771847,115_STEAM_3,61.910657922,314_SYNC_COND_1,0,115,115_STEAM_3,100,4191.984732,4313.533503847,121.548771847
0,poi_bus_108,108,Alger,unity,1,8,2020-01-01T08:00:00+00:00,20,branch_CA-1_sustained,branch,CA-1,bounded,continuous,189.3125,0,814.578910372,26.417767,0,true,true,false,constraint_violation,0.944680207,108,1.08214116,210,0.03214116,0.924462291,C10,53.087279464,316_STEAM_1,122.26804866,316_STEAM_1,0,316,316_STEAM_1,100,4191.984732,4330.287279464,138.302547464
0,poi_bus_108,108,Alger,unity,1,8,2020-01-01T08:00:00+00:00,21,generator_121_NUCLEAR_1_sustained,generator,121_NUCLEAR_1,bounded,continuous,189.3125,0,814.578910372,100,0,true,true,false,constraint_violation,0.955721488,108,1.079362413,210,0.029362413,0.942333853,C10,81.785248501,115_STEAM_3,46.098933175,314_SYNC_COND_1,0,115,115_STEAM_3,99,4191.984732,4273.769980501,81.785248501
0,poi_bus_108,108,Alger,unity,1,8,2020-01-01T08:00:00+00:00,22,generator_213_CC_3_sustained,generator,213_CC_3,bounded,continuous,189.3125,0,814.578910372,-100,0.000000001,true,true,false,constraint_violation,0.939733592,307,1.080456617,210,0.030456617,0.911753206,C10,113.127423265,115_STEAM_3,116.369066218,316_STEAM_1,0,115,115_STEAM_3,100,4191.984732,4305.112155265,113.127423265
0,poi_bus_108,108,Alger,unity,1,8,2020-01-01T08:00:00+00:00,23,generator_313_CC_1_sustained,generator,313_CC_1,bounded,continuous,189.3125,0,814.578910372,-100,0.000000001,true,true,false,constraint_violation,0.918101372,307,1.082156681,210,0.032156681,0.915806549,CA-1,132.160011156,115_STEAM_3,201.088998096,316_STEAM_1,0,115,115_STEAM_3,100,4191.984732,4324.144743156,132.160011156
0,poi_bus_108,108,Alger,unity,1,9,2020-01-01T09:00:00+00:00,0,normal,normal,,base,continuous,189.729166667,0,820.615805572,100,0,true,true,false,constraint_violation,0.949090243,108,1.080649924,210,0.030649924,0.986412847,C10,20.287974601,115_STEAM_3,46.406878561,314_SYNC_COND_1,0,115,115_STEAM_3,100,4222.065452667,4335.353427268,113.287974601
0,poi_bus_108,108,Alger,unity,1,9,2020-01-01T09:00:00+00:00,1,branch_A11_immediate,branch,A11,fixed,short_term,189.729166667,0,820.615805572,100,0.000000001,true,true,false,constraint_violation,0.928258781,108,1.081607944,210,0.031607944,0.863134521,C10,20.013614955,115_STEAM_3,46.400328425,314_SYNC_COND_1,0,115,115_STEAM_3,100,4222.065452667,4335.079067622,113.013614955
0,poi_bus_108,108,Alger,unity,1,9,2020-01-01T09:00:00+00:00,2,branch_A11_sustained,branch,A11,bounded,continuous,189.729166667,0,820.615805572,-99.999999999,0.000000001,true,true,false,constraint_violation,0.924007976,307,1.080746964,210,0.030746964,0.913446118,C10,5.897481827,116_STEAM_1,155.185683321,316_STEAM_1,0,116,116_STEAM_1,100,4222.065452667,4320.962934494,98.897481827
0,poi_bus_108,108,Alger,unity,1,9,2020-01-01T09:00:00+00:00,3,branch_A12-1_immediate,branch,A12-1,fixed,short_term,189.729166667,0,820.615805572,100,0,true,true,false,constraint_violation,0.839652929,108,1.077445792,210,0.110347071,1.139210136,A13-2,41.651781315,115_STEAM_3,46.251279073,314_SYNC_COND_1,0,115,115_STEAM_3,100,4222.065452667,4356.717233982,134.651781315
0,poi_bus_108,108,Alger,unity,1,9,2020-01-01T09:00:00+00:00,4,branch_A12-1_sustained,branch,A12-1,bounded,continuous,189.729166667,0,820.615805572,99.999999999,0,true,true,false,constraint_violation,0.857991684,108,1.076047705,210,0.092008316,1.217533075,A13-2,92.440698268,115_STEAM_3,43.640747409,316_STEAM_1,0,115,115_STEAM_3,100,4222.065452667,4314.506150935,92.440698268
0,poi_bus_108,108,Alger,unity,1,9,2020-01-01T09:00:00+00:00,5,branch_A34_immediate,branch,A34,fixed,short_term,189.729166667,0,820.615805572,100,0,true,true,false,constraint_violation,0.949078215,108,1.080680268,210,0.030680268,0.862985134,C10,25.544964848,115_STEAM_3,46.436665037,314_SYNC_COND_1,0,115,115_STEAM_3,100,4222.065452667,4340.610417515,118.544964848
0,poi_bus_108,108,Alger,unity,1,9,2020-01-01T09:00:00+00:00,6,branch_A34_sustained,branch,A34,bounded,continuous,189.729166667,0,820.615805572,-100.000000001,0,true,true,false,constraint_violation,0.927287123,307,1.079822337,210,0.029822337,0.914820726,C10,53.229217811,316_STEAM_1,146.835998976,316_STEAM_1,0,316,316_STEAM_1,100,4222.065452667,4331.929217811,109.863765144
0,poi_bus_108,108,Alger,unity,1,9,2020-01-01T09:00:00+00:00,7,branch_B12-1_immediate,branch,B12-1,fixed,short_term,189.729166667,0,820.615805572,100,0.000000001,true,true,false,constraint_violation,0.930053633,207,1.066119093,210,0.019946367,0.863161279,C10,25.618051089,115_STEAM_3,46.392365662,314_SYNC_COND_1,0,115,115_STEAM_3,100,4222.065452667,4340.683503756,118.618051089
0,poi_bus_108,108,Alger,unity,1,9,2020-01-01T09:00:00+00:00,8,branch_B12-1_sustained,branch,B12-1,bounded,continuous,189.729166667,0,820.615805572,-100,0.000000001,true,true,false,constraint_violation,0.916254476,307,1.065766025,210,0.033745524,0.8977173,C10,43.427246509,316_STEAM_1,177.843751092,316_STEAM_1,0,316,316_STEAM_1,100,4222.065452667,4330.327246509,108.261793842
0,poi_bus_108,108,Alger,unity,1,9,2020-01-01T09:00:00+00:00,9,branch_B22_immediate,branch,B22,fixed,short_term,189.729166667,0,820.615805572,100,0,true,true,false,constraint_violation,0.945333612,108,1.072887215,210,0.022887215,0.862715297,C10,29.01219107,115_STEAM_3,46.472669384,314_SYNC_COND_1,0,115,115_STEAM_3,100,4222.065452667,4344.077643737,122.01219107
0,poi_bus_108,108,Alger,unity,1,9,2020-01-01T09:00:00+00:00,10,branch_B22_sustained,branch,B22,bounded,continuous,189.729166667,0,820.615805572,-100,0,true,true,false,constraint_violation,0.929954535,307,1.074835148,210,0.024835148,0.928139145,C10,10.415763789,316_STEAM_1,119.836525158,316_STEAM_1,0,316,316_STEAM_1,100,4222.065452667,4325.481216456,103.415763789
0,poi_bus_108,108,Alger,unity,1,9,2020-01-01T09:00:00+00:00,11,branch_B6_immediate,branch,B6,fixed,short_term,189.729166667,0,820.615805572,100,0.000000001,true,true,false,constraint_violation,0.94352462,108,1.083641945,210,0.033641945,0.86311549,C10,20.370124934,115_STEAM_3,46.405708866,314_SYNC_COND_1,0,115,115_STEAM_3,100,4222.065452667,4335.435577601,113.370124934
0,poi_bus_108,108,Alger,unity,1,9,2020-01-01T09:00:00+00:00,12,branch_B6_sustained,branch,B6,bounded,continuous,189.729166667,0,820.615805572,-100,0.000000001,true,true,false,constraint_violation,0.896915247,307,1.085084456,210,0.053084753,0.944340024,CA-1,47.660321281,316_STEAM_1,248.240515263,316_STEAM_1,0,316,316_STEAM_1,100,4222.065452666,4362.725773947,140.660321281
0,poi_bus_108,108,Alger,unity,1,9,2020-01-01T09:00:00+00:00,13,branch_C12-1_immediate,branch,C12-1,fixed,short_term,189.729166667,0,820.615805572,100,0.000000001,true,true,false,constraint_violation,0.855846099,307,1.080663245,210,0.094153901,0.809566731,C10,26.4067631,115_STEAM_3,59.748381921,316_STEAM_1,0,115,115_STEAM_3,100,4222.065452667,4341.472215767,119.4067631
0,poi_bus_108,108,Alger,unity,1,9,2020-01-01T09:00:00+00:00,14,branch_C12-1_sustained,branch,C12-1,bounded,continuous,189.729166667,0,820.615805572,-100,0.000000002,true,true,false,constraint_violation,0.765401708,307,1.081588029,210,0.184598292,0.858158435,B10,118.981691994,115_STEAM_3,189.536386945,316_STEAM_1,0,115,115_STEAM_3,100,4222.065452667,4341.047144661,118.981691994
0,poi_bus_108,108,Alger,unity,1,9,2020-01-01T09:00:00+00:00,15,branch_C27_immediate,branch,C27,fixed,short_term,189.729166667,0,820.615805572,100,0.000000001,true,true,false,constraint_violation,0.949363689,108,1.080596526,210,0.030596526,0.862106143,C10,20.951867414,115_STEAM_3,48.872293123,316_STEAM_1,0,115,115_STEAM_3,100,4222.065452667,4336.017320081,113.951867414
0,poi_bus_108,108,Alger,unity,1,9,2020-01-01T09:00:00+00:00,16,branch_C27_sustained,branch,C27,bounded,continuous,189.729166667,0,820.615805572,-100,0,true,true,false,constraint_violation,0.942751239,307,1.081805475,210,0.031805475,0.947254186,C29,11.036982489,216_STEAM_1,93.924055865,316_STEAM_1,0,216,216_STEAM_1,100,4222.065452667,4326.102435156,104.036982489
0,poi_bus_108,108,Alger,unity,1,9,2020-01-01T09:00:00+00:00,17,branch_C6_immediate,branch,C6,fixed,short_term,189.729166667,0,820.615805572,100,0.000000001,true,true,false,constraint_violation,0.949059247,108,1.080655809,210,0.030655809,0.864797189,C10,20.392066053,115_STEAM_3,46.316031938,316_STEAM_1,0,115,115_STEAM_3,100,4222.065452667,4335.45751872,113.392066053
0,poi_bus_108,108,Alger,unity,1,9,2020-01-01T09:00:00+00:00,18,branch_C6_sustained,branch,C6,bounded,continuous,189.729166667,0,820.615805572,-100,0.000000001,true,true,false,constraint_violation,0.916181994,307,1.081758699,210,0.033818006,0.905837347,C10,16.861833853,216_STEAM_1,160.941335489,316_STEAM_1,0,216,216_STEAM_1,100,4222.065452667,4331.92728652,109.861833853
0,poi_bus_108,108,Alger,unity,1,9,2020-01-01T09:00:00+00:00,19,branch_CA-1_immediate,branch,CA-1,fixed,short_term,189.729166667,0,820.615805572,100,0,true,true,false,constraint_violation,0.950449736,108,1.080362036,210,0.030362036,0.859627036,C10,21.102067662,115_STEAM_3,66.154323308,316_STEAM_1,0,115,115_STEAM_3,100,4222.065452667,4336.167520329,114.102067662
0,poi_bus_108,108,Alger,unity,1,9,2020-01-01T09:00:00+00:00,20,branch_CA-1_sustained,branch,CA-1,bounded,continuous,189.729166667,0,820.615805572,15.682379,0.000000001,true,true,false,constraint_violation,0.923971748,108,1.078456013,210,0.028456013,1.161956619,CB-1,99.458847912,216_STEAM_1,251.984842305,316_STEAM_1,0,216,216_STEAM_1,100,4222.065452667,4414.524300579,192.458847912
0,poi_bus_108,108,Alger,unity,1,9,2020-01-01T09:00:00+00:00,21,generator_121_NUCLEAR_1_sustained,generator,121_NUCLEAR_1,bounded,continuous,189.729166667,0,820.615805572,-100,0.000000001,true,true,false,constraint_violation,0.935823058,307,1.079983338,210,0.029983338,0.930986242,C10,85.806467494,115_STEAM_3,125.905634455,316_STEAM_1,0,115,115_STEAM_3,99,4222.065452667,4307.871920161,85.806467494
0,poi_bus_108,108,Alger,unity,1,9,2020-01-01T09:00:00+00:00,22,generator_213_CC_3_sustained,generator,213_CC_3,bounded,continuous,189.729166667,0,820.615805572,-100,0.000000001,true,true,false,constraint_violation,0.932090939,108,1.082095575,210,0.032095575,0.962903099,A13-2,132.672101586,115_STEAM_3,134.224843514,316_STEAM_1,0,115,115_STEAM_3,100,4222.065452667,4354.737554253,132.672101586
0,poi_bus_108,108,Alger,unity,1,9,2020-01-01T09:00:00+00:00,23,generator_313_CC_1_sustained,generator,313_CC_1,bounded,continuous,189.729166667,0,820.615805572,-100,0.000000001,true,true,false,constraint_violation,0.910836674,307,1.079939413,210,0.039163326,0.901345682,C10,127.454488311,115_STEAM_3,185.646743677,316_STEAM_1,0,115,115_STEAM_3,100,4222.065452667,4349.519940978,127.454488311
0,poi_bus_108,108,Alger,unity,1,10,2020-01-01T10:00:00+00:00,0,normal,normal,,base,continuous,188.833333333,0,818.733972168,17.540712432,0,true,true,false,constraint_violation,0.952397034,108,1.082385861,210,0.032385861,0.991404331,C10,0,101_STEAM_3,47.020898137,316_STEAM_1,0,115,115_STEAM_3,100,4211.922679333,4303.158613042,91.235933709
0,poi_bus_108,108,Alger,unity,1,10,2020-01-01T10:00:00+00:00,1,branch_A11_immediate,branch,A11,fixed,short_term,188.833333333,0,818.733972168,17.540712431,0,true,true,false,constraint_violation,0.932003888,108,1.083330125,210,0.033330125,0.867495232,C10,0,101_STEAM_3,47.189812062,316_STEAM_1,0,115,115_STEAM_3,100,4211.922679333,4302.79549049,90.872811157
0,poi_bus_108,108,Alger,unity,1,10,2020-01-01T10:00:00+00:00,2,branch_A11_sustained,branch,A11,bounded,continuous,188.833333333,0,818.733972168,-100,0.000000001,true,true,false,constraint_violation,0.938746508,307,1.082398727,210,0.032398727,0.942153258,C10,82.40842872,115_STEAM_3,107.116297453,316_STEAM_1,0,115,115_STEAM_3,100,4211.922679333,4294.331108053,82.40842872
0,poi_bus_108,108,Alger,unity,1,10,2020-01-01T10:00:00+00:00,3,branch_A12-1_immediate,branch,A12-1,fixed,short_term,188.833333333,0,818.733972168,17.540712432,0.000000001,true,true,false,constraint_violation,0.846615973,108,1.079402207,210,0.103384027,1.126303758,A13-2,17.988174479,115_STEAM_3,49.711545801,316_STEAM_1,0,115,115_STEAM_3,100,4211.922679333,4322.910853812,110.988174479
0,poi_bus_108,108,Alger,unity,1,10,2020-01-01T10:00:00+00:00,4,branch_A12-1_sustained,branch,A12-1,bounded,continuous,188.833333333,0,818.733972168,48.003249807,0,true,true,false,constraint_violation,0.86675036,108,1.077543369,210,0.08324964,1.187717216,A13-2,0,101_STEAM_3,65.23524272,316_STEAM_1,0,316,316_STEAM_1,100,4211.922679333,4304.444571246,92.521891913
0,poi_bus_108,108,Alger,unity,1,10,2020-01-01T10:00:00+00:00,5,branch_A34_immediate,branch,A34,fixed,short_term,188.833333333,0,818.733972168,17.540712431,0.000000001,true,true,false,constraint_violation,0.952394617,108,1.082394433,210,0.032394433,0.867455618,C10,0,101_STEAM_3,46.790357658,316_STEAM_1,0,115,115_STEAM_3,100,4211.922679333,4303.624695879,91.702016546
0,poi_bus_108,108,Alger,unity,1,10,2020-01-01T10:00:00+00:00,6,branch_A34_sustained,branch,A34,bounded,continuous,188.833333333,0,818.733972168,-100,0,true,true,false,constraint_violation,0.898150728,307,1.083183264,210,0.051849272,0.906541891,A10,33.041550613,316_STEAM_1,242.911451088,316_STEAM_1,0,316,316_STEAM_1,100,4211.922679333,4337.964229946,126.041550613
0,poi_bus_108,108,Alger,unity,1,10,2020-01-01T10:00:00+00:00,7,branch_B12-1_immediate,branch,B12-1,fixed,short_term,188.833333333,0,818.733972168,17.540712431,0,true,true,false,constraint_violation,0.938082803,207,1.068813465,210,0.018813465,0.867507919,C10,3.072429354,115_STEAM_3,47.323354606,316_STEAM_1,0,115,115_STEAM_3,100,4211.922679333,4307.995108687,96.072429354
0,poi_bus_108,108,Alger,unity,1,10,2020-01-01T10:00:00+00:00,8,branch_B12-1_sustained,branch,B12-1,bounded,continuous,188.833333333,0,818.733972168,-100,0.000000001,true,true,false,constraint_violation,0.892161598,307,1.068027568,210,0.057838402,0.910630958,CA-1,42.797774878,316_STEAM_1,278.016991673,316_STEAM_1,0,316,316_STEAM_1,100,4211.922679333,4347.720454211,135.797774878
0,poi_bus_108,108,Alger,unity,1,10,2020-01-01T10:00:00+00:00,9,branch_B22_immediate,branch,B22,fixed,short_term,188.833333333,0,818.733972168,17.540712432,0,true,true,false,constraint_violation,0.948939042,108,1.075185794,210,0.025185794,0.867231276,C10,6.132279696,115_STEAM_3,44.917447621,316_STEAM_1,0,115,115_STEAM_3,100,4211.922679333,4311.054959029,99.132279696
0,poi_bus_108,108,Alger,unity,1,10,2020-01-01T10:00:00+00:00,10,branch_B22_sustained,branch,B22,bounded,continuous,188.833333333,0,818.733972168,-100,0.000000001,true,true,false,constraint_violation,0.951600879,307,1.077679825,210,0.027679825,0.986451481,C10,91.361775803,115_STEAM_3,90.927117398,316_STEAM_1,0,115,115_STEAM_3,100,4211.922679333,4303.284455136,91.361775803
0,poi_bus_108,108,Alger,unity,1,10,2020-01-01T10:00:00+00:00,11,branch_B6_immediate,branch,B6,fixed,short_term,188.833333333,0,818.733972168,17.540712432,0.000000001,true,true,false,constraint_violation,0.946901496,108,1.085366654,210,0.035366654,0.867483553,C10,0,101_STEAM_3,47.069357731,316_STEAM_1,0,115,115_STEAM_3,100,4211.922679333,4303.216494642,91.293815309
0,poi_bus_108,108,Alger,unity,1,10,2020-01-01T10:00:00+00:00,12,branch_B6_sustained,branch,B6,bounded,continuous,188.833333333,0,818.733972168,-100,0.000000001,true,true,false,constraint_violation,0.899875038,307,1.085385705,210,0.050124962,0.904519646,A10,27.768510344,316_STEAM_1,236.196512828,316_STEAM_1,0,316,316_STEAM_1,100,4211.922679333,4332.691189677,120.768510344
0,poi_bus_108,108,Alger,unity,1,10,2020-01-01T10:00:00+00:00,13,branch_C12-1_immediate,branch,C12-1,fixed,short_term,188.833333333,0,818.733972168,17.540712431,0,true,true,false,constraint_violation,0.853726262,307,1.082398145,210,0.096273738,0.816671504,C10,4.024086179,115_STEAM_3,63.390584745,316_STEAM_1,0,115,115_STEAM_3,100,4211.922679333,4308.946765512,97.024086179
0,poi_bus_108,108,Alger,unity,1,10,2020-01-01T10:00:00+00:00,14,branch_C12-1_sustained,branch,C12-1,bounded,continuous,188.833333333,0,818.733972168,-100,0,true,true,false,constraint_violation,0.743622361,307,1.081311614,210,0.206377639,0.906913462,A10,33.286139009,316_STEAM_1,228.088345537,316_STEAM_1,0,316,316_STEAM_1,100,4211.922679333,4338.208818342,126.286139009
0,poi_bus_108,108,Alger,unity,1,10,2020-01-01T10:00:00+00:00,15,branch_C27_immediate,branch,C27,fixed,short_term,188.833333333,0,818.733972168,17.540712432,0.000000001,true,true,false,constraint_violation,0.952520032,108,1.082362676,210,0.032362676,0.867173737,C10,0,101_STEAM_3,55.415222695,316_STEAM_1,0,115,115_STEAM_3,100,4211.922679333,4303.26278481,91.340105477
0,poi_bus_108,108,Alger,unity,1,10,2020-01-01T10:00:00+00:00,16,branch_C27_sustained,branch,C27,bounded,continuous,188.833333333,0,818.733972168,-100,0,true,true,false,constraint_violation,0.918027039,307,1.082720433,210,0.032720433,0.904385266,C10,96.959195146,115_STEAM_3,151.593873934,316_STEAM_1,0,115,115_STEAM_3,100,4211.922679333,4308.881874479,96.959195146
0,poi_bus_108,108,Alger,unity,1,10,2020-01-01T10:00:00+00:00,17,branch_C6_immediate,branch,C6,fixed,short_term,188.833333333,0,818.733972168,17.540712431,0,true,true,false,constraint_violation,0.952345888,108,1.082395307,210,0.032395307,0.871780707,C10,0,101_STEAM_3,51.410080707,316_STEAM_1,0,115,115_STEAM_3,100,4211.922679333,4303.434238237,91.511558904
0,poi_bus_108,108,Alger,unity,1,10,2020-01-01T10:00:00+00:00,18,branch_C6_sustained,branch,C6,bounded,continuous,188.833333333,0,818.733972168,-100.000000001,0,true,true,false,constraint_violation,0.918664881,307,1.081339013,210,0.031339013,0.929393196,C10,10.001570309,216_STEAM_1,163.845205336,316_STEAM_1,0,216,216_STEAM_1,100,4211.922679333,4314.924249642,103.001570309
0,poi_bus_108,108,Alger,unity,1,10,2020-01-01T10:00:00+00:00,19,branch_CA-1_immediate,branch,CA-1,fixed,short_term,188.833333333,0,818.733972168,17.540712432,0.000000001,true,true,false,constraint_violation,0.953092337,108,1.082248309,210,0.032248309,0.862997848,C10,0,101_STEAM_3,65.695916892,316_STEAM_1,0,115,115_STEAM_3,100,4211.922679333,4303.36196405,91.439284717
0,poi_bus_108,108,Alger,unity,1,10,2020-01-01T10:00:00+00:00,20,branch_CA-1_sustained,branch,CA-1,bounded,continuous,188.833333333,0,818.733972168,-46.278077,0,true,true,false,constraint_violation,0.920115559,307,1.079352198,210,0.029884441,1.166752371,CB-1,99.658640943,115_STEAM_3,269.897455528,316_STEAM_1,0,115,115_STEAM_3,100,4211.922679333,4404.581320276,192.658640943
0,poi_bus_108,108,Alger,unity,1,10,2020-01-01T10:00:00+00:00,21,generator_121_NUCLEAR_1_sustained,generator,121_NUCLEAR_1,bounded,continuous,188.833333333,0,818.733972168,-99.999999999,0.000000001,true,true,false,constraint_violation,0.922423653,307,1.081299734,210,0.031299734,0.91301976,C10,96.308159851,115_STEAM_3,159.480705647,316_STEAM_1,0,115,115_STEAM_3,99,4211.922679333,4308.230839184,96.308159851
0,poi_bus_108,108,Alger,unity,1,10,2020-01-01T10:00:00+00:00,22,generator_213_CC_3_sustained,generator,213_CC_3,bounded,continuous,188.833333333,0,818.733972168,-100,0,true,true,false,constraint_violation,0.901915474,307,1.083584645,210,0.048084526,0.89634156,C10,115.569818421,115_STEAM_3,223.48033666,316_STEAM_1,0,115,115_STEAM_3,100,4211.922679333,4327.492497754,115.569818421
0,poi_bus_108,108,Alger,unity,1,10,2020-01-01T10:00:00+00:00,23,generator_313_CC_1_sustained,generator,313_CC_1,bounded,continuous,188.833333333,0,818.733972168,-99.999999999,0.000000001,true,true,false,constraint_violation,0.923857488,307,1.083264623,210,0.033264623,0.919812317,C10,3.933531958,316_STEAM_1,153.510855357,316_STEAM_1,0,316,316_STEAM_1,100,4211.922679333,4308.856211291,96.933531958
0,poi_bus_108,108,Alger,unity,1,11,2020-01-01T11:00:00+00:00,0,normal,normal,,base,continuous,188.145833333,0,816.889884961,-6.953663805,0.000000001,true,true,false,constraint_violation,0.954983665,108,1.083014659,210,0.033014659,0.993073175,C10,0,101_STEAM_3,52.365658016,316_STEAM_1,0,115,115_STEAM_3,100,4202.173716333,4285.965935484,83.792219151
0,poi_bus_108,108,Alger,unity,1,11,2020-01-01T11:00:00+00:00,1,branch_A11_immediate,branch,A11,fixed,short_term,188.145833333,0,816.889884961,-6.953663805,0.000000001,true,true,false,constraint_violation,0.935538018,108,1.083933029,210,0.033933029,0.868947086,C10,0,101_STEAM_3,52.609990623,316_STEAM_1,0,115,115_STEAM_3,100,4202.173716333,4285.47500891,83.301292577
0,poi_bus_108,108,Alger,unity,1,11,2020-01-01T11:00:00+00:00,2,branch_A11_sustained,branch,A11,bounded,continuous,188.145833333,0,816.889884961,-100,0,true,true,false,constraint_violation,0.892114177,307,1.082711187,210,0.057885823,0.896055859,A10,31.233107038,316_STEAM_1,263.262966259,316_STEAM_1,0,316,316_STEAM_1,100,4202.173716333,4326.406823371,124.233107038
0,poi_bus_108,108,Alger,unity,1,11,2020-01-01T11:00:00+00:00,3,branch_A12-1_immediate,branch,A12-1,fixed,short_term,188.145833333,0,816.889884961,-6.953663805,0.000000001,true,true,false,constraint_violation,0.852243982,108,1.080176588,210,0.097756018,1.1199931,A13-2,9.695929413,115_STEAM_3,55.3048368,316_STEAM_1,0,115,115_STEAM_3,100,4202.173716333,4304.869645746,102.695929413
0,poi_bus_108,108,Alger,unity,1,11,2020-01-01T11:00:00+00:00,4,branch_A12-1_sustained,branch,A12-1,bounded,continuous,188.145833333,0,816.889884961,-90.157647264,0,true,true,false,constraint_violation,0.873414741,108,1.078876698,210,0.076585259,1.198162202,A13-2,0,101_STEAM_3,104.369877616,316_STEAM_1,0,115,115_STEAM_3,100,4202.173716333,4291.397694087,89.223977754
0,poi_bus_108,108,Alger,unity,1,11,2020-01-01T11:00:00+00:00,5,branch_A34_immediate,branch,A34,fixed,short_term,188.145833333,0,816.889884961,-6.953663805,0,true,true,false,constraint_violation,0.95498407,108,1.083013806,210,0.033013806,0.868939965,C10,0,101_STEAM_3,52.393193005,316_STEAM_1,0,115,115_STEAM_3,100,4202.173716333,4285.969893611,83.796177278
0,poi_bus_108,108,Alger,unity,1,11,2020-01-01T11:00:00+00:00,6,branch_A34_sustained,branch,A34,bounded,continuous,188.145833333,0,816.889884961,-99.999999999,0.000000001,true,true,false,constraint_violation,0.916277524,307,1.083551581,210,0.033722476,0.924511727,C10,112.885232675,115_STEAM_3,153.646093516,316_STEAM_1,0,115,115_STEAM_3,100,4202.173716333,4315.058949008,112.885232675
0,poi_bus_108,108,Alger,unity,1,11,2020-01-01T11:00:00+00:00,7,branch_B12-1_immediate,branch,B12-1,fixed,short_term,188.145833333,0,816.889884961,-6.953663805,0.000000001,true,true,false,constraint_violation,0.940328851,207,1.069687492,210,0.019687492,0.868949859,C10,0,101_STEAM_3,52.698305172,316_STEAM_1,0,115,115_STEAM_3,100,4202.173716333,4290.680055194,88.506338861
0,poi_bus_108,108,Alger,unity,1,11,2020-01-01T11:00:00+00:00,8,branch_B12-1_sustained,branch,B12-1,bounded,continuous,188.145833333,0,816.889884961,-100,0.000000001,true,true,false,constraint_violation,0.897318728,307,1.070390182,210,0.052681272,0.910608018,A10,29.52623367,316_STEAM_1,230.442328547,316_STEAM_1,0,316,316_STEAM_1,100,4202.173716333,4324.699950003,122.52623367
0,poi_bus_108,108,Alger,unity,1,11,2020-01-01T11:00:00+00:00,9,branch_B22_immediate,branch,B22,fixed,short_term,188.145833333,0,816.889884961,-6.953663804,0,true,true,false,constraint_violation,0.95160978,108,1.076057023,210,0.026057023,0.868831119,C10,0,101_STEAM_3,50.058038496,316_STEAM_1,0,115,115_STEAM_3,100,4202.173716333,4293.413713239,91.239996906
0,poi_bus_108,108,Alger,unity,1,11,2020-01-01T11:00:00+00:00,10,branch_B22_sustained,branch,B22,bounded,continuous,188.145833333,0,816.889884961,-100,0,true,true,false,constraint_violation,0.910927912,307,1.077686276,210,0.039072088,0.908192623,C10,115.640929285,115_STEAM_3,205.37592812,316_STEAM_1,0,115,115_STEAM_3,100,4202.173716333,4317.814645618,115.640929285
0,poi_bus_108,108,Alger,unity,1,11,2020-01-01T11:00:00+00:00,11,branch_B6_immediate,branch,B6,fixed,short_term,188.145833333,0,816.889884961,-6.953663804,0.000000001,true,true,false,constraint_violation,0.949666705,108,1.085935413,210,0.035935413,0.868942282,C10,0,101_STEAM_3,52.462219884,316_STEAM_1,0,115,115_STEAM_3,100,4202.173716333,4285.996837174,83.823120841
0,poi_bus_108,108,Alger,unity,1,11,2020-01-01T11:00:00+00:00,12,branch_B6_sustained,branch,B6,bounded,continuous,188.145833333,0,816.889884961,-100,0,true,true,false,constraint_violation,0.921372585,307,1.08462545,210,0.03462545,0.921669761,C10,86.705452705,115_STEAM_3,154.072981703,316_STEAM_1,0,115,115_STEAM_3,100,4202.173716333,4288.879169038,86.705452705
0,poi_bus_108,108,Alger,unity,1,11,2020-01-01T11:00:00+00:00,13,branch_C12-1_immediate,branch,C12-1,fixed,short_term,188.145833333,0,816.889884961,-6.953663804,0.000000001,true,true,false,constraint_violation,0.856644328,307,1.083026733,210,0.093355672,0.816137634,C10,0,101_STEAM_3,69.495661837,316_STEAM_1,0,115,115_STEAM_3,100,4202.173716333,4291.919585458,89.745869125
0,poi_bus_108,108,Alger,unity,1,11,2020-01-01T11:00:00+00:00,14,branch_C12-1_sustained,branch,C12-1,bounded,continuous,188.145833333,0,816.889884961,-99.999999999,0.000000001,true,true,false,constraint_violation,0.785355011,307,1.084104011,210,0.164644989,0.907517963,A10,15.607120778,216_STEAM_1,152.063833548,316_STEAM_1,0,216,216_STEAM_1,100,4202.173716333,4310.780837111,108.607120778
0,poi_bus_108,108,Alger,unity,1,11,2020-01-01T11:00:00+00:00,15,branch_C27_immediate,branch,C27,fixed,short_term,188.145833333,0,816.889884961,-6.953663805,0,true,true,false,constraint_violation,0.954733031,108,1.083056544,210,0.033056544,0.869503937,C10,0,101_STEAM_3,57.719661904,316_STEAM_1,0,115,115_STEAM_3,100,4202.173716333,4286.312050951,84.138334618
0,poi_bus_108,108,Alger,unity,1,11,2020-01-01T11:00:00+00:00,16,branch_C27_sustained,branch,C27,bounded,continuous,188.145833333,0,816.889884961,-99.999999999,0.000000001,true,true,false,constraint_violation,0.920038909,307,1.081850333,210,0.031850333,0.918938558,C10,0,101_STEAM_3,131.532386915,316_STEAM_1,0,216,216_STEAM_1,100,4202.173716333,4282.217294561,80.043578228
0,poi_bus_108,108,Alger,unity,1,11,2020-01-01T11:00:00+00:00,17,branch_C6_immediate,branch,C6,fixed,short_term,188.145833333,0,816.889884961,-6.953663805,0,true,true,false,constraint_violation,0.954936086,108,1.083022716,210,0.033022716,0.872841007,C10,0,101_STEAM_3,55.22975422,316_STEAM_1,0,115,115_STEAM_3,100,4202.173716333,4286.24758507,84.073868737
0,poi_bus_108,108,Alger,unity,1,11,2020-01-01T11:00:00+00:00,18,branch_C6_sustained,branch,C6,bounded,continuous,188.145833333,0,816.889884961,-100,0,true,true,false,constraint_violation,0.930516501,307,1.081955988,210,0.031955988,0.933990057,C10,80.877571212,115_STEAM_3,85.709201909,316_STEAM_1,0,115,115_STEAM_3,100,4202.173716333,4283.051287545,80.877571212
0,poi_bus_108,108,Alger,unity,1,11,2020-01-01T11:00:00+00:00,19,branch_CA-1_immediate,branch,CA-1,fixed,short_term,188.145833333,0,816.889884961,-6.953663804,0.000000001,true,true,false,constraint_violation,0.95467815,108,1.083065506,210,0.033065506,0.864363374,C10,0,101_STEAM_3,64.12379232,316_STEAM_1,0,115,115_STEAM_3,100,4202.173716333,4286.206097779,84.032381446
0,poi_bus_108,108,Alger,unity,1,11,2020-01-01T11:00:00+00:00,20,branch_CA-1_sustained,branch,CA-1,bounded,continuous,188.145833333,0,816.889884961,-99.999999999,0.000000001,true,true,false,constraint_violation,0.915270158,108,1.082879611,210,0.034729842,1.164160487,CB-1,203.778056651,115_STEAM_3,271.358460747,316_STEAM_1,0,115,115_STEAM_3,100,4202.173716333,4405.951772984,203.778056651
0,poi_bus_108,108,Alger,unity,1,11,2020-01-01T11:00:00+00:00,21,generator_121_NUCLEAR_1_sustained,generator,121_NUCLEAR_1,bounded,continuous,188.145833333,0,816.889884961,-100,0.000000001,true,true,false,constraint_violation,0.918296877,307,1.081653038,210,0.031703123,0.932699079,C10,94.824409264,115_STEAM_3,171.071638468,316_STEAM_1,0,115,115_STEAM_3,99,4202.173716333,4296.998125597,94.824409264
0,poi_bus_108,108,Alger,unity,1,11,2020-01-01T11:00:00+00:00,22,generator_213_CC_3_sustained,generator,213_CC_3,bounded,continuous,188.145833333,0,816.889884961,-100,0.000000001,true,true,false,constraint_violation,0.906500243,307,1.083811808,210,0.043499757,0.91555965,C10,6.873955308,116_STEAM_1,187.308554674,316_STEAM_1,0,116,116_STEAM_1,100,4202.173716333,4302.047671641,99.873955308
0,poi_bus_108,108,Alger,unity,1,11,2020-01-01T11:00:00+00:00,23,generator_313_CC_1_sustained,generator,313_CC_1,bounded,continuous,188.145833333,0,816.889884961,-100,0,true,true,false,constraint_violation,0.909428894,307,1.083879203,210,0.040571106,0.902932881,C10,99.97094482,115_STEAM_3,184.247832249,316_STEAM_1,0,115,115_STEAM_3,100,4202.173716333,4302.144661153,99.97094482
0,poi_bus_108,108,Alger,unity,1,12,2020-01-01T12:00:00+00:00,0,normal,normal,,base,continuous,187.125,0,810.127122204,-3.36627638,0.000000001,true,true,false,constraint_violation,0.957803054,108,1.082937427,210,0.032937427,0.98694927,C10,0,101_STEAM_3,43.542115209,314_SYNC_COND_1,0,316,316_STEAM_1,100,4167.922066,4249.134123633,81.212057633
0,poi_bus_108,108,Alger,unity,1,12,2020-01-01T12:00:00+00:00,1,branch_A11_immediate,branch,A11,fixed,short_term,187.125,0,810.127122204,-3.36627638,0.000000001,true,true,false,constraint_violation,0.938522493,108,1.083831408,210,0.033831408,0.86359988,C10,0,101_STEAM_3,43.504735239,314_SYNC_COND_1,0,316,316_STEAM_1,100,4167.922066,4248.759267062,80.837201062
0,poi_bus_108,108,Alger,unity,1,12,2020-01-01T12:00:00+00:00,2,branch_A11_sustained,branch,A11,bounded,continuous,187.125,0,810.127122204,-100,0,true,true,false,constraint_violation,0.936822845,307,1.081988268,210,0.031988268,0.943798013,C10,0,101_STEAM_3,100.931714089,316_STEAM_1,0,116,116_STEAM_1,100,4167.922066,4240.896763381,72.974697381
0,poi_bus_108,108,Alger,unity,1,12,2020-01-01T12:00:00+00:00,3,branch_A12-1_immediate,branch,A12-1,fixed,short_term,187.125,0,810.127122204,-3.36627638,0,true,true,false,constraint_violation,0.85906569,108,1.080132116,210,0.09093431,1.09687977,A13-2,6.022489638,316_STEAM_1,43.394536877,314_SYNC_COND_1,0,316,316_STEAM_1,100,4167.922066,4266.944555638,99.022489638
0,poi_bus_108,108,Alger,unity,1,12,2020-01-01T12:00:00+00:00,4,branch_A12-1_sustained,branch,A12-1,bounded,continuous,187.125,0,810.127122204,-36.230285041,0.000000001,true,true,false,constraint_violation,0.877959145,108,1.078817798,210,0.072040855,1.189891031,A13-2,88.816751125,115_STEAM_3,94.495453705,316_STEAM_1,0,115,115_STEAM_3,100,4167.922066,4256.738817125,88.816751125
0,poi_bus_108,108,Alger,unity,1,12,2020-01-01T12:00:00+00:00,5,branch_A34_immediate,branch,A34,fixed,short_term,187.125,0,810.127122204,-3.36627638,0,true,true,false,constraint_violation,0.957803594,108,1.082936301,210,0.032936301,0.863583637,C10,0,101_STEAM_3,43.536427972,314_SYNC_COND_1,0,316,316_STEAM_1,100,4167.922066,4249.140763722,81.218697722
0,poi_bus_108,108,Alger,unity,1,12,2020-01-01T12:00:00+00:00,6,branch_A34_sustained,branch,A34,bounded,continuous,187.125,0,810.127122204,-100,0.000000001,true,true,false,constraint_violation,0.893894786,307,1.081758079,210,0.056105214,0.913978481,A10,32.624510593,316_STEAM_1,266.967532142,316_STEAM_1,0,316,316_STEAM_1,100,4167.922066,4293.546576593,125.624510593
0,poi_bus_108,108,Alger,unity,1,12,2020-01-01T12:00:00+00:00,7,branch_B12-1_immediate,branch,B12-1,fixed,short_term,187.125,0,810.127122204,-3.36627638,0.000000001,true,true,false,constraint_violation,0.940008452,207,1.069545592,210,0.019545592,0.863570481,C10,0,101_STEAM_3,43.56656232,314_SYNC_COND_1,0,316,316_STEAM_1,100,4167.922066,4253.828957886,85.906891886
0,poi_bus_108,108,Alger,unity,1,12,2020-01-01T12:00:00+00:00,8,branch_B12-1_sustained,branch,B12-1,bounded,continuous,187.125,0,810.127122204,-100,0,true,true,false,constraint_violation,0.902060939,307,1.070675821,210,0.047939061,0.9121205,A10,28.699781827,316_STEAM_1,216.046170106,316_STEAM_1,0,316,316_STEAM_1,100,4167.922066,4289.621847827,121.699781827
0,poi_bus_108,108,Alger,unity,1,12,2020-01-01T12:00:00+00:00,9,branch_B22_immediate,branch,B22,fixed,short_term,187.125,0,810.127122204,-3.36627638,0,true,true,false,constraint_violation,0.954632061,108,1.075889052,210,0.025889052,0.863250933,C10,0,101_STEAM_3,44.026501383,314_SYNC_COND_1,0,316,316_STEAM_1,100,4167.922066,4256.719488508,88.797422508
0,poi_bus_108,108,Alger,unity,1,12,2020-01-01T12:00:00+00:00,10,branch_B22_sustained,branch,B22,bounded,continuous,187.125,0,810.127122204,-100,0.000000001,true,true,false,constraint_violation,0.933732522,307,1.076684309,210,0.026684309,0.938165791,C10,0,101_STEAM_3,114.387835416,316_STEAM_1,0,316,316_STEAM_1,100,4167.922066,4252.491793202,84.569727202
0,poi_bus_108,108,Alger,unity,1,12,2020-01-01T12:00:00+00:00,11,branch_B6_immediate,branch,B6,fixed,short_term,187.125,0,810.127122204,-3.36627638,0.000000001,true,true,false,constraint_violation,0.952566106,108,1.085797787,210,0.035797787,0.863587177,C10,0,101_STEAM_3,43.529763918,314_SYNC_COND_1,0,316,316_STEAM_1,100,4167.922066,4249.16814827,81.24608227
0,poi_bus_108,108,Alger,unity,1,12,2020-01-01T12:00:00+00:00,12,branch_B6_sustained,branch,B6,bounded,continuous,187.125,0,810.127122204,-100,0.000000001,true,true,false,constraint_violation,0.923133047,307,1.084636728,210,0.034636728,0.920722825,C10,85.626309937,115_STEAM_3,156.397705631,316_STEAM_1,0,115,115_STEAM_3,100,4167.922066,4253.548375937,85.626309937
0,poi_bus_108,108,Alger,unity,1,12,2020-01-01T12:00:00+00:00,13,branch_C12-1_immediate,branch,C12-1,fixed,short_term,187.125,0,810.127122204,-3.36627638,0.000000001,true,true,false,constraint_violation,0.858950671,307,1.082934778,210,0.091049329,0.812338522,C10,0,101_STEAM_3,54.214613735,316_STEAM_1,0,316,316_STEAM_1,100,4167.922066,4254.856009512,86.933943512
0,poi_bus_108,108,Alger,unity,1,12,2020-01-01T12:00:00+00:00,14,branch_C12-1_sustained,branch,C12-1,bounded,continuous,187.125,0,810.127122204,-100,0,true,true,false,constraint_violation,0.746517903,307,1.083541234,210,0.203482097,0.912901167,A10,81.972946342,316_STEAM_1,243.43849672,316_STEAM_1,0,316,316_STEAM_1,100,4167.922066,4293.172946342,125.250880342
0,poi_bus_108,108,Alger,unity,1,12,2020-01-01T12:00:00+00:00,15,branch_C27_immediate,branch,C27,fixed,short_term,187.125,0,810.127122204,-3.36627638,0.000000001,true,true,false,constraint_violation,0.957512753,108,1.082991558,210,0.032991558,0.864246904,C10,0,101_STEAM_3,44.296465569,316_STEAM_1,0,316,316_STEAM_1,100,4167.922066,4249.643446616,81.721380616
0,poi_bus_108,108,Alger,unity,1,12,2020-01-01T12:00:00+00:00,16,branch_C27_sustained,branch,C27,bounded,continuous,187.125,0,810.127122204,-100,0.000000001,true,true,false,constraint_violation,0.920990758,307,1.084120949,210,0.034120949,0.931918926,C10,11.960312113,216_STEAM_1,130.901247889,316_STEAM_1,0,216,216_STEAM_1,100,4167.922066,4272.882378113,104.960312113
0,poi_bus_108,108,Alger,unity,1,12,2020-01-01T12:00:00+00:00,17,branch_C6_immediate,branch,C6,fixed,short_term,187.125,0,810.127122204,-3.36627638,0.000000001,true,true,false,constraint_violation,0.957801476,108,1.082937729,210,0.032937729,0.861213654,C10,0,101_STEAM_3,39.761343811,314_SYNC_COND_1,0,316,316_STEAM_1,100,4167.922066,4249.214596312,81.292530312
0,poi_bus_108,108,Alger,unity,1,12,2020-01-01T12:00:00+00:00,18,branch_C6_sustained,branch,C6,bounded,continuous,187.125,0,810.127122204,-100,0,true,true,false,constraint_violation,0.917845209,307,1.083542549,210,0.033542549,0.924794182,C10,85.819683315,115_STEAM_3,139.355878823,316_STEAM_1,0,115,115_STEAM_3,100,4167.922066,4253.741749315,85.819683315
0,poi_bus_108,108,Alger,unity,1,12,2020-01-01T12:00:00+00:00,19,branch_CA-1_immediate,branch,CA-1,fixed,short_term,187.125,0,810.127122204,-3.36627638,0.000000001,true,true,false,constraint_violation,0.958223161,108,1.082853709,210,0.032853709,0.85921361,C10,0,101_STEAM_3,54.691053717,316_STEAM_1,0,316,316_STEAM_1,100,4167.922066,4249.206569879,81.284503879
0,poi_bus_108,108,Alger,unity,1,12,2020-01-01T12:00:00+00:00,20,branch_CA-1_sustained,branch,CA-1,bounded,continuous,187.125,0,810.127122204,-100,0.000000001,true,true,false,constraint_violation,0.916022268,108,1.082677923,210,0.033977732,1.156003766,CB-1,202.740100673,115_STEAM_3,251.692672159,316_STEAM_1,0,115,115_STEAM_3,100,4167.922066,4370.662166673,202.740100673
0,poi_bus_108,108,Alger,unity,1,12,2020-01-01T12:00:00+00:00,21,generator_121_NUCLEAR_1_sustained,generator,121_NUCLEAR_1,bounded,continuous,187.125,0,810.127122204,-100,0.000000001,true,true,false,constraint_violation,0.93637371,307,1.081745272,210,0.031745272,0.947052924,C10,79.969763192,115_STEAM_3,97.886593344,316_STEAM_1,0,115,115_STEAM_3,99,4167.922066,4247.891829192,79.969763192
0,poi_bus_108,108,Alger,unity,1,12,2020-01-01T12:00:00+00:00,22,generator_213_CC_3_sustained,generator,213_CC_3,bounded,continuous,187.125,0,810.127122204,-100,0,true,true,false,constraint_violation,0.910272273,307,1.081676918,210,0.039727727,0.916226722,C10,12.488567022,316_STEAM_1,176.386913215,316_STEAM_1,0,316,316_STEAM_1,100,4167.922066,4273.410633022,105.488567022
0,poi_bus_108,108,Alger,unity,1,12,2020-01-01T12:00:00+00:00,23,generator_313_CC_1_sustained,generator,313_CC_1,bounded,continuous,187.125,0,810.127122204,-100,0,true,true,false,constraint_violation,0.91455023,307,1.083484299,210,0.03544977,0.925613796,C10,92.137039902,115_STEAM_3,176.311797491,316_STEAM_1,0,115,115_STEAM_3,100,4167.922066,4260.059105902,92.137039902
0,poi_bus_108,108,Alger,unity,1,13,2020-01-01T13:00:00+00:00,0,normal,normal,,base,continuous,182.645833333,0,805.598865614,-100,0,true,true,false,constraint_violation,0.962577967,108,1.083738378,210,0.033738378,0.977257925,C10,0,101_STEAM_3,40.579234402,314_SYNC_COND_1,0,321,321_CC_1,101,4141.191983333,4216.027119059,74.835135726
0,poi_bus_108,108,Alger,unity,1,13,2020-01-01T13:00:00+00:00,1,branch_A11_immediate,branch,A11,fixed,short_term,182.645833333,0,805.598865614,-100,0.000000001,true,true,false,constraint_violation,0.945126662,108,1.084555212,210,0.034555212,0.855127084,C10,0,101_STEAM_3,40.533982877,314_SYNC_COND_1,0,321,321_CC_1,101,4141.191983333,4215.581288776,74.389305443
0,poi_bus_108,108,Alger,unity,1,13,2020-01-01T13:00:00+00:00,2,branch_A11_sustained,branch,A11,bounded,continuous,182.645833333,0,805.598865614,100.000000001,0,true,true,false,constraint_violation,0.934534312,307,1.083140352,210,0.033140352,0.931489072,C10,0,101_STEAM_3,45.049884105,316_STEAM_1,0,216,216_STEAM_1,101,4141.191983333,4226.593926909,85.401943576
0,poi_bus_108,108,Alger,unity,1,13,2020-01-01T13:00:00+00:00,3,branch_A12-1_immediate,branch,A12-1,fixed,short_term,182.645833333,0,805.598865614,-100,0.000000001,true,true,false,constraint_violation,0.869340453,108,1.081137986,210,0.080659547,1.073271473,A13-2,0,101_STEAM_3,40.482692638,314_SYNC_COND_1,0,321,321_CC_1,101,4141.191983333,4232.348143905,91.156160572
0,poi_bus_108,108,Alger,unity,1,13,2020-01-01T13:00:00+00:00,4,branch_A12-1_sustained,branch,A12-1,bounded,continuous,182.645833333,0,805.598865614,-100.000000001,0.000000001,true,true,false,constraint_violation,0.8863788,108,1.079840175,210,0.0636212,1.15634785,A13-2,0,101_STEAM_3,82.543019479,316_STEAM_1,0,321,321_CC_1,101,4141.191983333,4226.022484668,84.830501335
0,poi_bus_108,108,Alger,unity,1,13,2020-01-01T13:00:00+00:00,5,branch_A34_immediate,branch,A34,fixed,short_term,182.645833333,0,805.598865614,-100,0.000000001,true,true,false,constraint_violation,0.962578398,108,1.083737629,210,0.033737629,0.855102906,C10,0,101_STEAM_3,40.575344422,314_SYNC_COND_1,0,321,321_CC_1,101,4141.191983333,4216.029813302,74.837829969
0,poi_bus_108,108,Alger,unity,1,13,2020-01-01T13:00:00+00:00,6,branch_A34_sustained,branch,A34,bounded,continuous,182.645833333,0,805.598865614,-100,0.000000002,true,true,false,constraint_violation,0.945617453,307,1.084682432,210,0.034682432,0.940906767,C10,0,101_STEAM_3,41.932402028,316_STEAM_1,0,321,321_CC_1,101,4141.191983333,4224.121748482,82.929765149
0,poi_bus_108,108,Alger,unity,1,13,2020-01-01T13:00:00+00:00,7,branch_B12-1_immediate,branch,B12-1,fixed,short_term,182.645833333,0,805.598865614,-100.000000001,0.000000001,true,true,false,constraint_violation,0.943584555,207,1.070749393,210,0.020749393,0.855069893,C10,0,101_STEAM_3,40.615757335,314_SYNC_COND_1,0,321,321_CC_1,101,4141.191983333,4220.512045053,79.32006172
0,poi_bus_108,108,Alger,unity,1,13,2020-01-01T13:00:00+00:00,8,branch_B12-1_sustained,branch,B12-1,bounded,continuous,182.645833333,0,805.598865614,-100,0,true,true,false,constraint_violation,0.888428359,307,1.069522895,210,0.061571641,0.916255117,A10,0,101_STEAM_3,224.56840112,316_STEAM_1,0,321,321_CC_1,101,4141.191983333,4270.60020243,129.408219097
0,poi_bus_108,108,Alger,unity,1,13,2020-01-01T13:00:00+00:00,9,branch_B22_immediate,branch,B22,fixed,short_term,182.645833333,0,805.598865614,-100,0.000000002,true,true,false,constraint_violation,0.959565913,108,1.076907393,210,0.026907393,0.854730936,C10,0,101_STEAM_3,41.068579677,314_SYNC_COND_1,0,321,321_CC_1,101,4141.191983333,4223.269786885,82.077803552
0,poi_bus_108,108,Alger,unity,1,13,2020-01-01T13:00:00+00:00,10,branch_B22_sustained,branch,B22,bounded,continuous,182.645833333,0,805.598865614,-100,0,true,true,false,constraint_violation,0.916054331,307,1.078447636,210,0.033945669,0.915967819,C10,0,101_STEAM_3,112.988412069,316_STEAM_1,0,321,321_CC_1,101,4141.191983333,4242.958384599,101.766401266
0,poi_bus_108,108,Alger,unity,1,13,2020-01-01T13:00:00+00:00,11,branch_B6_immediate,branch,B6,fixed,short_term,182.645833333,0,805.598865614,-100,0.000000001,true,true,false,constraint_violation,0.957513992,108,1.086518128,210,0.036518128,0.855109197,C10,0,101_STEAM_3,40.564223063,314_SYNC_COND_1,0,321,321_CC_1,101,4141.191983333,4216.046399057,74.854415724
0,poi_bus_108,108,Alger,unity,1,13,2020-01-01T13:00:00+00:00,12,branch_B6_sustained,branch,B6,bounded,continuous,182.645833333,0,805.598865614,-100.000000001,0.000000001,true,true,false,constraint_violation,0.928517511,307,1.084749583,210,0.034749583,0.929284549,C10,0,101_STEAM_3,64.58909209,316_STEAM_1,0,321,321_CC_1,101,4141.191983333,4209.438509399,68.246526066
0,poi_bus_108,108,Alger,unity,1,13,2020-01-01T13:00:00+00:00,13,branch_C12-1_immediate,branch,C12-1,fixed,short_term,182.645833333,0,805.598865614,-100,0,true,true,false,constraint_violation,0.841951637,307,1.083734062,210,0.108048363,0.798871028,C10,0,101_STEAM_3,42.203273625,316_STEAM_1,0,321,321_CC_1,101,4141.191983333,4222.738502648,81.546519315
0,poi_bus_108,108,Alger,unity,1,13,2020-01-01T13:00:00+00:00,14,branch_C12-1_sustained,branch,C12-1,bounded,continuous,182.645833333,0,805.598865614,-100,0,true,true,false,constraint_violation,0.673701001,307,1.082353314,210,0.276298999,0.928805948,C13-2,0,101_STEAM_3,269.395347774,316_STEAM_1,0,321,321_CC_1,101,4141.191983333,4282.979929154,141.787945821
0,poi_bus_108,108,Alger,unity,1,13,2020-01-01T13:00:00+00:00,15,branch_C27_immediate,branch,C27,fixed,short_term,182.645833333,0,805.598865614,-100,0.000000001,true,true,false,constraint_violation,0.96269838,108,1.083714647,210,0.033714647,0.854591746,C10,0,101_STEAM_3,42.903819338,316_STEAM_1,0,321,321_CC_1,101,4141.191983333,4216.129412535,74.937429202
0,poi_bus_108,108,Alger,unity,1,13,2020-01-01T13:00:00+00:00,16,branch_C27_sustained,branch,C27,bounded,continuous,182.645833333,0,805.598865614,-99.999999999,0,true,true,false,constraint_violation,0.883994161,307,1.082342194,210,0.066005839,0.932949646,CA-1,0,101_STEAM_3,241.06018294,316_STEAM_1,0,321,321_CC_1,101,4141.191983333,4271.330993867,130.139010534
0,poi_bus_108,108,Alger,unity,1,13,2020-01-01T13:00:00+00:00,17,branch_C6_immediate,branch,C6,fixed,short_term,182.645833333,0,805.598865614,-99.999999999,0,true,true,false,constraint_violation,0.957845502,307,1.083733301,210,0.033733301,0.847045402,C10,0,101_STEAM_3,34.785253105,314_SYNC_COND_1,0,321,321_CC_1,101,4141.191983333,4216.191165452,74.999182119
0,poi_bus_108,108,Alger,unity,1,13,2020-01-01T13:00:00+00:00,18,branch_C6_sustained,branch,C6,bounded,continuous,182.645833333,0,805.598865614,-100.000000001,0.000000001,true,true,false,constraint_violation,0.937157765,307,1.084851774,210,0.034851774,0.93016169,C10,0,101_STEAM_4,58.984074118,316_STEAM_1,0,321,321_CC_1,101,4141.191983333,4223.76468256,82.572699227
0,poi_bus_108,108,Alger,unity,1,13,2020-01-01T13:00:00+00:00,19,branch_CA-1_immediate,branch,CA-1,fixed,short_term,182.645833333,0,805.598865614,-100,0,true,true,false,constraint_violation,0.959049001,307,1.083840646,210,0.033840646,0.850140509,C10,0,101_STEAM_3,37.316620862,316_STEAM_1,0,321,321_CC_1,101,4141.191983333,4216.448248663,75.25626533
0,poi_bus_108,108,Alger,unity,1,13,2020-01-01T13:00:00+00:00,20,branch_CA-1_sustained,branch,CA-1,bounded,continuous,182.645833333,0,805.598865614,-100,0.000000001,true,true,false,constraint_violation,0.92723268,307,1.083755615,210,0.033755615,0.948455961,A12-1,0,101_STEAM_3,104.422481935,316_STEAM_1,0,321,321_CC_1,101,4141.191983333,4265.584112999,124.392129666
0,poi_bus_108,108,Alger,unity,1,13,2020-01-01T13:00:00+00:00,21,generator_121_NUCLEAR_1_sustained,generator,121_NUCLEAR_1,bounded,continuous,182.645833333,0,805.598865614,-100,0,true,true,false,constraint_violation,0.927312827,307,1.08354785,210,0.03354785,0.922146721,C10,0,101_STEAM_3,69.301875412,316_STEAM_1,0,321,321_CC_1,100,4141.191983333,4223.170100375,81.978117042
0,poi_bus_108,108,Alger,unity,1,13,2020-01-01T13:00:00+00:00,22,generator_213_CC_3_sustained,generator,213_CC_3,bounded,continuous,182.645833333,0,805.598865614,-100,0,true,true,false,constraint_violation,0.931332579,307,1.084603277,210,0.034603277,0.934132402,C10,0,101_STEAM_3,62.091527054,316_STEAM_1,0,216,216_STEAM_1,101,4141.191983333,4227.344803591,86.152820258
0,poi_bus_108,108,Alger,unity,1,13,2020-01-01T13:00:00+00:00,23,generator_313_CC_1_sustained,generator,313_CC_1,bounded,continuous,182.645833333,0,805.598865614,-100,0.000000001,true,true,false,constraint_violation,0.922668624,307,1.084639217,210,0.034639217,0.926155099,C10,0,101_STEAM_3,80.678603782,316_STEAM_1,0,321,321_CC_1,101,4141.191983333,4240.890923538,99.698940205
0,poi_bus_108,108,Alger,unity,1,14,2020-01-01T14:00:00+00:00,0,normal,normal,,base,continuous,181.333333333,0,799.633003319,-100.000000001,0.000000001,true,true,false,constraint_violation,0.947195231,307,1.083831664,210,0.033831664,0.962584869,C10,0,101_STEAM_3,49.395694918,316_STEAM_1,0,321,321_CC_1,101,4110.564470333,4183.875363612,73.310893279
0,poi_bus_108,108,Alger,unity,1,14,2020-01-01T14:00:00+00:00,1,branch_A11_immediate,branch,A11,fixed,short_term,181.333333333,0,799.633003319,-100,0,true,true,false,constraint_violation,0.945631173,108,1.084655494,210,0.034655494,0.842249484,C10,0,101_STEAM_3,49.496935105,316_STEAM_1,0,321,321_CC_1,101,4110.564470333,4183.636474558,73.072004225
0,poi_bus_108,108,Alger,unity,1,14,2020-01-01T14:00:00+00:00,2,branch_A11_sustained,branch,A11,bounded,continuous,181.333333333,0,799.633003319,-100,0,true,true,false,constraint_violation,0.889027152,307,1.083324812,210,0.060972848,0.897455601,A10,0,101_STEAM_3,199.909032447,316_STEAM_1,0,321,321_CC_1,101,4110.564470333,4227.52610348,116.961633147
0,poi_bus_108,108,Alger,unity,1,14,2020-01-01T14:00:00+00:00,3,branch_A12-1_immediate,branch,A12-1,fixed,short_term,181.333333333,0,799.633003319,-99.999999999,0,true,true,false,constraint_violation,0.872504198,108,1.081614445,210,0.077495802,1.055054577,A13-2,0,101_STEAM_3,49.664736612,316_STEAM_1,0,321,321_CC_1,101,4110.564470333,4198.897727522,88.333257189
0,poi_bus_108,108,Alger,unity,1,14,2020-01-01T14:00:00+00:00,4,branch_A12-1_sustained,branch,A12-1,bounded,continuous,181.333333333,0,799.633003319,-99.999999999,0,true,true,false,constraint_violation,0.888574425,108,1.080316762,210,0.061425575,1.17354263,A13-2,0.247391965,115_STEAM_3,121.598978664,316_STEAM_1,0,115,115_STEAM_3,101,4110.564470334,4203.811862299,93.247391965
0,poi_bus_108,108,Alger,unity,1,14,2020-01-01T14:00:00+00:00,5,branch_A34_immediate,branch,A34,fixed,short_term,181.333333333,0,799.633003319,-100,0,true,true,false,constraint_violation,0.947199689,307,1.083832034,210,0.033832034,0.842263255,C10,0,101_STEAM_3,49.384082018,316_STEAM_1,0,321,321_CC_1,101,4110.564470333,4183.878413268,73.313942935
0,poi_bus_108,108,Alger,unity,1,14,2020-01-01T14:00:00+00:00,6,branch_A34_sustained,branch,A34,bounded,continuous,181.333333333,0,799.633003319,-100,0.000000002,true,true,false,constraint_violation,0.888932427,307,1.083620882,210,0.061067573,0.91171584,A10,0,101_STEAM_3,185.590618609,316_STEAM_1,0,321,321_CC_1,101,4110.564470333,4224.607273888,114.042803555
0,poi_bus_108,108,Alger,unity,1,14,2020-01-01T14:00:00+00:00,7,branch_B12-1_immediate,branch,B12-1,fixed,short_term,181.333333333,0,799.633003319,-100,0,true,true,false,constraint_violation,0.944700961,207,1.071075702,210,0.021075702,0.842267502,C10,0,101_STEAM_3,49.231044088,316_STEAM_1,0,321,321_CC_1,101,4110.564470333,4188.007516897,77.443046564
0,poi_bus_108,108,Alger,unity,1,14,2020-01-01T14:00:00+00:00,8,branch_B12-1_sustained,branch,B12-1,bounded,continuous,181.333333333,0,799.633003319,-100,0.000000001,true,true,false,constraint_violation,0.914132832,307,1.069817449,210,0.035867168,0.911840792,A10,5.478439601,316_STEAM_1,109.224122062,316_STEAM_1,0,316,316_STEAM_1,101,4110.564470333,4209.042909934,98.478439601
0,poi_bus_108,108,Alger,unity,1,14,2020-01-01T14:00:00+00:00,9,branch_B22_immediate,branch,B22,fixed,short_term,181.333333333,0,799.633003319,-100,0.000000001,true,true,false,constraint_violation,0.94784152,307,1.077777124,210,0.027777124,0.842444728,C10,0,101_STEAM_3,47.71007136,316_STEAM_1,0,321,321_CC_1,101,4110.564470333,4189.111433776,78.546963443
0,poi_bus_108,108,Alger,unity,1,14,2020-01-01T14:00:00+00:00,10,branch_B22_sustained,branch,B22,bounded,continuous,181.333333333,0,799.633003319,-99.999999999,0,true,true,false,constraint_violation,0.894374218,307,1.077282209,210,0.055625782,0.910703863,A10,0,101_STEAM_3,194.511723284,316_STEAM_1,0,321,321_CC_1,101,4110.564470333,4229.814677026,119.250206693
0,poi_bus_108,108,Alger,unity,1,14,2020-01-01T14:00:00+00:00,11,branch_B6_immediate,branch,B6,fixed,short_term,181.333333333,0,799.633003319,-99.999999999,0,true,true,false,constraint_violation,0.947164432,307,1.086608431,210,0.036608431,0.842251281,C10,0,101_STEAM_3,49.475592017,316_STEAM_1,0,321,321_CC_1,101,4110.564470333,4183.8976678,73.333197467
0,poi_bus_108,108,Alger,unity,1,14,2020-01-01T14:00:00+00:00,12,branch_B6_sustained,branch,B6,bounded,continuous,181.333333333,0,799.633003319,-100,0.000000001,true,true,false,constraint_violation,0.887460122,307,1.085250446,210,0.062539878,0.90830174,A10,0,101_STEAM_3,200.892391915,316_STEAM_1,0,321,321_CC_1,101,4110.564470333,4227.735697953,117.17122762
0,poi_bus_108,108,Alger,unity,1,14,2020-01-01T14:00:00+00:00,13,branch_C12-1_immediate,branch,C12-1,fixed,short_term,181.333333333,0,799.633003319,-100,0.000000001,true,true,false,constraint_violation,0.800938585,307,1.083829745,210,0.149061415,0.791252064,A10,0,101_STEAM_3,71.597377905,316_STEAM_1,0,321,321_CC_1,101,4110.564470333,4192.893932626,82.329462293
0,poi_bus_108,108,Alger,unity,1,14,2020-01-01T14:00:00+00:00,14,branch_C12-1_sustained,branch,C12-1,bounded,continuous,181.333333333,0,799.633003319,-100,0,true,true,false,constraint_violation,0.72702612,307,1.082446004,210,0.22297388,0.961231383,C13-2,11.837333744,216_STEAM_1,140.757081883,316_STEAM_1,0,216,216_STEAM_1,101,4110.564470333,4215.401804077,104.837333744
0,poi_bus_108,108,Alger,unity,1,14,2020-01-01T14:00:00+00:00,15,branch_C27_immediate,branch,C27,fixed,short_term,181.333333333,0,799.633003319,-100,0,true,true,false,constraint_violation,0.946960516,307,1.083812277,210,0.033812277,0.841405839,C10,0,101_STEAM_3,63.863356422,316_STEAM_1,0,321,321_CC_1,101,4110.564470333,4184.026295598,73.461825265
0,poi_bus_108,108,Alger,unity,1,14,2020-01-01T14:00:00+00:00,16,branch_C27_sustained,branch,C27,bounded,continuous,181.333333333,0,799.633003319,-100,0,true,true,false,constraint_violation,0.890857477,307,1.084176735,210,0.059142523,0.907992468,A10,19.272376814,316_STEAM_1,197.105026486,316_STEAM_1,0,316,316_STEAM_1,101,4110.564470333,4222.836847147,112.272376814
0,poi_bus_108,108,Alger,unity,1,14,2020-01-01T14:00:00+00:00,17,branch_C6_immediate,branch,C6,fixed,short_term,181.333333333,0,799.633003319,-100,0.000000001,true,true,false,constraint_violation,0.943182749,307,1.083830727,210,0.033830727,0.837795957,C10,0,101_STEAM_3,50.372480899,316_STEAM_1,0,321,321_CC_1,101,4110.564470333,4183.992191844,73.427721511
0,poi_bus_108,108,Alger,unity,1,14,2020-01-01T14:00:00+00:00,18,branch_C6_sustained,branch,C6,bounded,continuous,181.333333333,0,799.633003319,-100,0,true,true,false,constraint_violation,0.941512106,307,1.084558923,210,0.034558923,0.957810709,C10,0,101_STEAM_3,50.521995627,316_STEAM_1,0,321,321_CC_1,101,4110.564470333,4186.087095396,75.522625063
0,poi_bus_108,108,Alger,unity,1,14,2020-01-01T14:00:00+00:00,19,branch_CA-1_immediate,branch,CA-1,fixed,short_term,181.333333333,0,799.633003319,-100,0,true,true,false,constraint_violation,0.946536815,307,1.084178354,210,0.034178354,0.835038449,C10,0,101_STEAM_3,62.95612832,316_STEAM_1,0,321,321_CC_1,101,4110.564470333,4196.780211973,86.21574164
0,poi_bus_108,108,Alger,unity,1,14,2020-01-01T14:00:00+00:00,20,branch_CA-1_sustained,branch,CA-1,bounded,continuous,181.333333333,0,799.633003319,-100,0.000000001,true,true,false,constraint_violation,0.923629323,307,1.082540134,210,0.032540134,0.912427397,C10,0,101_STEAM_3,117.311274616,316_STEAM_1,0,116,116_STEAM_1,101,4110.564470333,4196.944258992,86.379788659
0,poi_bus_108,108,Alger,unity,1,14,2020-01-01T14:00:00+00:00,21,generator_121_NUCLEAR_1_sustained,generator,121_NUCLEAR_1,bounded,continuous,181.333333333,0,799.633003319,-100,0.000000001,true,true,false,constraint_violation,0.935074097,307,1.08364108,210,0.03364108,0.923686268,C10,75.242568031,321_CC_1,56.716985927,316_STEAM_1,0,321,321_CC_1,100,4110.564470333,4185.807038364,75.242568031
0,poi_bus_108,108,Alger,unity,1,14,2020-01-01T14:00:00+00:00,22,generator_213_CC_3_sustained,generator,213_CC_3,bounded,continuous,181.333333333,0,799.633003319,-100,0.000000001,true,true,false,constraint_violation,0.89823783,307,1.084304142,210,0.05176217,0.911247305,A10,0,101_STEAM_3,169.634060062,316_STEAM_1,0,321,321_CC_1,101,4110.564470333,4219.514279367,108.949809034
0,poi_bus_108,108,Alger,unity,1,14,2020-01-01T14:00:00+00:00,23,generator_313_CC_1_sustained,generator,313_CC_1,bounded,continuous,181.333333333,0,799.633003319,-100,0,true,true,false,constraint_violation,0.888342879,307,1.08251192,210,0.061657121,0.912087972,A10,0,101_STEAM_3,202.91932034,316_STEAM_1,0,321,321_CC_1,101,4110.564470333,4228.621200744,118.056730411
0,poi_bus_108,108,Alger,unity,1,15,2020-01-01T15:00:00+00:00,0,normal,normal,,base,continuous,185.25,0,796.28929986,-100,0,true,true,false,constraint_violation,0.954767246,307,1.083797003,210,0.033797003,0.951142832,C10,0,101_STEAM_3,14.433450383,101_STEAM_3,0,221,221_CC_1,102,4098.05087,4193.384983648,95.334113648
0,poi_bus_108,108,Alger,unity,1,15,2020-01-01T15:00:00+00:00,1,branch_A11_immediate,branch,A11,fixed,short_term,185.25,0,796.28929986,-100,0,true,true,false,constraint_violation,0.943234698,108,1.084600047,210,0.034600047,0.83235398,C10,0,101_STEAM_3,12.522728646,101_STEAM_3,0,221,221_CC_1,102,4098.05087,4193.976586936,95.925716936
0,poi_bus_108,108,Alger,unity,1,15,2020-01-01T15:00:00+00:00,2,branch_A11_sustained,branch,A11,bounded,continuous,185.25,0,796.28929986,-100,0,true,true,false,constraint_violation,0.918603837,307,1.083107959,210,0.033107959,0.902624487,C10,86.608967651,321_CC_1,65.488914004,316_STEAM_1,0,321,321_CC_1,102,4098.05087,4209.708967651,111.658097651
0,poi_bus_108,108,Alger,unity,1,15,2020-01-01T15:00:00+00:00,3,branch_A12-1_immediate,branch,A12-1,fixed,short_term,185.25,0,796.28929986,-100,0,true,true,false,constraint_violation,0.87164329,108,1.081628144,210,0.07835671,1.027712267,A13-2,0,101_STEAM_3,8.335561579,101_STEAM_3,0,221,221_CC_1,102,4098.05087,4208.431828734,110.380958734
0,poi_bus_108,108,Alger,unity,1,15,2020-01-01T15:00:00+00:00,4,branch_A12-1_sustained,branch,A12-1,bounded,continuous,185.25,0,796.28929986,-100,0,true,true,false,constraint_violation,0.882358965,108,1.080568331,210,0.067641035,1.192130393,A13-2,40.609661785,116_STEAM_1,102.883246857,316_STEAM_1,0,116,116_STEAM_1,102,4098.05087,4231.660531785,133.609661785
0,poi_bus_108,108,Alger,unity,1,15,2020-01-01T15:00:00+00:00,5,branch_A34_immediate,branch,A34,fixed,short_term,185.25,0,796.28929986,-100,0,true,true,false,constraint_violation,0.954884836,307,1.083800412,210,0.033800412,0.832333608,C10,0,101_STEAM_3,14.428283235,101_STEAM_3,0,221,221_CC_1,102,4098.05087,4193.876555907,95.825685907
0,poi_bus_108,108,Alger,unity,1,15,2020-01-01T15:00:00+00:00,6,branch_A34_sustained,branch,A34,bounded,continuous,185.25,0,796.28929986,-100,0.000000001,true,true,false,constraint_violation,0.905615241,307,1.082443029,210,0.044384759,0.975333751,CA-1,0,101_STEAM_3,118.637816737,316_STEAM_1,0,321,321_CC_1,102,4098.05087,4231.405843014,133.354973014
0,poi_bus_108,108,Alger,unity,1,15,2020-01-01T15:00:00+00:00,7,branch_B12-1_immediate,branch,B12-1,fixed,short_term,185.25,0,796.28929986,-100,0.000000001,true,true,false,constraint_violation,0.943864188,207,1.07097707,210,0.02097707,0.832205395,C10,0,101_STEAM_3,14.459189844,101_STEAM_3,0,221,221_CC_1,102,4098.05087,4197.632611776,99.581741776
0,poi_bus_108,108,Alger,unity,1,15,2020-01-01T15:00:00+00:00,8,branch_B12-1_sustained,branch,B12-1,bounded,continuous,185.25,0,796.28929986,100.000000001,0.000000001,true,true,false,constraint_violation,0.938967628,307,1.068854134,210,0.018854134,0.927840974,C10,0,101_STEAM_3,5.448710706,101_STEAM_3,0,221,221_CC_1,102,4098.05087,4187.504619084,89.453749084
0,poi_bus_108,108,Alger,unity,1,15,2020-01-01T15:00:00+00:00,9,branch_B22_immediate,branch,B22,fixed,short_term,185.25,0,796.28929986,-100,0.000000001,true,true,false,constraint_violation,0.955608869,307,1.078176546,210,0.028176546,0.832841766,C10,0,101_STEAM_3,14.232780211,101_STEAM_3,0,221,221_CC_1,102,4098.05087,4197.237156963,99.186286963
0,poi_bus_108,108,Alger,unity,1,15,2020-01-01T15:00:00+00:00,10,branch_B22_sustained,branch,B22,bounded,continuous,185.25,0,796.28929986,-100.000000001,0,true,true,false,constraint_violation,0.92714953,307,1.078915755,210,0.028915755,0.917507839,C10,0,101_STEAM_3,45.288126494,316_STEAM_1,0,221,221_CC_1,102,4098.05087,4208.298550361,110.247680361
0,poi_bus_108,108,Alger,unity,1,15,2020-01-01T15:00:00+00:00,11,branch_B6_immediate,branch,B6,fixed,short_term,185.25,0,796.28929986,-100,0.000000001,true,true,false,constraint_violation,0.954676724,307,1.086568803,210,0.036568803,0.832185398,C10,0,101_STEAM_3,14.000945671,101_STEAM_3,0,221,221_CC_1,102,4098.05087,4193.502004308,95.451134308
0,poi_bus_108,108,Alger,unity,1,15,2020-01-01T15:00:00+00:00,12,branch_B6_sustained,branch,B6,bounded,continuous,185.25,0,796.28929986,-100,0,true,true,false,constraint_violation,0.899481917,307,1.08523786,210,0.050518083,0.977714183,CA-1,0,101_STEAM_3,142.44074002,316_STEAM_1,0,321,321_CC_1,102,4098.05087,4238.395939637,140.345069637
0,poi_bus_108,108,Alger,unity,1,15,2020-01-01T15:00:00+00:00,13,branch_C12-1_immediate,branch,C12-1,fixed,short_term,185.25,0,796.28929986,-100,0,true,true,false,constraint_violation,0.749994868,307,1.083823432,210,0.200005132,0.893105457,C13-2,0,101_STEAM_3,40.34765429,316_STEAM_1,0,221,221_CC_1,102,4098.05087,4210.307065039,112.256195039
0,poi_bus_108,108,Alger,unity,1,15,2020-01-01T15:00:00+00:00,14,branch_C12-1_sustained,branch,C12-1,bounded,continuous,185.25,0,796.28929986,-100,0,true,false,false,not_converged,,,,,,,,,,,,,221,221_CC_1,102,,,
0,poi_bus_108,108,Alger,unity,1,15,2020-01-01T15:00:00+00:00,15,branch_C27_immediate,branch,C27,fixed,short_term,185.25,0,796.28929986,-100,0,true,true,false,constraint_violation,0.952350672,307,1.083759755,210,0.033759755,0.827094615,C10,0,101_STEAM_3,16.080536871,316_STEAM_1,0,221,221_CC_1,102,4098.05087,4196.080704537,98.029834537
0,poi_bus_108,108,Alger,unity,1,15,2020-01-01T15:00:00+00:00,16,branch_C27_sustained,branch,C27,bounded,continuous,185.25,0,796.28929986,-99.999999999,0.000000001,true,true,false,constraint_violation,0.906008299,307,1.084671419,210,0.043991701,0.916983933,CA-1,0,101_STEAM_3,110.170637672,316_STEAM_1,0,221,221_CC_1,102,4098.05087,4223.631163503,125.580293503
0,poi_bus_108,108,Alger,unity,1,15,2020-01-01T15:00:00+00:00,17,branch_C6_immediate,branch,C6,fixed,short_term,185.25,0,796.28929986,-100,0.000000001,true,true,false,constraint_violation,0.949495134,307,1.083794291,210,0.033794291,0.813936454,C10,0,101_STEAM_3,14.435045275,101_STEAM_3,0,221,221_CC_1,102,4098.05087,4194.493533649,96.442663649
0,poi_bus_108,108,Alger,unity,1,15,2020-01-01T15:00:00+00:00,18,branch_C6_sustained,branch,C6,bounded,continuous,185.25,0,796.28929986,-100,0,true,true,false,constraint_violation,0.935135697,307,1.085051553,210,0.035051553,0.897987957,C10,98.622670688,221_CC_1,18.43274478,101_STEAM_3,0,221,221_CC_1,102,4098.05087,4196.673540688,98.622670688
0,poi_bus_108,108,Alger,unity,1,15,2020-01-01T15:00:00+00:00,19,branch_CA-1_immediate,branch,CA-1,fixed,short_term,185.25,0,796.28929986,-100,0,true,true,false,constraint_violation,0.950874464,108,1.08311166,210,0.03311166,1.084488522,CB-1,29.476241858,221_CC_1,65.518710558,316_STEAM_1,0,221,221_CC_1,102,4098.05087,4267.809575314,169.758705314
0,poi_bus_108,108,Alger,unity,1,15,2020-01-01T15:00:00+00:00,20,branch_CA-1_sustained,branch,CA-1,bounded,continuous,185.25,0,796.28929986,100,0,true,true,false,constraint_violation,0.929939189,307,1.084760361,210,0.034760361,1.184769693,CB-1,70.565841565,116_STEAM_1,88.483475227,316_STEAM_1,0,116,116_STEAM_1,102,4098.05087,4261.616711565,163.565841565
0,poi_bus_108,108,Alger,unity,1,15,2020-01-01T15:00:00+00:00,21,generator_121_NUCLEAR_1_sustained,generator,121_NUCLEAR_1,bounded,continuous,185.25,0,796.28929986,-100,0,true,true,false,constraint_violation,0.884747944,307,1.084139801,210,0.065252056,0.890308612,A10,111.57962362,221_CC_1,174.732947922,316_STEAM_1,0,221,221_CC_1,101,4098.05087,4209.63049362,111.57962362
0,poi_bus_108,108,Alger,unity,1,15,2020-01-01T15:00:00+00:00,22,generator_213_CC_3_sustained,generator,213_CC_3,bounded,continuous,185.25,0,796.28929986,-100,0,true,true,false,constraint_violation,0.91728861,307,1.08244591,210,0.03271139,0.92952345,CA-1,0,101_STEAM_3,79.513334803,316_STEAM_1,0,221,221_CC_1,102,4098.05087,4221.250795783,123.199925783
0,poi_bus_108,108,Alger,unity,1,15,2020-01-01T15:00:00+00:00,23,generator_313_CC_1_sustained,generator,313_CC_1,bounded,continuous,185.25,0,796.28929986,-100,0.000000001,true,true,false,constraint_violation,0.903196949,307,1.082470679,210,0.046803051,1.01686267,CA-1,0,101_STEAM_3,126.177310848,316_STEAM_1,0,221,221_CC_1,102,4098.05087,4238.2650446,140.2141746
0,poi_bus_108,108,Alger,unity,1,16,2020-01-01T16:00:00+00:00,0,normal,normal,,base,continuous,185.666666667,0,825.723262372,100,0,true,true,false,constraint_violation,0.9568,307,1.086336782,210,0.036336782,0.908824739,C10,44.260647685,221_CC_1,39.40880395,316_STEAM_1,0,221,221_CC_1,105,4243.099938667,4349.027252952,105.927314285
0,poi_bus_108,108,Alger,unity,1,16,2020-01-01T16:00:00+00:00,1,branch_A11_immediate,branch,A11,fixed,short_term,185.666666667,0,825.723262372,100,0.000000002,true,true,false,constraint_violation,0.934113604,108,1.08681737,210,0.03681737,0.794972123,C10,47.361901952,221_CC_1,39.803239851,316_STEAM_1,0,221,221_CC_1,105,4243.099938667,4352.128507219,109.028568552
0,poi_bus_108,108,Alger,unity,1,16,2020-01-01T16:00:00+00:00,2,branch_A11_sustained,branch,A11,bounded,continuous,185.666666667,0,825.723262372,-100,0,true,true,false,constraint_violation,0.938096487,108,1.088884449,210,0.038884449,0.927240172,C10,129.937470106,221_CC_1,113.164874485,316_STEAM_1,0,221,221_CC_1,105,4243.099938667,4373.037408773,129.937470106
0,poi_bus_108,108,Alger,unity,1,16,2020-01-01T16:00:00+00:00,3,branch_A12-1_immediate,branch,A12-1,fixed,short_term,185.666666667,0,825.723262372,100.000000001,0,true,true,false,constraint_violation,0.863635721,108,1.08476751,210,0.086364279,0.912837301,A13-2,59.072972458,221_CC_1,39.18917876,316_STEAM_1,0,221,221_CC_1,105,4243.099938667,4363.839577725,120.739639058
0,poi_bus_108,108,Alger,unity,1,16,2020-01-01T16:00:00+00:00,4,branch_A12-1_sustained,branch,A12-1,bounded,continuous,185.666666667,0,825.723262372,91.118683719,0,true,true,false,constraint_violation,0.863379422,108,1.083953843,210,0.086620578,1.16756122,A13-2,0,101_STEAM_3,34.756924526,316_STEAM_1,0,221,221_CC_1,105,4243.099938667,4358.53202115,115.432082483
0,poi_bus_108,108,Alger,unity,1,16,2020-01-01T16:00:00+00:00,5,branch_A34_immediate,branch,A34,fixed,short_term,185.666666667,0,825.723262372,99.999999999,0.000000001,true,true,false,constraint_violation,0.9568,307,1.086338415,210,0.036338415,0.795185689,C10,44.746596007,221_CC_1,39.459680032,316_STEAM_1,0,221,221_CC_1,105,4243.099938667,4349.513201274,106.413262607
0,poi_bus_108,108,Alger,unity,1,16,2020-01-01T16:00:00+00:00,6,branch_A34_sustained,branch,A34,bounded,continuous,185.666666667,0,825.723262372,-100.000000001,0.000000001,true,true,false,constraint_violation,0.9568,307,1.085750761,210,0.035750761,1.18044798,CB-1,133.644397154,216_STEAM_1,187.536803656,316_STEAM_1,0,216,216_STEAM_1,105,4243.099938666,4413.638549219,170.538610553
0,poi_bus_108,108,Alger,unity,1,16,2020-01-01T16:00:00+00:00,7,branch_B12-1_immediate,branch,B12-1,fixed,short_term,185.666666667,0,825.723262372,100,0.000000001,true,true,false,constraint_violation,0.942300359,207,1.073869997,210,0.023869997,0.79524181,C10,48.62884531,221_CC_1,39.381182617,316_STEAM_1,0,221,221_CC_1,105,4243.099938667,4353.395450577,110.29551191
0,poi_bus_108,108,Alger,unity,1,16,2020-01-01T16:00:00+00:00,8,branch_B12-1_sustained,branch,B12-1,bounded,continuous,185.666666667,0,825.723262372,-67.359989828,0.000000001,true,true,false,constraint_violation,0.943972996,207,1.075221138,210,0.025221138,0.946742568,CB-1,0,101_STEAM_3,107.521520065,316_STEAM_1,0,321,321_CC_1,105,4243.099938667,4375.727353172,132.627414505
0,poi_bus_108,108,Alger,unity,1,16,2020-01-01T16:00:00+00:00,9,branch_B22_immediate,branch,B22,fixed,short_term,185.666666667,0,825.723262372,100,0,true,true,false,constraint_violation,0.9568,307,1.085973992,210,0.035973992,0.795086479,C10,45.012579199,221_CC_1,39.610600685,316_STEAM_1,0,221,221_CC_1,105,4243.099938667,4349.779184466,106.679245799
0,poi_bus_108,108,Alger,unity,1,16,2020-01-01T16:00:00+00:00,10,branch_B22_sustained,branch,B22,bounded,continuous,185.666666667,0,825.723262372,-100,0,true,true,false,constraint_violation,0.9568,307,1.085118304,210,0.035118304,0.91812493,C10,0,101_STEAM_3,74.454612454,316_STEAM_1,0,221,221_CC_1,105,4243.099938667,4352.304696467,109.2047578
0,poi_bus_108,108,Alger,unity,1,16,2020-01-01T16:00:00+00:00,11,branch_B6_immediate,branch,B6,fixed,short_term,185.666666667,0,825.723262372,100,0.000000001,true,true,false,constraint_violation,0.952705715,108,1.089164964,210,0.039164964,0.795156118,C10,44.74924264,221_CC_1,39.503056945,316_STEAM_1,0,221,221_CC_1,105,4243.099938667,4349.515847907,106.41590924
0,poi_bus_108,108,Alger,unity,1,16,2020-01-01T16:00:00+00:00,12,branch_B6_sustained,branch,B6,bounded,continuous,185.666666667,0,825.723262372,-100.000000001,0.000000001,true,true,false,constraint_violation,0.955584257,108,1.08799669,210,0.03799669,0.920270174,C10,56.919200471,316_STEAM_1,106.216855775,316_STEAM_1,0,316,316_STEAM_1,105,4243.099938667,4368.219200471,125.119261804
0,poi_bus_108,108,Alger,unity,1,16,2020-01-01T16:00:00+00:00,13,branch_C12-1_immediate,branch,C12-1,fixed,short_term,185.666666667,0,825.723262372,100.000000001,0.000000001,true,true,false,constraint_violation,0.945335044,308,1.086339919,210,0.036339919,0.761703228,B10,52.361831245,221_CC_1,42.045178916,316_STEAM_1,0,221,221_CC_1,105,4243.099938667,4357.128436512,114.028497845
0,poi_bus_108,108,Alger,unity,1,16,2020-01-01T16:00:00+00:00,14,branch_C12-1_sustained,branch,C12-1,bounded,continuous,185.666666667,0,825.723262372,-100,0.000000001,true,true,false,constraint_violation,0.950826874,308,1.087727992,210,0.037727992,0.953403927,CB-1,0,101_STEAM_3,101.197169976,316_STEAM_1,0,321,321_CC_1,105,4243.099938666,4373.339307421,130.239368755
0,poi_bus_108,108,Alger,unity,1,16,2020-01-01T16:00:00+00:00,15,branch_C27_immediate,branch,C27,fixed,short_term,185.666666667,0,825.723262372,100,0.000000001,true,true,false,constraint_violation,0.9568,307,1.086307502,210,0.036307502,0.791082091,C10,48.437659222,221_CC_1,47.253396528,316_STEAM_1,0,221,221_CC_1,105,4243.099938667,4353.204264489,110.104325822
0,poi_bus_108,108,Alger,unity,1,16,2020-01-01T16:00:00+00:00,16,branch_C27_sustained,branch,C27,bounded,continuous,185.666666667,0,825.723262372,-100,0,true,true,false,constraint_violation,0.9568,307,1.085442186,210,0.035442186,0.924172561,C10,63.521042233,307_CT_2,59.903437568,316_STEAM_1,0,307,307_CT_2,105,4243.099938667,4339.6209809,96.521042233
0,poi_bus_108,108,Alger,unity,1,16,2020-01-01T16:00:00+00:00,17,branch_C6_immediate,branch,C6,fixed,short_term,185.666666667,0,825.723262372,100,0,true,true,false,constraint_violation,0.9568,307,1.086334244,210,0.036334244,0.780198749,C10,45.349708429,221_CC_1,40.555284646,316_STEAM_1,0,221,221_CC_1,105,4243.099938667,4350.116313696,107.016375029
0,poi_bus_108,108,Alger,unity,1,16,2020-01-01T16:00:00+00:00,18,branch_C6_sustained,branch,C6,bounded,continuous,185.666666667,0,825.723262372,-100,0.000000001,true,true,false,constraint_violation,0.9568,307,1.085641292,210,0.035641292,0.952597838,CB-1,0,101_STEAM_3,127.735446898,316_STEAM_1,0,321,321_CC_1,105,4243.099938666,4377.154267658,134.054328992
0,poi_bus_108,108,Alger,unity,1,16,2020-01-01T16:00:00+00:00,19,branch_CA-1_immediate,branch,CA-1,fixed,short_term,185.666666667,0,825.723262372,100,0.000000002,true,true,false,constraint_violation,0.956034405,108,1.085955158,210,0.035955158,1.239315373,CB-1,117.789636424,221_CC_1,158.491186379,316_STEAM_1,0,221,221_CC_1,105,4243.099938667,4422.556241691,179.456303024
0,poi_bus_108,108,Alger,unity,1,16,2020-01-01T16:00:00+00:00,20,branch_CA-1_sustained,branch,CA-1,bounded,continuous,185.666666667,0,825.723262372,100,0.000000001,true,true,false,constraint_violation,0.9568,307,1.085660983,210,0.035660983,0.915314552,C10,72.792805973,307_CT_2,59.039486092,316_STEAM_1,0,307,307_CT_2,105,4243.099938667,4344.06275364,100.962814973
0,poi_bus_108,108,Alger,unity,1,16,2020-01-01T16:00:00+00:00,21,generator_121_NUCLEAR_1_sustained,generator,121_NUCLEAR_1,bounded,continuous,185.666666667,0,825.723262372,-100,0,true,true,false,constraint_violation,0.9568,307,1.085624104,210,0.035624104,0.948552435,CB-1,122.471974739,221_CC_1,76.849696913,316_STEAM_1,0,221,221_CC_1,104,4243.099938667,4365.571913406,122.471974739
0,poi_bus_108,108,Alger,unity,1,16,2020-01-01T16:00:00+00:00,22,generator_213_CC_3_sustained,generator,213_CC_3,bounded,continuous,185.666666667,0,825.723262372,-100,0.000000001,true,true,false,constraint_violation,0.9568,307,1.08096893,210,0.03096893,0.918621652,C10,114.381601021,221_CC_1,74.86520779,316_STEAM_1,0,221,221_CC_1,104,4243.099938667,4357.481539688,114.381601021
0,poi_bus_108,108,Alger,unity,1,16,2020-01-01T16:00:00+00:00,23,generator_313_CC_1_sustained,generator,313_CC_1,bounded,continuous,185.666666667,0,825.723262372,-70.503266303,0.000000001,true,true,false,constraint_violation,0.9568,307,1.085710635,210,0.035710635,1.177978313,CB-1,110.804290946,221_CC_1,207.197321234,316_STEAM_1,0,221,221_CC_1,104,4243.099938667,4415.304290946,172.204352279
0,poi_bus_108,108,Alger,unity,1,17,2020-01-01T17:00:00+00:00,0,normal,normal,,base,continuous,189.020833333,0,931.674803888,57.3134342,0.000000001,true,true,false,constraint_violation,0.94805041,108,1.079014329,210,0.029014329,0.90230014,C10,70.790247321,221_CC_1,95.093538923,316_STEAM_1,0,221,221_CC_1,105,4767.078059333,4899.534973254,132.456913921
0,poi_bus_108,108,Alger,unity,1,17,2020-01-01T17:00:00+00:00,1,branch_A11_immediate,branch,A11,fixed,short_term,189.020833333,0,931.674803888,57.3134342,0.000000001,true,true,false,constraint_violation,0.922398258,108,1.079633068,210,0.029633068,0.789554822,C10,72.942468536,221_CC_1,95.142087007,316_STEAM_1,0,221,221_CC_1,105,4767.078059333,4901.687194469,134.609135136
0,poi_bus_108,108,Alger,unity,1,17,2020-01-01T17:00:00+00:00,2,branch_A11_sustained,branch,A11,bounded,continuous,189.020833333,0,931.674803888,-99.999999999,0,true,true,false,constraint_violation,0.925708138,108,1.079172419,210,0.029172419,0.971740929,CA-1,113.597325467,321_CC_1,152.726198025,316_STEAM_1,0,321,321_CC_1,105,4767.078059333,4916.458676567,149.380617234
0,poi_bus_108,108,Alger,unity,1,17,2020-01-01T17:00:00+00:00,3,branch_A12-1_immediate,branch,A12-1,fixed,short_term,189.020833333,0,931.674803888,57.3134342,0.000000001,true,true,false,constraint_violation,0.83273309,108,1.076926144,210,0.11726691,1.042953741,A13-2,90.405464935,221_CC_1,95.102546802,316_STEAM_1,0,221,221_CC_1,105,4767.078059333,4919.150190868,152.072131535
0,poi_bus_108,108,Alger,unity,1,17,2020-01-01T17:00:00+00:00,4,branch_A12-1_sustained,branch,A12-1,bounded,continuous,189.020833333,0,931.674803888,-100,0.000000002,true,true,false,constraint_violation,0.838379889,108,1.076499162,210,0.111620111,1.225966905,A13-2,154.538817665,221_CC_1,150.995707835,316_STEAM_1,0,221,221_CC_1,105,4767.078059334,4921.616876999,154.538817665
0,poi_bus_108,108,Alger,unity,1,17,2020-01-01T17:00:00+00:00,5,branch_A34_immediate,branch,A34,fixed,short_term,189.020833333,0,931.674803888,57.3134342,0,true,true,false,constraint_violation,0.948140912,108,1.079026485,210,0.029026485,0.789569758,C10,81.44223063,221_CC_1,95.171286464,316_STEAM_1,0,221,221_CC_1,105,4767.078059333,4910.186956563,143.10889723
0,poi_bus_108,108,Alger,unity,1,17,2020-01-01T17:00:00+00:00,6,branch_A34_sustained,branch,A34,bounded,continuous,189.020833333,0,931.674803888,-100,0.000000001,true,true,false,constraint_violation,0.949009337,108,1.078366194,210,0.028366194,0.937624986,C10,106.104985266,307_CT_2,120.750879687,316_STEAM_1,0,307,307_CT_2,105,4767.078059333,4906.183044599,139.104985266
0,poi_bus_108,108,Alger,unity,1,17,2020-01-01T17:00:00+00:00,7,branch_B12-1_immediate,branch,B12-1,fixed,short_term,189.020833333,0,931.674803888,57.3134342,0,true,true,false,constraint_violation,0.883909951,207,1.05904672,210,0.066090049,0.794367169,B13-2,78.442749341,221_CC_1,95.089786974,316_STEAM_1,0,221,221_CC_1,105,4767.078059333,4907.187475274,140.109415941
0,poi_bus_108,108,Alger,unity,1,17,2020-01-01T17:00:00+00:00,8,branch_B12-1_sustained,branch,B12-1,bounded,continuous,189.020833333,0,931.674803888,-100,0.000000002,true,true,false,constraint_violation,0.883501436,207,1.058750509,210,0.066498564,1.1020897,CA-1,42.059472524,221_CC_1,161.746162574,316_STEAM_1,0,221,221_CC_1,105,4767.078059334,4931.622798005,164.544738671
0,poi_bus_108,108,Alger,unity,1,17,2020-01-01T17:00:00+00:00,9,branch_B22_immediate,branch,B22,fixed,short_term,189.020833333,0,931.674803888,57.3134342,0,true,true,false,constraint_violation,0.947662478,108,1.0783332,210,0.0283332,0.78956199,C10,72.419432908,221_CC_1,95.15527822,316_STEAM_1,0,221,221_CC_1,105,4767.078059333,4901.164158841,134.086099508
0,poi_bus_108,108,Alger,unity,1,17,2020-01-01T17:00:00+00:00,10,branch_B22_sustained,branch,B22,bounded,continuous,189.020833333,0,931.674803888,-100,0,true,true,false,constraint_violation,0.949137297,108,1.079853625,210,0.029853625,0.96861982,CA-1,0,101_STEAM_3,120.414571142,316_STEAM_1,0,321,321_CC_1,105,4767.078059333,4905.20232411,138.124264777
0,poi_bus_108,108,Alger,unity,1,17,2020-01-01T17:00:00+00:00,11,branch_B6_immediate,branch,B6,fixed,short_term,189.020833333,0,931.674803888,57.3134342,0.000000002,true,true,false,constraint_violation,0.940889856,108,1.081679634,210,0.031679634,0.789523503,C10,71.155981123,221_CC_1,95.101463129,316_STEAM_1,0,221,221_CC_1,105,4767.078059333,4899.900707056,132.822647723
0,poi_bus_108,108,Alger,unity,1,17,2020-01-01T17:00:00+00:00,12,branch_B6_sustained,branch,B6,bounded,continuous,189.020833333,0,931.674803888,-100,0.000000001,true,true,false,constraint_violation,0.9429777,108,1.081401869,210,0.031401869,0.930600501,C10,81.451600177,307_CT_2,112.794191754,316_STEAM_1,0,307,307_CT_2,105,4767.078059333,4881.52965951,114.451600177
0,poi_bus_108,108,Alger,unity,1,17,2020-01-01T17:00:00+00:00,13,branch_C12-1_immediate,branch,C12-1,fixed,short_term,189.020833333,0,931.674803888,57.313434201,0.000000002,true,true,false,constraint_violation,0.930536756,308,1.079023715,210,0.029023715,0.876725265,C13-2,83.656853989,221_CC_1,102.018165666,316_STEAM_1,0,221,221_CC_1,105,4767.078059333,4912.401579922,145.323520589
0,poi_bus_108,108,Alger,unity,1,17,2020-01-01T17:00:00+00:00,14,branch_C12-1_sustained,branch,C12-1,bounded,continuous,189.020833333,0,931.674803888,-100,0,true,true,false,constraint_violation,0.939822859,308,1.078661569,210,0.028661569,0.992579867,CA-1,152.901553838,221_CC_1,135.743780139,316_STEAM_1,0,221,221_CC_1,105,4767.078059333,4919.979613171,152.901553838
0,poi_bus_108,108,Alger,unity,1,17,2020-01-01T17:00:00+00:00,15,branch_C27_immediate,branch,C27,fixed,short_term,189.020833333,0,931.674803888,57.3134342,0,true,true,false,constraint_violation,0.948321911,108,1.078950074,210,0.028950074,0.787965,C10,82.796231158,221_CC_1,129.932719671,316_STEAM_1,0,221,221_CC_1,105,4767.078059333,4911.540957091,144.462897758
0,poi_bus_108,108,Alger,unity,1,17,2020-01-01T17:00:00+00:00,16,branch_C27_sustained,branch,C27,bounded,continuous,189.020833333,0,931.674803888,-100,0.000000001,true,true,false,constraint_violation,0.949639244,108,1.079690877,210,0.029690877,0.988994989,CA-1,0,101_STEAM_3,161.258886552,316_STEAM_1,0,221,221_CC_1,105,4767.078059333,4914.58875686,147.510697527
0,poi_bus_108,108,Alger,unity,1,17,2020-01-01T17:00:00+00:00,17,branch_C6_immediate,branch,C6,fixed,short_term,189.020833333,0,931.674803888,57.3134342,0.000000002,true,true,false,constraint_violation,0.948075076,108,1.07901083,210,0.02901083,0.783633836,C10,72.19724673,221_CC_1,97.597058804,316_STEAM_1,0,221,221_CC_1,105,4767.078059333,4900.941972663,133.86391333
0,poi_bus_108,108,Alger,unity,1,17,2020-01-01T17:00:00+00:00,18,branch_C6_sustained,branch,C6,bounded,continuous,189.020833333,0,931.674803888,-100,0,true,true,false,constraint_violation,0.950305576,108,1.078513323,210,0.028513323,0.930256711,C10,79.406508881,307_CT_2,110.72548905,316_STEAM_1,0,307,307_CT_2,105,4767.078059333,4879.484568214,112.406508881
0,poi_bus_108,108,Alger,unity,1,17,2020-01-01T17:00:00+00:00,19,branch_CA-1_immediate,branch,CA-1,fixed,short_term,189.020833333,0,931.674803888,57.3134342,0,true,true,false,constraint_violation,0.935785286,108,1.07857683,210,0.02857683,1.288425689,CB-1,178.398369681,221_CC_1,252.903496776,316_STEAM_1,0,221,221_CC_1,105,4767.078059333,5007.143095614,240.065036281
0,poi_bus_108,108,Alger,unity,1,17,2020-01-01T17:00:00+00:00,20,branch_CA-1_sustained,branch,CA-1,bounded,continuous,189.020833333,0,931.674803888,100,0.000000001,true,true,false,constraint_violation,0.94007077,108,1.078412633,210,0.028412633,1.225713108,CB-1,99.583320236,115_STEAM_3,178.669564175,316_STEAM_1,0,115,115_STEAM_3,105,4767.078059333,4959.661379569,192.583320236
0,poi_bus_108,108,Alger,unity,1,17,2020-01-01T17:00:00+00:00,21,generator_121_NUCLEAR_1_sustained,generator,121_NUCLEAR_1,bounded,continuous,189.020833333,0,931.674803888,-99.999999999,0,true,true,false,constraint_violation,0.949980674,108,1.078520093,210,0.028520093,0.907384564,C10,127.561585507,221_CC_1,110.257289168,316_STEAM_1,0,221,221_CC_1,104,4767.078059333,4894.63964484,127.561585507
0,poi_bus_108,108,Alger,unity,1,17,2020-01-01T17:00:00+00:00,22,generator_213_CC_3_sustained,generator,213_CC_3,bounded,continuous,189.020833333,0,931.674803888,-100,0,true,true,false,constraint_violation,0.946616274,108,1.070470802,210,0.020470802,0.927611981,CA-1,136.218935396,221_CC_1,106.015199163,316_STEAM_1,0,221,221_CC_1,104,4767.078059333,4903.296994729,136.218935396
0,poi_bus_108,108,Alger,unity,1,17,2020-01-01T17:00:00+00:00,23,generator_313_CC_1_sustained,generator,313_CC_1,bounded,continuous,189.020833333,0,931.674803888,6.918718249,0,true,true,false,constraint_violation,0.942786435,312,1.078609655,210,0.028609655,1.122340146,CA-1,176.951430397,221_CC_1,248.088894548,316_STEAM_1,0,221,221_CC_1,104,4767.078059333,4944.02948973,176.951430397
0,poi_bus_108,108,Alger,unity,1,18,2020-01-01T18:00:00+00:00,0,normal,normal,,base,continuous,188.833333333,0,926.859082204,-79.689411373,0,true,true,false,constraint_violation,0.950416559,108,1.078494608,210,0.028494608,0.896837182,C10,71.08320588,221_CC_1,123.249184536,316_STEAM_1,0,221,221_CC_1,105,4743.227099333,4875.976971813,132.74987248
0,poi_bus_108,108,Alger,unity,1,18,2020-01-01T18:00:00+00:00,1,branch_A11_immediate,branch,A11,fixed,short_term,188.833333333,0,926.859082204,-79.689411371,0.000000001,true,true,false,constraint_violation,0.926931157,108,1.079075589,210,0.029075589,0.784768181,C10,72.629955897,221_CC_1,123.365684516,316_STEAM_1,0,221,221_CC_1,105,4743.227099333,4877.52372183,134.296622497
0,poi_bus_108,108,Alger,unity,1,18,2020-01-01T18:00:00+00:00,2,branch_A11_sustained,branch,A11,bounded,continuous,188.833333333,0,926.859082204,-100,0.000000001,true,true,false,constraint_violation,0.929440333,108,1.078623802,210,0.028623802,0.925798291,C10,85.262389232,307_CT_2,92.427241042,316_STEAM_1,0,307,307_CT_2,105,4743.227099333,4861.489488565,118.262389232
0,poi_bus_108,108,Alger,unity,1,18,2020-01-01T18:00:00+00:00,3,branch_A12-1_immediate,branch,A12-1,fixed,short_term,188.833333333,0,926.859082204,-79.689411372,0,true,true,false,constraint_violation,0.836211106,108,1.076430996,210,0.113788894,1.066590428,A13-2,90.623675323,221_CC_1,123.0953494,316_STEAM_1,0,221,221_CC_1,105,4743.227099333,4895.517441256,152.290341923
0,poi_bus_108,108,Alger,unity,1,18,2020-01-01T18:00:00+00:00,4,branch_A12-1_sustained,branch,A12-1,bounded,continuous,188.833333333,0,926.859082204,-29.713777113,0.000000001,true,true,false,constraint_violation,0.841108053,108,1.075872604,210,0.108891947,1.220167462,A13-2,144.001186846,221_CC_1,97.058362121,316_STEAM_1,0,221,221_CC_1,105,4743.227099333,4887.228286179,144.001186846
0,poi_bus_108,108,Alger,unity,1,18,2020-01-01T18:00:00+00:00,5,branch_A34_immediate,branch,A34,fixed,short_term,188.833333333,0,926.859082204,-79.689411373,0,true,true,false,constraint_violation,0.950490333,108,1.078506287,210,0.028506287,0.784792093,C10,80.122648222,221_CC_1,123.460245665,316_STEAM_1,0,221,221_CC_1,105,4743.227099333,4885.016414155,141.789314822
0,poi_bus_108,108,Alger,unity,1,18,2020-01-01T18:00:00+00:00,6,branch_A34_sustained,branch,A34,bounded,continuous,188.833333333,0,926.859082204,-100.000000001,0,true,true,false,constraint_violation,0.950797283,108,1.078149981,210,0.028149981,0.937954198,C10,105.888408537,307_CT_2,127.225574701,316_STEAM_1,0,307,307_CT_2,105,4743.227099333,4882.11550787,138.888408537
0,poi_bus_108,108,Alger,unity,1,18,2020-01-01T18:00:00+00:00,7,branch_B12-1_immediate,branch,B12-1,fixed,short_term,188.833333333,0,926.859082204,-79.689411372,0.000000001,true,true,false,constraint_violation,0.877977599,207,1.057650201,210,0.072022401,0.809418346,B13-2,79.150286223,221_CC_1,123.224102966,316_STEAM_1,0,221,221_CC_1,105,4743.227099333,4884.044052156,140.816952823
0,poi_bus_108,108,Alger,unity,1,18,2020-01-01T18:00:00+00:00,8,branch_B12-1_sustained,branch,B12-1,bounded,continuous,188.833333333,0,926.859082204,-99.999999999,0.000000001,true,true,false,constraint_violation,0.878872413,207,1.058291263,210,0.071127587,1.017153618,B13-2,94.354770449,307_CT_2,92.242111136,316_STEAM_1,0,307,307_CT_2,105,4743.227099333,4870.581869782,127.354770449
0,poi_bus_108,108,Alger,unity,1,18,2020-01-01T18:00:00+00:00,9,branch_B22_immediate,branch,B22,fixed,short_term,188.833333333,0,926.859082204,-79.689411373,0,true,true,false,constraint_violation,0.949804484,108,1.077689003,210,0.027689003,0.784793495,C10,73.066266909,221_CC_1,123.466217806,316_STEAM_1,0,221,221_CC_1,105,4743.227099333,4877.960032842,134.732933509
0,poi_bus_108,108,Alger,unity,1,18,2020-01-01T18:00:00+00:00,10,branch_B22_sustained,branch,B22,bounded,continuous,188.833333333,0,926.859082204,-100,0,true,true,false,constraint_violation,0.951152313,108,1.078378456,210,0.028378456,0.908612883,C10,0,101_STEAM_3,80.206280707,316_STEAM_1,0,221,221_CC_1,105,4743.227099333,4858.322173926,115.095074593
0,poi_bus_108,108,Alger,unity,1,18,2020-01-01T18:00:00+00:00,11,branch_B6_immediate,branch,B6,fixed,short_term,188.833333333,0,926.859082204,-79.689411372,0,true,true,false,constraint_violation,0.943599597,108,1.081002304,210,0.031002304,0.78474184,C10,71.370323253,221_CC_1,123.276872542,316_STEAM_1,0,221,221_CC_1,105,4743.227099333,4876.264089186,133.036989853
0,poi_bus_108,108,Alger,unity,1,18,2020-01-01T18:00:00+00:00,12,branch_B6_sustained,branch,B6,bounded,continuous,188.833333333,0,926.859082204,-100,0,true,true,false,constraint_violation,0.943802946,108,1.080773787,210,0.030773787,0.972800461,CA-1,0,101_STEAM_3,158.14335678,316_STEAM_1,0,321,321_CC_1,105,4743.227099334,4889.438656858,146.211557524
0,poi_bus_108,108,Alger,unity,1,18,2020-01-01T18:00:00+00:00,13,branch_C12-1_immediate,branch,C12-1,fixed,short_term,188.833333333,0,926.859082204,-79.689411373,0,true,true,false,constraint_violation,0.932131598,308,1.078504258,210,0.028504258,0.859702166,C13-2,83.218370034,221_CC_1,129.860951409,316_STEAM_1,0,221,221_CC_1,105,4743.227099333,4888.112135967,144.885036634
0,poi_bus_108,108,Alger,unity,1,18,2020-01-01T18:00:00+00:00,14,branch_C12-1_sustained,branch,C12-1,bounded,continuous,188.833333333,0,926.859082204,-100,0.000000001,true,true,false,constraint_violation,0.939431981,308,1.078132667,210,0.028132667,0.974303871,CA-1,0,101_STEAM_3,150.858589659,316_STEAM_1,0,321,321_CC_1,105,4743.227099333,4889.873437157,146.646337824
0,poi_bus_108,108,Alger,unity,1,18,2020-01-01T18:00:00+00:00,15,branch_C27_immediate,branch,C27,fixed,short_term,188.833333333,0,926.859082204,-79.689411372,0.000000001,true,true,false,constraint_violation,0.950963829,108,1.078415244,210,0.028415244,0.782895681,C10,92.284961775,221_CC_1,180.0283945,316_STEAM_1,0,221,221_CC_1,105,4743.227099333,4897.178727708,153.951628375
0,poi_bus_108,108,Alger,unity,1,18,2020-01-01T18:00:00+00:00,16,branch_C27_sustained,branch,C27,bounded,continuous,188.833333333,0,926.859082204,-100,0.000000001,true,true,false,constraint_violation,0.949786712,108,1.079474524,210,0.029474524,0.934247257,CA-1,140.091513783,221_CC_1,169.844299172,316_STEAM_1,0,221,221_CC_1,105,4743.227099333,4883.318613116,140.091513783
0,poi_bus_108,108,Alger,unity,1,18,2020-01-01T18:00:00+00:00,17,branch_C6_immediate,branch,C6,fixed,short_term,188.833333333,0,926.859082204,-79.689411373,0,true,true,false,constraint_violation,0.95045807,108,1.078490997,210,0.028490997,0.778080845,C10,72.878655938,221_CC_1,126.594429062,316_STEAM_1,0,221,221_CC_1,105,4743.227099333,4877.772421871,134.545322538
0,poi_bus_108,108,Alger,unity,1,18,2020-01-01T18:00:00+00:00,18,branch_C6_sustained,branch,C6,bounded,continuous,188.833333333,0,926.859082204,-100,0,true,true,false,constraint_violation,0.950724755,108,1.07808639,210,0.02808639,0.935023881,CA-1,0,101_STEAM_3,129.18161201,316_STEAM_1,0,221,221_CC_1,105,4743.227099333,4881.622528854,138.395429521
0,poi_bus_108,108,Alger,unity,1,18,2020-01-01T18:00:00+00:00,19,branch_CA-1_immediate,branch,CA-1,fixed,short_term,188.833333333,0,926.859082204,-79.689411372,0.000000001,true,true,false,constraint_violation,0.935932152,108,1.078007378,210,0.028007378,1.271500108,CB-1,182.502922212,221_CC_1,296.364975616,316_STEAM_1,0,221,221_CC_1,105,4743.227099333,4987.396688145,244.169588812
0,poi_bus_108,108,Alger,unity,1,18,2020-01-01T18:00:00+00:00,20,branch_CA-1_sustained,branch,CA-1,bounded,continuous,188.833333333,0,926.859082204,100,0.000000001,true,true,false,constraint_violation,0.93814155,108,1.077766041,210,0.027766041,1.246212993,CB-1,202.461585371,221_CC_1,226.572167176,316_STEAM_1,0,221,221_CC_1,105,4743.227099333,4945.688684704,202.461585371
0,poi_bus_108,108,Alger,unity,1,18,2020-01-01T18:00:00+00:00,21,generator_121_NUCLEAR_1_sustained,generator,121_NUCLEAR_1,bounded,continuous,188.833333333,0,926.859082204,-100.000000001,0,true,true,false,constraint_violation,0.951311552,108,1.077885511,210,0.027885511,0.904307392,C10,115.033280233,221_CC_1,102.205917325,316_STEAM_1,0,221,221_CC_1,104,4743.227099333,4858.260379566,115.033280233
0,poi_bus_108,108,Alger,unity,1,18,2020-01-01T18:00:00+00:00,22,generator_213_CC_3_sustained,generator,213_CC_3,bounded,continuous,188.833333333,0,926.859082204,-100,0.000000001,true,true,false,constraint_violation,0.946528028,108,1.068993823,210,0.018993823,0.924129478,C10,78.289556836,307_CT_2,63.169805932,316_STEAM_1,0,307,307_CT_2,104,4743.227099333,4854.516656169,111.289556836
0,poi_bus_108,108,Alger,unity,1,18,2020-01-01T18:00:00+00:00,23,generator_313_CC_1_sustained,generator,313_CC_1,bounded,continuous,188.833333333,0,926.859082204,-100,0,true,true,false,constraint_violation,0.945320662,308,1.078043507,210,0.028043507,1.087245529,CA-1,169.437172147,221_CC_1,256.882200746,316_STEAM_1,0,221,221_CC_1,104,4743.227099333,4912.66427148,169.437172147
0,poi_bus_108,108,Alger,unity,1,19,2020-01-01T19:00:00+00:00,0,normal,normal,,base,continuous,188.895833333,0,905.491554147,-29.969999355,0.000000001,true,true,false,constraint_violation,0.94679064,108,1.060843942,210,0.010843942,0.92793323,C27,4.023565197,221_CC_1,90.347122745,316_STEAM_1,0,221,221_CC_1,104,4638.293987333,4765.65088573,127.356898397
0,poi_bus_108,108,Alger,unity,1,19,2020-01-01T19:00:00+00:00,1,branch_A11_immediate,branch,A11,fixed,short_term,188.895833333,0,905.491554147,-29.969999356,0,true,true,false,constraint_violation,0.927466667,108,1.061406232,210,0.022533333,0.783495216,C10,4.702510338,221_CC_1,91.414679267,213_CC_3,0,221,221_CC_1,104,4638.293987333,4766.329830871,128.035843538
0,poi_bus_108,108,Alger,unity,1,19,2020-01-01T19:00:00+00:00,2,branch_A11_sustained,branch,A11,bounded,continuous,188.895833333,0,905.491554147,-99.999999999,0.000000001,true,true,false,constraint_violation,0.929114943,108,1.061486908,210,0.020885057,0.967551929,CA-1,0,101_STEAM_3,179.52464288,316_STEAM_1,0,321,321_CC_1,104,4638.293987333,4792.02305948,153.729072147
0,poi_bus_108,108,Alger,unity,1,19,2020-01-01T19:00:00+00:00,3,branch_A12-1_immediate,branch,A12-1,fixed,short_term,188.895833333,0,905.491554147,-29.969999356,0.000000001,true,true,false,constraint_violation,0.829613018,108,1.058471816,210,0.120386982,1.115609026,A13-2,24.513694348,221_CC_1,89.85652441,316_STEAM_1,0,221,221_CC_1,104,4638.293987333,4786.141014881,147.847027548
0,poi_bus_108,108,Alger,unity,1,19,2020-01-01T19:00:00+00:00,4,branch_A12-1_sustained,branch,A12-1,bounded,continuous,188.895833333,0,905.491554147,100,0,true,true,false,constraint_violation,0.837948783,108,1.058000944,210,0.112051217,1.260192949,A13-2,90.281114167,116_STEAM_1,96.644513176,213_CC_3,0,116,116_STEAM_1,104,4638.293987333,4777.692518489,139.398531156
0,poi_bus_108,108,Alger,unity,1,19,2020-01-01T19:00:00+00:00,5,branch_A34_immediate,branch,A34,fixed,short_term,188.895833333,0,905.491554147,-29.969999356,0,true,true,false,constraint_violation,0.946916891,108,1.060866028,210,0.010866028,0.783290239,C10,15.024967583,221_CC_1,90.885436528,316_STEAM_1,0,221,221_CC_1,104,4638.293987333,4776.652288116,138.358300783
0,poi_bus_108,108,Alger,unity,1,19,2020-01-01T19:00:00+00:00,6,branch_A34_sustained,branch,A34,bounded,continuous,188.895833333,0,905.491554147,-99.999999999,0,true,true,false,constraint_violation,0.948967366,108,1.06101988,210,0.01101988,0.933257352,CA-1,0,101_STEAM_3,116.712874243,213_CC_3,0,221,221_CC_1,104,4638.293987333,4787.144359721,148.850372388
0,poi_bus_108,108,Alger,unity,1,19,2020-01-01T19:00:00+00:00,7,branch_B12-1_immediate,branch,B12-1,fixed,short_term,188.895833333,0,905.491554147,-29.969999356,0.000000001,true,true,false,constraint_violation,0.856465687,207,1.051127182,317,0.093534313,0.802634651,B13-2,12.68470503,221_CC_1,90.283108939,316_STEAM_1,0,221,221_CC_1,104,4638.293987333,4774.312025563,136.01803823
0,poi_bus_108,108,Alger,unity,1,19,2020-01-01T19:00:00+00:00,8,branch_B12-1_sustained,branch,B12-1,bounded,continuous,188.895833333,0,905.491554147,-100,0.000000002,true,true,false,constraint_violation,0.856992993,207,1.05,202,0.093007007,1.175755014,CA-1,112.125792621,116_STEAM_1,204.662266967,316_STEAM_1,0,116,116_STEAM_1,104,4638.293987333,4817.671611737,179.377624404
0,poi_bus_108,108,Alger,unity,1,19,2020-01-01T19:00:00+00:00,9,branch_B22_immediate,branch,B22,fixed,short_term,188.895833333,0,905.491554147,-29.969999357,0,true,true,false,constraint_violation,0.945283755,108,1.059344517,210,0.009344517,0.783224466,C10,7.900610708,221_CC_1,91.034474883,316_STEAM_1,0,221,221_CC_1,104,4638.293987333,4769.527931241,131.233943908
0,poi_bus_108,108,Alger,unity,1,19,2020-01-01T19:00:00+00:00,10,branch_B22_sustained,branch,B22,bounded,continuous,188.895833333,0,905.491554147,-100,0,true,true,false,constraint_violation,0.950288494,108,1.060436838,210,0.010436838,0.911842569,C10,0,101_STEAM_3,72.189561869,316_STEAM_1,0,321,321_CC_1,104,4638.293987333,4742.21895262,103.924965287
0,poi_bus_108,108,Alger,unity,1,19,2020-01-01T19:00:00+00:00,11,branch_B6_immediate,branch,B6,fixed,short_term,188.895833333,0,905.491554147,-29.969999356,0.000000001,true,true,false,constraint_violation,0.942898147,108,1.062102709,210,0.012102709,0.783532701,C10,4.20505737,221_CC_1,93.577311968,213_CC_3,0,221,221_CC_1,104,4638.293987333,4765.832377903,127.53839057
0,poi_bus_108,108,Alger,unity,1,19,2020-01-01T19:00:00+00:00,12,branch_B6_sustained,branch,B6,bounded,continuous,188.895833333,0,905.491554147,-100,0,true,true,false,constraint_violation,0.941541104,108,1.062178098,210,0.012178098,0.912864703,C10,34.219698573,216_STEAM_1,103.445711262,213_CC_3,0,216,216_STEAM_1,104,4638.293987333,4765.513685906,127.219698573
0,poi_bus_108,108,Alger,unity,1,19,2020-01-01T19:00:00+00:00,13,branch_C12-1_immediate,branch,C12-1,fixed,short_term,188.895833333,0,905.491554147,-29.969999356,0,true,true,false,constraint_violation,0.936880226,308,1.060857416,210,0.013119774,0.823645782,C13-2,14.163740604,221_CC_1,95.326653274,316_STEAM_1,0,221,221_CC_1,104,4638.293987333,4775.791061137,137.497073804
0,poi_bus_108,108,Alger,unity,1,19,2020-01-01T19:00:00+00:00,14,branch_C12-1_sustained,branch,C12-1,bounded,continuous,188.895833333,0,905.491554147,-100,0,true,true,false,constraint_violation,0.94285705,308,1.060824479,210,0.010824479,1.084068379,C27,0,101_STEAM_3,173.83106978,316_STEAM_1,0,321,321_CC_1,104,4638.293987334,4787.846793131,149.552805797
0,poi_bus_108,108,Alger,unity,1,19,2020-01-01T19:00:00+00:00,15,branch_C27_immediate,branch,C27,fixed,short_term,188.895833333,0,905.491554147,-29.969999356,0.000000001,true,true,false,constraint_violation,0.947989918,108,1.06070694,210,0.01070694,0.88588438,C29,27.228489268,221_CC_1,156.474703439,316_STEAM_1,0,221,221_CC_1,104,4638.293987333,4788.855809801,150.561822468
0,poi_bus_108,108,Alger,unity,1,19,2020-01-01T19:00:00+00:00,16,branch_C27_sustained,branch,C27,bounded,continuous,188.895833333,0,905.491554147,-100,0.000000001,true,true,false,constraint_violation,0.950237345,108,1.060753106,210,0.010753106,0.978840234,CA-1,0,101_STEAM_3,161.270836474,316_STEAM_1,0,321,321_CC_1,104,4638.293987333,4785.158516065,146.864528732
0,poi_bus_108,108,Alger,unity,1,19,2020-01-01T19:00:00+00:00,17,branch_C6_immediate,branch,C6,fixed,short_term,188.895833333,0,905.491554147,-29.969999356,0,true,true,false,constraint_violation,0.946868145,108,1.060837622,210,0.010837622,0.770469161,C10,5.734485147,221_CC_1,93.965473662,316_STEAM_1,0,221,221_CC_1,104,4638.293987333,4767.36180568,129.067818347
0,poi_bus_108,108,Alger,unity,1,19,2020-01-01T19:00:00+00:00,18,branch_C6_sustained,branch,C6,bounded,continuous,188.895833333,0,905.491554147,-100,0,true,true,false,constraint_violation,0.947607775,108,1.061007865,210,0.011007865,0.978801692,CA-1,138.590523441,221_CC_1,111.381034065,316_STEAM_1,0,221,221_CC_1,104,4638.293987333,4776.884510774,138.590523441
0,poi_bus_108,108,Alger,unity,1,19,2020-01-01T19:00:00+00:00,19,branch_CA-1_immediate,branch,CA-1,fixed,short_term,188.895833333,0,905.491554147,-29.969999356,0.000000001,true,true,false,constraint_violation,0.932681421,108,1.06113306,210,0.017318579,1.062640979,C27,70.209980753,221_CC_1,219.724027414,316_STEAM_1,0,221,221_CC_1,104,4638.293987333,4831.837301286,193.543313953
0,poi_bus_108,108,Alger,unity,1,19,2020-01-01T19:00:00+00:00,20,branch_CA-1_sustained,branch,CA-1,bounded,continuous,188.895833333,0,905.491554147,100.000000001,0.000000001,true,true,false,constraint_violation,0.924820456,108,1.060656248,210,0.025179544,1.199291087,CB-1,169.687683707,115_STEAM_3,146.892344851,316_STEAM_1,0,115,115_STEAM_3,104,4638.293987333,4843.854023707,205.560036374
0,poi_bus_108,108,Alger,unity,1,19,2020-01-01T19:00:00+00:00,21,generator_121_NUCLEAR_1_sustained,generator,121_NUCLEAR_1,bounded,continuous,188.895833333,0,905.491554147,-99.999999999,0,true,true,false,constraint_violation,0.940224032,108,1.059207869,210,0.009775968,0.972470676,C27,83.379092086,307_CT_2,205.509340618,216_STEAM_1,0,307,307_CT_2,103,4638.293987333,4754.673079419,116.379092086
0,poi_bus_108,108,Alger,unity,1,19,2020-01-01T19:00:00+00:00,22,generator_213_CC_3_sustained,generator,213_CC_3,bounded,continuous,188.895833333,0,905.491554147,-100,0,true,true,false,constraint_violation,0.952064821,108,1.069972558,210,0.019972558,0.906481552,C10,75.648523524,307_CT_2,141.82490404,316_STEAM_1,0,307,307_CT_2,103,4638.293987333,4746.942510857,108.648523524
0,poi_bus_108,108,Alger,unity,1,19,2020-01-01T19:00:00+00:00,23,generator_313_CC_1_sustained,generator,313_CC_1,bounded,continuous,188.895833333,0,905.491554147,-11.665208763,0,true,true,false,constraint_violation,0.925019381,312,1.078904277,210,0.028904277,1.122588351,CA-1,176.304522421,221_CC_1,350.530746944,316_STEAM_1,0,221,221_CC_1,103,4638.293987333,4814.598509754,176.304522421
0,poi_bus_108,108,Alger,unity,1,20,2020-01-01T20:00:00+00:00,0,normal,normal,,base,continuous,189.041666667,0,873.422843137,-35.02519836,0.000000001,true,true,false,constraint_violation,0.94382012,108,1.079912653,210,0.029912653,0.995671703,C27,0,101_STEAM_3,213.299472292,216_STEAM_1,0,221,221_CC_1,102,4480.860809667,4602.423675488,121.562865821
0,poi_bus_108,108,Alger,unity,1,20,2020-01-01T20:00:00+00:00,1,branch_A11_immediate,branch,A11,fixed,short_term,189.041666667,0,873.422843137,-35.025198361,0,true,true,false,constraint_violation,0.925387622,108,1.080417943,210,0.030417943,0.79889565,C27,0,101_STEAM_3,212.720753701,216_STEAM_1,0,221,221_CC_1,102,4480.860809667,4603.442619484,122.581809817
0,poi_bus_108,108,Alger,unity,1,20,2020-01-01T20:00:00+00:00,2,branch_A11_sustained,branch,A11,bounded,continuous,189.041666667,0,873.422843137,100,0,true,true,false,constraint_violation,0.922340799,108,1.079869817,210,0.029869817,1.042426852,C27,78.610204723,216_STEAM_1,202.246322886,216_STEAM_1,0,216,216_STEAM_1,102,4480.860809667,4612.606527789,131.745718122
0,poi_bus_108,108,Alger,unity,1,20,2020-01-01T20:00:00+00:00,3,branch_A12-1_immediate,branch,A12-1,fixed,short_term,189.041666667,0,873.422843137,-35.02519836,0,true,true,false,constraint_violation,0.828067029,108,1.077630063,210,0.121932971,1.086519479,A13-2,17.522881789,221_CC_1,215.672818081,216_STEAM_1,0,221,221_CC_1,102,4480.860809667,4622.289548717,141.42873905
0,poi_bus_108,108,Alger,unity,1,20,2020-01-01T20:00:00+00:00,4,branch_A12-1_sustained,branch,A12-1,bounded,continuous,189.041666667,0,873.422843137,-100,0.000000001,true,true,false,constraint_violation,0.837866452,108,1.077412484,210,0.112133548,1.236062473,A13-2,95.856084444,307_CT_2,204.50177277,216_STEAM_1,0,307,307_CT_2,102,4480.860809667,4609.716894111,128.856084444
0,poi_bus_108,108,Alger,unity,1,20,2020-01-01T20:00:00+00:00,5,branch_A34_immediate,branch,A34,fixed,short_term,189.041666667,0,873.422843137,-35.02519836,0.000000002,true,true,false,constraint_violation,0.943985919,108,1.079938968,210,0.029938968,0.804857906,C27,12.6138319,221_CC_1,213.246292296,216_STEAM_1,0,221,221_CC_1,102,4480.860809667,4617.380498828,136.519689161
0,poi_bus_108,108,Alger,unity,1,20,2020-01-01T20:00:00+00:00,6,branch_A34_sustained,branch,A34,bounded,continuous,189.041666667,0,873.422843137,-100,0,true,true,false,constraint_violation,0.945835245,108,1.080385332,210,0.030385332,1.070386615,CA-1,177.158113655,221_CC_1,208.879425351,216_STEAM_1,0,221,221_CC_1,102,4480.860809667,4658.018923322,177.158113655
0,poi_bus_108,108,Alger,unity,1,20,2020-01-01T20:00:00+00:00,7,branch_B12-1_immediate,branch,B12-1,fixed,short_term,189.041666667,0,873.422843137,-35.02519836,0.000000002,true,true,false,constraint_violation,0.895049007,207,1.061695187,210,0.054950993,0.795711646,C27,4.765720474,221_CC_1,213.789899362,216_STEAM_1,0,221,221_CC_1,102,4480.860809667,4609.532387402,128.671577735
0,poi_bus_108,108,Alger,unity,1,20,2020-01-01T20:00:00+00:00,8,branch_B12-1_sustained,branch,B12-1,bounded,continuous,189.041666667,0,873.422843137,-100,0,true,true,false,constraint_violation,0.895571616,207,1.062083108,210,0.054428384,1.035958971,C27,96.874936715,216_STEAM_1,206.754895993,216_STEAM_1,0,216,216_STEAM_1,102,4480.860809667,4615.674936715,134.814127048
0,poi_bus_108,108,Alger,unity,1,20,2020-01-01T20:00:00+00:00,9,branch_B22_immediate,branch,B22,fixed,short_term,189.041666667,0,873.422843137,-35.02519836,0.000000002,true,true,false,constraint_violation,0.942451636,108,1.078263935,210,0.028263935,0.805685137,C27,2.254246626,221_CC_1,225.832751063,216_STEAM_1,0,221,221_CC_1,102,4480.860809667,4607.020913554,126.160103887
0,poi_bus_108,108,Alger,unity,1,20,2020-01-01T20:00:00+00:00,10,branch_B22_sustained,branch,B22,bounded,continuous,189.041666667,0,873.422843137,-100,0.000000001,true,true,false,constraint_violation,0.947955225,108,1.079984868,210,0.029984868,0.932139961,C10,90.286043093,307_CT_2,205.985138345,216_STEAM_1,0,307,307_CT_2,102,4480.860809667,4604.14685276,123.286043093
0,poi_bus_108,108,Alger,unity,1,20,2020-01-01T20:00:00+00:00,11,branch_B6_immediate,branch,B6,fixed,short_term,189.041666667,0,873.422843137,-35.025198361,0,true,true,false,constraint_violation,0.934234322,108,1.083548021,210,0.033548021,0.797691545,C27,0,101_STEAM_3,212.874867403,216_STEAM_1,0,221,221_CC_1,102,4480.860809667,4602.830218552,121.969408885
0,poi_bus_108,108,Alger,unity,1,20,2020-01-01T20:00:00+00:00,12,branch_B6_sustained,branch,B6,bounded,continuous,189.041666667,0,873.422843137,-100,0,true,true,false,constraint_violation,0.93469145,108,1.08365206,210,0.03365206,0.91278114,C10,85.955760932,307_CT_2,209.203624678,216_STEAM_1,0,307,307_CT_2,102,4480.860809667,4599.816570599,118.955760932
0,poi_bus_108,108,Alger,unity,1,20,2020-01-01T20:00:00+00:00,13,branch_C12-1_immediate,branch,C12-1,fixed,short_term,189.041666667,0,873.422843137,-35.02519836,0.000000001,true,true,false,constraint_violation,0.942624622,308,1.079923431,210,0.029923431,0.801686256,C27,6.042849515,221_CC_1,213.247702895,216_STEAM_1,0,221,221_CC_1,102,4480.860809667,4610.809516443,129.948706776
0,poi_bus_108,108,Alger,unity,1,20,2020-01-01T20:00:00+00:00,14,branch_C12-1_sustained,branch,C12-1,bounded,continuous,189.041666667,0,873.422843137,-100,0.000000001,true,true,false,constraint_violation,0.945613572,108,1.080216536,210,0.030216536,0.971099528,CA-1,132.986466427,321_CC_1,203.331859127,216_STEAM_1,0,321,321_CC_1,102,4480.860809667,4628.535443022,147.674633355
0,poi_bus_108,108,Alger,unity,1,20,2020-01-01T20:00:00+00:00,15,branch_C27_immediate,branch,C27,fixed,short_term,189.041666667,0,873.422843137,-35.025198361,0,true,true,false,constraint_violation,0.944865026,108,1.079758601,210,0.029758601,0.990908643,C29,25.035041173,221_CC_1,213.423011622,216_STEAM_1,0,221,221_CC_1,102,4480.860809667,4629.801708101,148.940898434
0,poi_bus_108,108,Alger,unity,1,20,2020-01-01T20:00:00+00:00,16,branch_C27_sustained,branch,C27,bounded,continuous,189.041666667,0,873.422843137,-100,0.000000001,true,true,false,constraint_violation,0.94813516,108,1.080048946,210,0.030048946,0.940822401,CA-1,100.707726723,307_CT_2,202.40998588,216_STEAM_1,0,307,307_CT_2,102,4480.860809667,4614.56853639,133.707726723
0,poi_bus_108,108,Alger,unity,1,20,2020-01-01T20:00:00+00:00,17,branch_C6_immediate,branch,C6,fixed,short_term,189.041666667,0,873.422843137,-35.02519836,0,true,true,false,constraint_violation,0.943922586,108,1.079903277,210,0.029903277,0.810445496,C27,0.97697965,221_CC_1,213.268876169,216_STEAM_1,0,221,221_CC_1,102,4480.860809667,4605.743646578,124.882836911
0,poi_bus_108,108,Alger,unity,1,20,2020-01-01T20:00:00+00:00,18,branch_C6_sustained,branch,C6,bounded,continuous,189.041666667,0,873.422843137,-100,0.000000001,true,true,false,constraint_violation,0.948161145,108,1.080130961,210,0.030130961,0.883598163,C10,89.016374445,307_CT_2,202.810222086,216_STEAM_1,0,307,307_CT_2,102,4480.860809667,4602.877184112,122.016374445
0,poi_bus_108,108,Alger,unity,1,20,2020-01-01T20:00:00+00:00,19,branch_CA-1_immediate,branch,CA-1,fixed,short_term,189.041666667,0,873.422843137,-35.02519836,0.000000001,true,true,false,constraint_violation,0.934651871,108,1.080325626,210,0.030325626,1.049518575,C27,40.04273536,221_CC_1,231.157498675,216_STEAM_1,0,221,221_CC_1,102,4480.860809667,4644.809402288,163.948592621
0,poi_bus_108,108,Alger,unity,1,20,2020-01-01T20:00:00+00:00,20,branch_CA-1_sustained,branch,CA-1,bounded,continuous,189.041666667,0,873.422843137,62.860407425,0,true,true,false,constraint_violation,0.9430496,108,1.079431276,210,0.029431276,1.053209632,C27,11.353809063,221_CC_1,213.388449226,216_STEAM_1,0,221,221_CC_1,102,4480.860809667,4595.353809063,114.492999396
0,poi_bus_108,108,Alger,unity,1,20,2020-01-01T20:00:00+00:00,21,generator_121_NUCLEAR_1_sustained,generator,121_NUCLEAR_1,bounded,continuous,189.041666667,0,873.422843137,-100,0.000000001,true,true,false,constraint_violation,0.953733212,108,1.061848595,210,0.011848595,0.972129736,C27,67.413882731,307_CT_2,91.534008038,213_CC_3,0,307,307_CT_2,101,4480.860809667,4581.274692398,100.413882731
0,poi_bus_108,108,Alger,unity,1,20,2020-01-01T20:00:00+00:00,22,generator_213_CC_3_sustained,generator,213_CC_3,bounded,continuous,189.041666667,0,873.422843137,-100,0.000000001,true,true,false,constraint_violation,0.951477198,108,1.072594507,210,0.022594507,0.972822807,C27,90.876454566,307_CT_2,56.350281747,321_CC_1,0,307,307_CT_2,101,4480.860809666,4604.737264232,123.876454566
0,poi_bus_108,108,Alger,unity,1,20,2020-01-01T20:00:00+00:00,23,generator_313_CC_1_sustained,generator,313_CC_1,bounded,continuous,189.041666667,0,873.422843137,-100,0.000000002,true,true,false,constraint_violation,0.942548681,325,1.08150549,210,0.03150549,1.123915379,CA-1,169.368759177,221_CC_1,139.898845208,321_CC_1,0,221,221_CC_1,101,4480.860809666,4650.229568843,169.368759177
0,poi_bus_108,108,Alger,unity,1,21,2020-01-01T21:00:00+00:00,0,normal,normal,,base,continuous,188.895833333,0,817.335364035,-100.000000001,0,true,true,false,constraint_violation,0.894947825,307,1.065313637,210,0.055052175,0.9294011,C27,0,101_STEAM_3,104.639035771,213_CC_3,0,221,221_CC_1,99,4205.112708334,4318.534387006,113.421678672
0,poi_bus_108,108,Alger,unity,1,21,2020-01-01T21:00:00+00:00,1,branch_A11_immediate,branch,A11,fixed,short_term,188.895833333,0,817.335364035,-100,0,true,true,false,constraint_violation,0.89491579,307,1.065833528,210,0.05508421,0.755139603,B10,0,101_STEAM_3,107.611467146,213_CC_3,0,221,221_CC_1,99,4205.112708334,4319.638745966,114.526037632
0,poi_bus_108,108,Alger,unity,1,21,2020-01-01T21:00:00+00:00,2,branch_A11_sustained,branch,A11,bounded,continuous,188.895833333,0,817.335364035,-100.000000001,0,true,true,false,constraint_violation,0.875755019,307,1.065755375,210,0.074244981,1.02833923,C27,132.432320657,221_CC_1,133.318662305,213_CC_3,0,221,221_CC_1,99,4205.112708333,4337.54502899,132.432320657
0,poi_bus_108,108,Alger,unity,1,21,2020-01-01T21:00:00+00:00,3,branch_A12-1_immediate,branch,A12-1,fixed,short_term,188.895833333,0,817.335364035,-100.000000001,0,true,true,false,constraint_violation,0.860563161,108,1.063445873,210,0.089436839,1.034150246,A13-2,6.350754684,221_CC_1,94.324482179,213_CC_3,0,221,221_CC_1,99,4205.112708334,4334.796796218,129.684087884
0,poi_bus_108,108,Alger,unity,1,21,2020-01-01T21:00:00+00:00,4,branch_A12-1_sustained,branch,A12-1,bounded,continuous,188.895833333,0,817.335364035,100.000000001,0.000000001,true,true,false,constraint_violation,0.863293422,108,1.063229371,210,0.086706578,1.175954368,A13-2,133.329966452,221_CC_1,118.5196116,213_CC_3,0,221,221_CC_1,99,4205.112708333,4338.442674785,133.329966452
0,poi_bus_108,108,Alger,unity,1,21,2020-01-01T21:00:00+00:00,5,branch_A34_immediate,branch,A34,fixed,short_term,188.895833333,0,817.335364035,-100,0,true,true,false,constraint_violation,0.894848517,307,1.065332977,210,0.055151483,0.762985025,A10,3.012492647,221_CC_1,104.987557538,213_CC_3,0,221,221_CC_1,99,4205.112708334,4331.458534181,126.345825847
0,poi_bus_108,108,Alger,unity,1,21,2020-01-01T21:00:00+00:00,6,branch_A34_sustained,branch,A34,bounded,continuous,188.895833333,0,817.335364035,-100,0.000000001,true,true,false,constraint_violation,0.872570925,307,1.065357894,210,0.077429075,0.918719095,CA-1,161.278802986,221_CC_1,131.561510544,213_CC_3,0,221,221_CC_1,99,4205.112708333,4366.391511319,161.278802986
0,poi_bus_108,108,Alger,unity,1,21,2020-01-01T21:00:00+00:00,7,branch_B12-1_immediate,branch,B12-1,fixed,short_term,188.895833333,0,817.335364035,-100,0,true,true,false,constraint_violation,0.891537189,207,1.05,202,0.058462811,0.763962899,A10,0,101_STEAM_3,91.4257053,213_CC_3,0,221,221_CC_1,99,4205.112708334,4324.949084621,119.836376287
0,poi_bus_108,108,Alger,unity,1,21,2020-01-01T21:00:00+00:00,8,branch_B12-1_sustained,branch,B12-1,bounded,continuous,188.895833333,0,817.335364035,-100,0.000000001,true,true,false,constraint_violation,0.879691156,307,1.05,202,0.070308844,1.042886408,CA-1,167.72493718,221_CC_1,120.782081638,213_CC_3,0,221,221_CC_1,99,4205.112708333,4372.837645513,167.72493718
0,poi_bus_108,108,Alger,unity,1,21,2020-01-01T21:00:00+00:00,9,branch_B22_immediate,branch,B22,fixed,short_term,188.895833333,0,817.335364035,-100,0.000000001,true,true,false,constraint_violation,0.894843571,307,1.064118364,210,0.055156429,0.762769328,A10,0,101_STEAM_3,44.143941598,213_CC_3,0,221,221_CC_1,99,4205.112708334,4321.62585641,116.513148076
0,poi_bus_108,108,Alger,unity,1,21,2020-01-01T21:00:00+00:00,10,branch_B22_sustained,branch,B22,bounded,continuous,188.895833333,0,817.335364035,-100.000000001,0,true,true,false,constraint_violation,0.858483489,307,1.065414192,210,0.091516511,1.116634531,CA-1,180.068884855,221_CC_1,101.564131215,313_CC_1,0,221,221_CC_1,99,4205.112708333,4385.181593188,180.068884855
0,poi_bus_108,108,Alger,unity,1,21,2020-01-01T21:00:00+00:00,11,branch_B6_immediate,branch,B6,fixed,short_term,188.895833333,0,817.335364035,-100,0.000000001,true,true,false,constraint_violation,0.894938812,307,1.066497557,210,0.055061188,0.760971101,A10,0,101_STEAM_3,109.397033079,213_CC_3,0,221,221_CC_1,99,4205.112708334,4318.739558061,113.626849727
0,poi_bus_108,108,Alger,unity,1,21,2020-01-01T21:00:00+00:00,12,branch_B6_sustained,branch,B6,bounded,continuous,188.895833333,0,817.335364035,-100,0.000000001,true,true,false,constraint_violation,0.885700079,307,1.066773165,210,0.064299921,1.021850137,CB-1,152.146794885,221_CC_1,139.07742907,213_CC_3,0,221,221_CC_1,99,4205.112708333,4357.259503218,152.146794885
0,poi_bus_108,108,Alger,unity,1,21,2020-01-01T21:00:00+00:00,13,branch_C12-1_immediate,branch,C12-1,fixed,short_term,188.895833333,0,817.335364035,-100,0.000000001,true,false,false,not_converged,,,,,,,,,,,,,221,221_CC_1,99,,,
0,poi_bus_108,108,Alger,unity,1,21,2020-01-01T21:00:00+00:00,14,branch_C12-1_sustained,branch,C12-1,bounded,continuous,188.895833333,0,817.335364035,-100,0.000000001,true,false,false,not_converged,,,,,,,,,,,,,221,221_CC_1,99,,,
0,poi_bus_108,108,Alger,unity,1,21,2020-01-01T21:00:00+00:00,15,branch_C27_immediate,branch,C27,fixed,short_term,188.895833333,0,817.335364035,-100,0.000000001,true,true,false,constraint_violation,0.877444873,307,1.065178408,210,0.072555127,0.99397438,C29,19.921425583,221_CC_1,102.251308819,213_CC_3,0,221,221_CC_1,99,4205.112708334,4348.367467117,143.254758783
0,poi_bus_108,108,Alger,unity,1,21,2020-01-01T21:00:00+00:00,16,branch_C27_sustained,branch,C27,bounded,continuous,188.895833333,0,817.335364035,-100.000000001,0,true,true,false,constraint_violation,0.879829868,307,1.06543959,210,0.070170132,1.054939788,CA-1,159.321552778,221_CC_1,133.252283876,213_CC_3,0,221,221_CC_1,99,4205.112708333,4364.434261111,159.321552778
0,poi_bus_108,108,Alger,unity,1,21,2020-01-01T21:00:00+00:00,17,branch_C6_immediate,branch,C6,fixed,short_term,188.895833333,0,817.335364035,-100.000000001,0.000000002,true,true,false,constraint_violation,0.884017374,307,1.065303602,210,0.065982626,0.804328283,C2,0,101_STEAM_3,104.437547671,213_CC_3,0,221,221_CC_1,99,4205.112708334,4327.052895394,121.94018706
0,poi_bus_108,108,Alger,unity,1,21,2020-01-01T21:00:00+00:00,18,branch_C6_sustained,branch,C6,bounded,continuous,188.895833333,0,817.335364035,-100,0.000000001,true,true,false,constraint_violation,0.871646216,307,1.065449773,210,0.078353784,1.052784675,CA-1,162.814899614,221_CC_1,133.446080801,213_CC_3,0,221,221_CC_1,99,4205.112708333,4367.927607947,162.814899614
0,poi_bus_108,108,Alger,unity,1,21,2020-01-01T21:00:00+00:00,19,branch_CA-1_immediate,branch,CA-1,fixed,short_term,188.895833333,0,817.335364035,-100.000000001,0,true,true,false,constraint_violation,0.87427218,307,1.065589615,210,0.07572782,1.001463616,C27,41.436147223,221_CC_1,116.411787861,213_CC_3,0,221,221_CC_1,99,4205.112708334,4369.882188757,164.769480423
0,poi_bus_108,108,Alger,unity,1,21,2020-01-01T21:00:00+00:00,20,branch_CA-1_sustained,branch,CA-1,bounded,continuous,188.895833333,0,817.335364035,-100,0.000000001,true,true,false,constraint_violation,0.874136416,307,1.064806319,210,0.075863584,1.286239823,CB-1,201.282758117,221_CC_1,140.647690364,213_CC_3,0,221,221_CC_1,99,4205.112708333,4406.39546645,201.282758117
0,poi_bus_108,108,Alger,unity,1,21,2020-01-01T21:00:00+00:00,21,generator_121_NUCLEAR_1_sustained,generator,121_NUCLEAR_1,bounded,continuous,188.895833333,0,817.335364035,-100.000000001,0,true,true,false,constraint_violation,0.888765309,307,1.064935695,210,0.061234691,1.02657688,C27,122.099263124,221_CC_1,126.133669748,213_CC_3,0,221,221_CC_1,98,4205.112708334,4327.211971458,122.099263124
0,poi_bus_108,108,Alger,unity,1,21,2020-01-01T21:00:00+00:00,22,generator_213_CC_3_sustained,generator,213_CC_3,bounded,continuous,188.895833333,0,817.335364035,-100,0,true,true,false,constraint_violation,0.877943381,307,1.077183589,210,0.072056619,1.039914233,C27,132.074127415,221_CC_1,11.387200605,101_STEAM_3,0,221,221_CC_1,98,4205.112708333,4337.186835748,132.074127415
0,poi_bus_108,108,Alger,unity,1,21,2020-01-01T21:00:00+00:00,23,generator_313_CC_1_sustained,generator,313_CC_1,bounded,continuous,188.895833333,0,817.335364035,-8.20040686,0,true,true,false,constraint_violation,0.788296585,307,1.084560852,210,0.161703415,1.058542984,C27,149.447175074,221_CC_1,78.376750432,314_SYNC_COND_1,0,221,221_CC_1,98,4205.112708333,4354.559883407,149.447175074
0,poi_bus_108,108,Alger,unity,1,22,2020-01-01T22:00:00+00:00,0,normal,normal,,base,continuous,186.645833333,0,754.430540512,-99.999999999,0,true,true,false,constraint_violation,0.927122701,307,1.087229065,210,0.037229065,0.891823956,A10,0,101_STEAM_3,13.822831337,101_STEAM_3,0,221,221_CC_1,98,3893.761420333,4004.103365417,110.341945084
0,poi_bus_108,108,Alger,unity,1,22,2020-01-01T22:00:00+00:00,1,branch_A11_immediate,branch,A11,fixed,short_term,186.645833333,0,754.430540512,-100,0.000000002,true,true,false,constraint_violation,0.927109245,307,1.087766659,210,0.037766659,0.764606754,A10,0,101_STEAM_3,15.482790232,201_HYDRO_4,0,221,221_CC_1,98,3893.761420333,4005.189532788,111.428112455
0,poi_bus_108,108,Alger,unity,1,22,2020-01-01T22:00:00+00:00,2,branch_A11_sustained,branch,A11,bounded,continuous,186.645833333,0,754.430540512,-100.000000001,0.000000001,true,true,false,constraint_violation,0.910183609,307,1.087563239,210,0.039816391,0.872942674,B10,0,101_STEAM_3,15.298027421,201_HYDRO_4,0,221,221_CC_1,98,3893.761420333,4024.844298414,131.082878081
0,poi_bus_108,108,Alger,unity,1,22,2020-01-01T22:00:00+00:00,3,branch_A12-1_immediate,branch,A12-1,fixed,short_term,186.645833333,0,754.430540512,-100,0.000000001,true,true,false,constraint_violation,0.885001709,108,1.085767545,210,0.064998291,0.976298647,A13-2,0,101_STEAM_3,8.410154083,101_STEAM_3,0,221,221_CC_1,98,3893.761420333,4017.78203366,124.020613327
0,poi_bus_108,108,Alger,unity,1,22,2020-01-01T22:00:00+00:00,4,branch_A12-1_sustained,branch,A12-1,bounded,continuous,186.645833333,0,754.430540512,-100,0.000000001,true,true,false,constraint_violation,0.888882265,108,1.085813698,210,0.061117735,1.12816925,A13-2,175.546143559,221_CC_1,85.749390523,121_NUCLEAR_1,0,221,221_CC_1,98,3893.761420334,4069.307563893,175.546143559
0,poi_bus_108,108,Alger,unity,1,22,2020-01-01T22:00:00+00:00,5,branch_A34_immediate,branch,A34,fixed,short_term,186.645833333,0,754.430540512,-100,0,true,true,false,constraint_violation,0.927046225,307,1.087257957,210,0.037257957,0.952408871,A30,0,101_STEAM_3,20.322617879,121_NUCLEAR_1,0,221,221_CC_1,98,3893.761420333,4033.05126834,139.289848007
0,poi_bus_108,108,Alger,unity,1,22,2020-01-01T22:00:00+00:00,6,branch_A34_sustained,branch,A34,bounded,continuous,186.645833333,0,754.430540512,99.999999999,0.000000001,true,true,false,constraint_violation,0.932028608,307,1.087712428,210,0.037712428,1.010130723,A30,32.136377655,123_STEAM_2,14.439185746,101_STEAM_3,0,123,123_STEAM_2,98,3893.761420333,4018.897797988,125.136377655
0,poi_bus_108,108,Alger,unity,1,22,2020-01-01T22:00:00+00:00,7,branch_B12-1_immediate,branch,B12-1,fixed,short_term,186.645833333,0,754.430540512,-100,0.000000001,true,true,false,constraint_violation,0.92712561,307,1.074185027,210,0.024185027,0.780590579,A10,0,101_STEAM_3,13.86117027,101_STEAM_3,0,221,221_CC_1,98,3893.761420333,4008.767293111,115.005872778
0,poi_bus_108,108,Alger,unity,1,22,2020-01-01T22:00:00+00:00,8,branch_B12-1_sustained,branch,B12-1,bounded,continuous,186.645833333,0,754.430540512,-99.999999999,0,true,true,false,constraint_violation,0.91519311,307,1.074270947,210,0.03480689,1.016142929,CA-1,151.877145066,221_CC_1,53.822378447,121_NUCLEAR_1,0,221,221_CC_1,98,3893.761420333,4045.638565399,151.877145066
0,poi_bus_108,108,Alger,unity,1,22,2020-01-01T22:00:00+00:00,9,branch_B22_immediate,branch,B22,fixed,short_term,186.645833333,0,754.430540512,-100,0.000000001,true,true,false,constraint_violation,0.927080989,307,1.086101783,210,0.036101783,0.779718998,A10,0,101_STEAM_3,13.674289387,101_STEAM_3,0,221,221_CC_1,98,3893.761420333,4007.209568061,113.448147728
0,poi_bus_108,108,Alger,unity,1,22,2020-01-01T22:00:00+00:00,10,branch_B22_sustained,branch,B22,bounded,continuous,186.645833333,0,754.430540512,-100,0.000000001,true,true,false,constraint_violation,0.904091628,307,1.086241788,210,0.045908372,0.983001429,C27,145.901577369,221_CC_1,38.67330642,121_NUCLEAR_1,0,221,221_CC_1,98,3893.761420333,4039.662997702,145.901577369
0,poi_bus_108,108,Alger,unity,1,22,2020-01-01T22:00:00+00:00,11,branch_B6_immediate,branch,B6,fixed,short_term,186.645833333,0,754.430540512,-100,0.000000001,true,true,false,constraint_violation,0.927117317,307,1.08948226,210,0.03948226,0.776010947,A10,0,101_STEAM_3,13.244102174,101_STEAM_3,0,221,221_CC_1,98,3893.761420333,4004.375554758,110.614134425
0,poi_bus_108,108,Alger,unity,1,22,2020-01-01T22:00:00+00:00,12,branch_B6_sustained,branch,B6,bounded,continuous,186.645833333,0,754.430540512,-100,0,true,true,false,constraint_violation,0.897857749,307,1.089663753,210,0.052142251,1.102787338,CA-1,166.388976673,221_CC_1,90.179904495,121_NUCLEAR_1,0,221,221_CC_1,98,3893.761420333,4060.150397006,166.388976673
0,poi_bus_108,108,Alger,unity,1,22,2020-01-01T22:00:00+00:00,13,branch_C12-1_immediate,branch,C12-1,fixed,short_term,186.645833333,0,754.430540512,-99.999999999,0,true,true,false,constraint_violation,0.744296356,307,1.087246765,210,0.205703644,0.900809422,C13-2,0,101_STEAM_3,13.858373937,101_STEAM_3,0,221,221_CC_1,98,3893.761420333,4019.326550551,125.565130218
0,poi_bus_108,108,Alger,unity,1,22,2020-01-01T22:00:00+00:00,14,branch_C12-1_sustained,branch,C12-1,bounded,continuous,186.645833333,0,754.430540512,-100,0.000000002,true,true,false,constraint_violation,0.700130651,307,1.087063732,210,0.249869349,1.172254405,C13-2,151.81099001,221_CC_1,32.767942873,121_NUCLEAR_1,0,221,221_CC_1,98,3893.761420333,4045.572410343,151.81099001
0,poi_bus_108,108,Alger,unity,1,22,2020-01-01T22:00:00+00:00,15,branch_C27_immediate,branch,C27,fixed,short_term,186.645833333,0,754.430540512,-100,0.000000001,true,true,false,constraint_violation,0.91352752,307,1.08713282,210,0.03713282,0.994910456,C29,0,101_STEAM_3,14.133042529,101_STEAM_3,0,221,221_CC_1,98,3893.761420333,4028.456839165,134.695418832
0,poi_bus_108,108,Alger,unity,1,22,2020-01-01T22:00:00+00:00,16,branch_C27_sustained,branch,C27,bounded,continuous,186.645833333,0,754.430540512,-100,0.000000001,true,true,false,constraint_violation,0.898273644,307,1.086704939,210,0.051726356,0.995739913,C29,137.858541667,221_CC_1,23.750413641,322_HYDRO_1,0,221,221_CC_1,98,3893.761420334,4031.619962001,137.858541667
0,poi_bus_108,108,Alger,unity,1,22,2020-01-01T22:00:00+00:00,17,branch_C6_immediate,branch,C6,fixed,short_term,186.645833333,0,754.430540512,-100,0.000000001,true,true,false,constraint_violation,0.920368711,307,1.08722237,210,0.03722237,0.780318471,A10,0,101_STEAM_3,13.867837719,101_STEAM_3,0,221,221_CC_1,98,3893.761420333,4008.920469036,115.159048703
0,poi_bus_108,108,Alger,unity,1,22,2020-01-01T22:00:00+00:00,18,branch_C6_sustained,branch,C6,bounded,continuous,186.645833333,0,754.430540512,-100,0,true,true,false,constraint_violation,0.915397698,307,1.087217811,210,0.037217811,0.900270856,CA-1,134.274815682,221_CC_1,21.753166183,121_NUCLEAR_1,0,221,221_CC_1,98,3893.761420333,4028.036236015,134.274815682
0,poi_bus_108,108,Alger,unity,1,22,2020-01-01T22:00:00+00:00,19,branch_CA-1_immediate,branch,CA-1,fixed,short_term,186.645833333,0,754.430540512,-100,0.000000001,true,true,false,constraint_violation,0.913018636,307,1.087379803,210,0.037379803,0.944524618,C27,0,101_STEAM_3,11.254876165,101_STEAM_3,0,221,221_CC_1,98,3893.761420333,4044.850004446,151.088584113
0,poi_bus_108,108,Alger,unity,1,22,2020-01-01T22:00:00+00:00,20,branch_CA-1_sustained,branch,CA-1,bounded,continuous,186.645833333,0,754.430540512,100,0.000000001,true,true,false,constraint_violation,0.915011239,307,1.086830332,210,0.036830332,1.216789612,CB-1,171.421646679,221_CC_1,20.770996573,322_HYDRO_1,0,221,221_CC_1,98,3893.761420333,4065.183067012,171.421646679
0,poi_bus_108,108,Alger,unity,1,22,2020-01-01T22:00:00+00:00,21,generator_121_NUCLEAR_1_sustained,generator,121_NUCLEAR_1,bounded,continuous,186.645833333,0,754.430540512,-100,0.000000001,true,true,false,constraint_violation,0.911688247,307,1.086827022,210,0.038311753,0.992241366,C27,119.939629207,221_CC_1,11.42898289,101_STEAM_3,0,221,221_CC_1,97,3893.761420333,4013.70104954,119.939629207
0,poi_bus_108,108,Alger,unity,1,22,2020-01-01T22:00:00+00:00,22,generator_213_CC_3_sustained,generator,213_CC_3,bounded,continuous,186.645833333,0,754.430540512,-100,0.000000001,true,true,false,constraint_violation,0.916461699,307,1.081802037,210,0.033538301,0.967173075,C27,118.320111947,221_CC_1,13.647577613,101_STEAM_3,0,221,221_CC_1,97,3893.761420333,4012.08153228,118.320111947
0,poi_bus_108,108,Alger,unity,1,22,2020-01-01T22:00:00+00:00,23,generator_313_CC_1_sustained,generator,313_CC_1,bounded,continuous,186.645833333,0,754.430540512,-100,0,true,true,false,constraint_violation,0.655149425,307,1.086139884,210,0.294850575,1.312117566,CA-1,238.690922223,221_CC_1,416.144632636,314_SYNC_COND_1,0,221,221_CC_1,97,3893.761420334,4132.452342557,238.690922223
0,poi_bus_108,108,Alger,unity,1,23,2020-01-01T23:00:00+00:00,0,normal,normal,,base,continuous,183,0,702.837257408,-100,0,true,true,false,constraint_violation,0.954461935,307,1.08958018,210,0.03958018,0.897503581,A10,73.433466853,123_STEAM_2,15.496744086,201_HYDRO_4,0,123,123_STEAM_2,97,3636.5968683,3741.030335153,104.433466853
0,poi_bus_108,108,Alger,unity,1,23,2020-01-01T23:00:00+00:00,1,branch_A11_immediate,branch,A11,fixed,short_term,183,0,702.837257408,-100.000000001,0.000000001,true,true,false,constraint_violation,0.954062667,108,1.090092493,210,0.040092493,0.776132016,C10,73.979945574,123_STEAM_2,19.67362538,201_HYDRO_4,0,123,123_STEAM_2,97,3636.5968683,3741.576813874,104.979945574
0,poi_bus_108,108,Alger,unity,1,23,2020-01-01T23:00:00+00:00,2,branch_A11_sustained,branch,A11,bounded,continuous,183,0,702.837257408,-100,0,true,true,false,constraint_violation,0.948599414,307,1.089715244,210,0.039715244,0.905357656,C10,104.31102113,123_STEAM_2,19.552356901,201_HYDRO_4,0,123,123_STEAM_2,97,3636.5968683,3740.90788943,104.31102113
0,poi_bus_108,108,Alger,unity,1,23,2020-01-01T23:00:00+00:00,3,branch_A12-1_immediate,branch,A12-1,fixed,short_term,183,0,702.837257408,-100,0.000000001,true,true,false,constraint_violation,0.893977578,108,1.088315218,210,0.056022422,0.974991539,A13-2,86.637164025,123_STEAM_2,9.465310609,101_STEAM_3,0,123,123_STEAM_2,97,3636.5968683,3754.234032325,117.637164025
0,poi_bus_108,108,Alger,unity,1,23,2020-01-01T23:00:00+00:00,4,branch_A12-1_sustained,branch,A12-1,bounded,continuous,183,0,702.837257408,-100,0,true,true,false,constraint_violation,0.897531085,108,1.087604194,210,0.052468915,1.141469524,A13-2,90.905095867,123_STEAM_2,14.867543765,313_CC_1,0,123,123_STEAM_2,97,3636.5968683,3727.501964167,90.905095867
0,poi_bus_108,108,Alger,unity,1,23,2020-01-01T23:00:00+00:00,5,branch_A34_immediate,branch,A34,fixed,short_term,183,0,702.837257408,-99.999999999,0,true,true,false,constraint_violation,0.954484128,307,1.089604595,210,0.039604595,0.964802792,A30,103.428614806,123_STEAM_2,23.824943036,121_NUCLEAR_1,0,123,123_STEAM_2,97,3636.5968683,3771.025483106,134.428614806
0,poi_bus_108,108,Alger,unity,1,23,2020-01-01T23:00:00+00:00,6,branch_A34_sustained,branch,A34,bounded,continuous,183,0,702.837257408,-100,0.000000001,true,true,false,constraint_violation,0.953824131,307,1.089258871,210,0.039258871,1.009235025,A30,118.592294411,123_STEAM_2,15.008080713,101_STEAM_3,0,123,123_STEAM_2,97,3636.5968683,3755.189162711,118.592294411
0,poi_bus_108,108,Alger,unity,1,23,2020-01-01T23:00:00+00:00,7,branch_B12-1_immediate,branch,B12-1,fixed,short_term,183,0,702.837257408,-100,0,true,true,false,constraint_violation,0.9544588,307,1.078506892,210,0.028506892,0.785467762,A10,77.339947032,123_STEAM_2,14.719994315,101_STEAM_3,0,123,123_STEAM_2,97,3636.5968683,3744.936815332,108.339947032
0,poi_bus_108,108,Alger,unity,1,23,2020-01-01T23:00:00+00:00,8,branch_B12-1_sustained,branch,B12-1,bounded,continuous,183,0,702.837257408,-99.999999999,0,true,true,false,constraint_violation,0.956570267,207,1.078386308,210,0.028386308,0.898586213,C10,96.975586322,123_STEAM_2,17.15142854,101_STEAM_3,0,123,123_STEAM_2,97,3636.5968683,3733.572454622,96.975586322
0,poi_bus_108,108,Alger,unity,1,23,2020-01-01T23:00:00+00:00,9,branch_B22_immediate,branch,B22,fixed,short_term,183,0,702.837257408,-100,0,true,true,false,constraint_violation,0.954480022,307,1.088541208,210,0.038541208,0.784633437,A10,76.472690575,123_STEAM_2,14.762030309,201_HYDRO_4,0,123,123_STEAM_2,97,3636.5968683,3744.069558875,107.472690575
0,poi_bus_108,108,Alger,unity,1,23,2020-01-01T23:00:00+00:00,10,branch_B22_sustained,branch,B22,bounded,continuous,183,0,702.837257408,-100.000000001,0.000000001,true,true,false,constraint_violation,0.943385144,307,1.089289083,210,0.039289083,0.90001143,C10,115.609533353,123_STEAM_2,15.214946137,101_STEAM_3,0,123,123_STEAM_2,97,3636.5968683,3752.206401653,115.609533353
0,poi_bus_108,108,Alger,unity,1,23,2020-01-01T23:00:00+00:00,11,branch_B6_immediate,branch,B6,fixed,short_term,183,0,702.837257408,-100,0,true,true,false,constraint_violation,0.954466414,307,1.091839129,210,0.041839129,0.7809623,A10,73.77341512,123_STEAM_2,14.109933941,101_STEAM_3,0,123,123_STEAM_2,97,3636.5968683,3741.37028342,104.77341512
0,poi_bus_108,108,Alger,unity,1,23,2020-01-01T23:00:00+00:00,12,branch_B6_sustained,branch,B6,bounded,continuous,183,0,702.837257408,-100.000000001,0.000000001,true,true,false,constraint_violation,0.943388333,307,1.091782762,210,0.041782762,0.90000562,C10,116.055977259,123_STEAM_2,14.620737107,101_STEAM_3,0,123,123_STEAM_2,97,3636.5968683,3752.652845559,116.055977259
0,poi_bus_108,108,Alger,unity,1,23,2020-01-01T23:00:00+00:00,13,branch_C12-1_immediate,branch,C12-1,fixed,short_term,183,0,702.837257408,-100,0,true,true,false,constraint_violation,0.836029754,307,1.089588472,210,0.113970246,0.7851883,A10,82.254329023,123_STEAM_2,15.509425349,201_HYDRO_4,0,123,123_STEAM_2,97,3636.5968683,3749.851197323,113.254329023
0,poi_bus_108,108,Alger,unity,1,23,2020-01-01T23:00:00+00:00,14,branch_C12-1_sustained,branch,C12-1,bounded,continuous,183,0,702.837257408,-100,0,true,true,false,constraint_violation,0.831060494,307,1.089339253,210,0.118939506,0.949546387,C13-2,119.98325418,123_STEAM_2,15.200563649,101_STEAM_3,0,123,123_STEAM_2,97,3636.5968683,3756.58012248,119.98325418
0,poi_bus_108,108,Alger,unity,1,23,2020-01-01T23:00:00+00:00,15,branch_C27_immediate,branch,C27,fixed,short_term,183,0,702.837257408,-100,0,true,true,false,constraint_violation,0.94324573,307,1.089493185,210,0.039493185,0.995571353,C29,95.050164478,123_STEAM_2,15.379751995,201_HYDRO_4,0,123,123_STEAM_2,97,3636.5968683,3762.647032778,126.050164478
0,poi_bus_108,108,Alger,unity,1,23,2020-01-01T23:00:00+00:00,16,branch_C27_sustained,branch,C27,bounded,continuous,183,0,702.837257408,-100,0.000000002,true,true,false,constraint_violation,0.937067058,307,1.089898999,210,0.039898999,0.996008691,C29,119.635915822,123_STEAM_2,15.385290484,101_STEAM_3,0,123,123_STEAM_2,97,3636.5968683,3756.232784122,119.635915822
0,poi_bus_108,108,Alger,unity,1,23,2020-01-01T23:00:00+00:00,17,branch_C6_immediate,branch,C6,fixed,short_term,183,0,702.837257408,-100,0.000000001,true,true,false,constraint_violation,0.951491697,307,1.08957517,210,0.03957517,0.785310081,A10,75.111269739,123_STEAM_2,15.491581728,201_HYDRO_4,0,123,123_STEAM_2,97,3636.5968683,3742.708138039,106.111269739
0,poi_bus_108,108,Alger,unity,1,23,2020-01-01T23:00:00+00:00,18,branch_C6_sustained,branch,C6,bounded,continuous,183,0,702.837257408,-99.999999999,0,true,true,false,constraint_violation,0.949031324,307,1.089326484,210,0.039326484,0.897254986,A10,111.362128182,123_STEAM_2,15.210210277,101_STEAM_3,0,123,123_STEAM_2,97,3636.5968683,3747.958996482,111.362128182
0,poi_bus_108,108,Alger,unity,1,23,2020-01-01T23:00:00+00:00,19,branch_CA-1_immediate,branch,CA-1,fixed,short_term,183,0,702.837257408,-100,0,true,true,false,constraint_violation,0.9424383,307,1.089635268,210,0.039635268,0.938216499,C27,121.952666983,123_STEAM_2,14.313918561,201_HYDRO_4,0,123,123_STEAM_2,97,3636.5968683,3789.549535283,152.952666983
0,poi_bus_108,108,Alger,unity,1,23,2020-01-01T23:00:00+00:00,20,branch_CA-1_sustained,branch,CA-1,bounded,continuous,183,0,702.837257408,52.6224297,0,true,true,false,constraint_violation,0.94421277,307,1.089392389,210,0.039392389,1.189808207,CB-1,160.986861034,123_STEAM_2,19.201107212,322_HYDRO_1,0,123,123_STEAM_2,97,3636.5968683,3797.583729334,160.986861034
0,poi_bus_108,108,Alger,unity,1,23,2020-01-01T23:00:00+00:00,21,generator_121_NUCLEAR_1_sustained,generator,121_NUCLEAR_1,bounded,continuous,183,0,702.837257408,-100.000000001,0.000000001,true,true,false,constraint_violation,0.955625142,307,1.088857685,210,0.038857685,0.91125772,C27,91.555253334,123_STEAM_2,13.753906884,201_HYDRO_4,0,123,123_STEAM_2,96,3636.5968683,3728.152121634,91.555253334
0,poi_bus_108,108,Alger,unity,1,23,2020-01-01T23:00:00+00:00,22,generator_213_CC_3_sustained,generator,213_CC_3,bounded,continuous,183,0,702.837257408,-100,0,true,true,false,constraint_violation,0.957769177,307,1.083715588,210,0.033715588,0.897144687,C10,92.397965548,123_STEAM_2,14.764670229,101_STEAM_3,0,123,123_STEAM_2,96,3636.5968683,3728.994833848,92.397965548
0,poi_bus_108,108,Alger,unity,1,23,2020-01-01T23:00:00+00:00,23,generator_313_CC_1_sustained,generator,313_CC_1,bounded,continuous,183,0,702.837257408,-100,0.000000001,true,true,false,constraint_violation,0.899939807,307,1.08928436,210,0.050060193,0.939379177,C27,132.964284819,123_STEAM_2,44.347123686,121_NUCLEAR_1,0,123,123_STEAM_2,96,3636.5968683,3769.561153119,132.964284819
0,poi_bus_108,108,Alger,lagging_095,0.95,0,2020-01-01T00:00:00+00:00,0,normal,normal,,base,continuous,173.104166667,56.896588124,679.176313276,-100,0.000000001,true,true,false,constraint_violation,0.920682694,108,1.085903508,210,0.035903508,0.957978792,C6,42.938274615,115_STEAM_3,51.810220981,314_SYNC_COND_1,0,115,115_STEAM_3,100,3510.436050867,3646.374325482,135.938274615
0,poi_bus_108,108,Alger,lagging_095,0.95,0,2020-01-01T00:00:00+00:00,1,branch_A11_immediate,branch,A11,fixed,short_term,173.104166667,56.896588124,679.176313276,-100,0.000000002,true,true,false,constraint_violation,0.883272787,108,1.087726118,210,0.066727213,0.76101878,C6,42.502510761,115_STEAM_3,51.700296107,314_SYNC_COND_1,0,115,115_STEAM_3,100,3510.436050867,3645.938561628,135.502510761
0,poi_bus_108,108,Alger,lagging_095,0.95,0,2020-01-01T00:00:00+00:00,2,branch_A11_sustained,branch,A11,bounded,continuous,173.104166667,56.896588124,679.176313276,-100,0.000000001,true,true,false,constraint_violation,0.884093474,108,1.085308864,210,0.065906526,0.965381494,C27,5.722389229,316_STEAM_1,158.360326891,316_STEAM_1,0,316,316_STEAM_1,100,3510.436050866,3608.471419201,98.035368335
0,poi_bus_108,108,Alger,lagging_095,0.95,0,2020-01-01T00:00:00+00:00,3,branch_A12-1_immediate,branch,A12-1,fixed,short_term,173.104166667,56.896588124,679.176313276,-100,0,true,true,false,constraint_violation,0.784444918,108,1.082699123,210,0.165555082,1.134213246,A13-2,65.422933856,115_STEAM_3,51.256359533,314_SYNC_COND_1,0,115,115_STEAM_3,100,3510.436050867,3668.858984723,158.422933856
0,poi_bus_108,108,Alger,lagging_095,0.95,0,2020-01-01T00:00:00+00:00,4,branch_A12-1_sustained,branch,A12-1,bounded,continuous,173.104166667,56.896588124,679.176313276,100,0.000000001,true,true,false,constraint_violation,0.79574612,108,1.080587774,210,0.15425388,1.256714804,A13-2,105.041499644,115_STEAM_3,28.281879277,314_SYNC_COND_1,0,115,115_STEAM_3,100,3510.436050867,3615.477550511,105.041499644
0,poi_bus_108,108,Alger,lagging_095,0.95,0,2020-01-01T00:00:00+00:00,5,branch_A34_immediate,branch,A34,fixed,short_term,173.104166667,56.896588124,679.176313276,-100,0.000000001,true,true,false,constraint_violation,0.92050948,108,1.085949131,210,0.035949131,1.022017514,A30,75.848640115,115_STEAM_3,110.958664701,116_STEAM_1,0,115,115_STEAM_3,100,3510.436050867,3679.284690982,168.848640115
0,poi_bus_108,108,Alger,lagging_095,0.95,0,2020-01-01T00:00:00+00:00,6,branch_A34_sustained,branch,A34,bounded,continuous,173.104166667,56.896588124,679.176313276,-51.010495431,0.000000001,true,true,false,constraint_violation,0.920814224,108,1.086106623,210,0.036106623,1.055227366,CA-1,67.365317439,216_STEAM_1,150.182356371,316_STEAM_1,0,216,216_STEAM_1,100,3510.436050867,3670.801368306,160.365317439
0,poi_bus_108,108,Alger,lagging_095,0.95,0,2020-01-01T00:00:00+00:00,7,branch_B12-1_immediate,branch,B12-1,fixed,short_term,173.104166667,56.896588124,679.176313276,-100,0.000000001,true,true,false,constraint_violation,0.920750771,108,1.074862353,210,0.029249229,0.761552797,C6,46.973186687,115_STEAM_3,51.758932459,314_SYNC_COND_1,0,115,115_STEAM_3,100,3510.436050867,3650.409237554,139.973186687
0,poi_bus_108,108,Alger,lagging_095,0.95,0,2020-01-01T00:00:00+00:00,8,branch_B12-1_sustained,branch,B12-1,bounded,continuous,173.104166667,56.896588124,679.176313276,-100,0.000000001,true,true,false,constraint_violation,0.92841644,108,1.073059729,210,0.023059729,1.128301265,CA-1,162.32897508,115_STEAM_3,158.925221496,316_STEAM_1,0,115,115_STEAM_3,100,3510.436050866,3672.765025946,162.32897508
0,poi_bus_108,108,Alger,lagging_095,0.95,0,2020-01-01T00:00:00+00:00,9,branch_B22_immediate,branch,B22,fixed,short_term,173.104166667,56.896588124,679.176313276,-100,0.000000001,true,true,false,constraint_violation,0.917041269,108,1.079571499,210,0.032958731,0.765772033,C6,49.924737042,115_STEAM_3,52.182556249,314_SYNC_COND_1,0,115,115_STEAM_3,100,3510.436050867,3653.360787909,142.924737042
0,poi_bus_108,108,Alger,lagging_095,0.95,0,2020-01-01T00:00:00+00:00,10,branch_B22_sustained,branch,B22,bounded,continuous,173.104166667,56.896588124,679.176313276,-99.999999999,0.000000002,true,true,false,constraint_violation,0.916022931,108,1.080317084,210,0.033977069,0.973034083,C6,43.943912003,316_STEAM_1,114.062702997,316_STEAM_1,0,316,316_STEAM_1,100,3510.436050866,3647.379962869,136.943912003
0,poi_bus_108,108,Alger,lagging_095,0.95,0,2020-01-01T00:00:00+00:00,11,branch_B6_immediate,branch,B6,fixed,short_term,173.104166667,56.896588124,679.176313276,-100,0.000000001,true,true,false,constraint_violation,0.914092193,108,1.089605314,210,0.039605314,0.761717314,C6,42.97078827,115_STEAM_3,51.776768467,314_SYNC_COND_1,0,115,115_STEAM_3,100,3510.436050867,3646.406839137,135.97078827
0,poi_bus_108,108,Alger,lagging_095,0.95,0,2020-01-01T00:00:00+00:00,12,branch_B6_sustained,branch,B6,bounded,continuous,173.104166667,56.896588124,679.176313276,-100,0,true,true,false,constraint_violation,0.918531574,108,1.087725411,210,0.037725411,1.003401342,C6,100.799055917,115_STEAM_3,82.46186544,316_STEAM_1,0,115,115_STEAM_3,100,3510.436050867,3611.235106784,100.799055917
0,poi_bus_108,108,Alger,lagging_095,0.95,0,2020-01-01T00:00:00+00:00,13,branch_C12-1_immediate,branch,C12-1,fixed,short_term,173.104166667,56.896588124,679.176313276,-100,0.000000001,true,true,false,constraint_violation,0.880362085,307,1.085914001,210,0.069637915,0.750521266,B10,50.424263831,115_STEAM_3,48.13222406,316_STEAM_1,0,115,115_STEAM_3,100,3510.436050867,3653.860314698,143.424263831
0,poi_bus_108,108,Alger,lagging_095,0.95,0,2020-01-01T00:00:00+00:00,14,branch_C12-1_sustained,branch,C12-1,bounded,continuous,173.104166667,56.896588124,679.176313276,100,0.000000001,true,true,false,constraint_violation,0.872939755,307,1.082568034,210,0.077060245,1.005201348,C6,114.63891914,115_STEAM_3,52.535295822,316_STEAM_1,0,115,115_STEAM_3,100,3510.436050867,3625.074970007,114.63891914
0,poi_bus_108,108,Alger,lagging_095,0.95,0,2020-01-01T00:00:00+00:00,15,branch_C27_immediate,branch,C27,fixed,short_term,173.104166667,56.896588124,679.176313276,-100,0,true,true,false,constraint_violation,0.921934535,108,1.085780266,210,0.035780266,1.000076552,C29,51.739972558,115_STEAM_3,77.620988702,316_STEAM_1,0,115,115_STEAM_3,100,3510.436050867,3655.176023425,144.739972558
0,poi_bus_108,108,Alger,lagging_095,0.95,0,2020-01-01T00:00:00+00:00,16,branch_C27_sustained,branch,C27,bounded,continuous,173.104166667,56.896588124,679.176313276,100,0.000000001,true,true,false,constraint_violation,0.916592915,108,1.086222332,210,0.036222332,1.053944544,CA-1,49.306769443,216_STEAM_1,119.972394549,316_STEAM_1,0,216,216_STEAM_1,100,3510.436050867,3652.74282031,142.306769443
0,poi_bus_108,108,Alger,lagging_095,0.95,0,2020-01-01T00:00:00+00:00,17,branch_C6_immediate,branch,C6,fixed,short_term,173.104166667,56.896588124,679.176313276,-100,0,true,true,false,constraint_violation,0.920872934,108,1.085885218,210,0.035885218,0.905724427,C2,53.180312084,115_STEAM_3,83.078750591,316_STEAM_1,0,115,115_STEAM_3,100,3510.436050867,3656.616362951,146.180312084
0,poi_bus_108,108,Alger,lagging_095,0.95,0,2020-01-01T00:00:00+00:00,18,branch_C6_sustained,branch,C6,bounded,continuous,173.104166667,56.896588124,679.176313276,-100,0,true,true,false,constraint_violation,0.919090339,108,1.086024172,210,0.036024172,1.14754215,CA-1,149.324114832,115_STEAM_3,204.143582101,316_STEAM_1,0,115,115_STEAM_3,100,3510.436050867,3659.760165699,149.324114832
0,poi_bus_108,108,Alger,lagging_095,0.95,0,2020-01-01T00:00:00+00:00,19,branch_CA-1_immediate,branch,CA-1,fixed,short_term,173.104166667,56.896588124,679.176313276,-100,0.000000002,true,true,false,constraint_violation,0.907214868,108,1.086366022,210,0.042785132,0.836582388,C6,71.181612814,115_STEAM_3,79.565115303,116_STEAM_1,0,115,115_STEAM_3,100,3510.436050867,3674.617663681,164.181612814
0,poi_bus_108,108,Alger,lagging_095,0.95,0,2020-01-01T00:00:00+00:00,20,branch_CA-1_sustained,branch,CA-1,bounded,continuous,173.104166667,56.896588124,679.176313276,100,0.000000001,true,true,false,constraint_violation,0.901933986,108,1.083283945,210,0.048066014,1.21911233,CB-1,198.386445281,115_STEAM_3,347.917388811,316_STEAM_1,0,115,115_STEAM_3,100,3510.436050867,3708.822496148,198.386445281
0,poi_bus_108,108,Alger,lagging_095,0.95,0,2020-01-01T00:00:00+00:00,21,generator_121_NUCLEAR_1_sustained,generator,121_NUCLEAR_1,bounded,continuous,173.104166667,56.896588124,679.176313276,-100,0.000000001,true,true,false,constraint_violation,0.924264209,108,1.084090199,210,0.034090199,0.926863747,A34,49.689786434,316_STEAM_1,141.895078751,316_STEAM_1,0,316,316_STEAM_1,99,3510.436050867,3653.125837301,142.689786434
0,poi_bus_108,108,Alger,lagging_095,0.95,0,2020-01-01T00:00:00+00:00,22,generator_213_CC_3_sustained,generator,213_CC_3,bounded,continuous,173.104166667,56.896588124,679.176313276,-100,0.000000001,true,true,false,constraint_violation,0.927453669,108,1.086037193,210,0.036037193,1.13416242,CA-1,143.626335899,115_STEAM_3,228.535045422,316_STEAM_1,0,115,115_STEAM_3,100,3510.436050866,3654.062386765,143.626335899
0,poi_bus_108,108,Alger,lagging_095,0.95,0,2020-01-01T00:00:00+00:00,23,generator_313_CC_1_sustained,generator,313_CC_1,bounded,continuous,173.104166667,56.896588124,679.176313276,100,0,true,true,false,constraint_violation,0.9206694,108,1.083937969,210,0.033937969,1.049132414,CA-1,57.425197596,216_STEAM_1,128.945059583,316_STEAM_1,0,216,216_STEAM_1,100,3510.436050866,3660.861248462,150.425197596
0,poi_bus_108,108,Alger,lagging_095,0.95,1,2020-01-01T01:00:00+00:00,0,normal,normal,,base,continuous,175.875,57.807316998,663.651430585,-100,0,true,true,false,constraint_violation,0.922578245,108,1.086641596,210,0.036641596,0.999935988,C6,43.534392633,115_STEAM_3,63.018651436,314_SYNC_COND_1,0,115,115_STEAM_3,100,3436.9208227,3573.455215333,136.534392633
0,poi_bus_108,108,Alger,lagging_095,0.95,1,2020-01-01T01:00:00+00:00,1,branch_A11_immediate,branch,A11,fixed,short_term,175.875,57.807316998,663.651430585,-100,0,true,true,false,constraint_violation,0.882051997,108,1.088441014,210,0.067948003,0.794884824,C6,43.894961249,115_STEAM_3,62.985820791,314_SYNC_COND_1,0,115,115_STEAM_3,100,3436.9208227,3573.815783949,136.894961249
0,poi_bus_108,108,Alger,lagging_095,0.95,1,2020-01-01T01:00:00+00:00,2,branch_A11_sustained,branch,A11,bounded,continuous,175.875,57.807316998,663.651430585,100.000000001,0,true,true,false,constraint_violation,0.877660807,108,1.088436406,210,0.072339193,1.12105873,CA-1,161.305246605,115_STEAM_3,168.467496136,316_STEAM_1,0,115,115_STEAM_3,100,3436.9208227,3598.226069305,161.305246605
0,poi_bus_108,108,Alger,lagging_095,0.95,1,2020-01-01T01:00:00+00:00,3,branch_A12-1_immediate,branch,A12-1,fixed,short_term,175.875,57.807316998,663.651430585,-100,0,true,true,false,constraint_violation,0.786270117,108,1.083363406,210,0.163729883,1.115146582,A13-2,66.07886817,115_STEAM_3,62.686851752,314_SYNC_COND_1,0,115,115_STEAM_3,100,3436.9208227,3595.99969087,159.07886817
0,poi_bus_108,108,Alger,lagging_095,0.95,1,2020-01-01T01:00:00+00:00,4,branch_A12-1_sustained,branch,A12-1,bounded,continuous,175.875,57.807316998,663.651430585,-100,0,true,true,false,constraint_violation,0.799358829,108,1.081797643,210,0.150641171,1.273850244,A13-2,122.566730948,115_STEAM_3,116.109711311,316_STEAM_1,0,115,115_STEAM_3,100,3436.9208227,3559.487553648,122.566730948
0,poi_bus_108,108,Alger,lagging_095,0.95,1,2020-01-01T01:00:00+00:00,5,branch_A34_immediate,branch,A34,fixed,short_term,175.875,57.807316998,663.651430585,-100,0,true,true,false,constraint_violation,0.922437454,108,1.086693386,210,0.036693386,1.022083916,A30,76.055866289,115_STEAM_3,118.015107868,116_STEAM_1,0,115,115_STEAM_3,100,3436.9208227,3605.976688989,169.055866289
0,poi_bus_108,108,Alger,lagging_095,0.95,1,2020-01-01T01:00:00+00:00,6,branch_A34_sustained,branch,A34,bounded,continuous,175.875,57.807316998,663.651430585,-100,0,true,true,false,constraint_violation,0.909925595,108,1.086866431,210,0.040074405,1.059274423,CA-1,169.230398985,115_STEAM_3,160.613395894,316_STEAM_1,0,115,115_STEAM_3,100,3436.9208227,3606.151221685,169.230398985
0,poi_bus_108,108,Alger,lagging_095,0.95,1,2020-01-01T01:00:00+00:00,7,branch_B12-1_immediate,branch,B12-1,fixed,short_term,175.875,57.807316998,663.651430585,-100,0.000000001,true,true,false,constraint_violation,0.922625197,108,1.077184641,310,0.027374803,0.794946964,C6,47.350778501,115_STEAM_3,62.989806193,314_SYNC_COND_1,0,115,115_STEAM_3,100,3436.9208227,3577.271601201,140.350778501
0,poi_bus_108,108,Alger,lagging_095,0.95,1,2020-01-01T01:00:00+00:00,8,branch_B12-1_sustained,branch,B12-1,bounded,continuous,175.875,57.807316998,663.651430585,-100.000000001,0.000000001,true,true,false,constraint_violation,0.921980989,108,1.07627734,210,0.028019011,0.999686412,C6,94.43258536,115_STEAM_3,55.713072504,314_SYNC_COND_1,0,115,115_STEAM_3,100,3436.9208227,3531.35340806,94.43258536
0,poi_bus_108,108,Alger,lagging_095,0.95,1,2020-01-01T01:00:00+00:00,9,branch_B22_immediate,branch,B22,fixed,short_term,175.875,57.807316998,663.651430585,-99.999999999,0,true,true,false,constraint_violation,0.919225179,108,1.080397757,210,0.030774821,0.799264337,C6,50.668544594,115_STEAM_3,63.23143365,314_SYNC_COND_1,0,115,115_STEAM_3,100,3436.9208227,3580.589367294,143.668544594
0,poi_bus_108,108,Alger,lagging_095,0.95,1,2020-01-01T01:00:00+00:00,10,branch_B22_sustained,branch,B22,bounded,continuous,175.875,57.807316998,663.651430585,-100,0,true,true,false,constraint_violation,0.920963423,108,1.081501317,210,0.031501317,0.917109235,C10,53.95857491,316_STEAM_1,109.652662934,316_STEAM_1,0,316,316_STEAM_1,100,3436.9208227,3583.87939761,146.95857491
0,poi_bus_108,108,Alger,lagging_095,0.95,1,2020-01-01T01:00:00+00:00,11,branch_B6_immediate,branch,B6,fixed,short_term,175.875,57.807316998,663.651430585,-100,0,true,true,false,constraint_violation,0.915621282,108,1.090387208,210,0.040387208,0.795258894,C6,43.657315679,115_STEAM_3,63.009593808,314_SYNC_COND_1,0,115,115_STEAM_3,100,3436.9208227,3573.578138379,136.657315679
0,poi_bus_108,108,Alger,lagging_095,0.95,1,2020-01-01T01:00:00+00:00,12,branch_B6_sustained,branch,B6,bounded,continuous,175.875,57.807316998,663.651430585,-100,0,true,true,false,constraint_violation,0.914194915,108,1.088606434,210,0.038606434,0.91873018,C10,8.707230041,316_STEAM_1,114.300641727,316_STEAM_1,0,316,316_STEAM_1,100,3436.9208227,3538.628052741,101.707230041
0,poi_bus_108,108,Alger,lagging_095,0.95,1,2020-01-01T01:00:00+00:00,13,branch_C12-1_immediate,branch,C12-1,fixed,short_term,175.875,57.807316998,663.651430585,-100,0,true,true,false,constraint_violation,0.907362528,307,1.086650845,210,0.042637472,0.751220469,B10,49.594667105,115_STEAM_3,34.624703346,316_STEAM_1,0,115,115_STEAM_3,100,3436.9208227,3579.515489805,142.594667105
0,poi_bus_108,108,Alger,lagging_095,0.95,1,2020-01-01T01:00:00+00:00,14,branch_C12-1_sustained,branch,C12-1,bounded,continuous,175.875,57.807316998,663.651430585,-100,0,true,true,false,constraint_violation,0.910344409,307,1.084760922,210,0.039655591,0.868220493,B10,88.792507889,121_NUCLEAR_1,63.907117483,316_STEAM_1,0,121,121_NUCLEAR_1,100,3436.9208227,3529.713330589,92.792507889
0,poi_bus_108,108,Alger,lagging_095,0.95,1,2020-01-01T01:00:00+00:00,15,branch_C27_immediate,branch,C27,fixed,short_term,175.875,57.807316998,663.651430585,-100,0.000000001,true,true,false,constraint_violation,0.923639029,108,1.086502665,210,0.036502665,1.00023289,C29,51.693392915,115_STEAM_3,62.337705544,316_STEAM_1,0,115,115_STEAM_3,100,3436.9208227,3581.614215615,144.693392915
0,poi_bus_108,108,Alger,lagging_095,0.95,1,2020-01-01T01:00:00+00:00,16,branch_C27_sustained,branch,C27,bounded,continuous,175.875,57.807316998,663.651430585,100,0.000000001,true,true,false,constraint_violation,0.901805299,108,1.087311135,210,0.048194701,1.115798185,CA-1,172.359469997,115_STEAM_3,99.486270895,316_STEAM_1,0,115,115_STEAM_3,100,3436.9208227,3609.280292697,172.359469997
0,poi_bus_108,108,Alger,lagging_095,0.95,1,2020-01-01T01:00:00+00:00,17,branch_C6_immediate,branch,C6,fixed,short_term,175.875,57.807316998,663.651430585,-100,0,true,true,false,constraint_violation,0.922749932,108,1.086619387,210,0.036619387,0.925984755,C2,54.601133524,115_STEAM_3,80.278911081,316_STEAM_1,0,115,115_STEAM_3,100,3436.9208227,3584.521956224,147.601133524
0,poi_bus_108,108,Alger,lagging_095,0.95,1,2020-01-01T01:00:00+00:00,18,branch_C6_sustained,branch,C6,bounded,continuous,175.875,57.807316998,663.651430585,-100,0.000000001,true,true,false,constraint_violation,0.920171988,108,1.086784598,210,0.036784598,1.017822679,C2,124.659799849,115_STEAM_3,148.183700771,316_STEAM_1,0,115,115_STEAM_3,100,3436.9208227,3561.580622549,124.659799849
0,poi_bus_108,108,Alger,lagging_095,0.95,1,2020-01-01T01:00:00+00:00,19,branch_CA-1_immediate,branch,CA-1,fixed,short_term,175.875,57.807316998,663.651430585,-100,0.000000001,true,true,false,constraint_violation,0.913595874,108,1.087221994,210,0.037221994,0.854654338,C6,61.042214155,115_STEAM_3,73.283095817,116_STEAM_1,0,115,115_STEAM_3,100,3436.9208227,3590.963036855,154.042214155
0,poi_bus_108,108,Alger,lagging_095,0.95,1,2020-01-01T01:00:00+00:00,20,branch_CA-1_sustained,branch,CA-1,bounded,continuous,175.875,57.807316998,663.651430585,-99.999999999,0,true,true,false,constraint_violation,0.906095793,108,1.085313041,210,0.043904207,1.200134347,CB-1,171.027657716,115_STEAM_3,277.903532369,316_STEAM_1,0,115,115_STEAM_3,100,3436.9208227,3607.948480416,171.027657716
0,poi_bus_108,108,Alger,lagging_095,0.95,1,2020-01-01T01:00:00+00:00,21,generator_121_NUCLEAR_1_sustained,generator,121_NUCLEAR_1,bounded,continuous,175.875,57.807316998,663.651430585,99.999999999,0.000000001,true,true,false,constraint_violation,0.922414381,108,1.084751786,210,0.034751786,0.918675667,C10,127.44270343,115_STEAM_3,91.541873517,316_STEAM_1,0,115,115_STEAM_3,99,3436.9208227,3564.36352613,127.44270343
0,poi_bus_108,108,Alger,lagging_095,0.95,1,2020-01-01T01:00:00+00:00,22,generator_213_CC_3_sustained,generator,213_CC_3,bounded,continuous,175.875,57.807316998,663.651430585,98.776682752,0,true,true,false,constraint_violation,0.924572346,108,1.086124855,210,0.036124855,1.019972796,C6,40.328872119,216_STEAM_1,42.870671128,314_SYNC_COND_1,0,216,216_STEAM_1,100,3436.9208227,3570.249694819,133.328872119
0,poi_bus_108,108,Alger,lagging_095,0.95,1,2020-01-01T01:00:00+00:00,23,generator_313_CC_1_sustained,generator,313_CC_1,bounded,continuous,175.875,57.807316998,663.651430585,-100,0,true,true,false,constraint_violation,0.917524724,108,1.087081404,210,0.037081404,1.125806596,CA-1,162.8716127,115_STEAM_3,170.933741084,316_STEAM_1,0,115,115_STEAM_3,100,3436.9208227,3599.7924354,162.8716127
0,poi_bus_108,108,Alger,lagging_095,0.95,2,2020-01-01T02:00:00+00:00,0,normal,normal,,base,continuous,177.145833333,58.225019715,660.828118246,-100,0,true,true,false,constraint_violation,0.919920044,108,1.086734103,210,0.036734103,0.959914219,C6,41.856375833,115_STEAM_3,70.761842744,314_SYNC_COND_1,0,115,115_STEAM_3,100,3424.318483333,3559.174859166,134.856375833
0,poi_bus_108,108,Alger,lagging_095,0.95,2,2020-01-01T02:00:00+00:00,1,branch_A11_immediate,branch,A11,fixed,short_term,177.145833333,58.225019715,660.828118246,-100,0.000000001,true,true,false,constraint_violation,0.878362659,108,1.088571351,210,0.071637341,0.768755507,C10,42.258726836,115_STEAM_3,70.727959595,314_SYNC_COND_1,0,115,115_STEAM_3,100,3424.318483333,3559.577210169,135.258726836
0,poi_bus_108,108,Alger,lagging_095,0.95,2,2020-01-01T02:00:00+00:00,2,branch_A11_sustained,branch,A11,bounded,continuous,177.145833333,58.225019715,660.828118246,-100,0.000000001,true,true,false,constraint_violation,0.877325473,108,1.086069543,210,0.072674527,0.964704676,C27,0,101_STEAM_3,111.655210965,316_STEAM_1,0,316,316_STEAM_1,100,3424.318483334,3514.556619477,90.238136143
0,poi_bus_108,108,Alger,lagging_095,0.95,2,2020-01-01T02:00:00+00:00,3,branch_A12-1_immediate,branch,A12-1,fixed,short_term,177.145833333,58.225019715,660.828118246,-100,0,true,true,false,constraint_violation,0.778502467,108,1.08333034,210,0.171497533,1.13184863,A13-2,65.504459951,115_STEAM_3,70.412492243,314_SYNC_COND_1,0,115,115_STEAM_3,100,3424.318483333,3582.822943284,158.504459951
0,poi_bus_108,108,Alger,lagging_095,0.95,2,2020-01-01T02:00:00+00:00,4,branch_A12-1_sustained,branch,A12-1,bounded,continuous,177.145833333,58.225019715,660.828118246,100,0.000000001,true,true,false,constraint_violation,0.788866562,108,1.081523921,210,0.161133438,1.283372945,A13-2,159.1294494,121_NUCLEAR_1,106.63075497,316_STEAM_1,0,121,121_NUCLEAR_1,100,3424.318483333,3587.447932733,163.1294494
0,poi_bus_108,108,Alger,lagging_095,0.95,2,2020-01-01T02:00:00+00:00,5,branch_A34_immediate,branch,A34,fixed,short_term,177.145833333,58.225019715,660.828118246,-100,0.000000001,true,true,false,constraint_violation,0.91977733,108,1.086785794,210,0.036785794,1.022096541,A30,74.361431262,115_STEAM_3,118.365775717,116_STEAM_1,0,115,115_STEAM_3,100,3424.318483333,3591.679914595,167.361431262
0,poi_bus_108,108,Alger,lagging_095,0.95,2,2020-01-01T02:00:00+00:00,6,branch_A34_sustained,branch,A34,bounded,continuous,177.145833333,58.225019715,660.828118246,-100,0.000000001,true,true,false,constraint_violation,0.915363287,108,1.08702088,210,0.03702088,1.124564435,CA-1,75.764322248,116_STEAM_1,161.442696139,316_STEAM_1,0,116,116_STEAM_1,100,3424.318483333,3593.082805581,168.764322248
0,poi_bus_108,108,Alger,lagging_095,0.95,2,2020-01-01T02:00:00+00:00,7,branch_B12-1_immediate,branch,B12-1,fixed,short_term,177.145833333,58.225019715,660.828118246,-99.999999999,0,true,true,false,constraint_violation,0.919965523,108,1.082517372,310,0.032517372,0.76875386,C10,45.63872557,115_STEAM_3,70.73235539,314_SYNC_COND_1,0,115,115_STEAM_3,100,3424.318483333,3562.957208903,138.63872557
0,poi_bus_108,108,Alger,lagging_095,0.95,2,2020-01-01T02:00:00+00:00,8,branch_B12-1_sustained,branch,B12-1,bounded,continuous,177.145833333,58.225019715,660.828118246,-100,0.000000001,true,true,false,constraint_violation,0.923445459,108,1.074296401,210,0.026554541,0.957068655,C27,0,101_STEAM_3,104.348719716,316_STEAM_1,0,316,316_STEAM_1,100,3424.318483333,3515.302383998,90.983900665
0,poi_bus_108,108,Alger,lagging_095,0.95,2,2020-01-01T02:00:00+00:00,9,branch_B22_immediate,branch,B22,fixed,short_term,177.145833333,58.225019715,660.828118246,-99.999999999,0,true,true,false,constraint_violation,0.916539497,108,1.0827148,310,0.033460503,0.768615973,C10,48.968046237,115_STEAM_3,70.981774721,314_SYNC_COND_1,0,115,115_STEAM_3,100,3424.318483333,3566.28652957,141.968046237
0,poi_bus_108,108,Alger,lagging_095,0.95,2,2020-01-01T02:00:00+00:00,10,branch_B22_sustained,branch,B22,bounded,continuous,177.145833333,58.225019715,660.828118246,-100,0.000000001,true,true,false,constraint_violation,0.917022148,108,1.081091851,210,0.032977852,1.122677259,CA-1,160.29621139,115_STEAM_3,175.505177097,316_STEAM_1,0,115,115_STEAM_3,100,3424.318483333,3584.614694723,160.29621139
0,poi_bus_108,108,Alger,lagging_095,0.95,2,2020-01-01T02:00:00+00:00,11,branch_B6_immediate,branch,B6,fixed,short_term,177.145833333,58.225019715,660.828118246,-99.999999999,0,true,true,false,constraint_violation,0.912807424,108,1.090549564,210,0.040549564,0.768745821,C10,41.99077042,115_STEAM_3,70.753044175,314_SYNC_COND_1,0,115,115_STEAM_3,100,3424.318483333,3559.309253753,134.99077042
0,poi_bus_108,108,Alger,lagging_095,0.95,2,2020-01-01T02:00:00+00:00,12,branch_B6_sustained,branch,B6,bounded,continuous,177.145833333,58.225019715,660.828118246,-100,0.000000001,true,true,false,constraint_violation,0.914215537,108,1.088786456,210,0.038786456,1.007333844,C6,102.803155575,115_STEAM_3,76.867201064,316_STEAM_1,0,115,115_STEAM_3,100,3424.318483333,3527.121638908,102.803155575
0,poi_bus_108,108,Alger,lagging_095,0.95,2,2020-01-01T02:00:00+00:00,13,branch_C12-1_immediate,branch,C12-1,fixed,short_term,177.145833333,58.225019715,660.828118246,-99.999999999,0.000000001,true,true,false,constraint_violation,0.919844203,108,1.086742279,210,0.036742279,0.751254183,B10,47.33743198,115_STEAM_3,42.390705221,314_SYNC_COND_1,0,115,115_STEAM_3,100,3424.318483333,3564.655915313,140.33743198
0,poi_bus_108,108,Alger,lagging_095,0.95,2,2020-01-01T02:00:00+00:00,14,branch_C12-1_sustained,branch,C12-1,bounded,continuous,177.145833333,58.225019715,660.828118246,-100,0.000000001,true,true,false,constraint_violation,0.899275064,307,1.084618551,210,0.050724936,0.880558318,C27,2.885811886,316_STEAM_1,132.536635219,316_STEAM_1,0,316,316_STEAM_1,100,3424.318483333,3520.204295219,95.885811886
0,poi_bus_108,108,Alger,lagging_095,0.95,2,2020-01-01T02:00:00+00:00,15,branch_C27_immediate,branch,C27,fixed,short_term,177.145833333,58.225019715,660.828118246,-100,0.000000001,true,true,false,constraint_violation,0.920977783,108,1.086598389,210,0.036598389,1.000308555,C29,49.56912309,115_STEAM_3,67.002072882,314_SYNC_COND_1,0,115,115_STEAM_3,100,3424.318483333,3566.887606423,142.56912309
0,poi_bus_108,108,Alger,lagging_095,0.95,2,2020-01-01T02:00:00+00:00,16,branch_C27_sustained,branch,C27,bounded,continuous,177.145833333,58.225019715,660.828118246,-100,0,true,true,false,constraint_violation,0.918560538,108,1.086854963,210,0.036854963,0.950397311,CA-1,25.700823454,316_STEAM_1,97.966925773,316_STEAM_1,0,316,316_STEAM_1,100,3424.318483333,3543.019306787,118.700823454
0,poi_bus_108,108,Alger,lagging_095,0.95,2,2020-01-01T02:00:00+00:00,17,branch_C6_immediate,branch,C6,fixed,short_term,177.145833333,58.225019715,660.828118246,-100,0,true,true,false,constraint_violation,0.920097612,108,1.086711722,210,0.036711722,0.899733528,C2,51.7734175,115_STEAM_3,62.179079413,316_STEAM_1,0,115,115_STEAM_3,100,3424.318483333,3569.091900833,144.7734175
0,poi_bus_108,108,Alger,lagging_095,0.95,2,2020-01-01T02:00:00+00:00,18,branch_C6_sustained,branch,C6,bounded,continuous,177.145833333,58.225019715,660.828118246,-100,0.000000001,true,true,false,constraint_violation,0.908063444,108,1.087020291,210,0.041936556,1.043917852,CA-1,64.56335571,216_STEAM_1,97.164904959,316_STEAM_1,0,216,216_STEAM_1,100,3424.318483333,3581.881839043,157.56335571
0,poi_bus_108,108,Alger,lagging_095,0.95,2,2020-01-01T02:00:00+00:00,19,branch_CA-1_immediate,branch,CA-1,fixed,short_term,177.145833333,58.225019715,660.828118246,-100,0,true,true,false,constraint_violation,0.911020188,108,1.087305395,210,0.038979812,0.8220733,C6,58.73764439,115_STEAM_3,72.655382676,116_STEAM_1,0,115,115_STEAM_3,100,3424.318483333,3576.056127723,151.73764439
0,poi_bus_108,108,Alger,lagging_095,0.95,2,2020-01-01T02:00:00+00:00,20,branch_CA-1_sustained,branch,CA-1,bounded,continuous,177.145833333,58.225019715,660.828118246,100,0.000000001,true,true,false,constraint_violation,0.910471217,108,1.084810696,210,0.039528783,0.910329746,C10,47.552552413,316_STEAM_1,202.997266145,316_STEAM_1,0,316,316_STEAM_1,100,3424.318483333,3561.663291609,137.344808276
0,poi_bus_108,108,Alger,lagging_095,0.95,2,2020-01-01T02:00:00+00:00,21,generator_121_NUCLEAR_1_sustained,generator,121_NUCLEAR_1,bounded,continuous,177.145833333,58.225019715,660.828118246,-99.999999999,0,true,true,false,constraint_violation,0.924538337,108,1.084404679,210,0.034404679,1.006742588,C27,89.721266959,115_STEAM_3,117.598318739,316_STEAM_1,0,115,115_STEAM_3,99,3424.318483334,3514.039750293,89.721266959
0,poi_bus_108,108,Alger,lagging_095,0.95,2,2020-01-01T02:00:00+00:00,22,generator_213_CC_3_sustained,generator,213_CC_3,bounded,continuous,177.145833333,58.225019715,660.828118246,100.000000001,0,true,true,false,constraint_violation,0.918853719,108,1.08691267,210,0.03691267,1.111843693,CA-1,155.040674139,115_STEAM_3,125.523493865,316_STEAM_1,0,115,115_STEAM_3,100,3424.318483333,3579.359157472,155.040674139
0,poi_bus_108,108,Alger,lagging_095,0.95,2,2020-01-01T02:00:00+00:00,23,generator_313_CC_1_sustained,generator,313_CC_1,bounded,continuous,177.145833333,58.225019715,660.828118246,82.643450759,0.000000001,true,true,false,constraint_violation,0.900013619,108,1.087425416,210,0.049986381,1.126949055,CA-1,179.222123461,115_STEAM_3,133.038062774,316_STEAM_1,0,115,115_STEAM_3,100,3424.318483333,3603.540606794,179.222123461
0,poi_bus_108,108,Alger,lagging_095,0.95,3,2020-01-01T03:00:00+00:00,0,normal,normal,,base,continuous,172.770833333,56.787026755,664.374395151,-100,0,true,true,false,constraint_violation,0.918442341,108,1.088750622,306,0.038750622,0.900928107,C10,37.398569123,115_STEAM_3,78.141609364,314_SYNC_COND_1,0,115,115_STEAM_3,100,3437.369154333,3567.767723456,130.398569123
0,poi_bus_108,108,Alger,lagging_095,0.95,3,2020-01-01T03:00:00+00:00,1,branch_A11_immediate,branch,A11,fixed,short_term,172.770833333,56.787026755,664.374395151,-100.000000001,0.000000001,true,true,false,constraint_violation,0.878977379,108,1.088703154,306,0.071022621,0.78831702,C10,37.362448579,115_STEAM_3,78.076678754,314_SYNC_COND_1,0,115,115_STEAM_3,100,3437.369154333,3567.731602912,130.362448579
0,poi_bus_108,108,Alger,lagging_095,0.95,3,2020-01-01T03:00:00+00:00,2,branch_A11_sustained,branch,A11,bounded,continuous,172.770833333,56.787026755,664.374395151,-100,0,true,true,false,constraint_violation,0.879788789,108,1.086222813,210,0.070211211,0.932820259,C10,0,101_STEAM_3,107.07604835,316_STEAM_1,0,316,316_STEAM_1,100,3437.369154333,3527.532350331,90.163195998
0,poi_bus_108,108,Alger,lagging_095,0.95,3,2020-01-01T03:00:00+00:00,3,branch_A12-1_immediate,branch,A12-1,fixed,short_term,172.770833333,56.787026755,664.374395151,-100,0.000000001,true,true,false,constraint_violation,0.7771884,108,1.088434307,306,0.1728116,1.137641737,A13-2,60.947130443,115_STEAM_3,77.702839251,314_SYNC_COND_1,0,115,115_STEAM_3,100,3437.369154333,3591.316284776,153.947130443
0,poi_bus_108,108,Alger,lagging_095,0.95,3,2020-01-01T03:00:00+00:00,4,branch_A12-1_sustained,branch,A12-1,bounded,continuous,172.770833333,56.787026755,664.374395151,-100.000000001,0.000000001,true,true,false,constraint_violation,0.79363704,108,1.08154835,210,0.15636296,1.256722898,A13-2,9.574664777,316_STEAM_1,98.185897702,316_STEAM_1,0,316,316_STEAM_1,100,3437.369154333,3539.94381911,102.574664777
0,poi_bus_108,108,Alger,lagging_095,0.95,3,2020-01-01T03:00:00+00:00,5,branch_A34_immediate,branch,A34,fixed,short_term,172.770833333,56.787026755,664.374395151,-100.000000001,0.000000001,true,true,false,constraint_violation,0.918288316,108,1.088942607,306,0.038942607,1.022086358,A30,70.075630098,115_STEAM_3,114.839571452,116_STEAM_1,0,115,115_STEAM_3,100,3437.369154333,3600.444784431,163.075630098
0,poi_bus_108,108,Alger,lagging_095,0.95,3,2020-01-01T03:00:00+00:00,6,branch_A34_sustained,branch,A34,bounded,continuous,172.770833333,56.787026755,664.374395151,-100,0.000000002,true,true,false,constraint_violation,0.912223187,108,1.08474621,210,0.037776813,1.035090253,CA-1,163.433657786,115_STEAM_3,95.797620975,316_STEAM_1,0,115,115_STEAM_3,100,3437.369154333,3600.802812119,163.433657786
0,poi_bus_108,108,Alger,lagging_095,0.95,3,2020-01-01T03:00:00+00:00,7,branch_B12-1_immediate,branch,B12-1,fixed,short_term,172.770833333,56.787026755,664.374395151,-100.000000001,0.000000001,true,true,false,constraint_violation,0.918493086,108,1.088723193,306,0.038723193,0.788315202,C10,41.159953631,115_STEAM_3,78.104135814,314_SYNC_COND_1,0,115,115_STEAM_3,100,3437.369154333,3571.529107964,134.159953631
0,poi_bus_108,108,Alger,lagging_095,0.95,3,2020-01-01T03:00:00+00:00,8,branch_B12-1_sustained,branch,B12-1,bounded,continuous,172.770833333,56.787026755,664.374395151,-100,0,true,true,false,constraint_violation,0.912139101,108,1.077109164,210,0.037860899,0.928743613,C10,58.731461766,316_STEAM_1,90.256436085,316_STEAM_1,0,316,316_STEAM_1,100,3437.369154333,3589.100616099,151.731461766
0,poi_bus_108,108,Alger,lagging_095,0.95,3,2020-01-01T03:00:00+00:00,9,branch_B22_immediate,branch,B22,fixed,short_term,172.770833333,56.787026755,664.374395151,-100,0.000000002,true,true,false,constraint_violation,0.91499247,108,1.088962247,306,0.038962247,0.788259488,C10,44.322828237,115_STEAM_3,78.425722726,314_SYNC_COND_1,0,115,115_STEAM_3,100,3437.369154333,3574.69198257,137.322828237
0,poi_bus_108,108,Alger,lagging_095,0.95,3,2020-01-01T03:00:00+00:00,10,branch_B22_sustained,branch,B22,bounded,continuous,172.770833333,56.787026755,664.374395151,100,0,true,true,false,constraint_violation,0.924417091,108,1.077461409,210,0.027461409,0.936311185,C10,92.534012876,115_STEAM_3,65.065229972,316_STEAM_1,0,115,115_STEAM_3,100,3437.369154333,3529.903167209,92.534012876
0,poi_bus_108,108,Alger,lagging_095,0.95,3,2020-01-01T03:00:00+00:00,11,branch_B6_immediate,branch,B6,fixed,short_term,172.770833333,56.787026755,664.374395151,-100,0.000000001,true,true,false,constraint_violation,0.911370021,108,1.090702534,210,0.040702534,0.788313502,C10,37.498066617,115_STEAM_3,78.12572764,314_SYNC_COND_1,0,115,115_STEAM_3,100,3437.369154333,3567.86722095,130.498066617
0,poi_bus_108,108,Alger,lagging_095,0.95,3,2020-01-01T03:00:00+00:00,12,branch_B6_sustained,branch,B6,bounded,continuous,172.770833333,56.787026755,664.374395151,100,0,true,true,false,constraint_violation,0.914344092,108,1.088976071,210,0.038976071,1.04989468,CA-1,44.932407983,216_STEAM_1,123.073059131,316_STEAM_1,0,216,216_STEAM_1,100,3437.369154333,3575.301562316,137.932407983
0,poi_bus_108,108,Alger,lagging_095,0.95,3,2020-01-01T03:00:00+00:00,13,branch_C12-1_immediate,branch,C12-1,fixed,short_term,172.770833333,56.787026755,664.374395151,-100,0,true,true,false,constraint_violation,0.918367079,108,1.086863978,210,0.036863978,0.751501163,B10,42.483877749,115_STEAM_3,51.791834359,314_SYNC_COND_1,0,115,115_STEAM_3,100,3437.369154333,3572.853032082,135.483877749
0,poi_bus_108,108,Alger,lagging_095,0.95,3,2020-01-01T03:00:00+00:00,14,branch_C12-1_sustained,branch,C12-1,bounded,continuous,172.770833333,56.787026755,664.374395151,-100,0,true,true,false,constraint_violation,0.903641113,307,1.084788854,210,0.046358887,0.876699916,C10,98.095675595,115_STEAM_3,133.105367268,316_STEAM_1,0,115,115_STEAM_3,100,3437.369154333,3535.464829928,98.095675595
0,poi_bus_108,108,Alger,lagging_095,0.95,3,2020-01-01T03:00:00+00:00,15,branch_C27_immediate,branch,C27,fixed,short_term,172.770833333,56.787026755,664.374395151,-100,0,true,true,false,constraint_violation,0.919592509,108,1.086726978,210,0.036726978,1.000399773,C29,45.41363638,115_STEAM_3,74.380039788,314_SYNC_COND_1,0,115,115_STEAM_3,100,3437.369154333,3575.782790713,138.41363638
0,poi_bus_108,108,Alger,lagging_095,0.95,3,2020-01-01T03:00:00+00:00,16,branch_C27_sustained,branch,C27,bounded,continuous,172.770833333,56.787026755,664.374395151,-100,0,true,true,false,constraint_violation,0.909086012,108,1.087638726,210,0.040913988,1.150434784,CA-1,158.180551574,121_NUCLEAR_1,205.995423951,316_STEAM_1,0,121,121_NUCLEAR_1,100,3437.369154334,3599.549705908,162.180551574
0,poi_bus_108,108,Alger,lagging_095,0.95,3,2020-01-01T03:00:00+00:00,17,branch_C6_immediate,branch,C6,fixed,short_term,172.770833333,56.787026755,664.374395151,-100,0.000000001,true,true,false,constraint_violation,0.918630944,108,1.086836348,210,0.036836348,0.826811078,C2,44.761679229,115_STEAM_3,58.337746608,314_SYNC_COND_1,0,115,115_STEAM_3,100,3437.369154333,3575.130833562,137.761679229
0,poi_bus_108,108,Alger,lagging_095,0.95,3,2020-01-01T03:00:00+00:00,18,branch_C6_sustained,branch,C6,bounded,continuous,172.770833333,56.787026755,664.374395151,-100,0,true,true,false,constraint_violation,0.923406984,108,1.087131324,210,0.037131324,1.111845882,CA-1,135.871882709,115_STEAM_3,126.523552797,316_STEAM_1,0,115,115_STEAM_3,100,3437.369154334,3573.241037043,135.871882709
0,poi_bus_108,108,Alger,lagging_095,0.95,3,2020-01-01T03:00:00+00:00,19,branch_CA-1_immediate,branch,CA-1,fixed,short_term,172.770833333,56.787026755,664.374395151,-100,0,true,true,false,constraint_violation,0.907912817,108,1.087382574,210,0.042087183,0.777617978,C10,57.825656469,115_STEAM_3,73.590110548,116_STEAM_1,0,115,115_STEAM_3,100,3437.369154333,3588.194810802,150.825656469
0,poi_bus_108,108,Alger,lagging_095,0.95,3,2020-01-01T03:00:00+00:00,20,branch_CA-1_sustained,branch,CA-1,bounded,continuous,172.770833333,56.787026755,664.374395151,-100,0.000000001,true,true,false,constraint_violation,0.908556396,108,1.087036227,210,0.041443604,1.022497164,C27,134.699512751,115_STEAM_3,181.546680368,316_STEAM_1,0,115,115_STEAM_3,100,3437.369154333,3572.068667084,134.699512751
0,poi_bus_108,108,Alger,lagging_095,0.95,3,2020-01-01T03:00:00+00:00,21,generator_121_NUCLEAR_1_sustained,generator,121_NUCLEAR_1,bounded,continuous,172.770833333,56.787026755,664.374395151,-100,0.000000002,true,true,false,constraint_violation,0.920015,108,1.085049129,210,0.035049129,1.090577964,CA-1,158.692961258,115_STEAM_3,235.871850036,316_STEAM_1,0,115,115_STEAM_3,99,3437.369154333,3596.062115591,158.692961258
0,poi_bus_108,108,Alger,lagging_095,0.95,3,2020-01-01T03:00:00+00:00,22,generator_213_CC_3_sustained,generator,213_CC_3,bounded,continuous,172.770833333,56.787026755,664.374395151,-100,0,true,true,false,constraint_violation,0.924832597,108,1.084632132,210,0.034632132,0.932651874,C10,0,101_STEAM_3,107.184881836,316_STEAM_1,0,316,316_STEAM_1,100,3437.369154333,3525.612563013,88.24340868
0,poi_bus_108,108,Alger,lagging_095,0.95,3,2020-01-01T03:00:00+00:00,23,generator_313_CC_1_sustained,generator,313_CC_1,bounded,continuous,172.770833333,56.787026755,664.374395151,-100,0.000000001,true,true,false,constraint_violation,0.913530973,108,1.087292347,210,0.037292347,1.109702218,CA-1,151.049568152,115_STEAM_3,111.989579354,316_STEAM_1,0,115,115_STEAM_3,100,3437.369154333,3588.418722485,151.049568152
0,poi_bus_108,108,Alger,lagging_095,0.95,4,2020-01-01T04:00:00+00:00,0,normal,normal,,base,continuous,174.979166667,57.512870821,692.511540751,-99.999999999,0,true,true,false,constraint_violation,0.909575554,108,1.088088516,310,0.040424446,0.903909196,C10,33.859166656,115_STEAM_3,75.963977039,314_SYNC_COND_1,0,115,115_STEAM_3,100,3577.837599667,3704.696766323,126.859166656
0,poi_bus_108,108,Alger,lagging_095,0.95,4,2020-01-01T04:00:00+00:00,1,branch_A11_immediate,branch,A11,fixed,short_term,174.979166667,57.512870821,692.511540751,-100,0.000000001,true,true,false,constraint_violation,0.865261534,108,1.088069883,310,0.084738466,0.790926242,C10,34.595820606,115_STEAM_3,75.941711747,314_SYNC_COND_1,0,115,115_STEAM_3,100,3577.837599667,3705.433420273,127.595820606
0,poi_bus_108,108,Alger,lagging_095,0.95,4,2020-01-01T04:00:00+00:00,2,branch_A11_sustained,branch,A11,bounded,continuous,174.979166667,57.512870821,692.511540751,-100,0,true,true,false,constraint_violation,0.863921392,108,1.087657936,210,0.086078608,0.946608997,CA-1,125.444983668,115_STEAM_3,92.883014364,316_STEAM_1,0,115,115_STEAM_3,100,3577.837599667,3703.282583335,125.444983668
0,poi_bus_108,108,Alger,lagging_095,0.95,4,2020-01-01T04:00:00+00:00,3,branch_A12-1_immediate,branch,A12-1,fixed,short_term,174.979166667,57.512870821,692.511540751,-100,0,true,true,false,constraint_violation,0.746232698,108,1.08776234,310,0.203767302,1.178369417,A13-2,61.873427385,115_STEAM_3,75.561003642,314_SYNC_COND_1,0,115,115_STEAM_3,100,3577.837599667,3732.711027052,154.873427385
0,poi_bus_108,108,Alger,lagging_095,0.95,4,2020-01-01T04:00:00+00:00,4,branch_A12-1_sustained,branch,A12-1,bounded,continuous,174.979166667,57.512870821,692.511540751,100,0.000000002,true,true,false,constraint_violation,0.760885317,108,1.07962967,210,0.189114683,1.332594086,A13-2,62.922353465,115_STEAM_3,44.763874991,314_SYNC_COND_1,0,115,115_STEAM_3,100,3577.837599667,3733.759953132,155.922353465
0,poi_bus_108,108,Alger,lagging_095,0.95,4,2020-01-01T04:00:00+00:00,5,branch_A34_immediate,branch,A34,fixed,short_term,174.979166667,57.512870821,692.511540751,-100,0.000000001,true,true,false,constraint_violation,0.909454956,108,1.088275144,310,0.040545044,1.022137713,A30,66.584308288,115_STEAM_3,112.750716936,116_STEAM_1,0,115,115_STEAM_3,100,3577.837599667,3737.421907955,159.584308288
0,poi_bus_108,108,Alger,lagging_095,0.95,4,2020-01-01T04:00:00+00:00,6,branch_A34_sustained,branch,A34,bounded,continuous,174.979166667,57.512870821,692.511540751,99.999999999,0.000000001,true,true,false,constraint_violation,0.911222977,108,1.083753553,210,0.038777023,1.007966755,A30,41.670550416,316_STEAM_1,55.473543312,316_STEAM_1,0,316,316_STEAM_1,100,3577.837599667,3712.508150083,134.670550416
0,poi_bus_108,108,Alger,lagging_095,0.95,4,2020-01-01T04:00:00+00:00,7,branch_B12-1_immediate,branch,B12-1,fixed,short_term,174.979166667,57.512870821,692.511540751,-100,0.000000001,true,true,false,constraint_violation,0.909618099,108,1.088061021,310,0.040381901,0.790928813,C10,37.807582748,115_STEAM_3,75.931085132,314_SYNC_COND_1,0,115,115_STEAM_3,100,3577.837599667,3708.645182416,130.807582748
0,poi_bus_108,108,Alger,lagging_095,0.95,4,2020-01-01T04:00:00+00:00,8,branch_B12-1_sustained,branch,B12-1,bounded,continuous,174.979166667,57.512870821,692.511540751,-99.999999999,0,true,true,false,constraint_violation,0.907774098,108,1.074603737,210,0.042225902,0.943468687,CA-1,57.112142111,116_STEAM_1,133.625458532,316_STEAM_1,0,116,116_STEAM_1,100,3577.837599667,3727.949741778,150.112142111
0,poi_bus_108,108,Alger,lagging_095,0.95,4,2020-01-01T04:00:00+00:00,9,branch_B22_immediate,branch,B22,fixed,short_term,174.979166667,57.512870821,692.511540751,-100,0.000000001,true,true,false,constraint_violation,0.906037195,108,1.088308156,310,0.043962805,0.790818036,C10,41.791157618,115_STEAM_3,76.216795323,314_SYNC_COND_1,0,115,115_STEAM_3,100,3577.837599667,3712.628757285,134.791157618
0,poi_bus_108,108,Alger,lagging_095,0.95,4,2020-01-01T04:00:00+00:00,10,branch_B22_sustained,branch,B22,bounded,continuous,174.979166667,57.512870821,692.511540751,-100,0,true,true,false,constraint_violation,0.913770166,108,1.077281362,210,0.036229834,0.959238731,C27,40.011211978,316_STEAM_1,100.176300507,316_STEAM_1,0,316,316_STEAM_1,100,3577.837599667,3671.811211978,93.973612311
0,poi_bus_108,108,Alger,lagging_095,0.95,4,2020-01-01T04:00:00+00:00,11,branch_B6_immediate,branch,B6,fixed,short_term,174.979166667,57.512870821,692.511540751,-100,0,true,true,false,constraint_violation,0.901700028,108,1.089288861,210,0.048299972,0.790919824,C10,34.105540792,115_STEAM_3,75.966685192,314_SYNC_COND_1,0,115,115_STEAM_3,100,3577.837599667,3704.943140459,127.105540792
0,poi_bus_108,108,Alger,lagging_095,0.95,4,2020-01-01T04:00:00+00:00,12,branch_B6_sustained,branch,B6,bounded,continuous,174.979166667,57.512870821,692.511540751,-99.999999999,0,true,true,false,constraint_violation,0.888294434,108,1.089988191,210,0.061705566,1.116337238,CA-1,170.471737691,115_STEAM_3,93.504866253,316_STEAM_1,0,115,115_STEAM_3,100,3577.837599667,3748.309337358,170.471737691
0,poi_bus_108,108,Alger,lagging_095,0.95,4,2020-01-01T04:00:00+00:00,13,branch_C12-1_immediate,branch,C12-1,fixed,short_term,174.979166667,57.512870821,692.511540751,-100,0,true,true,false,constraint_violation,0.909505902,108,1.085219894,210,0.040494098,0.75082326,B10,39.110747102,115_STEAM_3,49.196286516,314_SYNC_COND_1,0,115,115_STEAM_3,100,3577.837599667,3709.948346769,132.110747102
0,poi_bus_108,108,Alger,lagging_095,0.95,4,2020-01-01T04:00:00+00:00,14,branch_C12-1_sustained,branch,C12-1,bounded,continuous,174.979166667,57.512870821,692.511540751,-100,0.000000001,true,true,false,constraint_violation,0.898255119,307,1.083996422,210,0.051744881,1.128875891,CA-1,142.276551612,115_STEAM_3,169.774545718,316_STEAM_1,0,115,115_STEAM_3,100,3577.837599667,3720.114151279,142.276551612
0,poi_bus_108,108,Alger,lagging_095,0.95,4,2020-01-01T04:00:00+00:00,15,branch_C27_immediate,branch,C27,fixed,short_term,174.979166667,57.512870821,692.511540751,-100,0.000000001,true,true,false,constraint_violation,0.910680289,108,1.085017498,210,0.039319711,1.000316039,C29,43.213717962,115_STEAM_3,71.994261118,314_SYNC_COND_1,0,115,115_STEAM_3,100,3577.837599667,3714.051317629,136.213717962
0,poi_bus_108,108,Alger,lagging_095,0.95,4,2020-01-01T04:00:00+00:00,16,branch_C27_sustained,branch,C27,bounded,continuous,174.979166667,57.512870821,692.511540751,-100,0.000000001,true,true,false,constraint_violation,0.912933905,108,1.0837725,210,0.037066095,0.896262043,C10,91.719426036,115_STEAM_3,65.765977226,314_SYNC_COND_1,0,115,115_STEAM_3,100,3577.837599667,3669.557025703,91.719426036
0,poi_bus_108,108,Alger,lagging_095,0.95,4,2020-01-01T04:00:00+00:00,17,branch_C6_immediate,branch,C6,fixed,short_term,174.979166667,57.512870821,692.511540751,-100,0.000000001,true,true,false,constraint_violation,0.909744406,108,1.085181517,210,0.040255594,0.80769604,C2,40.666845095,115_STEAM_3,56.162018212,314_SYNC_COND_1,0,115,115_STEAM_3,100,3577.837599667,3711.504444762,133.666845095
0,poi_bus_108,108,Alger,lagging_095,0.95,4,2020-01-01T04:00:00+00:00,18,branch_C6_sustained,branch,C6,bounded,continuous,174.979166667,57.512870821,692.511540751,100,0,true,true,false,constraint_violation,0.909342732,108,1.085006978,210,0.040657268,1.019682476,C2,76.161039689,116_STEAM_1,49.879429734,116_STEAM_1,0,116,116_STEAM_1,100,3577.837599667,3746.998639356,169.161039689
0,poi_bus_108,108,Alger,lagging_095,0.95,4,2020-01-01T04:00:00+00:00,19,branch_CA-1_immediate,branch,CA-1,fixed,short_term,174.979166667,57.512870821,692.511540751,-100,0.000000001,true,true,false,constraint_violation,0.900132294,108,1.086044145,210,0.049867706,0.779580469,C10,53.272118505,115_STEAM_3,69.039733508,314_SYNC_COND_1,0,115,115_STEAM_3,100,3577.837599667,3724.109718172,146.272118505
0,poi_bus_108,108,Alger,lagging_095,0.95,4,2020-01-01T04:00:00+00:00,20,branch_CA-1_sustained,branch,CA-1,bounded,continuous,174.979166667,57.512870821,692.511540751,100,0,true,true,false,constraint_violation,0.902870718,108,1.085756217,210,0.047129282,1.071358922,A28,85.913169744,116_STEAM_1,153.792200878,316_STEAM_1,0,116,116_STEAM_1,100,3577.837599667,3756.750769411,178.913169744
0,poi_bus_108,108,Alger,lagging_095,0.95,4,2020-01-01T04:00:00+00:00,21,generator_121_NUCLEAR_1_sustained,generator,121_NUCLEAR_1,bounded,continuous,174.979166667,57.512870821,692.511540751,-100,0,true,true,false,constraint_violation,0.909272958,108,1.085639502,210,0.040727042,0.933535296,C6,134.511702177,115_STEAM_3,81.921397397,316_STEAM_1,0,115,115_STEAM_3,99,3577.837599667,3712.349301844,134.511702177
0,poi_bus_108,108,Alger,lagging_095,0.95,4,2020-01-01T04:00:00+00:00,22,generator_213_CC_3_sustained,generator,213_CC_3,bounded,continuous,174.979166667,57.512870821,692.511540751,-100,0,true,true,false,constraint_violation,0.915110733,108,1.083213317,210,0.034889267,0.949939653,C27,34.798858367,316_STEAM_1,99.29782626,316_STEAM_1,0,316,316_STEAM_1,100,3577.837599667,3666.598858367,88.7612587
0,poi_bus_108,108,Alger,lagging_095,0.95,4,2020-01-01T04:00:00+00:00,23,generator_313_CC_1_sustained,generator,313_CC_1,bounded,continuous,174.979166667,57.512870821,692.511540751,99.999999999,0.000000001,true,true,false,constraint_violation,0.909026532,108,1.083893704,210,0.040973468,1.115720449,CA-1,153.456038019,115_STEAM_3,139.594149501,316_STEAM_1,0,115,115_STEAM_3,100,3577.837599666,3731.293637685,153.456038019
0,poi_bus_108,108,Alger,lagging_095,0.95,5,2020-01-01T05:00:00+00:00,0,normal,normal,,base,continuous,180.208333333,59.231614787,747.327172653,-100,0.000000001,true,true,false,constraint_violation,0.894540713,108,1.080874354,210,0.055459287,0.96860676,C6,41.167377426,316_STEAM_1,54.299852818,314_SYNC_COND_1,0,316,316_STEAM_1,100,3852.419440333,3986.586817759,134.167377426
0,poi_bus_108,108,Alger,lagging_095,0.95,5,2020-01-01T05:00:00+00:00,1,branch_A11_immediate,branch,A11,fixed,short_term,180.208333333,59.231614787,747.327172653,-100,0.000000001,true,true,false,constraint_violation,0.842059043,108,1.082970676,210,0.107940957,0.771186909,C6,43.369934466,316_STEAM_1,54.282797809,314_SYNC_COND_1,0,316,316_STEAM_1,100,3852.419440333,3988.789374799,136.369934466
0,poi_bus_108,108,Alger,lagging_095,0.95,5,2020-01-01T05:00:00+00:00,2,branch_A11_sustained,branch,A11,bounded,continuous,180.208333333,59.231614787,747.327172653,-100,0.000000001,true,true,false,constraint_violation,0.838588679,108,1.083227944,210,0.111411321,1.131114681,CA-1,164.110532835,115_STEAM_3,156.742929968,316_STEAM_1,0,115,115_STEAM_3,100,3852.419440333,4016.529973168,164.110532835
0,poi_bus_108,108,Alger,lagging_095,0.95,5,2020-01-01T05:00:00+00:00,3,branch_A12-1_immediate,branch,A12-1,fixed,short_term,180.208333333,59.231614787,747.327172653,-100,0,true,true,false,constraint_violation,0.661870124,108,1.074988047,310,0.288129876,1.303502436,A13-2,85.413475479,316_STEAM_1,54.19897233,314_SYNC_COND_1,0,316,316_STEAM_1,100,3852.419440333,4030.832915812,178.413475479
0,poi_bus_108,108,Alger,lagging_095,0.95,5,2020-01-01T05:00:00+00:00,4,branch_A12-1_sustained,branch,A12-1,bounded,continuous,180.208333333,59.231614787,747.327172653,-99.999999999,0,true,true,false,constraint_violation,0.687987918,108,1.074336318,210,0.262012082,1.49272441,A13-2,47.434338795,115_STEAM_3,33.740062145,314_SYNC_COND_1,0,115,115_STEAM_3,100,3852.419440334,3992.853779129,140.434338795
0,poi_bus_108,108,Alger,lagging_095,0.95,5,2020-01-01T05:00:00+00:00,5,branch_A34_immediate,branch,A34,fixed,short_term,180.208333333,59.231614787,747.327172653,-100,0,true,true,false,constraint_violation,0.894890598,108,1.080846329,210,0.055109402,1.022236733,A30,74.101448443,316_STEAM_1,101.800416857,116_STEAM_1,0,316,316_STEAM_1,100,3852.419440333,4019.520888776,167.101448443
0,poi_bus_108,108,Alger,lagging_095,0.95,5,2020-01-01T05:00:00+00:00,6,branch_A34_sustained,branch,A34,bounded,continuous,180.208333333,59.231614787,747.327172653,100,0.000000001,true,true,false,constraint_violation,0.890314167,108,1.080567505,210,0.059685833,1.008004374,A30,142.872462877,115_STEAM_3,42.719617979,314_SYNC_COND_1,0,115,115_STEAM_3,100,3852.419440333,3995.29190321,142.872462877
0,poi_bus_108,108,Alger,lagging_095,0.95,5,2020-01-01T05:00:00+00:00,7,branch_B12-1_immediate,branch,B12-1,fixed,short_term,180.208333333,59.231614787,747.327172653,-100,0,true,true,false,constraint_violation,0.894640976,108,1.074922997,310,0.055359024,0.770609845,C6,45.78598428,316_STEAM_1,54.290105291,314_SYNC_COND_1,0,316,316_STEAM_1,100,3852.419440333,3991.205424613,138.78598428
0,poi_bus_108,108,Alger,lagging_095,0.95,5,2020-01-01T05:00:00+00:00,8,branch_B12-1_sustained,branch,B12-1,bounded,continuous,180.208333333,59.231614787,747.327172653,-61.68767692,0.000000001,true,true,false,constraint_violation,0.889034668,108,1.069713987,210,0.060965332,0.913885528,CA-1,63.86746239,316_STEAM_1,139.506744547,316_STEAM_1,0,316,316_STEAM_1,100,3852.419440333,4009.286902723,156.86746239
0,poi_bus_108,108,Alger,lagging_095,0.95,5,2020-01-01T05:00:00+00:00,9,branch_B22_immediate,branch,B22,fixed,short_term,180.208333333,59.231614787,747.327172653,-99.999999999,0,true,true,false,constraint_violation,0.890858397,108,1.074971534,310,0.059141603,0.776602319,C6,51.541801767,316_STEAM_1,54.093690907,314_SYNC_COND_1,0,316,316_STEAM_1,100,3852.419440333,3996.9612421,144.541801767
0,poi_bus_108,108,Alger,lagging_095,0.95,5,2020-01-01T05:00:00+00:00,10,branch_B22_sustained,branch,B22,bounded,continuous,180.208333333,59.231614787,747.327172653,-100,0.000000002,true,true,false,constraint_violation,0.887891709,108,1.075264597,210,0.062108291,0.914872892,CA-1,60.741007313,316_STEAM_1,143.893795834,316_STEAM_1,0,316,316_STEAM_1,100,3852.419440333,4006.160447646,153.741007313
0,poi_bus_108,108,Alger,lagging_095,0.95,5,2020-01-01T05:00:00+00:00,11,branch_B6_immediate,branch,B6,fixed,short_term,180.208333333,59.231614787,747.327172653,-100.000000001,0.000000001,true,true,false,constraint_violation,0.885554682,108,1.085335467,210,0.064445318,0.7709385,C6,41.722073398,316_STEAM_1,54.290539601,314_SYNC_COND_1,0,316,316_STEAM_1,100,3852.419440333,3987.141513731,134.722073398
0,poi_bus_108,108,Alger,lagging_095,0.95,5,2020-01-01T05:00:00+00:00,12,branch_B6_sustained,branch,B6,bounded,continuous,180.208333333,59.231614787,747.327172653,-100,0.000000001,true,true,false,constraint_violation,0.882151629,108,1.086515704,210,0.067848371,0.902242683,C10,129.43910104,115_STEAM_3,144.430957858,316_STEAM_1,0,115,115_STEAM_3,100,3852.419440333,3981.858541373,129.43910104
0,poi_bus_108,108,Alger,lagging_095,0.95,5,2020-01-01T05:00:00+00:00,13,branch_C12-1_immediate,branch,C12-1,fixed,short_term,180.208333333,59.231614787,747.327172653,-100,0,true,true,false,constraint_violation,0.894561266,108,1.080868232,210,0.055438734,0.762738403,B10,47.702567232,316_STEAM_1,22.704639839,314_SYNC_COND_1,0,316,316_STEAM_1,100,3852.419440333,3993.122007565,140.702567232
0,poi_bus_108,108,Alger,lagging_095,0.95,5,2020-01-01T05:00:00+00:00,14,branch_C12-1_sustained,branch,C12-1,bounded,continuous,180.208333333,59.231614787,747.327172653,-11.18047467,0.000000001,true,true,false,constraint_violation,0.846817731,307,1.081084164,210,0.103182269,1.142306332,CA-1,176.53430648,115_STEAM_3,170.530694435,316_STEAM_1,0,115,115_STEAM_3,100,3852.419440333,4028.953746813,176.53430648
0,poi_bus_108,108,Alger,lagging_095,0.95,5,2020-01-01T05:00:00+00:00,15,branch_C27_immediate,branch,C27,fixed,short_term,180.208333333,59.231614787,747.327172653,-100,0.000000002,true,true,false,constraint_violation,0.895501461,108,1.080561874,210,0.054498539,1.00564585,C29,50.103724954,316_STEAM_1,51.537989866,314_SYNC_COND_1,0,316,316_STEAM_1,100,3852.419440333,3995.523165287,143.103724954
0,poi_bus_108,108,Alger,lagging_095,0.95,5,2020-01-01T05:00:00+00:00,16,branch_C27_sustained,branch,C27,bounded,continuous,180.208333333,59.231614787,747.327172653,-100,0.000000001,true,true,false,constraint_violation,0.890652165,108,1.081139499,210,0.059347835,1.148573561,CA-1,159.42154241,121_NUCLEAR_1,160.021773552,316_STEAM_1,0,121,121_NUCLEAR_1,100,3852.419440334,4015.840982744,163.42154241
0,poi_bus_108,108,Alger,lagging_095,0.95,5,2020-01-01T05:00:00+00:00,17,branch_C6_immediate,branch,C6,fixed,short_term,180.208333333,59.231614787,747.327172653,-100,0.000000001,true,true,false,constraint_violation,0.894813558,108,1.080791232,210,0.055186442,0.89984825,C2,50.910000003,316_STEAM_1,47.786714218,316_STEAM_1,0,316,316_STEAM_1,100,3852.419440333,3996.329440336,143.910000003
0,poi_bus_108,108,Alger,lagging_095,0.95,5,2020-01-01T05:00:00+00:00,18,branch_C6_sustained,branch,C6,bounded,continuous,180.208333333,59.231614787,747.327172653,100,0.000000001,true,true,false,constraint_violation,0.892972022,108,1.080342059,210,0.057027978,1.027451835,C2,69.13481418,216_STEAM_1,47.206604204,116_STEAM_1,0,216,216_STEAM_1,100,3852.419440333,4010.203074286,157.783633953
0,poi_bus_108,108,Alger,lagging_095,0.95,5,2020-01-01T05:00:00+00:00,19,branch_CA-1_immediate,branch,CA-1,fixed,short_term,180.208333333,59.231614787,747.327172653,-100,0.000000001,true,true,false,constraint_violation,0.889923508,108,1.081861052,210,0.060076492,0.813853845,C6,49.883313083,316_STEAM_1,43.905230884,314_SYNC_COND_1,0,316,316_STEAM_1,100,3852.419440333,3995.302753416,142.883313083
0,poi_bus_108,108,Alger,lagging_095,0.95,5,2020-01-01T05:00:00+00:00,20,branch_CA-1_sustained,branch,CA-1,bounded,continuous,180.208333333,59.231614787,747.327172653,-100,0.000000001,true,true,false,constraint_violation,0.871238187,108,1.080792356,210,0.078761813,1.125812115,A28,124.758446067,115_STEAM_3,143.268977257,316_STEAM_1,0,115,115_STEAM_3,100,3852.419440333,4070.1778864,217.758446067
0,poi_bus_108,108,Alger,lagging_095,0.95,5,2020-01-01T05:00:00+00:00,21,generator_121_NUCLEAR_1_sustained,generator,121_NUCLEAR_1,bounded,continuous,180.208333333,59.231614787,747.327172653,-100,0.000000001,true,true,false,constraint_violation,0.894710286,108,1.080770191,210,0.055289714,0.903824435,C6,124.00629213,115_STEAM_3,44.821716324,316_STEAM_1,0,115,115_STEAM_3,99,3852.419440333,3976.425732463,124.00629213
0,poi_bus_108,108,Alger,lagging_095,0.95,5,2020-01-01T05:00:00+00:00,22,generator_213_CC_3_sustained,generator,213_CC_3,bounded,continuous,180.208333333,59.231614787,747.327172653,-100,0,true,true,false,constraint_violation,0.890864887,108,1.081120487,210,0.059135113,1.039753591,CA-1,151.247750097,115_STEAM_3,133.269729651,316_STEAM_1,0,115,115_STEAM_3,100,3852.419440333,4003.66719043,151.247750097
0,poi_bus_108,108,Alger,lagging_095,0.95,5,2020-01-01T05:00:00+00:00,23,generator_313_CC_1_sustained,generator,313_CC_1,bounded,continuous,180.208333333,59.231614787,747.327172653,-100,0.000000002,true,true,false,constraint_violation,0.884385089,108,1.081194508,210,0.065614911,1.023719249,CA-1,167.408760742,115_STEAM_3,163.825406282,316_STEAM_1,0,115,115_STEAM_3,100,3852.419440333,4019.828201075,167.408760742
0,poi_bus_108,108,Alger,lagging_095,0.95,6,2020-01-01T06:00:00+00:00,0,normal,normal,,base,continuous,184.125,60.518960866,803.555549832,-23.633233331,0,true,true,false,constraint_violation,0.879294278,108,1.085816262,310,0.070705722,0.903994309,C10,111.169342486,115_STEAM_3,10.187862113,116_STEAM_1,0,115,115_STEAM_3,102,4132.630719,4274.800061486,142.169342486
0,poi_bus_108,108,Alger,lagging_095,0.95,6,2020-01-01T06:00:00+00:00,1,branch_A11_immediate,branch,A11,fixed,short_term,184.125,60.518960866,803.555549832,-23.633233331,0.000000001,true,true,false,constraint_violation,0.821872356,108,1.085835102,310,0.128127644,0.791003612,C10,113.691729671,115_STEAM_3,10.597017327,116_STEAM_1,0,115,115_STEAM_3,102,4132.630719,4277.322448671,144.691729671
0,poi_bus_108,108,Alger,lagging_095,0.95,6,2020-01-01T06:00:00+00:00,2,branch_A11_sustained,branch,A11,bounded,continuous,184.125,60.518960866,803.555549832,100,0.000000001,true,true,false,constraint_violation,0.818092533,108,1.078962416,310,0.131907467,0.958361817,A13-2,149.482065532,115_STEAM_3,3.260084513,215_HYDRO_1,0,115,115_STEAM_3,102,4132.630719,4282.112784532,149.482065532
0,poi_bus_108,108,Alger,lagging_095,0.95,6,2020-01-01T06:00:00+00:00,3,branch_A12-1_immediate,branch,A12-1,fixed,short_term,184.125,60.518960866,803.555549832,-23.633233331,0,true,false,false,not_converged,,,,,,,,,,,,,115,115_STEAM_3,102,,,
0,poi_bus_108,108,Alger,lagging_095,0.95,6,2020-01-01T06:00:00+00:00,4,branch_A12-1_sustained,branch,A12-1,bounded,continuous,184.125,60.518960866,803.555549832,100,0.000000001,true,false,false,not_converged,,,,,,,,,,,,,115,115_STEAM_3,102,,,
0,poi_bus_108,108,Alger,lagging_095,0.95,6,2020-01-01T06:00:00+00:00,5,branch_A34_immediate,branch,A34,fixed,short_term,184.125,60.518960866,803.555549832,-23.633233331,0,true,true,false,constraint_violation,0.879175553,108,1.086250509,310,0.070824447,1.022126081,A30,144.853299148,115_STEAM_3,102.111005989,116_STEAM_1,0,115,115_STEAM_3,102,4132.630719,4308.484018148,175.853299148
0,poi_bus_108,108,Alger,lagging_095,0.95,6,2020-01-01T06:00:00+00:00,6,branch_A34_sustained,branch,A34,bounded,continuous,184.125,60.518960866,803.555549832,100,0,true,true,false,constraint_violation,0.885402131,108,1.082139207,310,0.064597869,1.015134725,C6,55.343826165,216_STEAM_1,42.034187865,116_STEAM_1,0,216,216_STEAM_1,102,4132.630719,4280.974545165,148.343826165
0,poi_bus_108,108,Alger,lagging_095,0.95,6,2020-01-01T06:00:00+00:00,7,branch_B12-1_immediate,branch,B12-1,fixed,short_term,184.125,60.518960866,803.555549832,-23.633233331,0.000000001,true,true,false,constraint_violation,0.879467094,108,1.085737251,310,0.070532906,0.790958403,C10,116.669697901,115_STEAM_3,10.751165294,116_STEAM_1,0,115,115_STEAM_3,102,4132.630719,4280.300416901,147.669697901
0,poi_bus_108,108,Alger,lagging_095,0.95,6,2020-01-01T06:00:00+00:00,8,branch_B12-1_sustained,branch,B12-1,bounded,continuous,184.125,60.518960866,803.555549832,99.999999999,0,true,true,false,constraint_violation,0.883231169,108,1.067990044,310,0.066768831,0.935953067,C10,150.817272863,115_STEAM_3,9.478383964,316_STEAM_1,0,115,115_STEAM_3,102,4132.630719,4283.447991863,150.817272863
0,poi_bus_108,108,Alger,lagging_095,0.95,6,2020-01-01T06:00:00+00:00,9,branch_B22_immediate,branch,B22,fixed,short_term,184.125,60.518960866,803.555549832,-23.633233331,0,true,true,false,constraint_violation,0.875470919,108,1.086330659,310,0.074529081,0.791208426,C10,119.507863366,115_STEAM_3,13.743477742,116_STEAM_1,0,115,115_STEAM_3,102,4132.630719,4283.138582366,150.507863366
0,poi_bus_108,108,Alger,lagging_095,0.95,6,2020-01-01T06:00:00+00:00,10,branch_B22_sustained,branch,B22,bounded,continuous,184.125,60.518960866,803.555549832,-100,0.000000001,true,true,false,constraint_violation,0.878437104,108,1.069451501,210,0.071562896,1.095335516,CA-1,175.984740563,115_STEAM_3,137.598530173,316_STEAM_1,0,115,115_STEAM_3,102,4132.630719,4308.615459563,175.984740563
0,poi_bus_108,108,Alger,lagging_095,0.95,6,2020-01-01T06:00:00+00:00,11,branch_B6_immediate,branch,B6,fixed,short_term,184.125,60.518960866,803.555549832,-23.633233331,0.000000001,true,true,false,constraint_violation,0.869817012,108,1.085838938,310,0.080182988,0.791005354,C10,111.689570798,115_STEAM_3,12.059929887,215_HYDRO_1,0,115,115_STEAM_3,102,4132.630719,4275.320289798,142.689570798
0,poi_bus_108,108,Alger,lagging_095,0.95,6,2020-01-01T06:00:00+00:00,12,branch_B6_sustained,branch,B6,bounded,continuous,184.125,60.518960866,803.555549832,-100,0.000000001,true,true,false,constraint_violation,0.871576466,108,1.080848239,210,0.078423534,1.054566244,CA-1,162.327609748,115_STEAM_3,36.627226899,121_NUCLEAR_1,0,115,115_STEAM_3,102,4132.630719,4294.958328748,162.327609748
0,poi_bus_108,108,Alger,lagging_095,0.95,6,2020-01-01T06:00:00+00:00,13,branch_C12-1_immediate,branch,C12-1,fixed,short_term,184.125,60.518960866,803.555549832,-23.633233331,0,true,true,false,constraint_violation,0.869941835,307,1.077231873,210,0.080058165,0.771675831,C13-2,120.717042171,115_STEAM_3,10.622107324,116_STEAM_1,0,115,115_STEAM_3,102,4132.630719,4284.347761171,151.717042171
0,poi_bus_108,108,Alger,lagging_095,0.95,6,2020-01-01T06:00:00+00:00,14,branch_C12-1_sustained,branch,C12-1,bounded,continuous,184.125,60.518960866,803.555549832,-100,0.000000001,true,true,false,constraint_violation,0.858242476,307,1.07646442,210,0.091757524,0.975152445,C13-2,162.556935994,115_STEAM_3,9.952860555,215_HYDRO_1,0,115,115_STEAM_3,102,4132.630719,4295.187654994,162.556935994
0,poi_bus_108,108,Alger,lagging_095,0.95,6,2020-01-01T06:00:00+00:00,15,branch_C27_immediate,branch,C27,fixed,short_term,184.125,60.518960866,803.555549832,-23.63323333,0.000000001,true,true,false,constraint_violation,0.880439494,108,1.080827947,310,0.069560506,0.937999565,C29,121.666033792,115_STEAM_3,5.492663377,215_HYDRO_1,0,115,115_STEAM_3,102,4132.630719,4285.296752792,152.666033792
0,poi_bus_108,108,Alger,lagging_095,0.95,6,2020-01-01T06:00:00+00:00,16,branch_C27_sustained,branch,C27,bounded,continuous,184.125,60.518960866,803.555549832,-100.000000001,0,true,true,false,constraint_violation,0.886344339,108,1.08091332,310,0.063655661,0.999074833,C29,119.070991166,115_STEAM_3,1.99389808,215_HYDRO_1,0,115,115_STEAM_3,102,4132.630719,4251.701710166,119.070991166
0,poi_bus_108,108,Alger,lagging_095,0.95,6,2020-01-01T06:00:00+00:00,17,branch_C6_immediate,branch,C6,fixed,short_term,184.125,60.518960866,803.555549832,-23.633233331,0.000000001,true,true,false,constraint_violation,0.879445719,108,1.077183595,210,0.070554281,0.850540691,C2,119.682990325,115_STEAM_3,9.172321385,116_STEAM_1,0,115,115_STEAM_3,102,4132.630719,4283.313709325,150.682990325
0,poi_bus_108,108,Alger,lagging_095,0.95,6,2020-01-01T06:00:00+00:00,18,branch_C6_sustained,branch,C6,bounded,continuous,184.125,60.518960866,803.555549832,-100,0.000000001,true,true,false,constraint_violation,0.881291928,108,1.076288315,210,0.068708072,1.122978388,CA-1,172.189850679,115_STEAM_3,142.05004209,316_STEAM_1,0,115,115_STEAM_3,102,4132.630719,4304.820569679,172.189850679
0,poi_bus_108,108,Alger,lagging_095,0.95,6,2020-01-01T06:00:00+00:00,19,branch_CA-1_immediate,branch,CA-1,fixed,short_term,184.125,60.518960866,803.555549832,-23.633233331,0.000000001,true,true,false,constraint_violation,0.860783001,108,1.083671041,310,0.089216999,0.804931896,C6,160.696114649,115_STEAM_3,88.667550725,116_STEAM_1,0,115,115_STEAM_3,102,4132.630719,4324.326833649,191.696114649
0,poi_bus_108,108,Alger,lagging_095,0.95,6,2020-01-01T06:00:00+00:00,20,branch_CA-1_sustained,branch,CA-1,bounded,continuous,184.125,60.518960866,803.555549832,72.467635999,0.000000002,true,true,false,constraint_violation,0.847963741,108,1.081429374,310,0.102036259,1.195400351,CB-1,260.92808562,115_STEAM_3,122.345972782,116_STEAM_1,0,115,115_STEAM_3,102,4132.630719,4393.55880462,260.92808562
0,poi_bus_108,108,Alger,lagging_095,0.95,6,2020-01-01T06:00:00+00:00,21,generator_121_NUCLEAR_1_sustained,generator,121_NUCLEAR_1,bounded,continuous,184.125,60.518960866,803.555549832,-100.000000001,0,true,true,false,constraint_violation,0.885307214,108,1.075756825,210,0.064692786,0.912836367,C6,125.804003628,115_STEAM_3,65.313084894,316_STEAM_1,0,115,115_STEAM_3,101,4132.630719,4258.434722628,125.804003628
0,poi_bus_108,108,Alger,lagging_095,0.95,6,2020-01-01T06:00:00+00:00,22,generator_213_CC_3_sustained,generator,213_CC_3,bounded,continuous,184.125,60.518960866,803.555549832,-100.000000001,0,true,true,false,constraint_violation,0.886464725,108,1.08830556,310,0.063535275,0.92541022,C6,102.81049959,115_STEAM_3,1.91662512,215_HYDRO_1,0,115,115_STEAM_3,102,4132.630719,4235.44121859,102.81049959
0,poi_bus_108,108,Alger,lagging_095,0.95,6,2020-01-01T06:00:00+00:00,23,generator_313_CC_1_sustained,generator,313_CC_1,bounded,continuous,184.125,60.518960866,803.555549832,-100,0.000000001,true,true,false,constraint_violation,0.880684663,108,1.076328369,210,0.069315337,1.0542498,CA-1,161.910924355,115_STEAM_3,36.520871741,121_NUCLEAR_1,0,115,115_STEAM_3,102,4132.630719,4294.541643355,161.910924355
0,poi_bus_108,108,Alger,lagging_095,0.95,7,2020-01-01T07:00:00+00:00,0,normal,normal,,base,continuous,188.895833333,62.087057951,811.340510695,100,0.000000001,true,true,false,constraint_violation,0.877699637,108,1.077585354,210,0.072300363,0.930685543,C10,36.189526488,115_STEAM_3,53.436966996,314_SYNC_COND_1,0,115,115_STEAM_3,100,4175.655239333,4304.844765821,129.189526488
0,poi_bus_108,108,Alger,lagging_095,0.95,7,2020-01-01T07:00:00+00:00,1,branch_A11_immediate,branch,A11,fixed,short_term,188.895833333,62.087057951,811.340510695,100.000000001,0,true,true,false,constraint_violation,0.816261854,108,1.079987109,210,0.133738146,0.814328316,C10,39.100704184,115_STEAM_3,53.439597693,314_SYNC_COND_1,0,115,115_STEAM_3,100,4175.655239333,4307.755943517,132.100704184
0,poi_bus_108,108,Alger,lagging_095,0.95,7,2020-01-01T07:00:00+00:00,2,branch_A11_sustained,branch,A11,bounded,continuous,188.895833333,62.087057951,811.340510695,-99.999999999,0,true,true,false,constraint_violation,0.821362644,108,1.080410821,210,0.128637356,0.96987816,A13-2,43.32298904,216_STEAM_1,139.660581024,316_STEAM_1,0,216,216_STEAM_1,100,4175.655239333,4311.978228373,136.32298904
0,poi_bus_108,108,Alger,lagging_095,0.95,7,2020-01-01T07:00:00+00:00,3,branch_A12-1_immediate,branch,A12-1,fixed,short_term,188.895833333,62.087057951,811.340510695,100,0.000000001,true,false,false,not_converged,,,,,,,,,,,,,115,115_STEAM_3,100,,,
0,poi_bus_108,108,Alger,lagging_095,0.95,7,2020-01-01T07:00:00+00:00,4,branch_A12-1_sustained,branch,A12-1,bounded,continuous,188.895833333,62.087057951,811.340510695,39.37273647,0.000000001,true,false,false,not_converged,,,,,,,,,,,,,115,115_STEAM_3,100,,,
0,poi_bus_108,108,Alger,lagging_095,0.95,7,2020-01-01T07:00:00+00:00,5,branch_A34_immediate,branch,A34,fixed,short_term,188.895833333,62.087057951,811.340510695,100,0.000000001,true,true,false,constraint_violation,0.87764894,108,1.077661413,210,0.07235106,0.875115077,A30,58.831510906,115_STEAM_3,86.711201543,116_STEAM_1,0,115,115_STEAM_3,100,4175.655239333,4327.486750239,151.831510906
0,poi_bus_108,108,Alger,lagging_095,0.95,7,2020-01-01T07:00:00+00:00,6,branch_A34_sustained,branch,A34,bounded,continuous,188.895833333,62.087057951,811.340510695,-100,0.000000002,true,true,false,constraint_violation,0.877161496,108,1.078036126,210,0.072838504,1.007939911,A30,72.489339672,316_STEAM_1,202.040763043,316_STEAM_1,0,316,316_STEAM_1,100,4175.655239333,4341.144579005,165.489339672
0,poi_bus_108,108,Alger,lagging_095,0.95,7,2020-01-01T07:00:00+00:00,7,branch_B12-1_immediate,branch,B12-1,fixed,short_term,188.895833333,62.087057951,811.340510695,100.000000001,0.000000001,true,true,false,constraint_violation,0.877760879,108,1.069696044,310,0.072239121,0.814392712,C10,41.677990153,115_STEAM_3,53.430637902,314_SYNC_COND_1,0,115,115_STEAM_3,100,4175.655239333,4310.333229486,134.677990153
0,poi_bus_108,108,Alger,lagging_095,0.95,7,2020-01-01T07:00:00+00:00,8,branch_B12-1_sustained,branch,B12-1,bounded,continuous,188.895833333,62.087057951,811.340510695,-100,0.000000001,true,true,false,constraint_violation,0.861047189,108,1.065664412,210,0.088952811,1.008452914,A13-2,158.585101314,115_STEAM_3,86.84602404,316_STEAM_1,0,115,115_STEAM_3,100,4175.655239333,4334.240340647,158.585101314
0,poi_bus_108,108,Alger,lagging_095,0.95,7,2020-01-01T07:00:00+00:00,9,branch_B22_immediate,branch,B22,fixed,short_term,188.895833333,62.087057951,811.340510695,100.000000001,0.000000001,true,true,false,constraint_violation,0.873174012,108,1.069850191,310,0.076825988,0.813983715,C10,46.736073567,115_STEAM_3,53.441395275,314_SYNC_COND_1,0,115,115_STEAM_3,100,4175.655239333,4315.3913129,139.736073567
0,poi_bus_108,108,Alger,lagging_095,0.95,7,2020-01-01T07:00:00+00:00,10,branch_B22_sustained,branch,B22,bounded,continuous,188.895833333,62.087057951,811.340510695,-99.999999999,0,true,true,false,constraint_violation,0.863475581,108,1.072508556,210,0.086524419,1.148877051,CA-1,176.31951621,115_STEAM_3,246.429928177,316_STEAM_1,0,115,115_STEAM_3,100,4175.655239334,4356.512792027,180.857552693
0,poi_bus_108,108,Alger,lagging_095,0.95,7,2020-01-01T07:00:00+00:00,11,branch_B6_immediate,branch,B6,fixed,short_term,188.895833333,62.087057951,811.340510695,100,0.000000002,true,true,false,constraint_violation,0.868209386,108,1.082209904,210,0.081790614,0.81433347,C10,36.7369307,115_STEAM_3,53.43900029,314_SYNC_COND_1,0,115,115_STEAM_3,100,4175.655239333,4305.392170033,129.7369307
0,poi_bus_108,108,Alger,lagging_095,0.95,7,2020-01-01T07:00:00+00:00,12,branch_B6_sustained,branch,B6,bounded,continuous,188.895833333,62.087057951,811.340510695,-100,0.000000001,true,true,false,constraint_violation,0.868849907,108,1.082516411,210,0.081150093,1.061842807,CA-1,60.42465221,216_STEAM_1,222.198327838,316_STEAM_1,0,216,216_STEAM_1,100,4175.655239333,4329.079891543,153.42465221
0,poi_bus_108,108,Alger,lagging_095,0.95,7,2020-01-01T07:00:00+00:00,13,branch_C12-1_immediate,branch,C12-1,fixed,short_term,188.895833333,62.087057951,811.340510695,100,0,true,true,false,constraint_violation,0.845552352,307,1.07761045,210,0.104447648,0.763980325,C13-2,44.890724243,115_STEAM_3,24.917697031,316_STEAM_1,0,115,115_STEAM_3,100,4175.655239333,4313.545963576,137.890724243
0,poi_bus_108,108,Alger,lagging_095,0.95,7,2020-01-01T07:00:00+00:00,14,branch_C12-1_sustained,branch,C12-1,bounded,continuous,188.895833333,62.087057951,811.340510695,-100,0.000000001,true,true,false,constraint_violation,0.775431364,307,1.079920562,210,0.174568636,0.997778365,A13-2,169.766556513,115_STEAM_3,163.259893736,316_STEAM_1,0,115,115_STEAM_3,100,4175.655239333,4345.421795846,169.766556513
0,poi_bus_108,108,Alger,lagging_095,0.95,7,2020-01-01T07:00:00+00:00,15,branch_C27_immediate,branch,C27,fixed,short_term,188.895833333,62.087057951,811.340510695,100,0.000000002,true,true,false,constraint_violation,0.878484479,108,1.077391577,210,0.071515521,0.909257346,C29,40.655299358,115_STEAM_3,52.821011726,314_SYNC_COND_1,0,115,115_STEAM_3,100,4175.655239333,4309.310538691,133.655299358
0,poi_bus_108,108,Alger,lagging_095,0.95,7,2020-01-01T07:00:00+00:00,16,branch_C27_sustained,branch,C27,bounded,continuous,188.895833333,62.087057951,811.340510695,-12.097191369,0,true,true,false,constraint_violation,0.874815067,108,1.077927286,210,0.075184933,1.146072405,CA-1,166.19863987,115_STEAM_3,239.720660349,316_STEAM_1,0,115,115_STEAM_3,100,4175.655239333,4341.853879203,166.19863987
0,poi_bus_108,108,Alger,lagging_095,0.95,7,2020-01-01T07:00:00+00:00,17,branch_C6_immediate,branch,C6,fixed,short_term,188.895833333,62.087057951,811.340510695,100,0.000000001,true,true,false,constraint_violation,0.877820303,108,1.077556497,210,0.072179697,0.78166742,C10,38.534300837,115_STEAM_3,38.80168337,314_SYNC_COND_1,0,115,115_STEAM_3,100,4175.655239333,4307.18954017,131.534300837
0,poi_bus_108,108,Alger,lagging_095,0.95,7,2020-01-01T07:00:00+00:00,18,branch_C6_sustained,branch,C6,bounded,continuous,188.895833333,62.087057951,811.340510695,-100,0.000000001,true,true,false,constraint_violation,0.876536969,108,1.078038074,210,0.073463031,1.139477388,CA-1,71.336826339,116_STEAM_1,254.376770539,316_STEAM_1,0,116,116_STEAM_1,100,4175.655239334,4339.992065673,164.336826339
0,poi_bus_108,108,Alger,lagging_095,0.95,7,2020-01-01T07:00:00+00:00,19,branch_CA-1_immediate,branch,CA-1,fixed,short_term,188.895833333,62.087057951,811.340510695,100,0.000000001,true,true,false,constraint_violation,0.873381231,108,1.078361739,210,0.076618769,0.805418803,C10,41.654188421,115_STEAM_3,45.97994534,314_SYNC_COND_1,0,115,115_STEAM_3,100,4175.655239333,4310.309427754,134.654188421
0,poi_bus_108,108,Alger,lagging_095,0.95,7,2020-01-01T07:00:00+00:00,20,branch_CA-1_sustained,branch,CA-1,bounded,continuous,188.895833333,62.087057951,811.340510695,-69.88627,0,true,true,false,constraint_violation,0.862499671,108,1.077630317,210,0.087500329,1.147934184,CB-1,162.552288951,115_STEAM_3,165.056489395,316_STEAM_1,0,115,115_STEAM_3,100,4175.655239333,4338.207528284,162.552288951
0,poi_bus_108,108,Alger,lagging_095,0.95,7,2020-01-01T07:00:00+00:00,21,generator_121_NUCLEAR_1_sustained,generator,121_NUCLEAR_1,bounded,continuous,188.895833333,62.087057951,811.340510695,-99.999999999,0,true,true,false,constraint_violation,0.891451684,108,1.077239696,210,0.058548316,0.891221784,C10,100.707870307,115_STEAM_3,52.394090931,316_STEAM_1,0,115,115_STEAM_3,99,4175.655239333,4276.36310964,100.707870307
0,poi_bus_108,108,Alger,lagging_095,0.95,7,2020-01-01T07:00:00+00:00,22,generator_213_CC_3_sustained,generator,213_CC_3,bounded,continuous,188.895833333,62.087057951,811.340510695,-100,0.000000001,true,true,false,constraint_violation,0.879292022,108,1.077907915,210,0.070707978,0.892062541,A13-2,32.867785194,216_STEAM_1,132.27576961,316_STEAM_1,0,216,216_STEAM_1,100,4175.655239333,4301.523024527,125.867785194
0,poi_bus_108,108,Alger,lagging_095,0.95,7,2020-01-01T07:00:00+00:00,23,generator_313_CC_1_sustained,generator,313_CC_1,bounded,continuous,188.895833333,62.087057951,811.340510695,-100.000000001,0.000000001,true,true,false,constraint_violation,0.876137395,108,1.078031575,210,0.073862605,1.14696017,CA-1,160.893369769,115_STEAM_3,265.084639994,316_STEAM_1,0,115,115_STEAM_3,100,4175.655239334,4336.548609103,160.893369769
0,poi_bus_108,108,Alger,lagging_095,0.95,8,2020-01-01T08:00:00+00:00,0,normal,normal,,base,continuous,189.3125,62.224009662,814.578910372,100,0.000000001,true,true,false,constraint_violation,0.885001398,108,1.079435688,210,0.064998602,0.973681267,C10,32.560354999,115_STEAM_3,65.968043205,314_SYNC_COND_1,0,115,115_STEAM_3,100,4191.984732,4317.545086999,125.560354999
0,poi_bus_108,108,Alger,lagging_095,0.95,8,2020-01-01T08:00:00+00:00,1,branch_A11_immediate,branch,A11,fixed,short_term,189.3125,62.224009662,814.578910372,99.999999999,0,true,true,false,constraint_violation,0.827534921,108,1.081724599,210,0.122465079,0.851967706,C10,34.77447994,115_STEAM_3,65.968432737,314_SYNC_COND_1,0,115,115_STEAM_3,100,4191.984732,4319.75921194,127.77447994
0,poi_bus_108,108,Alger,lagging_095,0.95,8,2020-01-01T08:00:00+00:00,2,branch_A11_sustained,branch,A11,bounded,continuous,189.3125,62.224009662,814.578910372,-99.999999999,0.000000001,true,true,false,constraint_violation,0.83401457,108,1.083133261,210,0.11598543,0.970116904,C10,61.955593393,316_STEAM_1,55.769454055,316_STEAM_1,0,316,316_STEAM_1,100,4191.984732,4304.355593393,112.370861393
0,poi_bus_108,108,Alger,lagging_095,0.95,8,2020-01-01T08:00:00+00:00,3,branch_A12-1_immediate,branch,A12-1,fixed,short_term,189.3125,62.224009662,814.578910372,100.000000001,0.000000001,true,false,false,not_converged,,,,,,,,,,,,,115,115_STEAM_3,100,,,
0,poi_bus_108,108,Alger,lagging_095,0.95,8,2020-01-01T08:00:00+00:00,4,branch_A12-1_sustained,branch,A12-1,bounded,continuous,189.3125,62.224009662,814.578910372,99.999999999,0,true,true,false,constraint_violation,0.6327406,108,1.070794909,210,0.3172594,1.609124863,A13-2,57.983655311,115_STEAM_3,44.748733101,316_STEAM_1,0,115,115_STEAM_3,100,4191.984732,4342.968387311,150.983655311
0,poi_bus_108,108,Alger,lagging_095,0.95,8,2020-01-01T08:00:00+00:00,5,branch_A34_immediate,branch,A34,fixed,short_term,189.3125,62.224009662,814.578910372,100,0.000000001,true,true,false,constraint_violation,0.884959411,108,1.079485206,210,0.065040589,0.851758448,C10,46.727459763,115_STEAM_3,66.596680279,116_STEAM_1,0,115,115_STEAM_3,100,4191.984732,4331.712191763,139.727459763
0,poi_bus_108,108,Alger,lagging_095,0.95,8,2020-01-01T08:00:00+00:00,6,branch_A34_sustained,branch,A34,bounded,continuous,189.3125,62.224009662,814.578910372,-99.999999999,0.000000001,true,true,false,constraint_violation,0.878765829,108,1.07889777,210,0.071234171,1.148081564,CA-1,95.461980487,116_STEAM_1,296.941426495,316_STEAM_1,0,116,116_STEAM_1,100,4191.984732,4380.446712487,188.461980487
0,poi_bus_108,108,Alger,lagging_095,0.95,8,2020-01-01T08:00:00+00:00,7,branch_B12-1_immediate,branch,B12-1,fixed,short_term,189.3125,62.224009662,814.578910372,100,0,true,true,false,constraint_violation,0.885071502,108,1.073278644,310,0.064928498,0.852022248,C10,37.853935485,115_STEAM_3,65.961469888,314_SYNC_COND_1,0,115,115_STEAM_3,100,4191.984732,4322.838667485,130.853935485
0,poi_bus_108,108,Alger,lagging_095,0.95,8,2020-01-01T08:00:00+00:00,8,branch_B12-1_sustained,branch,B12-1,bounded,continuous,189.3125,62.224009662,814.578910372,-100,0.000000001,true,true,false,constraint_violation,0.877601352,108,1.067392614,210,0.072398648,0.962829618,A12-1,146.245689154,115_STEAM_3,150.637825494,316_STEAM_1,0,115,115_STEAM_3,100,4191.984732,4338.230421154,146.245689154
0,poi_bus_108,108,Alger,lagging_095,0.95,8,2020-01-01T08:00:00+00:00,9,branch_B22_immediate,branch,B22,fixed,short_term,189.3125,62.224009662,814.578910372,100,0,true,true,false,constraint_violation,0.880675377,108,1.073339217,310,0.069324623,0.851563453,C10,41.649181071,115_STEAM_3,65.97855274,314_SYNC_COND_1,0,115,115_STEAM_3,100,4191.984732,4326.633913071,134.649181071
0,poi_bus_108,108,Alger,lagging_095,0.95,8,2020-01-01T08:00:00+00:00,10,branch_B22_sustained,branch,B22,bounded,continuous,189.3125,62.224009662,814.578910372,-99.999999999,0.000000001,true,true,false,constraint_violation,0.872599178,108,1.073089396,210,0.077400822,0.959111291,A13-2,141.460521133,115_STEAM_3,137.689892132,316_STEAM_1,0,115,115_STEAM_3,100,4191.984732,4333.445253133,141.460521133
0,poi_bus_108,108,Alger,lagging_095,0.95,8,2020-01-01T08:00:00+00:00,11,branch_B6_immediate,branch,B6,fixed,short_term,189.3125,62.224009662,814.578910372,100,0.000000001,true,true,false,constraint_violation,0.87617442,108,1.083847191,210,0.07382558,0.851968527,C10,32.947125331,115_STEAM_3,65.968339297,314_SYNC_COND_1,0,115,115_STEAM_3,100,4191.984732,4317.931857331,125.947125331
0,poi_bus_108,108,Alger,lagging_095,0.95,8,2020-01-01T08:00:00+00:00,12,branch_B6_sustained,branch,B6,bounded,continuous,189.3125,62.224009662,814.578910372,-100,0.000000001,true,true,false,constraint_violation,0.882905532,108,1.083178009,210,0.067094468,0.949910329,CA-1,39.850972031,116_STEAM_1,207.271045798,316_STEAM_1,0,116,116_STEAM_1,100,4191.984732,4324.835704031,132.850972031
0,poi_bus_108,108,Alger,lagging_095,0.95,8,2020-01-01T08:00:00+00:00,13,branch_C12-1_immediate,branch,C12-1,fixed,short_term,189.3125,62.224009662,814.578910372,100,0.000000001,true,true,false,constraint_violation,0.866823523,307,1.079450159,210,0.083176477,0.793373029,C10,39.244242976,115_STEAM_3,37.107300328,314_SYNC_COND_1,0,115,115_STEAM_3,100,4191.984732,4324.228974976,132.244242976
0,poi_bus_108,108,Alger,lagging_095,0.95,8,2020-01-01T08:00:00+00:00,14,branch_C12-1_sustained,branch,C12-1,bounded,continuous,189.3125,62.224009662,814.578910372,-100,0,true,true,false,constraint_violation,0.823959568,307,1.078496719,210,0.126040432,0.892804659,C13-2,109.94858422,115_STEAM_3,94.991959674,316_STEAM_1,0,115,115_STEAM_3,100,4191.984732,4301.93331622,109.94858422
0,poi_bus_108,108,Alger,lagging_095,0.95,8,2020-01-01T08:00:00+00:00,15,branch_C27_immediate,branch,C27,fixed,short_term,189.3125,62.224009662,814.578910372,100,0,true,true,false,constraint_violation,0.885470318,108,1.07935288,210,0.064529682,0.880532354,C29,33.974373367,115_STEAM_3,66.044419607,314_SYNC_COND_1,0,115,115_STEAM_3,100,4191.984732,4318.959105367,126.974373367
0,poi_bus_108,108,Alger,lagging_095,0.95,8,2020-01-01T08:00:00+00:00,16,branch_C27_sustained,branch,C27,bounded,continuous,189.3125,62.224009662,814.578910372,-100,0.000000001,true,true,false,constraint_violation,0.887182219,108,1.079109887,210,0.062817781,0.918328864,C10,28.282864295,216_STEAM_1,148.400965878,316_STEAM_1,0,216,216_STEAM_1,100,4191.984732,4313.267596295,121.282864295
0,poi_bus_108,108,Alger,lagging_095,0.95,8,2020-01-01T08:00:00+00:00,17,branch_C6_immediate,branch,C6,fixed,short_term,189.3125,62.224009662,814.578910372,100,0,true,true,false,constraint_violation,0.885057953,108,1.079425927,210,0.064942047,0.840221824,C10,32.917192245,115_STEAM_3,60.882789347,314_SYNC_COND_1,0,115,115_STEAM_3,100,4191.984732,4317.901924245,125.917192245
0,poi_bus_108,108,Alger,lagging_095,0.95,8,2020-01-01T08:00:00+00:00,18,branch_C6_sustained,branch,C6,bounded,continuous,189.3125,62.224009662,814.578910372,-99.999999999,0.000000001,true,true,false,constraint_violation,0.891999893,108,1.078977925,210,0.058000107,0.899628886,C10,0,101_STEAM_3,30.387773444,316_STEAM_1,0,316,316_STEAM_1,100,4191.984732,4274.522979525,82.538247525
0,poi_bus_108,108,Alger,lagging_095,0.95,8,2020-01-01T08:00:00+00:00,19,branch_CA-1_immediate,branch,CA-1,fixed,short_term,189.3125,62.224009662,814.578910372,100,0.000000001,true,true,false,constraint_violation,0.884901527,108,1.079452624,210,0.065098473,0.848598858,C10,32.584807291,115_STEAM_3,61.910657922,314_SYNC_COND_1,0,115,115_STEAM_3,100,4191.984732,4317.569539291,125.584807291
0,poi_bus_108,108,Alger,lagging_095,0.95,8,2020-01-01T08:00:00+00:00,20,branch_CA-1_sustained,branch,CA-1,bounded,continuous,189.3125,62.224009662,814.578910372,26.417767,0,true,true,false,constraint_violation,0.883072137,108,1.080872499,210,0.066927863,0.926758554,A12-1,56.640051692,316_STEAM_1,120.625888442,316_STEAM_1,0,316,316_STEAM_1,100,4191.984732,4333.840051692,141.855319692
0,poi_bus_108,108,Alger,lagging_095,0.95,8,2020-01-01T08:00:00+00:00,21,generator_121_NUCLEAR_1_sustained,generator,121_NUCLEAR_1,bounded,continuous,189.3125,62.224009662,814.578910372,100,0,true,true,false,constraint_violation,0.8955299,108,1.078134201,210,0.0544701,0.94233433,C10,85.255902652,115_STEAM_3,46.066903076,314_SYNC_COND_1,0,115,115_STEAM_3,99,4191.984732,4277.240634652,85.255902652
0,poi_bus_108,108,Alger,lagging_095,0.95,8,2020-01-01T08:00:00+00:00,22,generator_213_CC_3_sustained,generator,213_CC_3,bounded,continuous,189.3125,62.224009662,814.578910372,-100,0.000000001,true,true,false,constraint_violation,0.892400891,108,1.079250091,210,0.057599109,0.911623212,C10,117.019496597,115_STEAM_3,116.790101826,316_STEAM_1,0,115,115_STEAM_3,100,4191.984732,4309.004228597,117.019496597
0,poi_bus_108,108,Alger,lagging_095,0.95,8,2020-01-01T08:00:00+00:00,23,generator_313_CC_1_sustained,generator,313_CC_1,bounded,continuous,189.3125,62.224009662,814.578910372,-100,0.000000001,true,true,false,constraint_violation,0.877303806,108,1.080840122,210,0.072696194,0.943654219,A13-2,136.413751138,115_STEAM_3,201.540581367,316_STEAM_1,0,115,115_STEAM_3,100,4191.984732,4328.398483138,136.413751138
0,poi_bus_108,108,Alger,lagging_095,0.95,9,2020-01-01T09:00:00+00:00,0,normal,normal,,base,continuous,189.729166667,62.360961372,820.615805572,100,0,true,true,false,constraint_violation,0.888010263,108,1.079338176,210,0.061989737,0.986456509,C10,24.113228966,115_STEAM_3,46.395945259,314_SYNC_COND_1,0,115,115_STEAM_3,100,4222.065452667,4339.178681633,117.113228966
0,poi_bus_108,108,Alger,lagging_095,0.95,9,2020-01-01T09:00:00+00:00,1,branch_A11_immediate,branch,A11,fixed,short_term,189.729166667,62.360961372,820.615805572,100,0.000000001,true,true,false,constraint_violation,0.832014555,108,1.081602855,210,0.117985445,0.863154912,C10,25.978009007,115_STEAM_3,46.394303306,314_SYNC_COND_1,0,115,115_STEAM_3,100,4222.065452667,4341.043461674,118.978009007
0,poi_bus_108,108,Alger,lagging_095,0.95,9,2020-01-01T09:00:00+00:00,2,branch_A11_sustained,branch,A11,bounded,continuous,189.729166667,62.360961372,820.615805572,-99.999999999,0.000000001,true,true,false,constraint_violation,0.84511864,108,1.08074608,210,0.10488136,0.923525695,A13-2,11.541026111,116_STEAM_1,155.241240526,316_STEAM_1,0,116,116_STEAM_1,100,4222.065452667,4326.606478778,104.541026111
0,poi_bus_108,108,Alger,lagging_095,0.95,9,2020-01-01T09:00:00+00:00,3,branch_A12-1_immediate,branch,A12-1,fixed,short_term,189.729166667,62.360961372,820.615805572,100,0,true,false,false,not_converged,,,,,,,,,,,,,115,115_STEAM_3,100,,,
0,poi_bus_108,108,Alger,lagging_095,0.95,9,2020-01-01T09:00:00+00:00,4,branch_A12-1_sustained,branch,A12-1,bounded,continuous,189.729166667,62.360961372,820.615805572,99.999999999,0,true,true,false,constraint_violation,0.681352666,108,1.07208698,210,0.268647334,1.508352666,A13-2,115.972919545,115_STEAM_3,44.074995853,316_STEAM_1,0,115,115_STEAM_3,100,4222.065452667,4338.038372212,115.972919545
0,poi_bus_108,108,Alger,lagging_095,0.95,9,2020-01-01T09:00:00+00:00,5,branch_A34_immediate,branch,A34,fixed,short_term,189.729166667,62.360961372,820.615805572,100,0,true,true,false,constraint_violation,0.887993827,108,1.079368702,210,0.062006173,0.863025393,C10,29.371221221,115_STEAM_3,46.428156456,314_SYNC_COND_1,0,115,115_STEAM_3,100,4222.065452667,4344.436673888,122.371221221
0,poi_bus_108,108,Alger,lagging_095,0.95,9,2020-01-01T09:00:00+00:00,6,branch_A34_sustained,branch,A34,bounded,continuous,189.729166667,62.360961372,820.615805572,-100.000000001,0,true,true,false,constraint_violation,0.890535862,108,1.078596955,210,0.059464138,0.914949159,C10,56.303499247,316_STEAM_1,145.794055989,316_STEAM_1,0,316,316_STEAM_1,100,4222.065452667,4335.003499247,112.93804658
0,poi_bus_108,108,Alger,lagging_095,0.95,9,2020-01-01T09:00:00+00:00,7,branch_B12-1_immediate,branch,B12-1,fixed,short_term,189.729166667,62.360961372,820.615805572,100,0.000000001,true,true,false,constraint_violation,0.888085243,108,1.065023588,210,0.061914757,0.86319858,C10,29.455605867,115_STEAM_3,46.380461042,314_SYNC_COND_1,0,115,115_STEAM_3,100,4222.065452667,4344.521058534,122.455605867
0,poi_bus_108,108,Alger,lagging_095,0.95,9,2020-01-01T09:00:00+00:00,8,branch_B12-1_sustained,branch,B12-1,bounded,continuous,189.729166667,62.360961372,820.615805572,-100,0.000000001,true,true,false,constraint_violation,0.901705572,108,1.064779069,210,0.048294428,0.89788183,C10,46.425383993,316_STEAM_1,176.677920385,316_STEAM_1,0,316,316_STEAM_1,100,4222.065452667,4333.325383993,111.259931326
0,poi_bus_108,108,Alger,lagging_095,0.95,9,2020-01-01T09:00:00+00:00,9,branch_B22_immediate,branch,B22,fixed,short_term,189.729166667,62.360961372,820.615805572,100,0,true,true,false,constraint_violation,0.88368345,108,1.071283207,210,0.06631655,0.862761614,C10,33.09652244,115_STEAM_3,46.468864745,314_SYNC_COND_1,0,115,115_STEAM_3,100,4222.065452667,4348.161975107,126.09652244
0,poi_bus_108,108,Alger,lagging_095,0.95,9,2020-01-01T09:00:00+00:00,10,branch_B22_sustained,branch,B22,bounded,continuous,189.729166667,62.360961372,820.615805572,-100,0,true,true,false,constraint_violation,0.889144479,108,1.073392227,210,0.060855521,0.928241419,C10,13.907907923,316_STEAM_1,119.106699631,316_STEAM_1,0,316,316_STEAM_1,100,4222.065452667,4328.97336059,106.907907923
0,poi_bus_108,108,Alger,lagging_095,0.95,9,2020-01-01T09:00:00+00:00,11,branch_B6_immediate,branch,B6,fixed,short_term,189.729166667,62.360961372,820.615805572,100,0.000000001,true,true,false,constraint_violation,0.87953017,108,1.08363232,210,0.07046983,0.863150682,C10,24.433857798,115_STEAM_3,46.395575765,314_SYNC_COND_1,0,115,115_STEAM_3,100,4222.065452667,4339.499310465,117.433857798
0,poi_bus_108,108,Alger,lagging_095,0.95,9,2020-01-01T09:00:00+00:00,12,branch_B6_sustained,branch,B6,bounded,continuous,189.729166667,62.360961372,820.615805572,-100,0.000000001,true,true,false,constraint_violation,0.873441024,108,1.085095498,210,0.076558976,0.941904973,CA-1,51.244897778,316_STEAM_1,246.608383531,316_STEAM_1,0,316,316_STEAM_1,100,4222.065452666,4366.310350444,144.244897778
0,poi_bus_108,108,Alger,lagging_095,0.95,9,2020-01-01T09:00:00+00:00,13,branch_C12-1_immediate,branch,C12-1,fixed,short_term,189.729166667,62.360961372,820.615805572,100,0.000000001,true,true,false,constraint_violation,0.855830131,307,1.079351417,210,0.094169869,0.809603084,C10,30.238189148,115_STEAM_3,60.033118555,316_STEAM_1,0,115,115_STEAM_3,100,4222.065452667,4345.303641815,123.238189148
0,poi_bus_108,108,Alger,lagging_095,0.95,9,2020-01-01T09:00:00+00:00,14,branch_C12-1_sustained,branch,C12-1,bounded,continuous,189.729166667,62.360961372,820.615805572,-100,0.000000002,true,true,false,constraint_violation,0.765109147,307,1.080298778,210,0.184890853,0.87389141,A12-1,122.822394881,115_STEAM_3,189.932299824,316_STEAM_1,0,115,115_STEAM_3,100,4222.065452667,4344.887847548,122.822394881
0,poi_bus_108,108,Alger,lagging_095,0.95,9,2020-01-01T09:00:00+00:00,15,branch_C27_immediate,branch,C27,fixed,short_term,189.729166667,62.360961372,820.615805572,100,0.000000001,true,true,false,constraint_violation,0.888317674,108,1.079285701,210,0.061682326,0.862148221,C10,24.75686696,115_STEAM_3,49.021354855,316_STEAM_1,0,115,115_STEAM_3,100,4222.065452667,4339.822319627,117.75686696
0,poi_bus_108,108,Alger,lagging_095,0.95,9,2020-01-01T09:00:00+00:00,16,branch_C27_sustained,branch,C27,bounded,continuous,189.729166667,62.360961372,820.615805572,-100,0,true,true,false,constraint_violation,0.894730256,108,1.080521586,210,0.055269744,0.947312071,C29,14.609326508,216_STEAM_1,94.00116949,316_STEAM_1,0,216,216_STEAM_1,100,4222.065452667,4329.674779175,107.609326508
0,poi_bus_108,108,Alger,lagging_095,0.95,9,2020-01-01T09:00:00+00:00,17,branch_C6_immediate,branch,C6,fixed,short_term,189.729166667,62.360961372,820.615805572,100,0.000000001,true,true,false,constraint_violation,0.88797482,108,1.079344059,210,0.06202518,0.864859381,C10,24.21973514,115_STEAM_3,46.60474894,316_STEAM_1,0,115,115_STEAM_3,100,4222.065452667,4339.285187807,117.21973514
0,poi_bus_108,108,Alger,lagging_095,0.95,9,2020-01-01T09:00:00+00:00,18,branch_C6_sustained,branch,C6,bounded,continuous,189.729166667,62.360961372,820.615805572,-100,0.000000001,true,true,false,constraint_violation,0.890290318,108,1.080467893,210,0.059709682,0.905791179,C10,20.382601411,216_STEAM_1,161.07091293,316_STEAM_1,0,216,216_STEAM_1,100,4222.065452667,4335.448054078,113.382601411
0,poi_bus_108,108,Alger,lagging_095,0.95,9,2020-01-01T09:00:00+00:00,19,branch_CA-1_immediate,branch,CA-1,fixed,short_term,189.729166667,62.360961372,820.615805572,100,0,true,true,false,constraint_violation,0.889511207,108,1.079061113,210,0.060488793,0.859627036,C10,24.826704759,115_STEAM_3,66.154323308,316_STEAM_1,0,115,115_STEAM_3,100,4222.065452667,4339.892157426,117.826704759
0,poi_bus_108,108,Alger,lagging_095,0.95,9,2020-01-01T09:00:00+00:00,20,branch_CA-1_sustained,branch,CA-1,bounded,continuous,189.729166667,62.360961372,820.615805572,15.682379,0.000000001,true,true,false,constraint_violation,0.859584195,108,1.077266274,210,0.090415805,1.161956619,CB-1,104.132680886,216_STEAM_1,251.984842305,316_STEAM_1,0,216,216_STEAM_1,100,4222.065452667,4419.198133553,197.132680886
0,poi_bus_108,108,Alger,lagging_095,0.95,9,2020-01-01T09:00:00+00:00,21,generator_121_NUCLEAR_1_sustained,generator,121_NUCLEAR_1,bounded,continuous,189.729166667,62.360961372,820.615805572,-100,0.000000001,true,true,false,constraint_violation,0.89940117,108,1.078775735,210,0.05059883,0.930933395,C10,88.99297717,115_STEAM_3,125.999768721,316_STEAM_1,0,115,115_STEAM_3,99,4222.065452667,4311.058429837,88.99297717
0,poi_bus_108,108,Alger,lagging_095,0.95,9,2020-01-01T09:00:00+00:00,22,generator_213_CC_3_sustained,generator,213_CC_3,bounded,continuous,189.729166667,62.360961372,820.615805572,-100,0.000000001,true,true,false,constraint_violation,0.868576483,108,1.080776925,210,0.081423517,1.004778897,A13-2,137.541336549,115_STEAM_3,135.109993559,316_STEAM_1,0,115,115_STEAM_3,100,4222.065452667,4359.606789216,137.541336549
0,poi_bus_108,108,Alger,lagging_095,0.95,9,2020-01-01T09:00:00+00:00,23,generator_313_CC_1_sustained,generator,313_CC_1,bounded,continuous,189.729166667,62.360961372,820.615805572,-100,0.000000001,true,true,false,constraint_violation,0.883076614,108,1.078742659,210,0.066923386,0.930561769,A13-2,131.52271231,115_STEAM_3,186.308837823,316_STEAM_1,0,115,115_STEAM_3,100,4222.065452667,4353.588164977,131.52271231
0,poi_bus_108,108,Alger,lagging_095,0.95,10,2020-01-01T10:00:00+00:00,0,normal,normal,,base,continuous,188.833333333,62.066515194,818.733972168,17.540712432,0,true,true,false,constraint_violation,0.892144102,108,1.081107394,210,0.057855898,0.991429625,C10,1.734618489,115_STEAM_3,47.249350276,316_STEAM_1,0,115,115_STEAM_3,100,4211.922679333,4306.657297822,94.734618489
0,poi_bus_108,108,Alger,lagging_095,0.95,10,2020-01-01T10:00:00+00:00,1,branch_A11_immediate,branch,A11,fixed,short_term,188.833333333,62.066515194,818.733972168,17.540712431,0,true,true,false,constraint_violation,0.837611311,108,1.083326066,210,0.112388689,0.867505856,C10,3.302064724,115_STEAM_3,47.301442,316_STEAM_1,0,115,115_STEAM_3,100,4211.922679333,4308.224744057,96.302064724
0,poi_bus_108,108,Alger,lagging_095,0.95,10,2020-01-01T10:00:00+00:00,2,branch_A11_sustained,branch,A11,bounded,continuous,188.833333333,62.066515194,818.733972168,-100,0.000000001,true,true,false,constraint_violation,0.850539098,108,1.082398493,210,0.099460902,0.942124013,C10,87.745501631,115_STEAM_3,107.242046955,316_STEAM_1,0,115,115_STEAM_3,100,4211.922679333,4299.668180964,87.745501631
0,poi_bus_108,108,Alger,lagging_095,0.95,10,2020-01-01T10:00:00+00:00,3,branch_A12-1_immediate,branch,A12-1,fixed,short_term,188.833333333,62.066515194,818.733972168,17.540712432,0.000000001,true,true,false,constraint_violation,0.649394303,108,1.074736817,210,0.300605697,1.344481861,A13-2,46.855649253,115_STEAM_3,51.191850118,316_STEAM_1,0,115,115_STEAM_3,100,4211.922679333,4351.778328586,139.855649253
0,poi_bus_108,108,Alger,lagging_095,0.95,10,2020-01-01T10:00:00+00:00,4,branch_A12-1_sustained,branch,A12-1,bounded,continuous,188.833333333,62.066515194,818.733972168,48.003249807,0,true,true,false,constraint_violation,0.707604438,108,1.073975072,210,0.242395562,1.440755208,A13-2,18.758695118,316_STEAM_1,62.768486582,316_STEAM_1,0,316,316_STEAM_1,100,4211.922679333,4323.681374451,111.758695118
0,poi_bus_108,108,Alger,lagging_095,0.95,10,2020-01-01T10:00:00+00:00,5,branch_A34_immediate,branch,A34,fixed,short_term,188.833333333,62.066515194,818.733972168,17.540712431,0.000000001,true,true,false,constraint_violation,0.892140554,108,1.081116028,210,0.057859446,0.867478312,C10,2.200939604,115_STEAM_3,47.01605102,316_STEAM_1,0,115,115_STEAM_3,100,4211.922679333,4307.123618937,95.200939604
0,poi_bus_108,108,Alger,lagging_095,0.95,10,2020-01-01T10:00:00+00:00,6,branch_A34_sustained,branch,A34,bounded,continuous,188.833333333,62.066515194,818.733972168,-100,0,true,true,false,constraint_violation,0.889083456,108,1.0819426,210,0.060916544,0.897284231,A13-2,36.110105248,316_STEAM_1,241.555364715,316_STEAM_1,0,316,316_STEAM_1,100,4211.922679333,4341.032784581,129.110105248
0,poi_bus_108,108,Alger,lagging_095,0.95,10,2020-01-01T10:00:00+00:00,7,branch_B12-1_immediate,branch,B12-1,fixed,short_term,188.833333333,62.066515194,818.733972168,17.540712431,0,true,true,false,constraint_violation,0.892229079,108,1.067751607,210,0.057770921,0.867529267,C10,6.579447757,115_STEAM_3,47.554718746,316_STEAM_1,0,115,115_STEAM_3,100,4211.922679333,4311.50212709,99.579447757
0,poi_bus_108,108,Alger,lagging_095,0.95,10,2020-01-01T10:00:00+00:00,8,branch_B12-1_sustained,branch,B12-1,bounded,continuous,188.833333333,62.066515194,818.733972168,-100,0.000000001,true,true,false,constraint_violation,0.892099918,108,1.067063663,210,0.057900082,0.908759506,CA-1,45.63774555,316_STEAM_1,276.560045748,316_STEAM_1,0,316,316_STEAM_1,100,4211.922679333,4350.560424883,138.63774555
0,poi_bus_108,108,Alger,lagging_095,0.95,10,2020-01-01T10:00:00+00:00,9,branch_B22_immediate,branch,B22,fixed,short_term,188.833333333,62.066515194,818.733972168,17.540712432,0,true,true,false,constraint_violation,0.888170448,108,1.073628011,210,0.061829552,0.867259964,C10,9.858260176,115_STEAM_3,45.126839762,316_STEAM_1,0,115,115_STEAM_3,100,4211.922679333,4314.780939509,102.858260176
0,poi_bus_108,108,Alger,lagging_095,0.95,10,2020-01-01T10:00:00+00:00,10,branch_B22_sustained,branch,B22,bounded,continuous,188.833333333,62.066515194,818.733972168,-100,0.000000001,true,true,false,constraint_violation,0.895135076,108,1.076206048,210,0.054864924,0.986393635,C10,95.091653487,115_STEAM_3,91.321923079,316_STEAM_1,0,115,115_STEAM_3,100,4211.922679333,4307.01433282,95.091653487
0,poi_bus_108,108,Alger,lagging_095,0.95,10,2020-01-01T10:00:00+00:00,11,branch_B6_immediate,branch,B6,fixed,short_term,188.833333333,62.066515194,818.733972168,17.540712432,0.000000001,true,true,false,constraint_violation,0.883826225,108,1.085365397,210,0.066173775,0.867503671,C10,2.008652889,115_STEAM_3,47.278326576,316_STEAM_1,0,115,115_STEAM_3,100,4211.922679333,4306.931332222,95.008652889
0,poi_bus_108,108,Alger,lagging_095,0.95,10,2020-01-01T10:00:00+00:00,12,branch_B6_sustained,branch,B6,bounded,continuous,188.833333333,62.066515194,818.733972168,-100,0.000000001,true,true,false,constraint_violation,0.883120449,108,1.085454649,210,0.066879551,0.895248653,C10,30.894088798,316_STEAM_1,234.780376666,316_STEAM_1,0,316,316_STEAM_1,100,4211.922679333,4335.816768131,123.894088798
0,poi_bus_108,108,Alger,lagging_095,0.95,10,2020-01-01T10:00:00+00:00,13,branch_C12-1_immediate,branch,C12-1,fixed,short_term,188.833333333,62.066515194,818.733972168,17.540712431,0,true,true,false,constraint_violation,0.853692519,307,1.081119624,210,0.096307481,0.816689961,C10,7.528892903,115_STEAM_3,63.623223965,316_STEAM_1,0,115,115_STEAM_3,100,4211.922679333,4312.451572236,100.528892903
0,poi_bus_108,108,Alger,lagging_095,0.95,10,2020-01-01T10:00:00+00:00,14,branch_C12-1_sustained,branch,C12-1,bounded,continuous,188.833333333,62.066515194,818.733972168,-100,0,true,true,false,constraint_violation,0.74385428,307,1.080132088,210,0.20614572,0.90203618,A13-2,36.442941856,316_STEAM_1,227.026169126,316_STEAM_1,0,316,316_STEAM_1,100,4211.922679333,4341.365621189,129.442941856
0,poi_bus_108,108,Alger,lagging_095,0.95,10,2020-01-01T10:00:00+00:00,15,branch_C27_immediate,branch,C27,fixed,short_term,188.833333333,62.066515194,818.733972168,17.540712432,0.000000001,true,true,false,constraint_violation,0.892280683,108,1.081084829,210,0.057719317,0.867201382,C10,1.8299222,115_STEAM_3,55.570593947,316_STEAM_1,0,115,115_STEAM_3,100,4211.922679333,4306.752601533,94.8299222
0,poi_bus_108,108,Alger,lagging_095,0.95,10,2020-01-01T10:00:00+00:00,16,branch_C27_sustained,branch,C27,bounded,continuous,188.833333333,62.066515194,818.733972168,-100,0,true,true,false,constraint_violation,0.896525779,108,1.081526768,210,0.053474221,0.904305399,C10,100.424889437,115_STEAM_3,151.852099604,316_STEAM_1,0,115,115_STEAM_3,100,4211.922679333,4312.34756877,100.424889437
0,poi_bus_108,108,Alger,lagging_095,0.95,10,2020-01-01T10:00:00+00:00,17,branch_C6_immediate,branch,C6,fixed,short_term,188.833333333,62.066515194,818.733972168,17.540712431,0,true,true,false,constraint_violation,0.892085847,108,1.081116825,210,0.057914153,0.87182484,C10,2.014299529,115_STEAM_3,51.645608572,316_STEAM_1,0,115,115_STEAM_3,100,4211.922679333,4306.936978862,95.014299529
0,poi_bus_108,108,Alger,lagging_095,0.95,10,2020-01-01T10:00:00+00:00,18,branch_C6_sustained,branch,C6,bounded,continuous,188.833333333,62.066515194,818.733972168,-100.000000001,0,true,true,false,constraint_violation,0.88950975,108,1.080154235,210,0.06049025,0.929352448,C10,13.281038749,216_STEAM_1,163.968494827,316_STEAM_1,0,216,216_STEAM_1,100,4211.922679333,4318.203718082,106.281038749
0,poi_bus_108,108,Alger,lagging_095,0.95,10,2020-01-01T10:00:00+00:00,19,branch_CA-1_immediate,branch,CA-1,fixed,short_term,188.833333333,62.066515194,818.733972168,17.540712432,0.000000001,true,true,false,constraint_violation,0.892890334,108,1.080978412,210,0.057109666,0.862997848,C10,1.896010961,115_STEAM_3,65.695916892,316_STEAM_1,0,115,115_STEAM_3,100,4211.922679333,4306.818690294,94.896010961
0,poi_bus_108,108,Alger,lagging_095,0.95,10,2020-01-01T10:00:00+00:00,20,branch_CA-1_sustained,branch,CA-1,bounded,continuous,188.833333333,62.066515194,818.733972168,-46.278077,0,true,true,false,constraint_violation,0.859124242,108,1.078172686,210,0.090875758,1.166752371,CB-1,105.151311513,115_STEAM_3,269.897455528,316_STEAM_1,0,115,115_STEAM_3,100,4211.922679333,4410.073990846,198.151311513
0,poi_bus_108,108,Alger,lagging_095,0.95,10,2020-01-01T10:00:00+00:00,21,generator_121_NUCLEAR_1_sustained,generator,121_NUCLEAR_1,bounded,continuous,188.833333333,62.066515194,818.733972168,-99.999999999,0.000000001,true,true,false,constraint_violation,0.894949666,108,1.080106378,210,0.055050334,0.912959529,C10,99.435850975,115_STEAM_3,159.550165208,316_STEAM_1,0,115,115_STEAM_3,99,4211.922679333,4311.358530308,99.435850975
0,poi_bus_108,108,Alger,lagging_095,0.95,10,2020-01-01T10:00:00+00:00,22,generator_213_CC_3_sustained,generator,213_CC_3,bounded,continuous,188.833333333,62.066515194,818.733972168,-100,0,true,true,false,constraint_violation,0.894909037,108,1.08232634,210,0.055090963,0.896175045,C10,119.102342505,115_STEAM_3,223.803334926,316_STEAM_1,0,115,115_STEAM_3,100,4211.922679333,4331.025021838,119.102342505
0,poi_bus_108,108,Alger,lagging_095,0.95,10,2020-01-01T10:00:00+00:00,23,generator_313_CC_1_sustained,generator,313_CC_1,bounded,continuous,188.833333333,62.066515194,818.733972168,-99.999999999,0.000000001,true,true,false,constraint_violation,0.896421258,108,1.08199707,210,0.053578742,0.919927017,C10,7.026993425,316_STEAM_1,152.519275085,316_STEAM_1,0,316,316_STEAM_1,100,4211.922679333,4311.949672758,100.026993425
0,poi_bus_108,108,Alger,lagging_095,0.95,11,2020-01-01T11:00:00+00:00,0,normal,normal,,base,continuous,188.145833333,61.840544872,816.889884961,-6.953663805,0.000000001,true,true,false,constraint_violation,0.895347305,108,1.081755427,210,0.054652695,0.993082566,C10,0,101_STEAM_3,52.614985804,316_STEAM_1,0,115,115_STEAM_3,100,4202.173716333,4289.304750575,87.131034242
0,poi_bus_108,108,Alger,lagging_095,0.95,11,2020-01-01T11:00:00+00:00,1,branch_A11_immediate,branch,A11,fixed,short_term,188.145833333,61.840544872,816.889884961,-6.953663805,0.000000001,true,true,false,constraint_violation,0.842619232,108,1.08392951,210,0.107380768,0.868950669,C10,0,101_STEAM_3,52.724531852,316_STEAM_1,0,115,115_STEAM_3,100,4202.173716333,4290.591096578,88.417380245
0,poi_bus_108,108,Alger,lagging_095,0.95,11,2020-01-01T11:00:00+00:00,2,branch_A11_sustained,branch,A11,bounded,continuous,188.145833333,61.840544872,816.889884961,-100,0,true,true,false,constraint_violation,0.84123088,108,1.082707651,210,0.10876912,0.92359946,A13-2,35.568927184,316_STEAM_1,260.924451409,316_STEAM_1,0,316,316_STEAM_1,100,4202.173716333,4330.742643517,128.568927184
0,poi_bus_108,108,Alger,lagging_095,0.95,11,2020-01-01T11:00:00+00:00,3,branch_A12-1_immediate,branch,A12-1,fixed,short_term,188.145833333,61.840544872,816.889884961,-6.953663805,0.000000001,true,true,false,constraint_violation,0.674906772,108,1.076057051,210,0.275093228,1.306639665,A13-2,33.62396441,115_STEAM_3,56.686427178,316_STEAM_1,0,115,115_STEAM_3,100,4202.173716333,4328.797680743,126.62396441
0,poi_bus_108,108,Alger,lagging_095,0.95,11,2020-01-01T11:00:00+00:00,4,branch_A12-1_sustained,branch,A12-1,bounded,continuous,188.145833333,61.840544872,816.889884961,-90.157647264,0,true,true,false,constraint_violation,0.723619957,108,1.075642178,210,0.226380043,1.427176897,A13-2,13.107462772,115_STEAM_3,104.589400709,316_STEAM_1,0,115,115_STEAM_3,100,4202.173716333,4308.281179105,106.107462772
0,poi_bus_108,108,Alger,lagging_095,0.95,11,2020-01-01T11:00:00+00:00,5,branch_A34_immediate,branch,A34,fixed,short_term,188.145833333,61.840544872,816.889884961,-6.953663805,0,true,true,false,constraint_violation,0.895347845,108,1.081754565,210,0.054652155,0.868948127,C10,0,101_STEAM_3,52.642847353,316_STEAM_1,0,115,115_STEAM_3,100,4202.173716333,4289.308671651,87.134955318
0,poi_bus_108,108,Alger,lagging_095,0.95,11,2020-01-01T11:00:00+00:00,6,branch_A34_sustained,branch,A34,bounded,continuous,188.145833333,61.840544872,816.889884961,-99.999999999,0.000000001,true,true,false,constraint_violation,0.883278827,108,1.082324728,210,0.066721173,0.941759206,A13-2,116.821990149,115_STEAM_3,154.208858152,316_STEAM_1,0,115,115_STEAM_3,100,4202.173716333,4318.995706482,116.821990149
0,poi_bus_108,108,Alger,lagging_095,0.95,11,2020-01-01T11:00:00+00:00,7,branch_B12-1_immediate,branch,B12-1,fixed,short_term,188.145833333,61.840544872,816.889884961,-6.953663805,0.000000001,true,true,false,constraint_violation,0.895439676,108,1.068643314,210,0.054560324,0.868957371,C10,0,101_STEAM_3,52.95019856,316_STEAM_1,0,115,115_STEAM_3,100,4202.173716333,4294.026008331,91.852291998
0,poi_bus_108,108,Alger,lagging_095,0.95,11,2020-01-01T11:00:00+00:00,8,branch_B12-1_sustained,branch,B12-1,bounded,continuous,188.145833333,61.840544872,816.889884961,-100,0.000000001,true,true,false,constraint_violation,0.89293744,108,1.069382889,210,0.05706256,0.896837411,C10,32.465614526,316_STEAM_1,229.216018874,316_STEAM_1,0,316,316_STEAM_1,100,4202.173716333,4327.639330859,125.465614526
0,poi_bus_108,108,Alger,lagging_095,0.95,11,2020-01-01T11:00:00+00:00,9,branch_B22_immediate,branch,B22,fixed,short_term,188.145833333,61.840544872,816.889884961,-6.953663804,0,true,true,false,constraint_violation,0.891480415,108,1.074524523,210,0.058519585,0.868844903,C10,1.794058114,115_STEAM_3,50.290335602,316_STEAM_1,0,115,115_STEAM_3,100,4202.173716333,4296.967774447,94.794058114
0,poi_bus_108,108,Alger,lagging_095,0.95,11,2020-01-01T11:00:00+00:00,10,branch_B22_sustained,branch,B22,bounded,continuous,188.145833333,61.840544872,816.889884961,-100,0,true,true,false,constraint_violation,0.892079727,108,1.076172386,210,0.057920273,0.908048011,C10,119.23857381,115_STEAM_3,205.618240733,316_STEAM_1,0,115,115_STEAM_3,100,4202.173716333,4321.412290143,119.23857381
0,poi_bus_108,108,Alger,lagging_095,0.95,11,2020-01-01T11:00:00+00:00,11,branch_B6_immediate,branch,B6,fixed,short_term,188.145833333,61.840544872,816.889884961,-6.953663804,0.000000001,true,true,false,constraint_violation,0.887287181,108,1.085938166,210,0.062712819,0.868949563,C10,0,101_STEAM_3,52.68875951,316_STEAM_1,0,115,115_STEAM_3,100,4202.173716333,4289.532141294,87.358424961
0,poi_bus_108,108,Alger,lagging_095,0.95,11,2020-01-01T11:00:00+00:00,12,branch_B6_sustained,branch,B6,bounded,continuous,188.145833333,61.840544872,816.889884961,-100,0,true,true,false,constraint_violation,0.90010973,108,1.084685723,210,0.04989027,0.921616042,C10,89.937945691,115_STEAM_3,154.182337149,316_STEAM_1,0,115,115_STEAM_3,100,4202.173716333,4292.111662024,89.937945691
0,poi_bus_108,108,Alger,lagging_095,0.95,11,2020-01-01T11:00:00+00:00,13,branch_C12-1_immediate,branch,C12-1,fixed,short_term,188.145833333,61.840544872,816.889884961,-6.953663804,0.000000001,true,true,false,constraint_violation,0.856594587,307,1.081767456,210,0.093405413,0.816140417,C10,0.09150276,115_STEAM_3,69.750741784,316_STEAM_1,0,115,115_STEAM_3,100,4202.173716333,4295.265219093,93.09150276
0,poi_bus_108,108,Alger,lagging_095,0.95,11,2020-01-01T11:00:00+00:00,14,branch_C12-1_sustained,branch,C12-1,bounded,continuous,188.145833333,61.840544872,816.889884961,-99.999999999,0.000000001,true,true,false,constraint_violation,0.785228525,307,1.082853567,210,0.164771475,0.929105913,A13-2,19.121671529,216_STEAM_1,152.282116004,316_STEAM_1,0,216,216_STEAM_1,100,4202.173716333,4314.295387862,112.121671529
0,poi_bus_108,108,Alger,lagging_095,0.95,11,2020-01-01T11:00:00+00:00,15,branch_C27_immediate,branch,C27,fixed,short_term,188.145833333,61.840544872,816.889884961,-6.953663805,0,true,true,false,constraint_violation,0.895060247,108,1.081797596,210,0.054939753,0.869518459,C10,0,101_STEAM_3,57.950174077,316_STEAM_1,0,115,115_STEAM_3,100,4202.173716333,4289.668686835,87.494970502
0,poi_bus_108,108,Alger,lagging_095,0.95,11,2020-01-01T11:00:00+00:00,16,branch_C27_sustained,branch,C27,bounded,continuous,188.145833333,61.840544872,816.889884961,-99.999999999,0.000000001,true,true,false,constraint_violation,0.908836057,108,1.080689494,210,0.041163943,0.918931633,C10,0,101_STEAM_3,131.558104536,316_STEAM_1,0,216,216_STEAM_1,100,4202.173716333,4285.085864314,82.912147981
0,poi_bus_108,108,Alger,lagging_095,0.95,11,2020-01-01T11:00:00+00:00,17,branch_C6_immediate,branch,C6,fixed,short_term,188.145833333,61.840544872,816.889884961,-6.953663805,0,true,true,false,constraint_violation,0.895293226,108,1.081763478,210,0.054706774,0.872872066,C10,0,101_STEAM_3,55.48368836,316_STEAM_1,0,115,115_STEAM_3,100,4202.173716333,4289.590242055,87.416525722
0,poi_bus_108,108,Alger,lagging_095,0.95,11,2020-01-01T11:00:00+00:00,18,branch_C6_sustained,branch,C6,bounded,continuous,188.145833333,61.840544872,816.889884961,-100,0,true,true,false,constraint_violation,0.905063361,108,1.080794018,210,0.044936639,0.933979893,C10,84.102577637,115_STEAM_3,85.976019173,316_STEAM_1,0,115,115_STEAM_3,100,4202.173716333,4286.27629397,84.102577637
0,poi_bus_108,108,Alger,lagging_095,0.95,11,2020-01-01T11:00:00+00:00,19,branch_CA-1_immediate,branch,CA-1,fixed,short_term,188.145833333,61.840544872,816.889884961,-6.953663804,0.000000001,true,true,false,constraint_violation,0.894952527,108,1.081812988,210,0.055047473,0.864363374,C10,0,101_STEAM_3,64.12379232,316_STEAM_1,0,115,115_STEAM_3,100,4202.173716333,4289.580216678,87.406500345
0,poi_bus_108,108,Alger,lagging_095,0.95,11,2020-01-01T11:00:00+00:00,20,branch_CA-1_sustained,branch,CA-1,bounded,continuous,188.145833333,61.840544872,816.889884961,-99.999999999,0.000000001,true,true,false,constraint_violation,0.849703073,108,1.081598954,210,0.100296927,1.164160487,CB-1,210.047659018,115_STEAM_3,271.358460747,316_STEAM_1,0,115,115_STEAM_3,100,4202.173716333,4412.221375351,210.047659018
0,poi_bus_108,108,Alger,lagging_095,0.95,11,2020-01-01T11:00:00+00:00,21,generator_121_NUCLEAR_1_sustained,generator,121_NUCLEAR_1,bounded,continuous,188.145833333,61.840544872,816.889884961,-100,0.000000001,true,true,false,constraint_violation,0.897967122,108,1.080473506,210,0.052032878,0.932643951,C10,97.805476367,115_STEAM_3,171.134734234,316_STEAM_1,0,115,115_STEAM_3,99,4202.173716333,4299.9791927,97.805476367
0,poi_bus_108,108,Alger,lagging_095,0.95,11,2020-01-01T11:00:00+00:00,22,generator_213_CC_3_sustained,generator,213_CC_3,bounded,continuous,188.145833333,61.840544872,816.889884961,-100,0.000000001,true,true,false,constraint_violation,0.900066971,108,1.082570909,210,0.049933029,0.915455399,C10,10.108018758,116_STEAM_1,187.523509757,316_STEAM_1,0,116,116_STEAM_1,100,4202.173716333,4305.281735091,103.108018758
0,poi_bus_108,108,Alger,lagging_095,0.95,11,2020-01-01T11:00:00+00:00,23,generator_313_CC_1_sustained,generator,313_CC_1,bounded,continuous,188.145833333,61.840544872,816.889884961,-100,0,true,true,false,constraint_violation,0.90106475,108,1.082640512,210,0.04893525,0.902821099,C10,103.234789767,115_STEAM_3,184.472426897,316_STEAM_1,0,115,115_STEAM_3,100,4202.173716333,4305.4085061,103.234789767
0,poi_bus_108,108,Alger,lagging_095,0.95,12,2020-01-01T12:00:00+00:00,0,normal,normal,,base,continuous,187.125,61.505013182,810.127122204,-3.36627638,0.000000001,true,true,false,constraint_violation,0.898986371,108,1.081686769,210,0.051013629,0.986942812,C10,0,101_STEAM_3,43.556676762,314_SYNC_COND_1,0,316,316_STEAM_1,100,4167.922066,4252.280678849,84.358612849
0,poi_bus_108,108,Alger,lagging_095,0.95,12,2020-01-01T12:00:00+00:00,1,branch_A11_immediate,branch,A11,fixed,short_term,187.125,61.505013182,810.127122204,-3.36627638,0.000000001,true,true,false,constraint_violation,0.847148377,108,1.083815574,210,0.102851623,0.863567695,C10,0,101_STEAM_3,43.571402418,314_SYNC_COND_1,0,316,316_STEAM_1,100,4167.922066,4253.607748267,85.685682267
0,poi_bus_108,108,Alger,lagging_095,0.95,12,2020-01-01T12:00:00+00:00,2,branch_A11_sustained,branch,A11,bounded,continuous,187.125,61.505013182,810.127122204,-100,0,true,true,false,constraint_violation,0.85460009,108,1.081987225,210,0.09539991,0.943792149,C10,0,101_STEAM_3,100.953877334,316_STEAM_1,0,116,116_STEAM_1,100,4167.922066,4245.481596275,77.559530275
0,poi_bus_108,108,Alger,lagging_095,0.95,12,2020-01-01T12:00:00+00:00,3,branch_A12-1_immediate,branch,A12-1,fixed,short_term,187.125,61.505013182,810.127122204,-3.36627638,0,true,true,false,constraint_violation,0.697893188,108,1.076350982,210,0.252106812,1.259099169,A13-2,26.070962602,316_STEAM_1,43.557429878,314_SYNC_COND_1,0,316,316_STEAM_1,100,4167.922066,4286.993028602,119.070962602
0,poi_bus_108,108,Alger,lagging_095,0.95,12,2020-01-01T12:00:00+00:00,4,branch_A12-1_sustained,branch,A12-1,bounded,continuous,187.125,61.505013182,810.127122204,-36.230285041,0.000000001,true,true,false,constraint_violation,0.73485314,108,1.075743402,210,0.21514686,1.403119447,A13-2,104.409720581,115_STEAM_3,94.839052481,316_STEAM_1,0,115,115_STEAM_3,100,4167.922066,4272.331786581,104.409720581
0,poi_bus_108,108,Alger,lagging_095,0.95,12,2020-01-01T12:00:00+00:00,5,branch_A34_immediate,branch,A34,fixed,short_term,187.125,61.505013182,810.127122204,-3.36627638,0,true,true,false,constraint_violation,0.898987072,108,1.081685622,210,0.051012928,0.863578038,C10,0,101_STEAM_3,43.550996422,314_SYNC_COND_1,0,316,316_STEAM_1,100,4167.922066,4252.287392768,84.365326768
0,poi_bus_108,108,Alger,lagging_095,0.95,12,2020-01-01T12:00:00+00:00,6,branch_A34_sustained,branch,A34,bounded,continuous,187.125,61.505013182,810.127122204,-100,0.000000001,true,true,false,constraint_violation,0.89403068,307,1.080597759,210,0.05596932,0.889854401,C10,35.241074912,316_STEAM_1,265.66794755,316_STEAM_1,0,316,316_STEAM_1,100,4167.922066,4296.163140912,128.241074912
0,poi_bus_108,108,Alger,lagging_095,0.95,12,2020-01-01T12:00:00+00:00,7,branch_B12-1_immediate,branch,B12-1,fixed,short_term,187.125,61.505013182,810.127122204,-3.36627638,0.000000001,true,true,false,constraint_violation,0.899151002,108,1.068505957,210,0.050848998,0.863564087,C10,0,101_STEAM_3,43.580886377,314_SYNC_COND_1,0,316,316_STEAM_1,100,4167.922066,4256.980471721,89.058405721
0,poi_bus_108,108,Alger,lagging_095,0.95,12,2020-01-01T12:00:00+00:00,8,branch_B12-1_sustained,branch,B12-1,bounded,continuous,187.125,61.505013182,810.127122204,-100,0,true,true,false,constraint_violation,0.893669673,108,1.069643831,210,0.056330327,0.901983974,C10,31.656110277,316_STEAM_1,214.894517487,316_STEAM_1,0,316,316_STEAM_1,100,4167.922066,4292.578176277,124.656110277
0,poi_bus_108,108,Alger,lagging_095,0.95,12,2020-01-01T12:00:00+00:00,9,branch_B22_immediate,branch,B22,fixed,short_term,187.125,61.505013182,810.127122204,-3.36627638,0,true,true,false,constraint_violation,0.895368792,108,1.074363413,210,0.054631208,0.863240187,C10,0,101_STEAM_3,44.037322423,314_SYNC_COND_1,0,316,316_STEAM_1,100,4167.922066,4260.080994918,92.158928918
0,poi_bus_108,108,Alger,lagging_095,0.95,12,2020-01-01T12:00:00+00:00,10,branch_B22_sustained,branch,B22,bounded,continuous,187.125,61.505013182,810.127122204,-100,0.000000001,true,true,false,constraint_violation,0.907155977,108,1.075195814,210,0.042844023,0.938239997,C10,0,101_STEAM_3,113.598988109,316_STEAM_1,0,316,316_STEAM_1,100,4167.922066,4255.473902348,87.551836348
0,poi_bus_108,108,Alger,lagging_095,0.95,12,2020-01-01T12:00:00+00:00,11,branch_B6_immediate,branch,B6,fixed,short_term,187.125,61.505013182,810.127122204,-3.36627638,0.000000001,true,true,false,constraint_violation,0.891075475,108,1.085791271,210,0.058924525,0.863577775,C10,0,101_STEAM_3,43.551733195,314_SYNC_COND_1,0,316,316_STEAM_1,100,4167.922066,4252.502021936,84.579955936
0,poi_bus_108,108,Alger,lagging_095,0.95,12,2020-01-01T12:00:00+00:00,12,branch_B6_sustained,branch,B6,bounded,continuous,187.125,61.505013182,810.127122204,-100,0.000000001,true,true,false,constraint_violation,0.903370702,108,1.084694923,210,0.046629298,0.920676019,C10,88.690873578,115_STEAM_3,156.482820732,316_STEAM_1,0,115,115_STEAM_3,100,4167.922066,4256.612939578,88.690873578
0,poi_bus_108,108,Alger,lagging_095,0.95,12,2020-01-01T12:00:00+00:00,13,branch_C12-1_immediate,branch,C12-1,fixed,short_term,187.125,61.505013182,810.127122204,-3.36627638,0.000000001,true,true,false,constraint_violation,0.858956356,307,1.081684112,210,0.091043644,0.812333735,C10,0,101_STEAM_3,54.094668418,316_STEAM_1,0,316,316_STEAM_1,100,4167.922066,4258.002117153,90.080051153
0,poi_bus_108,108,Alger,lagging_095,0.95,12,2020-01-01T12:00:00+00:00,14,branch_C12-1_sustained,branch,C12-1,bounded,continuous,187.125,61.505013182,810.127122204,-100,0,true,true,false,constraint_violation,0.746749125,307,1.082330848,210,0.203250875,0.876312086,A13-2,84.781087968,316_STEAM_1,242.223412919,316_STEAM_1,0,316,316_STEAM_1,100,4167.922066,4295.981087968,128.059021968
0,poi_bus_108,108,Alger,lagging_095,0.95,12,2020-01-01T12:00:00+00:00,15,branch_C27_immediate,branch,C27,fixed,short_term,187.125,61.505013182,810.127122204,-3.36627638,0.000000001,true,true,false,constraint_violation,0.89865353,108,1.081741882,210,0.05134647,0.864246808,C10,0,101_STEAM_3,44.175486777,316_STEAM_1,0,316,316_STEAM_1,100,4167.922066,4252.82009053,84.89802453
0,poi_bus_108,108,Alger,lagging_095,0.95,12,2020-01-01T12:00:00+00:00,16,branch_C27_sustained,branch,C27,bounded,continuous,187.125,61.505013182,810.127122204,-100,0.000000001,true,true,false,constraint_violation,0.886555282,108,1.082885878,210,0.063444718,0.937597456,A13-2,15.448450289,216_STEAM_1,131.145090275,316_STEAM_1,0,216,216_STEAM_1,100,4167.922066,4276.370516289,108.448450289
0,poi_bus_108,108,Alger,lagging_095,0.95,12,2020-01-01T12:00:00+00:00,17,branch_C6_immediate,branch,C6,fixed,short_term,187.125,61.505013182,810.127122204,-3.36627638,0.000000001,true,true,false,constraint_violation,0.898984631,108,1.081687065,210,0.051015369,0.861204751,C10,0,101_STEAM_3,39.77844082,314_SYNC_COND_1,0,316,316_STEAM_1,100,4167.922066,4252.36111181,84.43904581
0,poi_bus_108,108,Alger,lagging_095,0.95,12,2020-01-01T12:00:00+00:00,18,branch_C6_sustained,branch,C6,bounded,continuous,187.125,61.505013182,810.127122204,-100,0,true,true,false,constraint_violation,0.909402304,108,1.082324177,210,0.040597696,0.924749353,C10,88.88339353,115_STEAM_3,139.514037049,316_STEAM_1,0,115,115_STEAM_3,100,4167.922066,4256.80545953,88.88339353
0,poi_bus_108,108,Alger,lagging_095,0.95,12,2020-01-01T12:00:00+00:00,19,branch_CA-1_immediate,branch,CA-1,fixed,short_term,187.125,61.505013182,810.127122204,-3.36627638,0.000000001,true,true,false,constraint_violation,0.899487859,108,1.081597785,210,0.050512141,0.859220759,C10,0,101_STEAM_3,54.756490498,316_STEAM_1,0,316,316_STEAM_1,100,4167.922066,4252.339898874,84.417832874
0,poi_bus_108,108,Alger,lagging_095,0.95,12,2020-01-01T12:00:00+00:00,20,branch_CA-1_sustained,branch,CA-1,bounded,continuous,187.125,61.505013182,810.127122204,-100,0.000000001,true,true,false,constraint_violation,0.851056811,108,1.081417138,210,0.098943189,1.156003766,CB-1,208.92080448,115_STEAM_3,251.69267216,316_STEAM_1,0,115,115_STEAM_3,100,4167.922066,4376.84287048,208.92080448
0,poi_bus_108,108,Alger,lagging_095,0.95,12,2020-01-01T12:00:00+00:00,21,generator_121_NUCLEAR_1_sustained,generator,121_NUCLEAR_1,bounded,continuous,187.125,61.505013182,810.127122204,-100,0.000000001,true,true,false,constraint_violation,0.899668308,108,1.080582736,210,0.050331692,0.947030658,C10,82.904348788,115_STEAM_3,98.003422341,316_STEAM_1,0,115,115_STEAM_3,99,4167.922066,4250.826414788,82.904348788
0,poi_bus_108,108,Alger,lagging_095,0.95,12,2020-01-01T12:00:00+00:00,22,generator_213_CC_3_sustained,generator,213_CC_3,bounded,continuous,187.125,61.505013182,810.127122204,-100,0,true,true,false,constraint_violation,0.89395015,108,1.08052436,210,0.05604985,0.916324512,C10,15.40517243,316_STEAM_1,175.528198439,316_STEAM_1,0,316,316_STEAM_1,100,4167.922066,4276.32723843,108.40517243
0,poi_bus_108,108,Alger,lagging_095,0.95,12,2020-01-01T12:00:00+00:00,23,generator_313_CC_1_sustained,generator,313_CC_1,bounded,continuous,187.125,61.505013182,810.127122204,-100,0,true,true,false,constraint_violation,0.909971053,108,1.082295117,210,0.040028947,0.92552668,C10,95.143844853,115_STEAM_3,176.490989426,316_STEAM_1,0,115,115_STEAM_3,100,4167.922066,4263.065910853,95.143844853
0,poi_bus_108,108,Alger,lagging_095,0.95,13,2020-01-01T13:00:00+00:00,0,normal,normal,,base,continuous,182.645833333,60.032782294,805.598865614,-100,0,true,true,false,constraint_violation,0.905916957,108,1.08254086,210,0.044083043,0.977237346,C10,0,101_STEAM_3,40.600089512,314_SYNC_COND_1,0,321,321_CC_1,101,4141.191983333,4218.826515419,77.634532086
0,poi_bus_108,108,Alger,lagging_095,0.95,13,2020-01-01T13:00:00+00:00,1,branch_A11_immediate,branch,A11,fixed,short_term,182.645833333,60.032782294,805.598865614,-100,0.000000001,true,true,false,constraint_violation,0.858082702,108,1.084540983,210,0.091917298,0.85507758,C10,0,101_STEAM_3,40.605346514,314_SYNC_COND_1,0,321,321_CC_1,101,4141.191983333,4219.779455353,78.58747202
0,poi_bus_108,108,Alger,lagging_095,0.95,13,2020-01-01T13:00:00+00:00,2,branch_A11_sustained,branch,A11,bounded,continuous,182.645833333,60.032782294,805.598865614,100.000000001,0,true,true,false,constraint_violation,0.846442919,108,1.083143571,210,0.103557081,0.931478568,C10,0,101_STEAM_3,45.03550647,316_STEAM_1,0,216,216_STEAM_1,101,4141.191983333,4231.036552346,89.844569013
0,poi_bus_108,108,Alger,lagging_095,0.95,13,2020-01-01T13:00:00+00:00,3,branch_A12-1_immediate,branch,A12-1,fixed,short_term,182.645833333,60.032782294,805.598865614,-100,0.000000001,true,true,false,constraint_violation,0.727481013,108,1.077877311,210,0.222518987,1.207955234,A13-2,0,101_STEAM_3,40.663223934,314_SYNC_COND_1,0,321,321_CC_1,101,4141.191983333,4248.032420731,106.840437398
0,poi_bus_108,108,Alger,lagging_095,0.95,13,2020-01-01T13:00:00+00:00,4,branch_A12-1_sustained,branch,A12-1,bounded,continuous,182.645833333,60.032782294,805.598865614,-100.000000001,0.000000001,true,true,false,constraint_violation,0.756149122,108,1.077044191,210,0.193850878,1.34213695,A13-2,0,101_STEAM_3,81.74541072,316_STEAM_1,0,321,321_CC_1,101,4141.191983333,4238.375934225,97.183950892
0,poi_bus_108,108,Alger,lagging_095,0.95,13,2020-01-01T13:00:00+00:00,5,branch_A34_immediate,branch,A34,fixed,short_term,182.645833333,60.032782294,805.598865614,-100,0.000000001,true,true,false,constraint_violation,0.905917498,108,1.082540097,210,0.044082502,0.855084939,C10,0,101_STEAM_3,40.596199654,314_SYNC_COND_1,0,321,321_CC_1,101,4141.191983333,4218.829230486,77.637247153
0,poi_bus_108,108,Alger,lagging_095,0.95,13,2020-01-01T13:00:00+00:00,6,branch_A34_sustained,branch,A34,bounded,continuous,182.645833333,60.032782294,805.598865614,-100,0.000000002,true,true,false,constraint_violation,0.904951571,108,1.083498013,210,0.045048429,0.940905098,C10,0,101_STEAM_3,41.921822775,316_STEAM_1,0,321,321_CC_1,101,4141.191983333,4227.096881069,85.904897736
0,poi_bus_108,108,Alger,lagging_095,0.95,13,2020-01-01T13:00:00+00:00,7,branch_B12-1_immediate,branch,B12-1,fixed,short_term,182.645833333,60.032782294,805.598865614,-100.000000001,0.000000001,true,true,false,constraint_violation,0.9060833,108,1.069756395,210,0.0439167,0.855051445,C10,0,101_STEAM_3,40.636696377,314_SYNC_COND_1,0,321,321_CC_1,101,4141.191983333,4223.314850107,82.122866774
0,poi_bus_108,108,Alger,lagging_095,0.95,13,2020-01-01T13:00:00+00:00,8,branch_B12-1_sustained,branch,B12-1,bounded,continuous,182.645833333,60.032782294,805.598865614,-100,0,true,true,false,constraint_violation,0.888523587,307,1.068617537,210,0.061476413,0.879705838,C10,0,101_STEAM_3,224.184659345,316_STEAM_1,0,321,321_CC_1,101,4141.191983333,4272.995890325,131.803906992
0,poi_bus_108,108,Alger,lagging_095,0.95,13,2020-01-01T13:00:00+00:00,9,branch_B22_immediate,branch,B22,fixed,short_term,182.645833333,60.032782294,805.598865614,-100,0.000000002,true,true,false,constraint_violation,0.902503896,108,1.075448956,210,0.047496104,0.854707362,C10,0,101_STEAM_3,41.08743593,314_SYNC_COND_1,0,321,321_CC_1,101,4141.191983333,4226.261735495,85.069752162
0,poi_bus_108,108,Alger,lagging_095,0.95,13,2020-01-01T13:00:00+00:00,10,branch_B22_sustained,branch,B22,bounded,continuous,182.645833333,60.032782294,805.598865614,-100,0,true,true,false,constraint_violation,0.894167954,108,1.077082904,210,0.055832046,0.916000079,C10,0,101_STEAM_3,112.813150608,316_STEAM_1,0,321,321_CC_1,101,4141.191983333,4245.963351424,104.771368091
0,poi_bus_108,108,Alger,lagging_095,0.95,13,2020-01-01T13:00:00+00:00,11,branch_B6_immediate,branch,B6,fixed,short_term,182.645833333,60.032782294,805.598865614,-100,0.000000001,true,true,false,constraint_violation,0.898341727,108,1.086515621,210,0.051658273,0.855086767,C10,0,101_STEAM_3,40.592403883,314_SYNC_COND_1,0,321,321_CC_1,101,4141.191983333,4219.007058705,77.815075372
0,poi_bus_108,108,Alger,lagging_095,0.95,13,2020-01-01T13:00:00+00:00,12,branch_B6_sustained,branch,B6,bounded,continuous,182.645833333,60.032782294,805.598865614,-100.000000001,0.000000001,true,true,false,constraint_violation,0.909989233,108,1.08478475,210,0.040010767,0.929284386,C10,0,101_STEAM_3,64.459469375,316_STEAM_1,0,321,321_CC_1,101,4141.191983333,4212.084910745,70.892927412
0,poi_bus_108,108,Alger,lagging_095,0.95,13,2020-01-01T13:00:00+00:00,13,branch_C12-1_immediate,branch,C12-1,fixed,short_term,182.645833333,60.032782294,805.598865614,-100,0,true,true,false,constraint_violation,0.841970052,307,1.082536533,210,0.108029948,0.798854746,C10,0,101_STEAM_3,42.216148947,316_STEAM_1,0,321,321_CC_1,101,4141.191983333,4225.537077625,84.345094292
0,poi_bus_108,108,Alger,lagging_095,0.95,13,2020-01-01T13:00:00+00:00,14,branch_C12-1_sustained,branch,C12-1,bounded,continuous,182.645833333,60.032782294,805.598865614,-100,0,true,true,false,constraint_violation,0.674075273,307,1.081235596,210,0.275924727,0.928500902,C13-2,0,101_STEAM_3,268.930818622,316_STEAM_1,0,321,321_CC_1,101,4141.191983333,4285.350966023,144.15898269
0,poi_bus_108,108,Alger,lagging_095,0.95,13,2020-01-01T13:00:00+00:00,15,branch_C27_immediate,branch,C27,fixed,short_term,182.645833333,60.032782294,805.598865614,-100,0.000000001,true,true,false,constraint_violation,0.906051545,108,1.08251713,210,0.043948455,0.854574234,C10,0,101_STEAM_3,42.8690777,316_STEAM_1,0,321,321_CC_1,101,4141.191983333,4218.924676317,77.732692984
0,poi_bus_108,108,Alger,lagging_095,0.95,13,2020-01-01T13:00:00+00:00,16,branch_C27_sustained,branch,C27,bounded,continuous,182.645833333,60.032782294,805.598865614,-99.999999999,0,true,true,false,constraint_violation,0.88409677,307,1.081222594,210,0.06590323,0.931640418,CA-1,0,101_STEAM_3,240.832331715,316_STEAM_1,0,321,321_CC_1,101,4141.191983333,4273.710207639,132.518224306
0,poi_bus_108,108,Alger,lagging_095,0.95,13,2020-01-01T13:00:00+00:00,17,branch_C6_immediate,branch,C6,fixed,short_term,182.645833333,60.032782294,805.598865614,-99.999999999,0,true,true,false,constraint_violation,0.905946161,108,1.082535761,210,0.044053839,0.847010507,C10,0,101_STEAM_3,34.805022663,314_SYNC_COND_1,0,321,321_CC_1,101,4141.191983333,4218.99029171,77.798308377
0,poi_bus_108,108,Alger,lagging_095,0.95,13,2020-01-01T13:00:00+00:00,18,branch_C6_sustained,branch,C6,bounded,continuous,182.645833333,60.032782294,805.598865614,-100.000000001,0.000000001,true,true,false,constraint_violation,0.904558791,108,1.083671544,210,0.045441209,0.930151472,C10,0,101_STEAM_4,58.930153148,316_STEAM_1,0,321,321_CC_1,101,4141.191983333,4226.675357225,85.483373892
0,poi_bus_108,108,Alger,lagging_095,0.95,13,2020-01-01T13:00:00+00:00,19,branch_CA-1_immediate,branch,CA-1,fixed,short_term,182.645833333,60.032782294,805.598865614,-100,0,true,true,false,constraint_violation,0.905315742,108,1.08264007,210,0.044684258,0.850133913,C10,0,101_STEAM_3,37.366608574,316_STEAM_1,0,321,321_CC_1,101,4141.191983333,4219.250957929,78.058974596
0,poi_bus_108,108,Alger,lagging_095,0.95,13,2020-01-01T13:00:00+00:00,20,branch_CA-1_sustained,branch,CA-1,bounded,continuous,182.645833333,60.032782294,805.598865614,-100,0.000000001,true,true,false,constraint_violation,0.879365269,108,1.082607823,210,0.070634731,0.981891708,A13-2,0,101_STEAM_3,104.255884881,316_STEAM_1,0,321,321_CC_1,101,4141.191983333,4269.022803307,127.830819974
0,poi_bus_108,108,Alger,lagging_095,0.95,13,2020-01-01T13:00:00+00:00,21,generator_121_NUCLEAR_1_sustained,generator,121_NUCLEAR_1,bounded,continuous,182.645833333,60.032782294,805.598865614,-100,0,true,true,false,constraint_violation,0.904307427,108,1.082344707,210,0.045692573,0.922137683,C10,0,101_STEAM_3,69.23709774,316_STEAM_1,0,321,321_CC_1,100,4141.191983333,4225.864178667,84.672195334
0,poi_bus_108,108,Alger,lagging_095,0.95,13,2020-01-01T13:00:00+00:00,22,generator_213_CC_3_sustained,generator,213_CC_3,bounded,continuous,182.645833333,60.032782294,805.598865614,-100,0,true,true,false,constraint_violation,0.903930649,108,1.083424119,210,0.046069351,0.934120313,C10,0,101_STEAM_3,62.180388294,316_STEAM_1,0,216,216_STEAM_1,101,4141.191983333,4230.206886512,89.014903179
0,poi_bus_108,108,Alger,lagging_095,0.95,13,2020-01-01T13:00:00+00:00,23,generator_313_CC_1_sustained,generator,313_CC_1,bounded,continuous,182.645833333,60.032782294,805.598865614,-100,0.000000001,true,true,false,constraint_violation,0.892011977,108,1.08343987,210,0.057988023,0.92616757,C10,0,101_STEAM_3,80.618910866,316_STEAM_1,0,321,321_CC_1,101,4141.191983333,4244.123376609,102.931393276
0,poi_bus_108,108,Alger,lagging_095,0.95,14,2020-01-01T14:00:00+00:00,0,normal,normal,,base,continuous,181.333333333,59.601384406,799.633003319,-100.000000001,0.000000001,true,true,false,constraint_violation,0.907580549,108,1.082688496,210,0.042419451,0.962588623,C10,0,101_STEAM_3,49.295958448,316_STEAM_1,0,321,321_CC_1,101,4110.564470333,4186.425673844,75.861203511
0,poi_bus_108,108,Alger,lagging_095,0.95,14,2020-01-01T14:00:00+00:00,1,branch_A11_immediate,branch,A11,fixed,short_term,181.333333333,59.601384406,799.633003319,-100,0,true,true,false,constraint_violation,0.859564968,108,1.084646014,210,0.090435032,0.842273245,C10,0,101_STEAM_3,49.199598921,316_STEAM_1,0,321,321_CC_1,101,4110.564470333,4187.538019889,76.973549556
0,poi_bus_108,108,Alger,lagging_095,0.95,14,2020-01-01T14:00:00+00:00,2,branch_A11_sustained,branch,A11,bounded,continuous,181.333333333,59.601384406,799.633003319,-100,0,true,true,false,constraint_violation,0.85750257,108,1.083320889,210,0.09249743,0.88103686,A13-2,0,101_STEAM_3,199.114396547,316_STEAM_1,0,321,321_CC_1,101,4110.564470333,4231.157058183,120.59258785
0,poi_bus_108,108,Alger,lagging_095,0.95,14,2020-01-01T14:00:00+00:00,3,branch_A12-1_immediate,branch,A12-1,fixed,short_term,181.333333333,59.601384406,799.633003319,-99.999999999,0,true,true,false,constraint_violation,0.735585066,108,1.078619076,210,0.214414934,1.183763934,A13-2,0,101_STEAM_3,48.958287069,316_STEAM_1,0,321,321_CC_1,101,4110.564470333,4212.785349462,102.220879129
0,poi_bus_108,108,Alger,lagging_095,0.95,14,2020-01-01T14:00:00+00:00,4,branch_A12-1_sustained,branch,A12-1,bounded,continuous,181.333333333,59.601384406,799.633003319,-99.999999999,0,true,true,false,constraint_violation,0.761401079,108,1.077643877,210,0.188598921,1.349908298,A13-2,12.467920914,115_STEAM_3,121.870655219,316_STEAM_1,0,115,115_STEAM_3,101,4110.564470334,4216.032391248,105.467920914
0,poi_bus_108,108,Alger,lagging_095,0.95,14,2020-01-01T14:00:00+00:00,5,branch_A34_immediate,branch,A34,fixed,short_term,181.333333333,59.601384406,799.633003319,-100,0,true,true,false,constraint_violation,0.907580152,108,1.082688869,210,0.042419848,0.842266507,C10,0,101_STEAM_3,49.284490648,316_STEAM_1,0,321,321_CC_1,101,4110.564470333,4186.428699486,75.864229153
0,poi_bus_108,108,Alger,lagging_095,0.95,14,2020-01-01T14:00:00+00:00,6,branch_A34_sustained,branch,A34,bounded,continuous,181.333333333,59.601384406,799.633003319,-100,0.000000002,true,true,false,constraint_violation,0.889006948,307,1.082496072,210,0.060993052,0.873246058,C10,0,101_STEAM_3,185.284614419,316_STEAM_1,0,321,321_CC_1,101,4110.564470333,4227.001195031,116.436724698
0,poi_bus_108,108,Alger,lagging_095,0.95,14,2020-01-01T14:00:00+00:00,7,branch_B12-1_immediate,branch,B12-1,fixed,short_term,181.333333333,59.601384406,799.633003319,-100,0,true,true,false,constraint_violation,0.907802822,108,1.070138883,210,0.042197178,0.842270743,C10,0,101_STEAM_3,49.132333188,316_STEAM_1,0,321,321_CC_1,101,4110.564470333,4190.557659622,79.993189289
0,poi_bus_108,108,Alger,lagging_095,0.95,14,2020-01-01T14:00:00+00:00,8,branch_B12-1_sustained,branch,B12-1,bounded,continuous,181.333333333,59.601384406,799.633003319,-100,0.000000001,true,true,false,constraint_violation,0.903157274,108,1.068931429,210,0.046842726,0.896595273,C10,8.056102661,316_STEAM_1,108.668081009,316_STEAM_1,0,316,316_STEAM_1,101,4110.564470333,4211.620572994,101.056102661
0,poi_bus_108,108,Alger,lagging_095,0.95,14,2020-01-01T14:00:00+00:00,9,branch_B22_immediate,branch,B22,fixed,short_term,181.333333333,59.601384406,799.633003319,-100,0.000000001,true,true,false,constraint_violation,0.904835656,108,1.076394889,210,0.045164344,0.842445756,C10,0,101_STEAM_3,47.607611654,316_STEAM_1,0,321,321_CC_1,101,4110.564470333,4191.804259768,81.239789435
0,poi_bus_108,108,Alger,lagging_095,0.95,14,2020-01-01T14:00:00+00:00,10,branch_B22_sustained,branch,B22,bounded,continuous,181.333333333,59.601384406,799.633003319,-99.999999999,0,true,true,false,constraint_violation,0.894461864,307,1.075954906,210,0.055538136,0.884383715,C10,0,101_STEAM_3,194.156086965,316_STEAM_1,0,321,321_CC_1,101,4110.564470333,4232.223924575,121.659454242
0,poi_bus_108,108,Alger,lagging_095,0.95,14,2020-01-01T14:00:00+00:00,11,branch_B6_immediate,branch,B6,fixed,short_term,181.333333333,59.601384406,799.633003319,-99.999999999,0,true,true,false,constraint_violation,0.900073191,108,1.086646236,210,0.049926809,0.842257987,C10,0,101_STEAM_3,49.345862677,316_STEAM_1,0,321,321_CC_1,101,4110.564470333,4186.596777848,76.032307515
0,poi_bus_108,108,Alger,lagging_095,0.95,14,2020-01-01T14:00:00+00:00,12,branch_B6_sustained,branch,B6,bounded,continuous,181.333333333,59.601384406,799.633003319,-100,0.000000001,true,true,false,constraint_violation,0.887575364,307,1.085328078,210,0.062424636,0.877211351,B10,0,101_STEAM_3,200.480841804,316_STEAM_1,0,321,321_CC_1,101,4110.564470333,4230.179023475,119.614553142
0,poi_bus_108,108,Alger,lagging_095,0.95,14,2020-01-01T14:00:00+00:00,13,branch_C12-1_immediate,branch,C12-1,fixed,short_term,181.333333333,59.601384406,799.633003319,-100,0.000000001,true,true,false,constraint_violation,0.800992337,307,1.082686552,210,0.149007663,0.775505363,C10,0,101_STEAM_3,71.493680252,316_STEAM_1,0,321,321_CC_1,101,4110.564470333,4195.442004786,84.877534453
0,poi_bus_108,108,Alger,lagging_095,0.95,14,2020-01-01T14:00:00+00:00,14,branch_C12-1_sustained,branch,C12-1,bounded,continuous,181.333333333,59.601384406,799.633003319,-100,0,true,true,false,constraint_violation,0.726887538,307,1.081353613,210,0.223112462,0.96132915,C13-2,14.549783143,216_STEAM_1,140.908296348,316_STEAM_1,0,216,216_STEAM_1,101,4110.564470333,4218.114253476,107.549783143
0,poi_bus_108,108,Alger,lagging_095,0.95,14,2020-01-01T14:00:00+00:00,15,branch_C27_immediate,branch,C27,fixed,short_term,181.333333333,59.601384406,799.633003319,-100,0,true,true,false,constraint_violation,0.907742364,108,1.082668939,210,0.042257636,0.841409835,C10,0,101_STEAM_3,63.785735245,316_STEAM_1,0,321,321_CC_1,101,4110.564470333,4186.571970424,76.007500091
0,poi_bus_108,108,Alger,lagging_095,0.95,14,2020-01-01T14:00:00+00:00,16,branch_C27_sustained,branch,C27,bounded,continuous,181.333333333,59.601384406,799.633003319,-100,0,true,true,false,constraint_violation,0.890970984,307,1.083026892,210,0.059029016,0.864912178,A10,21.639775114,316_STEAM_1,196.359847444,316_STEAM_1,0,316,316_STEAM_1,101,4110.564470333,4225.204245447,114.639775114
0,poi_bus_108,108,Alger,lagging_095,0.95,14,2020-01-01T14:00:00+00:00,17,branch_C6_immediate,branch,C6,fixed,short_term,181.333333333,59.601384406,799.633003319,-100,0.000000001,true,true,false,constraint_violation,0.907588631,108,1.082687539,210,0.042411369,0.837785522,C10,0,101_STEAM_3,50.274064916,316_STEAM_1,0,321,321_CC_1,101,4110.564470333,4186.542419284,75.977948951
0,poi_bus_108,108,Alger,lagging_095,0.95,14,2020-01-01T14:00:00+00:00,18,branch_C6_sustained,branch,C6,bounded,continuous,181.333333333,59.601384406,799.633003319,-100,0,true,true,false,constraint_violation,0.908744996,108,1.083422134,210,0.041255004,0.957804474,C10,0,101_STEAM_3,50.441129607,316_STEAM_1,0,321,321_CC_1,101,4110.564470333,4188.735719253,78.17124892
0,poi_bus_108,108,Alger,lagging_095,0.95,14,2020-01-01T14:00:00+00:00,19,branch_CA-1_immediate,branch,CA-1,fixed,short_term,181.333333333,59.601384406,799.633003319,-100,0,true,true,false,constraint_violation,0.901273147,108,1.08304127,210,0.048726853,0.835031255,C10,0,101_STEAM_3,62.835253589,316_STEAM_1,0,321,321_CC_1,101,4110.564470333,4199.438150211,88.873679878
0,poi_bus_108,108,Alger,lagging_095,0.95,14,2020-01-01T14:00:00+00:00,20,branch_CA-1_sustained,branch,CA-1,bounded,continuous,181.333333333,59.601384406,799.633003319,-100,0.000000001,true,true,false,constraint_violation,0.911451927,108,1.081442361,210,0.038548073,0.912427397,C10,0,101_STEAM_3,117.311274616,316_STEAM_1,0,116,116_STEAM_1,101,4110.564470333,4199.537803215,88.973332882
0,poi_bus_108,108,Alger,lagging_095,0.95,14,2020-01-01T14:00:00+00:00,21,generator_121_NUCLEAR_1_sustained,generator,121_NUCLEAR_1,bounded,continuous,181.333333333,59.601384406,799.633003319,-100,0.000000001,true,true,false,constraint_violation,0.907557253,108,1.082483616,210,0.042442747,0.923661089,C10,77.825581211,321_CC_1,56.729174616,316_STEAM_1,0,321,321_CC_1,100,4110.564470333,4188.390051544,77.825581211
0,poi_bus_108,108,Alger,lagging_095,0.95,14,2020-01-01T14:00:00+00:00,22,generator_213_CC_3_sustained,generator,213_CC_3,bounded,continuous,181.333333333,59.601384406,799.633003319,-100,0.000000001,true,true,false,constraint_violation,0.898303746,307,1.083154666,210,0.051696254,0.882956715,C10,0,101_STEAM_3,169.349514124,316_STEAM_1,0,321,321_CC_1,101,4110.564470333,4221.999761265,111.435290932
0,poi_bus_108,108,Alger,lagging_095,0.95,14,2020-01-01T14:00:00+00:00,23,generator_313_CC_1_sustained,generator,313_CC_1,bounded,continuous,181.333333333,59.601384406,799.633003319,-100,0,true,true,false,constraint_violation,0.888427912,307,1.081406245,210,0.061572088,0.878829859,C10,0,101_STEAM_3,202.574101019,316_STEAM_1,0,321,321_CC_1,101,4110.564470333,4230.936536259,120.372065926
0,poi_bus_108,108,Alger,lagging_095,0.95,15,2020-01-01T15:00:00+00:00,0,normal,normal,,base,continuous,185.25,60.888730484,796.28929986,-100,0,true,true,false,constraint_violation,0.906900786,108,1.082642987,210,0.043099214,0.95112147,C10,0,101_STEAM_3,9.430826171,101_STEAM_3,0,221,221_CC_1,102,4098.05087,4196.057235057,98.006365057
0,poi_bus_108,108,Alger,lagging_095,0.95,15,2020-01-01T15:00:00+00:00,1,branch_A11_immediate,branch,A11,fixed,short_term,185.25,60.888730484,796.28929986,-100,0,true,true,false,constraint_violation,0.854152748,108,1.084601514,210,0.095847252,0.832389727,C10,0,101_STEAM_3,4.691350517,101_STEAM_3,0,221,221_CC_1,102,4098.05087,4198.34593394,100.29506394
0,poi_bus_108,108,Alger,lagging_095,0.95,15,2020-01-01T15:00:00+00:00,2,branch_A11_sustained,branch,A11,bounded,continuous,185.25,60.888730484,796.28929986,-100,0,true,true,false,constraint_violation,0.853666367,108,1.08311185,210,0.096333633,0.902828712,C10,90.615685452,321_CC_1,64.898198256,316_STEAM_1,0,321,321_CC_1,102,4098.05087,4213.715685452,115.664815452
0,poi_bus_108,108,Alger,lagging_095,0.95,15,2020-01-01T15:00:00+00:00,3,branch_A12-1_immediate,branch,A12-1,fixed,short_term,185.25,60.888730484,796.28929986,-100,0,true,true,false,constraint_violation,0.727884129,108,1.078547656,210,0.222115871,1.173684005,A13-2,0,101_STEAM_3,6.700338264,215_HYDRO_1,0,221,221_CC_1,102,4098.05087,4223.711014299,125.660144299
0,poi_bus_108,108,Alger,lagging_095,0.95,15,2020-01-01T15:00:00+00:00,4,branch_A12-1_sustained,branch,A12-1,bounded,continuous,185.25,60.888730484,796.28929986,-100,0,true,true,false,constraint_violation,0.746011631,108,1.07771204,210,0.203988369,1.386551196,A13-2,54.402728167,116_STEAM_1,103.425253993,316_STEAM_1,0,116,116_STEAM_1,102,4098.05087,4245.453598167,147.402728167
0,poi_bus_108,108,Alger,lagging_095,0.95,15,2020-01-01T15:00:00+00:00,5,branch_A34_immediate,branch,A34,fixed,short_term,185.25,60.888730484,796.28929986,-100,0,true,true,false,constraint_violation,0.906903831,108,1.082646481,210,0.043096169,0.832315105,C10,0,101_STEAM_3,9.425682613,101_STEAM_3,0,221,221_CC_1,102,4098.05087,4196.549409826,98.498539826
0,poi_bus_108,108,Alger,lagging_095,0.95,15,2020-01-01T15:00:00+00:00,6,branch_A34_sustained,branch,A34,bounded,continuous,185.25,60.888730484,796.28929986,-100,0.000000001,true,true,false,constraint_violation,0.905722496,307,1.081318504,210,0.044277504,0.973830124,CA-1,0,101_STEAM_3,118.239084048,316_STEAM_1,0,321,321_CC_1,102,4098.05087,4233.757164332,135.706294332
0,poi_bus_108,108,Alger,lagging_095,0.95,15,2020-01-01T15:00:00+00:00,7,branch_B12-1_immediate,branch,B12-1,fixed,short_term,185.25,60.888730484,796.28929986,-100,0.000000001,true,true,false,constraint_violation,0.907140471,108,1.070036734,210,0.042859529,0.83218728,C10,0,101_STEAM_3,9.456486347,101_STEAM_3,0,221,221_CC_1,102,4098.05087,4200.302282055,102.251412055
0,poi_bus_108,108,Alger,lagging_095,0.95,15,2020-01-01T15:00:00+00:00,8,branch_B12-1_sustained,branch,B12-1,bounded,continuous,185.25,60.888730484,796.28929986,100.000000001,0.000000001,true,true,false,constraint_violation,0.912767136,108,1.067928506,210,0.037232864,0.92784309,C10,0,101_STEAM_3,0.326865883,101_STEAM_3,0,221,221_CC_1,102,4098.05087,4190.196596171,92.145726171
0,poi_bus_108,108,Alger,lagging_095,0.95,15,2020-01-01T15:00:00+00:00,9,branch_B22_immediate,branch,B22,fixed,short_term,185.25,60.888730484,796.28929986,-100,0.000000001,true,true,false,constraint_violation,0.904759275,108,1.076791914,210,0.045240725,0.832823995,C10,0,101_STEAM_3,9.207360839,101_STEAM_3,0,221,221_CC_1,102,4098.05087,4200.007384796,101.956514796
0,poi_bus_108,108,Alger,lagging_095,0.95,15,2020-01-01T15:00:00+00:00,10,branch_B22_sustained,branch,B22,bounded,continuous,185.25,60.888730484,796.28929986,-100.000000001,0,true,true,false,constraint_violation,0.901147539,108,1.077511079,210,0.048852461,0.917465114,C10,0,101_STEAM_3,45.372131934,316_STEAM_1,0,221,221_CC_1,102,4098.05087,4211.248294114,113.197424114
0,poi_bus_108,108,Alger,lagging_095,0.95,15,2020-01-01T15:00:00+00:00,11,branch_B6_immediate,branch,B6,fixed,short_term,185.25,60.888730484,796.28929986,-100,0.000000001,true,true,false,constraint_violation,0.899305238,108,1.086623924,210,0.050694762,0.832176976,C10,0,101_STEAM_3,8.770607628,101_STEAM_3,0,221,221_CC_1,102,4098.05087,4196.336980492,98.286110492
0,poi_bus_108,108,Alger,lagging_095,0.95,15,2020-01-01T15:00:00+00:00,12,branch_B6_sustained,branch,B6,bounded,continuous,185.25,60.888730484,796.28929986,-100,0,true,true,false,constraint_violation,0.899645643,307,1.085312996,210,0.050354357,0.975461133,CA-1,0,101_STEAM_3,141.918368843,316_STEAM_1,0,321,321_CC_1,102,4098.05087,4240.810823453,142.759953453
0,poi_bus_108,108,Alger,lagging_095,0.95,15,2020-01-01T15:00:00+00:00,13,branch_C12-1_immediate,branch,C12-1,fixed,short_term,185.25,60.888730484,796.28929986,-100,0,true,true,false,constraint_violation,0.749914594,307,1.082669942,210,0.200085406,0.893157253,C13-2,0,101_STEAM_3,40.408923098,316_STEAM_1,0,221,221_CC_1,102,4098.05087,4212.987436814,114.936566814
0,poi_bus_108,108,Alger,lagging_095,0.95,15,2020-01-01T15:00:00+00:00,14,branch_C12-1_sustained,branch,C12-1,bounded,continuous,185.25,60.888730484,796.28929986,-100,0,true,false,false,not_converged,,,,,,,,,,,,,221,221_CC_1,102,,,
0,poi_bus_108,108,Alger,lagging_095,0.95,15,2020-01-01T15:00:00+00:00,15,branch_C27_immediate,branch,C27,fixed,short_term,185.25,60.888730484,796.28929986,-100,0,true,true,false,constraint_violation,0.907303058,108,1.082605253,210,0.042696942,0.827081138,C10,0,101_STEAM_3,16.132139777,316_STEAM_1,0,221,221_CC_1,102,4098.05087,4198.737933734,100.687063734
0,poi_bus_108,108,Alger,lagging_095,0.95,15,2020-01-01T15:00:00+00:00,16,branch_C27_sustained,branch,C27,bounded,continuous,185.25,60.888730484,796.28929986,-99.999999999,0.000000001,true,true,false,constraint_violation,0.905160031,108,1.083476034,210,0.044839969,0.917736569,CA-1,0,101_STEAM_3,110.26092795,316_STEAM_1,0,221,221_CC_1,102,4098.05087,4226.443124854,128.392254854
0,poi_bus_108,108,Alger,lagging_095,0.95,15,2020-01-01T15:00:00+00:00,17,branch_C6_immediate,branch,C6,fixed,short_term,185.25,60.888730484,796.28929986,-100,0.000000001,true,true,false,constraint_violation,0.906951551,108,1.08264024,210,0.043048449,0.813923465,C10,0,101_STEAM_3,9.432906566,101_STEAM_3,0,221,221_CC_1,102,4098.05087,4197.164056168,99.113186168
0,poi_bus_108,108,Alger,lagging_095,0.95,15,2020-01-01T15:00:00+00:00,18,branch_C6_sustained,branch,C6,bounded,continuous,185.25,60.888730484,796.28929986,-100,0,true,true,false,constraint_violation,0.909077288,108,1.083868432,210,0.040922712,0.897966325,C10,101.44447017,221_CC_1,15.310390369,316_STEAM_1,0,221,221_CC_1,102,4098.05087,4199.49534017,101.44447017
0,poi_bus_108,108,Alger,lagging_095,0.95,15,2020-01-01T15:00:00+00:00,19,branch_CA-1_immediate,branch,CA-1,fixed,short_term,185.25,60.888730484,796.28929986,-100,0,true,true,false,constraint_violation,0.891902457,108,1.081973035,210,0.058097543,1.084488522,CB-1,32.817659598,221_CC_1,65.518710558,316_STEAM_1,0,221,221_CC_1,102,4098.05087,4271.150993054,173.100123054
0,poi_bus_108,108,Alger,lagging_095,0.95,15,2020-01-01T15:00:00+00:00,20,branch_CA-1_sustained,branch,CA-1,bounded,continuous,185.25,60.888730484,796.28929986,100,0,true,true,false,constraint_violation,0.889395749,108,1.083553459,210,0.060604251,1.184769693,CB-1,74.249486483,116_STEAM_1,88.483475227,316_STEAM_1,0,116,116_STEAM_1,102,4098.05087,4265.300356483,167.249486483
0,poi_bus_108,108,Alger,lagging_095,0.95,15,2020-01-01T15:00:00+00:00,21,generator_121_NUCLEAR_1_sustained,generator,121_NUCLEAR_1,bounded,continuous,185.25,60.888730484,796.28929986,-100,0,true,true,false,constraint_violation,0.884741694,307,1.08297584,210,0.065258306,0.861167753,C10,114.259279301,221_CC_1,174.736773581,316_STEAM_1,0,221,221_CC_1,101,4098.05087,4212.310149301,114.259279301
0,poi_bus_108,108,Alger,lagging_095,0.95,15,2020-01-01T15:00:00+00:00,22,generator_213_CC_3_sustained,generator,213_CC_3,bounded,continuous,185.25,60.888730484,796.28929986,-100,0,true,true,false,constraint_violation,0.906325932,108,1.081319067,210,0.043674068,0.930180006,CA-1,0,101_STEAM_3,79.599176155,316_STEAM_1,0,221,221_CC_1,102,4098.05087,4223.92603468,125.87516468
0,poi_bus_108,108,Alger,lagging_095,0.95,15,2020-01-01T15:00:00+00:00,23,generator_313_CC_1_sustained,generator,313_CC_1,bounded,continuous,185.25,60.888730484,796.28929986,-100,0.000000001,true,true,false,constraint_violation,0.903154529,307,1.081342203,210,0.046845471,1.017409126,CA-1,0,101_STEAM_3,126.253146313,316_STEAM_1,0,221,221_CC_1,102,4098.05087,4240.914968106,142.864098106
0,poi_bus_108,108,Alger,lagging_095,0.95,16,2020-01-01T16:00:00+00:00,0,normal,normal,,base,continuous,185.666666667,61.025682195,825.723262372,100,0,true,true,false,constraint_violation,0.901796509,108,1.085535439,210,0.048203491,0.908820052,C10,47.190209469,221_CC_1,39.414502628,316_STEAM_1,0,221,221_CC_1,105,4243.099938667,4351.956814736,108.856876069
0,poi_bus_108,108,Alger,lagging_095,0.95,16,2020-01-01T16:00:00+00:00,1,branch_A11_immediate,branch,A11,fixed,short_term,185.666666667,61.025682195,825.723262372,100,0.000000002,true,true,false,constraint_violation,0.842116032,108,1.086817958,210,0.107883968,0.794949647,C10,52.657637883,221_CC_1,39.843392792,316_STEAM_1,0,221,221_CC_1,105,4243.099938667,4357.42424315,114.324304483
0,poi_bus_108,108,Alger,lagging_095,0.95,16,2020-01-01T16:00:00+00:00,2,branch_A11_sustained,branch,A11,bounded,continuous,185.666666667,61.025682195,825.723262372,-100,0,true,true,false,constraint_violation,0.846915561,108,1.088884859,210,0.103084439,0.927226749,C10,134.9929902,221_CC_1,113.145865972,316_STEAM_1,0,221,221_CC_1,105,4243.099938667,4378.092928867,134.9929902
0,poi_bus_108,108,Alger,lagging_095,0.95,16,2020-01-01T16:00:00+00:00,3,branch_A12-1_immediate,branch,A12-1,fixed,short_term,185.666666667,61.025682195,825.723262372,100.000000001,0,true,true,false,constraint_violation,0.70818865,108,1.082466447,210,0.24181135,1.110795859,A13-2,77.354006098,221_CC_1,39.203110136,316_STEAM_1,0,221,221_CC_1,105,4243.099938667,4382.120611365,139.020672698
0,poi_bus_108,108,Alger,lagging_095,0.95,16,2020-01-01T16:00:00+00:00,4,branch_A12-1_sustained,branch,A12-1,bounded,continuous,185.666666667,61.025682195,825.723262372,91.118683719,0,true,true,false,constraint_violation,0.707715289,108,1.081675137,210,0.242284711,1.411885342,A13-2,0,101_STEAM_3,34.767500611,316_STEAM_1,0,221,221_CC_1,105,4243.099938667,4376.684068763,133.584130096
0,poi_bus_108,108,Alger,lagging_095,0.95,16,2020-01-01T16:00:00+00:00,5,branch_A34_immediate,branch,A34,fixed,short_term,185.666666667,61.025682195,825.723262372,99.999999999,0.000000001,true,true,false,constraint_violation,0.901814114,108,1.085537127,210,0.048185886,0.795181579,C10,47.676100248,221_CC_1,39.465627155,316_STEAM_1,0,221,221_CC_1,105,4243.099938667,4352.442705515,109.342766848
0,poi_bus_108,108,Alger,lagging_095,0.95,16,2020-01-01T16:00:00+00:00,6,branch_A34_sustained,branch,A34,bounded,continuous,185.666666667,61.025682195,825.723262372,-100.000000001,0.000000001,true,true,false,constraint_violation,0.904116865,108,1.084958794,210,0.045883135,1.18099094,CB-1,136.489947955,216_STEAM_1,187.53006213,316_STEAM_1,0,216,216_STEAM_1,105,4243.099938666,4416.48410002,173.384161354
0,poi_bus_108,108,Alger,lagging_095,0.95,16,2020-01-01T16:00:00+00:00,7,branch_B12-1_immediate,branch,B12-1,fixed,short_term,185.666666667,61.025682195,825.723262372,100,0.000000001,true,true,false,constraint_violation,0.902090677,108,1.073299339,210,0.047909323,0.795237411,C10,51.549548068,221_CC_1,39.387152179,316_STEAM_1,0,221,221_CC_1,105,4243.099938667,4356.316153335,113.216214668
0,poi_bus_108,108,Alger,lagging_095,0.95,16,2020-01-01T16:00:00+00:00,8,branch_B12-1_sustained,branch,B12-1,bounded,continuous,185.666666667,61.025682195,825.723262372,-67.359989828,0.000000001,true,true,false,constraint_violation,0.904824205,108,1.07463984,210,0.045175795,0.943294054,CB-1,0,101_STEAM_3,107.192131955,316_STEAM_1,0,321,321_CC_1,105,4243.099938667,4378.227423604,135.127484937
0,poi_bus_108,108,Alger,lagging_095,0.95,16,2020-01-01T16:00:00+00:00,9,branch_B22_immediate,branch,B22,fixed,short_term,185.666666667,61.025682195,825.723262372,100,0,true,true,false,constraint_violation,0.901898173,108,1.085170081,210,0.048101827,0.795082513,C10,47.947413586,221_CC_1,39.616949622,316_STEAM_1,0,221,221_CC_1,105,4243.099938667,4352.714018853,109.614080186
0,poi_bus_108,108,Alger,lagging_095,0.95,16,2020-01-01T16:00:00+00:00,10,branch_B22_sustained,branch,B22,bounded,continuous,185.666666667,61.025682195,825.723262372,-100,0,true,true,false,constraint_violation,0.904310875,108,1.084324504,210,0.045689125,0.918125133,C10,0,101_STEAM_3,74.454652144,316_STEAM_1,0,221,221_CC_1,105,4243.099938667,4355.146375946,112.046437279
0,poi_bus_108,108,Alger,lagging_095,0.95,16,2020-01-01T16:00:00+00:00,11,branch_B6_immediate,branch,B6,fixed,short_term,185.666666667,61.025682195,825.723262372,100,0.000000001,true,true,false,constraint_violation,0.891779569,108,1.089203238,210,0.058220431,0.795148897,C10,47.979585153,221_CC_1,39.513857001,316_STEAM_1,0,221,221_CC_1,105,4243.099938667,4352.74619042,109.646251753
0,poi_bus_108,108,Alger,lagging_095,0.95,16,2020-01-01T16:00:00+00:00,12,branch_B6_sustained,branch,B6,bounded,continuous,185.666666667,61.025682195,825.723262372,-100.000000001,0.000000001,true,true,false,constraint_violation,0.89493079,108,1.088054624,210,0.05506921,0.920274118,C10,59.607817209,316_STEAM_1,105.360689486,316_STEAM_1,0,316,316_STEAM_1,105,4243.099938667,4370.907817209,127.807878542
0,poi_bus_108,108,Alger,lagging_095,0.95,16,2020-01-01T16:00:00+00:00,13,branch_C12-1_immediate,branch,C12-1,fixed,short_term,185.666666667,61.025682195,825.723262372,100.000000001,0.000000001,true,true,false,constraint_violation,0.901790493,108,1.08553858,210,0.048209507,0.759185083,B10,55.294188152,221_CC_1,42.051030161,316_STEAM_1,0,221,221_CC_1,105,4243.099938667,4360.060793419,116.960854752
0,poi_bus_108,108,Alger,lagging_095,0.95,16,2020-01-01T16:00:00+00:00,14,branch_C12-1_sustained,branch,C12-1,bounded,continuous,185.666666667,61.025682195,825.723262372,-100,0.000000001,true,true,false,constraint_violation,0.904922825,108,1.086920153,210,0.045077175,0.949896079,CB-1,0,101_STEAM_3,100.863075642,316_STEAM_1,0,321,321_CC_1,105,4243.099938666,4375.834635456,132.73469679
0,poi_bus_108,108,Alger,lagging_095,0.95,16,2020-01-01T16:00:00+00:00,15,branch_C27_immediate,branch,C27,fixed,short_term,185.666666667,61.025682195,825.723262372,100,0.000000001,true,true,false,constraint_violation,0.901633941,108,1.085505139,210,0.048366059,0.791074849,C10,51.378725673,221_CC_1,47.249445723,316_STEAM_1,0,221,221_CC_1,105,4243.099938667,4356.14533094,113.045392273
0,poi_bus_108,108,Alger,lagging_095,0.95,16,2020-01-01T16:00:00+00:00,16,branch_C27_sustained,branch,C27,bounded,continuous,185.666666667,61.025682195,825.723262372,-100,0,true,true,false,constraint_violation,0.90434231,108,1.084657929,210,0.04565769,0.924466661,C10,65.969808498,307_CT_2,59.312896213,316_STEAM_1,0,307,307_CT_2,105,4243.099938667,4342.069747165,98.969808498
0,poi_bus_108,108,Alger,lagging_095,0.95,16,2020-01-01T16:00:00+00:00,17,branch_C6_immediate,branch,C6,fixed,short_term,185.666666667,61.025682195,825.723262372,100,0,true,true,false,constraint_violation,0.901781681,108,1.085532797,210,0.048218319,0.78019133,C10,48.280693835,221_CC_1,40.56262007,316_STEAM_1,0,221,221_CC_1,105,4243.099938667,4353.047299102,109.947360435
0,poi_bus_108,108,Alger,lagging_095,0.95,16,2020-01-01T16:00:00+00:00,18,branch_C6_sustained,branch,C6,bounded,continuous,185.666666667,61.025682195,825.723262372,-100,0.000000001,true,true,false,constraint_violation,0.904545999,108,1.084851641,210,0.045454001,0.949189484,CB-1,0,101_STEAM_3,127.411906197,316_STEAM_1,0,321,321_CC_1,105,4243.099938666,4379.623173456,136.52323479
0,poi_bus_108,108,Alger,lagging_095,0.95,16,2020-01-01T16:00:00+00:00,19,branch_CA-1_immediate,branch,CA-1,fixed,short_term,185.666666667,61.025682195,825.723262372,100,0.000000002,true,true,false,constraint_violation,0.897530468,108,1.085172328,210,0.052469532,1.239315373,CB-1,120.898546637,221_CC_1,158.491186379,316_STEAM_1,0,221,221_CC_1,105,4243.099938667,4425.665151904,182.565213237
0,poi_bus_108,108,Alger,lagging_095,0.95,16,2020-01-01T16:00:00+00:00,20,branch_CA-1_sustained,branch,CA-1,bounded,continuous,185.666666667,61.025682195,825.723262372,100,0.000000001,true,true,false,constraint_violation,0.903328479,108,1.084860802,210,0.046671521,0.915619304,C10,75.213811362,307_CT_2,58.081149691,316_STEAM_1,0,307,307_CT_2,105,4243.099938667,4346.483759029,103.383820362
0,poi_bus_108,108,Alger,lagging_095,0.95,16,2020-01-01T16:00:00+00:00,21,generator_121_NUCLEAR_1_sustained,generator,121_NUCLEAR_1,bounded,continuous,185.666666667,61.025682195,825.723262372,-100,0,true,true,false,constraint_violation,0.901647642,108,1.084822361,210,0.048352358,0.949481289,CB-1,125.499738281,221_CC_1,76.8945193,316_STEAM_1,0,221,221_CC_1,104,4243.099938667,4368.599676948,125.499738281
0,poi_bus_108,108,Alger,lagging_095,0.95,16,2020-01-01T16:00:00+00:00,22,generator_213_CC_3_sustained,generator,213_CC_3,bounded,continuous,185.666666667,61.025682195,825.723262372,-100,0.000000001,true,true,false,constraint_violation,0.903352455,108,1.079807364,210,0.046647545,0.918623295,C10,117.289834272,221_CC_1,74.867715813,316_STEAM_1,0,221,221_CC_1,104,4243.099938667,4360.389772939,117.289834272
0,poi_bus_108,108,Alger,lagging_095,0.95,16,2020-01-01T16:00:00+00:00,23,generator_313_CC_1_sustained,generator,313_CC_1,bounded,continuous,185.666666667,61.025682195,825.723262372,-70.503266303,0.000000001,true,true,false,constraint_violation,0.903589455,108,1.084916097,210,0.046410545,1.178437488,CB-1,113.702002458,221_CC_1,207.162796344,316_STEAM_1,0,221,221_CC_1,104,4243.099938667,4418.202002458,175.102063791
0,poi_bus_108,108,Alger,lagging_095,0.95,17,2020-01-01T17:00:00+00:00,0,normal,normal,,base,continuous,189.020833333,62.128143464,931.674803888,57.3134342,0.000000001,true,true,false,constraint_violation,0.887063972,108,1.078133793,210,0.062936028,0.90229958,C10,74.415388259,221_CC_1,95.093254373,316_STEAM_1,0,221,221_CC_1,105,4767.078059333,4903.160114192,136.082054859
0,poi_bus_108,108,Alger,lagging_095,0.95,17,2020-01-01T17:00:00+00:00,1,branch_A11_immediate,branch,A11,fixed,short_term,189.020833333,62.128143464,931.674803888,57.3134342,0.000000001,true,true,false,constraint_violation,0.824158772,108,1.07963426,210,0.125841228,0.789560882,C10,79.314319455,221_CC_1,95.15314195,316_STEAM_1,0,221,221_CC_1,105,4767.078059333,4908.059045388,140.980986055
0,poi_bus_108,108,Alger,lagging_095,0.95,17,2020-01-01T17:00:00+00:00,2,branch_A11_sustained,branch,A11,bounded,continuous,189.020833333,62.128143464,931.674803888,-99.999999999,0,true,true,false,constraint_violation,0.82826296,108,1.079169521,210,0.12173704,0.969695149,A13-2,119.08076497,321_CC_1,152.073207928,316_STEAM_1,0,321,321_CC_1,105,4767.078059333,4921.94211607,154.864056737
0,poi_bus_108,108,Alger,lagging_095,0.95,17,2020-01-01T17:00:00+00:00,3,branch_A12-1_immediate,branch,A12-1,fixed,short_term,189.020833333,62.128143464,931.674803888,57.3134342,0.000000001,true,false,false,not_converged,,,,,,,,,,,,,221,221_CC_1,105,,,
0,poi_bus_108,108,Alger,lagging_095,0.95,17,2020-01-01T17:00:00+00:00,4,branch_A12-1_sustained,branch,A12-1,bounded,continuous,189.020833333,62.128143464,931.674803888,-100,0.000000002,true,false,false,not_converged,,,,,,,,,,,,,221,221_CC_1,105,,,
0,poi_bus_108,108,Alger,lagging_095,0.95,17,2020-01-01T17:00:00+00:00,5,branch_A34_immediate,branch,A34,fixed,short_term,189.020833333,62.128143464,931.674803888,57.3134342,0,true,true,false,constraint_violation,0.887163565,108,1.078146222,210,0.062836435,0.789569338,C10,85.069414105,221_CC_1,95.170374503,316_STEAM_1,0,221,221_CC_1,105,4767.078059333,4913.814140038,146.736080705
0,poi_bus_108,108,Alger,lagging_095,0.95,17,2020-01-01T17:00:00+00:00,6,branch_A34_sustained,branch,A34,bounded,continuous,189.020833333,62.128143464,931.674803888,-100,0.000000001,true,true,false,constraint_violation,0.888063369,108,1.077500219,210,0.061936631,0.938002854,C10,109.235808336,307_CT_2,119.708577091,316_STEAM_1,0,307,307_CT_2,105,4767.078059333,4909.313867669,142.235808336
0,poi_bus_108,108,Alger,lagging_095,0.95,17,2020-01-01T17:00:00+00:00,7,branch_B12-1_immediate,branch,B12-1,fixed,short_term,189.020833333,62.128143464,931.674803888,57.3134342,0,true,true,false,constraint_violation,0.883016295,207,1.058398901,210,0.066983705,0.794670753,B13-2,82.058991165,221_CC_1,95.089628049,316_STEAM_1,0,221,221_CC_1,105,4767.078059333,4910.803717098,143.725657765
0,poi_bus_108,108,Alger,lagging_095,0.95,17,2020-01-01T17:00:00+00:00,8,branch_B12-1_sustained,branch,B12-1,bounded,continuous,189.020833333,62.128143464,931.674803888,-100,0.000000002,true,true,false,constraint_violation,0.88262794,207,1.058117568,210,0.06737206,1.10217511,CA-1,45.580012461,221_CC_1,161.750258119,316_STEAM_1,0,221,221_CC_1,105,4767.078059334,4935.143337942,168.065278608
0,poi_bus_108,108,Alger,lagging_095,0.95,17,2020-01-01T17:00:00+00:00,9,branch_B22_immediate,branch,B22,fixed,short_term,189.020833333,62.128143464,931.674803888,57.3134342,0,true,true,false,constraint_violation,0.886611554,108,1.077444478,210,0.063388446,0.789561501,C10,76.080138363,221_CC_1,95.154331325,316_STEAM_1,0,221,221_CC_1,105,4767.078059333,4904.824864296,137.746804963
0,poi_bus_108,108,Alger,lagging_095,0.95,17,2020-01-01T17:00:00+00:00,10,branch_B22_sustained,branch,B22,bounded,continuous,189.020833333,62.128143464,931.674803888,-100,0,true,true,false,constraint_violation,0.888185063,108,1.078946438,210,0.061814937,0.96591113,CA-1,0,101_STEAM_3,120.011235225,316_STEAM_1,0,321,321_CC_1,105,4767.078059333,4908.462472585,141.384413252
0,poi_bus_108,108,Alger,lagging_095,0.95,17,2020-01-01T17:00:00+00:00,11,branch_B6_immediate,branch,B6,fixed,short_term,189.020833333,62.128143464,931.674803888,57.3134342,0.000000002,true,true,false,constraint_violation,0.876634487,108,1.081722218,210,0.073365513,0.789524144,C10,75.125079669,221_CC_1,95.102026541,316_STEAM_1,0,221,221_CC_1,105,4767.078059333,4903.869805602,136.791746269
0,poi_bus_108,108,Alger,lagging_095,0.95,17,2020-01-01T17:00:00+00:00,12,branch_B6_sustained,branch,B6,bounded,continuous,189.020833333,62.128143464,931.674803888,-100,0.000000001,true,true,false,constraint_violation,0.878990676,108,1.081440051,210,0.071009324,0.931055212,C10,84.773850302,307_CT_2,111.704956293,316_STEAM_1,0,307,307_CT_2,105,4767.078059333,4884.851909635,117.773850302
0,poi_bus_108,108,Alger,lagging_095,0.95,17,2020-01-01T17:00:00+00:00,13,branch_C12-1_immediate,branch,C12-1,fixed,short_term,189.020833333,62.128143464,931.674803888,57.313434201,0.000000002,true,true,false,constraint_violation,0.887101391,108,1.078143324,210,0.062898609,0.876725234,C13-2,87.284714012,221_CC_1,102.017990438,316_STEAM_1,0,221,221_CC_1,105,4767.078059333,4916.029439945,148.951380612
0,poi_bus_108,108,Alger,lagging_095,0.95,17,2020-01-01T17:00:00+00:00,14,branch_C12-1_sustained,branch,C12-1,bounded,continuous,189.020833333,62.128143464,931.674803888,-100,0,true,true,false,constraint_violation,0.891739225,108,1.077790993,210,0.058260775,0.992148373,CA-1,156.680306431,221_CC_1,135.731319219,316_STEAM_1,0,221,221_CC_1,105,4767.078059333,4923.758365764,156.680306431
0,poi_bus_108,108,Alger,lagging_095,0.95,17,2020-01-01T17:00:00+00:00,15,branch_C27_immediate,branch,C27,fixed,short_term,189.020833333,62.128143464,931.674803888,57.3134342,0,true,true,false,constraint_violation,0.887376713,108,1.078068624,210,0.062623287,0.787965,C10,86.415698507,221_CC_1,129.932721907,316_STEAM_1,0,221,221_CC_1,105,4767.078059333,4915.16042444,148.082365107
0,poi_bus_108,108,Alger,lagging_095,0.95,17,2020-01-01T17:00:00+00:00,16,branch_C27_sustained,branch,C27,bounded,continuous,189.020833333,62.128143464,931.674803888,-100,0.000000001,true,true,false,constraint_violation,0.888784031,108,1.078791394,210,0.061215969,0.989258651,CA-1,0,101_STEAM_3,161.266560456,316_STEAM_1,0,221,221_CC_1,105,4767.078059333,4918.165439748,151.087380415
0,poi_bus_108,108,Alger,lagging_095,0.95,17,2020-01-01T17:00:00+00:00,17,branch_C6_immediate,branch,C6,fixed,short_term,189.020833333,62.128143464,931.674803888,57.3134342,0.000000002,true,true,false,constraint_violation,0.8870922,108,1.07813024,210,0.0629078,0.783633441,C10,75.821822788,221_CC_1,97.596145324,316_STEAM_1,0,221,221_CC_1,105,4767.078059333,4904.566548721,137.488489388
0,poi_bus_108,108,Alger,lagging_095,0.95,17,2020-01-01T17:00:00+00:00,18,branch_C6_sustained,branch,C6,bounded,continuous,189.020833333,62.128143464,931.674803888,-100,0,true,true,false,constraint_violation,0.889583908,108,1.077638791,210,0.060416092,0.930778931,C10,82.420188247,307_CT_2,109.75666255,316_STEAM_1,0,307,307_CT_2,105,4767.078059333,4882.49824758,115.420188247
0,poi_bus_108,108,Alger,lagging_095,0.95,17,2020-01-01T17:00:00+00:00,19,branch_CA-1_immediate,branch,CA-1,fixed,short_term,189.020833333,62.128143464,931.674803888,57.3134342,0,true,true,false,constraint_violation,0.873094465,108,1.077710225,210,0.076905535,1.288425689,CB-1,182.700470581,221_CC_1,252.903496776,316_STEAM_1,0,221,221_CC_1,105,4767.078059333,5011.445196514,244.367137181
0,poi_bus_108,108,Alger,lagging_095,0.95,17,2020-01-01T17:00:00+00:00,20,branch_CA-1_sustained,branch,CA-1,bounded,continuous,189.020833333,62.128143464,931.674803888,100,0.000000001,true,true,false,constraint_violation,0.877818585,108,1.077548715,210,0.072181415,1.225713111,CB-1,104.072855365,115_STEAM_3,178.669564586,316_STEAM_1,0,115,115_STEAM_3,105,4767.078059333,4964.150914698,197.072855365
0,poi_bus_108,108,Alger,lagging_095,0.95,17,2020-01-01T17:00:00+00:00,21,generator_121_NUCLEAR_1_sustained,generator,121_NUCLEAR_1,bounded,continuous,189.020833333,62.128143464,931.674803888,-99.999999999,0,true,true,false,constraint_violation,0.88922631,108,1.077647227,210,0.06077369,0.907385613,C10,131.15270584,221_CC_1,110.276203647,316_STEAM_1,0,221,221_CC_1,104,4767.078059333,4898.230765173,131.15270584
0,poi_bus_108,108,Alger,lagging_095,0.95,17,2020-01-01T17:00:00+00:00,22,generator_213_CC_3_sustained,generator,213_CC_3,bounded,continuous,189.020833333,62.128143464,931.674803888,-100,0,true,true,false,constraint_violation,0.885307624,108,1.069171065,210,0.064692376,0.928196969,CA-1,139.964358332,221_CC_1,106.034622763,316_STEAM_1,0,221,221_CC_1,104,4767.078059333,4907.042417665,139.964358332
0,poi_bus_108,108,Alger,lagging_095,0.95,17,2020-01-01T17:00:00+00:00,23,generator_313_CC_1_sustained,generator,313_CC_1,bounded,continuous,189.020833333,62.128143464,931.674803888,6.918718249,0,true,true,false,constraint_violation,0.888094479,108,1.077740149,210,0.061905521,1.122312448,CA-1,180.561632759,221_CC_1,248.086529983,316_STEAM_1,0,221,221_CC_1,104,4767.078059333,4947.639692092,180.561632759
0,poi_bus_108,108,Alger,lagging_095,0.95,18,2020-01-01T18:00:00+00:00,0,normal,normal,,base,continuous,188.833333333,62.066515194,926.859082204,-79.689411373,0,true,true,false,constraint_violation,0.889781356,108,1.077614988,210,0.060218644,0.896835771,C10,74.602045938,221_CC_1,123.245650586,316_STEAM_1,0,221,221_CC_1,105,4743.227099333,4879.495811871,136.268712538
0,poi_bus_108,108,Alger,lagging_095,0.95,18,2020-01-01T18:00:00+00:00,1,branch_A11_immediate,branch,A11,fixed,short_term,188.833333333,62.066515194,926.859082204,-79.689411371,0.000000001,true,true,false,constraint_violation,0.830100997,108,1.079076821,210,0.119899003,0.784774909,C10,78.619321882,221_CC_1,123.390919313,316_STEAM_1,0,221,221_CC_1,105,4743.227099333,4883.513087815,140.285988482
0,poi_bus_108,108,Alger,lagging_095,0.95,18,2020-01-01T18:00:00+00:00,2,branch_A11_sustained,branch,A11,bounded,continuous,188.833333333,62.066515194,926.859082204,-100,0.000000001,true,true,false,constraint_violation,0.832990486,108,1.078619765,210,0.117009514,0.955729137,A13-2,90.556949258,307_CT_2,90.801341473,316_STEAM_1,0,307,307_CT_2,105,4743.227099333,4866.784048591,123.556949258
0,poi_bus_108,108,Alger,lagging_095,0.95,18,2020-01-01T18:00:00+00:00,3,branch_A12-1_immediate,branch,A12-1,fixed,short_term,188.833333333,62.066515194,926.859082204,-79.689411372,0,true,false,false,not_converged,,,,,,,,,,,,,221,221_CC_1,105,,,
0,poi_bus_108,108,Alger,lagging_095,0.95,18,2020-01-01T18:00:00+00:00,4,branch_A12-1_sustained,branch,A12-1,bounded,continuous,188.833333333,62.066515194,926.859082204,-29.713777113,0.000000001,true,false,false,not_converged,,,,,,,,,,,,,221,221_CC_1,105,,,
0,poi_bus_108,108,Alger,lagging_095,0.95,18,2020-01-01T18:00:00+00:00,5,branch_A34_immediate,branch,A34,fixed,short_term,188.833333333,62.066515194,926.859082204,-79.689411373,0,true,true,false,constraint_violation,0.889862383,108,1.077626923,210,0.060137617,0.784790954,C10,83.643466552,221_CC_1,123.455429838,316_STEAM_1,0,221,221_CC_1,105,4743.227099333,4888.537232485,145.310133152
0,poi_bus_108,108,Alger,lagging_095,0.95,18,2020-01-01T18:00:00+00:00,6,branch_A34_sustained,branch,A34,bounded,continuous,188.833333333,62.066515194,926.859082204,-100.000000001,0,true,true,false,constraint_violation,0.890211178,108,1.077277401,210,0.059788822,0.938300806,C10,108.887249182,307_CT_2,126.207358886,316_STEAM_1,0,307,307_CT_2,105,4743.227099333,4885.114348515,141.887249182
0,poi_bus_108,108,Alger,lagging_095,0.95,18,2020-01-01T18:00:00+00:00,7,branch_B12-1_immediate,branch,B12-1,fixed,short_term,188.833333333,62.066515194,926.859082204,-79.689411372,0.000000001,true,true,false,constraint_violation,0.877067743,207,1.056999007,210,0.072932257,0.809743678,B13-2,82.661310037,221_CC_1,123.221031777,316_STEAM_1,0,221,221_CC_1,105,4743.227099333,4887.55507597,144.327976637
0,poi_bus_108,108,Alger,lagging_095,0.95,18,2020-01-01T18:00:00+00:00,8,branch_B12-1_sustained,branch,B12-1,bounded,continuous,188.833333333,62.066515194,926.859082204,-99.999999999,0.000000001,true,true,false,constraint_violation,0.877923939,207,1.057611778,210,0.072076061,1.017578574,B13-2,97.476109723,307_CT_2,91.327475043,316_STEAM_1,0,307,307_CT_2,105,4743.227099333,4873.703209056,130.476109723
0,poi_bus_108,108,Alger,lagging_095,0.95,18,2020-01-01T18:00:00+00:00,9,branch_B22_immediate,branch,B22,fixed,short_term,188.833333333,62.066515194,926.859082204,-79.689411373,0,true,true,false,constraint_violation,0.889074186,108,1.076799118,210,0.060925814,0.784792305,C10,76.633633544,221_CC_1,123.461143943,316_STEAM_1,0,221,221_CC_1,105,4743.227099333,4881.527399477,138.300300144
0,poi_bus_108,108,Alger,lagging_095,0.95,18,2020-01-01T18:00:00+00:00,10,branch_B22_sustained,branch,B22,bounded,continuous,188.833333333,62.066515194,926.859082204,-100,0,true,true,false,constraint_violation,0.890500789,108,1.077442455,210,0.059499211,0.908619762,C10,0,101_STEAM_3,80.194252557,316_STEAM_1,0,221,221_CC_1,105,4743.227099333,4861.983780094,118.756680761
0,poi_bus_108,108,Alger,lagging_095,0.95,18,2020-01-01T18:00:00+00:00,11,branch_B6_immediate,branch,B6,fixed,short_term,188.833333333,62.066515194,926.859082204,-79.689411372,0,true,true,false,constraint_violation,0.879777812,108,1.081044692,210,0.070222188,0.784741952,C10,75.2013201,221_CC_1,123.2772163,316_STEAM_1,0,221,221_CC_1,105,4743.227099333,4880.095086033,136.8679867
0,poi_bus_108,108,Alger,lagging_095,0.95,18,2020-01-01T18:00:00+00:00,12,branch_B6_sustained,branch,B6,bounded,continuous,188.833333333,62.066515194,926.859082204,-100,0,true,true,false,constraint_violation,0.880015287,108,1.08081886,210,0.069984713,0.96957354,CA-1,0,101_STEAM_3,157.77691178,316_STEAM_1,0,321,321_CC_1,105,4743.227099334,4892.860111704,149.63301237
0,poi_bus_108,108,Alger,lagging_095,0.95,18,2020-01-01T18:00:00+00:00,13,branch_C12-1_immediate,branch,C12-1,fixed,short_term,188.833333333,62.066515194,926.859082204,-79.689411373,0,true,true,false,constraint_violation,0.889825571,108,1.077624801,210,0.060174429,0.85970206,C13-2,86.739273286,221_CC_1,129.857741709,316_STEAM_1,0,221,221_CC_1,105,4743.227099333,4891.633039219,148.405939886
0,poi_bus_108,108,Alger,lagging_095,0.95,18,2020-01-01T18:00:00+00:00,14,branch_C12-1_sustained,branch,C12-1,bounded,continuous,188.833333333,62.066515194,926.859082204,-100,0.000000001,true,true,false,constraint_violation,0.890264451,108,1.077259054,210,0.059735549,0.971674272,CA-1,0,101_STEAM_3,150.514477963,316_STEAM_1,0,321,321_CC_1,105,4743.227099333,4892.991634318,149.764534985
0,poi_bus_108,108,Alger,lagging_095,0.95,18,2020-01-01T18:00:00+00:00,15,branch_C27_immediate,branch,C27,fixed,short_term,188.833333333,62.066515194,926.859082204,-79.689411372,0.000000001,true,true,false,constraint_violation,0.890406966,108,1.077534691,210,0.059593034,0.782894983,C10,95.787131067,221_CC_1,180.028868968,316_STEAM_1,0,221,221_CC_1,105,4743.227099333,4900.680897,157.453797667
0,poi_bus_108,108,Alger,lagging_095,0.95,18,2020-01-01T18:00:00+00:00,16,branch_C27_sustained,branch,C27,bounded,continuous,188.833333333,62.066515194,926.859082204,-100,0.000000001,true,true,false,constraint_violation,0.889035895,108,1.078573931,210,0.060964105,0.934704177,CA-1,143.702436495,221_CC_1,169.849098408,316_STEAM_1,0,221,221_CC_1,105,4743.227099333,4886.929535828,143.702436495
0,poi_bus_108,108,Alger,lagging_095,0.95,18,2020-01-01T18:00:00+00:00,17,branch_C6_immediate,branch,C6,fixed,short_term,188.833333333,62.066515194,926.859082204,-79.689411373,0,true,true,false,constraint_violation,0.889828607,108,1.077611332,210,0.060171393,0.778079666,C10,76.396094094,221_CC_1,126.589350312,316_STEAM_1,0,221,221_CC_1,105,4743.227099333,4881.289860027,138.062760694
0,poi_bus_108,108,Alger,lagging_095,0.95,18,2020-01-01T18:00:00+00:00,18,branch_C6_sustained,branch,C6,bounded,continuous,188.833333333,62.066515194,926.859082204,-100,0,true,true,false,constraint_violation,0.890147165,108,1.077215352,210,0.059852835,0.935232245,CA-1,0,101_STEAM_3,129.18363487,316_STEAM_1,0,221,221_CC_1,105,4743.227099333,4885.070023411,141.842924078
0,poi_bus_108,108,Alger,lagging_095,0.95,18,2020-01-01T18:00:00+00:00,19,branch_CA-1_immediate,branch,CA-1,fixed,short_term,188.833333333,62.066515194,926.859082204,-79.689411372,0.000000001,true,true,false,constraint_violation,0.873302275,108,1.07714031,210,0.076697725,1.271500108,CB-1,186.823015195,221_CC_1,296.364975616,316_STEAM_1,0,221,221_CC_1,105,4743.227099333,4991.716781128,248.489681795
0,poi_bus_108,108,Alger,lagging_095,0.95,18,2020-01-01T18:00:00+00:00,20,branch_CA-1_sustained,branch,CA-1,bounded,continuous,188.833333333,62.066515194,926.859082204,100,0.000000001,true,true,false,constraint_violation,0.875932657,108,1.076904812,210,0.074067343,1.246212993,CB-1,206.577370587,221_CC_1,226.572167176,316_STEAM_1,0,221,221_CC_1,105,4743.227099333,4949.80446992,206.577370587
0,poi_bus_108,108,Alger,lagging_095,0.95,18,2020-01-01T18:00:00+00:00,21,generator_121_NUCLEAR_1_sustained,generator,121_NUCLEAR_1,bounded,continuous,188.833333333,62.066515194,926.859082204,-100.000000001,0,true,true,false,constraint_violation,0.890827001,108,1.077011478,210,0.059172999,0.904301345,C10,118.524422102,221_CC_1,102.22729156,316_STEAM_1,0,221,221_CC_1,104,4743.227099333,4861.751521435,118.524422102
0,poi_bus_108,108,Alger,lagging_095,0.95,18,2020-01-01T18:00:00+00:00,22,generator_213_CC_3_sustained,generator,213_CC_3,bounded,continuous,188.833333333,62.066515194,926.859082204,-100,0.000000001,true,true,false,constraint_violation,0.885300685,108,1.067666506,210,0.064699315,0.924569912,C10,81.640791833,307_CT_2,62.290791397,316_STEAM_1,0,307,307_CT_2,104,4743.227099333,4857.867891166,114.640791833
0,poi_bus_108,108,Alger,lagging_095,0.95,18,2020-01-01T18:00:00+00:00,23,generator_313_CC_1_sustained,generator,313_CC_1,bounded,continuous,188.833333333,62.066515194,926.859082204,-100,0,true,true,false,constraint_violation,0.890133728,108,1.077175778,210,0.059866272,1.087484559,CA-1,172.965224085,221_CC_1,256.899068372,316_STEAM_1,0,221,221_CC_1,104,4743.227099333,4916.192323418,172.965224085
0,poi_bus_108,108,Alger,lagging_095,0.95,19,2020-01-01T19:00:00+00:00,0,normal,normal,,base,continuous,188.895833333,62.087057951,905.491554147,-29.969999355,0.000000001,true,true,false,constraint_violation,0.885761661,108,1.05992184,210,0.064238339,0.927580219,C27,7.667441001,221_CC_1,90.32696736,316_STEAM_1,0,221,221_CC_1,104,4638.293987333,4769.294761534,131.000774201
0,poi_bus_108,108,Alger,lagging_095,0.95,19,2020-01-01T19:00:00+00:00,1,branch_A11_immediate,branch,A11,fixed,short_term,188.895833333,62.087057951,905.491554147,-29.969999356,0,true,true,false,constraint_violation,0.830986579,108,1.061408048,210,0.119013421,0.783472867,C10,10.530573942,221_CC_1,91.444568969,213_CC_3,0,221,221_CC_1,104,4638.293987333,4772.157894475,133.863907142
0,poi_bus_108,108,Alger,lagging_095,0.95,19,2020-01-01T19:00:00+00:00,2,branch_A11_sustained,branch,A11,bounded,continuous,188.895833333,62.087057951,905.491554147,-99.999999999,0.000000001,true,true,false,constraint_violation,0.832981079,108,1.061479325,210,0.117018921,0.961236074,CA-1,0,101_STEAM_3,179.152708521,316_STEAM_1,0,321,321_CC_1,104,4638.293987333,4797.335624847,159.041637514
0,poi_bus_108,108,Alger,lagging_095,0.95,19,2020-01-01T19:00:00+00:00,3,branch_A12-1_immediate,branch,A12-1,fixed,short_term,188.895833333,62.087057951,905.491554147,-29.969999356,0.000000001,true,false,false,not_converged,,,,,,,,,,,,,221,221_CC_1,104,,,
0,poi_bus_108,108,Alger,lagging_095,0.95,19,2020-01-01T19:00:00+00:00,4,branch_A12-1_sustained,branch,A12-1,bounded,continuous,188.895833333,62.087057951,905.491554147,100,0,true,false,false,not_converged,,,,,,,,,,,,,116,116_STEAM_1,104,,,
0,poi_bus_108,108,Alger,lagging_095,0.95,19,2020-01-01T19:00:00+00:00,5,branch_A34_immediate,branch,A34,fixed,short_term,188.895833333,62.087057951,905.491554147,-29.969999356,0,true,true,false,constraint_violation,0.885901457,108,1.059944361,210,0.064098543,0.783300727,C10,18.669005551,221_CC_1,90.862110731,316_STEAM_1,0,221,221_CC_1,104,4638.293987333,4780.296326084,142.002338751
0,poi_bus_108,108,Alger,lagging_095,0.95,19,2020-01-01T19:00:00+00:00,6,branch_A34_sustained,branch,A34,bounded,continuous,188.895833333,62.087057951,905.491554147,-99.999999999,0,true,true,false,constraint_violation,0.888215782,108,1.060118176,210,0.061784218,0.933728411,CA-1,0,101_STEAM_3,113.263989211,316_STEAM_1,0,221,221_CC_1,104,4638.293987333,4790.655239345,152.361252012
0,poi_bus_108,108,Alger,lagging_095,0.95,19,2020-01-01T19:00:00+00:00,7,branch_B12-1_immediate,branch,B12-1,fixed,short_term,188.895833333,62.087057951,905.491554147,-29.969999356,0.000000001,true,true,false,constraint_violation,0.855466893,207,1.051130788,317,0.094533107,0.803009768,B13-2,16.327803899,221_CC_1,90.264030193,316_STEAM_1,0,221,221_CC_1,104,4638.293987333,4777.955124432,139.661137099
0,poi_bus_108,108,Alger,lagging_095,0.95,19,2020-01-01T19:00:00+00:00,8,branch_B12-1_sustained,branch,B12-1,bounded,continuous,188.895833333,62.087057951,905.491554147,-100,0.000000002,true,true,false,constraint_violation,0.85602722,207,1.05,223,0.09397278,1.177619074,CA-1,115.742378251,116_STEAM_1,204.738701391,316_STEAM_1,0,116,116_STEAM_1,104,4638.293987333,4821.288197367,182.994210034
0,poi_bus_108,108,Alger,lagging_095,0.95,19,2020-01-01T19:00:00+00:00,9,branch_B22_immediate,branch,B22,fixed,short_term,188.895833333,62.087057951,905.491554147,-29.969999357,0,true,true,false,constraint_violation,0.884031862,108,1.058400897,210,0.065968138,0.783235509,C10,11.650704646,221_CC_1,91.009124224,316_STEAM_1,0,221,221_CC_1,104,4638.293987333,4773.278025179,134.984037846
0,poi_bus_108,108,Alger,lagging_095,0.95,19,2020-01-01T19:00:00+00:00,10,branch_B22_sustained,branch,B22,bounded,continuous,188.895833333,62.087057951,905.491554147,-100,0,true,true,false,constraint_violation,0.889717982,108,1.059521938,210,0.060282018,0.911777894,C10,0,101_STEAM_3,72.133690388,316_STEAM_1,0,321,321_CC_1,104,4638.293987333,4745.530927249,107.236939916
0,poi_bus_108,108,Alger,lagging_095,0.95,19,2020-01-01T19:00:00+00:00,11,branch_B6_immediate,branch,B6,fixed,short_term,188.895833333,62.087057951,905.491554147,-29.969999356,0.000000001,true,true,false,constraint_violation,0.878999518,108,1.062112915,210,0.071000482,0.783538414,C10,8.086864309,221_CC_1,93.258308604,213_CC_3,0,221,221_CC_1,104,4638.293987333,4769.714184842,131.420197509
0,poi_bus_108,108,Alger,lagging_095,0.95,19,2020-01-01T19:00:00+00:00,12,branch_B6_sustained,branch,B6,bounded,continuous,188.895833333,62.087057951,905.491554147,-100,0,true,true,false,constraint_violation,0.877418899,108,1.062219266,210,0.072581101,0.912871252,C10,38.104773846,216_STEAM_1,103.172309965,213_CC_3,0,216,216_STEAM_1,104,4638.293987333,4769.398761179,131.104773846
0,poi_bus_108,108,Alger,lagging_095,0.95,19,2020-01-01T19:00:00+00:00,13,branch_C12-1_immediate,branch,C12-1,fixed,short_term,188.895833333,62.087057951,905.491554147,-29.969999356,0,true,true,false,constraint_violation,0.885832256,108,1.059935565,210,0.064167744,0.823645391,C13-2,17.807806802,221_CC_1,95.306850107,316_STEAM_1,0,221,221_CC_1,104,4638.293987333,4779.435127335,141.141140002
0,poi_bus_108,108,Alger,lagging_095,0.95,19,2020-01-01T19:00:00+00:00,14,branch_C12-1_sustained,branch,C12-1,bounded,continuous,188.895833333,62.087057951,905.491554147,-100,0,true,true,false,constraint_violation,0.886901966,108,1.059916193,210,0.063098034,1.08429884,C27,0,101_STEAM_3,173.655838713,316_STEAM_1,0,321,321_CC_1,104,4638.293987334,4791.22945091,152.935463576
0,poi_bus_108,108,Alger,lagging_095,0.95,19,2020-01-01T19:00:00+00:00,15,branch_C27_immediate,branch,C27,fixed,short_term,188.895833333,62.087057951,905.491554147,-29.969999356,0.000000001,true,true,false,constraint_violation,0.887122774,108,1.059785858,210,0.062877226,0.885906688,C29,30.820783723,221_CC_1,156.460610218,316_STEAM_1,0,221,221_CC_1,104,4638.293987333,4792.448104256,154.154116923
0,poi_bus_108,108,Alger,lagging_095,0.95,19,2020-01-01T19:00:00+00:00,16,branch_C27_sustained,branch,C27,bounded,continuous,188.895833333,62.087057951,905.491554147,-100,0.000000001,true,true,false,constraint_violation,0.889658127,108,1.059844325,210,0.060341873,0.976314953,CA-1,0,101_STEAM_3,161.20020962,316_STEAM_1,0,321,321_CC_1,104,4638.293987333,4788.358358238,150.064370905
0,poi_bus_108,108,Alger,lagging_095,0.95,19,2020-01-01T19:00:00+00:00,17,branch_C6_immediate,branch,C6,fixed,short_term,188.895833333,62.087057951,905.491554147,-29.969999356,0,true,true,false,constraint_violation,0.885849499,108,1.05991559,210,0.064150501,0.770467566,C10,9.374769533,221_CC_1,93.941496967,316_STEAM_1,0,221,221_CC_1,104,4638.293987333,4771.002090066,132.708102733
0,poi_bus_108,108,Alger,lagging_095,0.95,19,2020-01-01T19:00:00+00:00,18,branch_C6_sustained,branch,C6,bounded,continuous,188.895833333,62.087057951,905.491554147,-100,0,true,true,false,constraint_violation,0.886655601,108,1.060107578,210,0.063344399,0.979484234,CA-1,142.235780768,221_CC_1,111.408716889,316_STEAM_1,0,221,221_CC_1,104,4638.293987333,4780.529768101,142.235780768
0,poi_bus_108,108,Alger,lagging_095,0.95,19,2020-01-01T19:00:00+00:00,19,branch_CA-1_immediate,branch,CA-1,fixed,short_term,188.895833333,62.087057951,905.491554147,-29.969999356,0.000000001,true,true,false,constraint_violation,0.8696897,108,1.060208567,210,0.0803103,1.062640979,C27,74.637843845,221_CC_1,219.724027445,316_STEAM_1,0,221,221_CC_1,104,4638.293987333,4836.265164378,197.971177045
0,poi_bus_108,108,Alger,lagging_095,0.95,19,2020-01-01T19:00:00+00:00,20,branch_CA-1_sustained,branch,CA-1,bounded,continuous,188.895833333,62.087057951,905.491554147,100.000000001,0.000000001,true,true,false,constraint_violation,0.860495525,108,1.05973578,210,0.089504475,1.199291088,CB-1,175.115163277,115_STEAM_3,146.892345014,316_STEAM_1,0,115,115_STEAM_3,104,4638.293987333,4849.281503277,210.987515944
0,poi_bus_108,108,Alger,lagging_095,0.95,19,2020-01-01T19:00:00+00:00,21,generator_121_NUCLEAR_1_sustained,generator,121_NUCLEAR_1,bounded,continuous,188.895833333,62.087057951,905.491554147,-99.999999999,0,true,true,false,constraint_violation,0.878621663,108,1.058277436,210,0.071378337,0.970562946,C27,86.728628935,307_CT_2,205.620437629,216_STEAM_1,0,307,307_CT_2,103,4638.293987333,4758.022616268,119.728628935
0,poi_bus_108,108,Alger,lagging_095,0.95,19,2020-01-01T19:00:00+00:00,22,generator_213_CC_3_sustained,generator,213_CC_3,bounded,continuous,188.895833333,62.087057951,905.491554147,-100,0,true,true,false,constraint_violation,0.891433738,108,1.068609687,210,0.058566262,0.906943556,C10,79.168497804,307_CT_2,140.981263479,316_STEAM_1,0,307,307_CT_2,103,4638.293987333,4750.462485137,112.168497804
0,poi_bus_108,108,Alger,lagging_095,0.95,19,2020-01-01T19:00:00+00:00,23,generator_313_CC_1_sustained,generator,313_CC_1,bounded,continuous,188.895833333,62.087057951,905.491554147,-11.665208763,0,true,true,false,constraint_violation,0.87986399,108,1.077998437,210,0.07013601,1.122792197,CA-1,180.111369203,221_CC_1,350.549983419,316_STEAM_1,0,221,221_CC_1,103,4638.293987333,4818.405356536,180.111369203
0,poi_bus_108,108,Alger,lagging_095,0.95,20,2020-01-01T20:00:00+00:00,0,normal,normal,,base,continuous,189.041666667,62.13499105,873.422843137,-35.02519836,0.000000001,true,true,false,constraint_violation,0.882666285,108,1.07900587,210,0.067333715,0.995387215,C27,1.289094456,221_CC_1,213.469989691,216_STEAM_1,0,221,221_CC_1,102,4480.860809667,4606.055761384,125.194951717
0,poi_bus_108,108,Alger,lagging_095,0.95,20,2020-01-01T20:00:00+00:00,1,branch_A11_immediate,branch,A11,fixed,short_term,189.041666667,62.13499105,873.422843137,-35.025198361,0,true,true,false,constraint_violation,0.828793637,108,1.080419883,210,0.121206363,0.79952999,C27,4.483814086,221_CC_1,212.691913118,216_STEAM_1,0,221,221_CC_1,102,4480.860809667,4609.250481014,128.389671347
0,poi_bus_108,108,Alger,lagging_095,0.95,20,2020-01-01T20:00:00+00:00,2,branch_A11_sustained,branch,A11,bounded,continuous,189.041666667,62.13499105,873.422843137,100,0,true,true,false,constraint_violation,0.825007863,108,1.079872761,210,0.124992137,1.043469114,C27,84.679239256,216_STEAM_1,201.584300643,216_STEAM_1,0,216,216_STEAM_1,102,4480.860809667,4618.675562322,137.814752655
0,poi_bus_108,108,Alger,lagging_095,0.95,20,2020-01-01T20:00:00+00:00,3,branch_A12-1_immediate,branch,A12-1,fixed,short_term,189.041666667,62.13499105,873.422843137,-35.02519836,0,true,false,false,not_converged,,,,,,,,,,,,,221,221_CC_1,102,,,
0,poi_bus_108,108,Alger,lagging_095,0.95,20,2020-01-01T20:00:00+00:00,4,branch_A12-1_sustained,branch,A12-1,bounded,continuous,189.041666667,62.13499105,873.422843137,-100,0.000000001,true,false,false,not_converged,,,,,,,,,,,,,307,307_CT_2,102,,,
0,poi_bus_108,108,Alger,lagging_095,0.95,20,2020-01-01T20:00:00+00:00,5,branch_A34_immediate,branch,A34,fixed,short_term,189.041666667,62.13499105,873.422843137,-35.02519836,0.000000002,true,true,false,constraint_violation,0.882850448,108,1.079032688,210,0.067149552,0.8046384,C27,16.245807676,221_CC_1,213.425843217,216_STEAM_1,0,221,221_CC_1,102,4480.860809667,4621.012474604,140.151664937
0,poi_bus_108,108,Alger,lagging_095,0.95,20,2020-01-01T20:00:00+00:00,6,branch_A34_sustained,branch,A34,bounded,continuous,189.041666667,62.13499105,873.422843137,-100,0,true,true,false,constraint_violation,0.884927383,108,1.079500469,210,0.065072617,1.070628148,CA-1,180.752574567,221_CC_1,209.185018593,216_STEAM_1,0,221,221_CC_1,102,4480.860809667,4661.613384234,180.752574567
0,poi_bus_108,108,Alger,lagging_095,0.95,20,2020-01-01T20:00:00+00:00,7,branch_B12-1_immediate,branch,B12-1,fixed,short_term,189.041666667,62.13499105,873.422843137,-35.02519836,0.000000002,true,true,false,constraint_violation,0.883130291,108,1.061019419,210,0.066869709,0.795493851,C27,8.390252654,221_CC_1,213.966733516,216_STEAM_1,0,221,221_CC_1,102,4480.860809667,4613.156919582,132.296109915
0,poi_bus_108,108,Alger,lagging_095,0.95,20,2020-01-01T20:00:00+00:00,8,branch_B12-1_sustained,branch,B12-1,bounded,continuous,189.041666667,62.13499105,873.422843137,-100,0,true,true,false,constraint_violation,0.881111343,108,1.061431222,210,0.068888657,1.035603289,C27,100.565958455,216_STEAM_1,206.681519523,216_STEAM_1,0,216,216_STEAM_1,102,4480.860809667,4619.365958455,138.505148788
0,poi_bus_108,108,Alger,lagging_095,0.95,20,2020-01-01T20:00:00+00:00,9,branch_B22_immediate,branch,B22,fixed,short_term,189.041666667,62.13499105,873.422843137,-35.02519836,0.000000002,true,true,false,constraint_violation,0.881092698,108,1.077335984,210,0.068907302,0.805442329,C27,5.98685697,221_CC_1,226.114381021,216_STEAM_1,0,221,221_CC_1,102,4480.860809667,4610.753523898,129.892714231
0,poi_bus_108,108,Alger,lagging_095,0.95,20,2020-01-01T20:00:00+00:00,10,branch_B22_sustained,branch,B22,bounded,continuous,189.041666667,62.13499105,873.422843137,-100,0.000000001,true,true,false,constraint_violation,0.887243377,108,1.079089744,210,0.062756623,0.932489108,C10,93.462341169,307_CT_2,206.183785658,216_STEAM_1,0,307,307_CT_2,102,4480.860809667,4607.323150836,126.462341169
0,poi_bus_108,108,Alger,lagging_095,0.95,20,2020-01-01T20:00:00+00:00,11,branch_B6_immediate,branch,B6,fixed,short_term,189.041666667,62.13499105,873.422843137,-35.025198361,0,true,true,false,constraint_violation,0.869533409,108,1.08356403,210,0.080466591,0.79759405,C27,2.085663449,221_CC_1,212.998017873,216_STEAM_1,0,221,221_CC_1,102,4480.860809667,4606.852330377,125.99152071
0,poi_bus_108,108,Alger,lagging_095,0.95,20,2020-01-01T20:00:00+00:00,12,branch_B6_sustained,branch,B6,bounded,continuous,189.041666667,62.13499105,873.422843137,-100,0,true,true,false,constraint_violation,0.870004889,108,1.083686282,210,0.079995111,0.913170342,C10,89.555758453,307_CT_2,209.351497629,216_STEAM_1,0,307,307_CT_2,102,4480.860809667,4603.41656812,122.555758453
0,poi_bus_108,108,Alger,lagging_095,0.95,20,2020-01-01T20:00:00+00:00,13,branch_C12-1_immediate,branch,C12-1,fixed,short_term,189.041666667,62.13499105,873.422843137,-35.02519836,0.000000001,true,true,false,constraint_violation,0.882719997,108,1.079016827,210,0.067280003,0.80146245,C27,9.675303114,221_CC_1,213.422081956,216_STEAM_1,0,221,221_CC_1,102,4480.860809667,4614.441970042,133.581160375
0,poi_bus_108,108,Alger,lagging_095,0.95,20,2020-01-01T20:00:00+00:00,14,branch_C12-1_sustained,branch,C12-1,bounded,continuous,189.041666667,62.13499105,873.422843137,-100,0.000000001,true,true,false,constraint_violation,0.884679719,108,1.079324408,210,0.065320281,0.968509344,CA-1,136.195342927,321_CC_1,203.471385575,216_STEAM_1,0,321,321_CC_1,102,4480.860809667,4631.744319522,150.883509855
0,poi_bus_108,108,Alger,lagging_095,0.95,20,2020-01-01T20:00:00+00:00,15,branch_C27_immediate,branch,C27,fixed,short_term,189.041666667,62.13499105,873.422843137,-35.025198361,0,true,true,false,constraint_violation,0.883856203,108,1.078852607,210,0.066143797,0.990923694,C29,28.625877193,221_CC_1,213.544111256,216_STEAM_1,0,221,221_CC_1,102,4480.860809667,4633.392544121,152.531734454
0,poi_bus_108,108,Alger,lagging_095,0.95,20,2020-01-01T20:00:00+00:00,16,branch_C27_sustained,branch,C27,bounded,continuous,189.041666667,62.13499105,873.422843137,-100,0.000000001,true,true,false,constraint_violation,0.887472406,108,1.079158129,210,0.062527594,0.937105762,CA-1,103.801333527,307_CT_2,202.525108093,216_STEAM_1,0,307,307_CT_2,102,4480.860809667,4617.662143194,136.801333527
0,poi_bus_108,108,Alger,lagging_095,0.95,20,2020-01-01T20:00:00+00:00,17,branch_C6_immediate,branch,C6,fixed,short_term,189.041666667,62.13499105,873.422843137,-35.02519836,0,true,true,false,constraint_violation,0.882782667,108,1.078996585,210,0.067217333,0.810222976,C27,4.604727626,221_CC_1,213.435787554,216_STEAM_1,0,221,221_CC_1,102,4480.860809667,4609.371394554,128.510584887
0,poi_bus_108,108,Alger,lagging_095,0.95,20,2020-01-01T20:00:00+00:00,18,branch_C6_sustained,branch,C6,bounded,continuous,189.041666667,62.13499105,873.422843137,-100,0.000000001,true,true,false,constraint_violation,0.8874867,108,1.079240844,210,0.0625133,0.884155286,C10,92.138146516,307_CT_2,202.935566754,216_STEAM_1,0,307,307_CT_2,102,4480.860809667,4605.998956183,125.138146516
0,poi_bus_108,108,Alger,lagging_095,0.95,20,2020-01-01T20:00:00+00:00,19,branch_CA-1_immediate,branch,CA-1,fixed,short_term,189.041666667,62.13499105,873.422843137,-35.02519836,0.000000001,true,true,false,constraint_violation,0.872216794,108,1.079418726,210,0.077783206,1.049518575,C27,44.175569461,221_CC_1,231.902295089,216_STEAM_1,0,221,221_CC_1,102,4480.860809667,4648.942236389,168.081426722
0,poi_bus_108,108,Alger,lagging_095,0.95,20,2020-01-01T20:00:00+00:00,20,branch_CA-1_sustained,branch,CA-1,bounded,continuous,189.041666667,62.13499105,873.422843137,62.860407425,0,true,true,false,constraint_violation,0.881828731,108,1.078490201,210,0.068171269,1.053209632,C27,15.07038694,221_CC_1,213.486935949,216_STEAM_1,0,221,221_CC_1,102,4480.860809667,4599.07038694,118.209577273
0,poi_bus_108,108,Alger,lagging_095,0.95,20,2020-01-01T20:00:00+00:00,21,generator_121_NUCLEAR_1_sustained,generator,121_NUCLEAR_1,bounded,continuous,189.041666667,62.13499105,873.422843137,-100,0.000000001,true,true,false,constraint_violation,0.893648134,108,1.060957212,210,0.056351866,0.970325627,C27,70.446629891,307_CT_2,87.799079921,213_CC_3,0,307,307_CT_2,101,4480.860809667,4584.307439558,103.446629891
0,poi_bus_108,108,Alger,lagging_095,0.95,20,2020-01-01T20:00:00+00:00,22,generator_213_CC_3_sustained,generator,213_CC_3,bounded,continuous,189.041666667,62.13499105,873.422843137,-100,0.000000001,true,true,false,constraint_violation,0.890943252,108,1.071259827,210,0.059056748,0.970530536,C27,94.05898809,307_CT_2,55.312763984,321_CC_1,0,307,307_CT_2,101,4480.860809666,4607.919797756,127.05898809
0,poi_bus_108,108,Alger,lagging_095,0.95,20,2020-01-01T20:00:00+00:00,23,generator_313_CC_1_sustained,generator,313_CC_1,bounded,continuous,189.041666667,62.13499105,873.422843137,-100,0.000000002,true,true,false,constraint_violation,0.896721568,108,1.080638656,210,0.053278432,1.12407231,CA-1,172.630421627,221_CC_1,139.881680806,321_CC_1,0,221,221_CC_1,101,4480.860809666,4653.491231293,172.630421627
0,poi_bus_108,108,Alger,lagging_095,0.95,21,2020-01-01T21:00:00+00:00,0,normal,normal,,base,continuous,188.895833333,62.087057951,817.335364035,-100.000000001,0,true,true,false,constraint_violation,0.89495029,307,1.064453246,210,0.05504971,0.929152319,C27,0,101_STEAM_3,101.051029452,213_CC_3,0,221,221_CC_1,99,4205.112708334,4321.500764331,116.388055997
0,poi_bus_108,108,Alger,lagging_095,0.95,21,2020-01-01T21:00:00+00:00,1,branch_A11_immediate,branch,A11,fixed,short_term,188.895833333,62.087057951,817.335364035,-100,0,true,true,false,constraint_violation,0.847977274,108,1.065835024,210,0.102022726,0.755122259,B10,0,101_STEAM_3,107.637475342,213_CC_3,0,221,221_CC_1,99,4205.112708334,4324.540646183,119.427937849
0,poi_bus_108,108,Alger,lagging_095,0.95,21,2020-01-01T21:00:00+00:00,2,branch_A11_sustained,branch,A11,bounded,continuous,188.895833333,62.087057951,817.335364035,-100.000000001,0,true,true,false,constraint_violation,0.846759731,108,1.065757206,210,0.103240269,1.029183987,C27,137.627142535,221_CC_1,133.347688555,213_CC_3,0,221,221_CC_1,99,4205.112708333,4342.739850868,137.627142535
0,poi_bus_108,108,Alger,lagging_095,0.95,21,2020-01-01T21:00:00+00:00,3,branch_A12-1_immediate,branch,A12-1,fixed,short_term,188.895833333,62.087057951,817.335364035,-100.000000001,0,true,true,false,constraint_violation,0.697754442,108,1.060864633,210,0.252245558,1.21800117,A13-2,25.799643297,221_CC_1,83.336259958,213_CC_3,0,221,221_CC_1,99,4205.112708334,4354.245684831,149.132976497
0,poi_bus_108,108,Alger,lagging_095,0.95,21,2020-01-01T21:00:00+00:00,4,branch_A12-1_sustained,branch,A12-1,bounded,continuous,188.895833333,62.087057951,817.335364035,100.000000001,0.000000001,true,true,false,constraint_violation,0.704138425,108,1.060735961,210,0.245861575,1.428527155,A13-2,152.221405954,221_CC_1,108.271576908,213_CC_3,0,221,221_CC_1,99,4205.112708333,4357.334114287,152.221405954
0,poi_bus_108,108,Alger,lagging_095,0.95,21,2020-01-01T21:00:00+00:00,5,branch_A34_immediate,branch,A34,fixed,short_term,188.895833333,62.087057951,817.335364035,-100,0,true,true,false,constraint_violation,0.894851301,307,1.064472772,210,0.055148699,0.759380027,B10,5.986367653,221_CC_1,101.401170771,213_CC_3,0,221,221_CC_1,99,4205.112708334,4334.432409187,129.319700853
0,poi_bus_108,108,Alger,lagging_095,0.95,21,2020-01-01T21:00:00+00:00,6,branch_A34_sustained,branch,A34,bounded,continuous,188.895833333,62.087057951,817.335364035,-100,0.000000001,true,true,false,constraint_violation,0.872571147,307,1.064514123,210,0.077428853,0.918510563,CA-1,164.264265654,221_CC_1,128.156363939,213_CC_3,0,221,221_CC_1,99,4205.112708333,4369.376973987,164.264265654
0,poi_bus_108,108,Alger,lagging_095,0.95,21,2020-01-01T21:00:00+00:00,7,branch_B12-1_immediate,branch,B12-1,fixed,short_term,188.895833333,62.087057951,817.335364035,-100,0,true,true,false,constraint_violation,0.890697303,207,1.05,121,0.059302697,0.748123893,B10,0,101_STEAM_3,87.890254003,213_CC_3,0,221,221_CC_1,99,4205.112708334,4327.908535813,122.795827479
0,poi_bus_108,108,Alger,lagging_095,0.95,21,2020-01-01T21:00:00+00:00,8,branch_B12-1_sustained,branch,B12-1,bounded,continuous,188.895833333,62.087057951,817.335364035,-100,0.000000001,true,true,false,constraint_violation,0.879691158,307,1.05,202,0.070308842,1.04288446,CA-1,170.658664679,221_CC_1,117.400319691,213_CC_3,0,221,221_CC_1,99,4205.112708333,4375.771373012,170.658664679
0,poi_bus_108,108,Alger,lagging_095,0.95,21,2020-01-01T21:00:00+00:00,9,branch_B22_immediate,branch,B22,fixed,short_term,188.895833333,62.087057951,817.335364035,-100,0.000000001,true,true,false,constraint_violation,0.894846639,307,1.063243231,210,0.055153361,0.754889444,B10,0,101_STEAM_3,40.548812451,213_CC_3,0,221,221_CC_1,99,4205.112708334,4324.661657334,119.548949
0,poi_bus_108,108,Alger,lagging_095,0.95,21,2020-01-01T21:00:00+00:00,10,branch_B22_sustained,branch,B22,bounded,continuous,188.895833333,62.087057951,817.335364035,-100.000000001,0,true,true,false,constraint_violation,0.858483559,307,1.06456839,210,0.091516441,1.11653032,CA-1,183.020659652,221_CC_1,101.552380836,313_CC_1,0,221,221_CC_1,99,4205.112708333,4388.133367985,183.020659652
0,poi_bus_108,108,Alger,lagging_095,0.95,21,2020-01-01T21:00:00+00:00,11,branch_B6_immediate,branch,B6,fixed,short_term,188.895833333,62.087057951,817.335364035,-100,0.000000001,true,true,false,constraint_violation,0.894651442,108,1.066517948,210,0.055348558,0.760854485,B10,0,101_STEAM_3,109.167283109,213_CC_3,0,221,221_CC_1,99,4205.112708334,4321.908776001,116.796067667
0,poi_bus_108,108,Alger,lagging_095,0.95,21,2020-01-01T21:00:00+00:00,12,branch_B6_sustained,branch,B6,bounded,continuous,188.895833333,62.087057951,817.335364035,-100,0.000000001,true,true,false,constraint_violation,0.885700747,307,1.066803763,210,0.064299253,1.022008003,CB-1,155.308911301,221_CC_1,138.950653398,213_CC_3,0,221,221_CC_1,99,4205.112708333,4360.421619634,155.308911301
0,poi_bus_108,108,Alger,lagging_095,0.95,21,2020-01-01T21:00:00+00:00,13,branch_C12-1_immediate,branch,C12-1,fixed,short_term,188.895833333,62.087057951,817.335364035,-100,0.000000001,true,false,false,not_converged,,,,,,,,,,,,,221,221_CC_1,99,,,
0,poi_bus_108,108,Alger,lagging_095,0.95,21,2020-01-01T21:00:00+00:00,14,branch_C12-1_sustained,branch,C12-1,bounded,continuous,188.895833333,62.087057951,817.335364035,-100,0.000000001,true,false,false,not_converged,,,,,,,,,,,,,221,221_CC_1,99,,,
0,poi_bus_108,108,Alger,lagging_095,0.95,21,2020-01-01T21:00:00+00:00,15,branch_C27_immediate,branch,C27,fixed,short_term,188.895833333,62.087057951,817.335364035,-100,0.000000001,true,true,false,constraint_violation,0.877449612,307,1.064318258,210,0.072550388,0.993987146,C29,22.85488743,221_CC_1,98.690392954,213_CC_3,0,221,221_CC_1,99,4205.112708334,4351.300928964,146.18822063
0,poi_bus_108,108,Alger,lagging_095,0.95,21,2020-01-01T21:00:00+00:00,16,branch_C27_sustained,branch,C27,bounded,continuous,188.895833333,62.087057951,817.335364035,-100.000000001,0,true,true,false,constraint_violation,0.879829869,307,1.064594824,210,0.070170131,1.054939304,CA-1,162.261328975,221_CC_1,129.819940618,213_CC_3,0,221,221_CC_1,99,4205.112708333,4367.374037308,162.261328975
0,poi_bus_108,108,Alger,lagging_095,0.95,21,2020-01-01T21:00:00+00:00,17,branch_C6_immediate,branch,C6,fixed,short_term,188.895833333,62.087057951,817.335364035,-100.000000001,0.000000002,true,true,false,constraint_violation,0.884019464,307,1.064443329,210,0.065980536,0.804273885,C2,1.567502862,221_CC_1,100.853698958,213_CC_3,0,221,221_CC_1,99,4205.112708334,4330.013544396,124.900836062
0,poi_bus_108,108,Alger,lagging_095,0.95,21,2020-01-01T21:00:00+00:00,18,branch_C6_sustained,branch,C6,bounded,continuous,188.895833333,62.087057951,817.335364035,-100,0.000000001,true,true,false,constraint_violation,0.87164611,307,1.064605144,210,0.07835389,1.052794911,CA-1,165.755849426,221_CC_1,130.012988709,213_CC_3,0,221,221_CC_1,99,4205.112708333,4370.868557759,165.755849426
0,poi_bus_108,108,Alger,lagging_095,0.95,21,2020-01-01T21:00:00+00:00,19,branch_CA-1_immediate,branch,CA-1,fixed,short_term,188.895833333,62.087057951,817.335364035,-100.000000001,0,true,true,false,constraint_violation,0.87427218,307,1.064732358,210,0.07572782,1.001463616,C27,44.839724881,221_CC_1,112.7483239,213_CC_3,0,221,221_CC_1,99,4205.112708334,4373.285766415,168.173058081
0,poi_bus_108,108,Alger,lagging_095,0.95,21,2020-01-01T21:00:00+00:00,20,branch_CA-1_sustained,branch,CA-1,bounded,continuous,188.895833333,62.087057951,817.335364035,-100,0.000000001,true,true,false,constraint_violation,0.874136416,307,1.063975409,210,0.075863584,1.286239823,CB-1,204.918368597,221_CC_1,137.130924195,213_CC_3,0,221,221_CC_1,99,4205.112708333,4410.03107693,204.918368597
0,poi_bus_108,108,Alger,lagging_095,0.95,21,2020-01-01T21:00:00+00:00,21,generator_121_NUCLEAR_1_sustained,generator,121_NUCLEAR_1,bounded,continuous,188.895833333,62.087057951,817.335364035,-100.000000001,0,true,true,false,constraint_violation,0.888713401,307,1.064084918,210,0.061286599,1.026879539,C27,125.127083825,221_CC_1,122.732950826,213_CC_3,0,221,221_CC_1,98,4205.112708334,4330.239792159,125.127083825
0,poi_bus_108,108,Alger,lagging_095,0.95,21,2020-01-01T21:00:00+00:00,22,generator_213_CC_3_sustained,generator,213_CC_3,bounded,continuous,188.895833333,62.087057951,817.335364035,-100,0,true,true,false,constraint_violation,0.877942281,307,1.075930527,210,0.072057719,1.039661089,C27,135.1064513,221_CC_1,9.113110654,322_HYDRO_1,0,221,221_CC_1,98,4205.112708333,4340.219159633,135.1064513
0,poi_bus_108,108,Alger,lagging_095,0.95,21,2020-01-01T21:00:00+00:00,23,generator_313_CC_1_sustained,generator,313_CC_1,bounded,continuous,188.895833333,62.087057951,817.335364035,-8.20040686,0,true,true,false,constraint_violation,0.788280322,307,1.083686578,210,0.161719678,1.058306115,C27,152.511515281,221_CC_1,78.380744266,314_SYNC_COND_1,0,221,221_CC_1,98,4205.112708333,4357.624223614,152.511515281
0,poi_bus_108,108,Alger,lagging_095,0.95,22,2020-01-01T22:00:00+00:00,0,normal,normal,,base,continuous,186.645833333,61.347518714,754.430540512,-99.999999999,0,true,true,false,constraint_violation,0.91355954,108,1.086427555,210,0.03644046,0.877719765,C27,0,101_STEAM_3,8.785541588,101_STEAM_3,0,221,221_CC_1,98,3893.761420333,4006.557258453,112.79583812
0,poi_bus_108,108,Alger,lagging_095,0.95,22,2020-01-01T22:00:00+00:00,1,branch_A11_immediate,branch,A11,fixed,short_term,186.645833333,61.347518714,754.430540512,-100,0.000000002,true,true,false,constraint_violation,0.860367976,108,1.087767632,210,0.089632024,0.764174825,B10,0,101_STEAM_3,15.483700661,201_HYDRO_4,0,221,221_CC_1,98,3893.761420333,4009.337971488,115.576551155
0,poi_bus_108,108,Alger,lagging_095,0.95,22,2020-01-01T22:00:00+00:00,2,branch_A11_sustained,branch,A11,bounded,continuous,186.645833333,61.347518714,754.430540512,-100.000000001,0.000000001,true,true,false,constraint_violation,0.86114839,108,1.087564249,210,0.08885161,0.888281336,A13-2,0,101_STEAM_3,19.212059676,121_NUCLEAR_1,0,221,221_CC_1,98,3893.761420333,4029.025959349,135.264539016
0,poi_bus_108,108,Alger,lagging_095,0.95,22,2020-01-01T22:00:00+00:00,3,branch_A12-1_immediate,branch,A12-1,fixed,short_term,186.645833333,61.347518714,754.430540512,-100,0.000000001,true,true,false,constraint_violation,0.751347086,108,1.083779618,210,0.198652914,1.112772641,A13-2,0,101_STEAM_3,4.632770099,215_HYDRO_1,0,221,221_CC_1,98,3893.761420333,4030.649228571,136.887808238
0,poi_bus_108,108,Alger,lagging_095,0.95,22,2020-01-01T22:00:00+00:00,4,branch_A12-1_sustained,branch,A12-1,bounded,continuous,186.645833333,61.347518714,754.430540512,-100,0.000000001,true,true,false,constraint_violation,0.757680543,108,1.083887747,210,0.192319457,1.315436645,A13-2,188.035038949,221_CC_1,87.016202115,121_NUCLEAR_1,0,221,221_CC_1,98,3893.761420334,4081.796459283,188.035038949
0,poi_bus_108,108,Alger,lagging_095,0.95,22,2020-01-01T22:00:00+00:00,5,branch_A34_immediate,branch,A34,fixed,short_term,186.645833333,61.347518714,754.430540512,-100,0,true,true,false,constraint_violation,0.913637053,108,1.086456764,210,0.036456764,0.952452405,A30,0,101_STEAM_3,23.181328796,121_NUCLEAR_1,0,221,221_CC_1,98,3893.761420333,4035.513728868,141.752308535
0,poi_bus_108,108,Alger,lagging_095,0.95,22,2020-01-01T22:00:00+00:00,6,branch_A34_sustained,branch,A34,bounded,continuous,186.645833333,61.347518714,754.430540512,99.999999999,0.000000001,true,true,false,constraint_violation,0.913967022,108,1.086889213,210,0.036889213,1.0101684,A30,34.70178892,123_STEAM_2,9.345028184,101_STEAM_3,0,123,123_STEAM_2,98,3893.761420333,4021.463209253,127.70178892
0,poi_bus_108,108,Alger,lagging_095,0.95,22,2020-01-01T22:00:00+00:00,7,branch_B12-1_immediate,branch,B12-1,fixed,short_term,186.645833333,61.347518714,754.430540512,-100,0.000000001,true,true,false,constraint_violation,0.913890167,108,1.073606077,210,0.036109833,0.741720271,A10,0,101_STEAM_3,8.82418091,101_STEAM_3,0,221,221_CC_1,98,3893.761420333,4011.212360423,117.45094009
0,poi_bus_108,108,Alger,lagging_095,0.95,22,2020-01-01T22:00:00+00:00,8,branch_B12-1_sustained,branch,B12-1,bounded,continuous,186.645833333,61.347518714,754.430540512,-99.999999999,0,true,true,false,constraint_violation,0.915192598,307,1.073704954,210,0.034807402,1.016209573,CA-1,154.271594586,221_CC_1,56.633773285,121_NUCLEAR_1,0,221,221_CC_1,98,3893.761420333,4048.033014919,154.271594586
0,poi_bus_108,108,Alger,lagging_095,0.95,22,2020-01-01T22:00:00+00:00,9,branch_B22_immediate,branch,B22,fixed,short_term,186.645833333,61.347518714,754.430540512,-100,0.000000001,true,true,false,constraint_violation,0.912666594,108,1.08528855,210,0.037333406,0.756833185,B10,0,101_STEAM_3,8.62778422,101_STEAM_3,0,221,221_CC_1,98,3893.761420333,4009.718882665,115.957462332
0,poi_bus_108,108,Alger,lagging_095,0.95,22,2020-01-01T22:00:00+00:00,10,branch_B22_sustained,branch,B22,bounded,continuous,186.645833333,61.347518714,754.430540512,-100,0.000000001,true,true,false,constraint_violation,0.904091109,307,1.085444655,210,0.045908891,0.982881686,C27,148.366009052,221_CC_1,41.52180268,121_NUCLEAR_1,0,221,221_CC_1,98,3893.761420333,4042.127429385,148.366009052
0,poi_bus_108,108,Alger,lagging_095,0.95,22,2020-01-01T22:00:00+00:00,11,branch_B6_immediate,branch,B6,fixed,short_term,186.645833333,61.347518714,754.430540512,-100,0.000000001,true,true,false,constraint_violation,0.904790295,108,1.089511298,210,0.045209705,0.769584836,B10,0,101_STEAM_3,7.962981122,101_STEAM_3,0,221,221_CC_1,98,3893.761420333,4007.040023082,113.278602749
0,poi_bus_108,108,Alger,lagging_095,0.95,22,2020-01-01T22:00:00+00:00,12,branch_B6_sustained,branch,B6,bounded,continuous,186.645833333,61.347518714,754.430540512,-100,0,true,true,false,constraint_violation,0.89785867,307,1.089695066,210,0.05214133,1.102575553,CA-1,169.02540996,221_CC_1,93.058906979,121_NUCLEAR_1,0,221,221_CC_1,98,3893.761420333,4062.786830293,169.02540996
0,poi_bus_108,108,Alger,lagging_095,0.95,22,2020-01-01T22:00:00+00:00,13,branch_C12-1_immediate,branch,C12-1,fixed,short_term,186.645833333,61.347518714,754.430540512,-99.999999999,0,true,true,false,constraint_violation,0.744295498,307,1.086445525,210,0.205704502,0.900809978,C13-2,0,101_STEAM_3,8.821999212,101_STEAM_3,0,221,221_CC_1,98,3893.761420333,4021.779949828,128.018529495
0,poi_bus_108,108,Alger,lagging_095,0.95,22,2020-01-01T22:00:00+00:00,14,branch_C12-1_sustained,branch,C12-1,bounded,continuous,186.645833333,61.347518714,754.430540512,-100,0.000000002,true,true,false,constraint_violation,0.70012175,307,1.086275245,210,0.24987825,1.172263263,C13-2,154.251162497,221_CC_1,35.624955239,121_NUCLEAR_1,0,221,221_CC_1,98,3893.761420333,4048.01258283,154.251162497
0,poi_bus_108,108,Alger,lagging_095,0.95,22,2020-01-01T22:00:00+00:00,15,branch_C27_immediate,branch,C27,fixed,short_term,186.645833333,61.347518714,754.430540512,-100,0.000000001,true,true,false,constraint_violation,0.913531976,307,1.086331284,210,0.036468024,0.994928691,C29,0,101_STEAM_3,9.105489302,101_STEAM_3,0,221,221_CC_1,98,3893.761420333,4030.873023517,137.111603184
0,poi_bus_108,108,Alger,lagging_095,0.95,22,2020-01-01T22:00:00+00:00,16,branch_C27_sustained,branch,C27,bounded,continuous,186.645833333,61.347518714,754.430540512,-100,0.000000001,true,true,false,constraint_violation,0.898263326,307,1.085910557,210,0.051736674,0.995708169,C29,140.347427366,221_CC_1,23.782966461,322_HYDRO_1,0,221,221_CC_1,98,3893.761420334,4034.1088477,140.347427366
0,poi_bus_108,108,Alger,lagging_095,0.95,22,2020-01-01T22:00:00+00:00,17,branch_C6_immediate,branch,C6,fixed,short_term,186.645833333,61.347518714,754.430540512,-100,0.000000001,true,true,false,constraint_violation,0.913707264,108,1.086420892,210,0.036420892,0.760326432,B10,0,101_STEAM_3,8.831897894,101_STEAM_3,0,221,221_CC_1,98,3893.761420333,4011.369061687,117.607641354
0,poi_bus_108,108,Alger,lagging_095,0.95,22,2020-01-01T22:00:00+00:00,18,branch_C6_sustained,branch,C6,bounded,continuous,186.645833333,61.347518714,754.430540512,-100,0,true,true,false,constraint_violation,0.915398389,307,1.08642974,210,0.03642974,0.900168135,CA-1,136.692252092,221_CC_1,24.546319472,121_NUCLEAR_1,0,221,221_CC_1,98,3893.761420333,4030.453672425,136.692252092
0,poi_bus_108,108,Alger,lagging_095,0.95,22,2020-01-01T22:00:00+00:00,19,branch_CA-1_immediate,branch,CA-1,fixed,short_term,186.645833333,61.347518714,754.430540512,-100,0.000000001,true,true,false,constraint_violation,0.904739149,108,1.086582256,210,0.045260851,0.944524618,C27,0,101_STEAM_3,10.303101947,322_HYDRO_1,0,221,221_CC_1,98,3893.761420333,4047.688644611,153.927224278
0,poi_bus_108,108,Alger,lagging_095,0.95,22,2020-01-01T22:00:00+00:00,20,branch_CA-1_sustained,branch,CA-1,bounded,continuous,186.645833333,61.347518714,754.430540512,100,0.000000001,true,true,false,constraint_violation,0.904235427,108,1.086042929,210,0.045764573,1.216789612,CB-1,174.256844778,221_CC_1,20.770996573,322_HYDRO_1,0,221,221_CC_1,98,3893.761420333,4068.018265111,174.256844778
0,poi_bus_108,108,Alger,lagging_095,0.95,22,2020-01-01T22:00:00+00:00,21,generator_121_NUCLEAR_1_sustained,generator,121_NUCLEAR_1,bounded,continuous,186.645833333,61.347518714,754.430540512,-100,0.000000001,true,true,false,constraint_violation,0.911643262,307,1.086031345,210,0.038356738,0.992518848,C27,122.43665549,221_CC_1,7.946635129,322_HYDRO_1,0,221,221_CC_1,97,3893.761420333,4016.198075823,122.43665549
0,poi_bus_108,108,Alger,lagging_095,0.95,22,2020-01-01T22:00:00+00:00,22,generator_213_CC_3_sustained,generator,213_CC_3,bounded,continuous,186.645833333,61.347518714,754.430540512,-100,0.000000001,true,true,false,constraint_violation,0.91154754,108,1.080623392,210,0.03845246,0.966800277,C27,120.887224386,221_CC_1,8.588587475,101_STEAM_3,0,221,221_CC_1,97,3893.761420333,4014.648644719,120.887224386
0,poi_bus_108,108,Alger,lagging_095,0.95,22,2020-01-01T22:00:00+00:00,23,generator_313_CC_1_sustained,generator,313_CC_1,bounded,continuous,186.645833333,61.347518714,754.430540512,-100,0,true,true,false,constraint_violation,0.655237605,307,1.085336439,210,0.294762395,1.31195957,CA-1,241.332359443,221_CC_1,416.011254434,314_SYNC_COND_1,0,221,221_CC_1,97,3893.761420334,4135.093779777,241.332359443
0,poi_bus_108,108,Alger,lagging_095,0.95,23,2020-01-01T23:00:00+00:00,0,normal,normal,,base,continuous,183,60.149191248,702.837257408,-100,0,true,true,false,constraint_violation,0.918776059,108,1.08881518,210,0.03881518,0.88710344,C10,75.681963316,123_STEAM_2,9.812792542,101_STEAM_3,0,123,123_STEAM_2,97,3636.5968683,3743.278831616,106.681963316
0,poi_bus_108,108,Alger,lagging_095,0.95,23,2020-01-01T23:00:00+00:00,1,branch_A11_immediate,branch,A11,fixed,short_term,183,60.149191248,702.837257408,-100.000000001,0.000000001,true,true,false,constraint_violation,0.869026569,108,1.090092544,210,0.080973431,0.776132443,C10,77.657204313,123_STEAM_2,19.673295637,201_HYDRO_4,0,123,123_STEAM_2,97,3636.5968683,3745.254072613,108.657204313
0,poi_bus_108,108,Alger,lagging_095,0.95,23,2020-01-01T23:00:00+00:00,2,branch_A11_sustained,branch,A11,bounded,continuous,183,60.149191248,702.837257408,-100,0,true,true,false,constraint_violation,0.868868986,108,1.089715378,210,0.081131014,0.905358287,C10,107.999721261,123_STEAM_2,19.552009797,201_HYDRO_4,0,123,123_STEAM_2,97,3636.5968683,3744.596589561,107.999721261
0,poi_bus_108,108,Alger,lagging_095,0.95,23,2020-01-01T23:00:00+00:00,3,branch_A12-1_immediate,branch,A12-1,fixed,short_term,183,60.149191248,702.837257408,-100,0.000000001,true,true,false,constraint_violation,0.770792745,108,1.086535773,210,0.179207255,1.091583982,A13-2,97.590141593,123_STEAM_2,4.578830517,215_HYDRO_1,0,123,123_STEAM_2,97,3636.5968683,3765.187009893,128.590141593
0,poi_bus_108,108,Alger,lagging_095,0.95,23,2020-01-01T23:00:00+00:00,4,branch_A12-1_sustained,branch,A12-1,bounded,continuous,183,60.149191248,702.837257408,-100,0,true,true,false,constraint_violation,0.776343839,108,1.085861659,210,0.173656161,1.299677559,A13-2,101.222574702,123_STEAM_2,14.82068165,313_CC_1,0,123,123_STEAM_2,97,3636.5968683,3737.819443002,101.222574702
0,poi_bus_108,108,Alger,lagging_095,0.95,23,2020-01-01T23:00:00+00:00,5,branch_A34_immediate,branch,A34,fixed,short_term,183,60.149191248,702.837257408,-99.999999999,0,true,true,false,constraint_violation,0.918598692,108,1.088839755,210,0.038839755,0.964845226,A30,105.695937736,123_STEAM_2,26.679251705,121_NUCLEAR_1,0,123,123_STEAM_2,97,3636.5968683,3773.292806036,136.695937736
0,poi_bus_108,108,Alger,lagging_095,0.95,23,2020-01-01T23:00:00+00:00,6,branch_A34_sustained,branch,A34,bounded,continuous,183,60.149191248,702.837257408,-100,0.000000001,true,true,false,constraint_violation,0.920919797,108,1.088501512,210,0.038501512,1.009270167,A30,120.712451768,123_STEAM_2,10.147863189,101_STEAM_3,0,123,123_STEAM_2,97,3636.5968683,3757.309320068,120.712451768
0,poi_bus_108,108,Alger,lagging_095,0.95,23,2020-01-01T23:00:00+00:00,7,branch_B12-1_immediate,branch,B12-1,fixed,short_term,183,60.149191248,702.837257408,-100,0,true,true,false,constraint_violation,0.919005205,108,1.077958654,210,0.030994795,0.776251897,C10,79.581320341,123_STEAM_2,9.836736396,101_STEAM_3,0,123,123_STEAM_2,97,3636.5968683,3747.178188641,110.581320341
0,poi_bus_108,108,Alger,lagging_095,0.95,23,2020-01-01T23:00:00+00:00,8,branch_B12-1_sustained,branch,B12-1,bounded,continuous,183,60.149191248,702.837257408,-99.999999999,0,true,true,false,constraint_violation,0.922720931,108,1.07784968,210,0.02784968,0.898601488,C10,99.16196852,123_STEAM_2,12.252229867,101_STEAM_3,0,123,123_STEAM_2,97,3636.5968683,3735.75883682,99.16196852
0,poi_bus_108,108,Alger,lagging_095,0.95,23,2020-01-01T23:00:00+00:00,9,branch_B22_immediate,branch,B22,fixed,short_term,183,60.149191248,702.837257408,-100,0,true,true,false,constraint_violation,0.917825822,108,1.087765584,210,0.037765584,0.775910265,C10,78.780008282,123_STEAM_2,9.644722628,101_STEAM_3,0,123,123_STEAM_2,97,3636.5968683,3746.376876582,109.780008282
0,poi_bus_108,108,Alger,lagging_095,0.95,23,2020-01-01T23:00:00+00:00,10,branch_B22_sustained,branch,B22,bounded,continuous,183,60.149191248,702.837257408,-100.000000001,0.000000001,true,true,false,constraint_violation,0.920599145,108,1.088531512,210,0.038531512,0.900020431,C10,117.751393047,123_STEAM_2,10.350272431,101_STEAM_3,0,123,123_STEAM_2,97,3636.5968683,3754.348261347,117.751393047
0,poi_bus_108,108,Alger,lagging_095,0.95,23,2020-01-01T23:00:00+00:00,11,branch_B6_immediate,branch,B6,fixed,short_term,183,60.149191248,702.837257408,-100,0,true,true,false,constraint_violation,0.910097085,108,1.091870969,210,0.041870969,0.776155166,C10,76.216328706,123_STEAM_2,8.995550231,101_STEAM_3,0,123,123_STEAM_2,97,3636.5968683,3743.813197006,107.216328706
0,poi_bus_108,108,Alger,lagging_095,0.95,23,2020-01-01T23:00:00+00:00,12,branch_B6_sustained,branch,B6,bounded,continuous,183,60.149191248,702.837257408,-100.000000001,0.000000001,true,true,false,constraint_violation,0.91178774,108,1.091814261,210,0.041814261,0.90001373,C10,118.400259676,123_STEAM_2,9.526039093,101_STEAM_3,0,123,123_STEAM_2,97,3636.5968683,3754.997127976,118.400259676
0,poi_bus_108,108,Alger,lagging_095,0.95,23,2020-01-01T23:00:00+00:00,13,branch_C12-1_immediate,branch,C12-1,fixed,short_term,183,60.149191248,702.837257408,-100,0,true,true,false,constraint_violation,0.836023537,307,1.088823572,210,0.113976463,0.761818011,B10,84.50627736,123_STEAM_2,9.818331588,101_STEAM_3,0,123,123_STEAM_2,97,3636.5968683,3752.10314566,115.50627736
0,poi_bus_108,108,Alger,lagging_095,0.95,23,2020-01-01T23:00:00+00:00,14,branch_C12-1_sustained,branch,C12-1,bounded,continuous,183,60.149191248,702.837257408,-100,0,true,true,false,constraint_violation,0.831049781,307,1.088582726,210,0.118950219,0.949551281,C13-2,122.124742739,123_STEAM_2,10.335679745,101_STEAM_3,0,123,123_STEAM_2,97,3636.5968683,3758.721611039,122.124742739
0,poi_bus_108,108,Alger,lagging_095,0.95,23,2020-01-01T23:00:00+00:00,15,branch_C27_immediate,branch,C27,fixed,short_term,183,60.149191248,702.837257408,-100,0,true,true,false,constraint_violation,0.919870131,108,1.08872803,210,0.03872803,0.995618947,C29,97.244767546,123_STEAM_2,10.143422503,101_STEAM_3,0,123,123_STEAM_2,97,3636.5968683,3764.841635846,128.244767546
0,poi_bus_108,108,Alger,lagging_095,0.95,23,2020-01-01T23:00:00+00:00,16,branch_C27_sustained,branch,C27,bounded,continuous,183,60.149191248,702.837257408,-100,0.000000002,true,true,false,constraint_violation,0.921285434,108,1.089116175,210,0.039116175,0.996049609,C29,121.785101589,123_STEAM_2,10.526377377,101_STEAM_3,0,123,123_STEAM_2,97,3636.5968683,3758.381969889,121.785101589
0,poi_bus_108,108,Alger,lagging_095,0.95,23,2020-01-01T23:00:00+00:00,17,branch_C6_immediate,branch,C6,fixed,short_term,183,60.149191248,702.837257408,-100,0.000000001,true,true,false,constraint_violation,0.918857065,108,1.088810158,210,0.038810158,0.76177694,B10,77.355645683,123_STEAM_2,9.838302984,101_STEAM_3,0,123,123_STEAM_2,97,3636.5968683,3744.952513983,108.355645683
0,poi_bus_108,108,Alger,lagging_095,0.95,23,2020-01-01T23:00:00+00:00,18,branch_C6_sustained,branch,C6,bounded,continuous,183,60.149191248,702.837257408,-99.999999999,0,true,true,false,constraint_violation,0.92057884,108,1.088569808,210,0.038569808,0.874859276,C10,113.498459456,123_STEAM_2,10.345864467,101_STEAM_3,0,123,123_STEAM_2,97,3636.5968683,3750.095327756,113.498459456
0,poi_bus_108,108,Alger,lagging_095,0.95,23,2020-01-01T23:00:00+00:00,19,branch_CA-1_immediate,branch,CA-1,fixed,short_term,183,60.149191248,702.837257408,-100,0,true,true,false,constraint_violation,0.906111669,108,1.088873971,210,0.043888331,0.938216499,C27,124.847025572,123_STEAM_2,11.60671499,322_HYDRO_1,0,123,123_STEAM_2,97,3636.5968683,3792.443893872,155.847025572
0,poi_bus_108,108,Alger,lagging_095,0.95,23,2020-01-01T23:00:00+00:00,20,branch_CA-1_sustained,branch,CA-1,bounded,continuous,183,60.149191248,702.837257408,52.6224297,0,true,true,false,constraint_violation,0.908943257,108,1.088636987,210,0.041056743,1.189808207,CB-1,163.657978834,123_STEAM_2,19.201107212,322_HYDRO_1,0,123,123_STEAM_2,97,3636.5968683,3800.254847134,163.657978834
0,poi_bus_108,108,Alger,lagging_095,0.95,23,2020-01-01T23:00:00+00:00,21,generator_121_NUCLEAR_1_sustained,generator,121_NUCLEAR_1,bounded,continuous,183,60.149191248,702.837257408,-100.000000001,0.000000001,true,true,false,constraint_violation,0.920427918,108,1.088096887,210,0.038096887,0.911046755,C27,93.656422263,123_STEAM_2,8.646160656,101_STEAM_3,0,123,123_STEAM_2,96,3636.5968683,3730.253290563,93.656422263
0,poi_bus_108,108,Alger,lagging_095,0.95,23,2020-01-01T23:00:00+00:00,22,generator_213_CC_3_sustained,generator,213_CC_3,bounded,continuous,183,60.149191248,702.837257408,-100,0,true,true,false,constraint_violation,0.918161956,108,1.082583691,210,0.032583691,0.897168818,C10,94.649491889,123_STEAM_2,12.2935848,313_CC_1,0,123,123_STEAM_2,96,3636.5968683,3731.246360189,94.649491889
0,poi_bus_108,108,Alger,lagging_095,0.95,23,2020-01-01T23:00:00+00:00,23,generator_313_CC_1_sustained,generator,313_CC_1,bounded,continuous,183,60.149191248,702.837257408,-100,0.000000001,true,true,false,constraint_violation,0.899905621,307,1.088527385,210,0.050094379,0.939057882,C27,135.088593623,123_STEAM_2,47.224875547,121_NUCLEAR_1,0,123,123_STEAM_2,96,3636.5968683,3771.685461923,135.088593623
