timestamp,branch_uid,from_bus,to_bus,flow_mw,continuous_rating_mw,loading_fraction
2020-01-01T00:00:00+00:00,A1,101,102,16.308441987,175,0.093191097
2020-01-01T00:00:00+00:00,A10,106,110,-21.180669958,175,0.1210324
2020-01-01T00:00:00+00:00,A11,107,108,-74.310115858,175,0.424629233
2020-01-01T00:00:00+00:00,A12-1,108,109,-74.003887196,175,0.422879355
2020-01-01T00:00:00+00:00,A13-2,108,110,-59.407416194,175,0.33947095
2020-01-01T00:00:00+00:00,A14,109,111,-50.989924635,400,0.127474812
2020-01-01T00:00:00+00:00,A15,109,112,-28.863735079,400,0.072159338
2020-01-01T00:00:00+00:00,A16,110,111,-79.991390977,400,0.199978477
2020-01-01T00:00:00+00:00,A17,110,112,-57.538213397,400,0.143845533
2020-01-01T00:00:00+00:00,A18,111,113,40.987899961,500,0.0819758
2020-01-01T00:00:00+00:00,A19,111,114,-171.969215574,500,0.343938431
2020-01-01T00:00:00+00:00,A2,101,103,-28.62917018,175,0.163595258
2020-01-01T00:00:00+00:00,A20,112,113,1.105443286,500,0.002210887
2020-01-01T00:00:00+00:00,A21,112,123,-87.507391762,500,0.175014784
2020-01-01T00:00:00+00:00,A22,113,123,-98.175612398,500,0.196351225
2020-01-01T00:00:00+00:00,A23,114,116,-239.019685639,500,0.478039371
2020-01-01T00:00:00+00:00,A24,115,116,172.99212662,500,0.345984253
2020-01-01T00:00:00+00:00,A25-1,115,121,-187.322675741,500,0.374645351
2020-01-01T00:00:00+00:00,A25-2,115,121,-187.322675741,500,0.374645351
2020-01-01T00:00:00+00:00,A26,115,124,154.091374291,500,0.308182749
2020-01-01T00:00:00+00:00,A27,116,117,-356.680825195,500,0.71336165
2020-01-01T00:00:00+00:00,A28,116,119,318.091168203,500,0.636182336
2020-01-01T00:00:00+00:00,A29,117,118,-49.991947687,500,0.099983895
2020-01-01T00:00:00+00:00,A3,101,105,34.993662383,175,0.199963785
2020-01-01T00:00:00+00:00,A30,117,122,-306.688877507,500,0.613377755
2020-01-01T00:00:00+00:00,A31-1,118,121,-82.541866967,500,0.165083734
2020-01-01T00:00:00+00:00,A31-2,118,121,-82.541866967,500,0.165083734
2020-01-01T00:00:00+00:00,A32-1,119,120,127.766885437,500,0.255533771
2020-01-01T00:00:00+00:00,A32-2,119,120,127.766885437,500,0.255533771
2020-01-01T00:00:00+00:00,A33-1,120,123,105.647142735,500,0.211294285
2020-01-01T00:00:00+00:00,A33-2,120,123,105.647142735,500,0.211294285
2020-01-01T00:00:00+00:00,A34,121,122,-431.711122493,500,0.863422245
2020-01-01T00:00:00+00:00,A4,102,104,16.95942367,175,0.096910992
2020-01-01T00:00:00+00:00,A5,102,106,25.823783284,175,0.147564476
2020-01-01T00:00:00+00:00,A6,103,109,63.250427762,175,0.361431016
2020-01-01T00:00:00+00:00,A7,103,124,-154.091374291,400,0.385228436
2020-01-01T00:00:00+00:00,A8,104,109,-8.616528829,175,0.049237308
2020-01-01T00:00:00+00:00,A9,105,110,10.454572823,175,0.059740416
2020-01-01T00:00:00+00:00,AB1,107,203,31.107493393,175,0.177757105
2020-01-01T00:00:00+00:00,AB2,113,215,148.679396019,500,0.297358792
2020-01-01T00:00:00+00:00,AB3,123,217,227.61128131,500,0.455222563
2020-01-01T00:00:00+00:00,B1,201,202,1.788480391,175,0.010219888
2020-01-01T00:00:00+00:00,B10,206,210,-36.219641488,175,0.20696938
2020-01-01T00:00:00+00:00,B11,207,208,-48.362978114,175,0.276359875
2020-01-01T00:00:00+00:00,B12-1,208,209,-63.629413451,175,0.363596648
2020-01-01T00:00:00+00:00,B13-2,208,210,-50.894118723,175,0.290823536
2020-01-01T00:00:00+00:00,B14,209,211,-50.448642505,400,0.126121606
2020-01-01T00:00:00+00:00,B15,209,212,-68.977220816,400,0.172443052
2020-01-01T00:00:00+00:00,B16,210,211,-75.840255451,400,0.189600639
2020-01-01T00:00:00+00:00,B17,210,212,-94.642655117,400,0.236606638
2020-01-01T00:00:00+00:00,B18,211,213,-46.079439374,500,0.092158879
2020-01-01T00:00:00+00:00,B19,211,214,-80.209458582,500,0.160418917
2020-01-01T00:00:00+00:00,B2,201,203,-23.821360551,175,0.13612206
2020-01-01T00:00:00+00:00,B20,212,213,-12.681676968,500,0.025363354
2020-01-01T00:00:00+00:00,B21,212,223,-150.938198965,500,0.301876398
2020-01-01T00:00:00+00:00,B22,213,223,-161.290629944,500,0.32258126
2020-01-01T00:00:00+00:00,B23,214,216,-155.268800615,500,0.310537601
2020-01-01T00:00:00+00:00,B24,215,216,2.350104452,500,0.004700209
2020-01-01T00:00:00+00:00,B25-1,215,221,-21.729424215,500,0.043458848
2020-01-01T00:00:00+00:00,B25-2,215,221,-21.729424215,500,0.043458848
2020-01-01T00:00:00+00:00,B26,215,224,95.039627501,500,0.190079255
2020-01-01T00:00:00+00:00,B27,216,217,-111.113459184,500,0.222226918
2020-01-01T00:00:00+00:00,B28,216,219,-18.49561947,500,0.036991239
2020-01-01T00:00:00+00:00,B29,217,218,128.11714943,500,0.256234299
2020-01-01T00:00:00+00:00,B3,201,205,19.54726707,175,0.111698669
2020-01-01T00:00:00+00:00,B30,217,222,-11.619327303,500,0.023238655
2020-01-01T00:00:00+00:00,B31-1,218,221,-0.360912133,500,0.000721824
2020-01-01T00:00:00+00:00,B31-2,218,221,-0.360912133,500,0.000721824
2020-01-01T00:00:00+00:00,B32-1,219,220,-44.26260589,500,0.088525212
2020-01-01T00:00:00+00:00,B32-2,219,220,-44.26260589,500,0.088525212
2020-01-01T00:00:00+00:00,B33-1,220,223,-69.024450684,500,0.138048901
2020-01-01T00:00:00+00:00,B33-2,220,223,-69.024450684,500,0.138048901
2020-01-01T00:00:00+00:00,B34,221,222,-44.180672697,500,0.088361345
2020-01-01T00:00:00+00:00,B4,202,204,7.859530675,175,0.044911604
2020-01-01T00:00:00+00:00,B5,202,206,16.3992787,175,0.093710164
2020-01-01T00:00:00+00:00,B6,203,209,32.683071858,175,0.186760411
2020-01-01T00:00:00+00:00,B7,203,224,-95.039627501,400,0.237599069
2020-01-01T00:00:00+00:00,B8,204,209,-20.771352369,175,0.118693442
2020-01-01T00:00:00+00:00,B9,205,210,-7.922904499,175,0.04527374
2020-01-01T00:00:00+00:00,C1,301,302,40.586802468,175,0.231924586
2020-01-01T00:00:00+00:00,C10,306,310,-40.373645121,175,0.230706544
2020-01-01T00:00:00+00:00,C11,307,308,-32.808604868,175,0.187477742
2020-01-01T00:00:00+00:00,C12-1,308,309,-169.254766095,175,0.967170092
2020-01-01T00:00:00+00:00,C13-2,308,310,-111.6361769,175,0.637921011
2020-01-01T00:00:00+00:00,C14,309,311,-6.861776496,400,0.017154441
2020-01-01T00:00:00+00:00,C15,309,312,-12.227680608,400,0.030569202
2020-01-01T00:00:00+00:00,C16,310,311,-118.469952143,400,0.29617488
2020-01-01T00:00:00+00:00,C17,310,312,-123.91515533,400,0.309787888
2020-01-01T00:00:00+00:00,C18,311,313,-16.742538513,500,0.033485077
2020-01-01T00:00:00+00:00,C19,311,314,-108.589190126,500,0.21717838
2020-01-01T00:00:00+00:00,C2,301,303,-114.198862782,175,0.65256493
2020-01-01T00:00:00+00:00,C20,312,313,-7.070496351,500,0.014140993
2020-01-01T00:00:00+00:00,C21,312,323,-129.072339587,500,0.258144679
2020-01-01T00:00:00+00:00,C22,313,323,-140.007277185,500,0.280014554
2020-01-01T00:00:00+00:00,C23,314,316,-193.652144882,500,0.38730429
2020-01-01T00:00:00+00:00,C24,315,316,2.940335945,500,0.005880672
2020-01-01T00:00:00+00:00,C25-1,315,321,-71.834501296,500,0.143669003
2020-01-01T00:00:00+00:00,C25-2,315,321,-71.834501296,500,0.143669003
2020-01-01T00:00:00+00:00,C26,315,324,1.734044701,500,0.003468089
2020-01-01T00:00:00+00:00,C27,316,317,-385.143143761,500,0.770286288
2020-01-01T00:00:00+00:00,C28,316,319,112.58445093,500,0.225168902
2020-01-01T00:00:00+00:00,C29,317,318,398.651391134,500,0.797302782
2020-01-01T00:00:00+00:00,C3,301,305,26.257425707,175,0.150042433
2020-01-01T00:00:00+00:00,C30,317,322,11.305465105,500,0.02261093
2020-01-01T00:00:00+00:00,C31-1,318,321,33.181768744,500,0.066363537
2020-01-01T00:00:00+00:00,C31-2,318,321,33.181768744,500,0.066363537
2020-01-01T00:00:00+00:00,C32-1,319,320,16.61079554,500,0.033221591
2020-01-01T00:00:00+00:00,C32-2,319,320,16.61079554,500,0.033221591
2020-01-01T00:00:00+00:00,C33-1,320,323,-11.451210153,500,0.02290242
2020-01-01T00:00:00+00:00,C33-2,320,323,-11.451210153,500,0.02290242
2020-01-01T00:00:00+00:00,C34,321,322,-77.305465105,500,0.15461093
2020-01-01T00:00:00+00:00,C35,323,325,-291.982037077,722,0.404407254
2020-01-01T00:00:00+00:00,C4,302,304,-21.202791886,175,0.121158811
2020-01-01T00:00:00+00:00,C5,302,306,19.258116976,175,0.110046383
2020-01-01T00:00:00+00:00,C6,303,309,137.746841775,175,0.78712481
2020-01-01T00:00:00+00:00,C7,303,324,-1.734044701,400,0.004335112
2020-01-01T00:00:00+00:00,C8,304,309,-53.649485968,175,0.306568491
2020-01-01T00:00:00+00:00,C9,305,310,-4.873861858,175,0.027850639
2020-01-01T00:00:00+00:00,CA-1,325,121,-291.982037077,500,0.583964074
2020-01-01T00:00:00+00:00,CB-1,318,223,186.277730277,500,0.372555461
2020-01-01T01:00:00+00:00,A1,101,102,16.041663161,175,0.091666647
2020-01-01T01:00:00+00:00,A10,106,110,-21.406911417,175,0.122325208
2020-01-01T01:00:00+00:00,A11,107,108,-72.392283477,175,0.413670191
2020-01-01T01:00:00+00:00,A12-1,108,109,-72.986745572,175,0.417067118
2020-01-01T01:00:00+00:00,A13-2,108,110,-58.549031227,175,0.334565893
2020-01-01T01:00:00+00:00,A14,109,111,-50.818182929,400,0.127045457
2020-01-01T01:00:00+00:00,A15,109,112,-29.384625991,400,0.073461565
2020-01-01T01:00:00+00:00,A16,110,111,-79.509876307,400,0.198774691
2020-01-01T01:00:00+00:00,A17,110,112,-57.759567296,400,0.144398918
2020-01-01T01:00:00+00:00,A18,111,113,38.703748571,500,0.077407497
2020-01-01T01:00:00+00:00,A19,111,114,-169.031807807,500,0.338063616
2020-01-01T01:00:00+00:00,A2,101,103,-28.082937071,175,0.160473926
2020-01-01T01:00:00+00:00,A20,112,113,0.06976219,500,0.000139524
2020-01-01T01:00:00+00:00,A21,112,123,-87.213955477,500,0.174427911
2020-01-01T01:00:00+00:00,A22,113,123,-97.277037545,500,0.194554075
2020-01-01T01:00:00+00:00,A23,114,116,-236.130273915,500,0.472260548
2020-01-01T01:00:00+00:00,A24,115,116,168.913476997,500,0.337826954
2020-01-01T01:00:00+00:00,A25-1,115,121,-184.46846106,500,0.368936922
2020-01-01T01:00:00+00:00,A25-2,115,121,-184.46846106,500,0.368936922
2020-01-01T01:00:00+00:00,A26,115,124,152.383168028,500,0.304766336
2020-01-01T01:00:00+00:00,A27,116,117,-351.902707844,500,0.703805416
2020-01-01T01:00:00+00:00,A28,116,119,312.099072726,500,0.624198145
2020-01-01T01:00:00+00:00,A29,117,118,-46.805521157,500,0.093611042
2020-01-01T01:00:00+00:00,A3,101,105,34.687488654,175,0.198214221
2020-01-01T01:00:00+00:00,A30,117,122,-305.097186687,500,0.610194373
2020-01-01T01:00:00+00:00,A31-1,118,121,-80.989846182,500,0.161979692
2020-01-01T01:00:00+00:00,A31-2,118,121,-80.989846182,500,0.161979692
2020-01-01T01:00:00+00:00,A32-1,119,120,124.748447792,500,0.249496896
2020-01-01T01:00:00+00:00,A32-2,119,120,124.748447792,500,0.249496896
2020-01-01T01:00:00+00:00,A33-1,120,123,102.612871344,500,0.205225743
2020-01-01T01:00:00+00:00,A33-2,120,123,102.612871344,500,0.205225743
2020-01-01T01:00:00+00:00,A34,121,122,-430.502813313,500,0.861005627
2020-01-01T01:00:00+00:00,A4,102,104,16.861241572,175,0.096349952
2020-01-01T01:00:00+00:00,A5,102,106,25.631188535,175,0.146463934
2020-01-01T01:00:00+00:00,A6,103,109,62.043922197,175,0.354536698
2020-01-01T01:00:00+00:00,A7,103,124,-152.383168028,400,0.38095792
2020-01-01T01:00:00+00:00,A8,104,109,-8.733018696,175,0.049902964
2020-01-01T01:00:00+00:00,A9,105,110,10.130833532,175,0.057890477
2020-01-01T01:00:00+00:00,AB1,107,203,29.158735727,175,0.166621347
2020-01-01T01:00:00+00:00,AB2,113,215,144.395427076,500,0.288790854
2020-01-01T01:00:00+00:00,AB3,123,217,222.734749667,500,0.445469499
2020-01-01T01:00:00+00:00,B1,201,202,1.495410553,175,0.008545203
2020-01-01T01:00:00+00:00,B10,206,210,-35.230538595,175,0.201317363
2020-01-01T01:00:00+00:00,B11,207,208,-47.497245395,175,0.271412831
2020-01-01T01:00:00+00:00,B12-1,208,209,-62.421066946,175,0.356691811
2020-01-01T01:00:00+00:00,B13-2,208,210,-50.052410149,175,0.286013772
2020-01-01T01:00:00+00:00,B14,209,211,-49.528490586,400,0.123821226
2020-01-01T01:00:00+00:00,B15,209,212,-67.550759768,400,0.168876899
2020-01-01T01:00:00+00:00,B16,210,211,-74.196966656,400,0.185492417
2020-01-01T01:00:00+00:00,B17,210,212,-92.485574791,400,0.231213937
2020-01-01T01:00:00+00:00,B18,211,213,-44.826598866,500,0.089653198
2020-01-01T01:00:00+00:00,B19,211,214,-78.898858376,500,0.157797717
2020-01-01T01:00:00+00:00,B2,201,203,-22.707576071,175,0.129757578
2020-01-01T01:00:00+00:00,B20,212,213,-12.341458665,500,0.024682917
2020-01-01T01:00:00+00:00,B21,212,223,-147.694875894,500,0.295389752
2020-01-01T01:00:00+00:00,B22,213,223,-157.862217768,500,0.315724436
2020-01-01T01:00:00+00:00,B23,214,216,-152.614583229,500,0.305229166
2020-01-01T01:00:00+00:00,B24,215,216,2.323397486,500,0.004646795
2020-01-01T01:00:00+00:00,B25-1,215,221,-21.795552065,500,0.043591104
2020-01-01T01:00:00+00:00,B25-2,215,221,-21.795552065,500,0.043591104
2020-01-01T01:00:00+00:00,B26,215,224,93.710119398,500,0.187420239
2020-01-01T01:00:00+00:00,B27,216,217,-109.610983806,500,0.219221968
2020-01-01T01:00:00+00:00,B28,216,219,-16.677998253,500,0.033355997
2020-01-01T01:00:00+00:00,B29,217,218,125.456680482,500,0.250913361
2020-01-01T01:00:00+00:00,B3,201,205,19.674545497,175,0.112425974
2020-01-01T01:00:00+00:00,B30,217,222,-12.332914621,500,0.024665829
2020-01-01T01:00:00+00:00,B31-1,218,221,-0.537990625,500,0.001075981
2020-01-01T01:00:00+00:00,B31-2,218,221,-0.537990625,500,0.001075981
2020-01-01T01:00:00+00:00,B32-1,219,220,-42.727004792,500,0.08545401
2020-01-01T01:00:00+00:00,B32-2,219,220,-42.727004792,500,0.08545401
2020-01-01T01:00:00+00:00,B33-1,220,223,-67.045594434,500,0.134091189
2020-01-01T01:00:00+00:00,B33-2,220,223,-67.045594434,500,0.134091189
2020-01-01T01:00:00+00:00,B34,221,222,-44.667085379,500,0.089334171
2020-01-01T01:00:00+00:00,B4,202,204,8.191083733,175,0.046806193
2020-01-01T01:00:00+00:00,B5,202,206,16.446464394,175,0.093979797
2020-01-01T01:00:00+00:00,B6,203,209,31.765245685,175,0.18151569
2020-01-01T01:00:00+00:00,B7,203,224,-93.710119398,400,0.234275298
2020-01-01T01:00:00+00:00,B8,204,209,-19.927285541,175,0.113870203
2020-01-01T01:00:00+00:00,B9,205,210,-7.303889887,175,0.041736514
2020-01-01T01:00:00+00:00,C1,301,302,33.726733035,175,0.192724189
2020-01-01T01:00:00+00:00,C10,306,310,-41.804613136,175,0.238883504
2020-01-01T01:00:00+00:00,C11,307,308,-30.297532412,175,0.173128757
2020-01-01T01:00:00+00:00,C12-1,308,309,-165.035876599,175,0.943062152
2020-01-01T01:00:00+00:00,C13-2,308,310,-112.679680153,175,0.643883887
2020-01-01T01:00:00+00:00,C14,309,311,-18.917533439,400,0.047293834
2020-01-01T01:00:00+00:00,C15,309,312,-23.728318953,400,0.059320797
2020-01-01T01:00:00+00:00,C16,310,311,-120.519791305,400,0.301299478
2020-01-01T01:00:00+00:00,C17,310,312,-125.401672172,400,0.31350418
2020-01-01T01:00:00+00:00,C18,311,313,-21.415757202,500,0.042831514
2020-01-01T01:00:00+00:00,C19,311,314,-118.021567541,500,0.236043135
2020-01-01T01:00:00+00:00,C2,301,303,-98.763779824,175,0.564364456
2020-01-01T01:00:00+00:00,C20,312,313,-12.744316312,500,0.025488633
2020-01-01T01:00:00+00:00,C21,312,323,-136.385674813,500,0.27277135
2020-01-01T01:00:00+00:00,C22,313,323,-145.030842228,500,0.290061684
2020-01-01T01:00:00+00:00,C23,314,316,-199.187337845,500,0.398374676
2020-01-01T01:00:00+00:00,C24,315,316,-7.471580843,500,0.014943162
2020-01-01T01:00:00+00:00,C25-1,315,321,-81.512164085,500,0.163024328
2020-01-01T01:00:00+00:00,C25-2,315,321,-81.512164085,500,0.163024328
2020-01-01T01:00:00+00:00,C26,315,324,37.869366816,500,0.075738734
2020-01-01T01:00:00+00:00,C27,316,317,-397.606762953,500,0.795213526
2020-01-01T01:00:00+00:00,C28,316,319,111.109818334,500,0.222219637
2020-01-01T01:00:00+00:00,C29,317,318,391.307129123,500,0.782614258
2020-01-01T01:00:00+00:00,C3,301,305,19.851978786,175,0.113439879
2020-01-01T01:00:00+00:00,C30,317,322,5.486107924,500,0.010972216
2020-01-01T01:00:00+00:00,C31-1,318,321,38.169110123,500,0.07633822
2020-01-01T01:00:00+00:00,C31-2,318,321,38.169110123,500,0.07633822
2020-01-01T01:00:00+00:00,C32-1,319,320,17.691495701,500,0.035382991
2020-01-01T01:00:00+00:00,C32-2,319,320,17.691495701,500,0.035382991
2020-01-01T01:00:00+00:00,C33-1,320,323,-9.084840894,500,0.018169682
2020-01-01T01:00:00+00:00,C33-2,320,323,-9.084840894,500,0.018169682
2020-01-01T01:00:00+00:00,C34,321,322,-86.686107924,500,0.173372216
2020-01-01T01:00:00+00:00,C35,323,325,-299.58619883,722,0.414939334
2020-01-01T01:00:00+00:00,C4,302,304,-21.951254245,175,0.125435739
2020-01-01T01:00:00+00:00,C5,302,306,15.095102128,175,0.086257726
2020-01-01T01:00:00+00:00,C6,303,309,109.417963018,175,0.625245503
2020-01-01T01:00:00+00:00,C7,303,324,-37.869366816,400,0.094673417
2020-01-01T01:00:00+00:00,C8,304,309,-52.911393434,175,0.30235082
2020-01-01T01:00:00+00:00,C9,305,310,-9.853019625,175,0.056302969
2020-01-01T01:00:00+00:00,CA-1,325,121,-299.58619883,500,0.599172398
2020-01-01T01:00:00+00:00,CB-1,318,223,175.64828253,500,0.351296565
2020-01-01T02:00:00+00:00,A1,101,102,16.238551887,175,0.092791725
2020-01-01T02:00:00+00:00,A10,106,110,-22.244718616,175,0.127112678
2020-01-01T02:00:00+00:00,A11,107,108,-71.481489066,175,0.408465652
2020-01-01T02:00:00+00:00,A12-1,108,109,-73.118871778,175,0.417822124
2020-01-01T02:00:00+00:00,A13-2,108,110,-58.457990888,175,0.334045662
2020-01-01T02:00:00+00:00,A14,109,111,-51.586465051,400,0.128966163
2020-01-01T02:00:00+00:00,A15,109,112,-30.125801562,400,0.075314504
2020-01-01T02:00:00+00:00,A16,110,111,-80.72139694,400,0.201803492
2020-01-01T02:00:00+00:00,A17,110,112,-58.943580788,400,0.147358952
2020-01-01T02:00:00+00:00,A18,111,113,37.930466349,500,0.075860933
2020-01-01T02:00:00+00:00,A19,111,114,-170.238328341,500,0.340476657
2020-01-01T02:00:00+00:00,A2,101,103,-28.712948729,175,0.164073993
2020-01-01T02:00:00+00:00,A20,112,113,-0.752379591,500,0.001504759
2020-01-01T02:00:00+00:00,A21,112,123,-88.31700276,500,0.176634006
2020-01-01T02:00:00+00:00,A22,113,123,-98.053276406,500,0.196106553
2020-01-01T02:00:00+00:00,A23,114,116,-238.416705407,500,0.476833411
2020-01-01T02:00:00+00:00,A24,115,116,171.35002635,500,0.342700053
2020-01-01T02:00:00+00:00,A25-1,115,121,-187.520554737,500,0.375041109
2020-01-01T02:00:00+00:00,A25-2,115,121,-187.520554737,500,0.375041109
2020-01-01T02:00:00+00:00,A26,115,124,154.286209258,500,0.308572419
2020-01-01T02:00:00+00:00,A27,116,117,-354.531367647,500,0.709062735
2020-01-01T02:00:00+00:00,A28,116,119,314.321195256,500,0.628642391
2020-01-01T02:00:00+00:00,A29,117,118,-50.454823883,500,0.100909648
2020-01-01T02:00:00+00:00,A3,101,105,34.519424042,175,0.197253852
2020-01-01T02:00:00+00:00,A30,117,122,-304.076543764,500,0.608153088
2020-01-01T02:00:00+00:00,A31-1,118,121,-83.741328341,500,0.167482657
2020-01-01T02:00:00+00:00,A31-2,118,121,-83.741328341,500,0.167482657
2020-01-01T02:00:00+00:00,A32-1,119,120,125.355736161,500,0.250711472
2020-01-01T02:00:00+00:00,A32-2,119,120,125.355736161,500,0.250711472
2020-01-01T02:00:00+00:00,A33-1,120,123,102.863900428,500,0.205727801
2020-01-01T02:00:00+00:00,A33-2,120,123,102.863900428,500,0.205727801
2020-01-01T02:00:00+00:00,A34,121,122,-427.123456236,500,0.854246912
2020-01-01T02:00:00+00:00,A4,102,104,16.598931037,175,0.094851034
2020-01-01T02:00:00+00:00,A5,102,106,25.550432317,175,0.14600247
2020-01-01T02:00:00+00:00,A6,103,109,62.314972528,175,0.356085557
2020-01-01T02:00:00+00:00,A7,103,124,-154.286209258,400,0.385715523
2020-01-01T02:00:00+00:00,A8,104,109,-9.40725403,175,0.053755737
2020-01-01T02:00:00+00:00,A9,105,110,9.567543775,175,0.054671679
2020-01-01T02:00:00+00:00,AB1,107,203,27.5521224,175,0.157440699
2020-01-01T02:00:00+00:00,AB2,113,215,142.101105831,500,0.284202212
2020-01-01T02:00:00+00:00,AB3,123,217,221.35752169,500,0.442715043
2020-01-01T02:00:00+00:00,B1,201,202,1.156823425,175,0.00661042
2020-01-01T02:00:00+00:00,B10,206,210,-35.249959729,175,0.201428341
2020-01-01T02:00:00+00:00,B11,207,208,-47.359515175,175,0.270625801
2020-01-01T02:00:00+00:00,B12-1,208,209,-62.173928618,175,0.355279592
2020-01-01T02:00:00+00:00,B13-2,208,210,-49.973403317,175,0.285562305
2020-01-01T02:00:00+00:00,B14,209,211,-49.626215015,400,0.124065538
2020-01-01T02:00:00+00:00,B15,209,212,-68.004863749,400,0.170012159
2020-01-01T02:00:00+00:00,B16,210,211,-73.970757656,400,0.184926894
2020-01-01T02:00:00+00:00,B17,210,212,-92.621012036,400,0.23155253
2020-01-01T02:00:00+00:00,B18,211,213,-45.552678056,500,0.091105356
2020-01-01T02:00:00+00:00,B19,211,214,-78.044294614,500,0.156088589
2020-01-01T02:00:00+00:00,B2,201,203,-22.188086184,175,0.126789064
2020-01-01T02:00:00+00:00,B20,212,213,-12.425163713,500,0.024850327
2020-01-01T02:00:00+00:00,B21,212,223,-148.200712073,500,0.296401424
2020-01-01T02:00:00+00:00,B22,213,223,-158.380013941,500,0.316760028
2020-01-01T02:00:00+00:00,B23,214,216,-151.546262166,500,0.303092524
2020-01-01T02:00:00+00:00,B24,215,216,-0.417025814,500,0.000834052
2020-01-01T02:00:00+00:00,B25-1,215,221,-21.636810847,500,0.043273622
2020-01-01T02:00:00+00:00,B25-2,215,221,-21.636810847,500,0.043273622
2020-01-01T02:00:00+00:00,B26,215,224,93.588022854,500,0.187176046
2020-01-01T02:00:00+00:00,B27,216,217,-107.718151569,500,0.215436303
2020-01-01T02:00:00+00:00,B28,216,219,-20.132748552,500,0.040265497
2020-01-01T02:00:00+00:00,B29,217,218,125.470828803,500,0.250941658
2020-01-01T02:00:00+00:00,B3,201,205,19.412641648,175,0.110929381
2020-01-01T02:00:00+00:00,B30,217,222,-11.831458681,500,0.023662917
2020-01-01T02:00:00+00:00,B31-1,218,221,-0.347459812,500,0.00069492
2020-01-01T02:00:00+00:00,B31-2,218,221,-0.347459812,500,0.00069492
2020-01-01T02:00:00+00:00,B32-1,219,220,-44.354663263,500,0.088709327
2020-01-01T02:00:00+00:00,B32-2,219,220,-44.354663263,500,0.088709327
2020-01-01T02:00:00+00:00,B33-1,220,223,-68.602735033,500,0.13720547
2020-01-01T02:00:00+00:00,B33-2,220,223,-68.602735033,500,0.13720547
2020-01-01T02:00:00+00:00,B34,221,222,-43.968541319,500,0.087937083
2020-01-01T02:00:00+00:00,B4,202,204,8.128646867,175,0.046449411
2020-01-01T02:00:00+00:00,B5,202,206,16.277192782,175,0.09301253
2020-01-01T02:00:00+00:00,B6,203,209,30.754357217,175,0.175739184
2020-01-01T02:00:00+00:00,B7,203,224,-93.588022854,400,0.233970057
2020-01-01T02:00:00+00:00,B8,204,209,-19.908186117,175,0.113761064
2020-01-01T02:00:00+00:00,B9,205,210,-7.487562972,175,0.042786074
2020-01-01T02:00:00+00:00,C1,301,302,36.036712369,175,0.205924071
2020-01-01T02:00:00+00:00,C10,306,310,-38.21320292,175,0.21836116
2020-01-01T02:00:00+00:00,C11,307,308,-29.130971228,175,0.166462693
2020-01-01T02:00:00+00:00,C12-1,308,309,-165.462272501,175,0.9454987
2020-01-01T02:00:00+00:00,C13-2,308,310,-110.761700701,175,0.632924004
2020-01-01T02:00:00+00:00,C14,309,311,-8.397185908,400,0.020992965
2020-01-01T02:00:00+00:00,C15,309,312,-13.791764726,400,0.034479412
2020-01-01T02:00:00+00:00,C16,310,311,-114.380939149,400,0.285952348
2020-01-01T02:00:00+00:00,C17,310,312,-119.855240806,400,0.299638102
2020-01-01T02:00:00+00:00,C18,311,313,-18.147549133,500,0.036295098
2020-01-01T02:00:00+00:00,C19,311,314,-104.630575924,500,0.209261152
2020-01-01T02:00:00+00:00,C2,301,303,-103.759301949,175,0.592910297
2020-01-01T02:00:00+00:00,C20,312,313,-8.423820814,500,0.016847642
2020-01-01T02:00:00+00:00,C21,312,323,-125.223184719,500,0.250446369
2020-01-01T02:00:00+00:00,C22,313,323,-134.96902895,500,0.269938058
2020-01-01T02:00:00+00:00,C23,314,316,-183.98584327,500,0.367971687
2020-01-01T02:00:00+00:00,C24,315,316,-4.333812558,500,0.008667625
2020-01-01T02:00:00+00:00,C25-1,315,321,-68.194089647,500,0.136388179
2020-01-01T02:00:00+00:00,C25-2,315,321,-68.194089647,500,0.136388179
2020-01-01T02:00:00+00:00,C26,315,324,11.053848817,500,0.022107698
2020-01-01T02:00:00+00:00,C27,316,317,-369.212717275,500,0.738425435
2020-01-01T02:00:00+00:00,C28,316,319,101.988284465,500,0.203976569
2020-01-01T02:00:00+00:00,C29,317,318,386.65494128,500,0.773309883
2020-01-01T02:00:00+00:00,C3,301,305,23.545430439,175,0.134545317
2020-01-01T02:00:00+00:00,C30,317,322,17.732341445,500,0.035464683
2020-01-01T02:00:00+00:00,C31-1,318,321,35.327918924,500,0.070655838
2020-01-01T02:00:00+00:00,C31-2,318,321,35.327918924,500,0.070655838
2020-01-01T02:00:00+00:00,C32-1,319,320,13.975319063,500,0.027950638
2020-01-01T02:00:00+00:00,C32-2,319,320,13.975319063,500,0.027950638
2020-01-01T02:00:00+00:00,C33-1,320,323,-12.203738205,500,0.024407476
2020-01-01T02:00:00+00:00,C33-2,320,323,-12.203738205,500,0.024407476
2020-01-01T02:00:00+00:00,C34,321,322,-65.732341445,500,0.131464683
2020-01-01T02:00:00+00:00,C35,323,325,-284.599690079,722,0.394182396
2020-01-01T02:00:00+00:00,C4,302,304,-21.05821508,175,0.120332658
2020-01-01T02:00:00+00:00,C5,302,306,17.417293776,175,0.099527393
2020-01-01T02:00:00+00:00,C6,303,309,120.884431633,175,0.690768181
2020-01-01T02:00:00+00:00,C7,303,324,-11.053848817,400,0.027634622
2020-01-01T02:00:00+00:00,C8,304,309,-51.327750047,175,0.293301429
2020-01-01T02:00:00+00:00,C9,305,310,-5.496961218,175,0.031411207
2020-01-01T02:00:00+00:00,CA-1,325,121,-284.599690079,500,0.56919938
2020-01-01T02:00:00+00:00,CB-1,318,223,179.786196079,500,0.359572392
2020-01-01T03:00:00+00:00,A1,101,102,16.593200871,175,0.094818291
2020-01-01T03:00:00+00:00,A10,106,110,-24.120300668,175,0.13783029
2020-01-01T03:00:00+00:00,A11,107,108,-69.392634698,175,0.396529341
2020-01-01T03:00:00+00:00,A12-1,108,109,-73.330996038,175,0.419034263
2020-01-01T03:00:00+00:00,A13-2,108,110,-58.22999588,175,0.332742834
2020-01-01T03:00:00+00:00,A14,109,111,-53.30729757,400,0.133268244
2020-01-01T03:00:00+00:00,A15,109,112,-31.967684296,400,0.079919211
2020-01-01T03:00:00+00:00,A16,110,111,-83.319404314,400,0.208298511
2020-01-01T03:00:00+00:00,A17,110,112,-61.664427297,400,0.154161068
2020-01-01T03:00:00+00:00,A18,111,113,35.580815635,500,0.071161631
2020-01-01T03:00:00+00:00,A19,111,114,-172.20751752,500,0.344415035
2020-01-01T03:00:00+00:00,A2,101,103,-29.930224873,175,0.171029856
2020-01-01T03:00:00+00:00,A20,112,113,-2.883837291,500,0.005767675
2020-01-01T03:00:00+00:00,A21,112,123,-90.748274302,500,0.181496549
2020-01-01T03:00:00+00:00,A22,113,123,-99.588027785,500,0.199176056
2020-01-01T03:00:00+00:00,A23,114,116,-242.737700564,500,0.485475401
2020-01-01T03:00:00+00:00,A24,115,116,174.131731362,500,0.348263463
2020-01-01T03:00:00+00:00,A25-1,115,121,-192.663701447,500,0.385327403
2020-01-01T03:00:00+00:00,A25-2,115,121,-192.663701447,500,0.385327403
2020-01-01T03:00:00+00:00,A26,115,124,157.947898207,500,0.315895796
2020-01-01T03:00:00+00:00,A27,116,117,-360.550102353,500,0.721100205
2020-01-01T03:00:00+00:00,A28,116,119,317.588368694,500,0.635176737
2020-01-01T03:00:00+00:00,A29,117,118,-53.800633319,500,0.107601267
2020-01-01T03:00:00+00:00,A3,101,105,34.072798389,175,0.194701705
2020-01-01T03:00:00+00:00,A30,117,122,-306.749469034,500,0.613498938
2020-01-01T03:00:00+00:00,A31-1,118,121,-87.432664479,500,0.174865329
2020-01-01T03:00:00+00:00,A31-2,118,121,-87.432664479,500,0.174865329
2020-01-01T03:00:00+00:00,A32-1,119,120,125.892217514,500,0.251784435
2020-01-01T03:00:00+00:00,A32-2,119,120,125.892217514,500,0.251784435
2020-01-01T03:00:00+00:00,A33-1,120,123,102.624528262,500,0.205249057
2020-01-01T03:00:00+00:00,A33-2,120,123,102.624528262,500,0.205249057
2020-01-01T03:00:00+00:00,A34,121,122,-429.150530966,500,0.858301062
2020-01-01T03:00:00+00:00,A4,102,104,16.004570356,175,0.091454688
2020-01-01T03:00:00+00:00,A5,102,106,25.323538993,175,0.144705937
2020-01-01T03:00:00+00:00,A6,103,109,62.577297312,175,0.357584556
2020-01-01T03:00:00+00:00,A7,103,124,-157.947898207,400,0.394869746
2020-01-01T03:00:00+00:00,A8,104,109,-10.898695341,175,0.062278259
2020-01-01T03:00:00+00:00,A9,105,110,8.260205625,175,0.047201175
2020-01-01T03:00:00+00:00,AB1,107,203,23.947929128,175,0.136845309
2020-01-01T03:00:00+00:00,AB2,113,215,135.942230321,500,0.271884461
2020-01-01T03:00:00+00:00,AB3,123,217,216.912754438,500,0.433825509
2020-01-01T03:00:00+00:00,B1,201,202,0.760403603,175,0.004345163
2020-01-01T03:00:00+00:00,B10,206,210,-35.461435579,175,0.202636775
2020-01-01T03:00:00+00:00,B11,207,208,-47.300487939,175,0.270288503
2020-01-01T03:00:00+00:00,B12-1,208,209,-61.945972919,175,0.353976988
2020-01-01T03:00:00+00:00,B13-2,208,210,-50.06158252,175,0.286066186
2020-01-01T03:00:00+00:00,B14,209,211,-50.108549099,400,0.125271373
2020-01-01T03:00:00+00:00,B15,209,212,-69.323245353,400,0.173308113
2020-01-01T03:00:00+00:00,B16,210,211,-73.848417591,400,0.184621044
2020-01-01T03:00:00+00:00,B17,210,212,-93.347074873,400,0.233367687
2020-01-01T03:00:00+00:00,B18,211,213,-47.304453748,500,0.094608907
2020-01-01T03:00:00+00:00,B19,211,214,-76.652512942,500,0.153305026
2020-01-01T03:00:00+00:00,B2,201,203,-21.11098915,175,0.120634224
2020-01-01T03:00:00+00:00,B20,212,213,-12.669963752,500,0.025339928
2020-01-01T03:00:00+00:00,B21,212,223,-150.000356474,500,0.300000713
2020-01-01T03:00:00+00:00,B22,213,223,-160.25145193,500,0.320502904
2020-01-01T03:00:00+00:00,B23,214,216,-150.062870223,500,0.30012574
2020-01-01T03:00:00+00:00,B24,215,216,-5.79085111,500,0.011581702
2020-01-01T03:00:00+00:00,B25-1,215,221,-21.839869706,500,0.043679739
2020-01-01T03:00:00+00:00,B25-2,215,221,-21.839869706,500,0.043679739
2020-01-01T03:00:00+00:00,B26,215,224,93.95878343,500,0.187917567
2020-01-01T03:00:00+00:00,B27,216,217,-104.224515158,500,0.20844903
2020-01-01T03:00:00+00:00,B28,216,219,-27.469596526,500,0.054939193
2020-01-01T03:00:00+00:00,B29,217,218,125.045879469,500,0.250091759
2020-01-01T03:00:00+00:00,B3,201,205,18.982963968,175,0.10847408
2020-01-01T03:00:00+00:00,B30,217,222,-12.357640189,500,0.02471528
2020-01-01T03:00:00+00:00,B31-1,218,221,-0.4813102,500,0.00096262
2020-01-01T03:00:00+00:00,B31-2,218,221,-0.4813102,500,0.00096262
2020-01-01T03:00:00+00:00,B32-1,219,220,-47.98035153,500,0.095960703
2020-01-01T03:00:00+00:00,B32-2,219,220,-47.98035153,500,0.095960703
2020-01-01T03:00:00+00:00,B33-1,220,223,-72.198201355,500,0.144396403
2020-01-01T03:00:00+00:00,B33-2,220,223,-72.198201355,500,0.144396403
2020-01-01T03:00:00+00:00,B34,221,222,-44.642359811,500,0.08928472
2020-01-01T03:00:00+00:00,B4,202,204,8.053729665,175,0.046021312
2020-01-01T03:00:00+00:00,B5,202,206,16.001495298,175,0.091437116
2020-01-01T03:00:00+00:00,B6,203,209,28.683020776,175,0.163902976
2020-01-01T03:00:00+00:00,B7,203,224,-93.95878343,400,0.234896959
2020-01-01T03:00:00+00:00,B8,204,209,-19.948159195,175,0.113989481
2020-01-01T03:00:00+00:00,B9,205,210,-7.883713181,175,0.04504979
2020-01-01T03:00:00+00:00,C1,301,302,36.791822775,175,0.210238987
2020-01-01T03:00:00+00:00,C10,306,310,-36.751907913,175,0.210010902
2020-01-01T03:00:00+00:00,C11,307,308,-28.438943377,175,0.162508248
2020-01-01T03:00:00+00:00,C12-1,308,309,-162.599931339,175,0.929142465
2020-01-01T03:00:00+00:00,C13-2,308,310,-107.610319912,175,0.614916114
2020-01-01T03:00:00+00:00,C14,309,311,-4.500204687,400,0.011250512
2020-01-01T03:00:00+00:00,C15,309,312,-9.443963235,400,0.023609908
2020-01-01T03:00:00+00:00,C16,310,311,-110.985732993,400,0.277464332
2020-01-01T03:00:00+00:00,C17,310,312,-116.002552013,400,0.29000638
2020-01-01T03:00:00+00:00,C18,311,313,-15.463116654,500,0.030926233
2020-01-01T03:00:00+00:00,C19,311,314,-100.022821026,500,0.200045642
2020-01-01T03:00:00+00:00,C2,301,303,-105.079084178,175,0.60045191
2020-01-01T03:00:00+00:00,C20,312,313,-6.55199187,500,0.013103984
2020-01-01T03:00:00+00:00,C21,312,323,-118.894523379,500,0.237789047
2020-01-01T03:00:00+00:00,C22,313,323,-128.945668483,500,0.257891337
2020-01-01T03:00:00+00:00,C23,314,316,-178.304061148,500,0.356608122
2020-01-01T03:00:00+00:00,C24,315,316,-1.104079785,500,0.00220816
2020-01-01T03:00:00+00:00,C25-1,315,321,-64.277843659,500,0.128555687
2020-01-01T03:00:00+00:00,C25-2,315,321,-64.277843659,500,0.128555687
2020-01-01T03:00:00+00:00,C26,315,324,1.746606699,500,0.003493213
2020-01-01T03:00:00+00:00,C27,316,317,-361.326756411,500,0.722653513
2020-01-01T03:00:00+00:00,C28,316,319,103.567460777,500,0.207134922
2020-01-01T03:00:00+00:00,C29,317,318,388.476996862,500,0.776953994
2020-01-01T03:00:00+00:00,C3,301,305,24.708014325,175,0.141188653
2020-01-01T03:00:00+00:00,C30,317,322,17.496246727,500,0.034992493
2020-01-01T03:00:00+00:00,C31-1,318,321,31.729720296,500,0.063459441
2020-01-01T03:00:00+00:00,C31-2,318,321,31.729720296,500,0.063459441
2020-01-01T03:00:00+00:00,C32-1,319,320,15.265935383,500,0.030531871
2020-01-01T03:00:00+00:00,C32-2,319,320,15.265935383,500,0.030531871
2020-01-01T03:00:00+00:00,C33-1,320,323,-10.558803626,500,0.021117607
2020-01-01T03:00:00+00:00,C33-2,320,323,-10.558803626,500,0.021117607
2020-01-01T03:00:00+00:00,C34,321,322,-65.096246727,500,0.130192493
2020-01-01T03:00:00+00:00,C35,323,325,-268.957799114,722,0.372517727
2020-01-01T03:00:00+00:00,C4,302,304,-20.474459767,175,0.116996913
2020-01-01T03:00:00+00:00,C5,302,306,18.125662481,175,0.103575214
2020-01-01T03:00:00+00:00,C6,303,309,124.804598391,175,0.713169134
2020-01-01T03:00:00+00:00,C7,303,324,-1.746606699,400,0.004366517
2020-01-01T03:00:00+00:00,C8,304,309,-50.334314246,175,0.287624653
2020-01-01T03:00:00+00:00,C9,305,310,-3.941305513,175,0.022521746
2020-01-01T03:00:00+00:00,CA-1,325,121,-268.957799114,500,0.537915598
2020-01-01T03:00:00+00:00,CB-1,318,223,190.648211114,500,0.381296422
2020-01-01T04:00:00+00:00,A1,101,102,47.568003899,175,0.271817165
2020-01-01T04:00:00+00:00,A10,106,110,-16.567159197,175,0.094669481
2020-01-01T04:00:00+00:00,A11,107,108,-72.138223405,175,0.412218419
2020-01-01T04:00:00+00:00,A12-1,108,109,-76.866347693,175,0.439236273
2020-01-01T04:00:00+00:00,A13-2,108,110,-63.659183972,175,0.363766766
2020-01-01T04:00:00+00:00,A14,109,111,-50.155606046,400,0.125389015
2020-01-01T04:00:00+00:00,A15,109,112,-29.7239138,400,0.074309784
2020-01-01T04:00:00+00:00,A16,110,111,-76.456076109,400,0.19114019
2020-01-01T04:00:00+00:00,A17,110,112,-55.722437672,400,0.139306094
2020-01-01T04:00:00+00:00,A18,111,113,38.930139621,500,0.077860279
2020-01-01T04:00:00+00:00,A19,111,114,-165.541821775,500,0.331083644
2020-01-01T04:00:00+00:00,A2,101,103,-14.550475078,175,0.083145572
2020-01-01T04:00:00+00:00,A20,112,113,2.102014347,500,0.004204029
2020-01-01T04:00:00+00:00,A21,112,123,-87.548365818,500,0.175096732
2020-01-01T04:00:00+00:00,A22,113,123,-98.771128426,500,0.197542257
2020-01-01T04:00:00+00:00,A23,114,116,-243.127422959,500,0.486254846
2020-01-01T04:00:00+00:00,A24,115,116,179.769118594,500,0.359538237
2020-01-01T04:00:00+00:00,A25-1,115,121,-198.349298179,500,0.396698596
2020-01-01T04:00:00+00:00,A25-2,115,121,-198.349298179,500,0.396698596
2020-01-01T04:00:00+00:00,A26,115,124,152.153005726,500,0.304306011
2020-01-01T04:00:00+00:00,A27,116,117,-363.20110531,500,0.726402211
2020-01-01T04:00:00+00:00,A28,116,119,321.850223015,500,0.643700446
2020-01-01T04:00:00+00:00,A29,117,118,-59.2845626,500,0.118569125
2020-01-01T04:00:00+00:00,A3,101,105,54.428086682,175,0.311017638
2020-01-01T04:00:00+00:00,A30,117,122,-303.91654271,500,0.607833085
2020-01-01T04:00:00+00:00,A31-1,118,121,-96.229923553,500,0.192459847
2020-01-01T04:00:00+00:00,A31-2,118,121,-96.229923553,500,0.192459847
2020-01-01T04:00:00+00:00,A32-1,119,120,124.731828481,500,0.249463657
2020-01-01T04:00:00+00:00,A32-2,119,120,124.731828481,500,0.249463657
2020-01-01T04:00:00+00:00,A33-1,120,123,99.136578606,500,0.198273157
2020-01-01T04:00:00+00:00,A33-2,120,123,99.136578606,500,0.198273157
2020-01-01T04:00:00+00:00,A34,121,122,-420.28345729,500,0.840566915
2020-01-01T04:00:00+00:00,A4,102,104,30.952456519,175,0.17687118
2020-01-01T04:00:00+00:00,A5,102,106,37.822746788,175,0.216129982
2020-01-01T04:00:00+00:00,A6,103,109,65.615890374,175,0.374947945
2020-01-01T04:00:00+00:00,A7,103,124,-152.153005726,400,0.380382514
2020-01-01T04:00:00+00:00,A8,104,109,1.357948851,175,0.007759708
2020-01-01T04:00:00+00:00,A9,105,110,26.033356352,175,0.148762036
2020-01-01T04:00:00+00:00,AB1,107,203,22.147500993,175,0.126557149
2020-01-01T04:00:00+00:00,AB2,113,215,133.822950879,500,0.267645902
2020-01-01T04:00:00+00:00,AB3,123,217,213.953662968,500,0.427907326
2020-01-01T04:00:00+00:00,B1,201,202,0.476861179,175,0.002724921
2020-01-01T04:00:00+00:00,B10,206,210,-36.902865555,175,0.210873517
2020-01-01T04:00:00+00:00,B11,207,208,-48.205572149,175,0.275460412
2020-01-01T04:00:00+00:00,B12-1,208,209,-63.024724949,175,0.360141285
2020-01-01T04:00:00+00:00,B13-2,208,210,-51.1260699,175,0.292148971
2020-01-01T04:00:00+00:00,B14,209,211,-51.674355055,400,0.129185888
2020-01-01T04:00:00+00:00,B15,209,212,-72.835666887,400,0.182089167
2020-01-01T04:00:00+00:00,B16,210,211,-75.4649693,400,0.188662423
2020-01-01T04:00:00+00:00,B17,210,212,-96.939009878,400,0.242347525
2020-01-01T04:00:00+00:00,B18,211,213,-51.493245457,500,0.102986491
2020-01-01T04:00:00+00:00,B19,211,214,-75.646078898,500,0.151292158
2020-01-01T04:00:00+00:00,B2,201,203,-21.032889325,175,0.120187939
2020-01-01T04:00:00+00:00,B20,212,213,-13.34998088,500,0.026699962
2020-01-01T04:00:00+00:00,B21,212,223,-156.424695885,500,0.312849392
2020-01-01T04:00:00+00:00,B22,213,223,-167.039039294,500,0.334078079
2020-01-01T04:00:00+00:00,B23,214,216,-150.461126873,500,0.300922254
2020-01-01T04:00:00+00:00,B24,215,216,-13.360087586,500,0.026720175
2020-01-01T04:00:00+00:00,B25-1,215,221,-21.241683606,500,0.042483367
2020-01-01T04:00:00+00:00,B25-2,215,221,-21.241683606,500,0.042483367
2020-01-01T04:00:00+00:00,B26,215,224,95.317074708,500,0.190634149
2020-01-01T04:00:00+00:00,B27,216,217,-98.850651551,500,0.197701303
2020-01-01T04:00:00+00:00,B28,216,219,-41.535020629,500,0.083070041
2020-01-01T04:00:00+00:00,B29,217,218,126.88338175,500,0.253766763
2020-01-01T04:00:00+00:00,B3,201,205,18.20641381,175,0.10403665
2020-01-01T04:00:00+00:00,B30,217,222,-11.780370332,500,0.023560741
2020-01-01T04:00:00+00:00,B31-1,218,221,-0.768131228,500,0.001536262
2020-01-01T04:00:00+00:00,B31-2,218,221,-0.768131228,500,0.001536262
2020-01-01T04:00:00+00:00,B32-1,219,220,-55.66834455,500,0.111336689
2020-01-01T04:00:00+00:00,B32-2,219,220,-55.66834455,500,0.111336689
2020-01-01T04:00:00+00:00,B33-1,220,223,-80.349597491,500,0.160699195
2020-01-01T04:00:00+00:00,B33-2,220,223,-80.349597491,500,0.160699195
2020-01-01T04:00:00+00:00,B34,221,222,-44.019629668,500,0.088039259
2020-01-01T04:00:00+00:00,B4,202,204,7.524540248,175,0.042997373
2020-01-01T04:00:00+00:00,B5,202,206,15.544796943,175,0.088827411
2020-01-01T04:00:00+00:00,B6,203,209,27.015662481,175,0.154375214
2020-01-01T04:00:00+00:00,B7,203,224,-95.317074708,400,0.238292687
2020-01-01T04:00:00+00:00,B8,204,209,-21.013158465,175,0.120075191
2020-01-01T04:00:00+00:00,B9,205,210,-9.174351171,175,0.052424864
2020-01-01T04:00:00+00:00,C1,301,302,45.859323964,175,0.26205328
2020-01-01T04:00:00+00:00,C10,306,310,-31.820555139,175,0.181831744
2020-01-01T04:00:00+00:00,C11,307,308,-29.051882325,175,0.166010756
2020-01-01T04:00:00+00:00,C12-1,308,309,-166.617337694,175,0.952099073
2020-01-01T04:00:00+00:00,C13-2,308,310,-107.252686317,175,0.612872493
2020-01-01T04:00:00+00:00,C14,309,311,9.634152232,400,0.024085381
2020-01-01T04:00:00+00:00,C15,309,312,5.769024797,400,0.014422562
2020-01-01T04:00:00+00:00,C16,310,311,-105.109320034,400,0.2627733
2020-01-01T04:00:00+00:00,C17,310,312,-109.031567578,400,0.272578919
2020-01-01T04:00:00+00:00,C18,311,313,-6.949142522,500,0.013898285
2020-01-01T04:00:00+00:00,C19,311,314,-88.52602528,500,0.177052051
2020-01-01T04:00:00+00:00,C2,301,303,-123.538909723,175,0.705936627
2020-01-01T04:00:00+00:00,C20,312,313,0.017749679,500,0.000035499
2020-01-01T04:00:00+00:00,C21,312,323,-103.28029246,500,0.206560585
2020-01-01T04:00:00+00:00,C22,313,323,-115.16138337,500,0.230322767
2020-01-01T04:00:00+00:00,C23,314,316,-167.758546648,500,0.335517093
2020-01-01T04:00:00+00:00,C24,315,316,19.314366185,500,0.038628732
2020-01-01T04:00:00+00:00,C25-1,315,321,-51.016126947,500,0.102032254
2020-01-01T04:00:00+00:00,C25-2,315,321,-51.016126947,500,0.102032254
2020-01-01T04:00:00+00:00,C26,315,324,-46.749685865,500,0.093499372
2020-01-01T04:00:00+00:00,C27,316,317,-340.802601433,500,0.681605203
2020-01-01T04:00:00+00:00,C28,316,319,113.516915111,500,0.22703383
2020-01-01T04:00:00+00:00,C29,317,318,394.921484164,500,0.789842968
2020-01-01T04:00:00+00:00,C3,301,305,33.570759431,175,0.191832911
2020-01-01T04:00:00+00:00,C30,317,322,16.475914403,500,0.032951829
2020-01-01T04:00:00+00:00,C31-1,318,321,19.378169746,500,0.038756339
2020-01-01T04:00:00+00:00,C31-2,318,321,19.378169746,500,0.038756339
2020-01-01T04:00:00+00:00,C32-1,319,320,19.796894752,500,0.03959379
2020-01-01T04:00:00+00:00,C32-2,319,320,19.796894752,500,0.03959379
2020-01-01T04:00:00+00:00,C33-1,320,323,-6.341668998,500,0.012683338
2020-01-01T04:00:00+00:00,C33-2,320,323,-6.341668998,500,0.012683338
2020-01-01T04:00:00+00:00,C34,321,322,-63.275914403,500,0.126551829
2020-01-01T04:00:00+00:00,C35,323,325,-231.125013826,722,0.320117748
2020-01-01T04:00:00+00:00,C4,302,304,-17.480829551,175,0.099890455
2020-01-01T04:00:00+00:00,C5,302,306,23.72389283,175,0.135565102
2020-01-01T04:00:00+00:00,C6,303,309,164.096693864,175,0.937695394
2020-01-01T04:00:00+00:00,C7,303,324,46.749685865,400,0.116874215
2020-01-01T04:00:00+00:00,C8,304,309,-47.703543887,175,0.272591679
2020-01-01T04:00:00+00:00,C9,305,310,4.573290271,175,0.026133087
2020-01-01T04:00:00+00:00,CA-1,325,121,-231.125013826,500,0.462250028
2020-01-01T04:00:00+00:00,CB-1,318,223,220.162930159,500,0.44032586
2020-01-01T05:00:00+00:00,A1,101,102,40.909987677,175,0.233771358
2020-01-01T05:00:00+00:00,A10,106,110,-14.848277124,175,0.084847298
2020-01-01T05:00:00+00:00,A11,107,108,-72.564352786,175,0.414653444
2020-01-01T05:00:00+00:00,A12-1,108,109,-80.902649664,175,0.462300855
2020-01-01T05:00:00+00:00,A13-2,108,110,-68.869768462,175,0.393541534
2020-01-01T05:00:00+00:00,A14,109,111,-51.498988754,400,0.128747472
2020-01-01T05:00:00+00:00,A15,109,112,-38.367185333,400,0.095917963
2020-01-01T05:00:00+00:00,A16,110,111,-75.546773461,400,0.188866934
2020-01-01T05:00:00+00:00,A17,110,112,-62.220903979,400,0.15555226
2020-01-01T05:00:00+00:00,A18,111,113,25.980634342,500,0.051961269
2020-01-01T05:00:00+00:00,A19,111,114,-153.026396557,500,0.306052793
2020-01-01T05:00:00+00:00,A2,101,103,-3.724779433,175,0.021284454
2020-01-01T05:00:00+00:00,A20,112,113,2.310558674,500,0.004621117
2020-01-01T05:00:00+00:00,A21,112,123,-102.898647986,500,0.205797296
2020-01-01T05:00:00+00:00,A22,113,123,-116.000869781,500,0.23200174
2020-01-01T05:00:00+00:00,A23,114,116,-240.61917244,500,0.481238345
2020-01-01T05:00:00+00:00,A24,115,116,149.213659626,500,0.298427319
2020-01-01T05:00:00+00:00,A25-1,115,121,-173.288722489,500,0.346577445
2020-01-01T05:00:00+00:00,A25-2,115,121,-173.288722489,500,0.346577445
2020-01-01T05:00:00+00:00,A26,115,124,147.235383524,500,0.294470767
2020-01-01T05:00:00+00:00,A27,116,117,-320.36712005,500,0.64073424
2020-01-01T05:00:00+00:00,A28,116,119,276.810691832,500,0.553621384
2020-01-01T05:00:00+00:00,A29,117,118,-27.542643204,500,0.055085286
2020-01-01T05:00:00+00:00,A3,101,105,66.05180312,175,0.377438875
2020-01-01T05:00:00+00:00,A30,117,122,-292.824476846,500,0.585648954
2020-01-01T05:00:00+00:00,A31-1,118,121,-88.947595749,500,0.177895191
2020-01-01T05:00:00+00:00,A31-2,118,121,-88.947595749,500,0.177895191
2020-01-01T05:00:00+00:00,A32-1,119,120,97.543767476,500,0.195087535
2020-01-01T05:00:00+00:00,A32-2,119,120,97.543767476,500,0.195087535
2020-01-01T05:00:00+00:00,A33-1,120,123,68.647181618,500,0.137294363
2020-01-01T05:00:00+00:00,A33-2,120,123,68.647181618,500,0.137294363
2020-01-01T05:00:00+00:00,A34,121,122,-412.475523154,500,0.824951046
2020-01-01T05:00:00+00:00,A4,102,104,41.223298567,175,0.235561706
2020-01-01T05:00:00+00:00,A5,102,106,46.556967825,175,0.266039816
2020-01-01T05:00:00+00:00,A6,103,109,62.238956365,175,0.355651179
2020-01-01T05:00:00+00:00,A7,103,124,-147.235383524,400,0.368088459
2020-01-01T05:00:00+00:00,A8,104,109,7.811621169,175,0.044637835
2020-01-01T05:00:00+00:00,A9,105,110,33.994653183,175,0.194255161
2020-01-01T05:00:00+00:00,AB1,107,203,16.125708532,175,0.092146906
2020-01-01T05:00:00+00:00,AB2,113,215,124.642136978,500,0.249284274
2020-01-01T05:00:00+00:00,AB3,123,217,221.394845468,500,0.442789691
2020-01-01T05:00:00+00:00,B1,201,202,0.403945548,175,0.00230826
2020-01-01T05:00:00+00:00,B10,206,210,-40.430405613,175,0.231030889
2020-01-01T05:00:00+00:00,B11,207,208,-50.704391623,175,0.289739381
2020-01-01T05:00:00+00:00,B12-1,208,209,-66.16910453,175,0.378109169
2020-01-01T05:00:00+00:00,B13-2,208,210,-53.898894833,175,0.307993685
2020-01-01T05:00:00+00:00,B14,209,211,-56.624711881,400,0.14156178
2020-01-01T05:00:00+00:00,B15,209,212,-79.321447807,400,0.19830362
2020-01-01T05:00:00+00:00,B16,210,211,-81.20753779,400,0.203018844
2020-01-01T05:00:00+00:00,B17,210,212,-104.239693458,400,0.260599234
2020-01-01T05:00:00+00:00,B18,211,213,-56.253397309,500,0.112506795
2020-01-01T05:00:00+00:00,B19,211,214,-81.578852362,500,0.163157705
2020-01-01T05:00:00+00:00,B2,201,203,-21.893554482,175,0.125106026
2020-01-01T05:00:00+00:00,B20,212,213,-15.342530802,500,0.030685062
2020-01-01T05:00:00+00:00,B21,212,223,-168.218610464,500,0.336437221
2020-01-01T05:00:00+00:00,B22,213,223,-179.089238351,500,0.358178477
2020-01-01T05:00:00+00:00,B23,214,216,-160.272068161,500,0.320544136
2020-01-01T05:00:00+00:00,B24,215,216,-34.459277273,500,0.068918555
2020-01-01T05:00:00+00:00,B25-1,215,221,-22.935910285,500,0.045871821
2020-01-01T05:00:00+00:00,B25-2,215,221,-22.935910285,500,0.045871821
2020-01-01T05:00:00+00:00,B26,215,224,103.686897664,500,0.207373795
2020-01-01T05:00:00+00:00,B27,216,217,-95.046525616,500,0.190093051
2020-01-01T05:00:00+00:00,B28,216,219,-47.248333116,500,0.094496666
2020-01-01T05:00:00+00:00,B29,217,218,136.635269126,500,0.273270538
2020-01-01T05:00:00+00:00,B3,201,205,16.781014571,175,0.095891512
2020-01-01T05:00:00+00:00,B30,217,222,-10.286949273,500,0.020573899
2020-01-01T05:00:00+00:00,B31-1,218,221,0.779384921,500,0.00155877
2020-01-01T05:00:00+00:00,B31-2,218,221,0.779384921,500,0.00155877
2020-01-01T05:00:00+00:00,B32-1,219,220,-60.334146093,500,0.120668292
2020-01-01T05:00:00+00:00,B32-2,219,220,-60.334146093,500,0.120668292
2020-01-01T05:00:00+00:00,B33-1,220,223,-86.294794604,500,0.172589589
2020-01-01T05:00:00+00:00,B33-2,220,223,-86.294794604,500,0.172589589
2020-01-01T05:00:00+00:00,B34,221,222,-44.313050727,500,0.088626101
2020-01-01T05:00:00+00:00,B4,202,204,6.321365176,175,0.036122087
2020-01-01T05:00:00+00:00,B5,202,206,14.735972472,175,0.084205557
2020-01-01T05:00:00+00:00,B6,203,209,24.904727778,175,0.14231273
2020-01-01T05:00:00+00:00,B7,203,224,-103.686897664,400,0.259217244
2020-01-01T05:00:00+00:00,B8,204,209,-23.695634664,175,0.135403627
2020-01-01T05:00:00+00:00,B9,205,210,-12.01907987,175,0.068680456
2020-01-01T05:00:00+00:00,C1,301,302,49.219176254,175,0.281252436
2020-01-01T05:00:00+00:00,C10,306,310,-35.802292162,175,0.204584527
2020-01-01T05:00:00+00:00,C11,307,308,-29.3430638,175,0.16767465
2020-01-01T05:00:00+00:00,C12-1,308,309,-169.237304888,175,0.967070314
2020-01-01T05:00:00+00:00,C13-2,308,310,-114.075085585,175,0.651857632
2020-01-01T05:00:00+00:00,C14,309,311,-6.41276181,400,0.016031905
2020-01-01T05:00:00+00:00,C15,309,312,-12.114178696,400,0.030285447
2020-01-01T05:00:00+00:00,C16,310,311,-113.260595083,400,0.283151488
2020-01-01T05:00:00+00:00,C17,310,312,-119.046269361,400,0.297615673
2020-01-01T05:00:00+00:00,C18,311,313,-16.181781815,500,0.032363564
2020-01-01T05:00:00+00:00,C19,311,314,-103.491575077,500,0.20698315
2020-01-01T05:00:00+00:00,C2,301,303,-128.114903063,175,0.73208516
2020-01-01T05:00:00+00:00,C20,312,313,-5.904977878,500,0.011809956
2020-01-01T05:00:00+00:00,C21,312,323,-125.255470178,500,0.25051094
2020-01-01T05:00:00+00:00,C22,313,323,-136.394731829,500,0.272789464
2020-01-01T05:00:00+00:00,C23,314,316,-187.173637697,500,0.374347275
2020-01-01T05:00:00+00:00,C24,315,316,21.283818273,500,0.042567637
2020-01-01T05:00:00+00:00,C25-1,315,321,-62.551552623,500,0.125103105
2020-01-01T05:00:00+00:00,C25-2,315,321,-62.551552623,500,0.125103105
2020-01-01T05:00:00+00:00,C26,315,324,-32.91892875,500,0.065837857
2020-01-01T05:00:00+00:00,C27,316,317,-353.959627596,500,0.707919255
2020-01-01T05:00:00+00:00,C28,316,319,106.934724347,500,0.213869449
2020-01-01T05:00:00+00:00,C29,317,318,342.743844495,500,0.685487689
2020-01-01T05:00:00+00:00,C3,301,305,32.309836278,175,0.184627636
2020-01-01T05:00:00+00:00,C30,317,322,22.696527909,500,0.045393056
2020-01-01T05:00:00+00:00,C31-1,318,321,37.603288669,500,0.075206577
2020-01-01T05:00:00+00:00,C31-2,318,321,37.603288669,500,0.075206577
2020-01-01T05:00:00+00:00,C32-1,319,320,14.430111312,500,0.028860223
2020-01-01T05:00:00+00:00,C32-2,319,320,14.430111312,500,0.028860223
2020-01-01T05:00:00+00:00,C33-1,320,323,-13.176342335,500,0.026352685
2020-01-01T05:00:00+00:00,C33-2,320,323,-13.176342335,500,0.026352685
2020-01-01T05:00:00+00:00,C34,321,322,-49.896527909,500,0.099793056
2020-01-01T05:00:00+00:00,C35,323,325,-288.002886678,722,0.398895965
2020-01-01T05:00:00+00:00,C4,302,304,-15.483276895,175,0.088475868
2020-01-01T05:00:00+00:00,C5,302,306,22.861421839,175,0.130636696
2020-01-01T05:00:00+00:00,C6,303,309,175,175,1
2020-01-01T05:00:00+00:00,C7,303,324,32.91892875,400,0.082297322
2020-01-01T05:00:00+00:00,C8,304,309,-47.403238925,175,0.270875651
2020-01-01T05:00:00+00:00,C9,305,310,1.683926762,175,0.009622439
2020-01-01T05:00:00+00:00,CA-1,325,121,-288.002886678,500,0.576005773
2020-01-01T05:00:00+00:00,CB-1,318,223,123.897438022,500,0.247794876
2020-01-01T06:00:00+00:00,A1,101,102,14.792643025,175,0.084529389
2020-01-01T06:00:00+00:00,A10,106,110,-9.294678569,175,0.053112449
2020-01-01T06:00:00+00:00,A11,107,108,-66.812028061,175,0.381783017
2020-01-01T06:00:00+00:00,A12-1,108,109,-78.602076565,175,0.449154723
2020-01-01T06:00:00+00:00,A13-2,108,110,-69.035161776,175,0.394486639
2020-01-01T06:00:00+00:00,A14,109,111,-47.538062674,400,0.118845157
2020-01-01T06:00:00+00:00,A15,109,112,-42.148895465,400,0.105372239
2020-01-01T06:00:00+00:00,A16,110,111,-66.755033108,400,0.166887583
2020-01-01T06:00:00+00:00,A17,110,112,-61.286223034,400,0.153215558
2020-01-01T06:00:00+00:00,A18,111,113,13.209405217,500,0.02641881
2020-01-01T06:00:00+00:00,A19,111,114,-127.502500999,500,0.255005002
2020-01-01T06:00:00+00:00,A2,101,103,10.143166663,175,0.057960952
2020-01-01T06:00:00+00:00,A20,112,113,3.495431323,500,0.006990863
2020-01-01T06:00:00+00:00,A21,112,123,-106.930549822,500,0.2138611
2020-01-01T06:00:00+00:00,A22,113,123,-121.14993145,500,0.242299863
2020-01-01T06:00:00+00:00,A23,114,116,-219.198938393,500,0.438397877
2020-01-01T06:00:00+00:00,A24,115,116,108.055033364,500,0.216110067
2020-01-01T06:00:00+00:00,A25-1,115,121,-131.634913,500,0.263269826
2020-01-01T06:00:00+00:00,A25-2,115,121,-131.634913,500,0.263269826
2020-01-01T06:00:00+00:00,A26,115,124,129.380923286,500,0.258761847
2020-01-01T06:00:00+00:00,A27,116,117,-251.066864301,500,0.502133729
2020-01-01T06:00:00+00:00,A28,116,119,216.65675443,500,0.433313509
2020-01-01T06:00:00+00:00,A29,117,118,10.623932418,500,0.021247865
2020-01-01T06:00:00+00:00,A3,101,105,76.016689083,175,0.43438108
2020-01-01T06:00:00+00:00,A30,117,122,-261.690796719,500,0.523381593
2020-01-01T06:00:00+00:00,A31-1,118,121,-73.386264853,500,0.14677253
2020-01-01T06:00:00+00:00,A31-2,118,121,-73.386264853,500,0.14677253
2020-01-01T06:00:00+00:00,A32-1,119,120,65.552461833,500,0.131104924
2020-01-01T06:00:00+00:00,A32-2,119,120,65.552461833,500,0.131104924
2020-01-01T06:00:00+00:00,A33-1,120,123,35.302090734,500,0.070604181
2020-01-01T06:00:00+00:00,A33-2,120,123,35.302090734,500,0.070604181
2020-01-01T06:00:00+00:00,A34,121,122,-378.209203281,500,0.756418407
2020-01-01T06:00:00+00:00,A4,102,104,52.163047251,175,0.298074556
2020-01-01T06:00:00+00:00,A5,102,106,54.987360017,175,0.314213486
2020-01-01T06:00:00+00:00,A6,103,109,54.444921233,175,0.311113836
2020-01-01T06:00:00+00:00,A7,103,124,-129.380923286,400,0.323452308
2020-01-01T06:00:00+00:00,A8,104,109,17.186055667,175,0.098206032
2020-01-01T06:00:00+00:00,A9,105,110,42.457683645,175,0.242615335
2020-01-01T06:00:00+00:00,AB1,107,203,7.729272009,175,0.044167269
2020-01-01T06:00:00+00:00,AB2,113,215,112.599325159,500,0.22519865
2020-01-01T06:00:00+00:00,AB3,123,217,215.523700196,500,0.4310474
2020-01-01T06:00:00+00:00,B1,201,202,-24.819620117,175,0.141826401
2020-01-01T06:00:00+00:00,B10,206,210,-29.048813776,175,0.165993222
2020-01-01T06:00:00+00:00,B11,207,208,-54.088619561,175,0.309077826
2020-01-01T06:00:00+00:00,B12-1,208,209,-68.781607219,175,0.393037756
2020-01-01T06:00:00+00:00,B13-2,208,210,-59.300243903,175,0.338858537
2020-01-01T06:00:00+00:00,B14,209,211,-52.681580989,400,0.131703952
2020-01-01T06:00:00+00:00,B15,209,212,-75.723923678,400,0.189309809
2020-01-01T06:00:00+00:00,B16,210,211,-71.808999933,400,0.1795225
2020-01-01T06:00:00+00:00,B17,210,212,-95.191869854,400,0.237979675
2020-01-01T06:00:00+00:00,B18,211,213,-50.904620208,500,0.10180924
2020-01-01T06:00:00+00:00,B19,211,214,-73.585960714,500,0.147171921
2020-01-01T06:00:00+00:00,B2,201,203,-3.528384175,175,0.020162195
2020-01-01T06:00:00+00:00,B20,212,213,-9.370797511,500,0.018741595
2020-01-01T06:00:00+00:00,B21,212,223,-161.54499602,500,0.323089992
2020-01-01T06:00:00+00:00,B22,213,223,-174.943291189,500,0.349886582
2020-01-01T06:00:00+00:00,B23,214,216,-157.531498274,500,0.315062997
2020-01-01T06:00:00+00:00,B24,215,216,-49.268343121,500,0.098536686
2020-01-01T06:00:00+00:00,B25-1,215,221,-21.933543928,500,0.043867088
2020-01-01T06:00:00+00:00,B25-2,215,221,-21.933543928,500,0.043867088
2020-01-01T06:00:00+00:00,B26,215,224,97.066016928,500,0.194132034
2020-01-01T06:00:00+00:00,B27,216,217,-84.564529828,500,0.16912906
2020-01-01T06:00:00+00:00,B28,216,219,-41.506207215,500,0.083012414
2020-01-01T06:00:00+00:00,B29,217,218,142.025667732,500,0.284051335
2020-01-01T06:00:00+00:00,B3,201,205,36.448770319,175,0.208278688
2020-01-01T06:00:00+00:00,B30,217,222,-11.066497364,500,0.022132995
2020-01-01T06:00:00+00:00,B31-1,218,221,-1.03320739,500,0.002066415
2020-01-01T06:00:00+00:00,B31-2,218,221,-1.03320739,500,0.002066415
2020-01-01T06:00:00+00:00,B32-1,219,220,-59.91326417,500,0.119826528
2020-01-01T06:00:00+00:00,B32-2,219,220,-59.91326417,500,0.119826528
2020-01-01T06:00:00+00:00,B33-1,220,223,-87.606637386,500,0.175213275
2020-01-01T06:00:00+00:00,B33-2,220,223,-87.606637386,500,0.175213275
2020-01-01T06:00:00+00:00,B34,221,222,-45.933502636,500,0.091867005
2020-01-01T06:00:00+00:00,B4,202,204,24.741340124,175,0.141379086
2020-01-01T06:00:00+00:00,B5,202,206,29.799604307,175,0.170283453
2020-01-01T06:00:00+00:00,B6,203,209,23.379292594,175,0.133595958
2020-01-01T06:00:00+00:00,B7,203,224,-97.066016928,400,0.242665042
2020-01-01T06:00:00+00:00,B8,204,209,-7.279122656,175,0.041594987
2020-01-01T06:00:00+00:00,B9,205,210,5.726434408,175,0.032722482
2020-01-01T06:00:00+00:00,C1,301,302,50.402050535,175,0.288011717
2020-01-01T06:00:00+00:00,C10,306,310,-45.670966977,175,0.260976954
2020-01-01T06:00:00+00:00,C11,307,308,-33.350630376,175,0.190575031
2020-01-01T06:00:00+00:00,C12-1,308,309,-175,175,1
2020-01-01T06:00:00+00:00,C13-2,308,310,-124.567531676,175,0.711814467
2020-01-01T06:00:00+00:00,C14,309,311,-33.82920215,400,0.084573005
2020-01-01T06:00:00+00:00,C15,309,312,-40.720253851,400,0.101800635
2020-01-01T06:00:00+00:00,C16,310,311,-131.928921457,400,0.329822304
2020-01-01T06:00:00+00:00,C17,310,312,-138.921811361,400,0.347304528
2020-01-01T06:00:00+00:00,C18,311,313,-28.96230639,500,0.057924613
2020-01-01T06:00:00+00:00,C19,311,314,-136.795817218,500,0.273591634
2020-01-01T06:00:00+00:00,C2,301,303,-129.335846113,175,0.739061978
2020-01-01T06:00:00+00:00,C20,312,313,-16.541185699,500,0.033082371
2020-01-01T06:00:00+00:00,C21,312,323,-163.100879513,500,0.326201759
2020-01-01T06:00:00+00:00,C22,313,323,-172.721935624,500,0.345443871
2020-01-01T06:00:00+00:00,C23,314,316,-229.929319277,500,0.459858639
2020-01-01T06:00:00+00:00,C24,315,316,3.917069608,500,0.007834139
2020-01-01T06:00:00+00:00,C25-1,315,321,-84.059289446,500,0.168118579
2020-01-01T06:00:00+00:00,C25-2,315,321,-84.059289446,500,0.168118579
2020-01-01T06:00:00+00:00,C26,315,324,12.019446639,500,0.024038893
2020-01-01T06:00:00+00:00,C27,316,317,-366.016682913,500,0.732033366
2020-01-01T06:00:00+00:00,C28,316,319,115.997473419,500,0.231994947
2020-01-01T06:00:00+00:00,C29,317,318,270.417777263,500,0.540835555
2020-01-01T06:00:00+00:00,C3,301,305,27.086278968,175,0.154778737
2020-01-01T06:00:00+00:00,C30,317,322,18.865539824,500,0.03773108
2020-01-01T06:00:00+00:00,C31-1,318,321,59.426519534,500,0.118853039
2020-01-01T06:00:00+00:00,C31-2,318,321,59.426519534,500,0.118853039
2020-01-01T06:00:00+00:00,C32-1,319,320,14.552438068,500,0.029104876
2020-01-01T06:00:00+00:00,C32-2,319,320,14.552438068,500,0.029104876
2020-01-01T06:00:00+00:00,C33-1,320,323,-16.172016219,500,0.032344032
2020-01-01T06:00:00+00:00,C33-2,320,323,-16.172016219,500,0.032344032
2020-01-01T06:00:00+00:00,C34,321,322,-49.265539824,500,0.09853108
2020-01-01T06:00:00+00:00,C35,323,325,-368.166847576,722,0.509926382
2020-01-01T06:00:00+00:00,C4,302,304,-15.783198879,175,0.090189708
2020-01-01T06:00:00+00:00,C5,302,306,19.618498384,175,0.112105705
2020-01-01T06:00:00+00:00,C6,303,309,173.571072842,175,0.991834702
2020-01-01T06:00:00+00:00,C7,303,324,-12.019446639,400,0.030048617
2020-01-01T06:00:00+00:00,C8,304,309,-51.30834915,175,0.293190567
2020-01-01T06:00:00+00:00,C9,305,310,-6.998662507,175,0.039992357
2020-01-01T06:00:00+00:00,CA-1,325,121,-368.166847576,500,0.736333695
2020-01-01T06:00:00+00:00,CB-1,318,223,-8.29843802,500,0.016596876
2020-01-01T07:00:00+00:00,A1,101,102,45.205679999,175,0.258318171
2020-01-01T07:00:00+00:00,A10,106,110,2.383649268,175,0.013620853
2020-01-01T07:00:00+00:00,A11,107,108,-77.188804723,175,0.441078884
2020-01-01T07:00:00+00:00,A12-1,108,109,-81.877155508,175,0.46786946
2020-01-01T07:00:00+00:00,A13-2,108,110,-73.640817915,175,0.420804674
2020-01-01T07:00:00+00:00,A14,109,111,-37.391473031,400,0.093478683
2020-01-01T07:00:00+00:00,A15,109,112,-30.009910253,400,0.075024776
2020-01-01T07:00:00+00:00,A16,110,111,-53.883485217,400,0.134708713
2020-01-01T07:00:00+00:00,A17,110,112,-46.392835303,400,0.115982088
2020-01-01T07:00:00+00:00,A18,111,113,8.930753982,500,0.017861508
2020-01-01T07:00:00+00:00,A19,111,114,-100.20571223,500,0.200411424
2020-01-01T07:00:00+00:00,A2,101,103,24.197044426,175,0.138268825
2020-01-01T07:00:00+00:00,A20,112,113,-4.374512927,500,0.008749026
2020-01-01T07:00:00+00:00,A21,112,123,-72.028232629,500,0.144056465
2020-01-01T07:00:00+00:00,A22,113,123,-77.893815454,500,0.155787631
2020-01-01T07:00:00+00:00,A23,114,116,-189.070383153,500,0.378140766
2020-01-01T07:00:00+00:00,A24,115,116,108.809458178,500,0.217618916
2020-01-01T07:00:00+00:00,A25-1,115,121,-145.972715515,500,0.291945431
2020-01-01T07:00:00+00:00,A25-2,115,121,-145.972715515,500,0.291945431
2020-01-01T07:00:00+00:00,A26,115,124,99.929268303,500,0.199858537
2020-01-01T07:00:00+00:00,A27,116,117,-251.757589814,500,0.50351518
2020-01-01T07:00:00+00:00,A28,116,119,218.690133435,500,0.437380267
2020-01-01T07:00:00+00:00,A29,117,118,-25.105991467,500,0.050211983
2020-01-01T07:00:00+00:00,A3,101,105,92.826221659,175,0.530435552
2020-01-01T07:00:00+00:00,A30,117,122,-226.651598347,500,0.453303197
2020-01-01T07:00:00+00:00,A31-1,118,121,-80.97087052,500,0.161941741
2020-01-01T07:00:00+00:00,A31-2,118,121,-80.97087052,500,0.161941741
2020-01-01T07:00:00+00:00,A32-1,119,120,74.690155798,500,0.149380312
2020-01-01T07:00:00+00:00,A32-2,119,120,74.690155798,500,0.149380312
2020-01-01T07:00:00+00:00,A33-1,120,123,45.373975699,500,0.090747951
2020-01-01T07:00:00+00:00,A33-2,120,123,45.373975699,500,0.090747951
2020-01-01T07:00:00+00:00,A34,121,122,-313.848401653,500,0.627696803
2020-01-01T07:00:00+00:00,A4,102,104,57.059479216,175,0.326054167
2020-01-01T07:00:00+00:00,A5,102,106,64.680531977,175,0.36960304
2020-01-01T07:00:00+00:00,A6,103,109,56.574556203,175,0.323283178
2020-01-01T07:00:00+00:00,A7,103,124,-99.929268303,400,0.249823171
2020-01-01T07:00:00+00:00,A8,104,109,38.062645977,175,0.217500834
2020-01-01T07:00:00+00:00,A9,105,110,60.303584363,175,0.344591911
2020-01-01T07:00:00+00:00,AB1,107,203,19.930640468,175,0.113889374
2020-01-01T07:00:00+00:00,AB2,113,215,110.76274829,500,0.221525497
2020-01-01T07:00:00+00:00,AB3,123,217,173.825903315,500,0.347651807
2020-01-01T07:00:00+00:00,B1,201,202,7.003195127,175,0.040018258
2020-01-01T07:00:00+00:00,B10,206,210,-40.880428592,175,0.233602449
2020-01-01T07:00:00+00:00,B11,207,208,-53.537698728,175,0.305929707
2020-01-01T07:00:00+00:00,B12-1,208,209,-70.263275006,175,0.401504429
2020-01-01T07:00:00+00:00,B13-2,208,210,-56.513995582,175,0.322937118
2020-01-01T07:00:00+00:00,B14,209,211,-58.313669696,400,0.145784174
2020-01-01T07:00:00+00:00,B15,209,212,-76.897273002,400,0.192243183
2020-01-01T07:00:00+00:00,B16,210,211,-85.783835411,400,0.214459589
2020-01-01T07:00:00+00:00,B17,210,212,-104.642073248,400,0.261605183
2020-01-01T07:00:00+00:00,B18,211,213,-49.235782643,500,0.098471565
2020-01-01T07:00:00+00:00,B19,211,214,-94.861722465,500,0.189723445
2020-01-01T07:00:00+00:00,B2,201,203,-25.256505236,175,0.144322887
2020-01-01T07:00:00+00:00,B20,212,213,-15.738837685,500,0.031477675
2020-01-01T07:00:00+00:00,B21,212,223,-165.800508565,500,0.331601017
2020-01-01T07:00:00+00:00,B22,213,223,-176.174541631,500,0.352349083
2020-01-01T07:00:00+00:00,B23,214,216,-177.952230891,500,0.355904462
2020-01-01T07:00:00+00:00,B24,215,216,23.366767011,500,0.046733534
2020-01-01T07:00:00+00:00,B25-1,215,221,-21.952924258,500,0.043905849
2020-01-01T07:00:00+00:00,B25-2,215,221,-21.952924258,500,0.043905849
2020-01-01T07:00:00+00:00,B26,215,224,116.030225821,500,0.232060452
2020-01-01T07:00:00+00:00,B27,216,217,-100.695625388,500,0.201391251
2020-01-01T07:00:00+00:00,B28,216,219,-3.719997475,500,0.007439995
2020-01-01T07:00:00+00:00,B29,217,218,111.084278319,500,0.222168557
2020-01-01T07:00:00+00:00,B3,201,205,20.896738408,175,0.119409934
2020-01-01T07:00:00+00:00,B30,217,222,-37.954000392,500,0.075908001
2020-01-01T07:00:00+00:00,B31-1,218,221,-15.770075546,500,0.031540151
2020-01-01T07:00:00+00:00,B31-2,218,221,-15.770075546,500,0.031540151
2020-01-01T07:00:00+00:00,B32-1,219,220,-40.621292617,500,0.081242585
2020-01-01T07:00:00+00:00,B32-2,219,220,-40.621292617,500,0.081242585
2020-01-01T07:00:00+00:00,B33-1,220,223,-68.032594365,500,0.136065189
2020-01-01T07:00:00+00:00,B33-2,220,223,-68.032594365,500,0.136065189
2020-01-01T07:00:00+00:00,B34,221,222,-75.445999608,500,0.150891999
2020-01-01T07:00:00+00:00,B4,202,204,8.08935329,175,0.046224876
2020-01-01T07:00:00+00:00,B5,202,206,17.368587624,175,0.099249072
2020-01-01T07:00:00+00:00,B6,203,209,33.610074885,175,0.192057571
2020-01-01T07:00:00+00:00,B7,203,224,-116.030225821,400,0.290075565
2020-01-01T07:00:00+00:00,B8,204,209,-23.604964357,175,0.134885511
2020-01-01T07:00:00+00:00,B9,205,210,-9.512674469,175,0.05435814
2020-01-01T07:00:00+00:00,C1,301,302,34.956177164,175,0.199749584
2020-01-01T07:00:00+00:00,C10,306,310,-65.098469524,175,0.371991254
2020-01-01T07:00:00+00:00,C11,307,308,-42.062005702,175,0.240354318
2020-01-01T07:00:00+00:00,C12-1,308,309,-168.792800505,175,0.964530289
2020-01-01T07:00:00+00:00,C13-2,308,310,-136.50186233,175,0.780010642
2020-01-01T07:00:00+00:00,C14,309,311,-81.704402091,400,0.204261005
2020-01-01T07:00:00+00:00,C15,309,312,-87.052969538,400,0.217632424
2020-01-01T07:00:00+00:00,C16,310,311,-145.403115972,400,0.36350779
2020-01-01T07:00:00+00:00,C17,310,312,-150.830726287,400,0.377076816
2020-01-01T07:00:00+00:00,C18,311,313,-82.588357675,500,0.165176715
2020-01-01T07:00:00+00:00,C19,311,314,-144.519160387,500,0.289038321
2020-01-01T07:00:00+00:00,C2,301,303,-93.796187818,175,0.535978216
2020-01-01T07:00:00+00:00,C20,312,313,-72.947564852,500,0.14589513
2020-01-01T07:00:00+00:00,C21,312,323,-138.836130973,500,0.277672262
2020-01-01T07:00:00+00:00,C22,313,323,-114.547374615,500,0.229094749
2020-01-01T07:00:00+00:00,C23,314,316,-141.843393236,500,0.283686786
2020-01-01T07:00:00+00:00,C24,315,316,-49.084144586,500,0.098168289
2020-01-01T07:00:00+00:00,C25-1,315,321,-70.513227038,500,0.141026454
2020-01-01T07:00:00+00:00,C25-2,315,321,-70.513227038,500,0.141026454
2020-01-01T07:00:00+00:00,C26,315,324,27.649352203,500,0.055298704
2020-01-01T07:00:00+00:00,C27,316,317,-295.160696484,500,0.590321393
2020-01-01T07:00:00+00:00,C28,316,319,14.983554101,500,0.029967108
2020-01-01T07:00:00+00:00,C29,317,318,300.415832754,500,0.600831666
2020-01-01T07:00:00+00:00,C3,301,305,3.490437728,175,0.019945358
2020-01-01T07:00:00+00:00,C30,317,322,-0.976529239,500,0.001953058
2020-01-01T07:00:00+00:00,C31-1,318,321,32.601491658,500,0.065202983
2020-01-01T07:00:00+00:00,C31-2,318,321,32.601491658,500,0.065202983
2020-01-01T07:00:00+00:00,C32-1,319,320,5.910884922,500,0.01182177
2020-01-01T07:00:00+00:00,C32-2,319,320,5.910884922,500,0.01182177
2020-01-01T07:00:00+00:00,C33-1,320,323,-3.288861997,500,0.006577724
2020-01-01T07:00:00+00:00,C33-2,320,323,-3.288861997,500,0.006577724
2020-01-01T07:00:00+00:00,C34,321,322,-75.823470761,500,0.151646942
2020-01-01T07:00:00+00:00,C35,323,325,-259.961229582,722,0.360057105
2020-01-01T07:00:00+00:00,C4,302,304,-19.35693194,175,0.11061104
2020-01-01T07:00:00+00:00,C5,302,306,4.60099268,175,0.026291387
2020-01-01T07:00:00+00:00,C6,303,309,99.703876174,175,0.569736435
2020-01-01T07:00:00+00:00,C7,303,324,-86.449352203,400,0.216123381
2020-01-01T07:00:00+00:00,C8,304,309,-57.281639316,175,0.327323653
2020-01-01T07:00:00+00:00,C9,305,310,-32.896781511,175,0.187981609
2020-01-01T07:00:00+00:00,CA-1,325,121,-259.961229582,500,0.519922459
2020-01-01T07:00:00+00:00,CB-1,318,223,64.551666249,500,0.129103332
2020-01-01T08:00:00+00:00,A1,101,102,55.315103758,175,0.316086307
2020-01-01T08:00:00+00:00,A10,106,110,1.427135966,175,0.008155063
2020-01-01T08:00:00+00:00,A11,107,108,-83.279613665,175,0.475883507
2020-01-01T08:00:00+00:00,A12-1,108,109,-83.691354841,175,0.478236313
2020-01-01T08:00:00+00:00,A13-2,108,110,-73.538778363,175,0.420221591
2020-01-01T08:00:00+00:00,A14,109,111,-35.235241404,400,0.088088104
2020-01-01T08:00:00+00:00,A15,109,112,-24.279513244,400,0.060698783
2020-01-01T08:00:00+00:00,A16,110,111,-55.403802546,400,0.138509506
2020-01-01T08:00:00+00:00,A17,110,112,-44.286167074,400,0.110715418
2020-01-01T08:00:00+00:00,A18,111,113,16.807992356,500,0.033615985
2020-01-01T08:00:00+00:00,A19,111,114,-107.447036306,500,0.214894073
2020-01-01T08:00:00+00:00,A2,101,103,14.508222669,175,0.08290413
2020-01-01T08:00:00+00:00,A20,112,113,-2.939707652,500,0.005879415
2020-01-01T08:00:00+00:00,A21,112,123,-65.625972666,500,0.131251945
2020-01-01T08:00:00+00:00,A22,113,123,-71.547280245,500,0.14309456
2020-01-01T08:00:00+00:00,A23,114,116,-191.344116953,500,0.382688234
2020-01-01T08:00:00+00:00,A24,115,116,141.044586318,500,0.282089173
2020-01-01T08:00:00+00:00,A25-1,115,121,-157.451265948,500,0.314902532
2020-01-01T08:00:00+00:00,A25-2,115,121,-157.451265948,500,0.314902532
2020-01-01T08:00:00+00:00,A26,115,124,98.768385963,500,0.197536772
2020-01-01T08:00:00+00:00,A27,116,117,-263.811738336,500,0.527623477
2020-01-01T08:00:00+00:00,A28,116,119,232.266289842,500,0.46453258
2020-01-01T08:00:00+00:00,A29,117,118,-68.36107474,500,0.136722149
2020-01-01T08:00:00+00:00,A3,101,105,87.455814285,175,0.49974751
2020-01-01T08:00:00+00:00,A30,117,122,-195.450663596,500,0.390901327
2020-01-01T08:00:00+00:00,A31-1,118,121,-88.334990606,500,0.176669981
2020-01-01T08:00:00+00:00,A31-2,118,121,-88.334990606,500,0.176669981
2020-01-01T08:00:00+00:00,A32-1,119,120,91.145589258,500,0.182291179
2020-01-01T08:00:00+00:00,A32-2,119,120,91.145589258,500,0.182291179
2020-01-01T08:00:00+00:00,A33-1,120,123,63.468201828,500,0.126936404
2020-01-01T08:00:00+00:00,A33-2,120,123,63.468201828,500,0.126936404
2020-01-01T08:00:00+00:00,A34,121,122,-253.949336404,500,0.507898673
2020-01-01T08:00:00+00:00,A4,102,104,49.72497918,175,0.284142738
2020-01-01T08:00:00+00:00,A5,102,106,60.241584255,175,0.344237624
2020-01-01T08:00:00+00:00,A6,103,109,64.633956484,175,0.369336894
2020-01-01T08:00:00+00:00,A7,103,124,-98.768385963,400,0.246920965
2020-01-01T08:00:00+00:00,A8,104,109,35.222999963,175,0.201274286
2020-01-01T08:00:00+00:00,A9,105,110,56.751212605,175,0.324292643
2020-01-01T08:00:00+00:00,AB1,107,203,29.22221634,175,0.166984093
2020-01-01T08:00:00+00:00,AB2,113,215,133.91388262,500,0.267827765
2020-01-01T08:00:00+00:00,AB3,123,217,191.763150745,500,0.383526301
2020-01-01T08:00:00+00:00,B1,201,202,8.195266285,175,0.046830093
2020-01-01T08:00:00+00:00,B10,206,210,-38.997969973,175,0.222845543
2020-01-01T08:00:00+00:00,B11,207,208,-52.809696228,175,0.301769693
2020-01-01T08:00:00+00:00,B12-1,208,209,-69.781249858,175,0.398749999
2020-01-01T08:00:00+00:00,B13-2,208,210,-55.272110811,175,0.315840633
2020-01-01T08:00:00+00:00,B14,209,211,-55.492574708,400,0.138731437
2020-01-01T08:00:00+00:00,B15,209,212,-70.480278495,400,0.176200696
2020-01-01T08:00:00+00:00,B16,210,211,-84.391572912,400,0.210978932
2020-01-01T08:00:00+00:00,B17,210,212,-99.600769859,400,0.249001925
2020-01-01T08:00:00+00:00,B18,211,213,-42.194982094,500,0.084389964
2020-01-01T08:00:00+00:00,B19,211,214,-97.689165526,500,0.195378331
2020-01-01T08:00:00+00:00,B2,201,203,-27.979615412,175,0.159883517
2020-01-01T08:00:00+00:00,B20,212,213,-15.179646017,500,0.030359292
2020-01-01T08:00:00+00:00,B21,212,223,-154.901402337,500,0.309802805
2020-01-01T08:00:00+00:00,B22,213,223,-164.331184114,500,0.328662368
2020-01-01T08:00:00+00:00,B23,214,216,-179.649814072,500,0.359299628
2020-01-01T08:00:00+00:00,B24,215,216,63.429768297,500,0.126859537
2020-01-01T08:00:00+00:00,B25-1,215,221,-20.346993002,500,0.040693986
2020-01-01T08:00:00+00:00,B25-2,215,221,-20.346993002,500,0.040693986
2020-01-01T08:00:00+00:00,B26,215,224,115.052710693,500,0.230105421
2020-01-01T08:00:00+00:00,B27,216,217,-121.384133989,500,0.242768268
2020-01-01T08:00:00+00:00,B28,216,219,24.916331232,500,0.049832662
2020-01-01T08:00:00+00:00,B29,217,218,107.762376493,500,0.215524753
2020-01-01T08:00:00+00:00,B3,201,205,22.656771586,175,0.129467266
2020-01-01T08:00:00+00:00,B30,217,222,-37.383359737,500,0.074766719
2020-01-01T08:00:00+00:00,B31-1,218,221,-16.461327129,500,0.032922654
2020-01-01T08:00:00+00:00,B31-2,218,221,-16.461327129,500,0.032922654
2020-01-01T08:00:00+00:00,B32-1,219,220,-25.776054453,500,0.051552109
2020-01-01T08:00:00+00:00,B32-2,219,220,-25.776054453,500,0.051552109
2020-01-01T08:00:00+00:00,B33-1,220,223,-52.814618922,500,0.105629238
2020-01-01T08:00:00+00:00,B33-2,220,223,-52.814618922,500,0.105629238
2020-01-01T08:00:00+00:00,B34,221,222,-73.616640263,500,0.147233281
2020-01-01T08:00:00+00:00,B4,202,204,8.755962488,175,0.050034071
2020-01-01T08:00:00+00:00,B5,202,206,18.458979523,175,0.105479883
2020-01-01T08:00:00+00:00,B6,203,209,40.249349053,175,0.22999628
2020-01-01T08:00:00+00:00,B7,203,224,-115.052710693,400,0.287631777
2020-01-01T08:00:00+00:00,B8,204,209,-22.507377679,175,0.128613587
2020-01-01T08:00:00+00:00,B9,205,210,-7.339135871,175,0.041937919
2020-01-01T08:00:00+00:00,C1,301,302,24.318716665,175,0.138964095
2020-01-01T08:00:00+00:00,C10,306,310,-80.15450171,175,0.458025724
2020-01-01T08:00:00+00:00,C11,307,308,-46.688706096,175,0.266792606
2020-01-01T08:00:00+00:00,C12-1,308,309,-158.372095152,175,0.904983401
2020-01-01T08:00:00+00:00,C13-2,308,310,-135.695260884,175,0.775401491
2020-01-01T08:00:00+00:00,C14,309,311,-105.297506317,400,0.263243766
2020-01-01T08:00:00+00:00,C15,309,312,-116.734845425,400,0.291837114
2020-01-01T08:00:00+00:00,C16,310,311,-150.739126212,400,0.376847816
2020-01-01T08:00:00+00:00,C17,310,312,-162.345490036,400,0.405863725
2020-01-01T08:00:00+00:00,C18,311,313,-150.95897823,500,0.301917956
2020-01-01T08:00:00+00:00,C19,311,314,-105.077654299,500,0.210155309
2020-01-01T08:00:00+00:00,C2,301,303,-71.200471651,175,0.406859838
2020-01-01T08:00:00+00:00,C20,312,313,-130.343174488,500,0.260686349
2020-01-01T08:00:00+00:00,C21,312,323,-100.037160973,500,0.200074322
2020-01-01T08:00:00+00:00,C22,313,323,-39.622209643,500,0.079244419
2020-01-01T08:00:00+00:00,C23,314,316,-64.082526161,500,0.128165052
2020-01-01T08:00:00+00:00,C24,315,316,-110.050835627,500,0.220101671
2020-01-01T08:00:00+00:00,C25-1,315,321,-37.743053603,500,0.075486107
2020-01-01T08:00:00+00:00,C25-2,315,321,-37.743053603,500,0.075486107
2020-01-01T08:00:00+00:00,C26,315,324,11.342384173,500,0.022684768
2020-01-01T08:00:00+00:00,C27,316,317,-203.365355457,500,0.406730711
2020-01-01T08:00:00+00:00,C28,316,319,-63.718971208,500,0.127437942
2020-01-01T08:00:00+00:00,C29,317,318,362.184622457,500,0.724369245
2020-01-01T08:00:00+00:00,C3,301,305,-12.465287081,175,0.071230212
2020-01-01T08:00:00+00:00,C30,317,322,13.550022086,500,0.027100044
2020-01-01T08:00:00+00:00,C31-1,318,321,9.16804256,500,0.018336085
2020-01-01T08:00:00+00:00,C31-2,318,321,9.16804256,500,0.018336085
2020-01-01T08:00:00+00:00,C32-1,319,320,-19.590108818,500,0.039180218
2020-01-01T08:00:00+00:00,C32-2,319,320,-19.590108818,500,0.039180218
2020-01-01T08:00:00+00:00,C33-1,320,323,-11.358726339,500,0.022717453
2020-01-01T08:00:00+00:00,C33-2,320,323,-11.358726339,500,0.022717453
2020-01-01T08:00:00+00:00,C34,321,322,-57.150022086,500,0.114300044
2020-01-01T08:00:00+00:00,C35,323,325,-162.376823295,722,0.224898647
2020-01-01T08:00:00+00:00,C4,302,304,-23.562529789,175,0.134643027
2020-01-01T08:00:00+00:00,C5,302,306,-5.421189477,175,0.030978226
2020-01-01T08:00:00+00:00,C6,303,309,47.830175743,175,0.27331529
2020-01-01T08:00:00+00:00,C7,303,324,-107.342384173,400,0.26835596
2020-01-01T08:00:00+00:00,C8,304,309,-64.226243798,175,0.367007107
2020-01-01T08:00:00+00:00,C9,305,310,-51.480472144,175,0.294174127
2020-01-01T08:00:00+00:00,CA-1,325,121,-162.376823295,500,0.324753647
2020-01-01T08:00:00+00:00,CB-1,318,223,160.861824295,500,0.321723649
2020-01-01T09:00:00+00:00,A1,101,102,58.972429599,175,0.336985312
2020-01-01T09:00:00+00:00,A10,106,110,10.305487109,175,0.058888498
2020-01-01T09:00:00+00:00,A11,107,108,-86.496698315,175,0.494266848
2020-01-01T09:00:00+00:00,A12-1,108,109,-82.794174418,175,0.473109568
2020-01-01T09:00:00+00:00,A13-2,108,110,-74.755096897,175,0.427171982
2020-01-01T09:00:00+00:00,A14,109,111,-26.889087085,400,0.067222718
2020-01-01T09:00:00+00:00,A15,109,112,-18.731443646,400,0.046828609
2020-01-01T09:00:00+00:00,A16,110,111,-42.844142688,400,0.107110357
2020-01-01T09:00:00+00:00,A17,110,112,-34.565942942,400,0.086414857
2020-01-01T09:00:00+00:00,A18,111,113,16.904187909,500,0.033808376
2020-01-01T09:00:00+00:00,A19,111,114,-86.637417682,500,0.173274835
2020-01-01T09:00:00+00:00,A2,101,103,25.186512312,175,0.143922927
2020-01-01T09:00:00+00:00,A20,112,113,2.20003561,500,0.004400071
2020-01-01T09:00:00+00:00,A21,112,123,-55.497422198,500,0.110994844
2020-01-01T09:00:00+00:00,A22,113,123,-63.090248994,500,0.126180498
2020-01-01T09:00:00+00:00,A23,114,116,-167.246769506,500,0.334493539
2020-01-01T09:00:00+00:00,A24,115,116,127.97468602,500,0.255949372
2020-01-01T09:00:00+00:00,A25-1,115,121,-136.607895232,500,0.27321579
2020-01-01T09:00:00+00:00,A25-2,115,121,-136.607895232,500,0.27321579
2020-01-01T09:00:00+00:00,A26,115,124,75.523761515,500,0.151047523
2020-01-01T09:00:00+00:00,A27,116,117,-214.859590038,500,0.42971918
2020-01-01T09:00:00+00:00,A28,116,119,196.036294271,500,0.392072589
2020-01-01T09:00:00+00:00,A29,117,118,-79.142785485,500,0.158285571
2020-01-01T09:00:00+00:00,A3,101,105,97.565748826,175,0.557518565
2020-01-01T09:00:00+00:00,A30,117,122,-135.716804553,500,0.271433609
2020-01-01T09:00:00+00:00,A31-1,118,121,-83.65416119,500,0.167308322
2020-01-01T09:00:00+00:00,A31-2,118,121,-83.65416119,500,0.167308322
2020-01-01T09:00:00+00:00,A32-1,119,120,79.114300021,500,0.1582286
2020-01-01T09:00:00+00:00,A32-2,119,120,79.114300021,500,0.1582286
2020-01-01T09:00:00+00:00,A33-1,120,123,52.521524162,500,0.105043048
2020-01-01T09:00:00+00:00,A33-2,120,123,52.521524162,500,0.105043048
2020-01-01T09:00:00+00:00,A34,121,122,-161.283195447,500,0.322566391
2020-01-01T09:00:00+00:00,A4,102,104,58.118070543,175,0.33210326
2020-01-01T09:00:00+00:00,A5,102,106,66.81513581,175,0.381800776
2020-01-01T09:00:00+00:00,A6,103,109,64.218091722,175,0.366960524
2020-01-01T09:00:00+00:00,A7,103,124,-75.523761515,400,0.188809404
2020-01-01T09:00:00+00:00,A8,104,109,45.670173455,175,0.26097242
2020-01-01T09:00:00+00:00,A9,105,110,68.064388107,175,0.388939361
2020-01-01T09:00:00+00:00,AB1,107,203,34.557682964,175,0.197472474
2020-01-01T09:00:00+00:00,AB2,113,215,138.683759969,500,0.27736752
2020-01-01T09:00:00+00:00,AB3,123,217,188.455377131,500,0.376910754
2020-01-01T09:00:00+00:00,B1,201,202,8.783942052,175,0.050193955
2020-01-01T09:00:00+00:00,B10,206,210,-38.922974002,175,0.222416994
2020-01-01T09:00:00+00:00,B11,207,208,-53.045805132,175,0.303118886
2020-01-01T09:00:00+00:00,B12-1,208,209,-70.260310745,175,0.40148749
2020-01-01T09:00:00+00:00,B13-2,208,210,-55.352155807,175,0.316298033
2020-01-01T09:00:00+00:00,B14,209,211,-54.957716673,400,0.137394292
2020-01-01T09:00:00+00:00,B15,209,212,-69.490133932,400,0.173725335
2020-01-01T09:00:00+00:00,B16,210,211,-84.621008811,400,0.211552522
2020-01-01T09:00:00+00:00,B17,210,212,-99.368190858,400,0.248420477
2020-01-01T09:00:00+00:00,B18,211,213,-41.63528356,500,0.083270567
2020-01-01T09:00:00+00:00,B19,211,214,-97.943441925,500,0.195886884
2020-01-01T09:00:00+00:00,B2,201,203,-29.282921146,175,0.167330978
2020-01-01T09:00:00+00:00,B20,212,213,-15.44060145,500,0.030881203
2020-01-01T09:00:00+00:00,B21,212,223,-153.41772334,500,0.306835447
2020-01-01T09:00:00+00:00,B22,213,223,-162.532991889,500,0.325065984
2020-01-01T09:00:00+00:00,B23,214,216,-180.270531489,500,0.360541063
2020-01-01T09:00:00+00:00,B24,215,216,69.748684557,500,0.139497369
2020-01-01T09:00:00+00:00,B25-1,215,221,-18.875226323,500,0.037750453
2020-01-01T09:00:00+00:00,B25-2,215,221,-18.875226323,500,0.037750453
2020-01-01T09:00:00+00:00,B26,215,224,113.761366244,500,0.227522732
2020-01-01T09:00:00+00:00,B27,216,217,-120.390899615,500,0.240781799
2020-01-01T09:00:00+00:00,B28,216,219,29.432408578,500,0.058864817
2020-01-01T09:00:00+00:00,B29,217,218,105.801184668,500,0.211602369
2020-01-01T09:00:00+00:00,B3,201,205,23.16740346,175,0.132385163
2020-01-01T09:00:00+00:00,B30,217,222,-37.736707152,500,0.075473414
2020-01-01T09:00:00+00:00,B31-1,218,221,-17.756420101,500,0.03551284
2020-01-01T09:00:00+00:00,B31-2,218,221,-17.756420101,500,0.03551284
2020-01-01T09:00:00+00:00,B32-1,219,220,-23.688958626,500,0.047377917
2020-01-01T09:00:00+00:00,B32-2,219,220,-23.688958626,500,0.047377917
2020-01-01T09:00:00+00:00,B33-1,220,223,-50.848410854,500,0.101696822
2020-01-01T09:00:00+00:00,B33-2,220,223,-50.848410854,500,0.101696822
2020-01-01T09:00:00+00:00,B34,221,222,-73.263292848,500,0.146526586
2020-01-01T09:00:00+00:00,B4,202,204,8.829535289,175,0.050454487
2020-01-01T09:00:00+00:00,B5,202,206,18.790861981,175,0.107376354
2020-01-01T09:00:00+00:00,B6,203,209,42.650168672,175,0.24371525
2020-01-01T09:00:00+00:00,B7,203,224,-113.761366244,400,0.284403416
2020-01-01T09:00:00+00:00,B8,204,209,-22.573581349,175,0.128991893
2020-01-01T09:00:00+00:00,B9,205,210,-6.962613855,175,0.039786365
2020-01-01T09:00:00+00:00,C1,301,302,14.511750954,175,0.082924291
2020-01-01T09:00:00+00:00,C10,306,310,-92.753986378,175,0.530022779
2020-01-01T09:00:00+00:00,C11,307,308,-49.872034167,175,0.284983052
2020-01-01T09:00:00+00:00,C12-1,308,309,-148.997744305,175,0.851415682
2020-01-01T09:00:00+00:00,C13-2,308,310,-136.024399269,175,0.777282282
2020-01-01T09:00:00+00:00,C14,309,311,-135.86206997,400,0.339655175
2020-01-01T09:00:00+00:00,C15,309,312,-151.520626153,400,0.378801565
2020-01-01T09:00:00+00:00,C16,310,311,-162.976638807,400,0.407441597
2020-01-01T09:00:00+00:00,C17,310,312,-178.866602225,400,0.447166506
2020-01-01T09:00:00+00:00,C18,311,313,-209.557611899,500,0.419115224
2020-01-01T09:00:00+00:00,C19,311,314,-89.281096877,500,0.178562194
2020-01-01T09:00:00+00:00,C2,301,303,-49.688021796,175,0.283931553
2020-01-01T09:00:00+00:00,C20,312,313,-181.333064378,500,0.362666129
2020-01-01T09:00:00+00:00,C21,312,323,-90.054164,500,0.180108328
2020-01-01T09:00:00+00:00,C22,313,323,-0.359388711,500,0.000718777
2020-01-01T09:00:00+00:00,C23,314,316,-35.626493904,500,0.071252988
2020-01-01T09:00:00+00:00,C24,315,316,-138.140535136,500,0.27628107
2020-01-01T09:00:00+00:00,C25-1,315,321,-44.599284551,500,0.089198569
2020-01-01T09:00:00+00:00,C25-2,315,321,-44.599284551,500,0.089198569
2020-01-01T09:00:00+00:00,C26,315,324,45.071625592,500,0.090143251
2020-01-01T09:00:00+00:00,C27,316,317,-163.286794942,500,0.32657359
2020-01-01T09:00:00+00:00,C28,316,319,-105.977861432,500,0.211955723
2020-01-01T09:00:00+00:00,C29,317,318,329.443373712,500,0.658886747
2020-01-01T09:00:00+00:00,C3,301,305,-26.921166678,175,0.153835238
2020-01-01T09:00:00+00:00,C30,317,322,-25.930168654,500,0.051860337
2020-01-01T09:00:00+00:00,C31-1,318,321,-7.835631122,500,0.015671262
2020-01-01T09:00:00+00:00,C31-2,318,321,-7.835631122,500,0.015671262
2020-01-01T09:00:00+00:00,C32-1,319,320,-36.674283452,500,0.073348567
2020-01-01T09:00:00+00:00,C32-2,319,320,-36.674283452,500,0.073348567
2020-01-01T09:00:00+00:00,C33-1,320,323,-15.172764946,500,0.03034553
2020-01-01T09:00:00+00:00,C33-2,320,323,-15.172764946,500,0.03034553
2020-01-01T09:00:00+00:00,C34,321,322,-104.869831346,500,0.209739663
2020-01-01T09:00:00+00:00,C35,323,325,-120.759082602,722,0.167256347
2020-01-01T09:00:00+00:00,C4,302,304,-26.703734354,175,0.152592768
2020-01-01T09:00:00+00:00,C5,302,306,-14.557213205,175,0.083184075
2020-01-01T09:00:00+00:00,C6,303,309,0.787874596,175,0.004502141
2020-01-01T09:00:00+00:00,C7,303,324,-150.371625592,400,0.375929064
2020-01-01T09:00:00+00:00,C8,304,309,-69.251978581,175,0.395725592
2020-01-01T09:00:00+00:00,C9,305,310,-67.744482085,175,0.387111326
2020-01-01T09:00:00+00:00,CA-1,325,121,-120.759082602,500,0.241518165
2020-01-01T09:00:00+00:00,CB-1,318,223,153.647536936,500,0.307295074
2020-01-01T10:00:00+00:00,A1,101,102,45.463044154,175,0.259788824
2020-01-01T10:00:00+00:00,A10,106,110,15.452669713,175,0.08830097
2020-01-01T10:00:00+00:00,A11,107,108,-77.329702622,175,0.441884015
2020-01-01T10:00:00+00:00,A12-1,108,109,-75.994189128,175,0.434252509
2020-01-01T10:00:00+00:00,A13-2,108,110,-70.526631734,175,0.403009324
2020-01-01T10:00:00+00:00,A14,109,111,-20.020158534,400,0.050050396
2020-01-01T10:00:00+00:00,A15,109,112,-18.982093831,400,0.047455235
2020-01-01T10:00:00+00:00,A16,110,111,-30.897150908,400,0.077242877
2020-01-01T10:00:00+00:00,A17,110,112,-29.843745347,400,0.074609363
2020-01-01T10:00:00+00:00,A18,111,113,-0.087592517,500,0.000175185
2020-01-01T10:00:00+00:00,A19,111,114,-50.829716925,500,0.101659434
2020-01-01T10:00:00+00:00,A2,101,103,36.073608081,175,0.206134903
2020-01-01T10:00:00+00:00,A20,112,113,-1.958704144,500,0.003917408
2020-01-01T10:00:00+00:00,A21,112,123,-46.867135034,500,0.09373427
2020-01-01T10:00:00+00:00,A22,113,123,-51.173497694,500,0.102346995
2020-01-01T10:00:00+00:00,A23,114,116,-129.327242882,500,0.258654486
2020-01-01T10:00:00+00:00,A24,115,116,93.739974016,500,0.187479948
2020-01-01T10:00:00+00:00,A25-1,115,121,-103.655264593,500,0.207310529
2020-01-01T10:00:00+00:00,A25-2,115,121,-103.655264593,500,0.207310529
2020-01-01T10:00:00+00:00,A26,115,124,47.303979251,500,0.094607959
2020-01-01T10:00:00+00:00,A27,116,117,-139.639347405,500,0.279278695
2020-01-01T10:00:00+00:00,A28,116,119,125.589436294,500,0.251178873
2020-01-01T10:00:00+00:00,A29,117,118,-76.538396591,500,0.153076793
2020-01-01T10:00:00+00:00,A3,101,105,101.96369414,175,0.582649681
2020-01-01T10:00:00+00:00,A30,117,122,-63.100950814,500,0.126201902
2020-01-01T10:00:00+00:00,A31-1,118,121,-75.789497635,500,0.151578995
2020-01-01T10:00:00+00:00,A31-2,118,121,-75.789497635,500,0.151578995
2020-01-01T10:00:00+00:00,A32-1,119,120,48.226026915,500,0.096452054
2020-01-01T10:00:00+00:00,A32-2,119,120,48.226026915,500,0.096452054
2020-01-01T10:00:00+00:00,A33-1,120,123,22.329935877,500,0.044659872
2020-01-01T10:00:00+00:00,A33-2,120,123,22.329935877,500,0.044659872
2020-01-01T10:00:00+00:00,A34,121,122,-52.699049186,500,0.105398098
2020-01-01T10:00:00+00:00,A4,102,104,63.999084665,175,0.365709055
2020-01-01T10:00:00+00:00,A5,102,106,70.481863167,175,0.402753504
2020-01-01T10:00:00+00:00,A6,103,109,55.44483129,175,0.316827607
2020-01-01T10:00:00+00:00,A7,103,124,-47.303979251,400,0.118259948
2020-01-01T10:00:00+00:00,A8,104,109,52.356729403,175,0.299181311
2020-01-01T10:00:00+00:00,A9,105,110,73.235218145,175,0.418486961
2020-01-01T10:00:00+00:00,AB1,107,203,26.751399815,175,0.152865142
2020-01-01T10:00:00+00:00,AB2,113,215,109.001199083,500,0.218002398
2020-01-01T10:00:00+00:00,AB3,123,217,148.619239026,500,0.297238478
2020-01-01T10:00:00+00:00,B1,201,202,7.298040198,175,0.041703087
2020-01-01T10:00:00+00:00,B10,206,210,-38.232256926,175,0.21847004
2020-01-01T10:00:00+00:00,B11,207,208,-51.806233289,175,0.296035619
2020-01-01T10:00:00+00:00,B12-1,208,209,-68.212509297,175,0.389785767
2020-01-01T10:00:00+00:00,B13-2,208,210,-54.464651132,175,0.311226578
2020-01-01T10:00:00+00:00,B14,209,211,-54.767474913,400,0.136918687
2020-01-01T10:00:00+00:00,B15,209,212,-70.902270033,400,0.177255675
2020-01-01T10:00:00+00:00,B16,210,211,-82.182483307,400,0.205456208
2020-01-01T10:00:00+00:00,B17,210,212,-98.555723674,400,0.246389309
2020-01-01T10:00:00+00:00,B18,211,213,-44.907624905,500,0.08981525
2020-01-01T10:00:00+00:00,B19,211,214,-92.042333316,500,0.184084667
2020-01-01T10:00:00+00:00,B2,201,203,-25.560991278,175,0.146062807
2020-01-01T10:00:00+00:00,B20,212,213,-15.824656702,500,0.031649313
2020-01-01T10:00:00+00:00,B21,212,223,-153.633337004,500,0.307266674
2020-01-01T10:00:00+00:00,B22,213,223,-162.561496181,500,0.325122992
2020-01-01T10:00:00+00:00,B23,214,216,-172.445607381,500,0.344891215
2020-01-01T10:00:00+00:00,B24,215,216,42.490313545,500,0.084980627
2020-01-01T10:00:00+00:00,B25-1,215,221,-16.178796137,500,0.032357592
2020-01-01T10:00:00+00:00,B25-2,215,221,-16.178796137,500,0.032357592
2020-01-01T10:00:00+00:00,B26,215,224,110.18787019,500,0.22037574
2020-01-01T10:00:00+00:00,B27,216,217,-90.449841268,500,0.180899683
2020-01-01T10:00:00+00:00,B28,216,219,12.049560801,500,0.024099122
2020-01-01T10:00:00+00:00,B29,217,218,97.435296417,500,0.194870593
2020-01-01T10:00:00+00:00,B3,201,205,22.202365517,175,0.12687066
2020-01-01T10:00:00+00:00,B30,217,222,-39.265898659,500,0.078531797
2020-01-01T10:00:00+00:00,B31-1,218,221,-20.288254533,500,0.040576509
2020-01-01T10:00:00+00:00,B31-2,218,221,-20.288254533,500,0.040576509
2020-01-01T10:00:00+00:00,B32-1,219,220,-31.482932501,500,0.062965865
2020-01-01T10:00:00+00:00,B32-2,219,220,-31.482932501,500,0.062965865
2020-01-01T10:00:00+00:00,B33-1,220,223,-58.007723945,500,0.116015448
2020-01-01T10:00:00+00:00,B33-2,220,223,-58.007723945,500,0.116015448
2020-01-01T10:00:00+00:00,B34,221,222,-72.934101341,500,0.145868203
2020-01-01T10:00:00+00:00,B4,202,204,8.963478272,175,0.051219876
2020-01-01T10:00:00+00:00,B5,202,206,18.132924893,175,0.103616714
2020-01-01T10:00:00+00:00,B6,203,209,36.777302791,175,0.210156016
2020-01-01T10:00:00+00:00,B7,203,224,-110.18787019,400,0.275469675
2020-01-01T10:00:00+00:00,B8,204,209,-21.705811835,175,0.12403321
2020-01-01T10:00:00+00:00,B9,205,210,-7.223574991,175,0.041277571
2020-01-01T10:00:00+00:00,C1,301,302,12.702657846,175,0.072586616
2020-01-01T10:00:00+00:00,C10,306,310,-97.467429254,175,0.556956739
2020-01-01T10:00:00+00:00,C11,307,308,-52.066751009,175,0.297524291
2020-01-01T10:00:00+00:00,C12-1,308,309,-144.36411786,175,0.824937816
2020-01-01T10:00:00+00:00,C13-2,308,310,-133.359281862,175,0.762053039
2020-01-01T10:00:00+00:00,C14,309,311,-140.715125154,400,0.351787813
2020-01-01T10:00:00+00:00,C15,309,312,-161.048134903,400,0.402620337
2020-01-01T10:00:00+00:00,C16,310,311,-164.091843398,400,0.410229608
2020-01-01T10:00:00+00:00,C17,310,312,-184.725340976,400,0.461813352
2020-01-01T10:00:00+00:00,C18,311,313,-243.311954925,500,0.48662391
2020-01-01T10:00:00+00:00,C19,311,314,-61.495013626,500,0.122990027
2020-01-01T10:00:00+00:00,C2,301,303,-46.019903607,175,0.262970878
2020-01-01T10:00:00+00:00,C20,312,313,-206.661704852,500,0.41332341
2020-01-01T10:00:00+00:00,C21,312,323,-73.111771027,500,0.146223542
2020-01-01T10:00:00+00:00,C22,313,323,32.504828084,500,0.065009656
2020-01-01T10:00:00+00:00,C23,314,316,-4.646611191,500,0.009293222
2020-01-01T10:00:00+00:00,C24,315,316,-140.289886767,500,0.280579774
2020-01-01T10:00:00+00:00,C25-1,315,321,-40.575790722,500,0.081151581
2020-01-01T10:00:00+00:00,C25-2,315,321,-40.575790722,500,0.081151581
2020-01-01T10:00:00+00:00,C26,315,324,33.608187653,500,0.067216375
2020-01-01T10:00:00+00:00,C27,316,317,-101.680325471,500,0.203360651
2020-01-01T10:00:00+00:00,C28,316,319,-140.509573295,500,0.281019147
2020-01-01T10:00:00+00:00,C29,317,318,237.488444519,500,0.474976889
2020-01-01T10:00:00+00:00,C3,301,305,-30.676427111,175,0.175293869
2020-01-01T10:00:00+00:00,C30,317,322,-37.768769989,500,0.07553754
2020-01-01T10:00:00+00:00,C31-1,318,321,-10.939824283,500,0.021879649
2020-01-01T10:00:00+00:00,C31-2,318,321,-10.939824283,500,0.021879649
2020-01-01T10:00:00+00:00,C32-1,319,320,-54.429114378,500,0.108858229
2020-01-01T10:00:00+00:00,C32-2,319,320,-54.429114378,500,0.108858229
2020-01-01T10:00:00+00:00,C33-1,320,323,-26.601290894,500,0.053202582
2020-01-01T10:00:00+00:00,C33-2,320,323,-26.601290894,500,0.053202582
2020-01-01T10:00:00+00:00,C34,321,322,-103.031230011,500,0.20606246
2020-01-01T10:00:00+00:00,C35,323,325,-93.809524731,722,0.12993009
2020-01-01T10:00:00+00:00,C4,302,304,-27.89033678,175,0.159373353
2020-01-01T10:00:00+00:00,C5,302,306,-16.882804156,175,0.096473167
2020-01-01T10:00:00+00:00,C6,303,309,-9.367837407,175,0.053530499
2020-01-01T10:00:00+00:00,C7,303,324,-140.908187653,400,0.352270469
2020-01-01T10:00:00+00:00,C8,304,309,-71.737853377,175,0.409930591
2020-01-01T10:00:00+00:00,C9,305,310,-72.746341684,175,0.415693381
2020-01-01T10:00:00+00:00,CA-1,325,121,-93.809524731,500,0.187619049
2020-01-01T10:00:00+00:00,CB-1,318,223,62.054268398,500,0.124108537
2020-01-01T11:00:00+00:00,A1,101,102,44.543401697,175,0.254533724
2020-01-01T11:00:00+00:00,A10,106,110,15.763881478,175,0.090079323
2020-01-01T11:00:00+00:00,A11,107,108,-75.152647145,175,0.429443698
2020-01-01T11:00:00+00:00,A12-1,108,109,-73.802039407,175,0.421725939
2020-01-01T11:00:00+00:00,A13-2,108,110,-69.103329178,175,0.394876167
2020-01-01T11:00:00+00:00,A14,109,111,-18.316774338,400,0.045791936
2020-01-01T11:00:00+00:00,A15,109,112,-20.879147413,400,0.052197869
2020-01-01T11:00:00+00:00,A16,110,111,-27.680676796,400,0.069201692
2020-01-01T11:00:00+00:00,A17,110,112,-30.280917453,400,0.075702294
2020-01-01T11:00:00+00:00,A18,111,113,-7.384867464,500,0.014769735
2020-01-01T11:00:00+00:00,A19,111,114,-38.61258367,500,0.077225167
2020-01-01T11:00:00+00:00,A2,101,103,38.094430124,175,0.217682458
2020-01-01T11:00:00+00:00,A20,112,113,-2.766189996,500,0.00553238
2020-01-01T11:00:00+00:00,A21,112,123,-48.39387487,500,0.09678775
2020-01-01T11:00:00+00:00,A22,113,123,-52.430215431,500,0.104860431
2020-01-01T11:00:00+00:00,A23,114,116,-115.478244251,500,0.230956489
2020-01-01T11:00:00+00:00,A24,115,116,61.588358252,500,0.123176717
2020-01-01T11:00:00+00:00,A25-1,115,121,-80.524047261,500,0.161048095
2020-01-01T11:00:00+00:00,A25-2,115,121,-80.524047261,500,0.161048095
2020-01-01T11:00:00+00:00,A26,115,124,35.859662022,500,0.071719324
2020-01-01T11:00:00+00:00,A27,116,117,-90.88680203,500,0.181773604
2020-01-01T11:00:00+00:00,A28,116,119,90.375441504,500,0.180750883
2020-01-01T11:00:00+00:00,A29,117,118,-64.248515594,500,0.128497031
2020-01-01T11:00:00+00:00,A3,101,105,100.77097569,175,0.575834147
2020-01-01T11:00:00+00:00,A30,117,122,-26.638286435,500,0.053276573
2020-01-01T11:00:00+00:00,A31-1,118,121,-66.544012884,500,0.133088026
2020-01-01T11:00:00+00:00,A31-2,118,121,-66.544012884,500,0.133088026
2020-01-01T11:00:00+00:00,A32-1,119,120,32.230286305,500,0.064460573
2020-01-01T11:00:00+00:00,A32-2,119,120,32.230286305,500,0.064460573
2020-01-01T11:00:00+00:00,A33-1,120,123,6.872542609,500,0.013745085
2020-01-01T11:00:00+00:00,A33-2,120,123,6.872542609,500,0.013745085
2020-01-01T11:00:00+00:00,A34,121,122,-2.461713565,500,0.004923427
2020-01-01T11:00:00+00:00,A4,102,104,63.928151229,175,0.365303721
2020-01-01T11:00:00+00:00,A5,102,106,69.649086834,175,0.397994782
2020-01-01T11:00:00+00:00,A6,103,109,51.635437999,175,0.295059646
2020-01-01T11:00:00+00:00,A7,103,124,-35.859662022,400,0.089649155
2020-01-01T11:00:00+00:00,A8,104,109,52.308260079,175,0.298904343
2020-01-01T11:00:00+00:00,A9,105,110,72.639728777,175,0.415084164
2020-01-01T11:00:00+00:00,AB1,107,203,25.625803987,175,0.146433166
2020-01-01T11:00:00+00:00,AB2,113,215,104.882250477,500,0.209764501
2020-01-01T11:00:00+00:00,AB3,123,217,145.920994916,500,0.29184199
2020-01-01T11:00:00+00:00,B1,201,202,6.892898504,175,0.039387991
2020-01-01T11:00:00+00:00,B10,206,210,-38.049615699,175,0.217426375
2020-01-01T11:00:00+00:00,B11,207,208,-51.49142136,175,0.294236693
2020-01-01T11:00:00+00:00,B12-1,208,209,-67.722462311,175,0.386985499
2020-01-01T11:00:00+00:00,B13-2,208,210,-54.209223469,175,0.309766991
2020-01-01T11:00:00+00:00,B14,209,211,-54.555604816,400,0.136389012
2020-01-01T11:00:00+00:00,B15,209,212,-71.150487709,400,0.177876219
2020-01-01T11:00:00+00:00,B16,210,211,-81.513433469,400,0.203783584
2020-01-01T11:00:00+00:00,B17,210,212,-98.353560937,400,0.245883902
2020-01-01T11:00:00+00:00,B18,211,213,-45.788599033,500,0.091577198
2020-01-01T11:00:00+00:00,B19,211,214,-90.280439251,500,0.180560879
2020-01-01T11:00:00+00:00,B2,201,203,-24.847075974,175,0.141983291
2020-01-01T11:00:00+00:00,B20,212,213,-15.876322617,500,0.031752645
2020-01-01T11:00:00+00:00,B21,212,223,-153.627726029,500,0.307255452
2020-01-01T11:00:00+00:00,B22,213,223,-162.526734933,500,0.32505347
2020-01-01T11:00:00+00:00,B23,214,216,-170.195125201,500,0.34039025
2020-01-01T11:00:00+00:00,B24,215,216,38.022424083,500,0.076044848
2020-01-01T11:00:00+00:00,B25-1,215,221,-16.108056633,500,0.032216113
2020-01-01T11:00:00+00:00,B25-2,215,221,-16.108056633,500,0.032216113
2020-01-01T11:00:00+00:00,B26,215,224,108.993695091,500,0.21798739
2020-01-01T11:00:00+00:00,B27,216,217,-87.531735149,500,0.17506347
2020-01-01T11:00:00+00:00,B28,216,219,7.165896942,500,0.014331794
2020-01-01T11:00:00+00:00,B29,217,218,97.162964222,500,0.194325928
2020-01-01T11:00:00+00:00,B3,201,205,21.965589416,175,0.125517654
2020-01-01T11:00:00+00:00,B30,217,222,-38.773704454,500,0.077547409
2020-01-01T11:00:00+00:00,B31-1,218,221,-20.00509114,500,0.040010182
2020-01-01T11:00:00+00:00,B31-2,218,221,-20.00509114,500,0.040010182
2020-01-01T11:00:00+00:00,B32-1,219,220,-33.696840593,500,0.067393681
2020-01-01T11:00:00+00:00,B32-2,219,220,-33.696840593,500,0.067393681
2020-01-01T11:00:00+00:00,B33-1,220,223,-60.060448329,500,0.120120897
2020-01-01T11:00:00+00:00,B33-2,220,223,-60.060448329,500,0.120120897
2020-01-01T11:00:00+00:00,B34,221,222,-72.226295546,500,0.144452591
2020-01-01T11:00:00+00:00,B4,202,204,8.962504788,175,0.051214313
2020-01-01T11:00:00+00:00,B5,202,206,17.973050741,175,0.102703147
2020-01-01T11:00:00+00:00,B6,203,209,35.624776347,175,0.203570151
2020-01-01T11:00:00+00:00,B7,203,224,-108.993695091,400,0.272484238
2020-01-01T11:00:00+00:00,B8,204,209,-21.520416657,175,0.122973809
2020-01-01T11:00:00+00:00,B9,205,210,-7.281537917,175,0.041608788
2020-01-01T11:00:00+00:00,C1,301,302,13.89785697,175,0.079416326
2020-01-01T11:00:00+00:00,C10,306,310,-95.978788869,175,0.548450222
2020-01-01T11:00:00+00:00,C11,307,308,-53.03559,175,0.303060514
2020-01-01T11:00:00+00:00,C12-1,308,309,-147.32236288,175,0.841842074
2020-01-01T11:00:00+00:00,C13-2,308,310,-129.507747573,175,0.740044272
2020-01-01T11:00:00+00:00,C14,309,311,-121.708582101,400,0.304271455
2020-01-01T11:00:00+00:00,C15,309,312,-147.772389875,400,0.369430975
2020-01-01T11:00:00+00:00,C16,310,311,-157.983087604,400,0.394957719
2020-01-01T11:00:00+00:00,C17,310,312,-184.432074803,400,0.461080187
2020-01-01T11:00:00+00:00,C18,311,313,-253.31546078,500,0.506630922
2020-01-01T11:00:00+00:00,C19,311,314,-26.376208925,500,0.052752418
2020-01-01T11:00:00+00:00,C2,301,303,-51.775716284,175,0.295861236
2020-01-01T11:00:00+00:00,C20,312,313,-206.335447268,500,0.412670895
2020-01-01T11:00:00+00:00,C21,312,323,-58.269017409,500,0.116538035
2020-01-01T11:00:00+00:00,C22,313,323,48.873641151,500,0.097747282
2020-01-01T11:00:00+00:00,C23,314,316,27.368555395,500,0.054737111
2020-01-01T11:00:00+00:00,C24,315,316,-130.46316298,500,0.260926326
2020-01-01T11:00:00+00:00,C25-1,315,321,-27.078019625,500,0.054156039
2020-01-01T11:00:00+00:00,C25-2,315,321,-27.078019625,500,0.054156039
2020-01-01T11:00:00+00:00,C26,315,324,-5.67105401,500,0.011342108
2020-01-01T11:00:00+00:00,C27,316,317,-20.080841047,500,0.040161682
2020-01-01T11:00:00+00:00,C28,316,319,-181.042238538,500,0.362084477
2020-01-01T11:00:00+00:00,C29,317,318,138.265675275,500,0.276531351
2020-01-01T11:00:00+00:00,C3,301,305,-26.952890445,175,0.154016517
2020-01-01T11:00:00+00:00,C30,317,322,-47.646516322,500,0.095293033
2020-01-01T11:00:00+00:00,C31-1,318,321,-20.098722214,500,0.040197444
2020-01-01T11:00:00+00:00,C31-2,318,321,-20.098722214,500,0.040197444
2020-01-01T11:00:00+00:00,C32-1,319,320,-79.046886429,500,0.158093773
2020-01-01T11:00:00+00:00,C32-2,319,320,-79.046886429,500,0.158093773
2020-01-01T11:00:00+00:00,C33-1,320,323,-49.465108509,500,0.098930217
2020-01-01T11:00:00+00:00,C33-2,320,323,-49.465108509,500,0.098930217
2020-01-01T11:00:00+00:00,C34,321,322,-94.353483678,500,0.188706967
2020-01-01T11:00:00+00:00,C35,323,325,-108.325593276,722,0.150035448
2020-01-01T11:00:00+00:00,C4,302,304,-29.989693921,175,0.17136968
2020-01-01T11:00:00+00:00,C5,302,306,-14.340066949,175,0.08194324
2020-01-01T11:00:00+00:00,C6,303,309,-3.598019894,175,0.020560114
2020-01-01T11:00:00+00:00,C7,303,324,-100.02894599,400,0.250072365
2020-01-01T11:00:00+00:00,C8,304,309,-74.410763201,175,0.425204361
2020-01-01T11:00:00+00:00,C9,305,310,-69.573105565,175,0.397560603
2020-01-01T11:00:00+00:00,CA-1,325,121,-108.325593276,500,0.216651187
2020-01-01T11:00:00+00:00,CB-1,318,223,-21.431692057,500,0.042863384
2020-01-01T12:00:00+00:00,A1,101,102,43.893211369,175,0.250818351
2020-01-01T12:00:00+00:00,A10,106,110,16.300216049,175,0.093144092
2020-01-01T12:00:00+00:00,A11,107,108,-77.445179307,175,0.442543882
2020-01-01T12:00:00+00:00,A12-1,108,109,-74.069616663,175,0.423254952
2020-01-01T12:00:00+00:00,A13-2,108,110,-69.837957504,175,0.399074043
2020-01-01T12:00:00+00:00,A14,109,111,-17.750200502,400,0.044375501
2020-01-01T12:00:00+00:00,A15,109,112,-22.114403351,400,0.055286008
2020-01-01T12:00:00+00:00,A16,110,111,-26.201866158,400,0.065504665
2020-01-01T12:00:00+00:00,A17,110,112,-30.630564615,400,0.076576412
2020-01-01T12:00:00+00:00,A18,111,113,-8.427557183,500,0.016855114
2020-01-01T12:00:00+00:00,A19,111,114,-35.524509477,500,0.071049019
2020-01-01T12:00:00+00:00,A2,101,103,39.339281003,175,0.224795891
2020-01-01T12:00:00+00:00,A20,112,113,-0.561081547,500,0.001122163
2020-01-01T12:00:00+00:00,A21,112,123,-52.183886419,500,0.104367773
2020-01-01T12:00:00+00:00,A22,113,123,-57.87247205,500,0.115744944
2020-01-01T12:00:00+00:00,A23,114,116,-110.92629078,500,0.221852582
2020-01-01T12:00:00+00:00,A24,115,116,50.595700014,500,0.1011914
2020-01-01T12:00:00+00:00,A25-1,115,121,-72.454348571,500,0.144908697
2020-01-01T12:00:00+00:00,A25-2,115,121,-72.454348571,500,0.144908697
2020-01-01T12:00:00+00:00,A26,115,124,33.104931803,500,0.066209864
2020-01-01T12:00:00+00:00,A27,116,117,-78.808975048,500,0.15761795
2020-01-01T12:00:00+00:00,A28,116,119,72.611486703,500,0.145222973
2020-01-01T12:00:00+00:00,A29,117,118,-54.704023436,500,0.109408047
2020-01-01T12:00:00+00:00,A3,101,105,100.091258243,175,0.571950047
2020-01-01T12:00:00+00:00,A30,117,122,-24.104951612,500,0.048209903
2020-01-01T12:00:00+00:00,A31-1,118,121,-61.365396187,500,0.122730792
2020-01-01T12:00:00+00:00,A31-2,118,121,-61.365396187,500,0.122730792
2020-01-01T12:00:00+00:00,A32-1,119,120,23.781201043,500,0.047562402
2020-01-01T12:00:00+00:00,A32-2,119,120,23.781201043,500,0.047562402
2020-01-01T12:00:00+00:00,A33-1,120,123,-1.093613408,500,0.002187227
2020-01-01T12:00:00+00:00,A33-2,120,123,-1.093613408,500,0.002187227
2020-01-01T12:00:00+00:00,A34,121,122,-2.495048388,500,0.004990097
2020-01-01T12:00:00+00:00,A4,102,104,63.699790617,175,0.363998804
2020-01-01T12:00:00+00:00,A5,102,106,69.159196756,175,0.39519541
2020-01-01T12:00:00+00:00,A6,103,109,49.483797164,175,0.282764555
2020-01-01T12:00:00+00:00,A7,103,124,-33.104931803,400,0.08276233
2020-01-01T12:00:00+00:00,A8,104,109,52.738286409,175,0.301361637
2020-01-01T12:00:00+00:00,A9,105,110,72.495760962,175,0.414261491
2020-01-01T12:00:00+00:00,AB1,107,203,28.861557334,175,0.164923185
2020-01-01T12:00:00+00:00,AB2,113,215,112.386554736,500,0.224773109
2020-01-01T12:00:00+00:00,AB3,123,217,158.311814059,500,0.316623628
2020-01-01T12:00:00+00:00,B1,201,202,7.636460011,175,0.043636914
2020-01-01T12:00:00+00:00,B10,206,210,-37.613473418,175,0.214934134
2020-01-01T12:00:00+00:00,B11,207,208,-51.530772851,175,0.294461559
2020-01-01T12:00:00+00:00,B12-1,208,209,-67.971834597,175,0.388410483
2020-01-01T12:00:00+00:00,B13-2,208,210,-54.053035514,175,0.308874489
2020-01-01T12:00:00+00:00,B14,209,211,-54.096391862,400,0.13524098
2020-01-01T12:00:00+00:00,B15,209,212,-68.815787888,400,0.17203947
2020-01-01T12:00:00+00:00,B16,210,211,-81.832297354,400,0.204580743
2020-01-01T12:00:00+00:00,B17,210,212,-96.769221401,400,0.241923054
2020-01-01T12:00:00+00:00,B18,211,213,-42.033752937,500,0.084067506
2020-01-01T12:00:00+00:00,B19,211,214,-93.894936279,500,0.187789873
2020-01-01T12:00:00+00:00,B2,201,203,-26.181522558,175,0.1496087
2020-01-01T12:00:00+00:00,B20,212,213,-15.502041599,500,0.031004083
2020-01-01T12:00:00+00:00,B21,212,223,-150.082967691,500,0.300165935
2020-01-01T12:00:00+00:00,B22,213,223,-158.78103298,500,0.317562066
2020-01-01T12:00:00+00:00,B23,214,216,-173.870695743,500,0.347741391
2020-01-01T12:00:00+00:00,B24,215,216,47.30747709,500,0.094614954
2020-01-01T12:00:00+00:00,B25-1,215,221,-17.519810982,500,0.035039622
2020-01-01T12:00:00+00:00,B25-2,215,221,-17.519810982,500,0.035039622
2020-01-01T12:00:00+00:00,B26,215,224,110.03665966,500,0.220073319
2020-01-01T12:00:00+00:00,B27,216,217,-98.194213221,500,0.196388426
2020-01-01T12:00:00+00:00,B28,216,219,23.406376286,500,0.046812753
2020-01-01T12:00:00+00:00,B29,217,218,99.072793352,500,0.198145587
2020-01-01T12:00:00+00:00,B3,201,205,22.722474804,175,0.129842713
2020-01-01T12:00:00+00:00,B30,217,222,-38.955192514,500,0.077910385
2020-01-01T12:00:00+00:00,B31-1,218,221,-19.102592762,500,0.038205186
2020-01-01T12:00:00+00:00,B31-2,218,221,-19.102592762,500,0.038205186
2020-01-01T12:00:00+00:00,B32-1,219,220,-25.605091401,500,0.051210183
2020-01-01T12:00:00+00:00,B32-2,219,220,-25.605091401,500,0.051210183
2020-01-01T12:00:00+00:00,B33-1,220,223,-51.988847101,500,0.103977694
2020-01-01T12:00:00+00:00,B33-2,220,223,-51.988847101,500,0.103977694
2020-01-01T12:00:00+00:00,B34,221,222,-73.244807486,500,0.146489615
2020-01-01T12:00:00+00:00,B4,202,204,9.196572836,175,0.052551845
2020-01-01T12:00:00+00:00,B5,202,206,18.452007444,175,0.105440043
2020-01-01T12:00:00+00:00,B6,203,209,38.51238153,175,0.220070752
2020-01-01T12:00:00+00:00,B7,203,224,-110.03665966,400,0.275091649
2020-01-01T12:00:00+00:00,B8,204,209,-21.309644692,175,0.121769398
2020-01-01T12:00:00+00:00,B9,205,210,-6.547004176,175,0.037411452
2020-01-01T12:00:00+00:00,C1,301,302,18.664723715,175,0.106655564
2020-01-01T12:00:00+00:00,C10,306,310,-94.203248457,175,0.538304277
2020-01-01T12:00:00+00:00,C11,307,308,-52.481967719,175,0.299896958
2020-01-01T12:00:00+00:00,C12-1,308,309,-145.047668186,175,0.828843818
2020-01-01T12:00:00+00:00,C13-2,308,310,-131.050631373,175,0.748860751
2020-01-01T12:00:00+00:00,C14,309,311,-127.948497499,400,0.319871244
2020-01-01T12:00:00+00:00,C15,309,312,-154.551393562,400,0.386378484
2020-01-01T12:00:00+00:00,C16,310,311,-156.927223525,400,0.392318059
2020-01-01T12:00:00+00:00,C17,310,312,-183.923265835,400,0.459808165
2020-01-01T12:00:00+00:00,C18,311,313,-252.93287433,500,0.505865749
2020-01-01T12:00:00+00:00,C19,311,314,-31.942846693,500,0.063885693
2020-01-01T12:00:00+00:00,C2,301,303,-58.218161602,175,0.332675209
2020-01-01T12:00:00+00:00,C20,312,313,-204.981154175,500,0.409962308
2020-01-01T12:00:00+00:00,C21,312,323,-67.993505222,500,0.13598701
2020-01-01T12:00:00+00:00,C22,313,323,37.28419993,500,0.0745684
2020-01-01T12:00:00+00:00,C23,314,316,20.361139406,500,0.040722279
2020-01-01T12:00:00+00:00,C24,315,316,-124.189746616,500,0.248379493
2020-01-01T12:00:00+00:00,C25-1,315,321,-26.825495558,500,0.053650991
2020-01-01T12:00:00+00:00,C25-2,315,321,-26.825495558,500,0.053650991
2020-01-01T12:00:00+00:00,C26,315,324,-11.045532403,500,0.022091065
2020-01-01T12:00:00+00:00,C27,316,317,-12.387352007,500,0.024774704
2020-01-01T12:00:00+00:00,C28,316,319,-189.026829378,500,0.378053659
2020-01-01T12:00:00+00:00,C29,317,318,115.231448211,500,0.230462896
2020-01-01T12:00:00+00:00,C3,301,305,-24.798982223,175,0.14170847
2020-01-01T12:00:00+00:00,C30,317,322,-48.718800218,500,0.0974376
2020-01-01T12:00:00+00:00,C31-1,318,321,-19.015104333,500,0.038030209
2020-01-01T12:00:00+00:00,C31-2,318,321,-19.015104333,500,0.038030209
2020-01-01T12:00:00+00:00,C32-1,319,320,-81.588359318,500,0.163176719
2020-01-01T12:00:00+00:00,C32-2,319,320,-81.588359318,500,0.163176719
2020-01-01T12:00:00+00:00,C33-1,320,323,-52.07312679,500,0.104146254
2020-01-01T12:00:00+00:00,C33-2,320,323,-52.07312679,500,0.104146254
2020-01-01T12:00:00+00:00,C34,321,322,-91.681199782,500,0.1833624
2020-01-01T12:00:00+00:00,C35,323,325,-134.855558872,722,0.186780552
2020-01-01T12:00:00+00:00,C4,302,304,-25.966415656,175,0.148379518
2020-01-01T12:00:00+00:00,C5,302,306,-13.166867579,175,0.075239243
2020-01-01T12:00:00+00:00,C6,303,309,16.482272479,175,0.094184414
2020-01-01T12:00:00+00:00,C7,303,324,-90.454467597,400,0.226136169
2020-01-01T12:00:00+00:00,C8,304,309,-70.059740546,175,0.400341375
2020-01-01T12:00:00+00:00,C9,305,310,-67.104739887,175,0.383455656
2020-01-01T12:00:00+00:00,CA-1,325,121,-134.855558872,500,0.269711118
2020-01-01T12:00:00+00:00,CB-1,318,223,-45.158305128,500,0.09031661
2020-01-01T13:00:00+00:00,A1,101,102,39.03234351,175,0.223041963
2020-01-01T13:00:00+00:00,A10,106,110,17.003240594,175,0.097161375
2020-01-01T13:00:00+00:00,A11,107,108,-76.149335502,175,0.43513906
2020-01-01T13:00:00+00:00,A12-1,108,109,-72.535619557,175,0.414489255
2020-01-01T13:00:00+00:00,A13-2,108,110,-69.251147885,175,0.395720845
2020-01-01T13:00:00+00:00,A14,109,111,-17.121097943,400,0.042802745
2020-01-01T13:00:00+00:00,A15,109,112,-24.084328975,400,0.060210822
2020-01-01T13:00:00+00:00,A16,110,111,-23.730415434,400,0.059326039
2020-01-01T13:00:00+00:00,A17,110,112,-30.796551359,400,0.076991378
2020-01-01T13:00:00+00:00,A18,111,113,-12.505719735,500,0.025011439
2020-01-01T13:00:00+00:00,A19,111,114,-28.345793642,500,0.056691587
2020-01-01T13:00:00+00:00,A2,101,103,42.688823913,175,0.243936137
2020-01-01T13:00:00+00:00,A20,112,113,0.045504202,500,0.000091008
2020-01-01T13:00:00+00:00,A21,112,123,-54.926384536,500,0.109852769
2020-01-01T13:00:00+00:00,A22,113,123,-61.264867835,500,0.122529736
2020-01-01T13:00:00+00:00,A23,114,116,-102.8116521,500,0.205623304
2020-01-01T13:00:00+00:00,A24,115,116,44.730006636,500,0.089460013
2020-01-01T13:00:00+00:00,A25-1,115,121,-51.917091542,500,0.103834183
2020-01-01T13:00:00+00:00,A25-2,115,121,-51.917091542,500,0.103834183
2020-01-01T13:00:00+00:00,A26,115,124,30.42542835,500,0.060850857
2020-01-01T13:00:00+00:00,A27,116,117,-55.182742376,500,0.110365485
2020-01-01T13:00:00+00:00,A28,116,119,51.716633788,500,0.103433268
2020-01-01T13:00:00+00:00,A29,117,118,-34.038255112,500,0.06807651
2020-01-01T13:00:00+00:00,A3,101,105,99.823612404,175,0.570420642
2020-01-01T13:00:00+00:00,A30,117,122,-21.144487264,500,0.042288975
2020-01-01T13:00:00+00:00,A31-1,118,121,-53.579258655,500,0.107158517
2020-01-01T13:00:00+00:00,A31-2,118,121,-53.579258655,500,0.107158517
2020-01-01T13:00:00+00:00,A32-1,119,120,10.920377768,500,0.021840756
2020-01-01T13:00:00+00:00,A32-2,119,120,10.920377768,500,0.021840756
2020-01-01T13:00:00+00:00,A33-1,120,123,-13.645678631,500,0.027291357
2020-01-01T13:00:00+00:00,A33-2,120,123,-13.645678631,500,0.027291357
2020-01-01T13:00:00+00:00,A34,121,122,-5.155512736,500,0.010311025
2020-01-01T13:00:00+00:00,A4,102,104,64.485287173,175,0.368487355
2020-01-01T13:00:00+00:00,A5,102,106,69.206110441,175,0.395463488
2020-01-01T13:00:00+00:00,A6,103,109,44.722218642,175,0.255555535
2020-01-01T13:00:00+00:00,A7,103,124,-30.42542835,400,0.076063571
2020-01-01T13:00:00+00:00,A8,104,109,53.780784462,175,0.307318768
2020-01-01T13:00:00+00:00,A9,105,110,72.570643587,175,0.414689392
2020-01-01T13:00:00+00:00,AB1,107,203,28.168756599,175,0.160964323
2020-01-01T13:00:00+00:00,AB2,113,215,110.385825027,500,0.22077165
2020-01-01T13:00:00+00:00,AB3,123,217,159.517390367,500,0.319034781
2020-01-01T13:00:00+00:00,B1,201,202,7.437668843,175,0.042500965
2020-01-01T13:00:00+00:00,B10,206,210,-36.951593665,175,0.211151964
2020-01-01T13:00:00+00:00,B11,207,208,-50.960176316,175,0.291201008
2020-01-01T13:00:00+00:00,B12-1,208,209,-67.193990726,175,0.383965661
2020-01-01T13:00:00+00:00,B13-2,208,210,-53.47970679,175,0.305598325
2020-01-01T13:00:00+00:00,B14,209,211,-53.42332158,400,0.133558304
2020-01-01T13:00:00+00:00,B15,209,212,-67.758555638,400,0.169396389
2020-01-01T13:00:00+00:00,B16,210,211,-80.753490882,400,0.201883727
2020-01-01T13:00:00+00:00,B17,210,212,-95.300575689,400,0.238251439
2020-01-01T13:00:00+00:00,B18,211,213,-40.901094035,500,0.081802188
2020-01-01T13:00:00+00:00,B19,211,214,-93.275718427,500,0.186551437
2020-01-01T13:00:00+00:00,B2,201,203,-25.587750262,175,0.146215716
2020-01-01T13:00:00+00:00,B20,212,213,-15.061834646,500,0.030123669
2020-01-01T13:00:00+00:00,B21,212,223,-147.99729668,500,0.295994593
2020-01-01T13:00:00+00:00,B22,213,223,-156.698502471,500,0.313397005
2020-01-01T13:00:00+00:00,B23,214,216,-172.365912069,500,0.344731824
2020-01-01T13:00:00+00:00,B24,215,216,45.815671432,500,0.091631343
2020-01-01T13:00:00+00:00,B25-1,215,221,-18.295895988,500,0.036591792
2020-01-01T13:00:00+00:00,B25-2,215,221,-18.295895988,500,0.036591792
2020-01-01T13:00:00+00:00,B26,215,224,108.926938433,500,0.217853877
2020-01-01T13:00:00+00:00,B27,216,217,-99.367688687,500,0.198735377
2020-01-01T13:00:00+00:00,B28,216,219,25.049306997,500,0.050098614
2020-01-01T13:00:00+00:00,B29,217,218,99.001756084,500,0.198003512
2020-01-01T13:00:00+00:00,B3,201,205,22.820489083,175,0.130402795
2020-01-01T13:00:00+00:00,B30,217,222,-38.852054404,500,0.077704109
2020-01-01T13:00:00+00:00,B31-1,218,221,-18.37807681,500,0.036756154
2020-01-01T13:00:00+00:00,B31-2,218,221,-18.37807681,500,0.036756154
2020-01-01T13:00:00+00:00,B32-1,219,220,-24.370514154,500,0.048741028
2020-01-01T13:00:00+00:00,B32-2,219,220,-24.370514154,500,0.048741028
2020-01-01T13:00:00+00:00,B33-1,220,223,-50.462124428,500,0.100924249
2020-01-01T13:00:00+00:00,B33-2,220,223,-50.462124428,500,0.100924249
2020-01-01T13:00:00+00:00,B34,221,222,-73.347945596,500,0.146695891
2020-01-01T13:00:00+00:00,B4,202,204,9.399493855,175,0.053711393
2020-01-01T13:00:00+00:00,B5,202,206,18.493078167,175,0.105674732
2020-01-01T13:00:00+00:00,B6,203,209,38.125290875,175,0.217858805
2020-01-01T13:00:00+00:00,B7,203,224,-108.926938433,400,0.272317346
2020-01-01T13:00:00+00:00,B8,204,209,-20.768930524,175,0.118679603
2020-01-01T13:00:00+00:00,B9,205,210,-6.124891065,175,0.034999378
2020-01-01T13:00:00+00:00,C1,301,302,21.67146213,175,0.123836926
2020-01-01T13:00:00+00:00,C10,306,310,-93.4884672,175,0.534219813
2020-01-01T13:00:00+00:00,C11,307,308,-52.679689956,175,0.3010268
2020-01-01T13:00:00+00:00,C12-1,308,309,-145.505855658,175,0.831462032
2020-01-01T13:00:00+00:00,C13-2,308,310,-132.781483491,175,0.758751334
2020-01-01T13:00:00+00:00,C14,309,311,-130.54409847,400,0.326360246
2020-01-01T13:00:00+00:00,C15,309,312,-157.255648783,400,0.393139122
2020-01-01T13:00:00+00:00,C16,310,311,-157.098250142,400,0.392745625
2020-01-01T13:00:00+00:00,C17,310,312,-184.20455243,400,0.460511381
2020-01-01T13:00:00+00:00,C18,311,313,-238.492958031,500,0.476985916
2020-01-01T13:00:00+00:00,C19,311,314,-49.149390581,500,0.098298781
2020-01-01T13:00:00+00:00,C2,301,303,-62.980242598,175,0.359887101
2020-01-01T13:00:00+00:00,C20,312,313,-190.345388592,500,0.380690777
2020-01-01T13:00:00+00:00,C21,312,323,-88.41481262,500,0.176829625
2020-01-01T13:00:00+00:00,C22,313,323,6.44071067,500,0.012881421
2020-01-01T13:00:00+00:00,C23,314,316,-4.152269393,500,0.008304539
2020-01-01T13:00:00+00:00,C24,315,316,-119.336890844,500,0.238673782
2020-01-01T13:00:00+00:00,C25-1,315,321,-34.190431283,500,0.068380863
2020-01-01T13:00:00+00:00,C25-2,315,321,-34.190431283,500,0.068380863
2020-01-01T13:00:00+00:00,C26,315,324,-1.669940319,500,0.003339881
2020-01-01T13:00:00+00:00,C27,316,317,-40.552395384,500,0.081104791
2020-01-01T13:00:00+00:00,C28,316,319,-180.680516819,500,0.361361034
2020-01-01T13:00:00+00:00,C29,317,318,92.856516227,500,0.185713032
2020-01-01T13:00:00+00:00,C3,301,305,-23.214471653,175,0.132654124
2020-01-01T13:00:00+00:00,C30,317,322,-25.50891161,500,0.051017823
2020-01-01T13:00:00+00:00,C31-1,318,321,4.144887088,500,0.008289774
2020-01-01T13:00:00+00:00,C31-2,318,321,4.144887088,500,0.008289774
2020-01-01T13:00:00+00:00,C32-1,319,320,-79.708353938,500,0.159416708
2020-01-01T13:00:00+00:00,C32-2,319,320,-79.708353938,500,0.159416708
2020-01-01T13:00:00+00:00,C33-1,320,323,-56.094355195,500,0.11218871
2020-01-01T13:00:00+00:00,C33-2,320,323,-56.094355195,500,0.11218871
2020-01-01T13:00:00+00:00,C34,321,322,-60.09108839,500,0.120182177
2020-01-01T13:00:00+00:00,C35,323,325,-194.162812341,722,0.268923563
2020-01-01T13:00:00+00:00,C4,302,304,-24.043012748,175,0.137388644
2020-01-01T13:00:00+00:00,C5,302,306,-12.236964528,175,0.069925512
2020-01-01T13:00:00+00:00,C6,303,309,28.911063546,175,0.165206077
2020-01-01T13:00:00+00:00,C7,303,324,-96.430059681,400,0.241075149
2020-01-01T13:00:00+00:00,C8,304,309,-68.253389202,175,0.390019367
2020-01-01T13:00:00+00:00,C9,305,310,-65.632535548,175,0.37504306
2020-01-01T13:00:00+00:00,CA-1,325,121,-194.162812341,500,0.388325625
2020-01-01T13:00:00+00:00,CB-1,318,223,-114.379951993,500,0.228759904
2020-01-01T14:00:00+00:00,A1,101,102,23.230942598,175,0.132748243
2020-01-01T14:00:00+00:00,A10,106,110,18.468501017,175,0.105534292
2020-01-01T14:00:00+00:00,A11,107,108,-69.975397964,175,0.399859417
2020-01-01T14:00:00+00:00,A12-1,108,109,-68.26838638,175,0.390105065
2020-01-01T14:00:00+00:00,A13-2,108,110,-66.963691444,175,0.382649665
2020-01-01T14:00:00+00:00,A14,109,111,-16.271885642,400,0.040679714
2020-01-01T14:00:00+00:00,A15,109,112,-27.761880735,400,0.069404702
2020-01-01T14:00:00+00:00,A16,110,111,-19.037276684,400,0.047593192
2020-01-01T14:00:00+00:00,A17,110,112,-30.697074661,400,0.076742687
2020-01-01T14:00:00+00:00,A18,111,113,-18.327030517,500,0.036654061
2020-01-01T14:00:00+00:00,A19,111,114,-16.982131809,500,0.033964264
2020-01-01T14:00:00+00:00,A2,101,103,49.883082252,175,0.285046184
2020-01-01T14:00:00+00:00,A20,112,113,2.383685639,500,0.004767371
2020-01-01T14:00:00+00:00,A21,112,123,-60.842641035,500,0.121685282
2020-01-01T14:00:00+00:00,A22,113,123,-69.151184955,500,0.13830237
2020-01-01T14:00:00+00:00,A23,114,116,-91.016025919,500,0.182032052
2020-01-01T14:00:00+00:00,A24,115,116,6.219164781,500,0.01243833
2020-01-01T14:00:00+00:00,A25-1,115,121,-29.389480136,500,0.05877896
2020-01-01T14:00:00+00:00,A25-2,115,121,-29.389480136,500,0.05877896
2020-01-01T14:00:00+00:00,A26,115,124,24.586886042,500,0.049173772
2020-01-01T14:00:00+00:00,A27,116,117,-16.5775757,500,0.033155151
2020-01-01T14:00:00+00:00,A28,116,119,17.618913475,500,0.035237827
2020-01-01T14:00:00+00:00,A29,117,118,-0.228481135,500,0.000456962
2020-01-01T14:00:00+00:00,A3,101,105,100.271229975,175,0.572978457
2020-01-01T14:00:00+00:00,A30,117,122,-16.349094565,500,0.032698189
2020-01-01T14:00:00+00:00,A31-1,118,121,-42.753639379,500,0.085507279
2020-01-01T14:00:00+00:00,A31-2,118,121,-42.753639379,500,0.085507279
2020-01-01T14:00:00+00:00,A32-1,119,120,-10.976973247,500,0.021953946
2020-01-01T14:00:00+00:00,A32-2,119,120,-10.976973247,500,0.021953946
2020-01-01T14:00:00+00:00,A33-1,120,123,-35.400525943,500,0.070801052
2020-01-01T14:00:00+00:00,A33-2,120,123,-35.400525943,500,0.070801052
2020-01-01T14:00:00+00:00,A34,121,122,-8.850905435,500,0.017701811
2020-01-01T14:00:00+00:00,A4,102,104,68.078778375,175,0.389021591
2020-01-01T14:00:00+00:00,A5,102,106,70.368550496,175,0.402106003
2020-01-01T14:00:00+00:00,A6,103,109,35.478726336,175,0.202735579
2020-01-01T14:00:00+00:00,A7,103,124,-24.586886042,400,0.061467215
2020-01-01T14:00:00+00:00,A8,104,109,55.53904557,175,0.317365975
2020-01-01T14:00:00+00:00,A9,105,110,73.176351202,175,0.418150578
2020-01-01T14:00:00+00:00,AB1,107,203,22.273146604,175,0.127275123
2020-01-01T14:00:00+00:00,AB2,113,215,107.179067194,500,0.214358134
2020-01-01T14:00:00+00:00,AB3,123,217,164.502925801,500,0.329005852
2020-01-01T14:00:00+00:00,B1,201,202,-24.902980979,175,0.142302748
2020-01-01T14:00:00+00:00,B10,206,210,-23.806539443,175,0.136037368
2020-01-01T14:00:00+00:00,B11,207,208,-50.76341886,175,0.290076679
2020-01-01T14:00:00+00:00,B12-1,208,209,-65.527575146,175,0.374443287
2020-01-01T14:00:00+00:00,B13-2,208,210,-54.680200713,175,0.31245829
2020-01-01T14:00:00+00:00,B14,209,211,-45.771168108,400,0.11442792
2020-01-01T14:00:00+00:00,B15,209,212,-58.087767034,400,0.145219418
2020-01-01T14:00:00+00:00,B16,210,211,-67.440045111,400,0.168600113
2020-01-01T14:00:00+00:00,B17,210,212,-79.93866274,400,0.199846657
2020-01-01T14:00:00+00:00,B18,211,213,-30.211329318,500,0.060422659
2020-01-01T14:00:00+00:00,B19,211,214,-82.9998839,500,0.165999768
2020-01-01T14:00:00+00:00,B2,201,203,-9.389200555,175,0.053652575
2020-01-01T14:00:00+00:00,B20,212,213,-8.010659754,500,0.01602132
2020-01-01T14:00:00+00:00,B21,212,223,-130.01577002,500,0.26003154
2020-01-01T14:00:00+00:00,B22,213,223,-140.540437055,500,0.281080874
2020-01-01T14:00:00+00:00,B23,214,216,-161.78470997,500,0.32356942
2020-01-01T14:00:00+00:00,B24,215,216,47.0787997,500,0.094157599
2020-01-01T14:00:00+00:00,B25-1,215,221,-19.163315589,500,0.038326631
2020-01-01T14:00:00+00:00,B25-2,215,221,-19.163315589,500,0.038326631
2020-01-01T14:00:00+00:00,B26,215,224,97.390868444,500,0.194781737
2020-01-01T14:00:00+00:00,B27,216,217,-103.14254678,500,0.206285094
2020-01-01T14:00:00+00:00,B28,216,219,40.825901422,500,0.081651803
2020-01-01T14:00:00+00:00,B29,217,218,100.014921462,500,0.200029843
2020-01-01T14:00:00+00:00,B3,201,205,39.132587639,175,0.223614787
2020-01-01T14:00:00+00:00,B30,217,222,-38.654542442,500,0.077309085
2020-01-01T14:00:00+00:00,B31-1,218,221,-17.60941319,500,0.035218826
2020-01-01T14:00:00+00:00,B31-2,218,221,-17.60941319,500,0.035218826
2020-01-01T14:00:00+00:00,B32-1,219,220,-16.339764543,500,0.032679529
2020-01-01T14:00:00+00:00,B32-2,219,220,-16.339764543,500,0.032679529
2020-01-01T14:00:00+00:00,B33-1,220,223,-42.330634999,500,0.08466127
2020-01-01T14:00:00+00:00,B33-2,220,223,-42.330634999,500,0.08466127
2020-01-01T14:00:00+00:00,B34,221,222,-73.545457558,500,0.147090915
2020-01-01T14:00:00+00:00,B4,202,204,25.613879038,175,0.146365023
2020-01-01T14:00:00+00:00,B5,202,206,31.424060276,175,0.179566059
2020-01-01T14:00:00+00:00,B6,203,209,37.175491335,175,0.212431379
2020-01-01T14:00:00+00:00,B7,203,224,-97.390868444,400,0.243477171
2020-01-01T14:00:00+00:00,B8,204,209,-4.438064927,175,0.025360371
2020-01-01T14:00:00+00:00,B9,205,210,10.298965727,175,0.058851233
2020-01-01T14:00:00+00:00,C1,301,302,20.20835803,175,0.115476332
2020-01-01T14:00:00+00:00,C10,306,310,-93.221155543,175,0.532692317
2020-01-01T14:00:00+00:00,C11,307,308,-51.869028772,175,0.29639445
2020-01-01T14:00:00+00:00,C12-1,308,309,-149.18385399,175,0.852479166
2020-01-01T14:00:00+00:00,C13-2,308,310,-137.071339475,175,0.783264797
2020-01-01T14:00:00+00:00,C14,309,311,-138.023851234,400,0.345059628
2020-01-01T14:00:00+00:00,C15,309,312,-159.340768012,400,0.39835192
2020-01-01T14:00:00+00:00,C16,310,311,-163.504439406,400,0.408761099
2020-01-01T14:00:00+00:00,C17,310,312,-185.136384511,400,0.462840961
2020-01-01T14:00:00+00:00,C18,311,313,-202.673004345,500,0.405346009
2020-01-01T14:00:00+00:00,C19,311,314,-98.855286295,500,0.197710573
2020-01-01T14:00:00+00:00,C2,301,303,-59.876163216,175,0.342149504
2020-01-01T14:00:00+00:00,C20,312,313,-164.249261853,500,0.328498524
2020-01-01T14:00:00+00:00,C21,312,323,-125.427890669,500,0.250855781
2020-01-01T14:00:00+00:00,C22,313,323,-49.224607195,500,0.098449214
2020-01-01T14:00:00+00:00,C23,314,316,-66.100018949,500,0.132200038
2020-01-01T14:00:00+00:00,C24,315,316,-84.37308004,500,0.16874616
2020-01-01T14:00:00+00:00,C25-1,315,321,-80.567518845,500,0.161135038
2020-01-01T14:00:00+00:00,C25-2,315,321,-80.567518845,500,0.161135038
2020-01-01T14:00:00+00:00,C26,315,324,58.176260764,500,0.116352522
2020-01-01T14:00:00+00:00,C27,316,317,-66.760392588,500,0.133520785
2020-01-01T14:00:00+00:00,C28,316,319,-118.807929418,500,0.237615859
2020-01-01T14:00:00+00:00,C29,317,318,-13.393942557,500,0.026787885
2020-01-01T14:00:00+00:00,C3,301,305,-24.155035673,175,0.138028775
2020-01-01T14:00:00+00:00,C30,317,322,-31.066450031,500,0.0621329
2020-01-01T14:00:00+00:00,C31-1,318,321,-22.699256139,500,0.045398512
2020-01-01T14:00:00+00:00,C31-2,318,321,-22.699256139,500,0.045398512
2020-01-01T14:00:00+00:00,C32-1,319,320,-55.93514154,500,0.111870283
2020-01-01T14:00:00+00:00,C32-2,319,320,-55.93514154,500,0.111870283
2020-01-01T14:00:00+00:00,C33-1,320,323,-44.956084271,500,0.089912169
2020-01-01T14:00:00+00:00,C33-2,320,323,-44.956084271,500,0.089912169
2020-01-01T14:00:00+00:00,C34,321,322,-36.533549969,500,0.0730671
2020-01-01T14:00:00+00:00,C35,323,325,-264.564666406,722,0.366433056
2020-01-01T14:00:00+00:00,C4,302,304,-24.262356059,175,0.138642035
2020-01-01T14:00:00+00:00,C5,302,306,-12.851652239,175,0.073438013
2020-01-01T14:00:00+00:00,C6,303,309,23.228696117,175,0.132735406
2020-01-01T14:00:00+00:00,C7,303,324,-149.776260764,400,0.374440652
2020-01-01T14:00:00+00:00,C8,304,309,-67.992821092,175,0.388530406
2020-01-01T14:00:00+00:00,C9,305,310,-66.112644015,175,0.377786537
2020-01-01T14:00:00+00:00,CA-1,325,121,-264.564666406,500,0.529129333
2020-01-01T14:00:00+00:00,CB-1,318,223,-164.782522927,500,0.329565046
2020-01-01T15:00:00+00:00,A1,101,102,1.061557989,175,0.006066046
2020-01-01T15:00:00+00:00,A10,106,110,15.13275509,175,0.086472886
2020-01-01T15:00:00+00:00,A11,107,108,-57.820454935,175,0.3304026
2020-01-01T15:00:00+00:00,A12-1,108,109,-61.089884353,175,0.349085053
2020-01-01T15:00:00+00:00,A13-2,108,110,-62.219932303,175,0.35554247
2020-01-01T15:00:00+00:00,A14,109,111,-19.315668557,400,0.048289171
2020-01-01T15:00:00+00:00,A15,109,112,-39.298089648,400,0.098245224
2020-01-01T15:00:00+00:00,A16,110,111,-17.414188738,400,0.043535472
2020-01-01T15:00:00+00:00,A17,110,112,-37.691916544,400,0.094229791
2020-01-01T15:00:00+00:00,A18,111,113,-42.981857364,500,0.085963715
2020-01-01T15:00:00+00:00,A19,111,114,6.25200007,500,0.012504
2020-01-01T15:00:00+00:00,A2,101,103,55.923327488,175,0.319561871
2020-01-01T15:00:00+00:00,A20,112,113,-6.963543348,500,0.013927087
2020-01-01T15:00:00+00:00,A21,112,123,-70.026462843,500,0.140052926
2020-01-01T15:00:00+00:00,A22,113,123,-74.23352661,500,0.148467053
2020-01-01T15:00:00+00:00,A23,114,116,-68.045872291,500,0.136091745
2020-01-01T15:00:00+00:00,A24,115,116,-33.957335883,500,0.067914672
2020-01-01T15:00:00+00:00,A25-1,115,121,8.748584903,500,0.01749717
2020-01-01T15:00:00+00:00,A25-2,115,121,8.748584903,500,0.01749717
2020-01-01T15:00:00+00:00,A26,115,124,19.055910724,500,0.038111821
2020-01-01T15:00:00+00:00,A27,116,117,30.219212919,500,0.060438426
2020-01-01T15:00:00+00:00,A28,116,119,-46.520293444,500,0.093040587
2020-01-01T15:00:00+00:00,A29,117,118,60.076693646,500,0.120153387
2020-01-01T15:00:00+00:00,A3,101,105,93.853412384,175,0.536305214
2020-01-01T15:00:00+00:00,A30,117,122,-29.857480726,500,0.059714961
2020-01-01T15:00:00+00:00,A31-1,118,121,-23.877610641,500,0.047755221
2020-01-01T15:00:00+00:00,A31-2,118,121,-23.877610641,500,0.047755221
2020-01-01T15:00:00+00:00,A32-1,119,120,-50.9697212,500,0.101939442
2020-01-01T15:00:00+00:00,A32-2,119,120,-50.9697212,500,0.101939442
2020-01-01T15:00:00+00:00,A33-1,120,123,-75.480359504,500,0.150960719
2020-01-01T15:00:00+00:00,A33-2,120,123,-75.480359504,500,0.150960719
2020-01-01T15:00:00+00:00,A34,121,122,-49.342519274,500,0.098685039
2020-01-01T15:00:00+00:00,A4,102,104,68.794760321,175,0.393112916
2020-01-01T15:00:00+00:00,A5,102,106,67.217861488,175,0.384102066
2020-01-01T15:00:00+00:00,A6,103,109,18.743067981,175,0.107103246
2020-01-01T15:00:00+00:00,A7,103,124,-19.055910724,400,0.047639777
2020-01-01T15:00:00+00:00,A8,104,109,50.754334781,175,0.29002477
2020-01-01T15:00:00+00:00,A9,105,110,66.661923015,175,0.380925274
2020-01-01T15:00:00+00:00,AB1,107,203,9.948114497,175,0.056846369
2020-01-01T15:00:00+00:00,AB2,113,215,54.198764168,500,0.108397528
2020-01-01T15:00:00+00:00,AB3,123,217,108.779291538,500,0.217558583
2020-01-01T15:00:00+00:00,B1,201,202,-18.081330142,175,0.103321887
2020-01-01T15:00:00+00:00,B10,206,210,-20.99361443,175,0.119963511
2020-01-01T15:00:00+00:00,B11,207,208,-50.960176316,175,0.291201008
2020-01-01T15:00:00+00:00,B12-1,208,209,-65.528992897,175,0.374451388
2020-01-01T15:00:00+00:00,B13-2,208,210,-55.144704619,175,0.315112598
2020-01-01T15:00:00+00:00,B14,209,211,-46.579236254,400,0.116448091
2020-01-01T15:00:00+00:00,B15,209,212,-52.256422834,400,0.130641057
2020-01-01T15:00:00+00:00,B16,210,211,-67.363864492,400,0.168409661
2020-01-01T15:00:00+00:00,B17,210,212,-73.124950381,400,0.182812376
2020-01-01T15:00:00+00:00,B18,211,213,-16.676125914,500,0.033352252
2020-01-01T15:00:00+00:00,B19,211,214,-97.266974831,500,0.19453395
2020-01-01T15:00:00+00:00,B2,201,203,-6.007688242,175,0.034329647
2020-01-01T15:00:00+00:00,B20,212,213,-6.442997102,500,0.012885994
2020-01-01T15:00:00+00:00,B21,212,223,-118.938376113,500,0.237876752
2020-01-01T15:00:00+00:00,B22,213,223,-129.054696806,500,0.258109394
2020-01-01T15:00:00+00:00,B23,214,216,-176.357168474,500,0.352714337
2020-01-01T15:00:00+00:00,B24,215,216,58.393279776,500,0.11678656
2020-01-01T15:00:00+00:00,B25-1,215,221,-72.310953226,500,0.144621906
2020-01-01T15:00:00+00:00,B25-2,215,221,-72.310953226,500,0.144621906
2020-01-01T15:00:00+00:00,B26,215,224,108.392383707,500,0.216784767
2020-01-01T15:00:00+00:00,B27,216,217,-133.317011924,500,0.266634024
2020-01-01T15:00:00+00:00,B28,216,219,98.584982174,500,0.197169964
2020-01-01T15:00:00+00:00,B29,217,218,25.747135997,500,0.051494272
2020-01-01T15:00:00+00:00,B3,201,205,44.092759375,175,0.251958625
2020-01-01T15:00:00+00:00,B30,217,222,-50.284856383,500,0.100569713
2020-01-01T15:00:00+00:00,B31-1,218,221,-55.005386854,500,0.110010774
2020-01-01T15:00:00+00:00,B31-2,218,221,-55.005386854,500,0.110010774
2020-01-01T15:00:00+00:00,B32-1,219,220,12.397323434,500,0.024794647
2020-01-01T15:00:00+00:00,B32-2,219,220,12.397323434,500,0.024794647
2020-01-01T15:00:00+00:00,B33-1,220,223,-13.694286839,500,0.027388574
2020-01-01T15:00:00+00:00,B33-2,220,223,-13.694286839,500,0.027388574
2020-01-01T15:00:00+00:00,B34,221,222,-61.915143617,500,0.123830287
2020-01-01T15:00:00+00:00,B4,202,204,29.255848963,175,0.16717628
2020-01-01T15:00:00+00:00,B5,202,206,34.451057402,175,0.196863185
2020-01-01T15:00:00+00:00,B6,203,209,38.950156068,175,0.22257232
2020-01-01T15:00:00+00:00,B7,203,224,-108.392383707,400,0.270980959
2020-01-01T15:00:00+00:00,B8,204,209,-0.912575416,175,0.005214717
2020-01-01T15:00:00+00:00,B9,205,210,15.147379228,175,0.086556453
2020-01-01T15:00:00+00:00,C1,301,302,29.543081079,175,0.168817606
2020-01-01T15:00:00+00:00,C10,306,310,-84.040032849,175,0.480228759
2020-01-01T15:00:00+00:00,C11,307,308,-50.781556491,175,0.290180323
2020-01-01T15:00:00+00:00,C12-1,308,309,-166.875747694,175,0.953575701
2020-01-01T15:00:00+00:00,C13-2,308,310,-145.520978077,175,0.831548446
2020-01-01T15:00:00+00:00,C14,309,311,-124.153374925,400,0.310383437
2020-01-01T15:00:00+00:00,C15,309,312,-140.91578821,400,0.352289471
2020-01-01T15:00:00+00:00,C16,310,311,-167.315118289,400,0.418287796
2020-01-01T15:00:00+00:00,C17,310,312,-184.325251967,400,0.46081313
2020-01-01T15:00:00+00:00,C18,311,313,-134.900177446,500,0.269800355
2020-01-01T15:00:00+00:00,C19,311,314,-156.568315769,500,0.313136632
2020-01-01T15:00:00+00:00,C2,301,303,-80.826138771,175,0.46186365
2020-01-01T15:00:00+00:00,C20,312,313,-104.685927501,500,0.209371855
2020-01-01T15:00:00+00:00,C21,312,323,-186.055112676,500,0.372110225
2020-01-01T15:00:00+00:00,C22,313,323,-149.683004708,500,0.299366009
2020-01-01T15:00:00+00:00,C23,314,316,-169.225291443,500,0.338450583
2020-01-01T15:00:00+00:00,C24,315,316,-13.322927016,500,0.026645854
2020-01-01T15:00:00+00:00,C25-1,315,321,-135.525916413,500,0.271051833
2020-01-01T15:00:00+00:00,C25-2,315,321,-135.525916413,500,0.271051833
2020-01-01T15:00:00+00:00,C26,315,324,99.800732579,500,0.199601465
2020-01-01T15:00:00+00:00,C27,316,317,-183.543120885,500,0.367086242
2020-01-01T15:00:00+00:00,C28,316,319,-33.230342767,500,0.066460686
2020-01-01T15:00:00+00:00,C29,317,318,-118.949138214,500,0.237898276
2020-01-01T15:00:00+00:00,C3,301,305,-11.600207117,175,0.066286898
2020-01-01T15:00:00+00:00,C30,317,322,-39.99398267,500,0.079987965
2020-01-01T15:00:00+00:00,C31-1,318,321,0.889574348,500,0.001779149
2020-01-01T15:00:00+00:00,C31-2,318,321,0.889574348,500,0.001779149
2020-01-01T15:00:00+00:00,C32-1,319,320,-31.409018283,500,0.062818037
2020-01-01T15:00:00+00:00,C32-2,319,320,-31.409018283,500,0.062818037
2020-01-01T15:00:00+00:00,C33-1,320,323,-41.673175207,500,0.08334635
2020-01-01T15:00:00+00:00,C33-2,320,323,-41.673175207,500,0.08334635
2020-01-01T15:00:00+00:00,C34,321,322,-37.60601733,500,0.075212035
2020-01-01T15:00:00+00:00,C35,323,325,-419.084467797,722,0.580449401
2020-01-01T15:00:00+00:00,C4,302,304,-22.081707371,175,0.126181185
2020-01-01T15:00:00+00:00,C5,302,306,-4.853699387,175,0.027735425
2020-01-01T15:00:00+00:00,C6,303,309,66.269152461,175,0.378680871
2020-01-01T15:00:00+00:00,C7,303,324,-164.200732579,400,0.410501831
2020-01-01T15:00:00+00:00,C8,304,309,-65.168388814,175,0.372390793
2020-01-01T15:00:00+00:00,C9,305,310,-52.940131204,175,0.302515035
2020-01-01T15:00:00+00:00,CA-1,325,121,-419.084467797,500,0.838168936
2020-01-01T15:00:00+00:00,CB-1,318,223,-314.618353403,500,0.629236707
2020-01-01T16:00:00+00:00,A1,101,102,-1.43684241,175,0.008210528
2020-01-01T16:00:00+00:00,A10,106,110,-2.555309893,175,0.014601771
2020-01-01T16:00:00+00:00,A11,107,108,-35.811447033,175,0.20463684
2020-01-01T16:00:00+00:00,A12-1,108,109,-52.935047659,175,0.302485987
2020-01-01T16:00:00+00:00,A13-2,108,110,-53.104009453,175,0.303451483
2020-01-01T16:00:00+00:00,A14,109,111,-32.021079825,400,0.0800527
2020-01-01T16:00:00+00:00,A15,109,112,-59.220019408,400,0.148050049
2020-01-01T16:00:00+00:00,A16,110,111,-32.167313282,400,0.080418283
2020-01-01T16:00:00+00:00,A17,110,112,-59.768207637,400,0.149420519
2020-01-01T16:00:00+00:00,A18,111,113,-70.187179584,500,0.140374359
2020-01-01T16:00:00+00:00,A19,111,114,5.998786478,500,0.011997573
2020-01-01T16:00:00+00:00,A2,101,103,44.115814919,175,0.252090371
2020-01-01T16:00:00+00:00,A20,112,113,-21.161090986,500,0.042322182
2020-01-01T16:00:00+00:00,A21,112,123,-97.827136059,500,0.195654272
2020-01-01T16:00:00+00:00,A22,113,123,-97.396549775,500,0.1947931
2020-01-01T16:00:00+00:00,A23,114,116,-73.674642502,500,0.147349285
2020-01-01T16:00:00+00:00,A24,115,116,-64.780481514,500,0.129560963
2020-01-01T16:00:00+00:00,A25-1,115,121,26.628740293,500,0.053257481
2020-01-01T16:00:00+00:00,A25-2,115,121,26.628740293,500,0.053257481
2020-01-01T16:00:00+00:00,A26,115,124,36.334975224,500,0.07266995
2020-01-01T16:00:00+00:00,A27,116,117,65.568914075,500,0.131137828
2020-01-01T16:00:00+00:00,A28,116,119,-90.092815916,500,0.180185632
2020-01-01T16:00:00+00:00,A29,117,118,91.820447635,500,0.183640895
2020-01-01T16:00:00+00:00,A3,101,105,72.966747441,175,0.416952843
2020-01-01T16:00:00+00:00,A30,117,122,-26.25153356,500,0.052503067
2020-01-01T16:00:00+00:00,A31-1,118,121,-22.46929126,500,0.044938583
2020-01-01T16:00:00+00:00,A31-2,118,121,-22.46929126,500,0.044938583
2020-01-01T16:00:00+00:00,A32-1,119,120,-82.213651889,500,0.164427304
2020-01-01T16:00:00+00:00,A32-2,119,120,-82.213651889,500,0.164427304
2020-01-01T16:00:00+00:00,A33-1,120,123,-108.497669697,500,0.216995339
2020-01-01T16:00:00+00:00,A33-2,120,123,-108.497669697,500,0.216995339
2020-01-01T16:00:00+00:00,A34,121,122,-50.84846644,500,0.101696933
2020-01-01T16:00:00+00:00,A4,102,104,57.428215151,175,0.328161229
2020-01-01T16:00:00+00:00,A5,102,106,53.298227948,175,0.304561303
2020-01-01T16:00:00+00:00,A6,103,109,6.526990059,175,0.037297086
2020-01-01T16:00:00+00:00,A7,103,124,-36.334975224,400,0.090837438
2020-01-01T16:00:00+00:00,A8,104,109,27.037319561,175,0.154498969
2020-01-01T16:00:00+00:00,A9,105,110,43.807915186,175,0.250330944
2020-01-01T16:00:00+00:00,AB1,107,203,-15.524525248,175,0.088711573
2020-01-01T16:00:00+00:00,AB2,113,215,-2.78398203,500,0.005567964
2020-01-01T16:00:00+00:00,AB3,123,217,69.666974772,500,0.13933395
2020-01-01T16:00:00+00:00,B1,201,202,-22.956816452,175,0.131181808
2020-01-01T16:00:00+00:00,B10,206,210,-11.976704897,175,0.068438314
2020-01-01T16:00:00+00:00,B11,207,208,-52.357154079,175,0.299183738
2020-01-01T16:00:00+00:00,B12-1,208,209,-65.32171159,175,0.373266923
2020-01-01T16:00:00+00:00,B13-2,208,210,-58.660029269,175,0.335200167
2020-01-01T16:00:00+00:00,B14,209,211,-45.097935584,400,0.112744839
2020-01-01T16:00:00+00:00,B15,209,212,-50.778545646,400,0.126946364
2020-01-01T16:00:00+00:00,B16,210,211,-58.656473958,400,0.146641185
2020-01-01T16:00:00+00:00,B17,210,212,-64.421033923,400,0.161052585
2020-01-01T16:00:00+00:00,B18,211,213,-12.204148075,500,0.024408296
2020-01-01T16:00:00+00:00,B19,211,214,-91.550261466,500,0.183100523
2020-01-01T16:00:00+00:00,B2,201,203,13.644985162,175,0.077971344
2020-01-01T16:00:00+00:00,B20,212,213,-1.964848437,500,0.003929697
2020-01-01T16:00:00+00:00,B21,212,223,-113.234731132,500,0.226469462
2020-01-01T16:00:00+00:00,B22,213,223,-125.166163159,500,0.250332326
2020-01-01T16:00:00+00:00,B23,214,216,-172.808564597,500,0.345617129
2020-01-01T16:00:00+00:00,B24,215,216,25.43051907,500,0.050861038
2020-01-01T16:00:00+00:00,B25-1,215,221,-105.940306923,500,0.211880614
2020-01-01T16:00:00+00:00,B25-2,215,221,-105.940306923,500,0.211880614
2020-01-01T16:00:00+00:00,B26,215,224,107.588370003,500,0.21517674
2020-01-01T16:00:00+00:00,B27,216,217,-136.217841126,500,0.272435682
2020-01-01T16:00:00+00:00,B28,216,219,101.954072336,500,0.203908145
2020-01-01T16:00:00+00:00,B29,217,218,-9.944334596,500,0.019888669
2020-01-01T16:00:00+00:00,B3,201,205,58.975250166,175,0.33700143
2020-01-01T16:00:00+00:00,B30,217,222,-56.606531758,500,0.113213064
2020-01-01T16:00:00+00:00,B31-1,218,221,-74.711896531,500,0.149423793
2020-01-01T16:00:00+00:00,B31-2,218,221,-74.711896531,500,0.149423793
2020-01-01T16:00:00+00:00,B32-1,219,220,13.070456615,500,0.026140913
2020-01-01T16:00:00+00:00,B32-2,219,220,13.070456615,500,0.026140913
2020-01-01T16:00:00+00:00,B33-1,220,223,-13.736406274,500,0.027472813
2020-01-01T16:00:00+00:00,B33-2,220,223,-13.736406274,500,0.027472813
2020-01-01T16:00:00+00:00,B34,221,222,-56.793468242,500,0.113586936
2020-01-01T16:00:00+00:00,B4,202,204,43.426153242,175,0.248149447
2020-01-01T16:00:00+00:00,B5,202,206,44.987878741,175,0.257073593
2020-01-01T16:00:00+00:00,B6,203,209,30.314528043,175,0.173225875
2020-01-01T16:00:00+00:00,B7,203,224,-107.588370003,400,0.268970925
2020-01-01T16:00:00+00:00,B8,204,209,12.430718027,175,0.071032674
2020-01-01T16:00:00+00:00,B9,205,210,29.236386649,175,0.167065067
2020-01-01T16:00:00+00:00,C1,301,302,26.248069671,175,0.14998897
2020-01-01T16:00:00+00:00,C10,306,310,-83.683096809,175,0.478189125
2020-01-01T16:00:00+00:00,C11,307,308,13.735526711,175,0.078488724
2020-01-01T16:00:00+00:00,C12-1,308,309,-153.420159165,175,0.876686624
2020-01-01T16:00:00+00:00,C13-2,308,310,-120.104780251,175,0.68631303
2020-01-01T16:00:00+00:00,C14,309,311,-108.741570679,400,0.271853927
2020-01-01T16:00:00+00:00,C15,309,312,-129.734991674,400,0.324337479
2020-01-01T16:00:00+00:00,C16,310,311,-174.822404599,400,0.437056011
2020-01-01T16:00:00+00:00,C17,310,312,-196.126073195,400,0.490315183
2020-01-01T16:00:00+00:00,C18,311,313,-180.48655997,500,0.36097312
2020-01-01T16:00:00+00:00,C19,311,314,-103.077415309,500,0.206154831
2020-01-01T16:00:00+00:00,C2,301,303,-81.286773019,175,0.464495846
2020-01-01T16:00:00+00:00,C20,312,313,-142.645918627,500,0.285291837
2020-01-01T16:00:00+00:00,C21,312,323,-183.215146242,500,0.366430292
2020-01-01T16:00:00+00:00,C22,313,323,-125.57316197,500,0.251146324
2020-01-01T16:00:00+00:00,C23,314,316,-218.335877854,500,0.436671756
2020-01-01T16:00:00+00:00,C24,315,316,14.791560878,500,0.029583122
2020-01-01T16:00:00+00:00,C25-1,315,321,-176.265059516,500,0.352530119
2020-01-01T16:00:00+00:00,C25-2,315,321,-176.265059516,500,0.352530119
2020-01-01T16:00:00+00:00,C26,315,324,149.403853893,500,0.298807708
2020-01-01T16:00:00+00:00,C27,316,317,-241.158617285,500,0.482317235
2020-01-01T16:00:00+00:00,C28,316,319,33.202721677,500,0.066405443
2020-01-01T16:00:00+00:00,C29,317,318,-191.482776812,500,0.382965554
2020-01-01T16:00:00+00:00,C3,301,305,-9.125801573,175,0.052147438
2020-01-01T16:00:00+00:00,C30,317,322,-38.875840473,500,0.077751681
2020-01-01T16:00:00+00:00,C31-1,318,321,2.401479753,500,0.00480296
2020-01-01T16:00:00+00:00,C31-2,318,321,2.401479753,500,0.00480296
2020-01-01T16:00:00+00:00,C32-1,319,320,-37.166117823,500,0.074332236
2020-01-01T16:00:00+00:00,C32-2,319,320,-37.166117823,500,0.074332236
2020-01-01T16:00:00+00:00,C33-1,320,323,-75.189528147,500,0.150379056
2020-01-01T16:00:00+00:00,C33-2,320,323,-75.189528147,500,0.150379056
2020-01-01T16:00:00+00:00,C34,321,322,-21.524159527,500,0.043048319
2020-01-01T16:00:00+00:00,C35,323,325,-459.167364506,722,0.635965879
2020-01-01T16:00:00+00:00,C4,302,304,-28.497811731,175,0.162844638
2020-01-01T16:00:00+00:00,C5,302,306,-2.88334987,175,0.016476285
2020-01-01T16:00:00+00:00,C6,303,309,53.476239337,175,0.30557851
2020-01-01T16:00:00+00:00,C7,303,324,-149.403853893,400,0.373509635
2020-01-01T16:00:00+00:00,C8,304,309,-72.462379919,175,0.414070742
2020-01-01T16:00:00+00:00,C9,305,310,-51.308022402,175,0.293188699
2020-01-01T16:00:00+00:00,CA-1,325,121,-459.167364506,500,0.918334729
2020-01-01T16:00:00+00:00,CB-1,318,223,-394.126293161,500,0.788252586
2020-01-01T17:00:00+00:00,A1,101,102,3.881638365,175,0.022180791
2020-01-01T17:00:00+00:00,A10,106,110,-5.630907842,175,0.032176616
2020-01-01T17:00:00+00:00,A11,107,108,-57.25785025,175,0.327187716
2020-01-01T17:00:00+00:00,A12-1,108,109,-68.929640963,175,0.393883663
2020-01-01T17:00:00+00:00,A13-2,108,110,-65.134369607,175,0.372196398
2020-01-01T17:00:00+00:00,A14,109,111,-40.878906336,400,0.102197266
2020-01-01T17:00:00+00:00,A15,109,112,-57.129181801,400,0.142822955
2020-01-01T17:00:00+00:00,A16,110,111,-48.827853037,400,0.122069633
2020-01-01T17:00:00+00:00,A17,110,112,-65.318280356,400,0.163295701
2020-01-01T17:00:00+00:00,A18,111,113,-41.222295378,500,0.082444591
2020-01-01T17:00:00+00:00,A19,111,114,-48.484463995,500,0.096968928
2020-01-01T17:00:00+00:00,A2,101,103,31.513814305,175,0.180078939
2020-01-01T17:00:00+00:00,A20,112,113,-11.931173853,500,0.023862348
2020-01-01T17:00:00+00:00,A21,112,123,-110.516288303,500,0.221032577
2020-01-01T17:00:00+00:00,A22,113,123,-116.636593339,500,0.233273187
2020-01-01T17:00:00+00:00,A23,114,116,-135.621277457,500,0.271242555
2020-01-01T17:00:00+00:00,A24,115,116,-9.712193773,500,0.019424388
2020-01-01T17:00:00+00:00,A25-1,115,121,-26.454747672,500,0.052909495
2020-01-01T17:00:00+00:00,A25-2,115,121,-26.454747672,500,0.052909495
2020-01-01T17:00:00+00:00,A26,115,124,75.238339284,500,0.150476679
2020-01-01T17:00:00+00:00,A27,116,117,-54.964074882,500,0.10992815
2020-01-01T17:00:00+00:00,A28,116,119,19.714720424,500,0.039429441
2020-01-01T17:00:00+00:00,A29,117,118,83.048118152,500,0.166096236
2020-01-01T17:00:00+00:00,A3,101,105,76.095393444,175,0.43483082
2020-01-01T17:00:00+00:00,A30,117,122,-138.012193034,500,0.276024386
2020-01-01T17:00:00+00:00,A31-1,118,121,-33.260886499,500,0.066521773
2020-01-01T17:00:00+00:00,A31-2,118,121,-33.260886499,500,0.066521773
2020-01-01T17:00:00+00:00,A32-1,119,120,-30.791514109,500,0.061583028
2020-01-01T17:00:00+00:00,A32-2,119,120,-30.791514109,500,0.061583028
2020-01-01T17:00:00+00:00,A33-1,120,123,-59.537679375,500,0.119075359
2020-01-01T17:00:00+00:00,A33-2,120,123,-59.537679375,500,0.119075359
2020-01-01T17:00:00+00:00,A34,121,122,-217.487806966,500,0.434975614
2020-01-01T17:00:00+00:00,A4,102,104,56.858538286,175,0.324905933
2020-01-01T17:00:00+00:00,A5,102,106,55.454693348,175,0.316883962
2020-01-01T17:00:00+00:00,A6,103,109,25.903563778,175,0.148020364
2020-01-01T17:00:00+00:00,A7,103,124,-75.238339284,400,0.188095848
2020-01-01T17:00:00+00:00,A8,104,109,23.620784697,175,0.134975913
2020-01-01T17:00:00+00:00,A9,105,110,44.205116352,175,0.252600665
2020-01-01T17:00:00+00:00,AB1,107,203,1.112996215,175,0.006359978
2020-01-01T17:00:00+00:00,AB2,113,215,44.456033553,500,0.088912067
2020-01-01T17:00:00+00:00,AB3,123,217,132.368759607,500,0.264737519
2020-01-01T17:00:00+00:00,B1,201,202,-18.979856354,175,0.108456322
2020-01-01T17:00:00+00:00,B10,206,210,-22.853592951,175,0.13059196
2020-01-01T17:00:00+00:00,B11,207,208,-61.801511096,175,0.353151492
2020-01-01T17:00:00+00:00,B12-1,208,209,-78.441066655,175,0.448234667
2020-01-01T17:00:00+00:00,B13-2,208,210,-67.904911621,175,0.388028066
2020-01-01T17:00:00+00:00,B14,209,211,-55.923241579,400,0.139808104
2020-01-01T17:00:00+00:00,B15,209,212,-66.240065978,400,0.165600165
2020-01-01T17:00:00+00:00,B16,210,211,-77.139859747,400,0.192849649
2020-01-01T17:00:00+00:00,B17,210,212,-87.609149531,400,0.219022874
2020-01-01T17:00:00+00:00,B18,211,213,-24.573645218,500,0.04914729
2020-01-01T17:00:00+00:00,B19,211,214,-108.489456108,500,0.216978912
2020-01-01T17:00:00+00:00,B2,201,203,1.960239859,175,0.011201371
2020-01-01T17:00:00+00:00,B20,212,213,-5.97756924,500,0.011955138
2020-01-01T17:00:00+00:00,B21,212,223,-147.871646269,500,0.295743293
2020-01-01T17:00:00+00:00,B22,213,223,-161.570417983,500,0.323140836
2020-01-01T17:00:00+00:00,B23,214,216,-204.40540133,500,0.408810803
2020-01-01T17:00:00+00:00,B24,215,216,28.353130686,500,0.056706261
2020-01-01T17:00:00+00:00,B25-1,215,221,-106.214659234,500,0.212429318
2020-01-01T17:00:00+00:00,B25-2,215,221,-106.214659234,500,0.212429318
2020-01-01T17:00:00+00:00,B26,215,224,125.503589194,500,0.251007178
2020-01-01T17:00:00+00:00,B27,216,217,-160.319274912,500,0.32063855
2020-01-01T17:00:00+00:00,B28,216,219,89.825795391,500,0.179651591
2020-01-01T17:00:00+00:00,B29,217,218,23.040353922,500,0.046080708
2020-01-01T17:00:00+00:00,B3,201,205,57.523110908,175,0.328703491
2020-01-01T17:00:00+00:00,B30,217,222,-50.990869228,500,0.101981738
2020-01-01T17:00:00+00:00,B31-1,218,221,-70.799435819,500,0.141598872
2020-01-01T17:00:00+00:00,B31-2,218,221,-70.799435819,500,0.141598872
2020-01-01T17:00:00+00:00,B32-1,219,220,0.168603662,500,0.000337207
2020-01-01T17:00:00+00:00,B32-2,219,220,0.168603662,500,0.000337207
2020-01-01T17:00:00+00:00,B33-1,220,223,-31.47377002,500,0.06294754
2020-01-01T17:00:00+00:00,B33-2,220,223,-31.47377002,500,0.06294754
2020-01-01T17:00:00+00:00,B34,221,222,-56.409130772,500,0.112818262
2020-01-01T17:00:00+00:00,B4,202,204,39.803719913,175,0.227449828
2020-01-01T17:00:00+00:00,B5,202,206,44.386451122,175,0.253636864
2020-01-01T17:00:00+00:00,B6,203,209,39.582649289,175,0.226186567
2020-01-01T17:00:00+00:00,B7,203,224,-125.503589194,400,0.313758973
2020-01-01T17:00:00+00:00,B8,204,209,3.217225344,175,0.018384145
2020-01-01T17:00:00+00:00,B9,205,210,22.419852605,175,0.128113443
2020-01-01T17:00:00+00:00,C1,301,302,28.76954437,175,0.164397396
2020-01-01T17:00:00+00:00,C10,306,310,-93.427648157,175,0.533872275
2020-01-01T17:00:00+00:00,C11,307,308,5.154381535,175,0.029453609
2020-01-01T17:00:00+00:00,C12-1,308,309,-167.429958251,175,0.956742619
2020-01-01T17:00:00+00:00,C13-2,308,310,-129.769299608,175,0.741538855
2020-01-01T17:00:00+00:00,C14,309,311,-120.038184275,400,0.300095461
2020-01-01T17:00:00+00:00,C15,309,312,-140.174130639,400,0.350435327
2020-01-01T17:00:00+00:00,C16,310,311,-194.695195632,400,0.486737989
2020-01-01T17:00:00+00:00,C17,310,312,-215.128717558,400,0.537821794
2020-01-01T17:00:00+00:00,C18,311,313,-183.353543748,500,0.366707087
2020-01-01T17:00:00+00:00,C19,311,314,-131.379836159,500,0.262759672
2020-01-01T17:00:00+00:00,C2,301,303,-90.016669391,175,0.514380968
2020-01-01T17:00:00+00:00,C20,312,313,-147.058500428,500,0.294117001
2020-01-01T17:00:00+00:00,C21,312,323,-208.244347768,500,0.416488696
2020-01-01T17:00:00+00:00,C22,313,323,-151.044755322,500,0.302089511
2020-01-01T17:00:00+00:00,C23,314,316,-259.956236017,500,0.519912472
2020-01-01T17:00:00+00:00,C24,315,316,-1.643108192,500,0.003286216
2020-01-01T17:00:00+00:00,C25-1,315,321,-192.970447913,500,0.385940896
2020-01-01T17:00:00+00:00,C25-2,315,321,-192.970447913,500,0.385940896
2020-01-01T17:00:00+00:00,C26,315,324,177.487515592,500,0.354975031
2020-01-01T17:00:00+00:00,C27,316,317,-338.902772292,500,0.677805545
2020-01-01T17:00:00+00:00,C28,316,319,66.026933311,500,0.132053867
2020-01-01T17:00:00+00:00,C29,317,318,-55.03602646,500,0.110072053
2020-01-01T17:00:00+00:00,C3,301,305,-10.331489332,175,0.059037082
2020-01-01T17:00:00+00:00,C30,317,322,-40.666745832,500,0.081333492
2020-01-01T17:00:00+00:00,C31-1,318,321,5.936820829,500,0.011873642
2020-01-01T17:00:00+00:00,C31-2,318,321,5.936820829,500,0.011873642
2020-01-01T17:00:00+00:00,C32-1,319,320,-26.966761113,500,0.053933522
2020-01-01T17:00:00+00:00,C32-2,319,320,-26.966761113,500,0.053933522
2020-01-01T17:00:00+00:00,C33-1,320,323,-69.383717767,500,0.138767436
2020-01-01T17:00:00+00:00,C33-2,320,323,-69.383717767,500,0.138767436
2020-01-01T17:00:00+00:00,C34,321,322,-53.733254168,500,0.107466508
2020-01-01T17:00:00+00:00,C35,323,325,-498.056538624,722,0.689829001
2020-01-01T17:00:00+00:00,C4,302,304,-32.227040292,175,0.184154516
2020-01-01T17:00:00+00:00,C5,302,306,-3.291615267,175,0.01880923
2020-01-01T17:00:00+00:00,C6,303,309,57.573155611,175,0.328989461
2020-01-01T17:00:00+00:00,C7,303,324,-177.487515592,400,0.443718789
2020-01-01T17:00:00+00:00,C8,304,309,-81.271646423,175,0.464409408
2020-01-01T17:00:00+00:00,C9,305,310,-57.38780062,175,0.327930289
2020-01-01T17:00:00+00:00,CA-1,325,121,-498.056538624,500,0.996113077
2020-01-01T17:00:00+00:00,CB-1,318,223,-287.610395709,500,0.575220791
2020-01-01T18:00:00+00:00,A1,101,102,1.010756914,175,0.005775754
2020-01-01T18:00:00+00:00,A10,106,110,-5.90308862,175,0.033731935
2020-01-01T18:00:00+00:00,A11,107,108,-58.701241496,175,0.335435666
2020-01-01T18:00:00+00:00,A12-1,108,109,-69.524751211,175,0.397284293
2020-01-01T18:00:00+00:00,A13-2,108,110,-65.136534805,175,0.37220877
2020-01-01T18:00:00+00:00,A14,109,111,-41.054397037,400,0.102635993
2020-01-01T18:00:00+00:00,A15,109,112,-55.198703102,400,0.137996758
2020-01-01T18:00:00+00:00,A16,110,111,-50.153438174,400,0.125383595
2020-01-01T18:00:00+00:00,A17,110,112,-64.506773392,400,0.161266933
2020-01-01T18:00:00+00:00,A18,111,113,-34.94115692,500,0.069882314
2020-01-01T18:00:00+00:00,A19,111,114,-56.266678291,500,0.112533357
2020-01-01T18:00:00+00:00,A2,101,103,28.474997013,175,0.162714269
2020-01-01T18:00:00+00:00,A20,112,113,-9.446045238,500,0.01889209
2020-01-01T18:00:00+00:00,A21,112,123,-110.259431256,500,0.220518863
2020-01-01T18:00:00+00:00,A22,113,123,-117.721317935,500,0.235442636
2020-01-01T18:00:00+00:00,A23,114,116,-142.443570904,500,0.284887142
2020-01-01T18:00:00+00:00,A24,115,116,2.482853053,500,0.004965706
2020-01-01T18:00:00+00:00,A25-1,115,121,-38.114010862,500,0.076228022
2020-01-01T18:00:00+00:00,A25-2,115,121,-38.114010862,500,0.076228022
2020-01-01T18:00:00+00:00,A26,115,124,79.950349297,500,0.159900699
2020-01-01T18:00:00+00:00,A27,116,117,-65.795805603,500,0.131591611
2020-01-01T18:00:00+00:00,A28,116,119,36.414009086,500,0.072828018
2020-01-01T18:00:00+00:00,A29,117,118,63.847570631,500,0.127695141
2020-01-01T18:00:00+00:00,A3,101,105,74.539481112,175,0.425939892
2020-01-01T18:00:00+00:00,A30,117,122,-129.643376234,500,0.259286752
2020-01-01T18:00:00+00:00,A31-1,118,121,-42.037310665,500,0.084074621
2020-01-01T18:00:00+00:00,A31-2,118,121,-42.037310665,500,0.084074621
2020-01-01T18:00:00+00:00,A32-1,119,120,-21.99407165,500,0.043988143
2020-01-01T18:00:00+00:00,A32-2,119,120,-21.99407165,500,0.043988143
2020-01-01T18:00:00+00:00,A33-1,120,123,-50.423561997,500,0.100847124
2020-01-01T18:00:00+00:00,A33-2,120,123,-50.423561997,500,0.100847124
2020-01-01T18:00:00+00:00,A34,121,122,-197.256623766,500,0.394513248
2020-01-01T18:00:00+00:00,A4,102,104,55.412732241,175,0.316644184
2020-01-01T18:00:00+00:00,A5,102,106,54.509578367,175,0.311483305
2020-01-01T18:00:00+00:00,A6,103,109,28.467404711,175,0.162670884
2020-01-01T18:00:00+00:00,A7,103,124,-79.950349297,400,0.199875873
2020-01-01T18:00:00+00:00,A8,104,109,22.541134028,175,0.12880648
2020-01-01T18:00:00+00:00,A9,105,110,43.000515259,175,0.24571723
2020-01-01T18:00:00+00:00,AB1,107,203,3.174893163,175,0.018142247
2020-01-01T18:00:00+00:00,AB2,113,215,55.61825731,500,0.111236515
2020-01-01T18:00:00+00:00,AB3,123,217,146.172126815,500,0.292344254
2020-01-01T18:00:00+00:00,B1,201,202,-23.130771257,175,0.132175836
2020-01-01T18:00:00+00:00,B10,206,210,-26.325862392,175,0.150433499
2020-01-01T18:00:00+00:00,B11,207,208,-62.64756807,175,0.357986103
2020-01-01T18:00:00+00:00,B12-1,208,209,-79.458429877,175,0.454048171
2020-01-01T18:00:00+00:00,B13-2,208,210,-68.891011313,175,0.393662922
2020-01-01T18:00:00+00:00,B14,209,211,-57.922512976,400,0.144806282
2020-01-01T18:00:00+00:00,B15,209,212,-74.376579124,400,0.185941448
2020-01-01T18:00:00+00:00,B16,210,211,-79.229179987,400,0.19807295
2020-01-01T18:00:00+00:00,B17,210,212,-95.926409675,400,0.239816024
2020-01-01T18:00:00+00:00,B18,211,213,-37.133021444,500,0.074266043
2020-01-01T18:00:00+00:00,B19,211,214,-100.018671518,500,0.200037343
2020-01-01T18:00:00+00:00,B2,201,203,0.927963547,175,0.005302649
2020-01-01T18:00:00+00:00,B20,212,213,-7.474567211,500,0.014949134
2020-01-01T18:00:00+00:00,B21,212,223,-162.828421588,500,0.325656843
2020-01-01T18:00:00+00:00,B22,213,223,-177.420432964,500,0.354840866
2020-01-01T18:00:00+00:00,B23,214,216,-197.247697163,500,0.394495394
2020-01-01T18:00:00+00:00,B24,215,216,-3.845646348,500,0.007691293
2020-01-01T18:00:00+00:00,B25-1,215,221,-96.3021197,500,0.192604239
2020-01-01T18:00:00+00:00,B25-2,215,221,-96.3021197,500,0.192604239
2020-01-01T18:00:00+00:00,B26,215,224,121.093910432,500,0.242187821
2020-01-01T18:00:00+00:00,B27,216,217,-135.808099477,500,0.271616199
2020-01-01T18:00:00+00:00,B28,216,219,39.596701509,500,0.079193403
2020-01-01T18:00:00+00:00,B29,217,218,38.784936535,500,0.077569873
2020-01-01T18:00:00+00:00,B3,201,205,53.375308897,175,0.305001765
2020-01-01T18:00:00+00:00,B30,217,222,-28.420909196,500,0.056841818
2020-01-01T18:00:00+00:00,B31-1,218,221,-64.054092402,500,0.128108185
2020-01-01T18:00:00+00:00,B31-2,218,221,-64.054092402,500,0.128108185
2020-01-01T18:00:00+00:00,B32-1,219,220,-25.558488528,500,0.051116977
2020-01-01T18:00:00+00:00,B32-2,219,220,-25.558488528,500,0.051116977
2020-01-01T18:00:00+00:00,B33-1,220,223,-57.63404338,500,0.115268087
2020-01-01T18:00:00+00:00,B33-2,220,223,-57.63404338,500,0.115268087
2020-01-01T18:00:00+00:00,B34,221,222,-27.379090804,500,0.054758182
2020-01-01T18:00:00+00:00,B4,202,204,36.969024252,175,0.211251567
2020-01-01T18:00:00+00:00,B5,202,206,41.834691668,175,0.239055381
2020-01-01T18:00:00+00:00,B6,203,209,34.98426912,175,0.199910109
2020-01-01T18:00:00+00:00,B7,203,224,-121.093910432,400,0.302734776
2020-01-01T18:00:00+00:00,B8,204,209,-0.118336045,175,0.000676206
2020-01-01T18:00:00+00:00,B9,205,210,17.791490233,175,0.101665658
2020-01-01T18:00:00+00:00,C1,301,302,30.688869888,175,0.175364971
2020-01-01T18:00:00+00:00,C10,306,310,-91.690791326,175,0.523947379
2020-01-01T18:00:00+00:00,C11,307,308,6.41980386,175,0.036684593
2020-01-01T18:00:00+00:00,C12-1,308,309,-164.353562527,175,0.939163214
2020-01-01T18:00:00+00:00,C13-2,308,310,-129.661675267,175,0.740923859
2020-01-01T18:00:00+00:00,C14,309,311,-125.91405392,400,0.314785135
2020-01-01T18:00:00+00:00,C15,309,312,-140.360294479,400,0.350900736
2020-01-01T18:00:00+00:00,C16,310,311,-194.9125656,400,0.487281414
2020-01-01T18:00:00+00:00,C17,310,312,-209.572297399,400,0.523930743
2020-01-01T18:00:00+00:00,C18,311,313,-173.382111421,500,0.346764223
2020-01-01T18:00:00+00:00,C19,311,314,-147.444508099,500,0.294889016
2020-01-01T18:00:00+00:00,C2,301,303,-91.644420334,175,0.523682402
2020-01-01T18:00:00+00:00,C20,312,313,-147.342762814,500,0.294685526
2020-01-01T18:00:00+00:00,C21,312,323,-202.589829064,500,0.405179658
2020-01-01T18:00:00+00:00,C22,313,323,-144.583457519,500,0.289166915
2020-01-01T18:00:00+00:00,C23,314,316,-274.056972508,500,0.548113945
2020-01-01T18:00:00+00:00,C24,315,316,1.320244711,500,0.002640489
2020-01-01T18:00:00+00:00,C25-1,315,321,-196.600157065,500,0.393200314
2020-01-01T18:00:00+00:00,C25-2,315,321,-196.600157065,500,0.393200314
2020-01-01T18:00:00+00:00,C26,315,324,184.992692007,500,0.369985384
2020-01-01T18:00:00+00:00,C27,316,317,-394.886435439,500,0.789772871
2020-01-01T18:00:00+00:00,C28,316,319,111.88555073,500,0.223771101
2020-01-01T18:00:00+00:00,C29,317,318,28.822261294,500,0.057644523
2020-01-01T18:00:00+00:00,C3,301,305,-9.529739019,175,0.054455652
2020-01-01T18:00:00+00:00,C30,317,322,-48.508696733,500,0.097017393
2020-01-01T18:00:00+00:00,C31-1,318,321,7.987838732,500,0.015975677
2020-01-01T18:00:00+00:00,C31-2,318,321,7.987838732,500,0.015975677
2020-01-01T18:00:00+00:00,C32-1,319,320,-3.121286641,500,0.006242573
2020-01-01T18:00:00+00:00,C32-2,319,320,-3.121286641,500,0.006242573
2020-01-01T18:00:00+00:00,C33-1,320,323,-44.890347065,500,0.089780694
2020-01-01T18:00:00+00:00,C33-2,320,323,-44.890347065,500,0.089780694
2020-01-01T18:00:00+00:00,C34,321,322,-83.891303267,500,0.167782607
2020-01-01T18:00:00+00:00,C35,323,325,-436.953980713,722,0.605199419
2020-01-01T18:00:00+00:00,C4,302,304,-29.685824392,175,0.169633282
2020-01-01T18:00:00+00:00,C5,302,306,-2.931537925,175,0.016751645
2020-01-01T18:00:00+00:00,C6,303,309,66.272789231,175,0.378701653
2020-01-01T18:00:00+00:00,C7,303,324,-184.992692007,400,0.46248173
2020-01-01T18:00:00+00:00,C8,304,309,-77.981300507,175,0.445607431
2020-01-01T18:00:00+00:00,C9,305,310,-55.867290427,175,0.31924166
2020-01-01T18:00:00+00:00,CA-1,325,121,-436.953980713,500,0.873907961
2020-01-01T18:00:00+00:00,CB-1,318,223,-204.483058687,500,0.408966117
2020-01-01T19:00:00+00:00,A1,101,102,1.322067907,175,0.007554674
2020-01-01T19:00:00+00:00,A10,106,110,-4.413600634,175,0.025220575
2020-01-01T19:00:00+00:00,A11,107,108,-62.84845002,175,0.359134
2020-01-01T19:00:00+00:00,A12-1,108,109,-71.002939474,175,0.405731083
2020-01-01T19:00:00+00:00,A13-2,108,110,-66.557534305,175,0.380328767
2020-01-01T19:00:00+00:00,A14,109,111,-40.452390335,400,0.101130976
2020-01-01T19:00:00+00:00,A15,109,112,-52.775920089,400,0.1319398
2020-01-01T19:00:00+00:00,A16,110,111,-49.653209766,400,0.124133024
2020-01-01T19:00:00+00:00,A17,110,112,-62.158860649,400,0.155397152
2020-01-01T19:00:00+00:00,A18,111,113,-28.060808804,500,0.056121618
2020-01-01T19:00:00+00:00,A19,111,114,-62.044791297,500,0.124089583
2020-01-01T19:00:00+00:00,A2,101,103,28.113622619,175,0.160649272
2020-01-01T19:00:00+00:00,A20,112,113,-5.847646422,500,0.011695293
2020-01-01T19:00:00+00:00,A21,112,123,-109.087134316,500,0.218174269
2020-01-01T19:00:00+00:00,A22,113,123,-118.399597706,500,0.236799195
2020-01-01T19:00:00+00:00,A23,114,116,-146.805800709,500,0.293611601
2020-01-01T19:00:00+00:00,A24,115,116,1.053106498,500,0.002106213
2020-01-01T19:00:00+00:00,A25-1,115,121,-48.357851612,500,0.096715703
2020-01-01T19:00:00+00:00,A25-2,115,121,-48.357851612,500,0.096715703
2020-01-01T19:00:00+00:00,A26,115,124,81.161359696,500,0.162322719
2020-01-01T19:00:00+00:00,A27,116,117,-84.192601489,500,0.168385203
2020-01-01T19:00:00+00:00,A28,116,119,49.748665313,500,0.099497331
2020-01-01T19:00:00+00:00,A29,117,118,62.702369035,500,0.125404738
2020-01-01T19:00:00+00:00,A3,101,105,75.377768151,175,0.430730104
2020-01-01T19:00:00+00:00,A30,117,122,-146.894970524,500,0.293789941
2020-01-01T19:00:00+00:00,A31-1,118,121,-41.394733354,500,0.082789467
2020-01-01T19:00:00+00:00,A31-2,118,121,-41.394733354,500,0.082789467
2020-01-01T19:00:00+00:00,A32-1,119,120,-14.666241322,500,0.029332483
2020-01-01T19:00:00+00:00,A32-2,119,120,-14.666241322,500,0.029332483
2020-01-01T19:00:00+00:00,A33-1,120,123,-42.628636179,500,0.085257272
2020-01-01T19:00:00+00:00,A33-2,120,123,-42.628636179,500,0.085257272
2020-01-01T19:00:00+00:00,A34,121,122,-223.905029476,500,0.447810059
2020-01-01T19:00:00+00:00,A4,102,104,55.935074763,175,0.319628999
2020-01-01T19:00:00+00:00,A5,102,106,55.006488438,175,0.314322791
2020-01-01T19:00:00+00:00,A6,103,109,30.630746779,175,0.175032839
2020-01-01T19:00:00+00:00,A7,103,124,-81.161359696,400,0.202903399
2020-01-01T19:00:00+00:00,A8,104,109,23.603555709,175,0.134877461
2020-01-01T19:00:00+00:00,A9,105,110,44.356986356,175,0.253468493
2020-01-01T19:00:00+00:00,AB1,107,203,8.234397563,175,0.0470537
2020-01-01T19:00:00+00:00,AB2,113,215,68.709351272,500,0.137418703
2020-01-01T19:00:00+00:00,AB3,123,217,161.25599562,500,0.322511991
2020-01-01T19:00:00+00:00,B1,201,202,-9.876311143,175,0.056436064
2020-01-01T19:00:00+00:00,B10,206,210,-32.219149496,175,0.184109426
2020-01-01T19:00:00+00:00,B11,207,208,-61.703132368,175,0.352589328
2020-01-01T19:00:00+00:00,B12-1,208,209,-78.863227087,175,0.450647012
2020-01-01T19:00:00+00:00,B13-2,208,210,-67.249790362,175,0.384284516
2020-01-01T19:00:00+00:00,B14,209,211,-60.213233219,400,0.150533083
2020-01-01T19:00:00+00:00,B15,209,212,-79.134530824,400,0.197836327
2020-01-01T19:00:00+00:00,B16,210,211,-83.578067061,400,0.208945168
2020-01-01T19:00:00+00:00,B17,210,212,-102.778989755,400,0.256947474
2020-01-01T19:00:00+00:00,B18,211,213,-44.443868322,500,0.088887737
2020-01-01T19:00:00+00:00,B19,211,214,-99.347431958,500,0.198694864
2020-01-01T19:00:00+00:00,B2,201,203,-6.325187214,175,0.036143927
2020-01-01T19:00:00+00:00,B20,212,213,-10.338229388,500,0.020676459
2020-01-01T19:00:00+00:00,B21,212,223,-171.575291191,500,0.343150582
2020-01-01T19:00:00+00:00,B22,213,223,-185.592738332,500,0.371185477
2020-01-01T19:00:00+00:00,B23,214,216,-195.110693393,500,0.390221387
2020-01-01T19:00:00+00:00,B24,215,216,-18.053730956,500,0.036107462
2020-01-01T19:00:00+00:00,B25-1,215,221,-80.962965747,500,0.161925931
2020-01-01T19:00:00+00:00,B25-2,215,221,-80.962965747,500,0.161925931
2020-01-01T19:00:00+00:00,B26,215,224,120.709870036,500,0.24141974
2020-01-01T19:00:00+00:00,B27,216,217,-123.619586297,500,0.247239173
2020-01-01T19:00:00+00:00,B28,216,219,16.092656053,500,0.032185312
2020-01-01T19:00:00+00:00,B29,217,218,62.620008465,500,0.125240017
2020-01-01T19:00:00+00:00,B3,201,205,44.416148722,175,0.253806564
2020-01-01T19:00:00+00:00,B30,217,222,-24.983599142,500,0.049967198
2020-01-01T19:00:00+00:00,B31-1,218,221,-50.878568082,500,0.101757136
2020-01-01T19:00:00+00:00,B31-2,218,221,-50.878568082,500,0.101757136
2020-01-01T19:00:00+00:00,B32-1,219,220,-36.626739808,500,0.07325348
2020-01-01T19:00:00+00:00,B32-2,219,220,-36.626739808,500,0.07325348
2020-01-01T19:00:00+00:00,B33-1,220,223,-68.218743581,500,0.136437487
2020-01-01T19:00:00+00:00,B33-2,220,223,-68.218743581,500,0.136437487
2020-01-01T19:00:00+00:00,B34,221,222,-32.016400858,500,0.064032802
2020-01-01T19:00:00+00:00,B4,202,204,28.661532947,175,0.163780188
2020-01-01T19:00:00+00:00,B5,202,206,34.91385852,175,0.199507763
2020-01-01T19:00:00+00:00,B6,203,209,33.766569775,175,0.192951827
2020-01-01T19:00:00+00:00,B7,203,224,-120.709870036,400,0.301774675
2020-01-01T19:00:00+00:00,B8,204,209,-7.866721415,175,0.044952694
2020-01-01T19:00:00+00:00,B9,205,210,9.368769537,175,0.053535826
2020-01-01T19:00:00+00:00,C1,301,302,32.618274482,175,0.18639014
2020-01-01T19:00:00+00:00,C10,306,310,-86.525615667,175,0.49443209
2020-01-01T19:00:00+00:00,C11,307,308,-17.797360144,175,0.101699201
2020-01-01T19:00:00+00:00,C12-1,308,309,-175,175,1
2020-01-01T19:00:00+00:00,C13-2,308,310,-139.535173877,175,0.797343851
2020-01-01T19:00:00+00:00,C14,309,311,-124.963100666,400,0.312407752
2020-01-01T19:00:00+00:00,C15,309,312,-133.694818782,400,0.334237047
2020-01-01T19:00:00+00:00,C16,310,311,-195.443394087,400,0.488608485
2020-01-01T19:00:00+00:00,C17,310,312,-204.304152372,400,0.510760381
2020-01-01T19:00:00+00:00,C18,311,313,-131.826277074,500,0.263652554
2020-01-01T19:00:00+00:00,C19,311,314,-188.580217679,500,0.377160435
2020-01-01T19:00:00+00:00,C2,301,303,-94.796433764,175,0.541693907
2020-01-01T19:00:00+00:00,C20,312,313,-116.087355171,500,0.23217471
2020-01-01T19:00:00+00:00,C21,312,323,-221.911615982,500,0.443823232
2020-01-01T19:00:00+00:00,C22,313,323,-183.370502323,500,0.366741005
2020-01-01T19:00:00+00:00,C23,314,316,-310.927259771,500,0.62185452
2020-01-01T19:00:00+00:00,C24,315,316,9.477465152,500,0.01895493
2020-01-01T19:00:00+00:00,C25-1,315,321,-206.89159674,500,0.413783193
2020-01-01T19:00:00+00:00,C25-2,315,321,-206.89159674,500,0.413783193
2020-01-01T19:00:00+00:00,C26,315,324,204.388138932,500,0.408776278
2020-01-01T19:00:00+00:00,C27,316,317,-496.26988954,500,0.992539779
2020-01-01T19:00:00+00:00,C28,316,319,155.754609308,500,0.311509219
2020-01-01T19:00:00+00:00,C29,317,318,117.451428493,500,0.234902857
2020-01-01T19:00:00+00:00,C3,301,305,-5.932565181,175,0.033900372
2020-01-01T19:00:00+00:00,C30,317,322,-45.321318034,500,0.090642636
2020-01-01T19:00:00+00:00,C31-1,318,321,36.918922357,500,0.073837845
2020-01-01T19:00:00+00:00,C31-2,318,321,36.918922357,500,0.073837845
2020-01-01T19:00:00+00:00,C32-1,319,320,20.803040173,500,0.04160608
2020-01-01T19:00:00+00:00,C32-2,319,320,20.803040173,500,0.04160608
2020-01-01T19:00:00+00:00,C33-1,320,323,-19.55887062,500,0.039117741
2020-01-01T19:00:00+00:00,C33-2,320,323,-19.55887062,500,0.039117741
2020-01-01T19:00:00+00:00,C34,321,322,-108.278681966,500,0.216557364
2020-01-01T19:00:00+00:00,C35,323,325,-444.399859545,722,0.615512271
2020-01-01T19:00:00+00:00,C4,302,304,-27.798691332,175,0.158849665
2020-01-01T19:00:00+00:00,C5,302,306,-0.756555232,175,0.004323173
2020-01-01T19:00:00+00:00,C6,303,309,77.173831063,175,0.44099332
2020-01-01T19:00:00+00:00,C7,303,324,-204.388138932,400,0.510970347
2020-01-01T19:00:00+00:00,C8,304,309,-74.467150686,175,0.425526575
2020-01-01T19:00:00+00:00,C9,305,310,-50.709059967,175,0.289766057
2020-01-01T19:00:00+00:00,CA-1,325,121,-444.399859545,500,0.888799719
2020-01-01T19:00:00+00:00,CB-1,318,223,-166.394483315,500,0.332788967
2020-01-01T20:00:00+00:00,A1,101,102,1.948714981,175,0.011135514
2020-01-01T20:00:00+00:00,A10,106,110,-1.496596424,175,0.00855198
2020-01-01T20:00:00+00:00,A11,107,108,-70.730636507,175,0.404175066
2020-01-01T20:00:00+00:00,A12-1,108,109,-73.789766442,175,0.421655808
2020-01-01T20:00:00+00:00,A13-2,108,110,-69.220310945,175,0.395544634
2020-01-01T20:00:00+00:00,A14,109,111,-37.736225431,400,0.094340564
2020-01-01T20:00:00+00:00,A15,109,112,-49.407928576,400,0.123519821
2020-01-01T20:00:00+00:00,A16,110,111,-47.136973742,400,0.117842434
2020-01-01T20:00:00+00:00,A17,110,112,-58.981165111,400,0.147452913
2020-01-01T20:00:00+00:00,A18,111,113,-23.16029256,500,0.046320585
2020-01-01T20:00:00+00:00,A19,111,114,-61.712906614,500,0.123425813
2020-01-01T20:00:00+00:00,A2,101,103,27.367657502,175,0.156386614
2020-01-01T20:00:00+00:00,A20,112,113,-2.122047642,500,0.004244095
2020-01-01T20:00:00+00:00,A21,112,123,-106.267046045,500,0.212534092
2020-01-01T20:00:00+00:00,A22,113,123,-117.310864133,500,0.234621728
2020-01-01T20:00:00+00:00,A23,114,116,-143.714143636,500,0.287428287
2020-01-01T20:00:00+00:00,A24,115,116,76.662764568,500,0.153325529
2020-01-01T20:00:00+00:00,A25-1,115,121,-85.152887151,500,0.170305774
2020-01-01T20:00:00+00:00,A25-2,115,121,-85.152887151,500,0.170305774
2020-01-01T20:00:00+00:00,A26,115,124,83.651297694,500,0.167302595
2020-01-01T20:00:00+00:00,A27,116,117,-159.693685728,500,0.319387371
2020-01-01T20:00:00+00:00,A28,116,119,50.373627783,500,0.100747256
2020-01-01T20:00:00+00:00,A29,117,118,18.744017388,500,0.037488035
2020-01-01T20:00:00+00:00,A3,101,105,77.03345433,175,0.440191168
2020-01-01T20:00:00+00:00,A30,117,122,-178.437703116,500,0.356875406
2020-01-01T20:00:00+00:00,A31-1,118,121,-61.005341637,500,0.122010683
2020-01-01T20:00:00+00:00,A31-2,118,121,-61.005341637,500,0.122010683
2020-01-01T20:00:00+00:00,A32-1,119,120,-13.066340492,500,0.026132681
2020-01-01T20:00:00+00:00,A32-2,119,120,-13.066340492,500,0.026132681
2020-01-01T20:00:00+00:00,A33-1,120,123,-40.118294974,500,0.08023659
2020-01-01T20:00:00+00:00,A33-2,120,123,-40.118294974,500,0.08023659
2020-01-01T20:00:00+00:00,A34,121,122,-256.062296884,500,0.512124594
2020-01-01T20:00:00+00:00,A4,102,104,56.959289621,175,0.325481655
2020-01-01T20:00:00+00:00,A5,102,106,55.988806849,175,0.319936039
2020-01-01T20:00:00+00:00,A6,103,109,34.935333217,175,0.199630476
2020-01-01T20:00:00+00:00,A7,103,124,-83.651297694,400,0.209128244
2020-01-01T20:00:00+00:00,A8,104,109,25.680467252,175,0.146745527
2020-01-01T20:00:00+00:00,A9,105,110,47.022692327,175,0.268701099
2020-01-01T20:00:00+00:00,AB1,107,203,17.89478791,175,0.102255931
2020-01-01T20:00:00+00:00,AB2,113,215,80.016524907,500,0.16003305
2020-01-01T20:00:00+00:00,AB3,123,217,170.185499875,500,0.340371
2020-01-01T20:00:00+00:00,B1,201,202,-40.079832098,175,0.229027612
2020-01-01T20:00:00+00:00,B10,206,210,-43.261508539,175,0.24720862
2020-01-01T20:00:00+00:00,B11,207,208,-60.14874864,175,0.343707135
2020-01-01T20:00:00+00:00,B12-1,208,209,-78.66772754,175,0.449529872
2020-01-01T20:00:00+00:00,B13-2,208,210,-63.76450924,175,0.364368624
2020-01-01T20:00:00+00:00,B14,209,211,-65.534541957,400,0.163836355
2020-01-01T20:00:00+00:00,B15,209,212,-86.067206118,400,0.215168015
2020-01-01T20:00:00+00:00,B16,210,211,-95.344588198,400,0.23836147
2020-01-01T20:00:00+00:00,B17,210,212,-116.180690745,400,0.290451727
2020-01-01T20:00:00+00:00,B18,211,213,-53.638120047,500,0.10727624
2020-01-01T20:00:00+00:00,B19,211,214,-107.241010108,500,0.21448202
2020-01-01T20:00:00+00:00,B2,201,203,-26.08596267,175,0.149062644
2020-01-01T20:00:00+00:00,B20,212,213,-16.627992898,500,0.033255986
2020-01-01T20:00:00+00:00,B21,212,223,-185.619903965,500,0.371239808
2020-01-01T20:00:00+00:00,B22,213,223,-197.781460063,500,0.39556292
2020-01-01T20:00:00+00:00,B23,214,216,-200.591867998,500,0.401183736
2020-01-01T20:00:00+00:00,B24,215,216,-9.358610246,500,0.01871722
2020-01-01T20:00:00+00:00,B25-1,215,221,-82.276004327,500,0.164552009
2020-01-01T20:00:00+00:00,B25-2,215,221,-82.276004327,500,0.164552009
2020-01-01T20:00:00+00:00,B26,215,224,129.289917255,500,0.258579835
2020-01-01T20:00:00+00:00,B27,216,217,-132.863891642,500,0.265727783
2020-01-01T20:00:00+00:00,B28,216,219,-1.205585513,500,0.002411171
2020-01-01T20:00:00+00:00,B29,217,218,61.670548435,500,0.123341097
2020-01-01T20:00:00+00:00,B3,201,205,23.497275943,175,0.134270148
2020-01-01T20:00:00+00:00,B30,217,222,-24.348940203,500,0.04869788
2020-01-01T20:00:00+00:00,B31-1,218,221,-49.282858971,500,0.098565718
2020-01-01T20:00:00+00:00,B31-2,218,221,-49.282858971,500,0.098565718
2020-01-01T20:00:00+00:00,B32-1,219,220,-44.150486772,500,0.088300974
2020-01-01T20:00:00+00:00,B32-2,219,220,-44.150486772,500,0.088300974
2020-01-01T20:00:00+00:00,B33-1,220,223,-74.946646076,500,0.149893292
2020-01-01T20:00:00+00:00,B33-2,220,223,-74.946646076,500,0.149893292
2020-01-01T20:00:00+00:00,B34,221,222,-31.451059797,500,0.06290212
2020-01-01T20:00:00+00:00,B4,202,204,12.397742304,175,0.070844242
2020-01-01T20:00:00+00:00,B5,202,206,22.180329981,175,0.126744743
2020-01-01T20:00:00+00:00,B6,203,209,34.484544453,175,0.19705454
2020-01-01T20:00:00+00:00,B7,203,224,-129.289917255,400,0.323224793
2020-01-01T20:00:00+00:00,B8,204,209,-23.210316891,175,0.132630382
2020-01-01T20:00:00+00:00,B9,205,210,-10.667213285,175,0.060955504
2020-01-01T20:00:00+00:00,C1,301,302,39.376714367,175,0.225009796
2020-01-01T20:00:00+00:00,C10,306,310,-77.33422213,175,0.441909841
2020-01-01T20:00:00+00:00,C11,307,308,-20.253084474,175,0.115731911
2020-01-01T20:00:00+00:00,C12-1,308,309,-175,175,1
2020-01-01T20:00:00+00:00,C13-2,308,310,-137.2409707,175,0.784234118
2020-01-01T20:00:00+00:00,C14,309,311,-108.530401579,400,0.271326004
2020-01-01T20:00:00+00:00,C15,309,312,-114.04642488,400,0.285116062
2020-01-01T20:00:00+00:00,C16,310,311,-183.20771967,400,0.458019299
2020-01-01T20:00:00+00:00,C17,310,312,-188.805260557,400,0.472013151
2020-01-01T20:00:00+00:00,C18,311,313,-118.992555558,500,0.237985111
2020-01-01T20:00:00+00:00,C19,311,314,-172.745565691,500,0.345491131
2020-01-01T20:00:00+00:00,C2,301,303,-107.096155716,175,0.611978033
2020-01-01T20:00:00+00:00,C20,312,313,-109.049923557,500,0.218099847
2020-01-01T20:00:00+00:00,C21,312,323,-193.801761881,500,0.387603524
2020-01-01T20:00:00+00:00,C22,313,323,-155.912351399,500,0.311824703
2020-01-01T20:00:00+00:00,C23,314,316,-289.538352794,500,0.579076706
2020-01-01T20:00:00+00:00,C24,315,316,15.610165799,500,0.031220332
2020-01-01T20:00:00+00:00,C25-1,315,321,-179.434163103,500,0.358868326
2020-01-01T20:00:00+00:00,C25-2,315,321,-179.434163103,500,0.358868326
2020-01-01T20:00:00+00:00,C26,315,324,152.416338182,500,0.304832676
2020-01-01T20:00:00+00:00,C27,316,317,-482.124553364,500,0.964249107
2020-01-01T20:00:00+00:00,C28,316,319,171.993898791,500,0.343987798
2020-01-01T20:00:00+00:00,C29,317,318,198.021738099,500,0.396043476
2020-01-01T20:00:00+00:00,C3,301,305,2.700776363,175,0.015433008
2020-01-01T20:00:00+00:00,C30,317,322,-44.046291463,500,0.088092583
2020-01-01T20:00:00+00:00,C31-1,318,321,27.12643244,500,0.054252865
2020-01-01T20:00:00+00:00,C31-2,318,321,27.12643244,500,0.054252865
2020-01-01T20:00:00+00:00,C32-1,319,320,31.513716236,500,0.063027432
2020-01-01T20:00:00+00:00,C32-2,319,320,31.513716236,500,0.063027432
2020-01-01T20:00:00+00:00,C33-1,320,323,-7.015863014,500,0.014031726
2020-01-01T20:00:00+00:00,C33-2,320,323,-7.015863014,500,0.014031726
2020-01-01T20:00:00+00:00,C34,321,322,-119.153708537,500,0.238307417
2020-01-01T20:00:00+00:00,C35,323,325,-363.745839308,722,0.503803102
2020-01-01T20:00:00+00:00,C4,302,304,-23.560812962,175,0.134633217
2020-01-01T20:00:00+00:00,C5,302,306,4.541133778,175,0.025949336
2020-01-01T20:00:00+00:00,C6,303,309,109.855740824,175,0.62774709
2020-01-01T20:00:00+00:00,C7,303,324,-152.416338182,400,0.381040845
2020-01-01T20:00:00+00:00,C8,304,309,-68.11063897,175,0.389203651
2020-01-01T20:00:00+00:00,C9,305,310,-40.042975618,175,0.228817004
2020-01-01T20:00:00+00:00,CA-1,325,121,-363.745839308,500,0.727491679
2020-01-01T20:00:00+00:00,CB-1,318,223,-56.70534382,500,0.113410688
2020-01-01T21:00:00+00:00,A1,101,102,3.559683023,175,0.020341046
2020-01-01T21:00:00+00:00,A10,106,110,4.966730214,175,0.028381316
2020-01-01T21:00:00+00:00,A11,107,108,-51.692582535,175,0.295386186
2020-01-01T21:00:00+00:00,A12-1,108,109,-61.896608599,175,0.353694906
2020-01-01T21:00:00+00:00,A13-2,108,110,-56.850649856,175,0.324860856
2020-01-01T21:00:00+00:00,A14,109,111,-30.08596262,400,0.075214907
2020-01-01T21:00:00+00:00,A15,109,112,-24.861990886,400,0.062154977
2020-01-01T21:00:00+00:00,A16,110,111,-40.295809036,400,0.100739523
2020-01-01T21:00:00+00:00,A17,110,112,-34.994635749,400,0.087486589
2020-01-01T21:00:00+00:00,A18,111,113,9.695382476,500,0.019390765
2020-01-01T21:00:00+00:00,A19,111,114,-80.077154131,500,0.160154308
2020-01-01T21:00:00+00:00,A2,101,103,25.189246832,175,0.143938553
2020-01-01T21:00:00+00:00,A20,112,113,0.279173425,500,0.000558347
2020-01-01T21:00:00+00:00,A21,112,123,-60.13580006,500,0.1202716
2020-01-01T21:00:00+00:00,A22,113,123,-67.201987704,500,0.134403975
2020-01-01T21:00:00+00:00,A23,114,116,-156.150880029,500,0.31230176
2020-01-01T21:00:00+00:00,A24,115,116,157.445121671,500,0.314890243
2020-01-01T21:00:00+00:00,A25-1,115,121,-124.25470004,500,0.2485094
2020-01-01T21:00:00+00:00,A25-2,115,121,-124.25470004,500,0.2485094
2020-01-01T21:00:00+00:00,A26,115,124,90.758241762,500,0.181516484
2020-01-01T21:00:00+00:00,A27,116,117,-222.128770934,500,0.444257542
2020-01-01T21:00:00+00:00,A28,116,119,184.209751804,500,0.368419504
2020-01-01T21:00:00+00:00,A29,117,118,-47.857676564,500,0.095715353
2020-01-01T21:00:00+00:00,A3,101,105,80.900748511,175,0.462289991
2020-01-01T21:00:00+00:00,A30,117,122,-174.27109437,500,0.348542189
2020-01-01T21:00:00+00:00,A31-1,118,121,-89.218917467,500,0.178437835
2020-01-01T21:00:00+00:00,A31-2,118,121,-89.218917467,500,0.178437835
2020-01-01T21:00:00+00:00,A32-1,119,120,56.616874903,500,0.11323375
2020-01-01T21:00:00+00:00,A32-2,119,120,56.616874903,500,0.11323375
2020-01-01T21:00:00+00:00,A33-1,120,123,31.520388009,500,0.063040776
2020-01-01T21:00:00+00:00,A33-2,120,123,31.520388009,500,0.063040776
2020-01-01T21:00:00+00:00,A34,121,122,-225.12890563,500,0.450257811
2020-01-01T21:00:00+00:00,A4,102,104,59.22605521,175,0.338434601
2020-01-01T21:00:00+00:00,A5,102,106,58.296764864,175,0.333124371
2020-01-01T21:00:00+00:00,A6,103,109,45.363619204,175,0.259220681
2020-01-01T21:00:00+00:00,A7,103,124,-90.758241762,400,0.226895604
2020-01-01T21:00:00+00:00,A8,104,109,30.208242239,175,0.172618527
2020-01-01T21:00:00+00:00,A9,105,110,53.059333363,175,0.303196191
2020-01-01T21:00:00+00:00,AB1,107,203,2.67600657,175,0.015291466
2020-01-01T21:00:00+00:00,AB2,113,215,13.645122236,500,0.027290244
2020-01-01T21:00:00+00:00,AB3,123,217,59.702988255,500,0.119405977
2020-01-01T21:00:00+00:00,B1,201,202,-45.141543036,175,0.257951674
2020-01-01T21:00:00+00:00,B10,206,210,-42.175974049,175,0.241005566
2020-01-01T21:00:00+00:00,B11,207,208,-56.882575175,175,0.325043287
2020-01-01T21:00:00+00:00,B12-1,208,209,-72.997273748,175,0.417127279
2020-01-01T21:00:00+00:00,B13-2,208,210,-61.700664267,175,0.352575224
2020-01-01T21:00:00+00:00,B14,209,211,-63.010143633,400,0.157525359
2020-01-01T21:00:00+00:00,B15,209,212,-96.050661704,400,0.240126654
2020-01-01T21:00:00+00:00,B16,210,211,-85.80316903,400,0.214507923
2020-01-01T21:00:00+00:00,B17,210,212,-119.33197062,400,0.298329927
2020-01-01T21:00:00+00:00,B18,211,213,-75.917169333,500,0.151834339
2020-01-01T21:00:00+00:00,B19,211,214,-72.896143331,500,0.145792287
2020-01-01T21:00:00+00:00,B2,201,203,-14.492620555,175,0.082814975
2020-01-01T21:00:00+00:00,B20,212,213,-16.361635509,500,0.032723271
2020-01-01T21:00:00+00:00,B21,212,223,-199.020996815,500,0.398041994
2020-01-01T21:00:00+00:00,B22,213,223,-212.869864214,500,0.425739728
2020-01-01T21:00:00+00:00,B23,214,216,-161.177900003,500,0.3223558
2020-01-01T21:00:00+00:00,B24,215,216,-78.672353939,500,0.157344708
2020-01-01T21:00:00+00:00,B25-1,215,221,-66.336085327,500,0.132672171
2020-01-01T21:00:00+00:00,B25-2,215,221,-66.336085327,500,0.132672171
2020-01-01T21:00:00+00:00,B26,215,224,108.635436184,500,0.217270872
2020-01-01T21:00:00+00:00,B27,216,217,-42.865613466,500,0.085731227
2020-01-01T21:00:00+00:00,B28,216,219,-118.490700616,500,0.236981401
2020-01-01T21:00:00+00:00,B29,217,218,43.386115909,500,0.086772232
2020-01-01T21:00:00+00:00,B3,201,205,19.787618639,175,0.113072107
2020-01-01T21:00:00+00:00,B30,217,222,-26.548741121,500,0.053097482
2020-01-01T21:00:00+00:00,B31-1,218,221,-54.074532179,500,0.108149064
2020-01-01T21:00:00+00:00,B31-2,218,221,-54.074532179,500,0.108149064
2020-01-01T21:00:00+00:00,B32-1,219,220,-100.428334735,500,0.200856669
2020-01-01T21:00:00+00:00,B32-2,219,220,-100.428334735,500,0.200856669
2020-01-01T21:00:00+00:00,B33-1,220,223,-129.552213225,500,0.259104426
2020-01-01T21:00:00+00:00,B33-2,220,223,-129.552213225,500,0.259104426
2020-01-01T21:00:00+00:00,B34,221,222,-29.251258879,500,0.058502518
2020-01-01T21:00:00+00:00,B4,202,204,12.338644214,175,0.070506538
2020-01-01T21:00:00+00:00,B5,202,206,19.712267742,175,0.11264153
2020-01-01T21:00:00+00:00,B6,203,209,14.907913946,175,0.08518808
2020-01-01T21:00:00+00:00,B7,203,224,-108.635436184,400,0.27158859
2020-01-01T21:00:00+00:00,B8,204,209,-21.33584029,175,0.121919087
2020-01-01T21:00:00+00:00,B9,205,210,-12.521684061,175,0.07155248
2020-01-01T21:00:00+00:00,C1,301,302,51.689461639,175,0.295368352
2020-01-01T21:00:00+00:00,C10,306,310,-62.416271095,175,0.356664406
2020-01-01T21:00:00+00:00,C11,307,308,-21.974646525,175,0.125569409
2020-01-01T21:00:00+00:00,C12-1,308,309,-175,175,1
2020-01-01T21:00:00+00:00,C13-2,308,310,-131.973453599,175,0.754134021
2020-01-01T21:00:00+00:00,C14,309,311,-79.705891207,400,0.199264728
2020-01-01T21:00:00+00:00,C15,309,312,-77.29433184,400,0.19323583
2020-01-01T21:00:00+00:00,C16,310,311,-164.151229926,400,0.410378075
2020-01-01T21:00:00+00:00,C17,310,312,-161.70403175,400,0.404260079
2020-01-01T21:00:00+00:00,C18,311,313,-92.076282443,500,0.184152565
2020-01-01T21:00:00+00:00,C19,311,314,-151.78083869,500,0.303561677
2020-01-01T21:00:00+00:00,C2,301,303,-130.414054356,175,0.745223168
2020-01-01T21:00:00+00:00,C20,312,313,-96.423118203,500,0.192846236
2020-01-01T21:00:00+00:00,C21,312,323,-142.575245386,500,0.285150491
2020-01-01T21:00:00+00:00,C22,313,323,-105.764242859,500,0.211528486
2020-01-01T21:00:00+00:00,C23,314,316,-260.809943401,500,0.521619887
2020-01-01T21:00:00+00:00,C24,315,316,81.211809711,500,0.162423619
2020-01-01T21:00:00+00:00,C25-1,315,321,-166.161741545,500,0.332323483
2020-01-01T21:00:00+00:00,C25-2,315,321,-166.161741545,500,0.332323483
2020-01-01T21:00:00+00:00,C26,315,324,72.955868259,500,0.145911737
2020-01-01T21:00:00+00:00,C27,316,317,-500,500,1
2020-01-01T21:00:00+00:00,C28,316,319,223.817577195,500,0.447635154
2020-01-01T21:00:00+00:00,C29,317,318,257.901306941,500,0.515802614
2020-01-01T21:00:00+00:00,C3,301,305,18.027977724,175,0.103017016
2020-01-01T21:00:00+00:00,C30,317,322,-38.701306941,500,0.077402614
2020-01-01T21:00:00+00:00,C31-1,318,321,-5.120938384,500,0.010241877
2020-01-01T21:00:00+00:00,C31-2,318,321,-5.120938384,500,0.010241877
2020-01-01T21:00:00+00:00,C32-1,319,320,61.047273255,500,0.122094547
2020-01-01T21:00:00+00:00,C32-2,319,320,61.047273255,500,0.122094547
2020-01-01T21:00:00+00:00,C33-1,320,323,25.078908815,500,0.050157818
2020-01-01T21:00:00+00:00,C33-2,320,323,25.078908815,500,0.050157818
2020-01-01T21:00:00+00:00,C34,321,322,-110.898693059,500,0.221797386
2020-01-01T21:00:00+00:00,C35,323,325,-198.181670616,722,0.274489848
2020-01-01T21:00:00+00:00,C4,302,304,-16.841594058,175,0.09623768
2020-01-01T21:00:00+00:00,C5,302,306,14.016503342,175,0.080094305
2020-01-01T21:00:00+00:00,C6,303,309,168.280788913,175,0.961604508
2020-01-01T21:00:00+00:00,C7,303,324,-72.955868259,400,0.182389671
2020-01-01T21:00:00+00:00,C8,304,309,-58.430015443,175,0.333885803
2020-01-01T21:00:00+00:00,C9,305,310,-21.874426577,175,0.124996723
2020-01-01T21:00:00+00:00,CA-1,325,121,-198.181670616,500,0.396363341
2020-01-01T21:00:00+00:00,CB-1,318,223,80.995287479,500,0.161990575
2020-01-01T22:00:00+00:00,A1,101,102,19.742634907,175,0.112815057
2020-01-01T22:00:00+00:00,A10,106,110,3.837713065,175,0.021929789
2020-01-01T22:00:00+00:00,A11,107,108,-63.122592083,175,0.360700526
2020-01-01T22:00:00+00:00,A12-1,108,109,-65.455173074,175,0.37402956
2020-01-01T22:00:00+00:00,A13-2,108,110,-59.539635728,175,0.34022649
2020-01-01T22:00:00+00:00,A14,109,111,-32.330103445,400,0.080825259
2020-01-01T22:00:00+00:00,A15,109,112,-21.042265739,400,0.052605664
2020-01-01T22:00:00+00:00,A16,110,111,-44.255972463,400,0.110639931
2020-01-01T22:00:00+00:00,A17,110,112,-32.801319421,400,0.082003299
2020-01-01T22:00:00+00:00,A18,111,113,16.661096162,500,0.033322192
2020-01-01T22:00:00+00:00,A19,111,114,-93.24717207,500,0.186494344
2020-01-01T22:00:00+00:00,A2,101,103,18.289874353,175,0.104513568
2020-01-01T22:00:00+00:00,A20,112,113,-3.685231302,500,0.007370463
2020-01-01T22:00:00+00:00,A21,112,123,-50.158353858,500,0.100316708
2020-01-01T22:00:00+00:00,A22,113,123,-53.890450824,500,0.107780902
2020-01-01T22:00:00+00:00,A23,114,116,-163.441382852,500,0.326882766
2020-01-01T22:00:00+00:00,A24,115,116,158.346329357,500,0.316692659
2020-01-01T22:00:00+00:00,A25-1,115,121,-132.617263525,500,0.265234527
2020-01-01T22:00:00+00:00,A25-2,115,121,-132.617263525,500,0.265234527
2020-01-01T22:00:00+00:00,A26,115,124,96.083373014,500,0.192166746
2020-01-01T22:00:00+00:00,A27,116,117,-267.395075287,500,0.534790151
2020-01-01T22:00:00+00:00,A28,116,119,226.117438915,500,0.452234878
2020-01-01T22:00:00+00:00,A29,117,118,-24.871020059,500,0.04974204
2020-01-01T22:00:00+00:00,A3,101,105,74.890301232,175,0.427944578
2020-01-01T22:00:00+00:00,A30,117,122,-242.524055227,500,0.48504811
2020-01-01T22:00:00+00:00,A31-1,118,121,-72.67951052,500,0.145359021
2020-01-01T22:00:00+00:00,A31-2,118,121,-72.67951052,500,0.145359021
2020-01-01T22:00:00+00:00,A32-1,119,120,80.313481954,500,0.160626964
2020-01-01T22:00:00+00:00,A32-2,119,120,80.313481954,500,0.160626964
2020-01-01T22:00:00+00:00,A33-1,120,123,57.156628912,500,0.114313258
2020-01-01T22:00:00+00:00,A33-2,120,123,57.156628912,500,0.114313258
2020-01-01T22:00:00+00:00,A34,121,122,-341.575944773,500,0.68315189
2020-01-01T22:00:00+00:00,A4,102,104,52.932837067,175,0.302473355
2020-01-01T22:00:00+00:00,A5,102,106,53.046025778,175,0.303120147
2020-01-01T22:00:00+00:00,A6,103,109,49.244598188,175,0.281397704
2020-01-01T22:00:00+00:00,A7,103,124,-96.083373014,400,0.240208433
2020-01-01T22:00:00+00:00,A8,104,109,26.157725738,175,0.149472719
2020-01-01T22:00:00+00:00,A9,105,110,49.200667389,175,0.281146671
2020-01-01T22:00:00+00:00,AB1,107,203,17.894363486,175,0.102253506
2020-01-01T22:00:00+00:00,AB2,113,215,70.98247106,500,0.141964942
2020-01-01T22:00:00+00:00,AB3,123,217,103.264453142,500,0.206528906
2020-01-01T22:00:00+00:00,B1,201,202,-43.170340594,175,0.246687661
2020-01-01T22:00:00+00:00,B10,206,210,-35.508170905,175,0.202903834
2020-01-01T22:00:00+00:00,B11,207,208,-53.104832368,175,0.303456185
2020-01-01T22:00:00+00:00,B12-1,208,209,-68.898638138,175,0.393706504
2020-01-01T22:00:00+00:00,B13-2,208,210,-56.853604911,175,0.324877742
2020-01-01T22:00:00+00:00,B14,209,211,-55.286496853,400,0.138216242
2020-01-01T22:00:00+00:00,B15,209,212,-77.454956734,400,0.193637392
2020-01-01T22:00:00+00:00,B16,210,211,-79.413771877,400,0.19853443
2020-01-01T22:00:00+00:00,B17,210,212,-101.909844466,400,0.254774611
2020-01-01T22:00:00+00:00,B18,211,213,-52.896981152,500,0.105793962
2020-01-01T22:00:00+00:00,B19,211,214,-81.803287579,500,0.163606575
2020-01-01T22:00:00+00:00,B2,201,203,-17.657477325,175,0.10089987
2020-01-01T22:00:00+00:00,B20,212,213,-12.938332216,500,0.025876664
2020-01-01T22:00:00+00:00,B21,212,223,-166.426468984,500,0.332852938
2020-01-01T22:00:00+00:00,B22,213,223,-178.417557989,500,0.356835116
2020-01-01T22:00:00+00:00,B23,214,216,-164.221987414,500,0.328443975
2020-01-01T22:00:00+00:00,B24,215,216,-27.007879697,500,0.054015759
2020-01-01T22:00:00+00:00,B25-1,215,221,-56.437915552,500,0.112875831
2020-01-01T22:00:00+00:00,B25-2,215,221,-56.437915552,500,0.112875831
2020-01-01T22:00:00+00:00,B26,215,224,103.492326973,500,0.206984654
2020-01-01T22:00:00+00:00,B27,216,217,-73.517348609,500,0.147034697
2020-01-01T22:00:00+00:00,B28,216,219,-36.196384397,500,0.072392769
2020-01-01T22:00:00+00:00,B29,217,218,53.490878194,500,0.106981756
2020-01-01T22:00:00+00:00,B3,201,205,24.045242753,175,0.137401387
2020-01-01T22:00:00+00:00,B30,217,222,-23.743773661,500,0.047487547
2020-01-01T22:00:00+00:00,B31-1,218,221,-43.990197618,500,0.087980395
2020-01-01T22:00:00+00:00,B31-2,218,221,-43.990197618,500,0.087980395
2020-01-01T22:00:00+00:00,B32-1,219,220,-56.546090833,500,0.113092182
2020-01-01T22:00:00+00:00,B32-2,219,220,-56.546090833,500,0.113092182
2020-01-01T22:00:00+00:00,B33-1,220,223,-83.735765006,500,0.16747153
2020-01-01T22:00:00+00:00,B33-2,220,223,-83.735765006,500,0.16747153
2020-01-01T22:00:00+00:00,B34,221,222,-30.856226339,500,0.061712453
2020-01-01T22:00:00+00:00,B4,202,204,14.683756105,175,0.083907178
2020-01-01T22:00:00+00:00,B5,202,206,22.269886712,175,0.127256495
2020-01-01T22:00:00+00:00,B6,203,209,27.258254523,175,0.155761454
2020-01-01T22:00:00+00:00,B7,203,224,-103.492326973,400,0.258730817
2020-01-01T22:00:00+00:00,B8,204,209,-16.754304657,175,0.095738884
2020-01-01T22:00:00+00:00,B9,205,210,-6.118302032,175,0.034961726
2020-01-01T22:00:00+00:00,C1,301,302,42.793614732,175,0.244534941
2020-01-01T22:00:00+00:00,C10,306,310,-60.474838257,175,0.345570504
2020-01-01T22:00:00+00:00,C11,307,308,-39.725604104,175,0.227003452
2020-01-01T22:00:00+00:00,C12-1,308,309,-175,175,1
2020-01-01T22:00:00+00:00,C13-2,308,310,-139.278745257,175,0.795878544
2020-01-01T22:00:00+00:00,C14,309,311,-87.900181709,400,0.219750454
2020-01-01T22:00:00+00:00,C15,309,312,-96.432091284,400,0.241080228
2020-01-01T22:00:00+00:00,C16,310,311,-158.329002511,400,0.395822506
2020-01-01T22:00:00+00:00,C17,310,312,-166.986999419,400,0.417467499
2020-01-01T22:00:00+00:00,C18,311,313,-117.311791645,500,0.234623583
2020-01-01T22:00:00+00:00,C19,311,314,-128.917392575,500,0.257834785
2020-01-01T22:00:00+00:00,C2,301,303,-109.496302307,175,0.625693156
2020-01-01T22:00:00+00:00,C20,312,313,-101.933024637,500,0.203866049
2020-01-01T22:00:00+00:00,C21,312,323,-161.486066067,500,0.322972132
2020-01-01T22:00:00+00:00,C22,313,323,-123.808772712,500,0.247617545
2020-01-01T22:00:00+00:00,C23,314,316,-228.648490335,500,0.457296981
2020-01-01T22:00:00+00:00,C24,315,316,17.378722139,500,0.034757444
2020-01-01T22:00:00+00:00,C25-1,315,321,-129.77824384,500,0.259556488
2020-01-01T22:00:00+00:00,C25-2,315,321,-129.77824384,500,0.259556488
2020-01-01T22:00:00+00:00,C26,315,324,79.215095489,500,0.158430191
2020-01-01T22:00:00+00:00,C27,316,317,-475.840040107,500,0.95168008
2020-01-01T22:00:00+00:00,C28,316,319,113.16248956,500,0.226324979
2020-01-01T22:00:00+00:00,C29,317,318,290.474591001,500,0.580949182
2020-01-01T22:00:00+00:00,C3,301,305,11.182282636,175,0.063898758
2020-01-01T22:00:00+00:00,C30,317,322,-31.414631108,500,0.062829262
2020-01-01T22:00:00+00:00,C31-1,318,321,63.485559394,500,0.126971119
2020-01-01T22:00:00+00:00,C31-2,318,321,63.485559394,500,0.126971119
2020-01-01T22:00:00+00:00,C32-1,319,320,10.057201753,500,0.020114404
2020-01-01T22:00:00+00:00,C32-2,319,320,10.057201753,500,0.020114404
2020-01-01T22:00:00+00:00,C33-1,320,323,-22.843778952,500,0.045687558
2020-01-01T22:00:00+00:00,C33-2,320,323,-22.843778952,500,0.045687558
2020-01-01T22:00:00+00:00,C34,321,322,-132.585368892,500,0.265170738
2020-01-01T22:00:00+00:00,C35,323,325,-330.982396682,722,0.458424372
2020-01-01T22:00:00+00:00,C4,302,304,-16.511679889,175,0.094352457
2020-01-01T22:00:00+00:00,C5,302,306,9.439745741,175,0.053941404
2020-01-01T22:00:00+00:00,C6,303,309,133.88478495,175,0.765055914
2020-01-01T22:00:00+00:00,C7,303,324,-79.215095489,400,0.198037739
2020-01-01T22:00:00+00:00,C8,304,309,-54.553438829,175,0.311733936
2020-01-01T22:00:00+00:00,C9,305,310,-25.317242833,175,0.144669959
2020-01-01T22:00:00+00:00,CA-1,325,121,-330.982396682,500,0.661964793
2020-01-01T22:00:00+00:00,CB-1,318,223,-7.684443016,500,0.015368886
2020-01-01T23:00:00+00:00,A1,101,102,3.775310336,175,0.021573202
2020-01-01T23:00:00+00:00,A10,106,110,12.877535159,175,0.073585915
2020-01-01T23:00:00+00:00,A11,107,108,-67.4905303,175,0.385660173
2020-01-01T23:00:00+00:00,A12-1,108,109,-65.65754739,175,0.375185985
2020-01-01T23:00:00+00:00,A13-2,108,110,-61.293769649,175,0.350250112
2020-01-01T23:00:00+00:00,A14,109,111,-25.535226088,400,0.063838065
2020-01-01T23:00:00+00:00,A15,109,112,-13.724865559,400,0.034312164
2020-01-01T23:00:00+00:00,A16,110,111,-34.357624777,400,0.085894062
2020-01-01T23:00:00+00:00,A17,110,112,-22.372726899,400,0.055931817
2020-01-01T23:00:00+00:00,A18,111,113,30.308533662,500,0.060617067
2020-01-01T23:00:00+00:00,A19,111,114,-90.201384528,500,0.180402769
2020-01-01T23:00:00+00:00,A2,101,103,26.490068605,175,0.151371821
2020-01-01T23:00:00+00:00,A20,112,113,9.020358808,500,0.018040718
2020-01-01T23:00:00+00:00,A21,112,123,-45.117951267,500,0.090235903
2020-01-01T23:00:00+00:00,A22,113,123,-55.280672364,500,0.110561345
2020-01-01T23:00:00+00:00,A23,114,116,-157.659820944,500,0.315319642
2020-01-01T23:00:00+00:00,A24,115,116,161.822053998,500,0.323644108
2020-01-01T23:00:00+00:00,A25-1,115,121,-117.626681566,500,0.235253363
2020-01-01T23:00:00+00:00,A25-2,115,121,-117.626681566,500,0.235253363
2020-01-01T23:00:00+00:00,A26,115,124,87.202833133,500,0.174405666
2020-01-01T23:00:00+00:00,A27,116,117,-256.100022655,500,0.512200045
2020-01-01T23:00:00+00:00,A28,116,119,225.489865804,500,0.450979732
2020-01-01T23:00:00+00:00,A29,117,118,-12.992035802,500,0.025984072
2020-01-01T23:00:00+00:00,A3,101,105,84.180439961,175,0.481031085
2020-01-01T23:00:00+00:00,A30,117,122,-243.107986853,500,0.486215974
2020-01-01T23:00:00+00:00,A31-1,118,121,-64.392047093,500,0.128784094
2020-01-01T23:00:00+00:00,A31-2,118,121,-64.392047093,500,0.128784094
2020-01-01T23:00:00+00:00,A32-1,119,120,81.275920038,500,0.16255184
2020-01-01T23:00:00+00:00,A32-2,119,120,81.275920038,500,0.16255184
2020-01-01T23:00:00+00:00,A33-1,120,123,59.021590499,500,0.118043181
2020-01-01T23:00:00+00:00,A33-2,120,123,59.021590499,500,0.118043181
2020-01-01T23:00:00+00:00,A34,121,122,-348.092013147,500,0.696184026
2020-01-01T23:00:00+00:00,A4,102,104,61.878106698,175,0.353589181
2020-01-01T23:00:00+00:00,A5,102,106,60.16798543,175,0.34381706
2020-01-01T23:00:00+00:00,A6,103,109,51.102599909,175,0.292014857
2020-01-01T23:00:00+00:00,A7,103,124,-87.202833133,400,0.218007083
2020-01-01T23:00:00+00:00,A8,104,109,36.146538168,175,0.206551647
2020-01-01T23:00:00+00:00,A9,105,110,59.492043129,175,0.339954532
2020-01-01T23:00:00+00:00,AB1,107,203,24.025042919,175,0.13728596
2020-01-01T23:00:00+00:00,AB2,113,215,102.462731585,500,0.204925463
2020-01-01T23:00:00+00:00,AB3,123,217,141.644557367,500,0.283289115
2020-01-01T23:00:00+00:00,B1,201,202,-44.29614037,175,0.253120802
2020-01-01T23:00:00+00:00,B10,206,210,-31.869882145,175,0.182113612
2020-01-01T23:00:00+00:00,B11,207,208,-49.937037632,175,0.285354501
2020-01-01T23:00:00+00:00,B12-1,208,209,-64.54256112,175,0.368814635
2020-01-01T23:00:00+00:00,B13-2,208,210,-53.708343992,175,0.306904823
2020-01-01T23:00:00+00:00,B14,209,211,-50.019820053,400,0.12504955
2020-01-01T23:00:00+00:00,B15,209,212,-73.530043361,400,0.183825108
2020-01-01T23:00:00+00:00,B16,210,211,-71.726022251,400,0.179315056
2020-01-01T23:00:00+00:00,B17,210,212,-95.583687282,400,0.238959218
2020-01-01T23:00:00+00:00,B18,211,213,-53.370375656,500,0.106740751
2020-01-01T23:00:00+00:00,B19,211,214,-68.375466649,500,0.136750933
2020-01-01T23:00:00+00:00,B2,201,203,-14.083992827,175,0.080479959
2020-01-01T23:00:00+00:00,B20,212,213,-10.993198144,500,0.021986396
2020-01-01T23:00:00+00:00,B21,212,223,-158.120532498,500,0.316241065
2020-01-01T23:00:00+00:00,B22,213,223,-170.230093579,500,0.340460187
2020-01-01T23:00:00+00:00,B23,214,216,-145.877749053,500,0.291755498
2020-01-01T23:00:00+00:00,B24,215,216,-57.972402639,500,0.115944805
2020-01-01T23:00:00+00:00,B25-1,215,221,-12.458158509,500,0.024916317
2020-01-01T23:00:00+00:00,B25-2,215,221,-12.458158509,500,0.024916317
2020-01-01T23:00:00+00:00,B26,215,224,86.611123808,500,0.173222248
2020-01-01T23:00:00+00:00,B27,216,217,-39.495972098,500,0.078991944
2020-01-01T23:00:00+00:00,B28,216,219,-57.206941526,500,0.114413883
2020-01-01T23:00:00+00:00,B29,217,218,115.977623694,500,0.231955247
2020-01-01T23:00:00+00:00,B3,201,205,24.534532683,175,0.14019733
2020-01-01T23:00:00+00:00,B30,217,222,-13.829038425,500,0.027658077
2020-01-01T23:00:00+00:00,B31-1,218,221,-8.527322278,500,0.017054645
2020-01-01T23:00:00+00:00,B31-2,218,221,-8.527322278,500,0.017054645
2020-01-01T23:00:00+00:00,B32-1,219,220,-64.757886008,500,0.129515772
2020-01-01T23:00:00+00:00,B32-2,219,220,-64.757886008,500,0.129515772
2020-01-01T23:00:00+00:00,B33-1,220,223,-90.325649276,500,0.180651299
2020-01-01T23:00:00+00:00,B33-2,220,223,-90.325649276,500,0.180651299
2020-01-01T23:00:00+00:00,B34,221,222,-41.970961575,500,0.083941923
2020-01-01T23:00:00+00:00,B4,202,204,15.824436958,175,0.090425354
2020-01-01T23:00:00+00:00,B5,202,206,22.461614798,175,0.128352085
2020-01-01T23:00:00+00:00,B6,203,209,24.642839711,175,0.140816227
2020-01-01T23:00:00+00:00,B7,203,224,-86.611123808,400,0.21652781
2020-01-01T23:00:00+00:00,B8,204,209,-13.73828932,175,0.07850451
2020-01-01T23:00:00+00:00,B9,205,210,-3.829704691,175,0.021884027
2020-01-01T23:00:00+00:00,C1,301,302,31.703069225,175,0.181160396
2020-01-01T23:00:00+00:00,C10,306,310,-59.531251733,175,0.340178581
2020-01-01T23:00:00+00:00,C11,307,308,-58.071021842,175,0.331834411
2020-01-01T23:00:00+00:00,C12-1,308,309,-174.116813772,175,0.994953222
2020-01-01T23:00:00+00:00,C13-2,308,310,-146.39536595,175,0.836544948
2020-01-01T23:00:00+00:00,C14,309,311,-102.287948208,400,0.255719871
2020-01-01T23:00:00+00:00,C15,309,312,-114.312735435,400,0.285781839
2020-01-01T23:00:00+00:00,C16,310,311,-157.447714866,400,0.393619287
2020-01-01T23:00:00+00:00,C17,310,312,-169.650208308,400,0.424125521
2020-01-01T23:00:00+00:00,C18,311,313,-131.715710999,500,0.263431422
2020-01-01T23:00:00+00:00,C19,311,314,-128.019952075,500,0.256039904
2020-01-01T23:00:00+00:00,C2,301,303,-84.280261086,175,0.481601492
2020-01-01T23:00:00+00:00,C20,312,313,-110.041032022,500,0.220082064
2020-01-01T23:00:00+00:00,C21,312,323,-173.921911721,500,0.347843823
2020-01-01T23:00:00+00:00,C22,313,323,-133.200642527,500,0.266401285
2020-01-01T23:00:00+00:00,C23,314,316,-218.146177974,500,0.436292356
2020-01-01T23:00:00+00:00,C24,315,316,-19.325519493,500,0.038651039
2020-01-01T23:00:00+00:00,C25-1,315,321,-122.424396916,500,0.244848794
2020-01-01T23:00:00+00:00,C25-2,315,321,-122.424396916,500,0.244848794
2020-01-01T23:00:00+00:00,C26,315,324,116.906201932,500,0.233812404
2020-01-01T23:00:00+00:00,C27,316,317,-450.548079352,500,0.901096159
2020-01-01T23:00:00+00:00,C28,316,319,66.619564412,500,0.133239129
2020-01-01T23:00:00+00:00,C29,317,318,259.338114603,500,0.518676229
2020-01-01T23:00:00+00:00,C3,301,305,2.403828989,175,0.013736166
2020-01-01T23:00:00+00:00,C30,317,322,19.213806044,500,0.038427612
2020-01-01T23:00:00+00:00,C31-1,318,321,92.817493893,500,0.185634988
2020-01-01T23:00:00+00:00,C31-2,318,321,92.817493893,500,0.185634988
2020-01-01T23:00:00+00:00,C32-1,319,320,-8.733637608,500,0.017467275
2020-01-01T23:00:00+00:00,C32-2,319,320,-8.733637608,500,0.017467275
2020-01-01T23:00:00+00:00,C33-1,320,323,-38.466000791,500,0.076932002
2020-01-01T23:00:00+00:00,C33-2,320,323,-38.466000791,500,0.076932002
2020-01-01T23:00:00+00:00,C34,321,322,-59.213806044,500,0.118427612
2020-01-01T23:00:00+00:00,C35,323,325,-384.054555829,722,0.531931518
2020-01-01T23:00:00+00:00,C4,302,304,-17.010063756,175,0.097200364
2020-01-01T23:00:00+00:00,C5,302,306,3.650020031,175,0.020857257
2020-01-01T23:00:00+00:00,C6,303,309,90.103669394,175,0.514878111
2020-01-01T23:00:00+00:00,C7,303,324,-116.906201932,400,0.292265505
2020-01-01T23:00:00+00:00,C8,304,309,-51.388108686,175,0.293646335
2020-01-01T23:00:00+00:00,C9,305,310,-30.580511417,175,0.17474578
2020-01-01T23:00:00+00:00,CA-1,325,121,-384.054555829,500,0.768109112
2020-01-01T23:00:00+00:00,CB-1,318,223,-80.998075371,500,0.161996151
