timestamp,branch_uid,from_bus,to_bus,flow_mw,continuous_rating_mw,loading_fraction
2020-01-01T00:00:00+00:00,A1,101,102,29.52081394,175,0.168690365
2020-01-01T00:00:00+00:00,A10,106,110,-15.51258725,175,0.088643356
2020-01-01T00:00:00+00:00,A11,107,108,-74.669837902,175,0.426684788
2020-01-01T00:00:00+00:00,A12-1,108,109,-73.248275822,175,0.418561576
2020-01-01T00:00:00+00:00,A13-2,108,110,-60.522749612,175,0.345844283
2020-01-01T00:00:00+00:00,A14,109,111,-46.143374471,400,0.115358436
2020-01-01T00:00:00+00:00,A15,109,112,-27.137812867,400,0.067844532
2020-01-01T00:00:00+00:00,A16,110,111,-71.452458174,400,0.178631145
2020-01-01T00:00:00+00:00,A17,110,112,-52.166026202,400,0.130415066
2020-01-01T00:00:00+00:00,A18,111,113,36.442127828,500,0.072884256
2020-01-01T00:00:00+00:00,A19,111,114,-154.037960473,500,0.308075921
2020-01-01T00:00:00+00:00,A2,101,103,-18.518895375,175,0.105822259
2020-01-01T00:00:00+00:00,A20,112,113,2.184603037,500,0.004369206
2020-01-01T00:00:00+00:00,A21,112,123,-81.488442107,500,0.162976884
2020-01-01T00:00:00+00:00,A22,113,123,-92.060227933,500,0.184120456
2020-01-01T00:00:00+00:00,A23,114,116,-221.088430539,500,0.442176861
2020-01-01T00:00:00+00:00,A24,115,116,196.51996217,500,0.393039924
2020-01-01T00:00:00+00:00,A25-1,115,121,-193.167741993,500,0.386335484
2020-01-01T00:00:00+00:00,A25-2,115,121,-193.167741993,500,0.386335484
2020-01-01T00:00:00+00:00,A26,115,124,142.253671244,500,0.284507342
2020-01-01T00:00:00+00:00,A27,116,117,-349.495523821,500,0.698991048
2020-01-01T00:00:00+00:00,A28,116,119,290.36495748,500,0.580729915
2020-01-01T00:00:00+00:00,A29,117,118,-82.332661999,500,0.164665324
2020-01-01T00:00:00+00:00,A3,101,105,44.352033091,175,0.253440189
2020-01-01T00:00:00+00:00,A30,117,122,-267.162861822,500,0.534325724
2020-01-01T00:00:00+00:00,A31-1,118,121,-98.712224123,500,0.197424448
2020-01-01T00:00:00+00:00,A31-2,118,121,-98.712224123,500,0.197424448
2020-01-01T00:00:00+00:00,A32-1,119,120,113.903780075,500,0.22780756
2020-01-01T00:00:00+00:00,A32-2,119,120,113.903780075,500,0.22780756
2020-01-01T00:00:00+00:00,A33-1,120,123,91.784037373,500,0.183568075
2020-01-01T00:00:00+00:00,A33-2,120,123,91.784037373,500,0.183568075
2020-01-01T00:00:00+00:00,A34,121,122,-357.837138178,500,0.715674276
2020-01-01T00:00:00+00:00,A4,102,104,24.503712915,175,0.140021217
2020-01-01T00:00:00+00:00,A5,102,106,31.491865992,175,0.17995352
2020-01-01T00:00:00+00:00,A6,103,109,61.522999519,175,0.351559997
2020-01-01T00:00:00+00:00,A7,103,124,-142.253671244,400,0.355634178
2020-01-01T00:00:00+00:00,A8,104,109,-1.072239584,175,0.006127083
2020-01-01T00:00:00+00:00,A9,105,110,19.81294353,175,0.11321682
2020-01-01T00:00:00+00:00,AB1,107,203,31.467215437,175,0.17981266
2020-01-01T00:00:00+00:00,AB2,113,215,139.097399173,500,0.278194798
2020-01-01T00:00:00+00:00,AB3,123,217,212.019404707,500,0.424038809
2020-01-01T00:00:00+00:00,B1,201,202,-11.424416467,175,0.06528238
2020-01-01T00:00:00+00:00,B10,206,210,-42.169946658,175,0.240971124
2020-01-01T00:00:00+00:00,B11,207,208,-48.362978114,175,0.276359875
2020-01-01T00:00:00+00:00,B12-1,208,209,-64.151327004,175,0.366579011
2020-01-01T00:00:00+00:00,B13-2,208,210,-50.37220517,175,0.287841172
2020-01-01T00:00:00+00:00,B14,209,211,-54.244313729,400,0.135610784
2020-01-01T00:00:00+00:00,B15,209,212,-76.178421864,400,0.190446055
2020-01-01T00:00:00+00:00,B16,210,211,-81.712093906,400,0.204280235
2020-01-01T00:00:00+00:00,B17,210,212,-103.970351422,400,0.259925879
2020-01-01T00:00:00+00:00,B18,211,213,-55.569807729,500,0.111139615
2020-01-01T00:00:00+00:00,B19,211,214,-80.386599906,500,0.1607732
2020-01-01T00:00:00+00:00,B2,201,203,-30.837320549,175,0.17621326
2020-01-01T00:00:00+00:00,B20,212,213,-16.033577815,500,0.032067156
2020-01-01T00:00:00+00:00,B21,212,223,-164.115195472,500,0.328230391
2020-01-01T00:00:00+00:00,B22,213,223,-174.132899145,500,0.348265798
2020-01-01T00:00:00+00:00,B23,214,216,-155.445941939,500,0.310891884
2020-01-01T00:00:00+00:00,B24,215,216,-12.700407417,500,0.025400815
2020-01-01T00:00:00+00:00,B25-1,215,221,-20.717102166,500,0.041434204
2020-01-01T00:00:00+00:00,B25-2,215,221,-20.717102166,500,0.041434204
2020-01-01T00:00:00+00:00,B26,215,224,98.483498424,500,0.196966997
2020-01-01T00:00:00+00:00,B27,216,217,-97.54622668,500,0.195092453
2020-01-01T00:00:00+00:00,B28,216,219,-47.290505168,500,0.09458101
2020-01-01T00:00:00+00:00,B29,217,218,126.365832284,500,0.252731665
2020-01-01T00:00:00+00:00,B3,201,205,9.776123926,175,0.055863565
2020-01-01T00:00:00+00:00,B30,217,222,-11.892654256,500,0.023785309
2020-01-01T00:00:00+00:00,B31-1,218,221,-1.236570706,500,0.002473141
2020-01-01T00:00:00+00:00,B31-2,218,221,-1.236570706,500,0.002473141
2020-01-01T00:00:00+00:00,B32-1,219,220,-58.660048738,500,0.117320097
2020-01-01T00:00:00+00:00,B32-2,219,220,-58.660048738,500,0.117320097
2020-01-01T00:00:00+00:00,B33-1,220,223,-83.421893533,500,0.166843787
2020-01-01T00:00:00+00:00,B33-2,220,223,-83.421893533,500,0.166843787
2020-01-01T00:00:00+00:00,B34,221,222,-43.907345744,500,0.087814691
2020-01-01T00:00:00+00:00,B4,202,204,0.596938986,175,0.00341108
2020-01-01T00:00:00+00:00,B5,202,206,10.44897353,175,0.05970842
2020-01-01T00:00:00+00:00,B6,203,209,29.470704828,175,0.168404028
2020-01-01T00:00:00+00:00,B7,203,224,-98.483498424,400,0.246208746
2020-01-01T00:00:00+00:00,B8,204,209,-28.033944058,175,0.160193966
2020-01-01T00:00:00+00:00,B9,205,210,-17.694047643,175,0.101108844
2020-01-01T00:00:00+00:00,C1,301,302,47.40220625,175,0.27086975
2020-01-01T00:00:00+00:00,C10,306,310,-35.613226372,175,0.203504151
2020-01-01T00:00:00+00:00,C11,307,308,-54.808604868,175,0.313192028
2020-01-01T00:00:00+00:00,C12-1,308,309,-95.913847613,175,0.548079129
2020-01-01T00:00:00+00:00,C13-2,308,310,-33.872928715,175,0.193559593
2020-01-01T00:00:00+00:00,C14,309,311,46.139228932,400,0.115348072
2020-01-01T00:00:00+00:00,C15,309,312,40.364482547,400,0.100911206
2020-01-01T00:00:00+00:00,C16,310,311,-73.244024525,400,0.183110061
2020-01-01T00:00:00+00:00,C17,310,312,-79.104111989,400,0.19776028
2020-01-01T00:00:00+00:00,C18,311,313,12.339409351,500,0.024678819
2020-01-01T00:00:00+00:00,C19,311,314,-39.444204944,500,0.07888841
2020-01-01T00:00:00+00:00,C2,301,303,-128.52757059,175,0.734443261
2020-01-01T00:00:00+00:00,C20,312,313,22.748389709,500,0.045496779
2020-01-01T00:00:00+00:00,C21,312,323,-61.488019151,500,0.122976038
2020-01-01T00:00:00+00:00,C22,313,323,-81.10644326,500,0.162212887
2020-01-01T00:00:00+00:00,C23,314,316,-124.5071597,500,0.249014319
2020-01-01T00:00:00+00:00,C24,315,316,29.823066247,500,0.059646132
2020-01-01T00:00:00+00:00,C25-1,315,321,-31.706878318,500,0.063413757
2020-01-01T00:00:00+00:00,C25-2,315,321,-31.706878318,500,0.063413757
2020-01-01T00:00:00+00:00,C26,315,324,-105.403931556,500,0.210807863
2020-01-01T00:00:00+00:00,C27,316,317,-280.535105047,500,0.56107021
2020-01-01T00:00:00+00:00,C28,316,319,104.004127698,500,0.208008255
2020-01-01T00:00:00+00:00,C29,317,318,380.207764189,500,0.760415528
2020-01-01T00:00:00+00:00,C3,301,305,33.770729733,175,0.192975598
2020-01-01T00:00:00+00:00,C30,317,322,4.3079975,500,0.008615995
2020-01-01T00:00:00+00:00,C31-1,318,321,-3.447120432,500,0.006894241
2020-01-01T00:00:00+00:00,C31-2,318,321,-3.447120432,500,0.006894241
2020-01-01T00:00:00+00:00,C32-1,319,320,12.320633924,500,0.024641268
2020-01-01T00:00:00+00:00,C32-2,319,320,12.320633924,500,0.024641268
2020-01-01T00:00:00+00:00,C33-1,320,323,-15.741371768,500,0.031482744
2020-01-01T00:00:00+00:00,C33-2,320,323,-15.741371768,500,0.031482744
2020-01-01T00:00:00+00:00,C34,321,322,-70.3079975,500,0.140615995
2020-01-01T00:00:00+00:00,C35,323,325,-174.077205947,722,0.241104163
2020-01-01T00:00:00+00:00,C4,302,304,-19.147806853,175,0.109416039
2020-01-01T00:00:00+00:00,C5,302,306,24.018535725,175,0.137248776
2020-01-01T00:00:00+00:00,C6,303,309,167.944106843,175,0.959680611
2020-01-01T00:00:00+00:00,C7,303,324,105.403931556,400,0.263509829
2020-01-01T00:00:00+00:00,C8,304,309,-51.594500935,175,0.29482572
2020-01-01T00:00:00+00:00,C9,305,310,2.639442168,175,0.015082527
2020-01-01T00:00:00+00:00,CA-1,325,121,-174.077205947,500,0.348154412
2020-01-01T00:00:00+00:00,CB-1,318,223,241.091881682,500,0.482183763
2020-01-01T01:00:00+00:00,A1,101,102,15.616678709,175,0.089238164
2020-01-01T01:00:00+00:00,A10,106,110,-21.698569679,175,0.123991827
2020-01-01T01:00:00+00:00,A11,107,108,-69.799412654,175,0.398853787
2020-01-01T01:00:00+00:00,A12-1,108,109,-71.560033826,175,0.408914479
2020-01-01T01:00:00+00:00,A13-2,108,110,-57.38287215,175,0.327902127
2020-01-01T01:00:00+00:00,A14,109,111,-49.921239047,400,0.124803098
2020-01-01T01:00:00+00:00,A15,109,112,-30.867799191,400,0.077169498
2020-01-01T01:00:00+00:00,A16,110,111,-78.095440756,400,0.195238602
2020-01-01T01:00:00+00:00,A17,110,112,-58.760422971,400,0.146901057
2020-01-01T01:00:00+00:00,A18,111,113,30.963209869,500,0.06192642
2020-01-01T01:00:00+00:00,A19,111,114,-158.979889672,500,0.317959779
2020-01-01T01:00:00+00:00,A2,101,103,-27.197031679,175,0.15541161
2020-01-01T01:00:00+00:00,A20,112,113,-3.380615471,500,0.006761231
2020-01-01T01:00:00+00:00,A21,112,123,-86.247606692,500,0.172495213
2020-01-01T01:00:00+00:00,A22,113,123,-94.295957546,500,0.188591915
2020-01-01T01:00:00+00:00,A23,114,116,-226.07835578,500,0.452156712
2020-01-01T01:00:00+00:00,A24,115,116,197.712173162,500,0.395424346
2020-01-01T01:00:00+00:00,A25-1,115,121,-197.485049009,500,0.394970098
2020-01-01T01:00:00+00:00,A25-2,115,121,-197.485049009,500,0.394970098
2020-01-01T01:00:00+00:00,A26,115,124,149.617647762,500,0.299235296
2020-01-01T01:00:00+00:00,A27,116,117,-354.173655962,500,0.708347312
2020-01-01T01:00:00+00:00,A28,116,119,291.220635143,500,0.58244127
2020-01-01T01:00:00+00:00,A29,117,118,-86.373891278,500,0.172747783
2020-01-01T01:00:00+00:00,A3,101,105,34.226567714,175,0.195580387
2020-01-01T01:00:00+00:00,A30,117,122,-267.799764683,500,0.535599529
2020-01-01T01:00:00+00:00,A31-1,118,121,-100.774031242,500,0.201548062
2020-01-01T01:00:00+00:00,A31-2,118,121,-100.774031242,500,0.201548062
2020-01-01T01:00:00+00:00,A32-1,119,120,114.309229001,500,0.228618458
2020-01-01T01:00:00+00:00,A32-2,119,120,114.309229001,500,0.228618458
2020-01-01T01:00:00+00:00,A33-1,120,123,92.173652553,500,0.184347305
2020-01-01T01:00:00+00:00,A33-2,120,123,92.173652553,500,0.184347305
2020-01-01T01:00:00+00:00,A34,121,122,-357.200235317,500,0.714400471
2020-01-01T01:00:00+00:00,A4,102,104,16.727915382,175,0.095588088
2020-01-01T01:00:00+00:00,A5,102,106,25.339530273,175,0.144797316
2020-01-01T01:00:00+00:00,A6,103,109,60.164307324,175,0.343796042
2020-01-01T01:00:00+00:00,A7,103,124,-149.617647762,400,0.374044119
2020-01-01T01:00:00+00:00,A8,104,109,-8.866344886,175,0.050664828
2020-01-01T01:00:00+00:00,A9,105,110,9.669912592,175,0.055256643
2020-01-01T01:00:00+00:00,AB1,107,203,26.565864904,175,0.151804942
2020-01-01T01:00:00+00:00,AB2,113,215,130.223430714,500,0.260446861
2020-01-01T01:00:00+00:00,AB3,123,217,205.803740868,500,0.411607482
2020-01-01T01:00:00+00:00,B1,201,202,-12.089047213,175,0.06908027
2020-01-01T01:00:00+00:00,B10,206,210,-41.436816713,175,0.23678181
2020-01-01T01:00:00+00:00,B11,207,208,-47.497245395,175,0.271412831
2020-01-01T01:00:00+00:00,B12-1,208,209,-62.827646143,175,0.359015121
2020-01-01T01:00:00+00:00,B13-2,208,210,-49.645830952,175,0.283690463
2020-01-01T01:00:00+00:00,B14,209,211,-53.819706801,400,0.134549267
2020-01-01T01:00:00+00:00,B15,209,212,-75.900641099,400,0.189751603
2020-01-01T01:00:00+00:00,B16,210,211,-80.125270221,400,0.200313176
2020-01-01T01:00:00+00:00,B17,210,212,-102.532523745,400,0.256331309
2020-01-01T01:00:00+00:00,B18,211,213,-55.741160357,500,0.111482321
2020-01-01T01:00:00+00:00,B19,211,214,-78.203816665,500,0.156407633
2020-01-01T01:00:00+00:00,B2,201,203,-28.947564707,175,0.165414655
2020-01-01T01:00:00+00:00,B20,212,213,-15.940276285,500,0.031880553
2020-01-01T01:00:00+00:00,B21,212,223,-162.492888559,500,0.324985777
2020-01-01T01:00:00+00:00,B22,213,223,-172.37559688,500,0.344751194
2020-01-01T01:00:00+00:00,B23,214,216,-151.919541517,500,0.303839083
2020-01-01T01:00:00+00:00,B24,215,216,-17.274477817,500,0.034548956
2020-01-01T01:00:00+00:00,B25-1,215,221,-21.070872973,500,0.042141746
2020-01-01T01:00:00+00:00,B25-2,215,221,-21.070872973,500,0.042141746
2020-01-01T01:00:00+00:00,B26,215,224,97.686640156,500,0.19537328
2020-01-01T01:00:00+00:00,B27,216,217,-94.12933319,500,0.188258666
2020-01-01T01:00:00+00:00,B28,216,219,-51.06248246,500,0.102124965
2020-01-01T01:00:00+00:00,B29,217,218,124.202985654,500,0.248405971
2020-01-01T01:00:00+00:00,B3,201,205,9.498991899,175,0.054279954
2020-01-01T01:00:00+00:00,B30,217,222,-12.528577976,500,0.025057156
2020-01-01T01:00:00+00:00,B31-1,218,221,-1.164838039,500,0.002329676
2020-01-01T01:00:00+00:00,B31-2,218,221,-1.164838039,500,0.002329676
2020-01-01T01:00:00+00:00,B32-1,219,220,-59.919246896,500,0.119838494
2020-01-01T01:00:00+00:00,B32-2,219,220,-59.919246896,500,0.119838494
2020-01-01T01:00:00+00:00,B33-1,220,223,-84.237836538,500,0.168475673
2020-01-01T01:00:00+00:00,B33-2,220,223,-84.237836538,500,0.168475673
2020-01-01T01:00:00+00:00,B34,221,222,-44.471422024,500,0.088942844
2020-01-01T01:00:00+00:00,B4,202,204,0.812904084,175,0.004645166
2020-01-01T01:00:00+00:00,B5,202,206,10.240186277,175,0.05851535
2020-01-01T01:00:00+00:00,B6,203,209,26.908906985,175,0.153765183
2020-01-01T01:00:00+00:00,B7,203,224,-97.686640156,400,0.2442166
2020-01-01T01:00:00+00:00,B8,204,209,-27.305465189,175,0.15603123
2020-01-01T01:00:00+00:00,B9,205,210,-17.479443486,175,0.099882534
2020-01-01T01:00:00+00:00,C1,301,302,48.539420845,175,0.277368119
2020-01-01T01:00:00+00:00,C10,306,310,-31.533569948,175,0.180191828
2020-01-01T01:00:00+00:00,C11,307,308,-52.297532412,175,0.298843042
2020-01-01T01:00:00+00:00,C12-1,308,309,-92.793691808,175,0.530249667
2020-01-01T01:00:00+00:00,C13-2,308,310,-31.046864944,175,0.177410657
2020-01-01T01:00:00+00:00,C14,309,311,53.061971976,400,0.13265493
2020-01-01T01:00:00+00:00,C15,309,312,46.658042027,400,0.116645105
2020-01-01T01:00:00+00:00,C16,310,311,-65.649831308,400,0.164124578
2020-01-01T01:00:00+00:00,C17,310,312,-72.148400616,400,0.180371002
2020-01-01T01:00:00+00:00,C18,311,313,14.091525607,500,0.028183051
2020-01-01T01:00:00+00:00,C19,311,314,-26.679384939,500,0.05335877
2020-01-01T01:00:00+00:00,C2,301,303,-129.795840791,175,0.741690519
2020-01-01T01:00:00+00:00,C20,312,313,25.634609341,500,0.051269219
2020-01-01T01:00:00+00:00,C21,312,323,-51.12496793,500,0.102249936
2020-01-01T01:00:00+00:00,C22,313,323,-71.144633766,500,0.142289268
2020-01-01T01:00:00+00:00,C23,314,316,-107.845155243,500,0.21569031
2020-01-01T01:00:00+00:00,C24,315,316,38.363808215,500,0.076727616
2020-01-01T01:00:00+00:00,C25-1,315,321,-22.547707812,500,0.045095416
2020-01-01T01:00:00+00:00,C25-2,315,321,-22.547707812,500,0.045095416
2020-01-01T01:00:00+00:00,C26,315,324,-125.894934788,500,0.25178987
2020-01-01T01:00:00+00:00,C27,316,317,-240.186399963,500,0.4803728
2020-01-01T01:00:00+00:00,C28,316,319,90.867027005,500,0.181734054
2020-01-01T01:00:00+00:00,C29,317,318,348.535784436,500,0.697071569
2020-01-01T01:00:00+00:00,C3,301,305,36.071351942,175,0.206122011
2020-01-01T01:00:00+00:00,C30,317,322,-5.97558395,500,0.011951168
2020-01-01T01:00:00+00:00,C31-1,318,321,-15.064500212,500,0.030129
2020-01-01T01:00:00+00:00,C31-2,318,321,-15.064500212,500,0.030129
2020-01-01T01:00:00+00:00,C32-1,319,320,7.570100036,500,0.0151402
2020-01-01T01:00:00+00:00,C32-2,319,320,7.570100036,500,0.0151402
2020-01-01T01:00:00+00:00,C33-1,320,323,-19.206236559,500,0.038412473
2020-01-01T01:00:00+00:00,C33-2,320,323,-19.206236559,500,0.038412473
2020-01-01T01:00:00+00:00,C34,321,322,-75.22441605,500,0.150448832
2020-01-01T01:00:00+00:00,C35,323,325,-160.682074814,722,0.22255135
2020-01-01T01:00:00+00:00,C4,302,304,-17.409609624,175,0.099483484
2020-01-01T01:00:00+00:00,C5,302,306,25.366145317,175,0.144949402
2020-01-01T01:00:00+00:00,C6,303,309,175,175,1
2020-01-01T01:00:00+00:00,C7,303,324,125.894934788,400,0.314737337
2020-01-01T01:00:00+00:00,C8,304,309,-48.369748812,175,0.276398565
2020-01-01T01:00:00+00:00,C9,305,310,6.366353531,175,0.036379163
2020-01-01T01:00:00+00:00,CA-1,325,121,-160.682074814,500,0.32136415
2020-01-01T01:00:00+00:00,CB-1,318,223,239.344158514,500,0.478688317
2020-01-01T02:00:00+00:00,A1,101,102,15.767097656,175,0.090097701
2020-01-01T02:00:00+00:00,A10,106,110,-22.568284947,175,0.128961628
2020-01-01T02:00:00+00:00,A11,107,108,-68.644025964,175,0.392251577
2020-01-01T02:00:00+00:00,A12-1,108,109,-71.555594238,175,0.40888911
2020-01-01T02:00:00+00:00,A13-2,108,110,-57.183805327,175,0.326764602
2020-01-01T02:00:00+00:00,A14,109,111,-50.676765363,400,0.126691913
2020-01-01T02:00:00+00:00,A15,109,112,-31.705263277,400,0.079263158
2020-01-01T02:00:00+00:00,A16,110,111,-79.238786177,400,0.198096965
2020-01-01T02:00:00+00:00,A17,110,112,-59.986917066,400,0.149967293
2020-01-01T02:00:00+00:00,A18,111,113,29.818483697,500,0.059636967
2020-01-01T02:00:00+00:00,A19,111,114,-159.734035236,500,0.31946807
2020-01-01T02:00:00+00:00,A2,101,103,-27.730149753,175,0.158457999
2020-01-01T02:00:00+00:00,A20,112,113,-4.377648813,500,0.008755298
2020-01-01T02:00:00+00:00,A21,112,123,-87.314531531,500,0.174629063
2020-01-01T02:00:00+00:00,A22,113,123,-94.935430063,500,0.18987086
2020-01-01T02:00:00+00:00,A23,114,116,-227.912412303,500,0.455824825
2020-01-01T02:00:00+00:00,A24,115,116,199.020665587,500,0.398041331
2020-01-01T02:00:00+00:00,A25-1,115,121,-199.821899034,500,0.399643798
2020-01-01T02:00:00+00:00,A25-2,115,121,-199.821899034,500,0.399643798
2020-01-01T02:00:00+00:00,A26,115,124,151.218258615,500,0.302436517
2020-01-01T02:00:00+00:00,A27,116,117,-356.522062361,500,0.713044125
2020-01-01T02:00:00+00:00,A28,116,119,292.486822312,500,0.584973645
2020-01-01T02:00:00+00:00,A29,117,118,-88.28477481,500,0.17656955
2020-01-01T02:00:00+00:00,A3,101,105,34.008079297,175,0.194331882
2020-01-01T02:00:00+00:00,A30,117,122,-268.237287551,500,0.536474575
2020-01-01T02:00:00+00:00,A31-1,118,121,-102.656303805,500,0.205312608
2020-01-01T02:00:00+00:00,A31-2,118,121,-102.656303805,500,0.205312608
2020-01-01T02:00:00+00:00,A32-1,119,120,114.438549689,500,0.228877099
2020-01-01T02:00:00+00:00,A32-2,119,120,114.438549689,500,0.228877099
2020-01-01T02:00:00+00:00,A33-1,120,123,91.946713956,500,0.183893428
2020-01-01T02:00:00+00:00,A33-2,120,123,91.946713956,500,0.183893428
2020-01-01T02:00:00+00:00,A34,121,122,-356.762712449,500,0.713525425
2020-01-01T02:00:00+00:00,A4,102,104,16.451043136,175,0.094005961
2020-01-01T02:00:00+00:00,A5,102,106,25.226865987,175,0.14415352
2020-01-01T02:00:00+00:00,A6,103,109,60.229820862,175,0.344170405
2020-01-01T02:00:00+00:00,A7,103,124,-151.218258615,400,0.378045647
2020-01-01T02:00:00+00:00,A8,104,109,-9.555141931,175,0.054600811
2020-01-01T02:00:00+00:00,A9,105,110,9.05619903,175,0.051749709
2020-01-01T02:00:00+00:00,AB1,107,203,24.714659298,175,0.141226625
2020-01-01T02:00:00+00:00,AB2,113,215,127.246007613,500,0.254492015
2020-01-01T02:00:00+00:00,AB3,123,217,203.643466319,500,0.407286933
2020-01-01T02:00:00+00:00,B1,201,202,-12.475116511,175,0.07128638
2020-01-01T02:00:00+00:00,B10,206,210,-41.488948906,175,0.237079708
2020-01-01T02:00:00+00:00,B11,207,208,-47.359515175,175,0.270625801
2020-01-01T02:00:00+00:00,B12-1,208,209,-62.565769113,175,0.357518681
2020-01-01T02:00:00+00:00,B13-2,208,210,-49.581562822,175,0.283323216
2020-01-01T02:00:00+00:00,B14,209,211,-53.955233244,400,0.134888083
2020-01-01T02:00:00+00:00,B15,209,212,-76.52706039,400,0.191317651
2020-01-01T02:00:00+00:00,B16,210,211,-79.880375537,400,0.199700939
2020-01-01T02:00:00+00:00,B17,210,212,-102.785776484,400,0.256964441
2020-01-01T02:00:00+00:00,B18,211,213,-56.731795842,500,0.113463592
2020-01-01T02:00:00+00:00,B19,211,214,-77.103812939,500,0.154207626
2020-01-01T02:00:00+00:00,B2,201,203,-28.328912601,175,0.161879501
2020-01-01T02:00:00+00:00,B20,212,213,-16.046077412,500,0.032092155
2020-01-01T02:00:00+00:00,B21,212,223,-163.266759462,500,0.326533519
2020-01-01T02:00:00+00:00,B22,213,223,-173.180045426,500,0.346360091
2020-01-01T02:00:00+00:00,B23,214,216,-150.605780492,500,0.301211561
2020-01-01T02:00:00+00:00,B24,215,216,-20.741714326,500,0.041483429
2020-01-01T02:00:00+00:00,B25-1,215,221,-20.857948651,500,0.041715897
2020-01-01T02:00:00+00:00,B25-2,215,221,-20.857948651,500,0.041715897
2020-01-01T02:00:00+00:00,B26,215,224,97.499888757,500,0.194999778
2020-01-01T02:00:00+00:00,B27,216,217,-91.561820589,500,0.183123641
2020-01-01T02:00:00+00:00,B28,216,219,-55.673286368,500,0.111346573
2020-01-01T02:00:00+00:00,B29,217,218,124.123397204,500,0.248246794
2020-01-01T02:00:00+00:00,B3,201,205,9.185408001,175,0.052488046
2020-01-01T02:00:00+00:00,B30,217,222,-12.041751474,500,0.024083503
2020-01-01T02:00:00+00:00,B31-1,218,221,-1.021175612,500,0.002042351
2020-01-01T02:00:00+00:00,B31-2,218,221,-1.021175612,500,0.002042351
2020-01-01T02:00:00+00:00,B32-1,219,220,-62.124932171,500,0.124249864
2020-01-01T02:00:00+00:00,B32-2,219,220,-62.124932171,500,0.124249864
2020-01-01T02:00:00+00:00,B33-1,220,223,-86.373003941,500,0.172746008
2020-01-01T02:00:00+00:00,B33-2,220,223,-86.373003941,500,0.172746008
2020-01-01T02:00:00+00:00,B34,221,222,-43.758248526,500,0.087516497
2020-01-01T02:00:00+00:00,B4,202,204,0.735696108,175,0.004203978
2020-01-01T02:00:00+00:00,B5,202,206,10.038203604,175,0.057361163
2020-01-01T02:00:00+00:00,B6,203,209,25.6879336,175,0.146788192
2020-01-01T02:00:00+00:00,B7,203,224,-97.499888757,400,0.243749722
2020-01-01T02:00:00+00:00,B8,204,209,-27.301136875,175,0.156006496
2020-01-01T02:00:00+00:00,B9,205,210,-17.714796619,175,0.101227409
2020-01-01T02:00:00+00:00,C1,301,302,46.385229511,175,0.265058454
2020-01-01T02:00:00+00:00,C10,306,310,-31.017034272,175,0.177240196
2020-01-01T02:00:00+00:00,C11,307,308,-51.130971228,175,0.292176978
2020-01-01T02:00:00+00:00,C12-1,308,309,-91.199774519,175,0.521141569
2020-01-01T02:00:00+00:00,C13-2,308,310,-29.87836535,175,0.170733516
2020-01-01T02:00:00+00:00,C14,309,311,53.521129045,400,0.133802823
2020-01-01T02:00:00+00:00,C15,309,312,47.535432905,400,0.118838582
2020-01-01T02:00:00+00:00,C16,310,311,-64.360596152,400,0.16090149
2020-01-01T02:00:00+00:00,C17,310,312,-70.434750856,400,0.176086877
2020-01-01T02:00:00+00:00,C18,311,313,14.753178935,500,0.029506358
2020-01-01T02:00:00+00:00,C19,311,314,-25.592646043,500,0.051185292
2020-01-01T02:00:00+00:00,C2,301,303,-125.469148038,175,0.71696656
2020-01-01T02:00:00+00:00,C20,312,313,25.542396227,500,0.051084792
2020-01-01T02:00:00+00:00,C21,312,323,-48.441714179,500,0.096883428
2020-01-01T02:00:00+00:00,C22,313,323,-68.102083842,500,0.136204168
2020-01-01T02:00:00+00:00,C23,314,316,-104.947913389,500,0.209895827
2020-01-01T02:00:00+00:00,C24,315,316,31.035276904,500,0.062070554
2020-01-01T02:00:00+00:00,C25-1,315,321,-19.608132143,500,0.039216264
2020-01-01T02:00:00+00:00,C25-2,315,321,-19.608132143,500,0.039216264
2020-01-01T02:00:00+00:00,C26,315,324,-121.487155653,500,0.242974311
2020-01-01T02:00:00+00:00,C27,316,317,-243.950665593,500,0.487901331
2020-01-01T02:00:00+00:00,C28,316,319,91.133252126,500,0.182266504
2020-01-01T02:00:00+00:00,C29,317,318,363.42938832,500,0.726858777
2020-01-01T02:00:00+00:00,C3,301,305,34.906759386,175,0.199467196
2020-01-01T02:00:00+00:00,C30,317,322,9.192596087,500,0.018385192
2020-01-01T02:00:00+00:00,C31-1,318,321,-8.988165901,500,0.017976332
2020-01-01T02:00:00+00:00,C31-2,318,321,-8.988165901,500,0.017976332
2020-01-01T02:00:00+00:00,C32-1,319,320,8.547802894,500,0.017095606
2020-01-01T02:00:00+00:00,C32-2,319,320,8.547802894,500,0.017095606
2020-01-01T02:00:00+00:00,C33-1,320,323,-17.631254375,500,0.035262509
2020-01-01T02:00:00+00:00,C33-2,320,323,-17.631254375,500,0.035262509
2020-01-01T02:00:00+00:00,C34,321,322,-57.192596087,500,0.114385192
2020-01-01T02:00:00+00:00,C35,323,325,-151.80630677,722,0.210258043
2020-01-01T02:00:00+00:00,C4,302,304,-17.905866587,175,0.102319238
2020-01-01T02:00:00+00:00,C5,302,306,24.613462424,175,0.140648357
2020-01-01T02:00:00+00:00,C6,303,309,166.71509774,175,0.952657701
2020-01-01T02:00:00+00:00,C7,303,324,121.487155653,400,0.303717889
2020-01-01T02:00:00+00:00,C8,304,309,-48.175401554,175,0.275288009
2020-01-01T02:00:00+00:00,C9,305,310,5.864367729,175,0.033510673
2020-01-01T02:00:00+00:00,CA-1,325,121,-151.80630677,500,0.303612614
2020-01-01T02:00:00+00:00,CB-1,318,223,245.19281277,500,0.490385626
2020-01-01T03:00:00+00:00,A1,101,102,22.441658612,175,0.128238049
2020-01-01T03:00:00+00:00,A10,106,110,-21.697786881,175,0.123987354
2020-01-01T03:00:00+00:00,A11,107,108,-67.561669336,175,0.386066682
2020-01-01T03:00:00+00:00,A12-1,108,109,-71.87461316,175,0.410712075
2020-01-01T03:00:00+00:00,A13-2,108,110,-57.855413396,175,0.330602362
2020-01-01T03:00:00+00:00,A14,109,111,-50.509156231,400,0.126272891
2020-01-01T03:00:00+00:00,A15,109,112,-32.178058527,400,0.080445146
2020-01-01T03:00:00+00:00,A16,110,111,-78.386349496,400,0.195965874
2020-01-01T03:00:00+00:00,A17,110,112,-59.784348871,400,0.149460872
2020-01-01T03:00:00+00:00,A18,111,113,28.390570155,500,0.05678114
2020-01-01T03:00:00+00:00,A19,111,114,-157.286075882,500,0.314572152
2020-01-01T03:00:00+00:00,A2,101,103,-24.497409381,175,0.139985196
2020-01-01T03:00:00+00:00,A20,112,113,-4.651233455,500,0.009302467
2020-01-01T03:00:00+00:00,A21,112,123,-87.311173944,500,0.174622348
2020-01-01T03:00:00+00:00,A22,113,123,-94.780743296,500,0.189561487
2020-01-01T03:00:00+00:00,A23,114,116,-227.816258927,500,0.455632518
2020-01-01T03:00:00+00:00,A24,115,116,198.569888103,500,0.397139776
2020-01-01T03:00:00+00:00,A25-1,115,121,-201.019092209,500,0.402038184
2020-01-01T03:00:00+00:00,A25-2,115,121,-201.019092209,500,0.402038184
2020-01-01T03:00:00+00:00,A26,115,124,150.22052299,500,0.300441046
2020-01-01T03:00:00+00:00,A27,116,117,-356.635621792,500,0.713271244
2020-01-01T03:00:00+00:00,A28,116,119,291.033486512,500,0.582066973
2020-01-01T03:00:00+00:00,A29,117,118,-88.120607634,500,0.176241215
2020-01-01T03:00:00+00:00,A3,101,105,38.088835363,175,0.217650488
2020-01-01T03:00:00+00:00,A30,117,122,-268.515014158,500,0.537030028
2020-01-01T03:00:00+00:00,A31-1,118,121,-104.592651636,500,0.209185303
2020-01-01T03:00:00+00:00,A31-2,118,121,-104.592651636,500,0.209185303
2020-01-01T03:00:00+00:00,A32-1,119,120,112.614776423,500,0.225229553
2020-01-01T03:00:00+00:00,A32-2,119,120,112.614776423,500,0.225229553
2020-01-01T03:00:00+00:00,A33-1,120,123,89.347087171,500,0.178694174
2020-01-01T03:00:00+00:00,A33-2,120,123,89.347087171,500,0.178694174
2020-01-01T03:00:00+00:00,A34,121,122,-356.484985842,500,0.712969972
2020-01-01T03:00:00+00:00,A4,102,104,19.43051431,175,0.11103151
2020-01-01T03:00:00+00:00,A5,102,106,27.74605278,175,0.158548873
2020-01-01T03:00:00+00:00,A6,103,109,60.282737588,175,0.344472786
2020-01-01T03:00:00+00:00,A7,103,124,-150.22052299,400,0.375551307
2020-01-01T03:00:00+00:00,A8,104,109,-7.472751388,175,0.042701437
2020-01-01T03:00:00+00:00,A9,105,110,12.276242599,175,0.070149958
2020-01-01T03:00:00+00:00,AB1,107,203,22.116963766,175,0.12638265
2020-01-01T03:00:00+00:00,AB2,113,215,122.177304188,500,0.244354608
2020-01-01T03:00:00+00:00,AB3,123,217,198.602257102,500,0.397204514
2020-01-01T03:00:00+00:00,B1,201,202,-12.771042439,175,0.072977385
2020-01-01T03:00:00+00:00,B10,206,210,-41.631193258,175,0.237892533
2020-01-01T03:00:00+00:00,B11,207,208,-47.300487939,175,0.270288503
2020-01-01T03:00:00+00:00,B12-1,208,209,-62.369007219,175,0.356394327
2020-01-01T03:00:00+00:00,B13-2,208,210,-49.63854822,175,0.283648847
2020-01-01T03:00:00+00:00,B14,209,211,-54.263553391,400,0.135658883
2020-01-01T03:00:00+00:00,B15,209,212,-77.574751991,400,0.19393688
2020-01-01T03:00:00+00:00,B16,210,211,-79.702185951,400,0.199255465
2020-01-01T03:00:00+00:00,B17,210,212,-103.357885022,400,0.258394713
2020-01-01T03:00:00+00:00,B18,211,213,-58.227714185,500,0.116455428
2020-01-01T03:00:00+00:00,B19,211,214,-75.738025157,500,0.15147605
2020-01-01T03:00:00+00:00,B2,201,203,-27.461687978,175,0.156923931
2020-01-01T03:00:00+00:00,B20,212,213,-16.20927871,500,0.032418557
2020-01-01T03:00:00+00:00,B21,212,223,-164.723358303,500,0.329446717
2020-01-01T03:00:00+00:00,B22,213,223,-174.714027325,500,0.349428055
2020-01-01T03:00:00+00:00,B23,214,216,-149.148382437,500,0.298296765
2020-01-01T03:00:00+00:00,B24,215,216,-25.113906379,500,0.050227813
2020-01-01T03:00:00+00:00,B25-1,215,221,-20.840743099,500,0.041681486
2020-01-01T03:00:00+00:00,B25-2,215,221,-20.840743099,500,0.041681486
2020-01-01T03:00:00+00:00,B26,215,224,97.518659353,500,0.195037319
2020-01-01T03:00:00+00:00,B27,216,217,-87.912271036,500,0.175824542
2020-01-01T03:00:00+00:00,B28,216,219,-62.190408131,500,0.124380816
2020-01-01T03:00:00+00:00,B29,217,218,123.317390438,500,0.246634781
2020-01-01T03:00:00+00:00,B3,201,205,8.865108838,175,0.050657765
2020-01-01T03:00:00+00:00,B30,217,222,-12.627404373,500,0.025254809
2020-01-01T03:00:00+00:00,B31-1,218,221,-1.345554715,500,0.002691109
2020-01-01T03:00:00+00:00,B31-2,218,221,-1.345554715,500,0.002691109
2020-01-01T03:00:00+00:00,B32-1,219,220,-65.340757333,500,0.130681515
2020-01-01T03:00:00+00:00,B32-2,219,220,-65.340757333,500,0.130681515
2020-01-01T03:00:00+00:00,B33-1,220,223,-89.558607158,500,0.179117214
2020-01-01T03:00:00+00:00,B33-2,220,223,-89.558607158,500,0.179117214
2020-01-01T03:00:00+00:00,B34,221,222,-44.372595627,500,0.088745191
2020-01-01T03:00:00+00:00,B4,202,204,0.692041302,175,0.003954522
2020-01-01T03:00:00+00:00,B5,202,206,9.831737619,175,0.056181358
2020-01-01T03:00:00+00:00,B6,203,209,24.061232509,175,0.137492757
2020-01-01T03:00:00+00:00,B7,203,224,-97.518659353,400,0.243796648
2020-01-01T03:00:00+00:00,B8,204,209,-27.309847558,175,0.156056272
2020-01-01T03:00:00+00:00,B9,205,210,-18.001568311,175,0.102866105
2020-01-01T03:00:00+00:00,C1,301,302,42.288611191,175,0.241649207
2020-01-01T03:00:00+00:00,C10,306,310,-32.900043588,175,0.188000249
2020-01-01T03:00:00+00:00,C11,307,308,-50.438943377,175,0.288222534
2020-01-01T03:00:00+00:00,C12-1,308,309,-89.016163792,175,0.508663793
2020-01-01T03:00:00+00:00,C13-2,308,310,-30.423254125,175,0.173847166
2020-01-01T03:00:00+00:00,C14,309,311,44.995582544,400,0.112488956
2020-01-01T03:00:00+00:00,C15,309,312,40.651897248,400,0.101629743
2020-01-01T03:00:00+00:00,C16,310,311,-67.731788568,400,0.169329471
2020-01-01T03:00:00+00:00,C17,310,312,-72.139666257,400,0.180349166
2020-01-01T03:00:00+00:00,C18,311,313,13.894052682,500,0.027788105
2020-01-01T03:00:00+00:00,C19,311,314,-36.630258707,500,0.073260517
2020-01-01T03:00:00+00:00,C2,301,303,-116.653772664,175,0.666592987
2020-01-01T03:00:00+00:00,C20,312,313,21.723545428,500,0.043447091
2020-01-01T03:00:00+00:00,C21,312,323,-53.211314437,500,0.106422629
2020-01-01T03:00:00+00:00,C22,313,323,-71.31296185,500,0.142625924
2020-01-01T03:00:00+00:00,C23,314,316,-114.911498828,500,0.229822998
2020-01-01T03:00:00+00:00,C24,315,316,22.907055209,500,0.04581411
2020-01-01T03:00:00+00:00,C25-1,315,321,-28.286810604,500,0.056573621
2020-01-01T03:00:00+00:00,C25-2,315,321,-28.286810604,500,0.056573621
2020-01-01T03:00:00+00:00,C26,315,324,-94.246594406,500,0.188493189
2020-01-01T03:00:00+00:00,C27,316,317,-274.303444485,500,0.548606889
2020-01-01T03:00:00+00:00,C28,316,319,103.947846165,500,0.207895692
2020-01-01T03:00:00+00:00,C29,317,318,385.645451288,500,0.771290903
2020-01-01T03:00:00+00:00,C3,301,305,30.785914395,175,0.175919511
2020-01-01T03:00:00+00:00,C30,317,322,12.25211502,500,0.02450423
2020-01-01T03:00:00+00:00,C31-1,318,321,-1.639246906,500,0.003278494
2020-01-01T03:00:00+00:00,C31-2,318,321,-1.639246906,500,0.003278494
2020-01-01T03:00:00+00:00,C32-1,319,320,15.456128077,500,0.030912256
2020-01-01T03:00:00+00:00,C32-2,319,320,15.456128077,500,0.030912256
2020-01-01T03:00:00+00:00,C33-1,320,323,-10.368610932,500,0.020737222
2020-01-01T03:00:00+00:00,C33-2,320,323,-10.368610932,500,0.020737222
2020-01-01T03:00:00+00:00,C34,321,322,-59.85211502,500,0.11970423
2020-01-01T03:00:00+00:00,C35,323,325,-145.26149815,722,0.201193211
2020-01-01T03:00:00+00:00,C4,302,304,-18.829535676,175,0.107597347
2020-01-01T03:00:00+00:00,C5,302,306,21.977526806,175,0.125585867
2020-01-01T03:00:00+00:00,C6,303,309,149.167554467,175,0.852386026
2020-01-01T03:00:00+00:00,C7,303,324,94.246594406,400,0.235616486
2020-01-01T03:00:00+00:00,C8,304,309,-48.689390156,175,0.278225087
2020-01-01T03:00:00+00:00,C9,305,310,2.136594557,175,0.012209112
2020-01-01T03:00:00+00:00,CA-1,325,121,-145.26149815,500,0.290522996
2020-01-01T03:00:00+00:00,CB-1,318,223,254.554599944,500,0.5091092
2020-01-01T04:00:00+00:00,A1,101,102,39.465913656,175,0.225519507
2020-01-01T04:00:00+00:00,A10,106,110,-6.8188021,175,0.038964583
2020-01-01T04:00:00+00:00,A11,107,108,-72.39859129,175,0.413706236
2020-01-01T04:00:00+00:00,A12-1,108,109,-75.498918554,175,0.431422392
2020-01-01T04:00:00+00:00,A13-2,108,110,-65.286980996,175,0.373068463
2020-01-01T04:00:00+00:00,A14,109,111,-42.756916379,400,0.106892291
2020-01-01T04:00:00+00:00,A15,109,112,-27.141996602,400,0.067854992
2020-01-01T04:00:00+00:00,A16,110,111,-63.151514218,400,0.157878786
2020-01-01T04:00:00+00:00,A17,110,112,-47.30583208,400,0.11826458
2020-01-01T04:00:00+00:00,A18,111,113,31.92777938,500,0.063855559
2020-01-01T04:00:00+00:00,A19,111,114,-137.836209976,500,0.27567242
2020-01-01T04:00:00+00:00,A2,101,103,1.313408088,175,0.007505189
2020-01-01T04:00:00+00:00,A20,112,113,3.781886483,500,0.007563773
2020-01-01T04:00:00+00:00,A21,112,123,-78.229715166,500,0.15645943
2020-01-01T04:00:00+00:00,A22,113,123,-89.308194509,500,0.178616389
2020-01-01T04:00:00+00:00,A23,114,116,-215.42181116,500,0.430843622
2020-01-01T04:00:00+00:00,A24,115,116,190.584023306,500,0.381168047
2020-01-01T04:00:00+00:00,A25-1,115,121,-193.723288156,500,0.387446576
2020-01-01T04:00:00+00:00,A25-2,115,121,-193.723288156,500,0.387446576
2020-01-01T04:00:00+00:00,A26,115,124,132.086080968,500,0.264172162
2020-01-01T04:00:00+00:00,A27,116,117,-343.882351161,500,0.687764702
2020-01-01T04:00:00+00:00,A28,116,119,279.051985377,500,0.558103971
2020-01-01T04:00:00+00:00,A29,117,118,-76.301840261,500,0.152603681
2020-01-01T04:00:00+00:00,A3,101,105,68.028694092,175,0.388735395
2020-01-01T04:00:00+00:00,A30,117,122,-267.5805109,500,0.535161022
2020-01-01T04:00:00+00:00,A31-1,118,121,-104.738562384,500,0.209477125
2020-01-01T04:00:00+00:00,A31-2,118,121,-104.738562384,500,0.209477125
2020-01-01T04:00:00+00:00,A32-1,119,120,103.332709662,500,0.206665419
2020-01-01T04:00:00+00:00,A32-2,119,120,103.332709662,500,0.206665419
2020-01-01T04:00:00+00:00,A33-1,120,123,77.737459787,500,0.15547492
2020-01-01T04:00:00+00:00,A33-2,120,123,77.737459787,500,0.15547492
2020-01-01T04:00:00+00:00,A34,121,122,-357.4194891,500,0.714838978
2020-01-01T04:00:00+00:00,A4,102,104,43.768675836,175,0.250106719
2020-01-01T04:00:00+00:00,A5,102,106,47.571103884,175,0.271834879
2020-01-01T04:00:00+00:00,A6,103,109,61.412848782,175,0.350930564
2020-01-01T04:00:00+00:00,A7,103,124,-132.086080968,400,0.330215202
2020-01-01T04:00:00+00:00,A8,104,109,14.174168168,175,0.080995247
2020-01-01T04:00:00+00:00,A9,105,110,39.633963762,175,0.226479793
2020-01-01T04:00:00+00:00,AB1,107,203,22.407868877,175,0.128044965
2020-01-01T04:00:00+00:00,AB2,113,215,119.037528858,500,0.238075058
2020-01-01T04:00:00+00:00,AB3,123,217,189.937009899,500,0.37987402
2020-01-01T04:00:00+00:00,B1,201,202,-12.567440059,175,0.071813943
2020-01-01T04:00:00+00:00,B10,206,210,-42.737023096,175,0.244211561
2020-01-01T04:00:00+00:00,B11,207,208,-48.205572149,175,0.275460412
2020-01-01T04:00:00+00:00,B12-1,208,209,-63.598971422,175,0.363422694
2020-01-01T04:00:00+00:00,B13-2,208,210,-50.551823427,175,0.288867562
2020-01-01T04:00:00+00:00,B14,209,211,-55.832249741,400,0.139580624
2020-01-01T04:00:00+00:00,B15,209,212,-78.928577879,400,0.197321445
2020-01-01T04:00:00+00:00,B16,210,211,-81.906939558,400,0.204767349
2020-01-01T04:00:00+00:00,B17,210,212,-105.344592742,400,0.263361482
2020-01-01T04:00:00+00:00,B18,211,213,-58.438508852,500,0.116877018
2020-01-01T04:00:00+00:00,B19,211,214,-79.300680447,500,0.158601361
2020-01-01T04:00:00+00:00,B2,201,203,-28.400946034,175,0.16229112
2020-01-01T04:00:00+00:00,B20,212,213,-16.807377383,500,0.033614755
2020-01-01T04:00:00+00:00,B21,212,223,-167.465793238,500,0.334931586
2020-01-01T04:00:00+00:00,B22,213,223,-177.441699191,500,0.354883398
2020-01-01T04:00:00+00:00,B23,214,216,-154.115728422,500,0.308231457
2020-01-01T04:00:00+00:00,B24,215,216,-36.024680222,500,0.07204936
2020-01-01T04:00:00+00:00,B25-1,215,221,-19.622734957,500,0.03924547
2020-01-01T04:00:00+00:00,B25-2,215,221,-19.622734957,500,0.03924547
2020-01-01T04:00:00+00:00,B26,215,224,99.958348024,500,0.199916696
2020-01-01T04:00:00+00:00,B27,216,217,-78.07189578,500,0.156143792
2020-01-01T04:00:00+00:00,B28,216,219,-57.632970584,500,0.115265941
2020-01-01T04:00:00+00:00,B29,217,218,124.082600587,500,0.248165201
2020-01-01T04:00:00+00:00,B3,201,205,8.618771756,175,0.049250124
2020-01-01T04:00:00+00:00,B30,217,222,-12.217486467,500,0.024434973
2020-01-01T04:00:00+00:00,B31-1,218,221,-2.168521809,500,0.004337044
2020-01-01T04:00:00+00:00,B31-2,218,221,-2.168521809,500,0.004337044
2020-01-01T04:00:00+00:00,B32-1,219,220,-63.717319528,500,0.127434639
2020-01-01T04:00:00+00:00,B32-2,219,220,-63.717319528,500,0.127434639
2020-01-01T04:00:00+00:00,B33-1,220,223,-88.398572468,500,0.176797145
2020-01-01T04:00:00+00:00,B33-2,220,223,-88.398572468,500,0.176797145
2020-01-01T04:00:00+00:00,B34,221,222,-43.582513533,500,0.087165027
2020-01-01T04:00:00+00:00,B4,202,204,0.314396551,175,0.001796552
2020-01-01T04:00:00+00:00,B5,202,206,9.710639402,175,0.055489368
2020-01-01T04:00:00+00:00,B6,203,209,24.549246972,175,0.140281411
2020-01-01T04:00:00+00:00,B7,203,224,-99.958348024,400,0.24989587
2020-01-01T04:00:00+00:00,B8,204,209,-28.223302161,175,0.161276012
2020-01-01T04:00:00+00:00,B9,205,210,-18.761993224,175,0.10721139
2020-01-01T04:00:00+00:00,C1,301,302,41.054460082,175,0.234596915
2020-01-01T04:00:00+00:00,C10,306,310,-35.064674796,175,0.20036957
2020-01-01T04:00:00+00:00,C11,307,308,-51.051882325,175,0.291725042
2020-01-01T04:00:00+00:00,C12-1,308,309,-88.733116914,175,0.507046382
2020-01-01T04:00:00+00:00,C13-2,308,310,-32.15774043,175,0.183758517
2020-01-01T04:00:00+00:00,C14,309,311,37.439002589,400,0.093597506
2020-01-01T04:00:00+00:00,C15,309,312,33.071555615,400,0.082678889
2020-01-01T04:00:00+00:00,C16,310,311,-71.495597184,400,0.178738993
2020-01-01T04:00:00+00:00,C17,310,312,-75.927587709,400,0.189818969
2020-01-01T04:00:00+00:00,C18,311,313,10.760486168,500,0.021520972
2020-01-01T04:00:00+00:00,C19,311,314,-44.817080763,500,0.089634162
2020-01-01T04:00:00+00:00,C2,301,303,-113.60092233,175,0.649148128
2020-01-01T04:00:00+00:00,C20,312,313,18.632809337,500,0.037265619
2020-01-01T04:00:00+00:00,C21,312,323,-61.488841431,500,0.122977683
2020-01-01T04:00:00+00:00,C22,313,323,-78.836695023,500,0.15767339
2020-01-01T04:00:00+00:00,C23,314,316,-124.049602131,500,0.248099204
2020-01-01T04:00:00+00:00,C24,315,316,20.452854263,500,0.040905709
2020-01-01T04:00:00+00:00,C25-1,315,321,-36.008329599,500,0.072016659
2020-01-01T04:00:00+00:00,C25-2,315,321,-36.008329599,500,0.072016659
2020-01-01T04:00:00+00:00,C26,315,324,-77.903768639,500,0.155807537
2020-01-01T04:00:00+00:00,C27,316,317,-288.468255267,500,0.576936511
2020-01-01T04:00:00+00:00,C28,316,319,106.030001539,500,0.212060003
2020-01-01T04:00:00+00:00,C29,317,318,373.28537357,500,0.746570747
2020-01-01T04:00:00+00:00,C3,301,305,28.437635919,175,0.162500777
2020-01-01T04:00:00+00:00,C30,317,322,12.749525804,500,0.025499052
2020-01-01T04:00:00+00:00,C31-1,318,321,6.233566697,500,0.012467133
2020-01-01T04:00:00+00:00,C31-2,318,321,6.233566697,500,0.012467133
2020-01-01T04:00:00+00:00,C32-1,319,320,16.053437967,500,0.032106876
2020-01-01T04:00:00+00:00,C32-2,319,320,16.053437967,500,0.032106876
2020-01-01T04:00:00+00:00,C33-1,320,323,-10.085125784,500,0.020170252
2020-01-01T04:00:00+00:00,C33-2,320,323,-10.085125784,500,0.020170252
2020-01-01T04:00:00+00:00,C34,321,322,-59.549525804,500,0.119099052
2020-01-01T04:00:00+00:00,C35,323,325,-160.495788021,722,0.222293335
2020-01-01T04:00:00+00:00,C4,302,304,-19.041573775,175,0.108808993
2020-01-01T04:00:00+00:00,C5,302,306,20.479773174,175,0.117027275
2020-01-01T04:00:00+00:00,C6,303,309,142.880598484,175,0.816460563
2020-01-01T04:00:00+00:00,C7,303,324,77.903768639,400,0.194759422
2020-01-01T04:00:00+00:00,C8,304,309,-49.264288112,175,0.281510218
2020-01-01T04:00:00+00:00,C9,305,310,-0.559833241,175,0.003199047
2020-01-01T04:00:00+00:00,CA-1,325,121,-160.495788021,500,0.320991576
2020-01-01T04:00:00+00:00,CB-1,318,223,224.816025662,500,0.449632051
2020-01-01T05:00:00+00:00,A1,101,102,39.226414735,175,0.224150941
2020-01-01T05:00:00+00:00,A10,106,110,-16.003804391,175,0.091450311
2020-01-01T05:00:00+00:00,A11,107,108,-62.582620807,175,0.357614976
2020-01-01T05:00:00+00:00,A12-1,108,109,-75.39551141,175,0.430831494
2020-01-01T05:00:00+00:00,A13-2,108,110,-64.395174738,175,0.367972427
2020-01-01T05:00:00+00:00,A14,109,111,-49.846606527,400,0.124616516
2020-01-01T05:00:00+00:00,A15,109,112,-42.486637741,400,0.106216594
2020-01-01T05:00:00+00:00,A16,110,111,-71.871732906,400,0.179679332
2020-01-01T05:00:00+00:00,A17,110,112,-64.402996109,400,0.16100749
2020-01-01T05:00:00+00:00,A18,111,113,6.957633219,500,0.013915266
2020-01-01T05:00:00+00:00,A19,111,114,-128.675972652,500,0.257351945
2020-01-01T05:00:00+00:00,A2,101,103,-0.215088457,175,0.001229077
2020-01-01T05:00:00+00:00,A20,112,113,-6.308710518,500,0.012617421
2020-01-01T05:00:00+00:00,A21,112,123,-100.580923331,500,0.201161847
2020-01-01T05:00:00+00:00,A22,113,123,-108.66128113,500,0.217322562
2020-01-01T05:00:00+00:00,A23,114,116,-216.268748534,500,0.432537497
2020-01-01T05:00:00+00:00,A24,115,116,161.711487441,500,0.323422975
2020-01-01T05:00:00+00:00,A25-1,115,121,-189.55970953,500,0.379119419
2020-01-01T05:00:00+00:00,A25-2,115,121,-189.55970953,500,0.379119419
2020-01-01T05:00:00+00:00,A26,115,124,136.27952979,500,0.27255906
2020-01-01T05:00:00+00:00,A27,116,117,-325.890115447,500,0.651780231
2020-01-01T05:00:00+00:00,A28,116,119,226.18193895,500,0.452363878
2020-01-01T05:00:00+00:00,A29,117,118,-59.622034223,500,0.119244068
2020-01-01T05:00:00+00:00,A3,101,105,64.225685087,175,0.367003915
2020-01-01T05:00:00+00:00,A30,117,122,-266.268081224,500,0.532536162
2020-01-01T05:00:00+00:00,A31-1,118,121,-104.987291258,500,0.209974583
2020-01-01T05:00:00+00:00,A31-2,118,121,-104.987291258,500,0.209974583
2020-01-01T05:00:00+00:00,A32-1,119,120,72.229391035,500,0.144458782
2020-01-01T05:00:00+00:00,A32-2,119,120,72.229391035,500,0.144458782
2020-01-01T05:00:00+00:00,A33-1,120,123,43.332805176,500,0.08666561
2020-01-01T05:00:00+00:00,A33-2,120,123,43.332805176,500,0.08666561
2020-01-01T05:00:00+00:00,A34,121,122,-358.731918776,500,0.717463838
2020-01-01T05:00:00+00:00,A4,102,104,40.695252891,175,0.232544302
2020-01-01T05:00:00+00:00,A5,102,106,45.401440558,175,0.259436803
2020-01-01T05:00:00+00:00,A6,103,109,54.792793606,175,0.313101678
2020-01-01T05:00:00+00:00,A7,103,124,-136.27952979,400,0.340698824
2020-01-01T05:00:00+00:00,A8,104,109,7.283575493,175,0.041620431
2020-01-01T05:00:00+00:00,A9,105,110,32.16853515,175,0.183820201
2020-01-01T05:00:00+00:00,AB1,107,203,6.143976553,175,0.035108437
2020-01-01T05:00:00+00:00,AB2,113,215,89.660278012,500,0.179320556
2020-01-01T05:00:00+00:00,AB3,123,217,180.423405892,500,0.360846812
2020-01-01T05:00:00+00:00,B1,201,202,-14.624483079,175,0.083568475
2020-01-01T05:00:00+00:00,B10,206,210,-47.631453285,175,0.272179733
2020-01-01T05:00:00+00:00,B11,207,208,-50.704391623,175,0.289739381
2020-01-01T05:00:00+00:00,B12-1,208,209,-66.127467983,175,0.377871246
2020-01-01T05:00:00+00:00,B13-2,208,210,-53.94053138,175,0.308231608
2020-01-01T05:00:00+00:00,B14,209,211,-62.056023358,400,0.155140058
2020-01-01T05:00:00+00:00,B15,209,212,-92.921070199,400,0.232302675
2020-01-01T05:00:00+00:00,B16,210,211,-86.557960128,400,0.2163949
2020-01-01T05:00:00+00:00,B17,210,212,-117.879140666,400,0.294697852
2020-01-01T05:00:00+00:00,B18,211,213,-75.244036837,500,0.150488074
2020-01-01T05:00:00+00:00,B19,211,214,-73.36994665,500,0.146739893
2020-01-01T05:00:00+00:00,B2,201,203,-25.117940527,175,0.143531089
2020-01-01T05:00:00+00:00,B20,212,213,-19.609789906,500,0.03921958
2020-01-01T05:00:00+00:00,B21,212,223,-191.190420959,500,0.382380842
2020-01-01T05:00:00+00:00,B22,213,223,-202.347136983,500,0.404694274
2020-01-01T05:00:00+00:00,B23,214,216,-152.063162448,500,0.304126325
2020-01-01T05:00:00+00:00,B24,215,216,-76.214458628,500,0.152428917
2020-01-01T05:00:00+00:00,B25-1,215,221,-20.529713372,500,0.041059427
2020-01-01T05:00:00+00:00,B25-2,215,221,-20.529713372,500,0.041059427
2020-01-01T05:00:00+00:00,B26,215,224,105.647826229,500,0.211295652
2020-01-01T05:00:00+00:00,B27,216,217,-58.887479865,500,0.11777496
2020-01-01T05:00:00+00:00,B28,216,219,-116.95365451,500,0.233907309
2020-01-01T05:00:00+00:00,B29,217,218,132.472548467,500,0.264945097
2020-01-01T05:00:00+00:00,B3,201,205,5.033829243,175,0.028764739
2020-01-01T05:00:00+00:00,B30,217,222,-10.93662244,500,0.021873245
2020-01-01T05:00:00+00:00,B31-1,218,221,-1.301975408,500,0.002603951
2020-01-01T05:00:00+00:00,B31-2,218,221,-1.301975408,500,0.002603951
2020-01-01T05:00:00+00:00,B32-1,219,220,-95.18680679,500,0.190373614
2020-01-01T05:00:00+00:00,B32-2,219,220,-95.18680679,500,0.190373614
2020-01-01T05:00:00+00:00,B33-1,220,223,-121.147455301,500,0.242294911
2020-01-01T05:00:00+00:00,B33-2,220,223,-121.147455301,500,0.242294911
2020-01-01T05:00:00+00:00,B34,221,222,-43.66337756,500,0.087326755
2020-01-01T05:00:00+00:00,B4,202,204,-1.506015779,175,0.008605804
2020-01-01T05:00:00+00:00,B5,202,206,7.534924801,175,0.043056713
2020-01-01T05:00:00+00:00,B6,203,209,13.659538318,175,0.078054505
2020-01-01T05:00:00+00:00,B7,203,224,-105.647826229,400,0.264119566
2020-01-01T05:00:00+00:00,B8,204,209,-31.523015619,175,0.180131518
2020-01-01T05:00:00+00:00,B9,205,210,-23.766265198,175,0.13580723
2020-01-01T05:00:00+00:00,C1,301,302,46.934092814,175,0.268194816
2020-01-01T05:00:00+00:00,C10,306,310,-37.309358672,175,0.213196335
2020-01-01T05:00:00+00:00,C11,307,308,-53.918854781,175,0.308107742
2020-01-01T05:00:00+00:00,C12-1,308,309,-90.810227906,175,0.518915588
2020-01-01T05:00:00+00:00,C13-2,308,310,-36.869620215,175,0.210683544
2020-01-01T05:00:00+00:00,C14,309,311,26.042737652,400,0.065106844
2020-01-01T05:00:00+00:00,C15,309,312,23.012804369,400,0.057532011
2020-01-01T05:00:00+00:00,C16,310,311,-77.961325443,400,0.194903314
2020-01-01T05:00:00+00:00,C17,310,312,-81.036036065,400,0.20259009
2020-01-01T05:00:00+00:00,C18,311,313,9.559506586,500,0.019119013
2020-01-01T05:00:00+00:00,C19,311,314,-61.478094378,500,0.122956189
2020-01-01T05:00:00+00:00,C2,301,303,-123.440923696,175,0.705376707
2020-01-01T05:00:00+00:00,C20,312,313,15.020961329,500,0.030041923
2020-01-01T05:00:00+00:00,C21,312,323,-73.044193025,500,0.146088386
2020-01-01T05:00:00+00:00,C22,313,323,-89.72750422,500,0.179455008
2020-01-01T05:00:00+00:00,C23,314,316,-145.160156998,500,0.290320314
2020-01-01T05:00:00+00:00,C24,315,316,32.439726782,500,0.064879454
2020-01-01T05:00:00+00:00,C25-1,315,321,-47.497719781,500,0.09499544
2020-01-01T05:00:00+00:00,C25-2,315,321,-47.497719781,500,0.09499544
2020-01-01T05:00:00+00:00,C26,315,324,-74.182502944,500,0.148365006
2020-01-01T05:00:00+00:00,C27,316,317,-320.276703103,500,0.640553406
2020-01-01T05:00:00+00:00,C28,316,319,126.421189063,500,0.252842378
2020-01-01T05:00:00+00:00,C29,317,318,345.529627771,500,0.691059256
2020-01-01T05:00:00+00:00,C3,301,305,29.920940352,175,0.170976802
2020-01-01T05:00:00+00:00,C30,317,322,20.801911307,500,0.041603823
2020-01-01T05:00:00+00:00,C31-1,318,321,23.496764127,500,0.046993528
2020-01-01T05:00:00+00:00,C31-2,318,321,23.496764127,500,0.046993528
2020-01-01T05:00:00+00:00,C32-1,319,320,24.17334367,500,0.048346687
2020-01-01T05:00:00+00:00,C32-2,319,320,24.17334367,500,0.048346687
2020-01-01T05:00:00+00:00,C33-1,320,323,-3.433109978,500,0.00686622
2020-01-01T05:00:00+00:00,C33-2,320,323,-3.433109978,500,0.00686622
2020-01-01T05:00:00+00:00,C34,321,322,-48.001911307,500,0.096003823
2020-01-01T05:00:00+00:00,C35,323,325,-169.6379172,722,0.234955564
2020-01-01T05:00:00+00:00,C4,302,304,-16.261293825,175,0.092921679
2020-01-01T05:00:00+00:00,C5,302,306,21.354355329,175,0.122024888
2020-01-01T05:00:00+00:00,C6,303,309,164.933422475,175,0.9424767
2020-01-01T05:00:00+00:00,C7,303,324,74.182502944,400,0.185456257
2020-01-01T05:00:00+00:00,C8,304,309,-48.181255855,175,0.275321462
2020-01-01T05:00:00+00:00,C9,305,310,-0.704969163,175,0.004028395
2020-01-01T05:00:00+00:00,CA-1,325,121,-169.6379172,500,0.339275834
2020-01-01T05:00:00+00:00,CB-1,318,223,154.89627038,500,0.309792541
2020-01-01T06:00:00+00:00,A1,101,102,7.432281145,175,0.042470178
2020-01-01T06:00:00+00:00,A10,106,110,-6.46043346,175,0.036916763
2020-01-01T06:00:00+00:00,A11,107,108,-67.536019022,175,0.385920109
2020-01-01T06:00:00+00:00,A12-1,108,109,-78.617406246,175,0.449242321
2020-01-01T06:00:00+00:00,A13-2,108,110,-69.743823056,175,0.398536132
2020-01-01T06:00:00+00:00,A14,109,111,-44.70716725,400,0.111767918
2020-01-01T06:00:00+00:00,A15,109,112,-42.03207635,400,0.105080191
2020-01-01T06:00:00+00:00,A16,110,111,-62.540527056,400,0.156351318
2020-01-01T06:00:00+00:00,A17,110,112,-59.825902793,400,0.149564757
2020-01-01T06:00:00+00:00,A18,111,113,7.449557877,500,0.014899116
2020-01-01T06:00:00+00:00,A19,111,114,-114.697252183,500,0.229394504
2020-01-01T06:00:00+00:00,A2,101,103,13.954286079,175,0.079738778
2020-01-01T06:00:00+00:00,A20,112,113,2.627706529,500,0.005255413
2020-01-01T06:00:00+00:00,A21,112,123,-104.485685672,500,0.208971371
2020-01-01T06:00:00+00:00,A22,113,123,-117.945303719,500,0.235890607
2020-01-01T06:00:00+00:00,A23,114,116,-206.393689577,500,0.412787379
2020-01-01T06:00:00+00:00,A24,115,116,158.17678855,500,0.316353577
2020-01-01T06:00:00+00:00,A25-1,115,121,-154.472047958,500,0.308944096
2020-01-01T06:00:00+00:00,A25-2,115,121,-154.472047958,500,0.308944096
2020-01-01T06:00:00+00:00,A26,115,124,124.933438018,500,0.249866876
2020-01-01T06:00:00+00:00,A27,116,117,-288.232449371,500,0.576464899
2020-01-01T06:00:00+00:00,A28,116,119,192.749343502,500,0.385498687
2020-01-01T06:00:00+00:00,A29,117,118,-26.590298668,500,0.053180597
2020-01-01T06:00:00+00:00,A3,101,105,79.565931547,175,0.454662466
2020-01-01T06:00:00+00:00,A30,117,122,-261.642150703,500,0.523284301
2020-01-01T06:00:00+00:00,A31-1,118,121,-91.993380396,500,0.183986761
2020-01-01T06:00:00+00:00,A31-2,118,121,-91.993380396,500,0.183986761
2020-01-01T06:00:00+00:00,A32-1,119,120,53.598756369,500,0.107197513
2020-01-01T06:00:00+00:00,A32-2,119,120,53.598756369,500,0.107197513
2020-01-01T06:00:00+00:00,A33-1,120,123,23.34838527,500,0.046696771
2020-01-01T06:00:00+00:00,A33-2,120,123,23.34838527,500,0.046696771
2020-01-01T06:00:00+00:00,A34,121,122,-363.357849297,500,0.726715699
2020-01-01T06:00:00+00:00,A4,102,104,55.762457322,175,0.318642613
2020-01-01T06:00:00+00:00,A5,102,106,57.821605126,175,0.330409172
2020-01-01T06:00:00+00:00,A6,103,109,53.80855538,175,0.307477459
2020-01-01T06:00:00+00:00,A7,103,124,-124.933438018,400,0.312333595
2020-01-01T06:00:00+00:00,A8,104,109,20.785465739,175,0.11877409
2020-01-01T06:00:00+00:00,A9,105,110,46.006926109,175,0.262896721
2020-01-01T06:00:00+00:00,AB1,107,203,8.453262969,175,0.04830436
2020-01-01T06:00:00+00:00,AB2,113,215,102.767125294,500,0.205534251
2020-01-01T06:00:00+00:00,AB3,123,217,202.238166821,500,0.404476334
2020-01-01T06:00:00+00:00,B1,201,202,-44.51432503,175,0.254367572
2020-01-01T06:00:00+00:00,B10,206,210,-37.853380504,175,0.216305031
2020-01-01T06:00:00+00:00,B11,207,208,-54.088619561,175,0.309077826
2020-01-01T06:00:00+00:00,B12-1,208,209,-69.654536123,175,0.398025921
2020-01-01T06:00:00+00:00,B13-2,208,210,-58.427314998,175,0.333870371
2020-01-01T06:00:00+00:00,B14,209,211,-58.437141384,400,0.146092853
2020-01-01T06:00:00+00:00,B15,209,212,-85.384641549,400,0.213461604
2020-01-01T06:00:00+00:00,B16,210,211,-81.028301174,400,0.202570753
2020-01-01T06:00:00+00:00,B17,210,212,-108.374040257,400,0.270935101
2020-01-01T06:00:00+00:00,B18,211,213,-62.969883268,500,0.125939767
2020-01-01T06:00:00+00:00,B19,211,214,-76.495559289,500,0.152991119
2020-01-01T06:00:00+00:00,B2,201,203,-14.697178769,175,0.083983879
2020-01-01T06:00:00+00:00,B20,212,213,-14.39701422,500,0.028794028
2020-01-01T06:00:00+00:00,B21,212,223,-179.361667586,500,0.358723335
2020-01-01T06:00:00+00:00,B22,213,223,-192.034770958,500,0.384069542
2020-01-01T06:00:00+00:00,B23,214,216,-160.441096849,500,0.320882194
2020-01-01T06:00:00+00:00,B24,215,216,-66.583560222,500,0.13316712
2020-01-01T06:00:00+00:00,B25-1,215,221,-21.587831539,500,0.043175663
2020-01-01T06:00:00+00:00,B25-2,215,221,-21.587831539,500,0.043175663
2020-01-01T06:00:00+00:00,B26,215,224,103.857609386,500,0.207715219
2020-01-01T06:00:00+00:00,B27,216,217,-71.970421232,500,0.143940842
2020-01-01T06:00:00+00:00,B28,216,219,-74.325131488,500,0.148650263
2020-01-01T06:00:00+00:00,B29,217,218,141.427585298,500,0.282855171
2020-01-01T06:00:00+00:00,B3,201,205,21.978936498,175,0.125593923
2020-01-01T06:00:00+00:00,B30,217,222,-11.159839709,500,0.022319679
2020-01-01T06:00:00+00:00,B31-1,218,221,-1.332248607,500,0.002664497
2020-01-01T06:00:00+00:00,B31-2,218,221,-1.332248607,500,0.002664497
2020-01-01T06:00:00+00:00,B32-1,219,220,-76.322726306,500,0.152645453
2020-01-01T06:00:00+00:00,B32-2,219,220,-76.322726306,500,0.152645453
2020-01-01T06:00:00+00:00,B33-1,220,223,-104.016099522,500,0.208032199
2020-01-01T06:00:00+00:00,B33-2,220,223,-104.016099522,500,0.208032199
2020-01-01T06:00:00+00:00,B34,221,222,-45.840160291,500,0.091680321
2020-01-01T06:00:00+00:00,B4,202,204,13.851201939,175,0.079149725
2020-01-01T06:00:00+00:00,B5,202,206,20.995037579,175,0.119971643
2020-01-01T06:00:00+00:00,B6,203,209,19.726081418,175,0.112720465
2020-01-01T06:00:00+00:00,B7,203,224,-103.857609386,400,0.259644023
2020-01-01T06:00:00+00:00,B8,204,209,-18.169260841,175,0.103824348
2020-01-01T06:00:00+00:00,B9,205,210,-8.743399413,175,0.049962282
2020-01-01T06:00:00+00:00,C1,301,302,49.069843367,175,0.280399105
2020-01-01T06:00:00+00:00,C10,306,310,-47.361386765,175,0.270636496
2020-01-01T06:00:00+00:00,C11,307,308,-60.008699781,175,0.342906856
2020-01-01T06:00:00+00:00,C12-1,308,309,-94.719797364,175,0.541255985
2020-01-01T06:00:00+00:00,C13-2,308,310,-47.380803717,175,0.27074745
2020-01-01T06:00:00+00:00,C14,309,311,-4.442697743,400,0.011106744
2020-01-01T06:00:00+00:00,C15,309,312,-10.051231844,400,0.02512808
2020-01-01T06:00:00+00:00,C16,310,311,-96.121465639,400,0.240303664
2020-01-01T06:00:00+00:00,C17,310,312,-101.812884481,400,0.254532211
2020-01-01T06:00:00+00:00,C18,311,313,-6.671446666,500,0.013342893
2020-01-01T06:00:00+00:00,C19,311,314,-93.892716716,500,0.187785433
2020-01-01T06:00:00+00:00,C2,301,303,-117.423713473,175,0.670992648
2020-01-01T06:00:00+00:00,C20,312,313,3.437936052,500,0.006875872
2020-01-01T06:00:00+00:00,C21,312,323,-115.302052377,500,0.230604105
2020-01-01T06:00:00+00:00,C22,313,323,-130.451954149,500,0.260903908
2020-01-01T06:00:00+00:00,C23,314,316,-187.026218776,500,0.374052438
2020-01-01T06:00:00+00:00,C24,315,316,1.923133779,500,0.003846268
2020-01-01T06:00:00+00:00,C25-1,315,321,-66.814810789,500,0.133629622
2020-01-01T06:00:00+00:00,C25-2,315,321,-66.814810789,500,0.133629622
2020-01-01T06:00:00+00:00,C26,315,324,-20.475574844,500,0.04095115
2020-01-01T06:00:00+00:00,C27,316,317,-332.778564618,500,0.665557129
2020-01-01T06:00:00+00:00,C28,316,319,123.668519796,500,0.24733704
2020-01-01T06:00:00+00:00,C29,317,318,303.571009503,500,0.607142019
2020-01-01T06:00:00+00:00,C3,301,305,24.506353495,175,0.140036306
2020-01-01T06:00:00+00:00,C30,317,322,18.950425879,500,0.037900852
2020-01-01T06:00:00+00:00,C31-1,318,321,42.13959785,500,0.084279196
2020-01-01T06:00:00+00:00,C31-2,318,321,42.13959785,500,0.084279196
2020-01-01T06:00:00+00:00,C32-1,319,320,18.387961257,500,0.036775923
2020-01-01T06:00:00+00:00,C32-2,319,320,18.387961257,500,0.036775923
2020-01-01T06:00:00+00:00,C33-1,320,323,-12.336493031,500,0.024672986
2020-01-01T06:00:00+00:00,C33-2,320,323,-12.336493031,500,0.024672986
2020-01-01T06:00:00+00:00,C34,321,322,-49.350425879,500,0.098700852
2020-01-01T06:00:00+00:00,C35,323,325,-270.426992588,722,0.374552621
2020-01-01T06:00:00+00:00,C4,302,304,-15.424986259,175,0.088142779
2020-01-01T06:00:00+00:00,C5,302,306,17.928078596,175,0.102446163
2020-01-01T06:00:00+00:00,C6,303,309,152.988183999,175,0.874218194
2020-01-01T06:00:00+00:00,C7,303,324,20.475574844,400,0.051188937
2020-01-01T06:00:00+00:00,C8,304,309,-50.950136529,175,0.291143637
2020-01-01T06:00:00+00:00,C9,305,310,-9.57858798,175,0.054734788
2020-01-01T06:00:00+00:00,CA-1,325,121,-270.426992588,500,0.540853985
2020-01-01T06:00:00+00:00,CB-1,318,223,59.428637588,500,0.118857275
2020-01-01T07:00:00+00:00,A1,101,102,45.43396572,175,0.259622661
2020-01-01T07:00:00+00:00,A10,106,110,2.540984836,175,0.014519913
2020-01-01T07:00:00+00:00,A11,107,108,-77.034264627,175,0.440195798
2020-01-01T07:00:00+00:00,A12-1,108,109,-81.870844289,175,0.467833396
2020-01-01T07:00:00+00:00,A13-2,108,110,-73.492589039,175,0.419957652
2020-01-01T07:00:00+00:00,A14,109,111,-36.624378897,400,0.091560947
2020-01-01T07:00:00+00:00,A15,109,112,-29.689649106,400,0.074224123
2020-01-01T07:00:00+00:00,A16,110,111,-53.379701835,400,0.133449255
2020-01-01T07:00:00+00:00,A17,110,112,-46.342488352,400,0.115856221
2020-01-01T07:00:00+00:00,A18,111,113,6.356908456,500,0.012713817
2020-01-01T07:00:00+00:00,A19,111,114,-96.360989187,500,0.192721978
2020-01-01T07:00:00+00:00,A2,101,103,23.720192816,175,0.135543959
2020-01-01T07:00:00+00:00,A20,112,113,-6.142941993,500,0.012285884
2020-01-01T07:00:00+00:00,A21,112,123,-69.889195465,500,0.139778391
2020-01-01T07:00:00+00:00,A22,113,123,-74.533226948,500,0.149066454
2020-01-01T07:00:00+00:00,A23,114,116,-185.22566011,500,0.37045132
2020-01-01T07:00:00+00:00,A24,115,116,154.632124587,500,0.309264249
2020-01-01T07:00:00+00:00,A25-1,115,121,-169.627521479,500,0.339255043
2020-01-01T07:00:00+00:00,A25-2,115,121,-169.627521479,500,0.339255043
2020-01-01T07:00:00+00:00,A26,115,124,101.416213822,500,0.202832428
2020-01-01T07:00:00+00:00,A27,116,117,-291.025563094,500,0.582051126
2020-01-01T07:00:00+00:00,A28,116,119,214.625496167,500,0.429250992
2020-01-01T07:00:00+00:00,A29,117,118,-59.072788354,500,0.118145577
2020-01-01T07:00:00+00:00,A3,101,105,93.074787548,175,0.531855929
2020-01-01T07:00:00+00:00,A30,117,122,-231.95277474,500,0.463905549
2020-01-01T07:00:00+00:00,A31-1,118,121,-97.954268964,500,0.195908538
2020-01-01T07:00:00+00:00,A31-2,118,121,-97.954268964,500,0.195908538
2020-01-01T07:00:00+00:00,A32-1,119,120,72.657837163,500,0.145315674
2020-01-01T07:00:00+00:00,A32-2,119,120,72.657837163,500,0.145315674
2020-01-01T07:00:00+00:00,A33-1,120,123,43.341657065,500,0.086683314
2020-01-01T07:00:00+00:00,A33-2,120,123,43.341657065,500,0.086683314
2020-01-01T07:00:00+00:00,A34,121,122,-308.54722526,500,0.617094451
2020-01-01T07:00:00+00:00,A4,102,104,57.130429369,175,0.326459596
2020-01-01T07:00:00+00:00,A5,102,106,64.837867545,175,0.3705021
2020-01-01T07:00:00+00:00,A6,103,109,57.584650112,175,0.329055143
2020-01-01T07:00:00+00:00,A7,103,124,-101.416213822,400,0.253540535
2020-01-01T07:00:00+00:00,A8,104,109,38.13359613,175,0.217906264
2020-01-01T07:00:00+00:00,A9,105,110,60.552150252,175,0.346012287
2020-01-01T07:00:00+00:00,AB1,107,203,19.776100373,175,0.113006288
2020-01-01T07:00:00+00:00,AB2,113,215,103.059885191,500,0.20611977
2020-01-01T07:00:00+00:00,AB3,123,217,162.671631061,500,0.325343262
2020-01-01T07:00:00+00:00,B1,201,202,-6.146782135,175,0.035124469
2020-01-01T07:00:00+00:00,B10,206,210,-46.787387666,175,0.267356501
2020-01-01T07:00:00+00:00,B11,207,208,-53.537698728,175,0.305929707
2020-01-01T07:00:00+00:00,B12-1,208,209,-70.804719115,175,0.404598395
2020-01-01T07:00:00+00:00,B13-2,208,210,-55.972551473,175,0.319843151
2020-01-01T07:00:00+00:00,B14,209,211,-62.215990533,400,0.155539976
2020-01-01T07:00:00+00:00,B15,209,212,-83.713393665,400,0.209283484
2020-01-01T07:00:00+00:00,B16,210,211,-91.839492865,400,0.229598732
2020-01-01T07:00:00+00:00,B17,210,212,-113.65459161,400,0.284136479
2020-01-01T07:00:00+00:00,B18,211,213,-57.868606458,500,0.115737213
2020-01-01T07:00:00+00:00,B19,211,214,-96.18687694,500,0.192373754
2020-01-01T07:00:00+00:00,B2,201,203,-32.403867123,175,0.185164955
2020-01-01T07:00:00+00:00,B20,212,213,-19.119537312,500,0.038239075
2020-01-01T07:00:00+00:00,B21,212,223,-178.248447963,500,0.356496896
2020-01-01T07:00:00+00:00,B22,213,223,-188.188065074,500,0.37637613
2020-01-01T07:00:00+00:00,B23,214,216,-179.277385366,500,0.358554771
2020-01-01T07:00:00+00:00,B24,215,216,10.36254083,500,0.020725082
2020-01-01T07:00:00+00:00,B25-1,215,221,-21.486204107,500,0.042972408
2020-01-01T07:00:00+00:00,B25-2,215,221,-21.486204107,500,0.042972408
2020-01-01T07:00:00+00:00,B26,215,224,120.3981486,500,0.240796297
2020-01-01T07:00:00+00:00,B27,216,217,-90.474793436,500,0.180949587
2020-01-01T07:00:00+00:00,B28,216,219,-28.270210082,500,0.05654042
2020-01-01T07:00:00+00:00,B29,217,218,110.276852457,500,0.220553705
2020-01-01T07:00:00+00:00,B3,201,205,11.194077557,175,0.063966157
2020-01-01T07:00:00+00:00,B30,217,222,-38.080014832,500,0.07616003
2020-01-01T07:00:00+00:00,B31-1,218,221,-16.173788477,500,0.032347577
2020-01-01T07:00:00+00:00,B31-2,218,221,-16.173788477,500,0.032347577
2020-01-01T07:00:00+00:00,B32-1,219,220,-52.89639892,500,0.105792798
2020-01-01T07:00:00+00:00,B32-2,219,220,-52.89639892,500,0.105792798
2020-01-01T07:00:00+00:00,B33-1,220,223,-80.307700669,500,0.160615401
2020-01-01T07:00:00+00:00,B33-2,220,223,-80.307700669,500,0.160615401
2020-01-01T07:00:00+00:00,B34,221,222,-75.319985168,500,0.15063997
2020-01-01T07:00:00+00:00,B4,202,204,0.846335102,175,0.004836201
2020-01-01T07:00:00+00:00,B5,202,206,11.46162855,175,0.06549502
2020-01-01T07:00:00+00:00,B6,203,209,30.676095682,175,0.175291975
2020-01-01T07:00:00+00:00,B7,203,224,-120.3981486,400,0.300995372
2020-01-01T07:00:00+00:00,B8,204,209,-30.847982545,175,0.176274186
2020-01-01T07:00:00+00:00,B9,205,210,-19.215335321,175,0.109801916
2020-01-01T07:00:00+00:00,C1,301,302,29.796229855,175,0.170264171
2020-01-01T07:00:00+00:00,C10,306,310,-68.581205495,175,0.391892603
2020-01-01T07:00:00+00:00,C11,307,308,-64.062005702,175,0.366068604
2020-01-01T07:00:00+00:00,C12-1,308,309,-83.848834196,175,0.479136195
2020-01-01T07:00:00+00:00,C13-2,308,310,-54.549995306,175,0.311714259
2020-01-01T07:00:00+00:00,C14,309,311,-51.596001148,400,0.128990003
2020-01-01T07:00:00+00:00,C15,309,312,-56.677863405,400,0.141694659
2020-01-01T07:00:00+00:00,C16,310,311,-109.059282622,400,0.272648207
2020-01-01T07:00:00+00:00,C17,310,312,-114.216246291,400,0.285540616
2020-01-01T07:00:00+00:00,C18,311,313,-61.868857264,500,0.123737715
2020-01-01T07:00:00+00:00,C19,311,314,-98.786426506,500,0.197572853
2020-01-01T07:00:00+00:00,C2,301,303,-83.125422803,175,0.475002416
2020-01-01T07:00:00+00:00,C20,312,313,-52.708800547,500,0.105417601
2020-01-01T07:00:00+00:00,C21,312,323,-92.085309149,500,0.184170618
2020-01-01T07:00:00+00:00,C22,313,323,-73.589109899,500,0.14717822
2020-01-01T07:00:00+00:00,C23,314,316,-96.110659355,500,0.192221319
2020-01-01T07:00:00+00:00,C24,315,316,-53.73822342,500,0.107476447
2020-01-01T07:00:00+00:00,C25-1,315,321,-51.459181166,500,0.102918362
2020-01-01T07:00:00+00:00,C25-2,315,321,-51.459181166,500,0.102918362
2020-01-01T07:00:00+00:00,C26,315,324,-5.804660708,500,0.011609321
2020-01-01T07:00:00+00:00,C27,316,317,-252.950540105,500,0.50590108
2020-01-01T07:00:00+00:00,C28,316,319,13.852052768,500,0.027704106
2020-01-01T07:00:00+00:00,C29,317,318,329.297564151,500,0.658595128
2020-01-01T07:00:00+00:00,C3,301,305,-2.020379978,175,0.011545028
2020-01-01T07:00:00+00:00,C30,317,322,-1.466104256,500,0.002932209
2020-01-01T07:00:00+00:00,C31-1,318,321,13.792233294,500,0.027584467
2020-01-01T07:00:00+00:00,C31-2,318,321,13.792233294,500,0.027584467
2020-01-01T07:00:00+00:00,C32-1,319,320,5.345134256,500,0.010690269
2020-01-01T07:00:00+00:00,C32-2,319,320,5.345134256,500,0.010690269
2020-01-01T07:00:00+00:00,C33-1,320,323,-3.854612663,500,0.007709225
2020-01-01T07:00:00+00:00,C33-2,320,323,-3.854612663,500,0.007709225
2020-01-01T07:00:00+00:00,C34,321,322,-75.333895744,500,0.150667791
2020-01-01T07:00:00+00:00,C35,323,325,-173.383644375,722,0.240143552
2020-01-01T07:00:00+00:00,C4,302,304,-21.034143278,175,0.120195104
2020-01-01T07:00:00+00:00,C5,302,306,1.118256708,175,0.006390038
2020-01-01T07:00:00+00:00,C6,303,309,76.920628279,175,0.439546447
2020-01-01T07:00:00+00:00,C7,303,324,-52.995339292,400,0.132488348
2020-01-01T07:00:00+00:00,C8,304,309,-58.958850653,175,0.336907718
2020-01-01T07:00:00+00:00,C9,305,310,-38.407599217,175,0.219471996
2020-01-01T07:00:00+00:00,CA-1,325,121,-173.383644375,500,0.346767289
2020-01-01T07:00:00+00:00,CB-1,318,223,131.051914375,500,0.262103829
2020-01-01T08:00:00+00:00,A1,101,102,30.866680061,175,0.176381029
2020-01-01T08:00:00+00:00,A10,106,110,-9.284351109,175,0.053053435
2020-01-01T08:00:00+00:00,A11,107,108,-77.683520972,175,0.443905834
2020-01-01T08:00:00+00:00,A12-1,108,109,-82.29702404,175,0.470268709
2020-01-01T08:00:00+00:00,A13-2,108,110,-69.337016472,175,0.396211523
2020-01-01T08:00:00+00:00,A14,109,111,-41.796207819,400,0.10449052
2020-01-01T08:00:00+00:00,A15,109,112,-30.811835618,400,0.077029589
2020-01-01T08:00:00+00:00,A16,110,111,-67.494829338,400,0.168737073
2020-01-01T08:00:00+00:00,A17,110,112,-56.348126513,400,0.140870316
2020-01-01T08:00:00+00:00,A18,111,113,6.855811665,500,0.013711623
2020-01-01T08:00:00+00:00,A19,111,114,-116.146848822,500,0.232293698
2020-01-01T08:00:00+00:00,A2,101,103,-1.729592585,175,0.009883386
2020-01-01T08:00:00+00:00,A20,112,113,-12.943519228,500,0.025887038
2020-01-01T08:00:00+00:00,A21,112,123,-74.216442904,500,0.148432886
2020-01-01T08:00:00+00:00,A22,113,123,-75.605816537,500,0.151211633
2020-01-01T08:00:00+00:00,A23,114,116,-200.04392947,500,0.400087859
2020-01-01T08:00:00+00:00,A24,115,116,175.756152567,500,0.351512305
2020-01-01T08:00:00+00:00,A25-1,115,121,-182.550615215,500,0.36510123
2020-01-01T08:00:00+00:00,A25-2,115,121,-182.550615215,500,0.36510123
2020-01-01T08:00:00+00:00,A26,115,124,114.255518249,500,0.228511036
2020-01-01T08:00:00+00:00,A27,116,117,-300.686720411,500,0.601373441
2020-01-01T08:00:00+00:00,A28,116,119,233.153025648,500,0.466306051
2020-01-01T08:00:00+00:00,A29,117,118,-100.257934235,500,0.200515868
2020-01-01T08:00:00+00:00,A3,101,105,69.812553236,175,0.398928876
2020-01-01T08:00:00+00:00,A30,117,122,-200.428786176,500,0.400857572
2020-01-01T08:00:00+00:00,A31-1,118,121,-104.283420354,500,0.208566841
2020-01-01T08:00:00+00:00,A31-2,118,121,-104.283420354,500,0.208566841
2020-01-01T08:00:00+00:00,A32-1,119,120,91.588957161,500,0.183177914
2020-01-01T08:00:00+00:00,A32-2,119,120,91.588957161,500,0.183177914
2020-01-01T08:00:00+00:00,A33-1,120,123,63.911569731,500,0.127823139
2020-01-01T08:00:00+00:00,A33-2,120,123,63.911569731,500,0.127823139
2020-01-01T08:00:00+00:00,A34,121,122,-248.971213824,500,0.497942428
2020-01-01T08:00:00+00:00,A4,102,104,35.988042557,175,0.205645957
2020-01-01T08:00:00+00:00,A5,102,106,49.53009718,175,0.283029127
2020-01-01T08:00:00+00:00,A6,103,109,63.883273517,175,0.365047277
2020-01-01T08:00:00+00:00,A7,103,124,-114.255518249,400,0.285638796
2020-01-01T08:00:00+00:00,A8,104,109,21.486063341,175,0.122777505
2020-01-01T08:00:00+00:00,A9,105,110,39.107951555,175,0.223474009
2020-01-01T08:00:00+00:00,AB1,107,203,23.626123647,175,0.135006421
2020-01-01T08:00:00+00:00,AB2,113,215,118.016426646,500,0.236032853
2020-01-01T08:00:00+00:00,AB3,123,217,180.000880022,500,0.36000176
2020-01-01T08:00:00+00:00,B1,201,202,-5.604824718,175,0.03202757
2020-01-01T08:00:00+00:00,B10,206,210,-45.352800519,175,0.25915886
2020-01-01T08:00:00+00:00,B11,207,208,-52.809696228,175,0.301769693
2020-01-01T08:00:00+00:00,B12-1,208,209,-70.120895424,175,0.400690831
2020-01-01T08:00:00+00:00,B13-2,208,210,-54.932465244,175,0.313899801
2020-01-01T08:00:00+00:00,B14,209,211,-60.319400501,400,0.150798501
2020-01-01T08:00:00+00:00,B15,209,212,-79.248766932,400,0.198121917
2020-01-01T08:00:00+00:00,B16,210,211,-90.604333934,400,0.226510835
2020-01-01T08:00:00+00:00,B17,210,212,-109.813444696,400,0.274533612
2020-01-01T08:00:00+00:00,B18,211,213,-53.133845171,500,0.10626769
2020-01-01T08:00:00+00:00,B19,211,214,-97.789889264,500,0.195579779
2020-01-01T08:00:00+00:00,B2,201,203,-33.769273529,175,0.192967277
2020-01-01T08:00:00+00:00,B20,212,213,-19.01366218,500,0.038027324
2020-01-01T08:00:00+00:00,B21,212,223,-170.048549448,500,0.340097099
2020-01-01T08:00:00+00:00,B22,213,223,-179.104063355,500,0.358208127
2020-01-01T08:00:00+00:00,B23,214,216,-179.75053781,500,0.359501076
2020-01-01T08:00:00+00:00,B24,215,216,42.608761444,500,0.085217523
2020-01-01T08:00:00+00:00,B25-1,215,221,-20.672888864,500,0.041345778
2020-01-01T08:00:00+00:00,B25-2,215,221,-20.672888864,500,0.041345778
2020-01-01T08:00:00+00:00,B26,215,224,120.628053295,500,0.241256107
2020-01-01T08:00:00+00:00,B27,216,217,-108.970071542,500,0.217940143
2020-01-01T08:00:00+00:00,B28,216,219,-8.419461806,500,0.016838924
2020-01-01T08:00:00+00:00,B29,217,218,108.326176333,500,0.216652353
2020-01-01T08:00:00+00:00,B3,201,205,12.246520706,175,0.069980118
2020-01-01T08:00:00+00:00,B30,217,222,-37.295367854,500,0.074590736
2020-01-01T08:00:00+00:00,B31-1,218,221,-16.179427209,500,0.032358854
2020-01-01T08:00:00+00:00,B31-2,218,221,-16.179427209,500,0.032358854
2020-01-01T08:00:00+00:00,B32-1,219,220,-42.443950972,500,0.084887902
2020-01-01T08:00:00+00:00,B32-2,219,220,-42.443950972,500,0.084887902
2020-01-01T08:00:00+00:00,B33-1,220,223,-69.482515441,500,0.138965031
2020-01-01T08:00:00+00:00,B33-2,220,223,-69.482515441,500,0.138965031
2020-01-01T08:00:00+00:00,B34,221,222,-73.704632146,500,0.147409264
2020-01-01T08:00:00+00:00,B4,202,204,1.310702032,175,0.007489726
2020-01-01T08:00:00+00:00,B5,202,206,12.104148977,175,0.069166566
2020-01-01T08:00:00+00:00,B6,203,209,34.438940845,175,0.196793948
2020-01-01T08:00:00+00:00,B7,203,224,-120.628053295,400,0.301570133
2020-01-01T08:00:00+00:00,B8,204,209,-29.952638135,175,0.171157932
2020-01-01T08:00:00+00:00,B9,205,210,-17.749386752,175,0.101425067
2020-01-01T08:00:00+00:00,C1,301,302,19.154085489,175,0.109451917
2020-01-01T08:00:00+00:00,C10,306,310,-83.640284663,175,0.477944484
2020-01-01T08:00:00+00:00,C11,307,308,-68.688706096,175,0.392506892
2020-01-01T08:00:00+00:00,C12-1,308,309,-73.218605312,175,0.41839203
2020-01-01T08:00:00+00:00,C13-2,308,310,-53.536250725,175,0.305921433
2020-01-01T08:00:00+00:00,C14,309,311,-75.106726824,400,0.187766817
2020-01-01T08:00:00+00:00,C15,309,312,-86.254837768,400,0.215637094
2020-01-01T08:00:00+00:00,C16,310,311,-114.307090214,400,0.285767726
2020-01-01T08:00:00+00:00,C17,310,312,-125.619951565,400,0.314049879
2020-01-01T08:00:00+00:00,C18,311,313,-130.144284161,500,0.260288568
2020-01-01T08:00:00+00:00,C19,311,314,-59.269532878,500,0.118539066
2020-01-01T08:00:00+00:00,C2,301,303,-60.520187738,175,0.345829644
2020-01-01T08:00:00+00:00,C20,312,313,-110.049814185,500,0.220099628
2020-01-01T08:00:00+00:00,C21,312,323,-53.124975148,500,0.10624995
2020-01-01T08:00:00+00:00,C22,313,323,1.48584473,500,0.002971689
2020-01-01T08:00:00+00:00,C23,314,316,-18.27440474,500,0.036548809
2020-01-01T08:00:00+00:00,C24,315,316,-114.225248007,500,0.228450496
2020-01-01T08:00:00+00:00,C25-1,315,321,-18.913778223,500,0.037827556
2020-01-01T08:00:00+00:00,C25-2,315,321,-18.913778223,500,0.037827556
2020-01-01T08:00:00+00:00,C26,315,324,-22.141754208,500,0.044283508
2020-01-01T08:00:00+00:00,C27,316,317,-160.785086828,500,0.321570174
2020-01-01T08:00:00+00:00,C28,316,319,-64.665530796,500,0.129331062
2020-01-01T08:00:00+00:00,C29,317,318,388.437888081,500,0.776875776
2020-01-01T08:00:00+00:00,C3,301,305,-17.980939818,175,0.102748228
2020-01-01T08:00:00+00:00,C30,317,322,12.894025091,500,0.02578805
2020-01-01T08:00:00+00:00,C31-1,318,321,-9.333234323,500,0.018666469
2020-01-01T08:00:00+00:00,C31-2,318,321,-9.333234323,500,0.018666469
2020-01-01T08:00:00+00:00,C32-1,319,320,-20.063388612,500,0.040126777
2020-01-01T08:00:00+00:00,C32-2,319,320,-20.063388612,500,0.040126777
2020-01-01T08:00:00+00:00,C33-1,320,323,-11.832006133,500,0.023664012
2020-01-01T08:00:00+00:00,C33-2,320,323,-11.832006133,500,0.023664012
2020-01-01T08:00:00+00:00,C34,321,322,-56.494025091,500,0.11298805
2020-01-01T08:00:00+00:00,C35,323,325,-75.303142685,722,0.104297982
2020-01-01T08:00:00+00:00,C4,302,304,-25.241378012,175,0.144236446
2020-01-01T08:00:00+00:00,C5,302,306,-8.90697243,175,0.050896985
2020-01-01T08:00:00+00:00,C6,303,309,25.026321275,175,0.14300755
2020-01-01T08:00:00+00:00,C7,303,324,-73.858245792,400,0.184645614
2020-01-01T08:00:00+00:00,C8,304,309,-65.905092021,175,0.376600526
2020-01-01T08:00:00+00:00,C9,305,310,-56.996124881,175,0.325692142
2020-01-01T08:00:00+00:00,CA-1,325,121,-75.303142685,500,0.150606285
2020-01-01T08:00:00+00:00,CB-1,318,223,224.117643685,500,0.448235287
2020-01-01T09:00:00+00:00,A1,101,102,43.251945673,175,0.247153975
2020-01-01T09:00:00+00:00,A10,106,110,-0.319233047,175,0.001824189
2020-01-01T09:00:00+00:00,A11,107,108,-81.118911529,175,0.463536637
2020-01-01T09:00:00+00:00,A12-1,108,109,-81.452513745,175,0.465442936
2020-01-01T09:00:00+00:00,A13-2,108,110,-70.718970784,175,0.404108404
2020-01-01T09:00:00+00:00,A14,109,111,-33.290182073,400,0.083225455
2020-01-01T09:00:00+00:00,A15,109,112,-25.11116166,400,0.062777904
2020-01-01T09:00:00+00:00,A16,110,111,-54.55431787,400,0.136385795
2020-01-01T09:00:00+00:00,A17,110,112,-46.254425235,400,0.115636063
2020-01-01T09:00:00+00:00,A18,111,113,7.218059551,500,0.014436119
2020-01-01T09:00:00+00:00,A19,111,114,-95.062559494,500,0.190125119
2020-01-01T09:00:00+00:00,A2,101,103,9.613345672,175,0.054933404
2020-01-01T09:00:00+00:00,A20,112,113,-7.524624742,500,0.015049249
2020-01-01T09:00:00+00:00,A21,112,123,-63.840962153,500,0.127681924
2020-01-01T09:00:00+00:00,A22,113,123,-67.027486681,500,0.134054973
2020-01-01T09:00:00+00:00,A23,114,116,-175.671911318,500,0.351343823
2020-01-01T09:00:00+00:00,A24,115,116,162.620745569,500,0.325241491
2020-01-01T09:00:00+00:00,A25-1,115,121,-161.436879709,500,0.322873759
2020-01-01T09:00:00+00:00,A25-2,115,121,-161.436879709,500,0.322873759
2020-01-01T09:00:00+00:00,A26,115,124,90.535670919,500,0.181071342
2020-01-01T09:00:00+00:00,A27,116,117,-251.443588654,500,0.502887177
2020-01-01T09:00:00+00:00,A28,116,119,196.841210624,500,0.393682421
2020-01-01T09:00:00+00:00,A29,117,118,-110.787944288,500,0.221575889
2020-01-01T09:00:00+00:00,A3,101,105,80.755685391,175,0.461461059
2020-01-01T09:00:00+00:00,A30,117,122,-140.655644366,500,0.281311289
2020-01-01T09:00:00+00:00,A31-1,118,121,-99.476740591,500,0.198953481
2020-01-01T09:00:00+00:00,A31-2,118,121,-99.476740591,500,0.198953481
2020-01-01T09:00:00+00:00,A32-1,119,120,79.516758198,500,0.159033516
2020-01-01T09:00:00+00:00,A32-2,119,120,79.516758198,500,0.159033516
2020-01-01T09:00:00+00:00,A33-1,120,123,52.923982338,500,0.105847965
2020-01-01T09:00:00+00:00,A33-2,120,123,52.923982338,500,0.105847965
2020-01-01T09:00:00+00:00,A34,121,122,-156.344355634,500,0.312688711
2020-01-01T09:00:00+00:00,A4,102,104,44.556854106,175,0.254610595
2020-01-01T09:00:00+00:00,A5,102,106,56.190415655,175,0.321088089
2020-01-01T09:00:00+00:00,A6,103,109,63.656834486,175,0.36375334
2020-01-01T09:00:00+00:00,A7,103,124,-90.535670919,400,0.226339177
2020-01-01T09:00:00+00:00,A8,104,109,32.108957018,175,0.183479754
2020-01-01T09:00:00+00:00,A9,105,110,51.254324672,175,0.292881855
2020-01-01T09:00:00+00:00,AB1,107,203,29.179896178,175,0.166742264
2020-01-01T09:00:00+00:00,AB2,113,215,123.210208946,500,0.246420418
2020-01-01T09:00:00+00:00,AB3,123,217,176.979515843,500,0.353959032
2020-01-01T09:00:00+00:00,B1,201,202,-4.98401818,175,0.028480104
2020-01-01T09:00:00+00:00,B10,206,210,-45.25566926,175,0.258603824
2020-01-01T09:00:00+00:00,B11,207,208,-53.045805132,175,0.303118886
2020-01-01T09:00:00+00:00,B12-1,208,209,-70.609929863,175,0.403485314
2020-01-01T09:00:00+00:00,B13-2,208,210,-55.002536689,175,0.31430021
2020-01-01T09:00:00+00:00,B14,209,211,-59.748808842,400,0.149372022
2020-01-01T09:00:00+00:00,B15,209,212,-78.152171431,400,0.195380429
2020-01-01T09:00:00+00:00,B16,210,211,-90.836110893,400,0.227090277
2020-01-01T09:00:00+00:00,B17,210,212,-109.511444358,400,0.273778611
2020-01-01T09:00:00+00:00,B18,211,213,-52.427964265,500,0.104855929
2020-01-01T09:00:00+00:00,B19,211,214,-98.15695547,500,0.196313911
2020-01-01T09:00:00+00:00,B2,201,203,-35.139681472,175,0.20079818
2020-01-01T09:00:00+00:00,B20,212,213,-19.255903198,500,0.038511806
2020-01-01T09:00:00+00:00,B21,212,223,-168.407712591,500,0.336815425
2020-01-01T09:00:00+00:00,B22,213,223,-177.140974342,500,0.354281949
2020-01-01T09:00:00+00:00,B23,214,216,-180.484045034,500,0.36096809
2020-01-01T09:00:00+00:00,B24,215,216,49.36157648,500,0.098723153
2020-01-01T09:00:00+00:00,B25-1,215,221,-19.201598564,500,0.038403197
2020-01-01T09:00:00+00:00,B25-2,215,221,-19.201598564,500,0.038403197
2020-01-01T09:00:00+00:00,B26,215,224,119.32766778,500,0.238655336
2020-01-01T09:00:00+00:00,B27,216,217,-108.262293844,500,0.216524588
2020-01-01T09:00:00+00:00,B28,216,219,-3.296818815,500,0.006593638
2020-01-01T09:00:00+00:00,B29,217,218,106.365808646,500,0.212731617
2020-01-01T09:00:00+00:00,B3,201,205,12.792124018,175,0.073097852
2020-01-01T09:00:00+00:00,B30,217,222,-37.648586647,500,0.075297173
2020-01-01T09:00:00+00:00,B31-1,218,221,-17.474108112,500,0.034948216
2020-01-01T09:00:00+00:00,B31-2,218,221,-17.474108112,500,0.034948216
2020-01-01T09:00:00+00:00,B32-1,219,220,-40.053572323,500,0.080107145
2020-01-01T09:00:00+00:00,B32-2,219,220,-40.053572323,500,0.080107145
2020-01-01T09:00:00+00:00,B33-1,220,223,-67.21302455,500,0.134426049
2020-01-01T09:00:00+00:00,B33-2,220,223,-67.21302455,500,0.134426049
2020-01-01T09:00:00+00:00,B34,221,222,-73.351413353,500,0.146702827
2020-01-01T09:00:00+00:00,B4,202,204,1.394270315,175,0.007967259
2020-01-01T09:00:00+00:00,B5,202,206,12.458166723,175,0.071189524
2020-01-01T09:00:00+00:00,B6,203,209,36.981923096,175,0.211325275
2020-01-01T09:00:00+00:00,B7,203,224,-119.32766778,400,0.298319169
2020-01-01T09:00:00+00:00,B8,204,209,-30.008846323,175,0.171479122
2020-01-01T09:00:00+00:00,B9,205,210,-17.337893296,175,0.099073676
2020-01-01T09:00:00+00:00,C1,301,302,9.318928629,175,0.053251021
2020-01-01T09:00:00+00:00,C10,306,310,-96.259010773,175,0.55005149
2020-01-01T09:00:00+00:00,C11,307,308,-71.872034167,175,0.410697338
2020-01-01T09:00:00+00:00,C12-1,308,309,-63.627434154,175,0.363585338
2020-01-01T09:00:00+00:00,C13-2,308,310,-53.665542753,175,0.306660244
2020-01-01T09:00:00+00:00,C14,309,311,-105.58630864,400,0.263965772
2020-01-01T09:00:00+00:00,C15,309,312,-121.042344301,400,0.302605861
2020-01-01T09:00:00+00:00,C16,310,311,-126.425516124,400,0.31606379
2020-01-01T09:00:00+00:00,C17,310,312,-142.109966105,400,0.355274915
2020-01-01T09:00:00+00:00,C18,311,313,-188.847652415,500,0.377695305
2020-01-01T09:00:00+00:00,C19,311,314,-43.16417235,500,0.086328345
2020-01-01T09:00:00+00:00,C2,301,303,-38.949126151,175,0.222566435
2020-01-01T09:00:00+00:00,C20,312,313,-160.988148136,500,0.321976296
2020-01-01T09:00:00+00:00,C21,312,323,-43.16416227,500,0.086328325
2020-01-01T09:00:00+00:00,C22,313,323,40.695487015,500,0.081390974
2020-01-01T09:00:00+00:00,C23,314,316,10.490430624,500,0.020980861
2020-01-01T09:00:00+00:00,C24,315,316,-142.399478936,500,0.284798958
2020-01-01T09:00:00+00:00,C25-1,315,321,-25.63613031,500,0.051272261
2020-01-01T09:00:00+00:00,C25-2,315,321,-25.63613031,500,0.051272261
2020-01-01T09:00:00+00:00,C26,315,324,11.404260908,500,0.022808522
2020-01-01T09:00:00+00:00,C27,316,317,-119.725904327,500,0.239451809
2020-01-01T09:00:00+00:00,C28,316,319,-107.680771318,500,0.215361543
2020-01-01T09:00:00+00:00,C29,317,318,354.601412035,500,0.709202824
2020-01-01T09:00:00+00:00,C3,301,305,-32.467239998,175,0.185527086
2020-01-01T09:00:00+00:00,C30,317,322,-26.687316363,500,0.053374633
2020-01-01T09:00:00+00:00,C31-1,318,321,-26.420211509,500,0.052840423
2020-01-01T09:00:00+00:00,C31-2,318,321,-26.420211509,500,0.052840423
2020-01-01T09:00:00+00:00,C32-1,319,320,-37.525738396,500,0.075051477
2020-01-01T09:00:00+00:00,C32-2,319,320,-37.525738396,500,0.075051477
2020-01-01T09:00:00+00:00,C33-1,320,323,-16.024219889,500,0.03204844
2020-01-01T09:00:00+00:00,C33-2,320,323,-16.024219889,500,0.03204844
2020-01-01T09:00:00+00:00,C34,321,322,-104.112683637,500,0.208225367
2020-01-01T09:00:00+00:00,C35,323,325,-34.517115033,722,0.047807639
2020-01-01T09:00:00+00:00,C4,302,304,-28.391532285,175,0.162237327
2020-01-01T09:00:00+00:00,C5,302,306,-18.062237599,175,0.103212786
2020-01-01T09:00:00+00:00,C6,303,309,-22.140594443,175,0.126517683
2020-01-01T09:00:00+00:00,C7,303,324,-116.704260908,400,0.291760652
2020-01-01T09:00:00+00:00,C8,304,309,-70.939776512,175,0.405370151
2020-01-01T09:00:00+00:00,C9,305,310,-73.290555404,175,0.418803174
2020-01-01T09:00:00+00:00,CA-1,325,121,-34.517115033,500,0.06903423
2020-01-01T09:00:00+00:00,CB-1,318,223,215.974736033,500,0.431949472
2020-01-01T10:00:00+00:00,A1,101,102,46.073928613,175,0.263279592
2020-01-01T10:00:00+00:00,A10,106,110,15.871883521,175,0.090696477
2020-01-01T10:00:00+00:00,A11,107,108,-81.112109434,175,0.463497768
2020-01-01T10:00:00+00:00,A12-1,108,109,-78.072620332,175,0.446129259
2020-01-01T10:00:00+00:00,A13-2,108,110,-72.230607342,175,0.412746328
2020-01-01T10:00:00+00:00,A14,109,111,-19.90263648,400,0.049756591
2020-01-01T10:00:00+00:00,A15,109,112,-18.284581365,400,0.045711453
2020-01-01T10:00:00+00:00,A16,110,111,-31.502559837,400,0.0787564
2020-01-01T10:00:00+00:00,A17,110,112,-29.860592577,400,0.074651481
2020-01-01T10:00:00+00:00,A18,111,113,1.927858098,500,0.003855716
2020-01-01T10:00:00+00:00,A19,111,114,-53.333054415,500,0.106666109
2020-01-01T10:00:00+00:00,A2,101,103,34.800217981,175,0.198858388
2020-01-01T10:00:00+00:00,A20,112,113,-0.988686247,500,0.001977372
2020-01-01T10:00:00+00:00,A21,112,123,-47.156487695,500,0.094312975
2020-01-01T10:00:00+00:00,A22,113,123,-52.03129157,500,0.104062583
2020-01-01T10:00:00+00:00,A23,114,116,-131.830580372,500,0.263661161
2020-01-01T10:00:00+00:00,A24,115,116,130.474000613,500,0.260948001
2020-01-01T10:00:00+00:00,A25-1,115,121,-124.009870478,500,0.248019741
2020-01-01T10:00:00+00:00,A25-2,115,121,-124.009870478,500,0.248019741
2020-01-01T10:00:00+00:00,A26,115,124,51.279164424,500,0.102558329
2020-01-01T10:00:00+00:00,A27,116,117,-172.500336981,500,0.345000674
2020-01-01T10:00:00+00:00,A28,116,119,130.681114977,500,0.26136223
2020-01-01T10:00:00+00:00,A29,117,118,-104.963152575,500,0.209926305
2020-01-01T10:00:00+00:00,A3,101,105,102.626199781,175,0.586435427
2020-01-01T10:00:00+00:00,A30,117,122,-67.537184407,500,0.135074369
2020-01-01T10:00:00+00:00,A31-1,118,121,-90.001875626,500,0.180003751
2020-01-01T10:00:00+00:00,A31-2,118,121,-90.001875626,500,0.180003751
2020-01-01T10:00:00+00:00,A32-1,119,120,50.771866256,500,0.101543733
2020-01-01T10:00:00+00:00,A32-2,119,120,50.771866256,500,0.101543733
2020-01-01T10:00:00+00:00,A33-1,120,123,24.875775219,500,0.04975155
2020-01-01T10:00:00+00:00,A33-2,120,123,24.875775219,500,0.04975155
2020-01-01T10:00:00+00:00,A34,121,122,-48.262815593,500,0.096525631
2020-01-01T10:00:00+00:00,A4,102,104,64.190755315,175,0.366804316
2020-01-01T10:00:00+00:00,A5,102,106,70.901076975,175,0.405149011
2020-01-01T10:00:00+00:00,A6,103,109,58.146626363,175,0.332266436
2020-01-01T10:00:00+00:00,A7,103,124,-51.279164424,400,0.128197911
2020-01-01T10:00:00+00:00,A8,104,109,52.548400054,175,0.300276572
2020-01-01T10:00:00+00:00,A9,105,110,73.897723787,175,0.422272707
2020-01-01T10:00:00+00:00,AB1,107,203,30.533806627,175,0.174478895
2020-01-01T10:00:00+00:00,AB2,113,215,112.844461471,500,0.225688923
2020-01-01T10:00:00+00:00,AB3,123,217,152.563771173,500,0.305127542
2020-01-01T10:00:00+00:00,B1,201,202,-5.037220902,175,0.028784119
2020-01-01T10:00:00+00:00,B10,206,210,-43.577947864,175,0.249016845
2020-01-01T10:00:00+00:00,B11,207,208,-51.806233289,175,0.296035619
2020-01-01T10:00:00+00:00,B12-1,208,209,-69.006845358,175,0.394324831
2020-01-01T10:00:00+00:00,B13-2,208,210,-53.670315071,175,0.306687515
2020-01-01T10:00:00+00:00,B14,209,211,-58.075632875,400,0.145189082
2020-01-01T10:00:00+00:00,B15,209,212,-74.707284885,400,0.186768212
2020-01-01T10:00:00+00:00,B16,210,211,-88.614018928,400,0.221535047
2020-01-01T10:00:00+00:00,B17,210,212,-105.491458898,400,0.263728647
2020-01-01T10:00:00+00:00,B18,211,213,-48.824955224,500,0.09764991
2020-01-01T10:00:00+00:00,B19,211,214,-97.864696579,500,0.195729393
2020-01-01T10:00:00+00:00,B2,201,203,-34.409814209,175,0.19662751
2020-01-01T10:00:00+00:00,B20,212,213,-18.846402477,500,0.037692805
2020-01-01T10:00:00+00:00,B21,212,223,-161.352341307,500,0.322704683
2020-01-01T10:00:00+00:00,B22,213,223,-169.500572274,500,0.339001145
2020-01-01T10:00:00+00:00,B23,214,216,-178.267970644,500,0.356535941
2020-01-01T10:00:00+00:00,B24,215,216,42.079601983,500,0.084159204
2020-01-01T10:00:00+00:00,B25-1,215,221,-16.920383927,500,0.033840768
2020-01-01T10:00:00+00:00,B25-2,215,221,-16.920383927,500,0.033840768
2020-01-01T10:00:00+00:00,B26,215,224,115.925019719,500,0.231850039
2020-01-01T10:00:00+00:00,B27,216,217,-92.911197837,500,0.185822396
2020-01-01T10:00:00+00:00,B28,216,219,8.277842544,500,0.016555685
2020-01-01T10:00:00+00:00,B29,217,218,98.718243293,500,0.197436487
2020-01-01T10:00:00+00:00,B3,201,205,13.386449548,175,0.076493997
2020-01-01T10:00:00+00:00,B30,217,222,-39.065669956,500,0.07813134
2020-01-01T10:00:00+00:00,B31-1,218,221,-19.646781095,500,0.039293562
2020-01-01T10:00:00+00:00,B31-2,218,221,-19.646781095,500,0.039293562
2020-01-01T10:00:00+00:00,B32-1,219,220,-33.36879163,500,0.066737583
2020-01-01T10:00:00+00:00,B32-2,219,220,-33.36879163,500,0.066737583
2020-01-01T10:00:00+00:00,B33-1,220,223,-59.893583074,500,0.119787166
2020-01-01T10:00:00+00:00,B33-2,220,223,-59.893583074,500,0.119787166
2020-01-01T10:00:00+00:00,B34,221,222,-73.134330044,500,0.14626866
2020-01-01T10:00:00+00:00,B4,202,204,1.97390811,175,0.011279475
2020-01-01T10:00:00+00:00,B5,202,206,12.787233955,175,0.073069908
2020-01-01T10:00:00+00:00,B6,203,209,37.4480362,175,0.213988778
2020-01-01T10:00:00+00:00,B7,203,224,-115.925019719,400,0.289812549
2020-01-01T10:00:00+00:00,B8,204,209,-28.695381997,175,0.163973611
2020-01-01T10:00:00+00:00,B9,205,210,-16.03949096,175,0.091654234
2020-01-01T10:00:00+00:00,C1,301,302,7.333246955,175,0.041904268
2020-01-01T10:00:00+00:00,C10,306,310,-101.094494272,175,0.577682824
2020-01-01T10:00:00+00:00,C11,307,308,-74.066751009,175,0.423238577
2020-01-01T10:00:00+00:00,C12-1,308,309,-59.386343458,175,0.339350534
2020-01-01T10:00:00+00:00,C13-2,308,310,-51.50372293,175,0.294306988
2020-01-01T10:00:00+00:00,C14,309,311,-110.548736138,400,0.27637184
2020-01-01T10:00:00+00:00,C15,309,312,-131.689132732,400,0.329222832
2020-01-01T10:00:00+00:00,C16,310,311,-127.437356765,400,0.318593392
2020-01-01T10:00:00+00:00,C17,310,312,-148.890173014,400,0.372225433
2020-01-01T10:00:00+00:00,C18,311,313,-224.54643307,500,0.449092866
2020-01-01T10:00:00+00:00,C19,311,314,-13.439659832,500,0.02687932
2020-01-01T10:00:00+00:00,C2,301,303,-34.911653397,175,0.199495162
2020-01-01T10:00:00+00:00,C20,312,313,-186.440868208,500,0.372881736
2020-01-01T10:00:00+00:00,C21,312,323,-28.138437538,500,0.056276875
2020-01-01T10:00:00+00:00,C22,313,323,71.491186583,500,0.142982373
2020-01-01T10:00:00+00:00,C23,314,316,43.408742602,500,0.086817485
2020-01-01T10:00:00+00:00,C24,315,316,-148.352585715,500,0.296705171
2020-01-01T10:00:00+00:00,C25-1,315,321,-19.135297472,500,0.038270595
2020-01-01T10:00:00+00:00,C25-2,315,321,-19.135297472,500,0.038270595
2020-01-01T10:00:00+00:00,C26,315,324,-1.210099899,500,0.0024202
2020-01-01T10:00:00+00:00,C27,316,317,-51.298179983,500,0.10259636
2020-01-01T10:00:00+00:00,C28,316,319,-150.899063936,500,0.301798128
2020-01-01T10:00:00+00:00,C29,317,318,267.915443944,500,0.535830888
2020-01-01T10:00:00+00:00,C3,301,305,-36.415266429,175,0.208087237
2020-01-01T10:00:00+00:00,C30,317,322,-38.475623927,500,0.076951248
2020-01-01T10:00:00+00:00,C31-1,318,321,-32.026890564,500,0.064053781
2020-01-01T10:00:00+00:00,C31-2,318,321,-32.026890564,500,0.064053781
2020-01-01T10:00:00+00:00,C32-1,319,320,-59.623859699,500,0.119247719
2020-01-01T10:00:00+00:00,C32-2,319,320,-59.623859699,500,0.119247719
2020-01-01T10:00:00+00:00,C33-1,320,323,-31.796036215,500,0.063592072
2020-01-01T10:00:00+00:00,C33-2,320,323,-31.796036215,500,0.063592072
2020-01-01T10:00:00+00:00,C34,321,322,-102.324376073,500,0.204648752
2020-01-01T10:00:00+00:00,C35,323,325,-20.239323385,722,0.028032304
2020-01-01T10:00:00+00:00,C4,302,304,-29.632682654,175,0.169329615
2020-01-01T10:00:00+00:00,C5,302,306,-20.509869174,175,0.117199252
2020-01-01T10:00:00+00:00,C6,303,309,-33.077874748,175,0.189016427
2020-01-01T10:00:00+00:00,C7,303,324,-106.089900101,400,0.26522475
2020-01-01T10:00:00+00:00,C8,304,309,-73.480199251,175,0.419886853
2020-01-01T10:00:00+00:00,C9,305,310,-78.485181002,175,0.448486749
2020-01-01T10:00:00+00:00,CA-1,325,121,-20.239323385,500,0.040478647
2020-01-01T10:00:00+00:00,CB-1,318,223,134.655400385,500,0.269310801
2020-01-01T11:00:00+00:00,A1,101,102,44.725559026,175,0.255574623
2020-01-01T11:00:00+00:00,A10,106,110,15.889109114,175,0.090794909
2020-01-01T11:00:00+00:00,A11,107,108,-75.761730049,175,0.432924172
2020-01-01T11:00:00+00:00,A12-1,108,109,-74.16273793,175,0.423787074
2020-01-01T11:00:00+00:00,A13-2,108,110,-69.35171356,175,0.396295506
2020-01-01T11:00:00+00:00,A14,109,111,-17.589858065,400,0.043974645
2020-01-01T11:00:00+00:00,A15,109,112,-21.104048527,400,0.052760121
2020-01-01T11:00:00+00:00,A16,110,111,-27.160374629,400,0.067900937
2020-01-01T11:00:00+00:00,A17,110,112,-30.72649894,400,0.076816247
2020-01-01T11:00:00+00:00,A18,111,113,-10.262333318,500,0.020524667
2020-01-01T11:00:00+00:00,A19,111,114,-34.487899377,500,0.068975799
2020-01-01T11:00:00+00:00,A2,101,103,37.71439537,175,0.215510831
2020-01-01T11:00:00+00:00,A20,112,113,-3.92800501,500,0.00785601
2020-01-01T11:00:00+00:00,A21,112,123,-47.902542457,500,0.095805085
2020-01-01T11:00:00+00:00,A22,113,123,-51.241406642,500,0.102482813
2020-01-01T11:00:00+00:00,A23,114,116,-111.353559958,500,0.22270712
2020-01-01T11:00:00+00:00,A24,115,116,105.008339695,500,0.210016679
2020-01-01T11:00:00+00:00,A25-1,115,121,-102.826947354,500,0.205653895
2020-01-01T11:00:00+00:00,A25-2,115,121,-102.826947354,500,0.205653895
2020-01-01T11:00:00+00:00,A26,115,124,37.045480763,500,0.074090962
2020-01-01T11:00:00+00:00,A27,116,117,-127.985004625,500,0.255970009
2020-01-01T11:00:00+00:00,A28,116,119,82.018309836,500,0.16403662
2020-01-01T11:00:00+00:00,A29,117,118,-96.338460839,500,0.192676922
2020-01-01T11:00:00+00:00,A3,101,105,100.968853116,175,0.576964875
2020-01-01T11:00:00+00:00,A30,117,122,-31.646543786,500,0.063293088
2020-01-01T11:00:00+00:00,A31-1,118,121,-82.588985506,500,0.165177971
2020-01-01T11:00:00+00:00,A31-2,118,121,-82.588985506,500,0.165177971
2020-01-01T11:00:00+00:00,A32-1,119,120,28.051720472,500,0.056103441
2020-01-01T11:00:00+00:00,A32-2,119,120,28.051720472,500,0.056103441
2020-01-01T11:00:00+00:00,A33-1,120,123,2.693976775,500,0.005387954
2020-01-01T11:00:00+00:00,A33-2,120,123,2.693976775,500,0.005387954
2020-01-01T11:00:00+00:00,A34,121,122,2.546543786,500,0.005093088
2020-01-01T11:00:00+00:00,A4,102,104,63.985080921,175,0.365629034
2020-01-01T11:00:00+00:00,A5,102,106,69.77431447,175,0.398710368
2020-01-01T11:00:00+00:00,A6,103,109,52.441221986,175,0.299664126
2020-01-01T11:00:00+00:00,A7,103,124,-37.045480763,400,0.092613702
2020-01-01T11:00:00+00:00,A8,104,109,52.365189771,175,0.299229656
2020-01-01T11:00:00+00:00,A9,105,110,72.837606202,175,0.416214893
2020-01-01T11:00:00+00:00,AB1,107,203,26.234886891,175,0.149913639
2020-01-01T11:00:00+00:00,AB2,113,215,99.654160819,500,0.199308322
2020-01-01T11:00:00+00:00,AB3,123,217,139.24400445,500,0.278488009
2020-01-01T11:00:00+00:00,B1,201,202,-6.069892124,175,0.034685098
2020-01-01T11:00:00+00:00,B10,206,210,-43.827619563,175,0.25044354
2020-01-01T11:00:00+00:00,B11,207,208,-51.49142136,175,0.294236693
2020-01-01T11:00:00+00:00,B12-1,208,209,-68.322010082,175,0.390411486
2020-01-01T11:00:00+00:00,B13-2,208,210,-53.609675697,175,0.306341004
2020-01-01T11:00:00+00:00,B14,209,211,-58.351970746,400,0.145879927
2020-01-01T11:00:00+00:00,B15,209,212,-77.244228033,400,0.19311057
2020-01-01T11:00:00+00:00,B16,210,211,-87.686461207,400,0.219216153
2020-01-01T11:00:00+00:00,B17,210,212,-106.857914415,400,0.267144786
2020-01-01T11:00:00+00:00,B18,211,213,-53.239166816,500,0.106478334
2020-01-01T11:00:00+00:00,B19,211,214,-92.799265137,500,0.18559853
2020-01-01T11:00:00+00:00,B2,201,203,-32.385360223,175,0.185059201
2020-01-01T11:00:00+00:00,B20,212,213,-19.185873056,500,0.038371746
2020-01-01T11:00:00+00:00,B21,212,223,-164.916269392,500,0.329832539
2020-01-01T11:00:00+00:00,B22,213,223,-173.286853154,500,0.346573706
2020-01-01T11:00:00+00:00,B23,214,216,-172.713951088,500,0.345427902
2020-01-01T11:00:00+00:00,B24,215,216,27.940901781,500,0.055881804
2020-01-01T11:00:00+00:00,B25-1,215,221,-16.093055123,500,0.03218611
2020-01-01T11:00:00+00:00,B25-2,215,221,-16.093055123,500,0.03218611
2020-01-01T11:00:00+00:00,B26,215,224,113.817124716,500,0.227634249
2020-01-01T11:00:00+00:00,B27,216,217,-80.884747702,500,0.161769495
2020-01-01T11:00:00+00:00,B28,216,219,-12.081438692,500,0.024162877
2020-01-01T11:00:00+00:00,B29,217,218,97.13701161,500,0.194274023
2020-01-01T11:00:00+00:00,B3,201,205,12.466664292,175,0.071238082
2020-01-01T11:00:00+00:00,B30,217,222,-38.777754862,500,0.07755551
2020-01-01T11:00:00+00:00,B31-1,218,221,-20.018067446,500,0.040036135
2020-01-01T11:00:00+00:00,B31-2,218,221,-20.018067446,500,0.040036135
2020-01-01T11:00:00+00:00,B32-1,219,220,-43.320508411,500,0.086641017
2020-01-01T11:00:00+00:00,B32-2,219,220,-43.320508411,500,0.086641017
2020-01-01T11:00:00+00:00,B33-1,220,223,-69.684116147,500,0.139368232
2020-01-01T11:00:00+00:00,B33-2,220,223,-69.684116147,500,0.139368232
2020-01-01T11:00:00+00:00,B34,221,222,-72.222245138,500,0.14444449
2020-01-01T11:00:00+00:00,B4,202,204,1.777718025,175,0.010158389
2020-01-01T11:00:00+00:00,B5,202,206,12.195046877,175,0.069685982
2020-01-01T11:00:00+00:00,B6,203,209,33.519004627,175,0.191537169
2020-01-01T11:00:00+00:00,B7,203,224,-113.817124716,400,0.284542812
2020-01-01T11:00:00+00:00,B8,204,209,-28.70520342,175,0.164029734
2020-01-01T11:00:00+00:00,B9,205,210,-16.780463041,175,0.09588836
2020-01-01T11:00:00+00:00,C1,301,302,8.69380329,175,0.049678876
2020-01-01T11:00:00+00:00,C10,306,310,-99.492233898,175,0.568527051
2020-01-01T11:00:00+00:00,C11,307,308,-75.03559,175,0.4287748
2020-01-01T11:00:00+00:00,C12-1,308,309,-62.739231081,175,0.358509892
2020-01-01T11:00:00+00:00,C13-2,308,310,-47.945046039,175,0.273971692
2020-01-01T11:00:00+00:00,C14,309,311,-91.697733008,400,0.229244333
2020-01-01T11:00:00+00:00,C15,309,312,-117.869323367,400,0.294673308
2020-01-01T11:00:00+00:00,C16,310,311,-121.683420029,400,0.30420855
2020-01-01T11:00:00+00:00,C17,310,312,-148.241782659,400,0.370604457
2020-01-01T11:00:00+00:00,C18,311,313,-233.35940038,500,0.466718801
2020-01-01T11:00:00+00:00,C19,311,314,19.978247343,500,0.039956495
2020-01-01T11:00:00+00:00,C2,301,303,-41.012365819,175,0.234356376
2020-01-01T11:00:00+00:00,C20,312,313,-186.185108758,500,0.372370218
2020-01-01T11:00:00+00:00,C21,312,323,-12.325997268,500,0.024651995
2020-01-01T11:00:00+00:00,C22,313,323,88.980040062,500,0.17796008
2020-01-01T11:00:00+00:00,C23,314,316,73.723011663,500,0.147446023
2020-01-01T11:00:00+00:00,C24,315,316,-135.612381112,500,0.271224762
2020-01-01T11:00:00+00:00,C25-1,315,321,-7.632431553,500,0.015264863
2020-01-01T11:00:00+00:00,C25-2,315,321,-7.632431553,500,0.015264863
2020-01-01T11:00:00+00:00,C26,315,324,-39.413012022,500,0.078826024
2020-01-01T11:00:00+00:00,C27,316,317,25.469813361,500,0.050939627
2020-01-01T11:00:00+00:00,C28,316,319,-185.38765481,500,0.37077531
2020-01-01T11:00:00+00:00,C29,317,318,163.324390324,500,0.326648781
2020-01-01T11:00:00+00:00,C3,301,305,-32.512187231,175,0.185783927
2020-01-01T11:00:00+00:00,C30,317,322,-48.478576963,500,0.096957154
2020-01-01T11:00:00+00:00,C31-1,318,321,-39.128279966,500,0.07825656
2020-01-01T11:00:00+00:00,C31-2,318,321,-39.128279966,500,0.07825656
2020-01-01T11:00:00+00:00,C32-1,319,320,-81.219594565,500,0.162439189
2020-01-01T11:00:00+00:00,C32-2,319,320,-81.219594565,500,0.162439189
2020-01-01T11:00:00+00:00,C33-1,320,323,-51.637816645,500,0.103275633
2020-01-01T11:00:00+00:00,C33-2,320,323,-51.637816645,500,0.103275633
2020-01-01T11:00:00+00:00,C34,321,322,-93.521423037,500,0.187042846
2020-01-01T11:00:00+00:00,C35,323,325,-26.621590495,722,0.036872009
2020-01-01T11:00:00+00:00,C4,302,304,-31.680302572,175,0.1810303
2020-01-01T11:00:00+00:00,C5,302,306,-17.853511978,175,0.102020068
2020-01-01T11:00:00+00:00,C6,303,309,-26.576627441,175,0.151866443
2020-01-01T11:00:00+00:00,C7,303,324,-66.286987978,400,0.16571747
2020-01-01T11:00:00+00:00,C8,304,309,-76.101371852,175,0.434864982
2020-01-01T11:00:00+00:00,C9,305,310,-75.132402351,175,0.429328013
2020-01-01T11:00:00+00:00,CA-1,325,121,-26.621590495,500,0.053243181
2020-01-01T11:00:00+00:00,CB-1,318,223,41.686138495,500,0.083372277
2020-01-01T12:00:00+00:00,A1,101,102,44.04765553,175,0.251700889
2020-01-01T12:00:00+00:00,A10,106,110,16.407164293,175,0.093755225
2020-01-01T12:00:00+00:00,A11,107,108,-76.171184207,175,0.43526391
2020-01-01T12:00:00+00:00,A12-1,108,109,-73.481365625,175,0.419893518
2020-01-01T12:00:00+00:00,A13-2,108,110,-69.152213442,175,0.395155505
2020-01-01T12:00:00+00:00,A14,109,111,-16.903126779,400,0.042257817
2020-01-01T12:00:00+00:00,A15,109,112,-21.642033395,400,0.054105083
2020-01-01T12:00:00+00:00,A16,110,111,-25.530948148,400,0.06382737
2020-01-01T12:00:00+00:00,A17,110,112,-30.339887867,400,0.07584972
2020-01-01T12:00:00+00:00,A18,111,113,-11.706582873,500,0.023413166
2020-01-01T12:00:00+00:00,A19,111,114,-30.727492053,500,0.061454984
2020-01-01T12:00:00+00:00,A2,101,103,39.015934391,175,0.222948197
2020-01-01T12:00:00+00:00,A20,112,113,-3.164703697,500,0.006329407
2020-01-01T12:00:00+00:00,A21,112,123,-48.817217566,500,0.097634435
2020-01-01T12:00:00+00:00,A22,113,123,-52.68234858,500,0.105364697
2020-01-01T12:00:00+00:00,A23,114,116,-106.129273356,500,0.212258547
2020-01-01T12:00:00+00:00,A24,115,116,96.323597487,500,0.192647195
2020-01-01T12:00:00+00:00,A25-1,115,121,-95.821818976,500,0.191643638
2020-01-01T12:00:00+00:00,A25-2,115,121,-95.821818976,500,0.191643638
2020-01-01T12:00:00+00:00,A26,115,124,34.11197514,500,0.06822395
2020-01-01T12:00:00+00:00,A27,116,117,-117.759036985,500,0.235518074
2020-01-01T12:00:00+00:00,A28,116,119,69.086463536,500,0.138172927
2020-01-01T12:00:00+00:00,A29,117,118,-88.395827011,500,0.176791654
2020-01-01T12:00:00+00:00,A3,101,105,100.260160694,175,0.572915204
2020-01-01T12:00:00+00:00,A30,117,122,-29.363209974,500,0.05872642
2020-01-01T12:00:00+00:00,A31-1,118,121,-78.211297974,500,0.156422596
2020-01-01T12:00:00+00:00,A31-2,118,121,-78.211297974,500,0.156422596
2020-01-01T12:00:00+00:00,A32-1,119,120,22.018689459,500,0.044037379
2020-01-01T12:00:00+00:00,A32-2,119,120,22.018689459,500,0.044037379
2020-01-01T12:00:00+00:00,A33-1,120,123,-2.856124991,500,0.00571225
2020-01-01T12:00:00+00:00,A33-2,120,123,-2.856124991,500,0.00571225
2020-01-01T12:00:00+00:00,A34,121,122,2.763209974,500,0.00552642
2020-01-01T12:00:00+00:00,A4,102,104,63.747286534,175,0.364270209
2020-01-01T12:00:00+00:00,A5,102,106,69.266145,175,0.395806543
2020-01-01T12:00:00+00:00,A6,103,109,50.167493888,175,0.286671394
2020-01-01T12:00:00+00:00,A7,103,124,-34.11197514,400,0.085279938
2020-01-01T12:00:00+00:00,A8,104,109,52.785782326,175,0.301633042
2020-01-01T12:00:00+00:00,A9,105,110,72.664663413,175,0.415226648
2020-01-01T12:00:00+00:00,AB1,107,203,27.587562234,175,0.157643213
2020-01-01T12:00:00+00:00,AB2,113,215,101.313783426,500,0.202627567
2020-01-01T12:00:00+00:00,AB3,123,217,142.164583216,500,0.284329166
2020-01-01T12:00:00+00:00,B1,201,202,-5.757961101,175,0.032902635
2020-01-01T12:00:00+00:00,B10,206,210,-43.688832912,175,0.249650474
2020-01-01T12:00:00+00:00,B11,207,208,-51.530772851,175,0.294461559
2020-01-01T12:00:00+00:00,B12-1,208,209,-68.437402117,175,0.391070869
2020-01-01T12:00:00+00:00,B13-2,208,210,-53.587467994,175,0.306214103
2020-01-01T12:00:00+00:00,B14,209,211,-58.163387033,400,0.145408468
2020-01-01T12:00:00+00:00,B15,209,212,-76.54894316,400,0.191372358
2020-01-01T12:00:00+00:00,B16,210,211,-87.761381379,400,0.219403453
2020-01-01T12:00:00+00:00,B17,210,212,-106.418645232,400,0.266046613
2020-01-01T12:00:00+00:00,B18,211,213,-52.125367368,500,0.104250735
2020-01-01T12:00:00+00:00,B19,211,214,-93.799401044,500,0.187598802
2020-01-01T12:00:00+00:00,B2,201,203,-32.818385564,175,0.187533632
2020-01-01T12:00:00+00:00,B20,212,213,-18.98540245,500,0.037970805
2020-01-01T12:00:00+00:00,B21,212,223,-163.982185942,500,0.327964372
2020-01-01T12:00:00+00:00,B22,213,223,-172.356008262,500,0.344712017
2020-01-01T12:00:00+00:00,B23,214,216,-173.775160509,500,0.347550321
2020-01-01T12:00:00+00:00,B24,215,216,30.519214182,500,0.061038428
2020-01-01T12:00:00+00:00,B25-1,215,221,-16.609733583,500,0.033219467
2020-01-01T12:00:00+00:00,B25-2,215,221,-16.609733583,500,0.033219467
2020-01-01T12:00:00+00:00,B26,215,224,113.931996461,500,0.227863993
2020-01-01T12:00:00+00:00,B27,216,217,-83.867137174,500,0.167734274
2020-01-01T12:00:00+00:00,B28,216,219,-7.613427434,500,0.015226855
2020-01-01T12:00:00+00:00,B29,217,218,97.498359453,500,0.194996719
2020-01-01T12:00:00+00:00,B3,201,205,12.753758921,175,0.072878622
2020-01-01T12:00:00+00:00,B30,217,222,-39.200913411,500,0.078401827
2020-01-01T12:00:00+00:00,B31-1,218,221,-19.889809711,500,0.039779619
2020-01-01T12:00:00+00:00,B31-2,218,221,-19.889809711,500,0.039779619
2020-01-01T12:00:00+00:00,B32-1,219,220,-41.114993261,500,0.082229987
2020-01-01T12:00:00+00:00,B32-2,219,220,-41.114993261,500,0.082229987
2020-01-01T12:00:00+00:00,B33-1,220,223,-67.498748961,500,0.134997498
2020-01-01T12:00:00+00:00,B33-2,220,223,-67.498748961,500,0.134997498
2020-01-01T12:00:00+00:00,B34,221,222,-72.999086589,500,0.145998173
2020-01-01T12:00:00+00:00,B4,202,204,1.877511217,175,0.010728636
2020-01-01T12:00:00+00:00,B5,202,206,12.376647949,175,0.070723703
2020-01-01T12:00:00+00:00,B6,203,209,34.496860226,175,0.197124916
2020-01-01T12:00:00+00:00,B7,203,224,-113.931996461,400,0.284829991
2020-01-01T12:00:00+00:00,B8,204,209,-28.62870631,175,0.163592607
2020-01-01T12:00:00+00:00,B9,205,210,-16.515720058,175,0.094375543
2020-01-01T12:00:00+00:00,C1,301,302,13.568036159,175,0.077531635
2020-01-01T12:00:00+00:00,C10,306,310,-97.643168116,175,0.557960961
2020-01-01T12:00:00+00:00,C11,307,308,-74.481967719,175,0.425611244
2020-01-01T12:00:00+00:00,C12-1,308,309,-61.007633975,175,0.348615051
2020-01-01T12:00:00+00:00,C13-2,308,310,-49.965665584,175,0.285518089
2020-01-01T12:00:00+00:00,C14,309,311,-98.140344144,400,0.24535086
2020-01-01T12:00:00+00:00,C15,309,312,-124.480133755,400,0.311200334
2020-01-01T12:00:00+00:00,C16,310,311,-120.95973915,400,0.302399348
2020-01-01T12:00:00+00:00,C17,310,312,-147.688786736,400,0.369221967
2020-01-01T12:00:00+00:00,C18,311,313,-232.426032542,500,0.464852065
2020-01-01T12:00:00+00:00,C19,311,314,13.325949247,500,0.026651898
2020-01-01T12:00:00+00:00,C2,301,303,-47.678391389,175,0.272447951
2020-01-01T12:00:00+00:00,C20,312,313,-184.948561768,500,0.369897124
2020-01-01T12:00:00+00:00,C21,312,323,-21.720358722,500,0.043440717
2020-01-01T12:00:00+00:00,C22,313,323,77.823634125,500,0.155647268
2020-01-01T12:00:00+00:00,C23,314,316,65.629935347,500,0.131259871
2020-01-01T12:00:00+00:00,C24,315,316,-127.858949541,500,0.255717899
2020-01-01T12:00:00+00:00,C25-1,315,321,-8.469082414,500,0.016938165
2020-01-01T12:00:00+00:00,C25-2,315,321,-8.469082414,500,0.016938165
2020-01-01T12:00:00+00:00,C26,315,324,-44.089155768,500,0.088178312
2020-01-01T12:00:00+00:00,C27,316,317,30.339818957,500,0.060679638
2020-01-01T12:00:00+00:00,C28,316,319,-190.154407326,500,0.380308815
2020-01-01T12:00:00+00:00,C29,317,318,137.874270916,500,0.275748542
2020-01-01T12:00:00+00:00,C3,301,305,-30.242064879,175,0.172811799
2020-01-01T12:00:00+00:00,C30,317,322,-49.580451959,500,0.099160904
2020-01-01T12:00:00+00:00,C31-1,318,321,-36.940691607,500,0.073881383
2020-01-01T12:00:00+00:00,C31-2,318,321,-36.940691607,500,0.073881383
2020-01-01T12:00:00+00:00,C32-1,319,320,-82.152148292,500,0.164304297
2020-01-01T12:00:00+00:00,C32-2,319,320,-82.152148292,500,0.164304297
2020-01-01T12:00:00+00:00,C33-1,320,323,-52.636915764,500,0.105273832
2020-01-01T12:00:00+00:00,C33-2,320,323,-52.636915764,500,0.105273832
2020-01-01T12:00:00+00:00,C34,321,322,-90.819548041,500,0.181639096
2020-01-01T12:00:00+00:00,C35,323,325,-49.170556125,722,0.068103263
2020-01-01T12:00:00+00:00,C4,302,304,-27.623183554,175,0.157846763
2020-01-01T12:00:00+00:00,C5,302,306,-16.606787238,175,0.094895927
2020-01-01T12:00:00+00:00,C6,303,309,-6.021580673,175,0.034409032
2020-01-01T12:00:00+00:00,C7,303,324,-57.410844232,400,0.143527111
2020-01-01T12:00:00+00:00,C8,304,309,-71.716508443,175,0.40980862
2020-01-01T12:00:00+00:00,C9,305,310,-72.547822544,175,0.414558986
2020-01-01T12:00:00+00:00,CA-1,325,121,-49.170556125,500,0.098341112
2020-01-01T12:00:00+00:00,CB-1,318,223,13.335692125,500,0.026671384
2020-01-01T13:00:00+00:00,A1,101,102,42.974294985,175,0.2455674
2020-01-01T13:00:00+00:00,A10,106,110,16.152328236,175,0.092299018
2020-01-01T13:00:00+00:00,A11,107,108,-73.623199378,175,0.420703996
2020-01-01T13:00:00+00:00,A12-1,108,109,-71.622902344,175,0.409273728
2020-01-01T13:00:00+00:00,A13-2,108,110,-67.637728974,175,0.386501308
2020-01-01T13:00:00+00:00,A14,109,111,-17.268011604,400,0.043170029
2020-01-01T13:00:00+00:00,A15,109,112,-21.425353283,400,0.053563383
2020-01-01T13:00:00+00:00,A16,110,111,-25.235538002,400,0.063088845
2020-01-01T13:00:00+00:00,A17,110,112,-29.454318227,400,0.073635796
2020-01-01T13:00:00+00:00,A18,111,113,-11.722920901,500,0.023445842
2020-01-01T13:00:00+00:00,A19,111,114,-30.780628705,500,0.061561257
2020-01-01T13:00:00+00:00,A2,101,103,39.672268426,175,0.226698677
2020-01-01T13:00:00+00:00,A20,112,113,-4.229312526,500,0.008458625
2020-01-01T13:00:00+00:00,A21,112,123,-46.650358984,500,0.093300718
2020-01-01T13:00:00+00:00,A22,113,123,-49.679055404,500,0.099358111
2020-01-01T13:00:00+00:00,A23,114,116,-105.246487163,500,0.210492974
2020-01-01T13:00:00+00:00,A24,115,116,99.574216243,500,0.199148432
2020-01-01T13:00:00+00:00,A25-1,115,121,-97.86337292,500,0.195726746
2020-01-01T13:00:00+00:00,A25-2,115,121,-97.86337292,500,0.195726746
2020-01-01T13:00:00+00:00,A26,115,124,36.473781498,500,0.072947563
2020-01-01T13:00:00+00:00,A27,116,117,-119.689263515,500,0.239378527
2020-01-01T13:00:00+00:00,A28,116,119,75.632529471,500,0.151265059
2020-01-01T13:00:00+00:00,A29,117,118,-89.836395897,500,0.179672792
2020-01-01T13:00:00+00:00,A3,101,105,98.898216416,175,0.565132665
2020-01-01T13:00:00+00:00,A30,117,122,-29.852867617,500,0.059705735
2020-01-01T13:00:00+00:00,A31-1,118,121,-81.478329048,500,0.162956658
2020-01-01T13:00:00+00:00,A31-2,118,121,-81.478329048,500,0.162956658
2020-01-01T13:00:00+00:00,A32-1,119,120,22.878325609,500,0.045756651
2020-01-01T13:00:00+00:00,A32-2,119,120,22.878325609,500,0.045756651
2020-01-01T13:00:00+00:00,A33-1,120,123,-1.687730789,500,0.003375462
2020-01-01T13:00:00+00:00,A33-2,120,123,-1.687730789,500,0.003375462
2020-01-01T13:00:00+00:00,A34,121,122,3.552867617,500,0.007105735
2020-01-01T13:00:00+00:00,A4,102,104,63.05283433,175,0.36030191
2020-01-01T13:00:00+00:00,A5,102,106,68.355198083,175,0.390601132
2020-01-01T13:00:00+00:00,A6,103,109,47.754016303,175,0.272880093
2020-01-01T13:00:00+00:00,A7,103,124,-36.473781498,400,0.091184454
2020-01-01T13:00:00+00:00,A8,104,109,52.348331619,175,0.299133324
2020-01-01T13:00:00+00:00,A9,105,110,71.645247599,175,0.409401415
2020-01-01T13:00:00+00:00,AB1,107,203,25.642620474,175,0.14652926
2020-01-01T13:00:00+00:00,AB2,113,215,95.307994701,500,0.190615989
2020-01-01T13:00:00+00:00,AB3,123,217,133.295124034,500,0.266590248
2020-01-01T13:00:00+00:00,B1,201,202,-6.305726186,175,0.036032721
2020-01-01T13:00:00+00:00,B10,206,210,-43.267365647,175,0.247242089
2020-01-01T13:00:00+00:00,B11,207,208,-50.960176316,175,0.291201008
2020-01-01T13:00:00+00:00,B12-1,208,209,-67.551235006,175,0.386007057
2020-01-01T13:00:00+00:00,B13-2,208,210,-53.12246251,175,0.303556929
2020-01-01T13:00:00+00:00,B14,209,211,-57.645829649,400,0.144114574
2020-01-01T13:00:00+00:00,B15,209,212,-76.880471701,400,0.192201179
2020-01-01T13:00:00+00:00,B16,210,211,-86.421119434,400,0.216052799
2020-01-01T13:00:00+00:00,B17,210,212,-105.94001728,400,0.264850043
2020-01-01T13:00:00+00:00,B18,211,213,-53.33271199,500,0.106665424
2020-01-01T13:00:00+00:00,B19,211,214,-90.734237093,500,0.181468474
2020-01-01T13:00:00+00:00,B2,201,203,-31.495812794,175,0.179976073
2020-01-01T13:00:00+00:00,B20,212,213,-18.662269691,500,0.037324539
2020-01-01T13:00:00+00:00,B21,212,223,-164.158219289,500,0.328316439
2020-01-01T13:00:00+00:00,B22,213,223,-172.73055547,500,0.345461111
2020-01-01T13:00:00+00:00,B23,214,216,-169.824430735,500,0.339648861
2020-01-01T13:00:00+00:00,B24,215,216,23.718277152,500,0.047436554
2020-01-01T13:00:00+00:00,B25-1,215,221,-16.223434936,500,0.03244687
2020-01-01T13:00:00+00:00,B25-2,215,221,-16.223434936,500,0.03244687
2020-01-01T13:00:00+00:00,B26,215,224,111.801580284,500,0.223603161
2020-01-01T13:00:00+00:00,B27,216,217,-77.290344456,500,0.154580689
2020-01-01T13:00:00+00:00,B28,216,219,-16.583950179,500,0.0331679
2020-01-01T13:00:00+00:00,B29,217,218,95.416398465,500,0.190832797
2020-01-01T13:00:00+00:00,B3,201,205,12.471946644,175,0.071268267
2020-01-01T13:00:00+00:00,B30,217,222,-39.411618888,500,0.078823238
2020-01-01T13:00:00+00:00,B31-1,218,221,-20.17075562,500,0.040341511
2020-01-01T13:00:00+00:00,B31-2,218,221,-20.17075562,500,0.040341511
2020-01-01T13:00:00+00:00,B32-1,219,220,-45.187142742,500,0.090374285
2020-01-01T13:00:00+00:00,B32-2,219,220,-45.187142742,500,0.090374285
2020-01-01T13:00:00+00:00,B33-1,220,223,-71.278753016,500,0.142557506
2020-01-01T13:00:00+00:00,B33-2,220,223,-71.278753016,500,0.142557506
2020-01-01T13:00:00+00:00,B34,221,222,-72.788381112,500,0.145576762
2020-01-01T13:00:00+00:00,B4,202,204,1.971870808,175,0.011267833
2020-01-01T13:00:00+00:00,B5,202,206,12.177306185,175,0.069584607
2020-01-01T13:00:00+00:00,B6,203,209,32.565734069,175,0.186089909
2020-01-01T13:00:00+00:00,B7,203,224,-111.801580284,400,0.279503951
2020-01-01T13:00:00+00:00,B8,204,209,-28.196553571,175,0.161123163
2020-01-01T13:00:00+00:00,B9,205,210,-16.473433504,175,0.094133906
2020-01-01T13:00:00+00:00,C1,301,302,18.098319319,175,0.103418968
2020-01-01T13:00:00+00:00,C10,306,310,-95.880730639,175,0.547889889
2020-01-01T13:00:00+00:00,C11,307,308,-74.679689956,175,0.426741085
2020-01-01T13:00:00+00:00,C12-1,308,309,-64.175485916,175,0.366717062
2020-01-01T13:00:00+00:00,C13-2,308,310,-53.466019901,175,0.305520114
2020-01-01T13:00:00+00:00,C14,309,311,-101.466961465,400,0.253667404
2020-01-01T13:00:00+00:00,C15,309,312,-121.947482977,400,0.304868707
2020-01-01T13:00:00+00:00,C16,310,311,-123.692040798,400,0.309230102
2020-01-01T13:00:00+00:00,C17,310,312,-144.475230115,400,0.361188075
2020-01-01T13:00:00+00:00,C18,311,313,-207.507603888,500,0.415015208
2020-01-01T13:00:00+00:00,C19,311,314,-17.651398375,500,0.035302797
2020-01-01T13:00:00+00:00,C2,301,303,-55.619431294,175,0.317825322
2020-01-01T13:00:00+00:00,C20,312,313,-170.591463863,500,0.341182928
2020-01-01T13:00:00+00:00,C21,312,323,-33.131249229,500,0.066262498
2020-01-01T13:00:00+00:00,C22,313,323,57.179989543,500,0.114359979
2020-01-01T13:00:00+00:00,C23,314,316,27.345722813,500,0.054691446
2020-01-01T13:00:00+00:00,C24,315,316,-81.279511835,500,0.162559024
2020-01-01T13:00:00+00:00,C25-1,315,321,-41.656621356,500,0.083313243
2020-01-01T13:00:00+00:00,C25-2,315,321,-41.656621356,500,0.083313243
2020-01-01T13:00:00+00:00,C26,315,324,-24.794939181,500,0.049589878
2020-01-01T13:00:00+00:00,C27,316,317,-21.373265798,500,0.042746532
2020-01-01T13:00:00+00:00,C28,316,319,-130.304275189,500,0.26060855
2020-01-01T13:00:00+00:00,C29,317,318,120.772502032,500,0.241545004
2020-01-01T13:00:00+00:00,C3,301,305,-27.002140147,175,0.154297944
2020-01-01T13:00:00+00:00,C30,317,322,-34.24576783,500,0.068491536
2020-01-01T13:00:00+00:00,C31-1,318,321,-69.020494729,500,0.138040989
2020-01-01T13:00:00+00:00,C31-2,318,321,-69.020494729,500,0.138040989
2020-01-01T13:00:00+00:00,C32-1,319,320,-54.520233123,500,0.109040466
2020-01-01T13:00:00+00:00,C32-2,319,320,-54.520233123,500,0.109040466
2020-01-01T13:00:00+00:00,C33-1,320,323,-30.90623438,500,0.061812469
2020-01-01T13:00:00+00:00,C33-2,320,323,-30.90623438,500,0.061812469
2020-01-01T13:00:00+00:00,C34,321,322,-51.35423217,500,0.102708464
2020-01-01T13:00:00+00:00,C35,323,325,-37.763728447,722,0.052304333
2020-01-01T13:00:00+00:00,C4,302,304,-25.223892121,175,0.144136526
2020-01-01T13:00:00+00:00,C5,302,306,-14.629227967,175,0.083595588
2020-01-01T13:00:00+00:00,C6,303,309,13.146875987,175,0.075125006
2020-01-01T13:00:00+00:00,C7,303,324,-73.305060819,400,0.183262652
2020-01-01T13:00:00+00:00,C8,304,309,-69.434268575,175,0.396767249
2020-01-01T13:00:00+00:00,C9,305,310,-69.420204042,175,0.39668688
2020-01-01T13:00:00+00:00,CA-1,325,121,-37.763728447,500,0.075527457
2020-01-01T13:00:00+00:00,CB-1,318,223,59.866797447,500,0.119733595
2020-01-01T14:00:00+00:00,A1,101,102,23.075966271,175,0.131862664
2020-01-01T14:00:00+00:00,A10,106,110,18.362805297,175,0.104930316
2020-01-01T14:00:00+00:00,A11,107,108,-67.49707099,175,0.385697549
2020-01-01T14:00:00+00:00,A12-1,108,109,-66.982685933,175,0.382758205
2020-01-01T14:00:00+00:00,A13-2,108,110,-65.771064917,175,0.375834657
2020-01-01T14:00:00+00:00,A14,109,111,-14.954517201,400,0.037386293
2020-01-01T14:00:00+00:00,A15,109,112,-28.527825167,400,0.071319563
2020-01-01T14:00:00+00:00,A16,110,111,-17.520317803,400,0.043800795
2020-01-01T14:00:00+00:00,A17,110,112,-31.294216526,400,0.078235541
2020-01-01T14:00:00+00:00,A18,111,113,-25.344606541,500,0.050689213
2020-01-01T14:00:00+00:00,A19,111,114,-7.130228463,500,0.014260457
2020-01-01T14:00:00+00:00,A2,101,103,50.20517237,175,0.286886699
2020-01-01T14:00:00+00:00,A20,112,113,-0.878718933,500,0.001757438
2020-01-01T14:00:00+00:00,A21,112,123,-58.943322761,500,0.117886646
2020-01-01T14:00:00+00:00,A22,113,123,-65.233606885,500,0.130467214
2020-01-01T14:00:00+00:00,A23,114,116,-81.164122573,500,0.162328245
2020-01-01T14:00:00+00:00,A24,115,116,58.529390319,500,0.117058781
2020-01-01T14:00:00+00:00,A25-1,115,121,-55.04104993,500,0.1100821
2020-01-01T14:00:00+00:00,A25-2,115,121,-55.04104993,500,0.1100821
2020-01-01T14:00:00+00:00,A26,115,124,23.579800093,500,0.0471596
2020-01-01T14:00:00+00:00,A27,116,117,-60.06254691,500,0.120125094
2020-01-01T14:00:00+00:00,A28,116,119,-0.733986432,500,0.001467973
2020-01-01T14:00:00+00:00,A29,117,118,-37.842981231,500,0.075685962
2020-01-01T14:00:00+00:00,A3,101,105,100.104116184,175,0.572023521
2020-01-01T14:00:00+00:00,A30,117,122,-22.219565678,500,0.044439131
2020-01-01T14:00:00+00:00,A31-1,118,121,-61.560889427,500,0.123121779
2020-01-01T14:00:00+00:00,A31-2,118,121,-61.560889427,500,0.123121779
2020-01-01T14:00:00+00:00,A32-1,119,120,-20.153423201,500,0.040306846
2020-01-01T14:00:00+00:00,A32-2,119,120,-20.153423201,500,0.040306846
2020-01-01T14:00:00+00:00,A33-1,120,123,-44.576975897,500,0.089153952
2020-01-01T14:00:00+00:00,A33-2,120,123,-44.576975897,500,0.089153952
2020-01-01T14:00:00+00:00,A34,121,122,-2.980434322,500,0.005960869
2020-01-01T14:00:00+00:00,A4,102,104,68.029497767,175,0.388739987
2020-01-01T14:00:00+00:00,A5,102,106,70.262854776,175,0.401502027
2020-01-01T14:00:00+00:00,A6,103,109,34.793730506,175,0.198821317
2020-01-01T14:00:00+00:00,A7,103,124,-23.579800093,400,0.0589495
2020-01-01T14:00:00+00:00,A8,104,109,55.489764962,175,0.317084371
2020-01-01T14:00:00+00:00,A9,105,110,73.009237412,175,0.417195642
2020-01-01T14:00:00+00:00,AB1,107,203,19.79481963,175,0.113113255
2020-01-01T14:00:00+00:00,AB2,113,215,92.981508529,500,0.185963017
2020-01-01T14:00:00+00:00,AB3,123,217,146.633588905,500,0.293267178
2020-01-01T14:00:00+00:00,B1,201,202,-38.492743534,175,0.219958534
2020-01-01T14:00:00+00:00,B10,206,210,-30.016472097,175,0.171522698
2020-01-01T14:00:00+00:00,B11,207,208,-50.76341886,175,0.290076679
2020-01-01T14:00:00+00:00,B12-1,208,209,-65.93250771,175,0.376757187
2020-01-01T14:00:00+00:00,B13-2,208,210,-54.275268149,175,0.310144389
2020-01-01T14:00:00+00:00,B14,209,211,-50.037426625,400,0.125093567
2020-01-01T14:00:00+00:00,B15,209,212,-66.486080731,400,0.166215202
2020-01-01T14:00:00+00:00,B16,210,211,-73.336648829,400,0.183341622
2020-01-01T14:00:00+00:00,B17,210,212,-90.028386493,400,0.225070966
2020-01-01T14:00:00+00:00,B18,211,213,-41.249832352,500,0.082499665
2020-01-01T14:00:00+00:00,B19,211,214,-82.124243103,500,0.164248486
2020-01-01T14:00:00+00:00,B2,201,203,-15.618110617,175,0.089246346
2020-01-01T14:00:00+00:00,B20,212,213,-11.601133326,500,0.023202267
2020-01-01T14:00:00+00:00,B21,212,223,-144.913333898,500,0.289826668
2020-01-01T14:00:00+00:00,B22,213,223,-155.16941366,500,0.310338827
2020-01-01T14:00:00+00:00,B23,214,216,-160.909069173,500,0.321818138
2020-01-01T14:00:00+00:00,B24,215,216,27.312819877,500,0.05462564
2020-01-01T14:00:00+00:00,B25-1,215,221,-18.292818654,500,0.036585637
2020-01-01T14:00:00+00:00,B25-2,215,221,-18.292818654,500,0.036585637
2020-01-01T14:00:00+00:00,B26,215,224,101.218295732,500,0.202436591
2020-01-01T14:00:00+00:00,B27,216,217,-87.014203755,500,0.174028408
2020-01-01T14:00:00+00:00,B28,216,219,5.807219371,500,0.011614439
2020-01-01T14:00:00+00:00,B29,217,218,98.508961764,500,0.197017924
2020-01-01T14:00:00+00:00,B3,201,205,28.951260257,175,0.165435773
2020-01-01T14:00:00+00:00,B30,217,222,-38.889576615,500,0.077779153
2020-01-01T14:00:00+00:00,B31-1,218,221,-18.362393039,500,0.036724786
2020-01-01T14:00:00+00:00,B31-2,218,221,-18.362393039,500,0.036724786
2020-01-01T14:00:00+00:00,B32-1,219,220,-33.849105569,500,0.067698211
2020-01-01T14:00:00+00:00,B32-2,219,220,-33.849105569,500,0.067698211
2020-01-01T14:00:00+00:00,B33-1,220,223,-59.839976025,500,0.119679952
2020-01-01T14:00:00+00:00,B33-2,220,223,-59.839976025,500,0.119679952
2020-01-01T14:00:00+00:00,B34,221,222,-73.310423385,500,0.146620847
2020-01-01T14:00:00+00:00,B4,202,204,18.234049136,175,0.104194566
2020-01-01T14:00:00+00:00,B5,202,206,25.214127623,175,0.144080729
2020-01-01T14:00:00+00:00,B6,203,209,32.295681587,175,0.184546752
2020-01-01T14:00:00+00:00,B7,203,224,-101.218295732,400,0.253045739
2020-01-01T14:00:00+00:00,B8,204,209,-11.817894829,175,0.067530828
2020-01-01T14:00:00+00:00,B9,205,210,0.117638345,175,0.000672219
2020-01-01T14:00:00+00:00,C1,301,302,15.472379718,175,0.088413598
2020-01-01T14:00:00+00:00,C10,306,310,-96.415077224,175,0.550943298
2020-01-01T14:00:00+00:00,C11,307,308,-73.869028772,175,0.422108736
2020-01-01T14:00:00+00:00,C12-1,308,309,-68.147953675,175,0.389416878
2020-01-01T14:00:00+00:00,C13-2,308,310,-58.773906457,175,0.335850894
2020-01-01T14:00:00+00:00,C14,309,311,-109.362537014,400,0.273406343
2020-01-01T14:00:00+00:00,C15,309,312,-129.417762321,400,0.323544406
2020-01-01T14:00:00+00:00,C16,310,311,-129.11992134,400,0.322799803
2020-01-01T14:00:00+00:00,C17,310,312,-149.471529287,400,0.373678823
2020-01-01T14:00:00+00:00,C18,311,313,-181.075397298,500,0.362150795
2020-01-01T14:00:00+00:00,C19,311,314,-57.407061056,500,0.114814122
2020-01-01T14:00:00+00:00,C2,301,303,-50.086046859,175,0.286205982
2020-01-01T14:00:00+00:00,C20,312,313,-144.925853682,500,0.289851707
2020-01-01T14:00:00+00:00,C21,312,323,-79.163437925,500,0.158326876
2020-01-01T14:00:00+00:00,C22,313,323,-8.303591977,500,0.016607184
2020-01-01T14:00:00+00:00,C23,314,316,-24.65179371,500,0.049303587
2020-01-01T14:00:00+00:00,C24,315,316,-86.491802278,500,0.172983605
2020-01-01T14:00:00+00:00,C25-1,315,321,-64.15833766,500,0.128316675
2020-01-01T14:00:00+00:00,C25-2,315,321,-64.15833766,500,0.128316675
2020-01-01T14:00:00+00:00,C26,315,324,27.476620633,500,0.054953241
2020-01-01T14:00:00+00:00,C27,316,317,-35.033532423,500,0.070067065
2020-01-01T14:00:00+00:00,C28,316,319,-111.205286583,500,0.222410573
2020-01-01T14:00:00+00:00,C29,317,318,18.245230951,500,0.036490462
2020-01-01T14:00:00+00:00,C3,301,305,-29.209173718,175,0.166909564
2020-01-01T14:00:00+00:00,C30,317,322,-30.978763374,500,0.061957527
2020-01-01T14:00:00+00:00,C31-1,318,321,-39.152280653,500,0.078304561
2020-01-01T14:00:00+00:00,C31-2,318,321,-39.152280653,500,0.078304561
2020-01-01T14:00:00+00:00,C32-1,319,320,-52.133820122,500,0.10426764
2020-01-01T14:00:00+00:00,C32-2,319,320,-52.133820122,500,0.10426764
2020-01-01T14:00:00+00:00,C33-1,320,323,-41.154762853,500,0.082309526
2020-01-01T14:00:00+00:00,C33-2,320,323,-41.154762853,500,0.082309526
2020-01-01T14:00:00+00:00,C34,321,322,-36.621236626,500,0.073242473
2020-01-01T14:00:00+00:00,C35,323,325,-169.776555608,722,0.235147584
2020-01-01T14:00:00+00:00,C4,302,304,-25.804412688,175,0.147453787
2020-01-01T14:00:00+00:00,C5,302,306,-16.045573921,175,0.091688994
2020-01-01T14:00:00+00:00,C6,303,309,2.319172343,175,0.013252413
2020-01-01T14:00:00+00:00,C7,303,324,-119.076620633,400,0.297691552
2020-01-01T14:00:00+00:00,C8,304,309,-69.534877721,175,0.397342158
2020-01-01T14:00:00+00:00,C9,305,310,-71.166782061,175,0.406667326
2020-01-01T14:00:00+00:00,CA-1,325,121,-169.776555608,500,0.339553111
2020-01-01T14:00:00+00:00,CB-1,318,223,-100.237300392,500,0.200474601
2020-01-01T15:00:00+00:00,A1,101,102,-1.110716851,175,0.006346953
2020-01-01T15:00:00+00:00,A10,106,110,13.681995407,175,0.078182831
2020-01-01T15:00:00+00:00,A11,107,108,48.198532869,175,0.275420188
2020-01-01T15:00:00+00:00,A12-1,108,109,-7.473201969,175,0.042704011
2020-01-01T15:00:00+00:00,A13-2,108,110,-9.817626882,175,0.056100725
2020-01-01T15:00:00+00:00,A14,109,111,2.280140651,400,0.005700352
2020-01-01T15:00:00+00:00,A15,109,112,-17.580142828,400,0.043950357
2020-01-01T15:00:00+00:00,A16,110,111,6.85090171,400,0.017127254
2020-01-01T15:00:00+00:00,A17,110,112,-13.302883495,400,0.033257209
2020-01-01T15:00:00+00:00,A18,111,113,-18.933764791,500,0.03786753
2020-01-01T15:00:00+00:00,A19,111,114,28.064807151,500,0.056129614
2020-01-01T15:00:00+00:00,A2,101,103,60.393024569,175,0.345102998
2020-01-01T15:00:00+00:00,A20,112,113,16.86439618,500,0.033728792
2020-01-01T15:00:00+00:00,A21,112,123,-47.747422503,500,0.095494845
2020-01-01T15:00:00+00:00,A22,113,123,-62.54012643,500,0.125080253
2020-01-01T15:00:00+00:00,A23,114,116,-46.233065209,500,0.09246613
2020-01-01T15:00:00+00:00,A24,115,116,25.026186013,500,0.050052372
2020-01-01T15:00:00+00:00,A25-1,115,121,-13.717621904,500,0.027435244
2020-01-01T15:00:00+00:00,A25-2,115,121,-13.717621904,500,0.027435244
2020-01-01T15:00:00+00:00,A26,115,124,5.004802443,500,0.010009605
2020-01-01T15:00:00+00:00,A27,116,117,-12.401879286,500,0.024803759
2020-01-01T15:00:00+00:00,A28,116,119,-47.102872261,500,0.094205745
2020-01-01T15:00:00+00:00,A29,117,118,23.209448888,500,0.046418898
2020-01-01T15:00:00+00:00,A3,101,105,91.555990143,175,0.523177087
2020-01-01T15:00:00+00:00,A30,117,122,-35.611328174,500,0.071222656
2020-01-01T15:00:00+00:00,A31-1,118,121,-42.31123302,500,0.084622466
2020-01-01T15:00:00+00:00,A31-2,118,121,-42.31123302,500,0.084622466
2020-01-01T15:00:00+00:00,A32-1,119,120,-51.261010608,500,0.102522021
2020-01-01T15:00:00+00:00,A32-2,119,120,-51.261010608,500,0.102522021
2020-01-01T15:00:00+00:00,A33-1,120,123,-75.771648913,500,0.151543298
2020-01-01T15:00:00+00:00,A33-2,120,123,-75.771648913,500,0.151543298
2020-01-01T15:00:00+00:00,A34,121,122,-43.588671826,500,0.087177344
2020-01-01T15:00:00+00:00,A4,102,104,68.073245164,175,0.388989972
2020-01-01T15:00:00+00:00,A5,102,106,65.767101804,175,0.37581201
2020-01-01T15:00:00+00:00,A6,103,109,9.16165678,175,0.052352324
2020-01-01T15:00:00+00:00,A7,103,124,-5.004802443,400,0.012512006
2020-01-01T15:00:00+00:00,A8,104,109,50.032819625,175,0.285901826
2020-01-01T15:00:00+00:00,A9,105,110,64.364500774,175,0.367797147
2020-01-01T15:00:00+00:00,AB1,107,203,102.729996564,175,0.587028552
2020-01-01T15:00:00+00:00,AB2,113,215,90.381396089,500,0.180762792
2020-01-01T15:00:00+00:00,AB3,123,217,142.169153241,500,0.284338306
2020-01-01T15:00:00+00:00,B1,201,202,-31.521688394,175,0.180123934
2020-01-01T15:00:00+00:00,B10,206,210,-25.489483656,175,0.145654192
2020-01-01T15:00:00+00:00,B11,207,208,-50.960176316,175,0.291201008
2020-01-01T15:00:00+00:00,B12-1,208,209,-68.343302141,175,0.390533155
2020-01-01T15:00:00+00:00,B13-2,208,210,-52.330395375,175,0.299030831
2020-01-01T15:00:00+00:00,B14,209,211,-37.012221318,400,0.092530553
2020-01-01T15:00:00+00:00,B15,209,212,-49.563083106,400,0.123907708
2020-01-01T15:00:00+00:00,B16,210,211,-68.548287649,400,0.171370719
2020-01-01T15:00:00+00:00,B17,210,212,-81.284630153,400,0.203211575
2020-01-01T15:00:00+00:00,B18,211,213,-27.349067865,500,0.054698136
2020-01-01T15:00:00+00:00,B19,211,214,-78.211441102,500,0.156422882
2020-01-01T15:00:00+00:00,B2,201,203,-30.238120372,175,0.172789259
2020-01-01T15:00:00+00:00,B20,212,213,-4.726139492,500,0.009452279
2020-01-01T15:00:00+00:00,B21,212,223,-126.121573767,500,0.252243148
2020-01-01T15:00:00+00:00,B22,213,223,-138.010781147,500,0.276021562
2020-01-01T15:00:00+00:00,B23,214,216,-157.301634744,500,0.314603269
2020-01-01T15:00:00+00:00,B24,215,216,28.87111219,500,0.057742224
2020-01-01T15:00:00+00:00,B25-1,215,221,-17.19240497,500,0.03438481
2020-01-01T15:00:00+00:00,B25-2,215,221,-17.19240497,500,0.03438481
2020-01-01T15:00:00+00:00,B26,215,224,63.860086703,500,0.127720173
2020-01-01T15:00:00+00:00,B27,216,217,-84.226433595,500,0.168452867
2020-01-01T15:00:00+00:00,B28,216,219,39.027769989,500,0.07805554
2020-01-01T15:00:00+00:00,B29,217,218,97.092716625,500,0.194185433
2020-01-01T15:00:00+00:00,B3,201,205,36.430216429,175,0.208172665
2020-01-01T15:00:00+00:00,B30,217,222,-39.149996979,500,0.078299994
2020-01-01T15:00:00+00:00,B31-1,218,221,-19.33259654,500,0.038665193
2020-01-01T15:00:00+00:00,B31-2,218,221,-19.33259654,500,0.038665193
2020-01-01T15:00:00+00:00,B32-1,219,220,-17.381282658,500,0.034762565
2020-01-01T15:00:00+00:00,B32-2,219,220,-17.381282658,500,0.034762565
2020-01-01T15:00:00+00:00,B33-1,220,223,-43.472892932,500,0.086945786
2020-01-01T15:00:00+00:00,B33-2,220,223,-43.472892932,500,0.086945786
2020-01-01T15:00:00+00:00,B34,221,222,-73.050003021,500,0.146100006
2020-01-01T15:00:00+00:00,B4,202,204,20.311359938,175,0.116064914
2020-01-01T15:00:00+00:00,B5,202,206,29.955188176,175,0.171172504
2020-01-01T15:00:00+00:00,B6,203,209,62.969309001,175,0.359824623
2020-01-01T15:00:00+00:00,B7,203,224,-63.860086703,400,0.159650217
2020-01-01T15:00:00+00:00,B8,204,209,-9.857064441,175,0.056326083
2020-01-01T15:00:00+00:00,B9,205,210,7.484836281,175,0.042770493
2020-01-01T15:00:00+00:00,C1,301,302,24.52925016,175,0.140167144
2020-01-01T15:00:00+00:00,C10,306,310,-87.423680606,175,0.499563889
2020-01-01T15:00:00+00:00,C11,307,308,-72.781556491,175,0.415894609
2020-01-01T15:00:00+00:00,C12-1,308,309,-83.797745961,175,0.478844263
2020-01-01T15:00:00+00:00,C13-2,308,310,-65.34897981,175,0.373422742
2020-01-01T15:00:00+00:00,C14,309,311,-94.749869092,400,0.236874673
2020-01-01T15:00:00+00:00,C15,309,312,-111.009256742,400,0.277523142
2020-01-01T15:00:00+00:00,C16,310,311,-131.853214741,400,0.329633037
2020-01-01T15:00:00+00:00,C17,310,312,-148.352888908,400,0.370882222
2020-01-01T15:00:00+00:00,C18,311,313,-114.208616226,500,0.228417232
2020-01-01T15:00:00+00:00,C19,311,314,-112.394467608,500,0.224788935
2020-01-01T15:00:00+00:00,C2,301,303,-70.458223948,175,0.402618423
2020-01-01T15:00:00+00:00,C20,312,313,-84.901069988,500,0.16980214
2020-01-01T15:00:00+00:00,C21,312,323,-139.961075662,500,0.279922151
2020-01-01T15:00:00+00:00,C22,313,323,-109.206585975,500,0.218413172
2020-01-01T15:00:00+00:00,C23,314,316,-125.051443282,500,0.250102887
2020-01-01T15:00:00+00:00,C24,315,316,-18.651034531,500,0.037302069
2020-01-01T15:00:00+00:00,C25-1,315,321,-116.609014609,500,0.233218029
2020-01-01T15:00:00+00:00,C25-2,315,321,-116.609014609,500,0.233218029
2020-01-01T15:00:00+00:00,C26,315,324,67.295036487,500,0.134590073
2020-01-01T15:00:00+00:00,C27,316,317,-145.680430312,500,0.291360861
2020-01-01T15:00:00+00:00,C28,316,319,-32.247292693,500,0.064494585
2020-01-01T15:00:00+00:00,C29,317,318,-81.277638748,500,0.162555277
2020-01-01T15:00:00+00:00,C3,301,305,-16.95429102,175,0.096881663
2020-01-01T15:00:00+00:00,C30,317,322,-39.802791565,500,0.079605583
2020-01-01T15:00:00+00:00,C31-1,318,321,-18.122923009,500,0.036245846
2020-01-01T15:00:00+00:00,C31-2,318,321,-18.122923009,500,0.036245846
2020-01-01T15:00:00+00:00,C32-1,319,320,-30.917493246,500,0.061834986
2020-01-01T15:00:00+00:00,C32-2,319,320,-30.917493246,500,0.061834986
2020-01-01T15:00:00+00:00,C33-1,320,323,-41.18165017,500,0.0823633
2020-01-01T15:00:00+00:00,C33-2,320,323,-41.18165017,500,0.0823633
2020-01-01T15:00:00+00:00,C34,321,322,-37.797208435,500,0.075594417
2020-01-01T15:00:00+00:00,C35,323,325,-331.530961977,722,0.459184158
2020-01-01T15:00:00+00:00,C4,302,304,-23.711890534,175,0.135496517
2020-01-01T15:00:00+00:00,C5,302,306,-8.237347143,175,0.047070555
2020-01-01T15:00:00+00:00,C6,303,309,44.131371192,175,0.252179264
2020-01-01T15:00:00+00:00,C7,303,324,-131.695036487,400,0.329237591
2020-01-01T15:00:00+00:00,C8,304,309,-66.798571977,175,0.381706126
2020-01-01T15:00:00+00:00,C9,305,310,-58.294215108,175,0.333109801
2020-01-01T15:00:00+00:00,CA-1,325,121,-331.530961977,500,0.663061924
2020-01-01T15:00:00+00:00,CB-1,318,223,-238.921859223,500,0.477843718
2020-01-01T16:00:00+00:00,A1,101,102,-0.6002666,175,0.003430095
2020-01-01T16:00:00+00:00,A10,106,110,-2.751865923,175,0.015724948
2020-01-01T16:00:00+00:00,A11,107,108,121.104124876,175,0.692023571
2020-01-01T16:00:00+00:00,A12-1,108,109,26.396623539,175,0.150837849
2020-01-01T16:00:00+00:00,A13-2,108,110,24.479891256,175,0.139885093
2020-01-01T16:00:00+00:00,A14,109,111,3.569487952,400,0.00892372
2020-01-01T16:00:00+00:00,A15,109,112,-25.433045253,400,0.063582613
2020-01-01T16:00:00+00:00,A16,110,111,7.331608308,400,0.018329021
2020-01-01T16:00:00+00:00,A17,110,112,-22.099533762,400,0.055248834
2020-01-01T16:00:00+00:00,A18,111,113,-13.139025624,500,0.026278051
2020-01-01T16:00:00+00:00,A19,111,114,24.040121884,500,0.048080244
2020-01-01T16:00:00+00:00,A2,101,103,51.498988323,175,0.294279933
2020-01-01T16:00:00+00:00,A20,112,113,39.138040479,500,0.078276081
2020-01-01T16:00:00+00:00,A21,112,123,-86.670619495,500,0.173341239
2020-01-01T16:00:00+00:00,A22,113,123,-118.22616131,500,0.236452323
2020-01-01T16:00:00+00:00,A23,114,116,-55.633307096,500,0.111266614
2020-01-01T16:00:00+00:00,A24,115,116,-1.694546975,500,0.003389094
2020-01-01T16:00:00+00:00,A25-1,115,121,-9.178688725,500,0.018357377
2020-01-01T16:00:00+00:00,A25-2,115,121,-9.178688725,500,0.018357377
2020-01-01T16:00:00+00:00,A26,115,124,17.964540712,500,0.035929081
2020-01-01T16:00:00+00:00,A27,116,117,8.289511603,500,0.016579023
2020-01-01T16:00:00+00:00,A28,116,119,-106.686143499,500,0.213372287
2020-01-01T16:00:00+00:00,A29,117,118,42.273764497,500,0.084547529
2020-01-01T16:00:00+00:00,A3,101,105,72.746998226,175,0.415697133
2020-01-01T16:00:00+00:00,A30,117,122,-33.984252894,500,0.067968506
2020-01-01T16:00:00+00:00,A31-1,118,121,-47.242632829,500,0.094485266
2020-01-01T16:00:00+00:00,A31-2,118,121,-47.242632829,500,0.094485266
2020-01-01T16:00:00+00:00,A32-1,119,120,-90.510315681,500,0.181020631
2020-01-01T16:00:00+00:00,A32-2,119,120,-90.510315681,500,0.181020631
2020-01-01T16:00:00+00:00,A33-1,120,123,-116.794333488,500,0.233588667
2020-01-01T16:00:00+00:00,A33-2,120,123,-116.794333488,500,0.233588667
2020-01-01T16:00:00+00:00,A34,121,122,-43.115747106,500,0.086231494
2020-01-01T16:00:00+00:00,A4,102,104,58.461346992,175,0.33406484
2020-01-01T16:00:00+00:00,A5,102,106,53.101671918,175,0.303438125
2020-01-01T16:00:00+00:00,A6,103,109,-4.460271049,175,0.025487263
2020-01-01T16:00:00+00:00,A7,103,124,-17.964540712,400,0.044911352
2020-01-01T16:00:00+00:00,A8,104,109,28.070451402,175,0.160402579
2020-01-01T16:00:00+00:00,A9,105,110,43.588165971,175,0.249075234
2020-01-01T16:00:00+00:00,AB1,107,203,98.895875124,175,0.565119286
2020-01-01T16:00:00+00:00,AB2,113,215,-64.607085069,500,0.12921417
2020-01-01T16:00:00+00:00,AB3,123,217,35.514552218,500,0.071029104
2020-01-01T16:00:00+00:00,B1,201,202,-31.558958106,175,0.180336903
2020-01-01T16:00:00+00:00,B10,206,210,-27.491929024,175,0.157096737
2020-01-01T16:00:00+00:00,B11,207,208,-52.357154079,175,0.299183738
2020-01-01T16:00:00+00:00,B12-1,208,209,-70.054215365,175,0.400309802
2020-01-01T16:00:00+00:00,B13-2,208,210,-53.927525494,175,0.308157289
2020-01-01T16:00:00+00:00,B14,209,211,-40.357551395,400,0.100893878
2020-01-01T16:00:00+00:00,B15,209,212,-53.089138139,400,0.132722845
2020-01-01T16:00:00+00:00,B16,210,211,-72.163255637,400,0.180408139
2020-01-01T16:00:00+00:00,B17,210,212,-85.082993909,400,0.212707485
2020-01-01T16:00:00+00:00,B18,211,213,-28.432721802,500,0.056865444
2020-01-01T16:00:00+00:00,B19,211,214,-84.08808523,500,0.16817617
2020-01-01T16:00:00+00:00,B2,201,203,-30.366851871,175,0.173524868
2020-01-01T16:00:00+00:00,B20,212,213,-5.484036696,500,0.010968073
2020-01-01T16:00:00+00:00,B21,212,223,-132.688095351,500,0.265376191
2020-01-01T16:00:00+00:00,B22,213,223,-144.913925146,500,0.28982785
2020-01-01T16:00:00+00:00,B23,214,216,-165.346388361,500,0.330692777
2020-01-01T16:00:00+00:00,B24,215,216,-8.567024454,500,0.017134049
2020-01-01T16:00:00+00:00,B25-1,215,221,-100.106744846,500,0.20021349
2020-01-01T16:00:00+00:00,B25-2,215,221,-100.106744846,500,0.20021349
2020-01-01T16:00:00+00:00,B26,215,224,68.095686333,500,0.136191373
2020-01-01T16:00:00+00:00,B27,216,217,-102.55493746,500,0.205109875
2020-01-01T16:00:00+00:00,B28,216,219,41.755801382,500,0.083511603
2020-01-01T16:00:00+00:00,B29,217,218,-10.367768434,500,0.020735537
2020-01-01T16:00:00+00:00,B3,201,205,35.589228852,175,0.203367022
2020-01-01T16:00:00+00:00,B30,217,222,-56.672616808,500,0.113345234
2020-01-01T16:00:00+00:00,B31-1,218,221,-74.92361345,500,0.149847227
2020-01-01T16:00:00+00:00,B31-2,218,221,-74.92361345,500,0.149847227
2020-01-01T16:00:00+00:00,B32-1,219,220,-17.028678862,500,0.034057358
2020-01-01T16:00:00+00:00,B32-2,219,220,-17.028678862,500,0.034057358
2020-01-01T16:00:00+00:00,B33-1,220,223,-43.835541751,500,0.087671084
2020-01-01T16:00:00+00:00,B33-2,220,223,-43.835541751,500,0.087671084
2020-01-01T16:00:00+00:00,B34,221,222,-56.727383192,500,0.113454766
2020-01-01T16:00:00+00:00,B4,202,204,19.672569043,175,0.11241468
2020-01-01T16:00:00+00:00,B5,202,206,29.472654614,175,0.168415169
2020-01-01T16:00:00+00:00,B6,203,209,61.230407713,175,0.349888044
2020-01-01T16:00:00+00:00,B7,203,224,-68.095686333,400,0.170239216
2020-01-01T16:00:00+00:00,B8,204,209,-11.322866172,175,0.064702092
2020-01-01T16:00:00+00:00,B9,205,210,5.850365335,175,0.033430659
2020-01-01T16:00:00+00:00,C1,301,302,24.437847235,175,0.139644841
2020-01-01T16:00:00+00:00,C10,306,310,-84.877180063,175,0.485012458
2020-01-01T16:00:00+00:00,C11,307,308,-49.101149089,175,0.280577995
2020-01-01T16:00:00+00:00,C12-1,308,309,-91.520997331,175,0.522977128
2020-01-01T16:00:00+00:00,C13-2,308,310,-59.173951218,175,0.338136864
2020-01-01T16:00:00+00:00,C14,309,311,-86.648739227,400,0.216621848
2020-01-01T16:00:00+00:00,C15,309,312,-98.519581737,400,0.246298954
2020-01-01T16:00:00+00:00,C16,310,311,-150.529105403,400,0.376322764
2020-01-01T16:00:00+00:00,C17,310,312,-162.575379083,400,0.406438448
2020-01-01T16:00:00+00:00,C18,311,313,-132.015738785,500,0.264031478
2020-01-01T16:00:00+00:00,C19,311,314,-105.162105844,500,0.210324212
2020-01-01T16:00:00+00:00,C2,301,303,-77.583798113,175,0.443335989
2020-01-01T16:00:00+00:00,C20,312,313,-110.618545161,500,0.22123709
2020-01-01T16:00:00+00:00,C21,312,323,-150.476415658,500,0.300952831
2020-01-01T16:00:00+00:00,C22,313,323,-106.741633921,500,0.213483268
2020-01-01T16:00:00+00:00,C23,314,316,-220.42056839,500,0.440841137
2020-01-01T16:00:00+00:00,C24,315,316,-35.265483191,500,0.070530966
2020-01-01T16:00:00+00:00,C25-1,315,321,-145.397659397,500,0.290795319
2020-01-01T16:00:00+00:00,C25-2,315,321,-145.397659397,500,0.290795319
2020-01-01T16:00:00+00:00,C26,315,324,137.726097723,500,0.275452195
2020-01-01T16:00:00+00:00,C27,316,317,-170.624353764,500,0.341248708
2020-01-01T16:00:00+00:00,C28,316,319,110.526723552,500,0.221053447
2020-01-01T16:00:00+00:00,C29,317,318,-124.009678052,500,0.248019356
2020-01-01T16:00:00+00:00,C3,301,305,-11.018554044,175,0.062963166
2020-01-01T16:00:00+00:00,C30,317,322,-35.814675713,500,0.071629351
2020-01-01T16:00:00+00:00,C31-1,318,321,-13.561669447,500,0.027123339
2020-01-01T16:00:00+00:00,C31-2,318,321,-13.561669447,500,0.027123339
2020-01-01T16:00:00+00:00,C32-1,319,320,1.495883114,500,0.002991766
2020-01-01T16:00:00+00:00,C32-2,319,320,1.495883114,500,0.002991766
2020-01-01T16:00:00+00:00,C33-1,320,323,-36.52752721,500,0.073055054
2020-01-01T16:00:00+00:00,C33-2,320,323,-36.52752721,500,0.073055054
2020-01-01T16:00:00+00:00,C34,321,322,-24.585324287,500,0.049170649
2020-01-01T16:00:00+00:00,C35,323,325,-330.273103998,722,0.457441972
2020-01-01T16:00:00+00:00,C4,302,304,-29.113950913,175,0.166365434
2020-01-01T16:00:00+00:00,C5,302,306,-4.077433124,175,0.023299618
2020-01-01T16:00:00+00:00,C6,303,309,45.501458073,175,0.260008332
2020-01-01T16:00:00+00:00,C7,303,324,-137.726097723,400,0.344315244
2020-01-01T16:00:00+00:00,C8,304,309,-73.078519101,175,0.417591538
2020-01-01T16:00:00+00:00,C9,305,310,-53.200774872,175,0.304004428
2020-01-01T16:00:00+00:00,CA-1,325,121,-330.273103998,500,0.660546208
2020-01-01T16:00:00+00:00,CB-1,318,223,-294.726896002,500,0.589453792
2020-01-01T17:00:00+00:00,A1,101,102,0.749843294,175,0.004284819
2020-01-01T17:00:00+00:00,A10,106,110,-7.720534049,175,0.044117337
2020-01-01T17:00:00+00:00,A11,107,108,100.113997021,175,0.572079983
2020-01-01T17:00:00+00:00,A12-1,108,109,10.628811227,175,0.060736064
2020-01-01T17:00:00+00:00,A13-2,108,110,12.679025475,175,0.072451574
2020-01-01T17:00:00+00:00,A14,109,111,-7.128585858,400,0.017821465
2020-01-01T17:00:00+00:00,A15,109,112,-26.17558384,400,0.06543896
2020-01-01T17:00:00+00:00,A16,110,111,-11.201625607,400,0.028004064
2020-01-01T17:00:00+00:00,A17,110,112,-30.530106318,400,0.076325266
2020-01-01T17:00:00+00:00,A18,111,113,5.232037896,500,0.010464076
2020-01-01T17:00:00+00:00,A19,111,114,-23.562249361,500,0.047124499
2020-01-01T17:00:00+00:00,A2,101,103,37.954976783,175,0.216885582
2020-01-01T17:00:00+00:00,A20,112,113,39.564251759,500,0.079128504
2020-01-01T17:00:00+00:00,A21,112,123,-96.269941917,500,0.192539884
2020-01-01T17:00:00+00:00,A22,113,123,-129.164005177,500,0.25832801
2020-01-01T17:00:00+00:00,A23,114,116,-110.699062823,500,0.221398126
2020-01-01T17:00:00+00:00,A24,115,116,49.908442583,500,0.099816885
2020-01-01T17:00:00+00:00,A25-1,115,121,-51.048782949,500,0.102097566
2020-01-01T17:00:00+00:00,A25-2,115,121,-51.048782949,500,0.102097566
2020-01-01T17:00:00+00:00,A26,115,124,54.984811919,500,0.109969624
2020-01-01T17:00:00+00:00,A27,116,117,-99.917140359,500,0.199834281
2020-01-01T17:00:00+00:00,A28,116,119,-5.789363109,500,0.011578726
2020-01-01T17:00:00+00:00,A29,117,118,44.163716514,500,0.088327433
2020-01-01T17:00:00+00:00,A3,101,105,72.786026036,175,0.415920149
2020-01-01T17:00:00+00:00,A30,117,122,-144.080856873,500,0.288161714
2020-01-01T17:00:00+00:00,A31-1,118,121,-52.703087318,500,0.105406175
2020-01-01T17:00:00+00:00,A31-2,118,121,-52.703087318,500,0.105406175
2020-01-01T17:00:00+00:00,A32-1,119,120,-43.543555876,500,0.087087112
2020-01-01T17:00:00+00:00,A32-2,119,120,-43.543555876,500,0.087087112
2020-01-01T17:00:00+00:00,A33-1,120,123,-72.289721142,500,0.144579442
2020-01-01T17:00:00+00:00,A33-2,120,123,-72.289721142,500,0.144579442
2020-01-01T17:00:00+00:00,A34,121,122,-211.419143127,500,0.422838286
2020-01-01T17:00:00+00:00,A4,102,104,55.816369422,175,0.318950682
2020-01-01T17:00:00+00:00,A5,102,106,53.365067141,175,0.304943241
2020-01-01T17:00:00+00:00,A6,103,109,12.091198891,175,0.069092565
2020-01-01T17:00:00+00:00,A7,103,124,-54.984811919,400,0.13746203
2020-01-01T17:00:00+00:00,A8,104,109,22.578615833,175,0.129020662
2020-01-01T17:00:00+00:00,A9,105,110,40.895748944,175,0.233689994
2020-01-01T17:00:00+00:00,AB1,107,203,119.886002979,175,0.685062874
2020-01-01T17:00:00+00:00,AB2,113,215,-2.380229921,500,0.00476046
2020-01-01T17:00:00+00:00,AB3,123,217,103.986610621,500,0.207973221
2020-01-01T17:00:00+00:00,B1,201,202,-27.135337379,175,0.155059071
2020-01-01T17:00:00+00:00,B10,206,210,-37.561373179,175,0.214636418
2020-01-01T17:00:00+00:00,B11,207,208,-61.801511096,175,0.353151492
2020-01-01T17:00:00+00:00,B12-1,208,209,-83.434759042,175,0.476770052
2020-01-01T17:00:00+00:00,B13-2,208,210,-62.911219235,175,0.359492681
2020-01-01T17:00:00+00:00,B14,209,211,-50.336567522,400,0.125841419
2020-01-01T17:00:00+00:00,B15,209,212,-65.152203537,400,0.162880509
2020-01-01T17:00:00+00:00,B16,210,211,-90.798778913,400,0.226996947
2020-01-01T17:00:00+00:00,B17,210,212,-105.833365213,400,0.264583413
2020-01-01T17:00:00+00:00,B18,211,213,-35.681918905,500,0.071363838
2020-01-01T17:00:00+00:00,B19,211,214,-105.45342753,500,0.210906855
2020-01-01T17:00:00+00:00,B2,201,203,-43.71523211,175,0.249801326
2020-01-01T17:00:00+00:00,B20,212,213,-8.976734989,500,0.01795347
2020-01-01T17:00:00+00:00,B21,212,223,-162.008833761,500,0.324017668
2020-01-01T17:00:00+00:00,B22,213,223,-175.677857418,500,0.351355715
2020-01-01T17:00:00+00:00,B23,214,216,-201.369372752,500,0.402738746
2020-01-01T17:00:00+00:00,B24,215,216,10.871937825,500,0.021743876
2020-01-01T17:00:00+00:00,B25-1,215,221,-101.79872532,500,0.203597451
2020-01-01T17:00:00+00:00,B25-2,215,221,-101.79872532,500,0.203597451
2020-01-01T17:00:00+00:00,B26,215,224,87.316650752,500,0.174633302
2020-01-01T17:00:00+00:00,B27,216,217,-136.483267821,500,0.272966536
2020-01-01T17:00:00+00:00,B28,216,219,51.544624017,500,0.103089248
2020-01-01T17:00:00+00:00,B29,217,218,19.107941184,500,0.038215882
2020-01-01T17:00:00+00:00,B3,201,205,35.354063901,175,0.202023222
2020-01-01T17:00:00+00:00,B30,217,222,-51.604598383,500,0.103209197
2020-01-01T17:00:00+00:00,B31-1,218,221,-72.765642189,500,0.145531284
2020-01-01T17:00:00+00:00,B31-2,218,221,-72.765642189,500,0.145531284
2020-01-01T17:00:00+00:00,B32-1,219,220,-18.971982026,500,0.037943964
2020-01-01T17:00:00+00:00,B32-2,219,220,-18.971982026,500,0.037943964
2020-01-01T17:00:00+00:00,B33-1,220,223,-50.614355707,500,0.101228711
2020-01-01T17:00:00+00:00,B33-2,220,223,-50.614355707,500,0.101228711
2020-01-01T17:00:00+00:00,B34,221,222,-55.795401617,500,0.111590803
2020-01-01T17:00:00+00:00,B4,202,204,16.561352445,175,0.0946363
2020-01-01T17:00:00+00:00,B5,202,206,29.678670894,175,0.169592405
2020-01-01T17:00:00+00:00,B6,203,209,74.493245642,175,0.425675689
2020-01-01T17:00:00+00:00,B7,203,224,-87.316650752,400,0.218291627
2020-01-01T17:00:00+00:00,B8,204,209,-20.025142124,175,0.114429384
2020-01-01T17:00:00+00:00,B9,205,210,0.250805599,175,0.001433175
2020-01-01T17:00:00+00:00,C1,301,302,26.628485522,175,0.152162774
2020-01-01T17:00:00+00:00,C10,306,310,-94.849566396,175,0.541997522
2020-01-01T17:00:00+00:00,C11,307,308,-60.845618465,175,0.347689248
2020-01-01T17:00:00+00:00,C12-1,308,309,-105.332802693,175,0.60190173
2020-01-01T17:00:00+00:00,C13-2,308,310,-68.845621832,175,0.393403553
2020-01-01T17:00:00+00:00,C14,309,311,-97.143525033,400,0.242858813
2020-01-01T17:00:00+00:00,C15,309,312,-111.129288602,400,0.277823222
2020-01-01T17:00:00+00:00,C16,310,311,-169.191210743,400,0.422978027
2020-01-01T17:00:00+00:00,C17,310,312,-183.383660473,400,0.458459151
2020-01-01T17:00:00+00:00,C18,311,313,-139.988328546,500,0.279976657
2020-01-01T17:00:00+00:00,C19,311,314,-126.34640723,500,0.252692814
2020-01-01T17:00:00+00:00,C2,301,303,-85.622892981,175,0.489273674
2020-01-01T17:00:00+00:00,C20,312,313,-114.778989711,500,0.229557979
2020-01-01T17:00:00+00:00,C21,312,323,-179.733959365,500,0.359467919
2020-01-01T17:00:00+00:00,C22,313,323,-137.066696003,500,0.274133392
2020-01-01T17:00:00+00:00,C23,314,316,-254.922807087,500,0.509845614
2020-01-01T17:00:00+00:00,C24,315,316,-32.971403712,500,0.065942807
2020-01-01T17:00:00+00:00,C25-1,315,321,-170.390155113,500,0.34078031
2020-01-01T17:00:00+00:00,C25-2,315,321,-170.390155113,500,0.34078031
2020-01-01T17:00:00+00:00,C26,315,324,163.655225511,500,0.327310451
2020-01-01T17:00:00+00:00,C27,316,317,-290.53689299,500,0.581073786
2020-01-01T17:00:00+00:00,C28,316,319,117.679621619,500,0.235359243
2020-01-01T17:00:00+00:00,C29,317,318,-8.875363974,500,0.017750728
2020-01-01T17:00:00+00:00,C3,301,305,-12.584206895,175,0.071909754
2020-01-01T17:00:00+00:00,C30,317,322,-38.461529016,500,0.076923058
2020-01-01T17:00:00+00:00,C31-1,318,321,-4.245747079,500,0.008491494
2020-01-01T17:00:00+00:00,C31-2,318,321,-4.245747079,500,0.008491494
2020-01-01T17:00:00+00:00,C32-1,319,320,-1.140416959,500,0.002280834
2020-01-01T17:00:00+00:00,C32-2,319,320,-1.140416959,500,0.002280834
2020-01-01T17:00:00+00:00,C33-1,320,323,-43.557373613,500,0.087114747
2020-01-01T17:00:00+00:00,C33-2,320,323,-43.557373613,500,0.087114747
2020-01-01T17:00:00+00:00,C34,321,322,-55.938470984,500,0.111876942
2020-01-01T17:00:00+00:00,C35,323,325,-403.915402593,722,0.559439616
2020-01-01T17:00:00+00:00,C4,302,304,-32.9461809,175,0.188263891
2020-01-01T17:00:00+00:00,C5,302,306,-4.713533507,175,0.026934477
2020-01-01T17:00:00+00:00,C6,303,309,48.13464194,175,0.275055097
2020-01-01T17:00:00+00:00,C7,303,324,-163.655225511,400,0.409138064
2020-01-01T17:00:00+00:00,C8,304,309,-81.990787031,175,0.468518783
2020-01-01T17:00:00+00:00,C9,305,310,-59.640518183,175,0.340802961
2020-01-01T17:00:00+00:00,CA-1,325,121,-403.915402593,500,0.807830805
2020-01-01T17:00:00+00:00,CB-1,318,223,-221.084597407,500,0.442169195
2020-01-01T18:00:00+00:00,A1,101,102,-3.992664306,175,0.022815225
2020-01-01T18:00:00+00:00,A10,106,110,-9.292101039,175,0.05309772
2020-01-01T18:00:00+00:00,A11,107,108,75.49677936,175,0.431410168
2020-01-01T18:00:00+00:00,A12-1,108,109,-0.95758409,175,0.005471909
2020-01-01T18:00:00+00:00,A13-2,108,110,0.49431893,175,0.00282468
2020-01-01T18:00:00+00:00,A14,109,111,-15.270907332,400,0.038177268
2020-01-01T18:00:00+00:00,A15,109,112,-36.129329868,400,0.090323325
2020-01-01T18:00:00+00:00,A16,110,111,-18.306391047,400,0.045765978
2020-01-01T18:00:00+00:00,A17,110,112,-39.473066133,400,0.098682665
2020-01-01T18:00:00+00:00,A18,111,113,-29.649396866,500,0.059298794
2020-01-01T18:00:00+00:00,A19,111,114,-3.927901513,500,0.007855803
2020-01-01T18:00:00+00:00,A2,101,103,38.839505164,175,0.22194003
2020-01-01T18:00:00+00:00,A20,112,113,7.947909756,500,0.01589582
2020-01-01T18:00:00+00:00,A21,112,123,-83.550305758,500,0.167100612
2020-01-01T18:00:00+00:00,A22,113,123,-97.538842837,500,0.195077686
2020-01-01T18:00:00+00:00,A23,114,116,-90.104794126,500,0.180209588
2020-01-01T18:00:00+00:00,A24,115,116,27.838876872,500,0.055677754
2020-01-01T18:00:00+00:00,A25-1,115,121,-46.069821006,500,0.092139642
2020-01-01T18:00:00+00:00,A25-2,115,121,-46.069821006,500,0.092139642
2020-01-01T18:00:00+00:00,A26,115,124,47.485945766,500,0.094971892
2020-01-01T18:00:00+00:00,A27,116,117,-82.428104296,500,0.164856209
2020-01-01T18:00:00+00:00,A28,116,119,-24.258891626,500,0.048517783
2020-01-01T18:00:00+00:00,A29,117,118,49.460632262,500,0.098921265
2020-01-01T18:00:00+00:00,A3,101,105,69.178394182,175,0.39530511
2020-01-01T18:00:00+00:00,A30,117,122,-131.888736557,500,0.263777473
2020-01-01T18:00:00+00:00,A31-1,118,121,-49.230779849,500,0.09846156
2020-01-01T18:00:00+00:00,A31-2,118,121,-49.230779849,500,0.09846156
2020-01-01T18:00:00+00:00,A32-1,119,120,-52.330522006,500,0.104661044
2020-01-01T18:00:00+00:00,A32-2,119,120,-52.330522006,500,0.104661044
2020-01-01T18:00:00+00:00,A33-1,120,123,-80.760012353,500,0.161520025
2020-01-01T18:00:00+00:00,A33-2,120,123,-80.760012353,500,0.161520025
2020-01-01T18:00:00+00:00,A34,121,122,-195.011263443,500,0.390022527
2020-01-01T18:00:00+00:00,A4,102,104,53.798323439,175,0.307418991
2020-01-01T18:00:00+00:00,A5,102,106,51.120565948,175,0.29211752
2020-01-01T18:00:00+00:00,A6,103,109,6.36750933,175,0.036385768
2020-01-01T18:00:00+00:00,A7,103,124,-47.485945766,400,0.118714864
2020-01-01T18:00:00+00:00,A8,104,109,20.926725226,175,0.119581287
2020-01-01T18:00:00+00:00,A9,105,110,37.639428328,175,0.215082448
2020-01-01T18:00:00+00:00,AB1,107,203,117.137304778,175,0.669356027
2020-01-01T18:00:00+00:00,AB2,113,215,58.121497262,500,0.116242995
2020-01-01T18:00:00+00:00,AB3,123,217,131.390826699,500,0.262781653
2020-01-01T18:00:00+00:00,B1,201,202,-30.71976337,175,0.175541505
2020-01-01T18:00:00+00:00,B10,206,210,-40.311562668,175,0.230351787
2020-01-01T18:00:00+00:00,B11,207,208,-62.64756807,175,0.357986103
2020-01-01T18:00:00+00:00,B12-1,208,209,-84.709330621,175,0.484053318
2020-01-01T18:00:00+00:00,B13-2,208,210,-63.640110569,175,0.363657775
2020-01-01T18:00:00+00:00,B14,209,211,-52.952955383,400,0.132382388
2020-01-01T18:00:00+00:00,B15,209,212,-68.658725724,400,0.171646814
2020-01-01T18:00:00+00:00,B16,210,211,-94.509864045,400,0.23627466
2020-01-01T18:00:00+00:00,B17,210,212,-110.447739366,400,0.276119348
2020-01-01T18:00:00+00:00,B18,211,213,-38.82899279,500,0.077657986
2020-01-01T18:00:00+00:00,B19,211,214,-108.633826638,500,0.217267653
2020-01-01T18:00:00+00:00,B2,201,203,-46.415830123,175,0.265233315
2020-01-01T18:00:00+00:00,B20,212,213,-10.519341751,500,0.021038684
2020-01-01T18:00:00+00:00,B21,212,223,-168.587123339,500,0.337174247
2020-01-01T18:00:00+00:00,B22,213,223,-182.161178849,500,0.364322358
2020-01-01T18:00:00+00:00,B23,214,216,-205.862852283,500,0.411725705
2020-01-01T18:00:00+00:00,B24,215,216,16.607414221,500,0.033214828
2020-01-01T18:00:00+00:00,B25-1,215,221,-91.346356158,500,0.182692712
2020-01-01T18:00:00+00:00,B25-2,215,221,-91.346356158,500,0.182692712
2020-01-01T18:00:00+00:00,B26,215,224,93.232562731,500,0.186465125
2020-01-01T18:00:00+00:00,B27,216,217,-130.938326443,500,0.261876653
2020-01-01T18:00:00+00:00,B28,216,219,46.564833925,500,0.093129668
2020-01-01T18:00:00+00:00,B29,217,218,30.211465608,500,0.060422931
2020-01-01T18:00:00+00:00,B3,201,205,32.30809468,175,0.184617684
2020-01-01T18:00:00+00:00,B30,217,222,-29.758965353,500,0.059517931
2020-01-01T18:00:00+00:00,B31-1,218,221,-68.340827865,500,0.136681656
2020-01-01T18:00:00+00:00,B31-2,218,221,-68.340827865,500,0.136681656
2020-01-01T18:00:00+00:00,B32-1,219,220,-22.07442232,500,0.044148845
2020-01-01T18:00:00+00:00,B32-2,219,220,-22.07442232,500,0.044148845
2020-01-01T18:00:00+00:00,B33-1,220,223,-54.149977172,500,0.108299954
2020-01-01T18:00:00+00:00,B33-2,220,223,-54.149977172,500,0.108299954
2020-01-01T18:00:00+00:00,B34,221,222,-26.041034647,500,0.052082069
2020-01-01T18:00:00+00:00,B4,202,204,14.150065744,175,0.080857519
2020-01-01T18:00:00+00:00,B5,202,206,27.848991392,175,0.159137094
2020-01-01T18:00:00+00:00,B6,203,209,73.741539366,175,0.421380225
2020-01-01T18:00:00+00:00,B7,203,224,-93.232562731,400,0.233081407
2020-01-01T18:00:00+00:00,B8,204,209,-22.937294554,175,0.131070255
2020-01-01T18:00:00+00:00,B9,205,210,-3.275723984,175,0.018718423
2020-01-01T18:00:00+00:00,C1,301,302,27.936445827,175,0.159636833
2020-01-01T18:00:00+00:00,C10,306,310,-93.533967601,175,0.534479815
2020-01-01T18:00:00+00:00,C11,307,308,-59.58019614,175,0.340458264
2020-01-01T18:00:00+00:00,C12-1,308,309,-102.1602675,175,0.583772957
2020-01-01T18:00:00+00:00,C13-2,308,310,-69.02163696,175,0.394409354
2020-01-01T18:00:00+00:00,C14,309,311,-101.618641413,400,0.254046604
2020-01-01T18:00:00+00:00,C15,309,312,-115.515212257,400,0.288788031
2020-01-01T18:00:00+00:00,C16,310,311,-167.252156862,400,0.418130392
2020-01-01T18:00:00+00:00,C17,310,312,-181.354095748,400,0.453385239
2020-01-01T18:00:00+00:00,C18,311,313,-141.319559565,500,0.282639119
2020-01-01T18:00:00+00:00,C19,311,314,-127.551238711,500,0.255102477
2020-01-01T18:00:00+00:00,C2,301,303,-85.97374463,175,0.491278541
2020-01-01T18:00:00+00:00,C20,312,313,-116.27099062,500,0.232541981
2020-01-01T18:00:00+00:00,C21,312,323,-180.598317384,500,0.361196635
2020-01-01T18:00:00+00:00,C22,313,323,-137.207232603,500,0.274414465
2020-01-01T18:00:00+00:00,C23,314,316,-254.163703121,500,0.508327406
2020-01-01T18:00:00+00:00,C24,315,316,14.319984976,500,0.02863997
2020-01-01T18:00:00+00:00,C25-1,315,321,-194.19291309,500,0.388385826
2020-01-01T18:00:00+00:00,C25-2,315,321,-194.19291309,500,0.388385826
2020-01-01T18:00:00+00:00,C26,315,324,167.178463792,500,0.334356928
2020-01-01T18:00:00+00:00,C27,316,317,-396.169608169,500,0.792339216
2020-01-01T18:00:00+00:00,C28,316,319,115.061733112,500,0.230123466
2020-01-01T18:00:00+00:00,C29,317,318,27.941852372,500,0.055883705
2020-01-01T18:00:00+00:00,C3,301,305,-12.447990662,175,0.071131375
2020-01-01T18:00:00+00:00,C30,317,322,-48.911460541,500,0.097822921
2020-01-01T18:00:00+00:00,C31-1,318,321,5.781976661,500,0.011563953
2020-01-01T18:00:00+00:00,C31-2,318,321,5.781976661,500,0.011563953
2020-01-01T18:00:00+00:00,C32-1,319,320,-1.533195449,500,0.003066391
2020-01-01T18:00:00+00:00,C32-2,319,320,-1.533195449,500,0.003066391
2020-01-01T18:00:00+00:00,C33-1,320,323,-43.302255873,500,0.086604512
2020-01-01T18:00:00+00:00,C33-2,320,323,-43.302255873,500,0.086604512
2020-01-01T18:00:00+00:00,C34,321,322,-83.488539459,500,0.166977079
2020-01-01T18:00:00+00:00,C35,323,325,-404.410061733,722,0.560124739
2020-01-01T18:00:00+00:00,C4,302,304,-30.595072178,175,0.174828984
2020-01-01T18:00:00+00:00,C5,302,306,-4.7747142,175,0.027284081
2020-01-01T18:00:00+00:00,C6,303,309,54.129236719,175,0.309309924
2020-01-01T18:00:00+00:00,C7,303,324,-167.178463792,400,0.417946159
2020-01-01T18:00:00+00:00,C8,304,309,-78.890548293,175,0.450803133
2020-01-01T18:00:00+00:00,C9,305,310,-58.78554207,175,0.335917383
2020-01-01T18:00:00+00:00,CA-1,325,121,-404.410061733,500,0.808820123
2020-01-01T18:00:00+00:00,CB-1,318,223,-200.951743467,500,0.401903487
2020-01-01T19:00:00+00:00,A1,101,102,-1.125152193,175,0.006429441
2020-01-01T19:00:00+00:00,A10,106,110,-6.043841993,175,0.03453624
2020-01-01T19:00:00+00:00,A11,107,108,66.186677858,175,0.378209588
2020-01-01T19:00:00+00:00,A12-1,108,109,-5.807408945,175,0.033185194
2020-01-01T19:00:00+00:00,A13-2,108,110,-2.717936957,175,0.015531068
2020-01-01T19:00:00+00:00,A14,109,111,-13.729400784,400,0.034323502
2020-01-01T19:00:00+00:00,A15,109,112,-25.911790628,400,0.064779477
2020-01-01T19:00:00+00:00,A16,110,111,-19.911220196,400,0.04977805
2020-01-01T19:00:00+00:00,A17,110,112,-32.273645358,400,0.080684113
2020-01-01T19:00:00+00:00,A18,111,113,4.435051973,500,0.008870104
2020-01-01T19:00:00+00:00,A19,111,114,-38.075672953,500,0.076151346
2020-01-01T19:00:00+00:00,A2,101,103,33.142993849,175,0.189388536
2020-01-01T19:00:00+00:00,A20,112,113,26.393809667,500,0.052787619
2020-01-01T19:00:00+00:00,A21,112,123,-84.579245653,500,0.169158491
2020-01-01T19:00:00+00:00,A22,113,123,-108.863099912,500,0.2177262
2020-01-01T19:00:00+00:00,A23,114,116,-122.836682365,500,0.245673365
2020-01-01T19:00:00+00:00,A24,115,116,76.18310362,500,0.152366207
2020-01-01T19:00:00+00:00,A25-1,115,121,-78.01244817,500,0.156024896
2020-01-01T19:00:00+00:00,A25-2,115,121,-78.01244817,500,0.156024896
2020-01-01T19:00:00+00:00,A26,115,124,65.340555692,500,0.130681111
2020-01-01T19:00:00+00:00,A27,116,117,-139.511924404,500,0.279023849
2020-01-01T19:00:00+00:00,A28,116,119,49.167103693,500,0.098334207
2020-01-01T19:00:00+00:00,A29,117,118,14.851154714,500,0.029702309
2020-01-01T19:00:00+00:00,A3,101,105,72.795617022,175,0.415974954
2020-01-01T19:00:00+00:00,A30,117,122,-154.363079118,500,0.308726158
2020-01-01T19:00:00+00:00,A31-1,118,121,-65.320340515,500,0.130640681
2020-01-01T19:00:00+00:00,A31-2,118,121,-65.320340515,500,0.130640681
2020-01-01T19:00:00+00:00,A32-1,119,120,-14.957022132,500,0.029914044
2020-01-01T19:00:00+00:00,A32-2,119,120,-14.957022132,500,0.029914044
2020-01-01T19:00:00+00:00,A33-1,120,123,-42.919416989,500,0.085838834
2020-01-01T19:00:00+00:00,A33-2,120,123,-42.919416989,500,0.085838834
2020-01-01T19:00:00+00:00,A34,121,122,-216.436920882,500,0.432873842
2020-01-01T19:00:00+00:00,A4,102,104,55.118096022,175,0.314960549
2020-01-01T19:00:00+00:00,A5,102,106,53.376247079,175,0.305007126
2020-01-01T19:00:00+00:00,A6,103,109,19.839314005,175,0.113367509
2020-01-01T19:00:00+00:00,A7,103,124,-65.340555692,400,0.163351389
2020-01-01T19:00:00+00:00,A8,104,109,22.786576968,175,0.130209011
2020-01-01T19:00:00+00:00,A9,105,110,41.774835227,175,0.238713344
2020-01-01T19:00:00+00:00,AB1,107,203,110.865936486,175,0.633519637
2020-01-01T19:00:00+00:00,AB2,113,215,53.880169702,500,0.107760339
2020-01-01T19:00:00+00:00,AB3,123,217,141.216973928,500,0.282433948
2020-01-01T19:00:00+00:00,B1,201,202,-32.68415373,175,0.186766593
2020-01-01T19:00:00+00:00,B10,206,210,-40.363669958,175,0.230649543
2020-01-01T19:00:00+00:00,B11,207,208,-61.703132368,175,0.352589328
2020-01-01T19:00:00+00:00,B12-1,208,209,-82.883420221,175,0.473619544
2020-01-01T19:00:00+00:00,B13-2,208,210,-63.229597227,175,0.361311984
2020-01-01T19:00:00+00:00,B14,209,211,-52.260734464,400,0.130651836
2020-01-01T19:00:00+00:00,B15,209,212,-74.040235345,400,0.185100588
2020-01-01T19:00:00+00:00,B16,210,211,-91.06825639,400,0.227670641
2020-01-01T19:00:00+00:00,B17,210,212,-113.169621816,400,0.282924055
2020-01-01T19:00:00+00:00,B18,211,213,-49.801197772,500,0.099602396
2020-01-01T19:00:00+00:00,B19,211,214,-93.527793081,500,0.187055586
2020-01-01T19:00:00+00:00,B2,201,203,-41.787007295,175,0.238782899
2020-01-01T19:00:00+00:00,B20,212,213,-10.543647433,500,0.021087295
2020-01-01T19:00:00+00:00,B21,212,223,-176.666209728,500,0.353332419
2020-01-01T19:00:00+00:00,B22,213,223,-191.155485826,500,0.382310972
2020-01-01T19:00:00+00:00,B23,214,216,-189.291054517,500,0.378582109
2020-01-01T19:00:00+00:00,B24,215,216,-7.034482611,500,0.014068965
2020-01-01T19:00:00+00:00,B25-1,215,221,-76.167476031,500,0.152334952
2020-01-01T19:00:00+00:00,B25-2,215,221,-76.167476031,500,0.152334952
2020-01-01T19:00:00+00:00,B26,215,224,85.27046069,500,0.170540921
2020-01-01T19:00:00+00:00,B27,216,217,-113.171544036,500,0.226343088
2020-01-01T19:00:00+00:00,B28,216,219,-8.516498986,500,0.017032998
2020-01-01T19:00:00+00:00,B29,217,218,54.323811258,500,0.108647623
2020-01-01T19:00:00+00:00,B3,201,205,30.659654659,175,0.175198027
2020-01-01T19:00:00+00:00,B30,217,222,-26.278381365,500,0.052556763
2020-01-01T19:00:00+00:00,B31-1,218,221,-55.026666686,500,0.110053333
2020-01-01T19:00:00+00:00,B31-2,218,221,-55.026666686,500,0.110053333
2020-01-01T19:00:00+00:00,B32-1,219,220,-48.931317328,500,0.097862635
2020-01-01T19:00:00+00:00,B32-2,219,220,-48.931317328,500,0.097862635
2020-01-01T19:00:00+00:00,B33-1,220,223,-80.523321101,500,0.161046642
2020-01-01T19:00:00+00:00,B33-2,220,223,-80.523321101,500,0.161046642
2020-01-01T19:00:00+00:00,B34,221,222,-30.721618635,500,0.061443237
2020-01-01T19:00:00+00:00,B4,202,204,13.998210821,175,0.079989776
2020-01-01T19:00:00+00:00,B5,202,206,26.769338059,175,0.152967646
2020-01-01T19:00:00+00:00,B6,203,209,65.496879269,175,0.374267882
2020-01-01T19:00:00+00:00,B7,203,224,-85.27046069,400,0.213176152
2020-01-01T19:00:00+00:00,B8,204,209,-22.530043541,175,0.128743106
2020-01-01T19:00:00+00:00,B9,205,210,-4.387724526,175,0.025072712
2020-01-01T19:00:00+00:00,C1,301,302,28.349307148,175,0.161996041
2020-01-01T19:00:00+00:00,C10,306,310,-89.401894857,175,0.510867971
2020-01-01T19:00:00+00:00,C11,307,308,-56.831857018,175,0.324753469
2020-01-01T19:00:00+00:00,C12-1,308,309,-98.839066093,175,0.564794663
2020-01-01T19:00:00+00:00,C13-2,308,310,-65.834771325,175,0.376198693
2020-01-01T19:00:00+00:00,C14,309,311,-98.69113652,400,0.246727841
2020-01-01T19:00:00+00:00,C15,309,312,-104.044434638,400,0.260111087
2020-01-01T19:00:00+00:00,C16,310,311,-164.021414127,400,0.410053535
2020-01-01T19:00:00+00:00,C17,310,312,-169.453825025,400,0.423634563
2020-01-01T19:00:00+00:00,C18,311,313,-107.784406576,500,0.215568813
2020-01-01T19:00:00+00:00,C19,311,314,-154.928144071,500,0.309856288
2020-01-01T19:00:00+00:00,C2,301,303,-85.975650374,175,0.491289431
2020-01-01T19:00:00+00:00,C20,312,313,-98.135086718,500,0.196270173
2020-01-01T19:00:00+00:00,C21,312,323,-175.363172945,500,0.350726346
2020-01-01T19:00:00+00:00,C22,313,323,-141.37636337,500,0.282752727
2020-01-01T19:00:00+00:00,C23,314,316,-277.275186162,500,0.554550372
2020-01-01T19:00:00+00:00,C24,315,316,-12.186102026,500,0.024372204
2020-01-01T19:00:00+00:00,C25-1,315,321,-182.22647272,500,0.364452945
2020-01-01T19:00:00+00:00,C25-2,315,321,-182.22647272,500,0.364452945
2020-01-01T19:00:00+00:00,C26,315,324,176.72145807,500,0.353442916
2020-01-01T19:00:00+00:00,C27,316,317,-440.337316509,500,0.880674633
2020-01-01T19:00:00+00:00,C28,316,319,181.840543351,500,0.363681087
2020-01-01T19:00:00+00:00,C29,317,318,172.675187535,500,0.345350375
2020-01-01T19:00:00+00:00,C3,301,305,-10.484381237,175,0.05991075
2020-01-01T19:00:00+00:00,C30,317,322,-44.612504044,500,0.089225008
2020-01-01T19:00:00+00:00,C31-1,318,321,11.899391342,500,0.023798783
2020-01-01T19:00:00+00:00,C31-2,318,321,11.899391342,500,0.023798783
2020-01-01T19:00:00+00:00,C32-1,319,320,33.846007195,500,0.067692014
2020-01-01T19:00:00+00:00,C32-2,319,320,33.846007195,500,0.067692014
2020-01-01T19:00:00+00:00,C33-1,320,323,-6.515903598,500,0.013031807
2020-01-01T19:00:00+00:00,C33-2,320,323,-6.515903598,500,0.013031807
2020-01-01T19:00:00+00:00,C34,321,322,-108.987495956,500,0.217974992
2020-01-01T19:00:00+00:00,C35,323,325,-329.771343512,722,0.456747013
2020-01-01T19:00:00+00:00,C4,302,304,-29.191379476,175,0.166807883
2020-01-01T19:00:00+00:00,C5,302,306,-3.632834421,175,0.020759054
2020-01-01T19:00:00+00:00,C6,303,309,58.32793359,175,0.333302478
2020-01-01T19:00:00+00:00,C7,303,324,-176.72145807,400,0.441803645
2020-01-01T19:00:00+00:00,C8,304,309,-75.859838831,175,0.433484793
2020-01-01T19:00:00+00:00,C9,305,310,-55.260876023,175,0.315776434
2020-01-01T19:00:00+00:00,CA-1,325,121,-329.771343512,500,0.659542687
2020-01-01T19:00:00+00:00,CB-1,318,223,-61.131662244,500,0.122263324
2020-01-01T20:00:00+00:00,A1,101,102,1.366719231,175,0.007809824
2020-01-01T20:00:00+00:00,A10,106,110,-1.851251439,175,0.01057858
2020-01-01T20:00:00+00:00,A11,107,108,36.543379855,175,0.208819313
2020-01-01T20:00:00+00:00,A12-1,108,109,-20.039994598,175,0.114514255
2020-01-01T20:00:00+00:00,A13-2,108,110,-15.696066427,175,0.089691808
2020-01-01T20:00:00+00:00,A14,109,111,-19.894593064,400,0.049736483
2020-01-01T20:00:00+00:00,A15,109,112,-16.271996327,400,0.040679991
2020-01-01T20:00:00+00:00,A16,110,111,-28.595218627,400,0.071488047
2020-01-01T20:00:00+00:00,A17,110,112,-24.919085977,400,0.062297715
2020-01-01T20:00:00+00:00,A18,111,113,8.915972299,500,0.017831945
2020-01-01T20:00:00+00:00,A19,111,114,-57.40578399,500,0.114811568
2020-01-01T20:00:00+00:00,A2,101,103,28.515408508,175,0.162945191
2020-01-01T20:00:00+00:00,A20,112,113,2.386241679,500,0.004772483
2020-01-01T20:00:00+00:00,A21,112,123,-43.577323984,500,0.087154648
2020-01-01T20:00:00+00:00,A22,113,123,-49.902758931,500,0.099805518
2020-01-01T20:00:00+00:00,A23,114,116,-139.407021012,500,0.278814042
2020-01-01T20:00:00+00:00,A24,115,116,145.426860288,500,0.290853721
2020-01-01T20:00:00+00:00,A25-1,115,121,-117.688626263,500,0.235377253
2020-01-01T20:00:00+00:00,A25-2,115,121,-117.688626263,500,0.235377253
2020-01-01T20:00:00+00:00,A26,115,124,79.958680197,500,0.15991736
2020-01-01T20:00:00+00:00,A27,116,117,-215.680735545,500,0.431361471
2020-01-01T20:00:00+00:00,A28,116,119,179.431895945,500,0.358863792
2020-01-01T20:00:00+00:00,A29,117,118,-29.684780704,500,0.059369561
2020-01-01T20:00:00+00:00,A3,101,105,76.467699074,175,0.43695828
2020-01-01T20:00:00+00:00,A30,117,122,-185.995954842,500,0.37199191
2020-01-01T20:00:00+00:00,A31-1,118,121,-85.219740682,500,0.170439481
2020-01-01T20:00:00+00:00,A31-2,118,121,-85.219740682,500,0.170439481
2020-01-01T20:00:00+00:00,A32-1,119,120,51.462793588,500,0.102925587
2020-01-01T20:00:00+00:00,A32-2,119,120,51.462793588,500,0.102925587
2020-01-01T20:00:00+00:00,A33-1,120,123,24.410839107,500,0.048821678
2020-01-01T20:00:00+00:00,A33-2,120,123,24.410839107,500,0.048821678
2020-01-01T20:00:00+00:00,A34,121,122,-248.504045158,500,0.49700809
2020-01-01T20:00:00+00:00,A4,102,104,56.731948886,175,0.324182565
2020-01-01T20:00:00+00:00,A5,102,106,55.634151834,175,0.317909439
2020-01-01T20:00:00+00:00,A6,103,109,32.390466725,175,0.185088381
2020-01-01T20:00:00+00:00,A7,103,124,-79.958680197,400,0.1998967
2020-01-01T20:00:00+00:00,A8,104,109,25.453126516,175,0.145446437
2020-01-01T20:00:00+00:00,A9,105,110,46.456937072,175,0.265468212
2020-01-01T20:00:00+00:00,AB1,107,203,80.620771548,175,0.460690123
2020-01-01T20:00:00+00:00,AB2,113,215,49.192973885,500,0.098385948
2020-01-01T20:00:00+00:00,AB3,123,217,79.341595299,500,0.158683191
2020-01-01T20:00:00+00:00,B1,201,202,-37.25569445,175,0.212889683
2020-01-01T20:00:00+00:00,B10,206,210,-41.315924854,175,0.236090999
2020-01-01T20:00:00+00:00,B11,207,208,-60.14874864,175,0.343707135
2020-01-01T20:00:00+00:00,B12-1,208,209,-79.544353926,175,0.454539165
2020-01-01T20:00:00+00:00,B13-2,208,210,-62.887882854,175,0.359359331
2020-01-01T20:00:00+00:00,B14,209,211,-54.671908883,400,0.136679772
2020-01-01T20:00:00+00:00,B15,209,212,-84.432511291,400,0.211081278
2020-01-01T20:00:00+00:00,B16,210,211,-87.714418055,400,0.219286045
2020-01-01T20:00:00+00:00,B17,210,212,-117.914832321,400,0.294787081
2020-01-01T20:00:00+00:00,B18,211,213,-65.765347479,500,0.131530695
2020-01-01T20:00:00+00:00,B19,211,214,-76.620979459,500,0.153241959
2020-01-01T20:00:00+00:00,B2,201,203,-31.983918814,175,0.18276525
2020-01-01T20:00:00+00:00,B20,212,213,-12.12186164,500,0.024243723
2020-01-01T20:00:00+00:00,B21,212,223,-190.225481972,500,0.380450964
2020-01-01T20:00:00+00:00,B22,213,223,-205.402556237,500,0.410805112
2020-01-01T20:00:00+00:00,B23,214,216,-169.971837349,500,0.339943675
2020-01-01T20:00:00+00:00,B24,215,216,-42.634237162,500,0.085268474
2020-01-01T20:00:00+00:00,B25-1,215,221,-58.883652795,500,0.117767306
2020-01-01T20:00:00+00:00,B25-2,215,221,-58.883652795,500,0.117767306
2020-01-01T20:00:00+00:00,B26,215,224,84.957290085,500,0.16991458
2020-01-01T20:00:00+00:00,B27,216,217,-55.190499403,500,0.110380999
2020-01-01T20:00:00+00:00,B28,216,219,-81.53457402,500,0.163069148
2020-01-01T20:00:00+00:00,B29,217,218,50.278055265,500,0.100556111
2020-01-01T20:00:00+00:00,B3,201,205,26.571094438,175,0.151834825
2020-01-01T20:00:00+00:00,B30,217,222,-26.126959369,500,0.052253919
2020-01-01T20:00:00+00:00,B31-1,218,221,-54.979105556,500,0.109958211
2020-01-01T20:00:00+00:00,B31-2,218,221,-54.979105556,500,0.109958211
2020-01-01T20:00:00+00:00,B32-1,219,220,-84.314981026,500,0.168629962
2020-01-01T20:00:00+00:00,B32-2,219,220,-84.314981026,500,0.168629962
2020-01-01T20:00:00+00:00,B33-1,220,223,-115.11114033,500,0.230222281
2020-01-01T20:00:00+00:00,B33-2,220,223,-115.11114033,500,0.230222281
2020-01-01T20:00:00+00:00,B34,221,222,-29.673040631,500,0.059346081
2020-01-01T20:00:00+00:00,B4,202,204,13.276296266,175,0.07586455
2020-01-01T20:00:00+00:00,B5,202,206,24.125913667,175,0.137862364
2020-01-01T20:00:00+00:00,B6,203,209,46.979944778,175,0.268456827
2020-01-01T20:00:00+00:00,B7,203,224,-84.957290085,400,0.212393225
2020-01-01T20:00:00+00:00,B8,204,209,-22.331762929,175,0.127610074
2020-01-01T20:00:00+00:00,B9,205,210,-7.59339479,175,0.043390827
2020-01-01T20:00:00+00:00,C1,301,302,34.549736122,175,0.197427064
2020-01-01T20:00:00+00:00,C10,306,310,-79.918612556,175,0.456677786
2020-01-01T20:00:00+00:00,C11,307,308,-53.253084474,175,0.30430334
2020-01-01T20:00:00+00:00,C12-1,308,309,-96.567612146,175,0.551814927
2020-01-01T20:00:00+00:00,C13-2,308,310,-59.631691888,175,0.340752525
2020-01-01T20:00:00+00:00,C14,309,311,-76.736943303,400,0.191842358
2020-01-01T20:00:00+00:00,C15,309,312,-79.156426199,400,0.197891065
2020-01-01T20:00:00+00:00,C16,310,311,-149.351479911,400,0.3733787
2020-01-01T20:00:00+00:00,C17,310,312,-151.806718712,400,0.379516797
2020-01-01T20:00:00+00:00,C18,311,313,-93.073747727,500,0.186147495
2020-01-01T20:00:00+00:00,C19,311,314,-133.014675487,500,0.266029351
2020-01-01T20:00:00+00:00,C2,301,303,-98.099070689,175,0.560566118
2020-01-01T20:00:00+00:00,C20,312,313,-88.712629808,500,0.17742526
2020-01-01T20:00:00+00:00,C21,312,323,-142.250515103,500,0.28450103
2020-01-01T20:00:00+00:00,C22,313,323,-109.656249819,500,0.2193125
2020-01-01T20:00:00+00:00,C23,314,316,-249.80746259,500,0.499614925
2020-01-01T20:00:00+00:00,C24,315,316,26.168448215,500,0.052336896
2020-01-01T20:00:00+00:00,C25-1,315,321,-169.777785234,500,0.33955557
2020-01-01T20:00:00+00:00,C25-2,315,321,-169.777785234,500,0.33955557
2020-01-01T20:00:00+00:00,C26,315,324,122.545300027,500,0.2450906
2020-01-01T20:00:00+00:00,C27,316,317,-455.086560427,500,0.910173121
2020-01-01T20:00:00+00:00,C28,316,319,195.245078473,500,0.390490157
2020-01-01T20:00:00+00:00,C29,317,318,227.425720065,500,0.45485144
2020-01-01T20:00:00+00:00,C3,301,305,-1.469330419,175,0.008396174
2020-01-01T20:00:00+00:00,C30,317,322,-46.412280491,500,0.092824561
2020-01-01T20:00:00+00:00,C31-1,318,321,-4.44940792,500,0.008898816
2020-01-01T20:00:00+00:00,C31-2,318,321,-4.44940792,500,0.008898816
2020-01-01T20:00:00+00:00,C32-1,319,320,43.139306078,500,0.086278612
2020-01-01T20:00:00+00:00,C32-2,319,320,43.139306078,500,0.086278612
2020-01-01T20:00:00+00:00,C33-1,320,323,4.609726827,500,0.009219454
2020-01-01T20:00:00+00:00,C33-2,320,323,4.609726827,500,0.009219454
2020-01-01T20:00:00+00:00,C34,321,322,-116.787719509,500,0.233575439
2020-01-01T20:00:00+00:00,C35,323,325,-242.687311268,722,0.33613201
2020-01-01T20:00:00+00:00,C4,302,304,-25.80340078,175,0.147448004
2020-01-01T20:00:00+00:00,C5,302,306,1.956743351,175,0.011181391
2020-01-01T20:00:00+00:00,C6,303,309,88.981787696,175,0.508467358
2020-01-01T20:00:00+00:00,C7,303,324,-122.545300027,400,0.30636325
2020-01-01T20:00:00+00:00,C8,304,309,-70.353226789,175,0.402018439
2020-01-01T20:00:00+00:00,C9,305,310,-44.2130824,175,0.252646185
2020-01-01T20:00:00+00:00,CA-1,325,121,-242.687311268,500,0.485374623
2020-01-01T20:00:00+00:00,CB-1,318,223,35.850318868,500,0.071700638
2020-01-01T21:00:00+00:00,A1,101,102,-0.161026084,175,0.000920149
2020-01-01T21:00:00+00:00,A10,106,110,2.441380305,175,0.013950745
2020-01-01T21:00:00+00:00,A11,107,108,36.123714041,175,0.206421223
2020-01-01T21:00:00+00:00,A12-1,108,109,-16.889110151,175,0.096509201
2020-01-01T21:00:00+00:00,A13-2,108,110,-14.041851727,175,0.080239153
2020-01-01T21:00:00+00:00,A14,109,111,-14.948859821,400,0.03737215
2020-01-01T21:00:00+00:00,A15,109,112,-12.624534972,400,0.031561337
2020-01-01T21:00:00+00:00,A16,110,111,-20.679955332,400,0.051699888
2020-01-01T21:00:00+00:00,A17,110,112,-18.321280855,400,0.045803202
2020-01-01T21:00:00+00:00,A18,111,113,9.776284719,500,0.019552569
2020-01-01T21:00:00+00:00,A19,111,114,-45.405099872,500,0.0908102
2020-01-01T21:00:00+00:00,A2,101,103,32.904195561,175,0.188023975
2020-01-01T21:00:00+00:00,A20,112,113,5.58668918,500,0.011173378
2020-01-01T21:00:00+00:00,A21,112,123,-36.532505007,500,0.07306501
2020-01-01T21:00:00+00:00,A22,113,123,-43.813954785,500,0.08762791
2020-01-01T21:00:00+00:00,A23,114,116,-121.47882577,500,0.242957652
2020-01-01T21:00:00+00:00,A24,115,116,130.403437163,500,0.260806874
2020-01-01T21:00:00+00:00,A25-1,115,121,-98.657593153,500,0.197315186
2020-01-01T21:00:00+00:00,A25-2,115,121,-98.657593153,500,0.197315186
2020-01-01T21:00:00+00:00,A26,115,124,66.605712496,500,0.133211425
2020-01-01T21:00:00+00:00,A27,116,117,-187.401451025,500,0.374802902
2020-01-01T21:00:00+00:00,A28,116,119,157.112801646,500,0.314225603
2020-01-01T21:00:00+00:00,A29,117,118,-17.818544843,500,0.03563709
2020-01-01T21:00:00+00:00,A3,101,105,76.906508889,175,0.439465765
2020-01-01T21:00:00+00:00,A30,117,122,-169.582906183,500,0.339165812
2020-01-01T21:00:00+00:00,A31-1,118,121,-74.199351607,500,0.148398703
2020-01-01T21:00:00+00:00,A31-2,118,121,-74.199351607,500,0.148398703
2020-01-01T21:00:00+00:00,A32-1,119,120,43.068399824,500,0.0861368
2020-01-01T21:00:00+00:00,A32-2,119,120,43.068399824,500,0.0861368
2020-01-01T21:00:00+00:00,A33-1,120,123,17.97191293,500,0.035943826
2020-01-01T21:00:00+00:00,A33-2,120,123,17.97191293,500,0.035943826
2020-01-01T21:00:00+00:00,A34,121,122,-229.817093817,500,0.459634188
2020-01-01T21:00:00+00:00,A4,102,104,58.030696013,175,0.331603977
2020-01-01T21:00:00+00:00,A5,102,106,55.771414955,175,0.3186938
2020-01-01T21:00:00+00:00,A6,103,109,28.926038667,175,0.16529165
2020-01-01T21:00:00+00:00,A7,103,124,-66.605712496,400,0.166514281
2020-01-01T21:00:00+00:00,A8,104,109,29.012883042,175,0.165787903
2020-01-01T21:00:00+00:00,A9,105,110,49.065093741,175,0.280371964
2020-01-01T21:00:00+00:00,AB1,107,203,84.859709994,175,0.484912629
2020-01-01T21:00:00+00:00,AB2,113,215,55.261787639,500,0.110523575
2020-01-01T21:00:00+00:00,AB3,123,217,79.597366069,500,0.159194732
2020-01-01T21:00:00+00:00,B1,201,202,-36.982042255,175,0.211325956
2020-01-01T21:00:00+00:00,B10,206,210,-36.554792088,175,0.208884526
2020-01-01T21:00:00+00:00,B11,207,208,-56.882575175,175,0.325043287
2020-01-01T21:00:00+00:00,B12-1,208,209,-75.530023411,175,0.431600134
2020-01-01T21:00:00+00:00,B13-2,208,210,-59.167914604,175,0.338102369
2020-01-01T21:00:00+00:00,B14,209,211,-49.424299243,400,0.123560748
2020-01-01T21:00:00+00:00,B15,209,212,-73.529216202,400,0.183823041
2020-01-01T21:00:00+00:00,B16,210,211,-81.819590942,400,0.204548977
2020-01-01T21:00:00+00:00,B17,210,212,-106.2807382,400,0.265701846
2020-01-01T21:00:00+00:00,B18,211,213,-53.386638199,500,0.106773276
2020-01-01T21:00:00+00:00,B19,211,214,-77.857251986,500,0.155714504
2020-01-01T21:00:00+00:00,B2,201,203,-31.53300022,175,0.180188573
2020-01-01T21:00:00+00:00,B20,212,213,-9.937525381,500,0.019875051
2020-01-01T21:00:00+00:00,B21,212,223,-169.872429021,500,0.339744858
2020-01-01T21:00:00+00:00,B22,213,223,-183.915222951,500,0.367830446
2020-01-01T21:00:00+00:00,B23,214,216,-166.139008658,500,0.332278017
2020-01-01T21:00:00+00:00,B24,215,216,-20.776493996,500,0.041552988
2020-01-01T21:00:00+00:00,B25-1,215,221,-59.954881086,500,0.119909762
2020-01-01T21:00:00+00:00,B25-2,215,221,-59.954881086,500,0.119909762
2020-01-01T21:00:00+00:00,B26,215,224,79.593833161,500,0.159187666
2020-01-01T21:00:00+00:00,B27,216,217,-65.886255854,500,0.131772512
2020-01-01T21:00:00+00:00,B28,216,219,-42.535306941,500,0.085070614
2020-01-01T21:00:00+00:00,B29,217,218,40.681897053,500,0.081363794
2020-01-01T21:00:00+00:00,B3,201,205,28.668497524,175,0.163819986
2020-01-01T21:00:00+00:00,B30,217,222,-26.970786838,500,0.053941574
2020-01-01T21:00:00+00:00,B31-1,218,221,-55.426641607,500,0.110853283
2020-01-01T21:00:00+00:00,B31-2,218,221,-55.426641607,500,0.110853283
2020-01-01T21:00:00+00:00,B32-1,219,220,-62.450637897,500,0.124901276
2020-01-01T21:00:00+00:00,B32-2,219,220,-62.450637897,500,0.124901276
2020-01-01T21:00:00+00:00,B33-1,220,223,-91.574516387,500,0.183149033
2020-01-01T21:00:00+00:00,B33-2,220,223,-91.574516387,500,0.183149033
2020-01-01T21:00:00+00:00,B34,221,222,-28.829213162,500,0.057658426
2020-01-01T21:00:00+00:00,B4,202,204,14.876963034,175,0.085011217
2020-01-01T21:00:00+00:00,B5,202,206,25.333449703,175,0.14476257
2020-01-01T21:00:00+00:00,B6,203,209,51.009634682,175,0.291483627
2020-01-01T21:00:00+00:00,B7,203,224,-79.593833161,400,0.198984583
2020-01-01T21:00:00+00:00,B8,204,209,-18.79752147,175,0.107414408
2020-01-01T21:00:00+00:00,B9,205,210,-3.640805176,175,0.020804601
2020-01-01T21:00:00+00:00,C1,301,302,44.693942354,175,0.255393956
2020-01-01T21:00:00+00:00,C10,306,310,-67.174893735,175,0.383856536
2020-01-01T21:00:00+00:00,C11,307,308,-70.250711798,175,0.401432639
2020-01-01T21:00:00+00:00,C12-1,308,309,-102.607666264,175,0.586329522
2020-01-01T21:00:00+00:00,C13-2,308,310,-63.746019274,175,0.364262967
2020-01-01T21:00:00+00:00,C14,309,311,-53.632266716,400,0.134080667
2020-01-01T21:00:00+00:00,C15,309,312,-64.124648503,400,0.160311621
2020-01-01T21:00:00+00:00,C16,310,311,-129.632130771,400,0.324080327
2020-01-01T21:00:00+00:00,C17,310,312,-140.279572388,400,0.350698931
2020-01-01T21:00:00+00:00,C18,311,313,-98.472954137,500,0.196945908
2020-01-01T21:00:00+00:00,C19,311,314,-84.791443351,500,0.169582887
2020-01-01T21:00:00+00:00,C2,301,303,-115.893281905,175,0.662247325
2020-01-01T21:00:00+00:00,C20,312,313,-79.560435966,500,0.159120872
2020-01-01T21:00:00+00:00,C21,312,323,-124.843784925,500,0.24968757
2020-01-01T21:00:00+00:00,C22,313,323,-95.298232315,500,0.190596465
2020-01-01T21:00:00+00:00,C23,314,316,-193.820548061,500,0.387641096
2020-01-01T21:00:00+00:00,C24,315,316,28.691541979,500,0.057383084
2020-01-01T21:00:00+00:00,C25-1,315,321,-117.185156822,500,0.234370314
2020-01-01T21:00:00+00:00,C25-2,315,321,-117.185156822,500,0.234370314
2020-01-01T21:00:00+00:00,C26,315,324,27.522966544,500,0.055045933
2020-01-01T21:00:00+00:00,C27,316,317,-431.028148027,500,0.862056296
2020-01-01T21:00:00+00:00,C28,316,319,109.698572506,500,0.219397145
2020-01-01T21:00:00+00:00,C29,317,318,248.888981611,500,0.497777963
2020-01-01T21:00:00+00:00,C3,301,305,10.502724557,175,0.060015569
2020-01-01T21:00:00+00:00,C30,317,322,-30.03408699,500,0.060068174
2020-01-01T21:00:00+00:00,C31-1,318,321,57.402200317,500,0.114804401
2020-01-01T21:00:00+00:00,C31-2,318,321,57.402200317,500,0.114804401
2020-01-01T21:00:00+00:00,C32-1,319,320,3.987770911,500,0.007975542
2020-01-01T21:00:00+00:00,C32-2,319,320,3.987770911,500,0.007975542
2020-01-01T21:00:00+00:00,C33-1,320,323,-31.98059353,500,0.063961187
2020-01-01T21:00:00+00:00,C33-2,320,323,-31.98059353,500,0.063961187
2020-01-01T21:00:00+00:00,C34,321,322,-119.56591301,500,0.239131826
2020-01-01T21:00:00+00:00,C35,323,325,-284.103204299,722,0.393494743
2020-01-01T21:00:00+00:00,C4,302,304,-19.078490703,175,0.109019947
2020-01-01T21:00:00+00:00,C5,302,306,9.257880702,175,0.052902175
2020-01-01T21:00:00+00:00,C6,303,309,137.36865965,175,0.784963769
2020-01-01T21:00:00+00:00,C7,303,324,-27.522966544,400,0.068807416
2020-01-01T21:00:00+00:00,C8,304,309,-60.666912088,175,0.346668069
2020-01-01T21:00:00+00:00,C9,305,310,-29.399679744,175,0.16799817
2020-01-01T21:00:00+00:00,CA-1,325,121,-284.103204299,500,0.568206409
2020-01-01T21:00:00+00:00,CB-1,318,223,-53.063315253,500,0.106126631
2020-01-01T22:00:00+00:00,A1,101,102,16.724607339,175,0.095569185
2020-01-01T22:00:00+00:00,A10,106,110,1.794607118,175,0.010254898
2020-01-01T22:00:00+00:00,A11,107,108,20.424627482,175,0.116712157
2020-01-01T22:00:00+00:00,A12-1,108,109,-22.797627202,175,0.130272155
2020-01-01T22:00:00+00:00,A13-2,108,110,-18.649962037,175,0.106571212
2020-01-01T22:00:00+00:00,A14,109,111,-17.290041684,400,0.043225104
2020-01-01T22:00:00+00:00,A15,109,112,-7.729469316,400,0.019323673
2020-01-01T22:00:00+00:00,A16,110,111,-25.572357012,400,0.063930893
2020-01-01T22:00:00+00:00,A17,110,112,-15.870495396,400,0.039676238
2020-01-01T22:00:00+00:00,A18,111,113,28.286942015,500,0.056573884
2020-01-01T22:00:00+00:00,A19,111,114,-71.149340711,500,0.142298681
2020-01-01T22:00:00+00:00,A2,101,103,24.54003019,175,0.140228744
2020-01-01T22:00:00+00:00,A20,112,113,11.054010321,500,0.022108021
2020-01-01T22:00:00+00:00,A21,112,123,-34.653975033,500,0.06930795
2020-01-01T22:00:00+00:00,A22,113,123,-44.735954869,500,0.08947191
2020-01-01T22:00:00+00:00,A23,114,116,-141.343551492,500,0.282687103
2020-01-01T22:00:00+00:00,A24,115,116,114.779556897,500,0.229559114
2020-01-01T22:00:00+00:00,A25-1,115,121,-152.990897864,500,0.305981796
2020-01-01T22:00:00+00:00,A25-2,115,121,-152.990897864,500,0.305981796
2020-01-01T22:00:00+00:00,A26,115,124,76.50345111,500,0.153006902
2020-01-01T22:00:00+00:00,A27,116,117,-272.615882718,500,0.545231765
2020-01-01T22:00:00+00:00,A28,116,119,209.869305244,500,0.41973861
2020-01-01T22:00:00+00:00,A29,117,118,-29.387018487,500,0.058774037
2020-01-01T22:00:00+00:00,A3,101,105,71.658172964,175,0.409475274
2020-01-01T22:00:00+00:00,A30,117,122,-243.228864231,500,0.486457728
2020-01-01T22:00:00+00:00,A31-1,118,121,-74.937509734,500,0.149875019
2020-01-01T22:00:00+00:00,A31-2,118,121,-74.937509734,500,0.149875019
2020-01-01T22:00:00+00:00,A32-1,119,120,72.189415118,500,0.14437883
2020-01-01T22:00:00+00:00,A32-2,119,120,72.189415118,500,0.14437883
2020-01-01T22:00:00+00:00,A33-1,120,123,49.032562077,500,0.098065124
2020-01-01T22:00:00+00:00,A33-2,120,123,49.032562077,500,0.098065124
2020-01-01T22:00:00+00:00,A34,121,122,-340.871135769,500,0.681742272
2020-01-01T22:00:00+00:00,A4,102,104,51.957915445,175,0.296902374
2020-01-01T22:00:00+00:00,A5,102,106,51.002919831,175,0.291445256
2020-01-01T22:00:00+00:00,A6,103,109,35.91483212,175,0.205227612
2020-01-01T22:00:00+00:00,A7,103,124,-76.50345111,400,0.191258628
2020-01-01T22:00:00+00:00,A8,104,109,25.182804116,175,0.143901738
2020-01-01T22:00:00+00:00,A9,105,110,45.968539121,175,0.262677366
2020-01-01T22:00:00+00:00,AB1,107,203,104.347143922,175,0.596269394
2020-01-01T22:00:00+00:00,AB2,113,215,88.193062579,500,0.176386125
2020-01-01T22:00:00+00:00,AB3,123,217,111.675194252,500,0.223350389
2020-01-01T22:00:00+00:00,B1,201,202,27.312257129,175,0.156070041
2020-01-01T22:00:00+00:00,B10,206,210,-56.486656729,175,0.322780896
2020-01-01T22:00:00+00:00,B11,207,208,-53.104832368,175,0.303456185
2020-01-01T22:00:00+00:00,B12-1,208,209,-73.725707187,175,0.421289755
2020-01-01T22:00:00+00:00,B13-2,208,210,-52.026535862,175,0.297294491
2020-01-01T22:00:00+00:00,B14,209,211,-57.41496871,400,0.143537422
2020-01-01T22:00:00+00:00,B15,209,212,-79.032386343,400,0.197580966
2020-01-01T22:00:00+00:00,B16,210,211,-100.256935977,400,0.25064234
2020-01-01T22:00:00+00:00,B17,210,212,-122.193822836,400,0.305484557
2020-01-01T22:00:00+00:00,B18,211,213,-58.822127631,500,0.117644255
2020-01-01T22:00:00+00:00,B19,211,214,-98.849777056,500,0.197699554
2020-01-01T22:00:00+00:00,B2,201,203,-63.164349353,175,0.360939139
2020-01-01T22:00:00+00:00,B20,212,213,-19.856732347,500,0.039713465
2020-01-01T22:00:00+00:00,B21,212,223,-181.369476832,500,0.362738954
2020-01-01T22:00:00+00:00,B22,213,223,-191.261104599,500,0.382522209
2020-01-01T22:00:00+00:00,B23,214,216,-181.268476892,500,0.362536954
2020-01-01T22:00:00+00:00,B24,215,216,-2.520413607,500,0.005040827
2020-01-01T22:00:00+00:00,B25-1,215,221,-55.100107315,500,0.110200215
2020-01-01T22:00:00+00:00,B25-2,215,221,-55.100107315,500,0.110200215
2020-01-01T22:00:00+00:00,B26,215,224,93.53983593,500,0.187079672
2020-01-01T22:00:00+00:00,B27,216,217,-84.603706193,500,0.169207412
2020-01-01T22:00:00+00:00,B28,216,219,-30.272313078,500,0.060544626
2020-01-01T22:00:00+00:00,B29,217,218,51.176469944,500,0.10235294
2020-01-01T22:00:00+00:00,B3,201,205,-0.930482943,175,0.005317045
2020-01-01T22:00:00+00:00,B30,217,222,-24.104981885,500,0.048209964
2020-01-01T22:00:00+00:00,B31-1,218,221,-45.147401743,500,0.090294803
2020-01-01T22:00:00+00:00,B31-2,218,221,-45.147401743,500,0.090294803
2020-01-01T22:00:00+00:00,B32-1,219,220,-53.584055174,500,0.10716811
2020-01-01T22:00:00+00:00,B32-2,219,220,-53.584055174,500,0.10716811
2020-01-01T22:00:00+00:00,B33-1,220,223,-80.773729347,500,0.161547459
2020-01-01T22:00:00+00:00,B33-2,220,223,-80.773729347,500,0.161547459
2020-01-01T22:00:00+00:00,B34,221,222,-30.495018115,500,0.060990036
2020-01-01T22:00:00+00:00,B4,202,204,-15.188493677,175,0.086791392
2020-01-01T22:00:00+00:00,B5,202,206,1.291400888,175,0.007379434
2020-01-01T22:00:00+00:00,B6,203,209,58.251671888,175,0.332866697
2020-01-01T22:00:00+00:00,B7,203,224,-93.53983593,400,0.23384959
2020-01-01T22:00:00+00:00,B8,204,209,-46.626554439,175,0.266437454
2020-01-01T22:00:00+00:00,B9,205,210,-31.094027728,175,0.177680158
2020-01-01T22:00:00+00:00,C1,301,302,37.227760656,175,0.212730061
2020-01-01T22:00:00+00:00,C10,306,310,-64.239272835,175,0.367081559
2020-01-01T22:00:00+00:00,C11,307,308,-64.259727939,175,0.367198445
2020-01-01T22:00:00+00:00,C12-1,308,309,-92.31907239,175,0.527537557
2020-01-01T22:00:00+00:00,C13-2,308,310,-59.847963369,175,0.341988362
2020-01-01T22:00:00+00:00,C14,309,311,-58.290041109,400,0.145725103
2020-01-01T22:00:00+00:00,C15,309,312,-69.743252326,400,0.174358131
2020-01-01T22:00:00+00:00,C16,310,311,-121.991406817,400,0.304978517
2020-01-01T22:00:00+00:00,C17,310,312,-133.613877313,400,0.334034693
2020-01-01T22:00:00+00:00,C18,311,313,-102.877997593,500,0.205755995
2020-01-01T22:00:00+00:00,C19,311,314,-77.403450334,500,0.154806901
2020-01-01T22:00:00+00:00,C2,301,303,-97.974818721,175,0.559856107
2020-01-01T22:00:00+00:00,C20,312,313,-82.233584375,500,0.164467169
2020-01-01T22:00:00+00:00,C21,312,323,-121.123545264,500,0.242247091
2020-01-01T22:00:00+00:00,C22,313,323,-89.675538398,500,0.179351077
2020-01-01T22:00:00+00:00,C23,314,316,-177.134548095,500,0.354269096
2020-01-01T22:00:00+00:00,C24,315,316,10.574748419,500,0.021149497
2020-01-01T22:00:00+00:00,C25-1,315,321,-108.32525091,500,0.216650502
2020-01-01T22:00:00+00:00,C25-2,315,321,-108.32525091,500,0.216650502
2020-01-01T22:00:00+00:00,C26,315,324,43.113083348,500,0.086226167
2020-01-01T22:00:00+00:00,C27,316,317,-402.602392578,500,0.805204785
2020-01-01T22:00:00+00:00,C28,316,319,84.634810551,500,0.169269621
2020-01-01T22:00:00+00:00,C29,317,318,273.693022552,500,0.547386045
2020-01-01T22:00:00+00:00,C3,301,305,5.226653126,175,0.029866589
2020-01-01T22:00:00+00:00,C30,317,322,-35.67656538,500,0.071353131
2020-01-01T22:00:00+00:00,C31-1,318,321,44.1635336,500,0.088327067
2020-01-01T22:00:00+00:00,C31-2,318,321,44.1635336,500,0.088327067
2020-01-01T22:00:00+00:00,C32-1,319,320,-4.206637752,500,0.008413276
2020-01-01T22:00:00+00:00,C32-2,319,320,-4.206637752,500,0.008413276
2020-01-01T22:00:00+00:00,C33-1,320,323,-37.107618456,500,0.074215237
2020-01-01T22:00:00+00:00,C33-2,320,323,-37.107618456,500,0.074215237
2020-01-01T22:00:00+00:00,C34,321,322,-128.32343462,500,0.256646869
2020-01-01T22:00:00+00:00,C35,323,325,-285.014320574,722,0.394756677
2020-01-01T22:00:00+00:00,C4,302,304,-18.313099387,175,0.104646282
2020-01-01T22:00:00+00:00,C5,302,306,5.675311163,175,0.03243035
2020-01-01T22:00:00+00:00,C6,303,309,109.304256396,175,0.624595751
2020-01-01T22:00:00+00:00,C7,303,324,-43.113083348,400,0.107782708
2020-01-01T22:00:00+00:00,C8,304,309,-56.354858327,175,0.322027762
2020-01-01T22:00:00+00:00,C9,305,310,-31.272872343,175,0.178702128
2020-01-01T22:00:00+00:00,CA-1,325,121,-285.014320574,500,0.570028641
2020-01-01T22:00:00+00:00,CB-1,318,223,14.178040124,500,0.02835608
2020-01-01T23:00:00+00:00,A1,101,102,2.725491709,175,0.015574238
2020-01-01T23:00:00+00:00,A10,106,110,12.152074762,175,0.069440427
2020-01-01T23:00:00+00:00,A11,107,108,-72.652104224,175,0.415154881
2020-01-01T23:00:00+00:00,A12-1,108,109,-67.909198808,175,0.388052565
2020-01-01T23:00:00+00:00,A13-2,108,110,-64.203692154,175,0.366878241
2020-01-01T23:00:00+00:00,A14,109,111,-28.09504172,400,0.070237604
2020-01-01T23:00:00+00:00,A15,109,112,-18.387435182,400,0.045968588
2020-01-01T23:00:00+00:00,A16,110,111,-35.681346558,400,0.089203366
2020-01-01T23:00:00+00:00,A17,110,112,-25.830277854,400,0.064575695
2020-01-01T23:00:00+00:00,A18,111,113,17.299470938,500,0.034598942
2020-01-01T23:00:00+00:00,A19,111,114,-81.075859216,500,0.162151718
2020-01-01T23:00:00+00:00,A2,101,103,28.685777066,175,0.163918726
2020-01-01T23:00:00+00:00,A20,112,113,-0.198489848,500,0.00039698
2020-01-01T23:00:00+00:00,A21,112,123,-44.019223188,500,0.088038446
2020-01-01T23:00:00+00:00,A22,113,123,-48.969392374,500,0.097938785
2020-01-01T23:00:00+00:00,A23,114,116,-148.534295632,500,0.297068591
2020-01-01T23:00:00+00:00,A24,115,116,115.242033528,500,0.230484067
2020-01-01T23:00:00+00:00,A25-1,115,121,-152.915629297,500,0.305831259
2020-01-01T23:00:00+00:00,A25-2,115,121,-152.915629297,500,0.305831259
2020-01-01T23:00:00+00:00,A26,115,124,80.360749067,500,0.160721498
2020-01-01T23:00:00+00:00,A27,116,117,-275.090967663,500,0.550181935
2020-01-01T23:00:00+00:00,A28,116,119,207.026315654,500,0.414052631
2020-01-01T23:00:00+00:00,A29,117,118,-29.419203234,500,0.058838406
2020-01-01T23:00:00+00:00,A3,101,105,83.034550128,175,0.474483144
2020-01-01T23:00:00+00:00,A30,117,122,-245.67176443,500,0.491343529
2020-01-01T23:00:00+00:00,A31-1,118,121,-72.605630809,500,0.145211262
2020-01-01T23:00:00+00:00,A31-2,118,121,-72.605630809,500,0.145211262
2020-01-01T23:00:00+00:00,A32-1,119,120,72.044144963,500,0.14408829
2020-01-01T23:00:00+00:00,A32-2,119,120,72.044144963,500,0.14408829
2020-01-01T23:00:00+00:00,A33-1,120,123,49.789815423,500,0.099579631
2020-01-01T23:00:00+00:00,A33-2,120,123,49.789815423,500,0.099579631
2020-01-01T23:00:00+00:00,A34,121,122,-345.52823557,500,0.691056471
2020-01-01T23:00:00+00:00,A4,102,104,61.553748468,175,0.351735706
2020-01-01T23:00:00+00:00,A5,102,106,59.442525033,175,0.339671572
2020-01-01T23:00:00+00:00,A6,103,109,46.456224303,175,0.265464139
2020-01-01T23:00:00+00:00,A7,103,124,-80.360749067,400,0.200901873
2020-01-01T23:00:00+00:00,A8,104,109,35.822179938,175,0.204698171
2020-01-01T23:00:00+00:00,A9,105,110,58.346153295,175,0.33340659
2020-01-01T23:00:00+00:00,AB1,107,203,29.186616842,175,0.166780668
2020-01-01T23:00:00+00:00,AB2,113,215,73.923540215,500,0.14784708
2020-01-01T23:00:00+00:00,AB3,123,217,99.591015285,500,0.199182031
2020-01-01T23:00:00+00:00,B1,201,202,20.270982415,175,0.115834185
2020-01-01T23:00:00+00:00,B10,206,210,-56.923612509,175,0.325277786
2020-01-01T23:00:00+00:00,B11,207,208,-49.937037632,175,0.285354501
2020-01-01T23:00:00+00:00,B12-1,208,209,-67.533437299,175,0.385905356
2020-01-01T23:00:00+00:00,B13-2,208,210,-50.717467813,175,0.289814102
2020-01-01T23:00:00+00:00,B14,209,211,-65.508547135,400,0.163771368
2020-01-01T23:00:00+00:00,B15,209,212,-87.924281045,400,0.219810703
2020-01-01T23:00:00+00:00,B16,210,211,-99.01987407,400,0.247549685
2020-01-01T23:00:00+00:00,B17,210,212,-121.766874985,400,0.304417187
2020-01-01T23:00:00+00:00,B18,211,213,-64.274189721,500,0.128548379
2020-01-01T23:00:00+00:00,B19,211,214,-100.254231484,500,0.200508463
2020-01-01T23:00:00+00:00,B2,201,203,-47.236930275,175,0.269925316
2020-01-01T23:00:00+00:00,B20,212,213,-23.869829347,500,0.047739659
2020-01-01T23:00:00+00:00,B21,212,223,-185.821326684,500,0.371642653
2020-01-01T23:00:00+00:00,B22,213,223,-194.010538847,500,0.388021078
2020-01-01T23:00:00+00:00,B23,214,216,-177.756513888,500,0.355513028
2020-01-01T23:00:00+00:00,B24,215,216,-27.529567868,500,0.055059136
2020-01-01T23:00:00+00:00,B25-1,215,221,-58.355049138,500,0.116710098
2020-01-01T23:00:00+00:00,B25-2,215,221,-58.355049138,500,0.116710098
2020-01-01T23:00:00+00:00,B26,215,224,119.422878924,500,0.238845758
2020-01-01T23:00:00+00:00,B27,216,217,-75.648648759,500,0.151297298
2020-01-01T23:00:00+00:00,B28,216,219,-45.587063102,500,0.091174126
2020-01-01T23:00:00+00:00,B29,217,218,48.329244481,500,0.096658489
2020-01-01T23:00:00+00:00,B3,201,205,-6.879652653,175,0.039312301
2020-01-01T23:00:00+00:00,B30,217,222,-24.386877955,500,0.048773756
2020-01-01T23:00:00+00:00,B31-1,218,221,-42.351511885,500,0.084703024
2020-01-01T23:00:00+00:00,B31-2,218,221,-42.351511885,500,0.084703024
2020-01-01T23:00:00+00:00,B32-1,219,220,-58.947946796,500,0.117895894
2020-01-01T23:00:00+00:00,B32-2,219,220,-58.947946796,500,0.117895894
2020-01-01T23:00:00+00:00,B33-1,220,223,-84.515710063,500,0.16903142
2020-01-01T23:00:00+00:00,B33-2,220,223,-84.515710063,500,0.16903142
2020-01-01T23:00:00+00:00,B34,221,222,-31.413122045,500,0.062826244
2020-01-01T23:00:00+00:00,B4,202,204,-15.888043221,175,0.090788818
2020-01-01T23:00:00+00:00,B5,202,206,-2.592115566,175,0.014812089
2020-01-01T23:00:00+00:00,B6,203,209,29.463231302,175,0.168361322
2020-01-01T23:00:00+00:00,B7,203,224,-119.422878924,400,0.298557197
2020-01-01T23:00:00+00:00,B8,204,209,-45.450769499,175,0.259718683
2020-01-01T23:00:00+00:00,B9,205,210,-35.243890028,175,0.201393657
2020-01-01T23:00:00+00:00,C1,301,302,25.977461016,175,0.148442634
2020-01-01T23:00:00+00:00,C10,306,310,-63.396729555,175,0.362267026
2020-01-01T23:00:00+00:00,C11,307,308,-58.071021842,175,0.331834411
2020-01-01T23:00:00+00:00,C12-1,308,309,-80.955372046,175,0.462602126
2020-01-01T23:00:00+00:00,C13-2,308,310,-56.556807676,175,0.323181758
2020-01-01T23:00:00+00:00,C14,309,311,-69.198758107,400,0.172996895
2020-01-01T23:00:00+00:00,C15,309,312,-81.382099572,400,0.203455249
2020-01-01T23:00:00+00:00,C16,310,311,-117.438888955,400,0.293597222
2020-01-01T23:00:00+00:00,C17,310,312,-129.802279802,400,0.3245057
2020-01-01T23:00:00+00:00,C18,311,313,-109.79340212,500,0.219586804
2020-01-01T23:00:00+00:00,C19,311,314,-76.844244942,500,0.15368849
2020-01-01T23:00:00+00:00,C2,301,303,-72.438326842,175,0.413933296
2020-01-01T23:00:00+00:00,C20,312,313,-87.832929129,500,0.175665858
2020-01-01T23:00:00+00:00,C21,312,323,-123.351450245,500,0.2467029
2020-01-01T23:00:00+00:00,C22,313,323,-89.070230754,500,0.178140462
2020-01-01T23:00:00+00:00,C23,314,316,-166.970470841,500,0.333940942
2020-01-01T23:00:00+00:00,C24,315,316,-23.586354107,500,0.047172708
2020-01-01T23:00:00+00:00,C25-1,315,321,-101.732269799,500,0.20346454
2020-01-01T23:00:00+00:00,C25-2,315,321,-101.732269799,500,0.20346454
2020-01-01T23:00:00+00:00,C26,315,324,79.782782314,500,0.159565565
2020-01-01T23:00:00+00:00,C27,316,317,-398.501174057,500,0.797002348
2020-01-01T23:00:00+00:00,C28,316,319,61.487531635,500,0.122975063
2020-01-01T23:00:00+00:00,C29,317,318,277.271706407,500,0.554543413
2020-01-01T23:00:00+00:00,C3,301,305,-3.712497045,175,0.021214269
2020-01-01T23:00:00+00:00,C30,317,322,17.671198411,500,0.035342397
2020-01-01T23:00:00+00:00,C31-1,318,321,72.896670594,500,0.145793341
2020-01-01T23:00:00+00:00,C31-2,318,321,72.896670594,500,0.145793341
2020-01-01T23:00:00+00:00,C32-1,319,320,-11.299653996,500,0.022599308
2020-01-01T23:00:00+00:00,C32-2,319,320,-11.299653996,500,0.022599308
2020-01-01T23:00:00+00:00,C33-1,320,323,-41.032017179,500,0.082064034
2020-01-01T23:00:00+00:00,C33-2,320,323,-41.032017179,500,0.082064034
2020-01-01T23:00:00+00:00,C34,321,322,-57.671198411,500,0.115342397
2020-01-01T23:00:00+00:00,C35,323,325,-294.485715357,722,0.407874952
2020-01-01T23:00:00+00:00,C4,302,304,-18.870194143,175,0.107829681
2020-01-01T23:00:00+00:00,C5,302,306,-0.215457791,175,0.001231187
2020-01-01T23:00:00+00:00,C6,303,309,64.822184019,175,0.37041248
2020-01-01T23:00:00+00:00,C7,303,324,-79.782782314,400,0.199456956
2020-01-01T23:00:00+00:00,C8,304,309,-53.248239073,175,0.304275652
2020-01-01T23:00:00+00:00,C9,305,310,-36.696837451,175,0.209696214
2020-01-01T23:00:00+00:00,CA-1,325,121,-294.485715357,500,0.588971431
2020-01-01T23:00:00+00:00,CB-1,318,223,-23.222836967,500,0.046445674
