timestamp,branch_uid,from_bus,to_bus,flow_mw,continuous_rating_mw,loading_fraction
2020-01-01T00:00:00+00:00,A1,101,102,20.512743698,175,0.117215678
2020-01-01T00:00:00+00:00,A10,106,110,-18.336232464,175,0.104778471
2020-01-01T00:00:00+00:00,A11,107,108,-21.618495198,175,0.123534258
2020-01-01T00:00:00+00:00,A12-1,108,109,-135.438990659,175,0.773937089
2020-01-01T00:00:00+00:00,A13-2,108,110,-118.384858738,175,0.676484907
2020-01-01T00:00:00+00:00,A14,109,111,-73.338823208,400,0.183347058
2020-01-01T00:00:00+00:00,A15,109,112,-48.02200795,400,0.12005502
2020-01-01T00:00:00+00:00,A16,110,111,-107.426773995,400,0.268566935
2020-01-01T00:00:00+00:00,A17,110,112,-81.73581861,400,0.204339547
2020-01-01T00:00:00+00:00,A18,111,113,26.320736306,500,0.052641473
2020-01-01T00:00:00+00:00,A19,111,114,-207.086333509,500,0.414172667
2020-01-01T00:00:00+00:00,A2,101,103,-37.333488711,175,0.213334221
2020-01-01T00:00:00+00:00,A20,112,113,-19.312823196,500,0.038625646
2020-01-01T00:00:00+00:00,A21,112,123,-110.445003365,500,0.220890007
2020-01-01T00:00:00+00:00,A22,113,123,-112.484480609,500,0.224968961
2020-01-01T00:00:00+00:00,A23,114,116,-274.136803575,500,0.548273607
2020-01-01T00:00:00+00:00,A24,115,116,200.789314866,500,0.40157863
2020-01-01T00:00:00+00:00,A25-1,115,121,-214.85746303,500,0.429714926
2020-01-01T00:00:00+00:00,A25-2,115,121,-214.85746303,500,0.429714926
2020-01-01T00:00:00+00:00,A26,115,124,181.363760623,500,0.362727521
2020-01-01T00:00:00+00:00,A27,116,117,-393.592116398,500,0.787184233
2020-01-01T00:00:00+00:00,A28,116,119,347.682529717,500,0.695365059
2020-01-01T00:00:00+00:00,A29,117,118,-81.920214578,500,0.163840429
2020-01-01T00:00:00+00:00,A3,101,105,39.493679203,175,0.225678167
2020-01-01T00:00:00+00:00,A30,117,122,-311.67190182,500,0.623343804
2020-01-01T00:00:00+00:00,A31-1,118,121,-98.506000412,500,0.197012001
2020-01-01T00:00:00+00:00,A31-2,118,121,-98.506000412,500,0.197012001
2020-01-01T00:00:00+00:00,A32-1,119,120,142.562566194,500,0.285125132
2020-01-01T00:00:00+00:00,A32-2,119,120,142.562566194,500,0.285125132
2020-01-01T00:00:00+00:00,A33-1,120,123,120.442823492,500,0.240885647
2020-01-01T00:00:00+00:00,A33-2,120,123,120.442823492,500,0.240885647
2020-01-01T00:00:00+00:00,A34,121,122,-426.72809818,500,0.853456196
2020-01-01T00:00:00+00:00,A4,102,104,18.319287888,175,0.104681645
2020-01-01T00:00:00+00:00,A5,102,106,28.668220778,175,0.163818404
2020-01-01T00:00:00+00:00,A6,103,109,81.818495562,175,0.46753426
2020-01-01T00:00:00+00:00,A7,103,124,-181.363760623,400,0.453409402
2020-01-01T00:00:00+00:00,A8,104,109,-7.256664611,175,0.041466655
2020-01-01T00:00:00+00:00,A9,105,110,14.954589643,175,0.085454798
2020-01-01T00:00:00+00:00,AB1,107,203,-21.584127267,175,0.12333787
2020-01-01T00:00:00+00:00,AB2,113,215,127.902834094,500,0.255805668
2020-01-01T00:00:00+00:00,AB3,123,217,219.95616301,500,0.439912326
2020-01-01T00:00:00+00:00,B1,201,202,-3.354138861,175,0.019166508
2020-01-01T00:00:00+00:00,B10,206,210,-39.762456098,175,0.227214035
2020-01-01T00:00:00+00:00,B11,207,208,-48.362978114,175,0.276359875
2020-01-01T00:00:00+00:00,B12-1,208,209,-62.033118834,175,0.354474965
2020-01-01T00:00:00+00:00,B13-2,208,210,-52.49041334,175,0.299945219
2020-01-01T00:00:00+00:00,B14,209,211,-59.160621541,400,0.147901554
2020-01-01T00:00:00+00:00,B15,209,212,-83.022276694,400,0.207555692
2020-01-01T00:00:00+00:00,B16,210,211,-78.502502723,400,0.196256257
2020-01-01T00:00:00+00:00,B17,210,212,-102.716793174,400,0.256791983
2020-01-01T00:00:00+00:00,B18,211,213,-59.796517385,500,0.119593035
2020-01-01T00:00:00+00:00,B19,211,214,-77.866606879,500,0.155733214
2020-01-01T00:00:00+00:00,B2,201,203,-13.081465197,175,0.07475123
2020-01-01T00:00:00+00:00,B20,212,213,-16.785883971,500,0.033571768
2020-01-01T00:00:00+00:00,B21,212,223,-168.953185897,500,0.337906372
2020-01-01T00:00:00+00:00,B22,213,223,-179.111914958,500,0.35822383
2020-01-01T00:00:00+00:00,B23,214,216,-152.925948912,500,0.305851898
2020-01-01T00:00:00+00:00,B24,215,216,-32.335594173,500,0.064671188
2020-01-01T00:00:00+00:00,B25-1,215,221,-24.373956074,500,0.048747912
2020-01-01T00:00:00+00:00,B25-2,215,221,-24.373956074,500,0.048747912
2020-01-01T00:00:00+00:00,B26,215,224,114.237827918,500,0.228475656
2020-01-01T00:00:00+00:00,B27,216,217,-98.169277167,500,0.196338554
2020-01-01T00:00:00+00:00,B28,216,219,-63.78264841,500,0.127565297
2020-01-01T00:00:00+00:00,B29,217,218,132.692189545,500,0.265384379
2020-01-01T00:00:00+00:00,B3,201,205,13.949990967,175,0.079714234
2020-01-01T00:00:00+00:00,B30,217,222,-10.905303701,500,0.021810607
2020-01-01T00:00:00+00:00,B31-1,218,221,1.926607924,500,0.003853216
2020-01-01T00:00:00+00:00,B31-2,218,221,1.926607924,500,0.003853216
2020-01-01T00:00:00+00:00,B32-1,219,220,-66.906120359,500,0.133812241
2020-01-01T00:00:00+00:00,B32-2,219,220,-66.906120359,500,0.133812241
2020-01-01T00:00:00+00:00,B33-1,220,223,-91.667965154,500,0.18333593
2020-01-01T00:00:00+00:00,B33-2,220,223,-91.667965154,500,0.18333593
2020-01-01T00:00:00+00:00,B34,221,222,-44.894696299,500,0.089789393
2020-01-01T00:00:00+00:00,B4,202,204,6.259726032,175,0.035769863
2020-01-01T00:00:00+00:00,B5,202,206,12.85646409,175,0.073465509
2020-01-01T00:00:00+00:00,B6,203,209,9.92954697,175,0.056740268
2020-01-01T00:00:00+00:00,B7,203,224,-114.237827918,400,0.28559457
2020-01-01T00:00:00+00:00,B8,204,209,-22.371157011,175,0.127835183
2020-01-01T00:00:00+00:00,B9,205,210,-13.520180601,175,0.077258175
2020-01-01T00:00:00+00:00,C1,301,302,37.681293643,175,0.215321678
2020-01-01T00:00:00+00:00,C10,306,310,-42.310084435,175,0.241771911
2020-01-01T00:00:00+00:00,C11,307,308,-54.808604868,175,0.313192028
2020-01-01T00:00:00+00:00,C12-1,308,309,-92.896427946,175,0.530836731
2020-01-01T00:00:00+00:00,C13-2,308,310,-36.890348382,175,0.210801991
2020-01-01T00:00:00+00:00,C14,309,311,24.022315788,400,0.060055789
2020-01-01T00:00:00+00:00,C15,309,312,19.464571626,400,0.048661429
2020-01-01T00:00:00+00:00,C16,310,311,-84.008824372,400,0.210022061
2020-01-01T00:00:00+00:00,C17,310,312,-88.633924359,400,0.221584811
2020-01-01T00:00:00+00:00,C18,311,313,4.681863364,500,0.009363727
2020-01-01T00:00:00+00:00,C19,311,314,-64.668371948,500,0.129336744
2020-01-01T00:00:00+00:00,C2,301,303,-108.226323494,175,0.618436134
2020-01-01T00:00:00+00:00,C20,312,313,12.897197216,500,0.025794394
2020-01-01T00:00:00+00:00,C21,312,323,-82.066549949,500,0.1641331
2020-01-01T00:00:00+00:00,C22,313,323,-98.615181741,500,0.197230363
2020-01-01T00:00:00+00:00,C23,314,316,-149.731326704,500,0.299462653
2020-01-01T00:00:00+00:00,C24,315,316,2.066431407,500,0.004132863
2020-01-01T00:00:00+00:00,C25-1,315,321,-51.004817324,500,0.102009635
2020-01-01T00:00:00+00:00,C25-2,315,321,-51.004817324,500,0.102009635
2020-01-01T00:00:00+00:00,C26,315,324,-39.051418707,500,0.078102837
2020-01-01T00:00:00+00:00,C27,316,317,-345.679210821,500,0.691358422
2020-01-01T00:00:00+00:00,C28,316,319,116.167431629,500,0.232334863
2020-01-01T00:00:00+00:00,C29,317,318,438.060707685,500,0.876121415
2020-01-01T00:00:00+00:00,C3,301,305,23.190395245,175,0.132516544
2020-01-01T00:00:00+00:00,C30,317,322,11.360081495,500,0.022720163
2020-01-01T00:00:00+00:00,C31-1,318,321,12.324776576,500,0.024649553
2020-01-01T00:00:00+00:00,C31-2,318,321,12.324776576,500,0.024649553
2020-01-01T00:00:00+00:00,C32-1,319,320,18.40228589,500,0.036804572
2020-01-01T00:00:00+00:00,C32-2,319,320,18.40228589,500,0.036804572
2020-01-01T00:00:00+00:00,C33-1,320,323,-9.659719803,500,0.01931944
2020-01-01T00:00:00+00:00,C33-2,320,323,-9.659719803,500,0.01931944
2020-01-01T00:00:00+00:00,C34,321,322,-77.360081495,500,0.154720163
2020-01-01T00:00:00+00:00,C35,323,325,-200.001171296,722,0.277009933
2020-01-01T00:00:00+00:00,C4,302,304,-22.171861397,175,0.126696351
2020-01-01T00:00:00+00:00,C5,302,306,17.321677662,175,0.098981015
2020-01-01T00:00:00+00:00,C6,303,309,124.933917655,175,0.713908101
2020-01-01T00:00:00+00:00,C7,303,324,39.051418707,400,0.097628547
2020-01-01T00:00:00+00:00,C8,304,309,-54.618555479,175,0.312106031
2020-01-01T00:00:00+00:00,C9,305,310,-7.94089232,175,0.045376528
2020-01-01T00:00:00+00:00,CA-1,325,121,-200.001171296,500,0.400002343
2020-01-01T00:00:00+00:00,CB-1,318,223,267.401031163,500,0.534802062
2020-01-01T01:00:00+00:00,A1,101,102,20.236905529,175,0.11563946
2020-01-01T01:00:00+00:00,A10,106,110,-18.569359484,175,0.106110626
2020-01-01T01:00:00+00:00,A11,107,108,-18.423363543,175,0.105276363
2020-01-01T01:00:00+00:00,A12-1,108,109,-135.164858783,175,0.772370622
2020-01-01T01:00:00+00:00,A13-2,108,110,-118.276998082,175,0.67586856
2020-01-01T01:00:00+00:00,A14,109,111,-73.486702724,400,0.183716757
2020-01-01T01:00:00+00:00,A15,109,112,-49.008964354,400,0.122522411
2020-01-01T01:00:00+00:00,A16,110,111,-107.255061405,400,0.268137654
2020-01-01T01:00:00+00:00,A17,110,112,-82.415583059,400,0.206038958
2020-01-01T01:00:00+00:00,A18,111,113,23.140337835,500,0.046280676
2020-01-01T01:00:00+00:00,A19,111,114,-203.882101964,500,0.407764204
2020-01-01T01:00:00+00:00,A2,101,103,-36.767393499,175,0.210099391
2020-01-01T01:00:00+00:00,A20,112,113,-20.980785578,500,0.041961571
2020-01-01T01:00:00+00:00,A21,112,123,-110.443761835,500,0.220887524
2020-01-01T01:00:00+00:00,A22,113,123,-111.562841267,500,0.223125683
2020-01-01T01:00:00+00:00,A23,114,116,-270.980568072,500,0.541961136
2020-01-01T01:00:00+00:00,A24,115,116,195.898309732,500,0.391796619
2020-01-01T01:00:00+00:00,A25-1,115,121,-211.566887951,500,0.423133776
2020-01-01T01:00:00+00:00,A25-2,115,121,-211.566887951,500,0.423133776
2020-01-01T01:00:00+00:00,A26,115,124,179.595189076,500,0.359190378
2020-01-01T01:00:00+00:00,A27,116,117,-388.100966869,500,0.776201934
2020-01-01T01:00:00+00:00,A28,116,119,340.431870329,500,0.680863741
2020-01-01T01:00:00+00:00,A29,117,118,-78.117015213,500,0.15623403
2020-01-01T01:00:00+00:00,A3,101,105,39.176702714,175,0.223866873
2020-01-01T01:00:00+00:00,A30,117,122,-309.983951656,500,0.619967903
2020-01-01T01:00:00+00:00,A31-1,118,121,-96.64559321,500,0.193291186
2020-01-01T01:00:00+00:00,A31-2,118,121,-96.64559321,500,0.193291186
2020-01-01T01:00:00+00:00,A32-1,119,120,138.914846594,500,0.277829693
2020-01-01T01:00:00+00:00,A32-2,119,120,138.914846594,500,0.277829693
2020-01-01T01:00:00+00:00,A33-1,120,123,116.779270146,500,0.23355854
2020-01-01T01:00:00+00:00,A33-2,120,123,116.779270146,500,0.23355854
2020-01-01T01:00:00+00:00,A34,121,122,-425.616048344,500,0.851232097
2020-01-01T01:00:00+00:00,A4,102,104,18.218932007,175,0.104108183
2020-01-01T01:00:00+00:00,A5,102,106,28.468740468,175,0.162678517
2020-01-01T01:00:00+00:00,A6,103,109,80.571486817,175,0.460408496
2020-01-01T01:00:00+00:00,A7,103,124,-179.595189076,400,0.448987973
2020-01-01T01:00:00+00:00,A8,104,109,-7.375328261,175,0.042144733
2020-01-01T01:00:00+00:00,A9,105,110,14.620047592,175,0.083543129
2020-01-01T01:00:00+00:00,AB1,107,203,-24.810184207,175,0.141772481
2020-01-01T01:00:00+00:00,AB2,113,215,122.067272295,500,0.244134545
2020-01-01T01:00:00+00:00,AB3,123,217,213.551937189,500,0.427103874
2020-01-01T01:00:00+00:00,B1,201,202,-3.814154223,175,0.021795167
2020-01-01T01:00:00+00:00,B10,206,210,-38.888364061,175,0.222219223
2020-01-01T01:00:00+00:00,B11,207,208,-47.497245395,175,0.271412831
2020-01-01T01:00:00+00:00,B12-1,208,209,-60.772951607,175,0.347274009
2020-01-01T01:00:00+00:00,B13-2,208,210,-51.700525488,175,0.295431574
2020-01-01T01:00:00+00:00,B14,209,211,-58.446898486,400,0.146117246
2020-01-01T01:00:00+00:00,B15,209,212,-82.128151395,400,0.205320378
2020-01-01T01:00:00+00:00,B16,210,211,-76.86812065,400,0.192170302
2020-01-01T01:00:00+00:00,B17,210,212,-100.899342814,400,0.252248357
2020-01-01T01:00:00+00:00,B18,211,213,-59.236054354,500,0.118472109
2020-01-01T01:00:00+00:00,B19,211,214,-76.078964782,500,0.15215793
2020-01-01T01:00:00+00:00,B2,201,203,-11.619030083,175,0.066394458
2020-01-01T01:00:00+00:00,B20,212,213,-16.550595986,500,0.033101192
2020-01-01T01:00:00+00:00,B21,212,223,-166.476898222,500,0.332953796
2020-01-01T01:00:00+00:00,B22,213,223,-176.480810577,500,0.352961621
2020-01-01T01:00:00+00:00,B23,214,216,-149.794689634,500,0.299589379
2020-01-01T01:00:00+00:00,B24,215,216,-34.215201247,500,0.068430402
2020-01-01T01:00:00+00:00,B25-1,215,221,-24.384429284,500,0.048768859
2020-01-01T01:00:00+00:00,B25-2,215,221,-24.384429284,500,0.048768859
2020-01-01T01:00:00+00:00,B26,215,224,113.098317788,500,0.226196636
2020-01-01T01:00:00+00:00,B27,216,217,-95.25041689,500,0.190500834
2020-01-01T01:00:00+00:00,B28,216,219,-64.757270307,500,0.129514541
2020-01-01T01:00:00+00:00,B29,217,218,129.935438072,500,0.259870876
2020-01-01T01:00:00+00:00,B3,201,205,13.895564285,175,0.079403224
2020-01-01T01:00:00+00:00,B30,217,222,-11.633917772,500,0.023267836
2020-01-01T01:00:00+00:00,B31-1,218,221,1.70138817,500,0.003402776
2020-01-01T01:00:00+00:00,B31-2,218,221,1.70138817,500,0.003402776
2020-01-01T01:00:00+00:00,B32-1,219,220,-66.766640819,500,0.133533282
2020-01-01T01:00:00+00:00,B32-2,219,220,-66.766640819,500,0.133533282
2020-01-01T01:00:00+00:00,B33-1,220,223,-91.085230461,500,0.182170461
2020-01-01T01:00:00+00:00,B33-2,220,223,-91.085230461,500,0.182170461
2020-01-01T01:00:00+00:00,B34,221,222,-45.366082228,500,0.090732164
2020-01-01T01:00:00+00:00,B4,202,204,6.539344422,175,0.037367682
2020-01-01T01:00:00+00:00,B5,202,206,12.788638929,175,0.073077937
2020-01-01T01:00:00+00:00,B6,203,209,8.27307013,175,0.047274686
2020-01-01T01:00:00+00:00,B7,203,224,-113.098317788,400,0.282745794
2020-01-01T01:00:00+00:00,B8,204,209,-21.579024852,175,0.123308713
2020-01-01T01:00:00+00:00,B9,205,210,-13.082871099,175,0.074759263
2020-01-01T01:00:00+00:00,C1,301,302,49.211762566,175,0.281210072
2020-01-01T01:00:00+00:00,C10,306,310,-39.31342736,175,0.224648156
2020-01-01T01:00:00+00:00,C11,307,308,-52.297532412,175,0.298843042
2020-01-01T01:00:00+00:00,C12-1,308,309,-80.912595066,175,0.462357686
2020-01-01T01:00:00+00:00,C13-2,308,310,-42.927961686,175,0.245302638
2020-01-01T01:00:00+00:00,C14,309,311,-9.594428045,400,0.02398607
2020-01-01T01:00:00+00:00,C15,309,312,-11.850858053,400,0.029627145
2020-01-01T01:00:00+00:00,C16,310,311,-83.246239997,400,0.2081156
2020-01-01T01:00:00+00:00,C17,310,312,-85.536016261,400,0.213840041
2020-01-01T01:00:00+00:00,C18,311,313,-2.333428939,500,0.004666858
2020-01-01T01:00:00+00:00,C19,311,314,-90.507239103,500,0.181014478
2020-01-01T01:00:00+00:00,C2,301,303,-119.145112331,175,0.680829213
2020-01-01T01:00:00+00:00,C20,312,313,1.733786152,500,0.003467572
2020-01-01T01:00:00+00:00,C21,312,323,-99.120660467,500,0.198241321
2020-01-01T01:00:00+00:00,C22,313,323,-111.470411501,500,0.222940823
2020-01-01T01:00:00+00:00,C23,314,316,-171.673009406,500,0.343346019
2020-01-01T01:00:00+00:00,C24,315,316,19.70056875,500,0.039401138
2020-01-01T01:00:00+00:00,C25-1,315,321,-56.330625638,500,0.112661251
2020-01-01T01:00:00+00:00,C25-2,315,321,-56.330625638,500,0.112661251
2020-01-01T01:00:00+00:00,C26,315,324,-39.665859671,500,0.079331719
2020-01-01T01:00:00+00:00,C27,316,317,-362.489952654,500,0.724979905
2020-01-01T01:00:00+00:00,C28,316,319,130.679486068,500,0.261358972
2020-01-01T01:00:00+00:00,C29,317,318,427.239362699,500,0.854478725
2020-01-01T01:00:00+00:00,C3,301,305,24.748281761,175,0.141418753
2020-01-01T01:00:00+00:00,C30,317,322,4.670684647,500,0.009341369
2020-01-01T01:00:00+00:00,C31-1,318,321,13.395283315,500,0.026790567
2020-01-01T01:00:00+00:00,C31-2,318,321,13.395283315,500,0.026790567
2020-01-01T01:00:00+00:00,C32-1,319,320,27.476329567,500,0.054952659
2020-01-01T01:00:00+00:00,C32-2,319,320,27.476329567,500,0.054952659
2020-01-01T01:00:00+00:00,C33-1,320,323,0.699992972,500,0.001399986
2020-01-01T01:00:00+00:00,C33-2,320,323,0.699992972,500,0.001399986
2020-01-01T01:00:00+00:00,C34,321,322,-85.870684647,500,0.171741369
2020-01-01T01:00:00+00:00,C35,323,325,-209.191086023,722,0.289738346
2020-01-01T01:00:00+00:00,C4,302,304,-8.957410491,175,0.051185203
2020-01-01T01:00:00+00:00,C5,302,306,17.586287905,175,0.100493074
2020-01-01T01:00:00+00:00,C6,303,309,172.601404024,175,0.986293737
2020-01-01T01:00:00+00:00,C7,303,324,39.665859671,400,0.099164649
2020-01-01T01:00:00+00:00,C8,304,309,-39.917549679,175,0.228100284
2020-01-01T01:00:00+00:00,C9,305,310,-4.956716649,175,0.028324095
2020-01-01T01:00:00+00:00,CA-1,325,121,-209.191086023,500,0.418382172
2020-01-01T01:00:00+00:00,CB-1,318,223,261.128169723,500,0.522256339
2020-01-01T02:00:00+00:00,A1,101,102,20.541326632,175,0.117379009
2020-01-01T02:00:00+00:00,A10,106,110,-19.333655716,175,0.110478033
2020-01-01T02:00:00+00:00,A11,107,108,-17.561378088,175,0.100350732
2020-01-01T02:00:00+00:00,A12-1,108,109,-135.989349555,175,0.777081997
2020-01-01T02:00:00+00:00,A13-2,108,110,-118.813235467,175,0.678932774
2020-01-01T02:00:00+00:00,A14,109,111,-74.457324514,400,0.186143311
2020-01-01T02:00:00+00:00,A15,109,112,-49.730737477,400,0.124326844
2020-01-01T02:00:00+00:00,A16,110,111,-108.797871703,400,0.271994679
2020-01-01T02:00:00+00:00,A17,110,112,-83.705867124,400,0.209264668
2020-01-01T02:00:00+00:00,A18,111,113,22.92353889,500,0.045847078
2020-01-01T02:00:00+00:00,A19,111,114,-206.178735107,500,0.41235747
2020-01-01T02:00:00+00:00,A2,101,103,-37.621144054,175,0.214977966
2020-01-01T02:00:00+00:00,A20,112,113,-21.646134244,500,0.043292268
2020-01-01T02:00:00+00:00,A21,112,123,-111.790470358,500,0.223580941
2020-01-01T02:00:00+00:00,A22,113,123,-112.697254954,500,0.22539451
2020-01-01T02:00:00+00:00,A23,114,116,-274.357112173,500,0.548714224
2020-01-01T02:00:00+00:00,A24,115,116,199.801336957,500,0.399602674
2020-01-01T02:00:00+00:00,A25-1,115,121,-215.701792979,500,0.431403586
2020-01-01T02:00:00+00:00,A25-2,115,121,-215.701792979,500,0.431403586
2020-01-01T02:00:00+00:00,A26,115,124,182.197375136,500,0.36439475
2020-01-01T02:00:00+00:00,A27,116,117,-392.309768097,500,0.784619536
2020-01-01T02:00:00+00:00,A28,116,119,344.610499547,500,0.689220999
2020-01-01T02:00:00+00:00,A29,117,118,-83.133140272,500,0.166266281
2020-01-01T02:00:00+00:00,A3,101,105,39.124844621,175,0.223570541
2020-01-01T02:00:00+00:00,A30,117,122,-309.176627825,500,0.618353256
2020-01-01T02:00:00+00:00,A31-1,118,121,-100.080486536,500,0.200160973
2020-01-01T02:00:00+00:00,A31-2,118,121,-100.080486536,500,0.200160973
2020-01-01T02:00:00+00:00,A32-1,119,120,140.500388307,500,0.281000777
2020-01-01T02:00:00+00:00,A32-2,119,120,140.500388307,500,0.281000777
2020-01-01T02:00:00+00:00,A33-1,120,123,118.008552573,500,0.236017105
2020-01-01T02:00:00+00:00,A33-2,120,123,118.008552573,500,0.236017105
2020-01-01T02:00:00+00:00,A34,121,122,-422.023372175,500,0.844046744
2020-01-01T02:00:00+00:00,A4,102,104,17.990642881,175,0.102803674
2020-01-01T02:00:00+00:00,A5,102,106,28.461495218,175,0.162637116
2020-01-01T02:00:00+00:00,A6,103,109,81.317943082,175,0.46467396
2020-01-01T02:00:00+00:00,A7,103,124,-182.197375136,400,0.455493438
2020-01-01T02:00:00+00:00,A8,104,109,-8.015542185,175,0.045803098
2020-01-01T02:00:00+00:00,A9,105,110,14.172964355,175,0.080988368
2020-01-01T02:00:00+00:00,AB1,107,203,-26.367988579,175,0.15067422
2020-01-01T02:00:00+00:00,AB2,113,215,120.844402266,500,0.241688805
2020-01-01T02:00:00+00:00,AB3,123,217,213.529379835,500,0.42705876
2020-01-01T02:00:00+00:00,B1,201,202,-4.105522742,175,0.02346013
2020-01-01T02:00:00+00:00,B10,206,210,-38.875255705,175,0.222144318
2020-01-01T02:00:00+00:00,B11,207,208,-47.359515175,175,0.270625801
2020-01-01T02:00:00+00:00,B12-1,208,209,-60.54047017,175,0.345945544
2020-01-01T02:00:00+00:00,B13-2,208,210,-51.606861765,175,0.294896353
2020-01-01T02:00:00+00:00,B14,209,211,-58.541330727,400,0.146353327
2020-01-01T02:00:00+00:00,B15,209,212,-82.376596545,400,0.205941491
2020-01-01T02:00:00+00:00,B16,210,211,-76.695300507,400,0.191738251
2020-01-01T02:00:00+00:00,B17,210,212,-100.882811634,400,0.252207029
2020-01-01T02:00:00+00:00,B18,211,213,-59.588103682,500,0.119176207
2020-01-01T02:00:00+00:00,B19,211,214,-75.648527552,500,0.151297055
2020-01-01T02:00:00+00:00,B2,201,203,-11.198151992,175,0.06398944
2020-01-01T02:00:00+00:00,B20,212,213,-16.625037044,500,0.033250074
2020-01-01T02:00:00+00:00,B21,212,223,-166.634371136,500,0.333268742
2020-01-01T02:00:00+00:00,B22,213,223,-176.615312897,500,0.353230626
2020-01-01T02:00:00+00:00,B23,214,216,-149.150495105,500,0.29830099
2020-01-01T02:00:00+00:00,B24,215,216,-35.907299417,500,0.071814599
2020-01-01T02:00:00+00:00,B25-1,215,221,-24.343485839,500,0.048686972
2020-01-01T02:00:00+00:00,B25-2,215,221,-24.343485839,500,0.048686972
2020-01-01T02:00:00+00:00,B26,215,224,113.234942875,500,0.226469886
2020-01-01T02:00:00+00:00,B27,216,217,-94.476659731,500,0.188953319
2020-01-01T02:00:00+00:00,B28,216,219,-66.468746931,500,0.132937494
2020-01-01T02:00:00+00:00,B29,217,218,130.153376538,500,0.260306753
2020-01-01T02:00:00+00:00,B3,201,205,13.685053623,175,0.078200306
2020-01-01T02:00:00+00:00,B30,217,222,-11.100656434,500,0.022201313
2020-01-01T02:00:00+00:00,B31-1,218,221,1.993814056,500,0.003987628
2020-01-01T02:00:00+00:00,B31-2,218,221,1.993814056,500,0.003987628
2020-01-01T02:00:00+00:00,B32-1,219,220,-67.522662453,500,0.135045325
2020-01-01T02:00:00+00:00,B32-2,219,220,-67.522662453,500,0.135045325
2020-01-01T02:00:00+00:00,B33-1,220,223,-91.770734222,500,0.183541468
2020-01-01T02:00:00+00:00,B33-2,220,223,-91.770734222,500,0.183541468
2020-01-01T02:00:00+00:00,B34,221,222,-44.699343566,500,0.089398687
2020-01-01T02:00:00+00:00,B4,202,204,6.491596676,175,0.037094838
2020-01-01T02:00:00+00:00,B5,202,206,12.651896805,175,0.072296553
2020-01-01T02:00:00+00:00,B6,203,209,7.471100452,175,0.042692003
2020-01-01T02:00:00+00:00,B7,203,224,-113.234942875,400,0.283087357
2020-01-01T02:00:00+00:00,B8,204,209,-21.545236308,175,0.123115636
2020-01-01T02:00:00+00:00,B9,205,210,-13.215150997,175,0.075515149
2020-01-01T02:00:00+00:00,C1,301,302,33.006945248,175,0.188611116
2020-01-01T02:00:00+00:00,C10,306,310,-40.233501332,175,0.229905722
2020-01-01T02:00:00+00:00,C11,307,308,-51.130971228,175,0.292176978
2020-01-01T02:00:00+00:00,C12-1,308,309,-87.047088482,175,0.497411934
2020-01-01T02:00:00+00:00,C13-2,308,310,-34.031051386,175,0.194463151
2020-01-01T02:00:00+00:00,C14,309,311,23.214894441,400,0.058037236
2020-01-01T02:00:00+00:00,C15,309,312,18.640301991,400,0.046600755
2020-01-01T02:00:00+00:00,C16,310,311,-79.041677853,400,0.197604195
2020-01-01T02:00:00+00:00,C17,310,312,-83.683875118,400,0.209209688
2020-01-01T02:00:00+00:00,C18,311,313,3.787983289,500,0.007575967
2020-01-01T02:00:00+00:00,C19,311,314,-59.6147667,500,0.119229533
2020-01-01T02:00:00+00:00,C2,301,303,-97.52981091,175,0.557313205
2020-01-01T02:00:00+00:00,C20,312,313,12.033686181,500,0.024067372
2020-01-01T02:00:00+00:00,C21,312,323,-77.077259307,500,0.154154519
2020-01-01T02:00:00+00:00,C22,313,323,-92.575989534,500,0.185151979
2020-01-01T02:00:00+00:00,C23,314,316,-138.970034046,500,0.277940068
2020-01-01T02:00:00+00:00,C24,315,316,-5.342135766,500,0.010684272
2020-01-01T02:00:00+00:00,C25-1,315,321,-46.894398402,500,0.093788797
2020-01-01T02:00:00+00:00,C25-2,315,321,-46.894398402,500,0.093788797
2020-01-01T02:00:00+00:00,C26,315,324,-30.537210465,500,0.061074421
2020-01-01T02:00:00+00:00,C27,316,317,-328.807143367,500,0.657614287
2020-01-01T02:00:00+00:00,C28,316,319,105.590196573,500,0.211180393
2020-01-01T02:00:00+00:00,C29,317,318,427.001084876,500,0.85400217
2020-01-01T02:00:00+00:00,C3,301,305,20.345706521,175,0.11626118
2020-01-01T02:00:00+00:00,C30,317,322,17.791771757,500,0.035583544
2020-01-01T02:00:00+00:00,C31-1,318,321,13.998512524,500,0.027997025
2020-01-01T02:00:00+00:00,C31-2,318,321,13.998512524,500,0.027997025
2020-01-01T02:00:00+00:00,C32-1,319,320,15.776275117,500,0.03155255
2020-01-01T02:00:00+00:00,C32-2,319,320,15.776275117,500,0.03155255
2020-01-01T02:00:00+00:00,C33-1,320,323,-10.402782151,500,0.020805564
2020-01-01T02:00:00+00:00,C33-2,320,323,-10.402782151,500,0.020805564
2020-01-01T02:00:00+00:00,C34,321,322,-65.791771757,500,0.131583544
2020-01-01T02:00:00+00:00,C35,323,325,-190.458813144,722,0.26379337
2020-01-01T02:00:00+00:00,C4,302,304,-22.06768379,175,0.12610105
2020-01-01T02:00:00+00:00,C5,302,306,15.396995365,175,0.087982831
2020-01-01T02:00:00+00:00,C6,303,309,107.52286339,175,0.614416362
2020-01-01T02:00:00+00:00,C7,303,324,30.537210465,400,0.076343026
2020-01-01T02:00:00+00:00,C8,304,309,-52.337218757,175,0.299069821
2020-01-01T02:00:00+00:00,C9,305,310,-8.696685137,175,0.049695344
2020-01-01T02:00:00+00:00,CA-1,325,121,-190.458813144,500,0.380917626
2020-01-01T02:00:00+00:00,CB-1,318,223,262.791152477,500,0.525582305
2020-01-01T03:00:00+00:00,A1,101,102,20.728868388,175,0.118450677
2020-01-01T03:00:00+00:00,A10,106,110,-21.32289764,175,0.121845129
2020-01-01T03:00:00+00:00,A11,107,108,-16.458483337,175,0.094048476
2020-01-01T03:00:00+00:00,A12-1,108,109,-134.457227536,175,0.768327014
2020-01-01T03:00:00+00:00,A13-2,108,110,-116.940446354,175,0.668231122
2020-01-01T03:00:00+00:00,A14,109,111,-75.582944148,400,0.18895736
2020-01-01T03:00:00+00:00,A15,109,112,-51.21544702,400,0.128038618
2020-01-01T03:00:00+00:00,A16,110,111,-110.599404442,400,0.276498511
2020-01-01T03:00:00+00:00,A17,110,112,-85.871796518,400,0.214679491
2020-01-01T03:00:00+00:00,A18,111,113,20.417454373,500,0.040834909
2020-01-01T03:00:00+00:00,A19,111,114,-206.599802963,500,0.413199606
2020-01-01T03:00:00+00:00,A2,101,103,-38.491570488,175,0.219951831
2020-01-01T03:00:00+00:00,A20,112,113,-23.504959201,500,0.047009918
2020-01-01T03:00:00+00:00,A21,112,123,-113.582284337,500,0.227164569
2020-01-01T03:00:00+00:00,A22,113,123,-113.669465966,500,0.227338932
2020-01-01T03:00:00+00:00,A23,114,116,-277.129986007,500,0.554259972
2020-01-01T03:00:00+00:00,A24,115,116,200.878559908,500,0.40175712
2020-01-01T03:00:00+00:00,A25-1,115,121,-219.450067381,500,0.438900135
2020-01-01T03:00:00+00:00,A25-2,115,121,-219.450067381,500,0.438900135
2020-01-01T03:00:00+00:00,A26,115,124,184.773801528,500,0.369547603
2020-01-01T03:00:00+00:00,A27,116,117,-396.356566055,500,0.792713132
2020-01-01T03:00:00+00:00,A28,116,119,345.749375499,500,0.691498751
2020-01-01T03:00:00+00:00,A29,117,118,-84.773224421,500,0.169546449
2020-01-01T03:00:00+00:00,A3,101,105,38.498476488,175,0.219991294
2020-01-01T03:00:00+00:00,A30,117,122,-311.583341634,500,0.623166683
2020-01-01T03:00:00+00:00,A31-1,118,121,-102.91896003,500,0.20583792
2020-01-01T03:00:00+00:00,A31-2,118,121,-102.91896003,500,0.20583792
2020-01-01T03:00:00+00:00,A32-1,119,120,139.972720917,500,0.279945442
2020-01-01T03:00:00+00:00,A32-2,119,120,139.972720917,500,0.279945442
2020-01-01T03:00:00+00:00,A33-1,120,123,116.705031665,500,0.233410063
2020-01-01T03:00:00+00:00,A33-2,120,123,116.705031665,500,0.233410063
2020-01-01T03:00:00+00:00,A34,121,122,-424.316658366,500,0.848633317
2020-01-01T03:00:00+00:00,A4,102,104,17.342834845,175,0.099101913
2020-01-01T03:00:00+00:00,A5,102,106,28.12094202,175,0.160691097
2020-01-01T03:00:00+00:00,A6,103,109,80.841855019,175,0.461953457
2020-01-01T03:00:00+00:00,A7,103,124,-184.773801528,400,0.461934504
2020-01-01T03:00:00+00:00,A8,104,109,-9.560430852,175,0.054631033
2020-01-01T03:00:00+00:00,A9,105,110,12.685883724,175,0.072490764
2020-01-01T03:00:00+00:00,AB1,107,203,-28.986222234,175,0.165635556
2020-01-01T03:00:00+00:00,AB2,113,215,114.239185329,500,0.228478371
2020-01-01T03:00:00+00:00,AB3,123,217,208.158313027,500,0.416316626
2020-01-01T03:00:00+00:00,B1,201,202,-4.439409908,175,0.025368057
2020-01-01T03:00:00+00:00,B10,206,210,-39.043652027,175,0.223106583
2020-01-01T03:00:00+00:00,B11,207,208,-47.300487939,175,0.270288503
2020-01-01T03:00:00+00:00,B12-1,208,209,-60.331924918,175,0.344753857
2020-01-01T03:00:00+00:00,B13-2,208,210,-51.67563052,175,0.295289317
2020-01-01T03:00:00+00:00,B14,209,211,-58.856855198,400,0.147142138
2020-01-01T03:00:00+00:00,B15,209,212,-83.58506927,400,0.208962673
2020-01-01T03:00:00+00:00,B16,210,211,-76.478814068,400,0.191197035
2020-01-01T03:00:00+00:00,B17,210,212,-101.572469727,400,0.253931174
2020-01-01T03:00:00+00:00,B18,211,213,-61.369980714,500,0.122739961
2020-01-01T03:00:00+00:00,B19,211,214,-73.965688551,500,0.147931377
2020-01-01T03:00:00+00:00,B2,201,203,-10.251648757,175,0.05858085
2020-01-01T03:00:00+00:00,B20,212,213,-16.79737485,500,0.03359475
2020-01-01T03:00:00+00:00,B21,212,223,-168.360164147,500,0.336720328
2020-01-01T03:00:00+00:00,B22,213,223,-178.444389994,500,0.35688878
2020-01-01T03:00:00+00:00,B23,214,216,-147.376045832,500,0.294752092
2020-01-01T03:00:00+00:00,B24,215,216,-41.438619447,500,0.082877239
2020-01-01T03:00:00+00:00,B25-1,215,221,-24.401623041,500,0.048803246
2020-01-01T03:00:00+00:00,B25-2,215,221,-24.401623041,500,0.048803246
2020-01-01T03:00:00+00:00,B26,215,224,113.027013445,500,0.226054027
2020-01-01T03:00:00+00:00,B27,216,217,-90.346567078,500,0.180693134
2020-01-01T03:00:00+00:00,B28,216,219,-74.308488552,500,0.148616977
2020-01-01T03:00:00+00:00,B29,217,218,129.477712738,500,0.258955425
2020-01-01T03:00:00+00:00,B3,201,205,13.323437086,175,0.076133926
2020-01-01T03:00:00+00:00,B30,217,222,-11.665966788,500,0.023331934
2020-01-01T03:00:00+00:00,B31-1,218,221,1.734606435,500,0.003469213
2020-01-01T03:00:00+00:00,B31-2,218,221,1.734606435,500,0.003469213
2020-01-01T03:00:00+00:00,B32-1,219,220,-71.399797544,500,0.142799595
2020-01-01T03:00:00+00:00,B32-2,219,220,-71.399797544,500,0.142799595
2020-01-01T03:00:00+00:00,B33-1,220,223,-95.617647368,500,0.191235295
2020-01-01T03:00:00+00:00,B33-2,220,223,-95.617647368,500,0.191235295
2020-01-01T03:00:00+00:00,B34,221,222,-45.334033212,500,0.090668066
2020-01-01T03:00:00+00:00,B4,202,204,6.436132602,175,0.036777901
2020-01-01T03:00:00+00:00,B5,202,206,12.41927885,175,0.070967308
2020-01-01T03:00:00+00:00,B6,203,209,5.676439822,175,0.032436799
2020-01-01T03:00:00+00:00,B7,203,224,-113.027013445,400,0.282567534
2020-01-01T03:00:00+00:00,B8,204,209,-21.565756257,175,0.123232893
2020-01-01T03:00:00+00:00,B9,205,210,-13.543240063,175,0.077389943
2020-01-01T03:00:00+00:00,C1,301,302,48.497943476,175,0.277131106
2020-01-01T03:00:00+00:00,C10,306,310,-35.136840013,175,0.200781943
2020-01-01T03:00:00+00:00,C11,307,308,-50.438943377,175,0.288222534
2020-01-01T03:00:00+00:00,C12-1,308,309,-81.388996436,175,0.46507998
2020-01-01T03:00:00+00:00,C13-2,308,310,-38.050421481,175,0.21743098
2020-01-01T03:00:00+00:00,C14,309,311,8.889754501,400,0.022224386
2020-01-01T03:00:00+00:00,C15,309,312,6.126792725,400,0.015316982
2020-01-01T03:00:00+00:00,C16,310,311,-74.850144359,400,0.187125361
2020-01-01T03:00:00+00:00,C17,310,312,-77.653938082,400,0.194134845
2020-01-01T03:00:00+00:00,C18,311,313,3.791254738,500,0.007582509
2020-01-01T03:00:00+00:00,C19,311,314,-69.751644596,500,0.139503289
2020-01-01T03:00:00+00:00,C2,301,303,-120.094441114,175,0.686253949
2020-01-01T03:00:00+00:00,C20,312,313,8.771493339,500,0.017542987
2020-01-01T03:00:00+00:00,C21,312,323,-80.298638696,500,0.160597277
2020-01-01T03:00:00+00:00,C22,313,323,-94.367811883,500,0.188735624
2020-01-01T03:00:00+00:00,C23,314,316,-148.032884717,500,0.296065769
2020-01-01T03:00:00+00:00,C24,315,316,20.270750251,500,0.040541501
2020-01-01T03:00:00+00:00,C25-1,315,321,-40.302300867,500,0.080604602
2020-01-01T03:00:00+00:00,C25-2,315,321,-40.302300867,500,0.080604602
2020-01-01T03:00:00+00:00,C26,315,324,-67.579308921,500,0.135158618
2020-01-01T03:00:00+00:00,C27,316,317,-325.886204231,500,0.651772408
2020-01-01T03:00:00+00:00,C28,316,319,119.772915063,500,0.23954583
2020-01-01T03:00:00+00:00,C29,317,318,424.553530952,500,0.849107062
2020-01-01T03:00:00+00:00,C3,301,305,28.01725056,175,0.160098575
2020-01-01T03:00:00+00:00,C30,317,322,16.860264817,500,0.03372053
2020-01-01T03:00:00+00:00,C31-1,318,321,8.072168459,500,0.016144337
2020-01-01T03:00:00+00:00,C31-2,318,321,8.072168459,500,0.016144337
2020-01-01T03:00:00+00:00,C32-1,319,320,23.368662527,500,0.046737325
2020-01-01T03:00:00+00:00,C32-2,319,320,23.368662527,500,0.046737325
2020-01-01T03:00:00+00:00,C33-1,320,323,-2.456076482,500,0.004912153
2020-01-01T03:00:00+00:00,C33-2,320,323,-2.456076482,500,0.004912153
2020-01-01T03:00:00+00:00,C34,321,322,-64.460264817,500,0.12892053
2020-01-01T03:00:00+00:00,C35,323,325,-179.578603544,722,0.248723828
2020-01-01T03:00:00+00:00,C4,302,304,-10.383406966,175,0.059333754
2020-01-01T03:00:00+00:00,C5,302,306,19.740730381,175,0.112804174
2020-01-01T03:00:00+00:00,C6,303,309,172.394171502,175,0.985109551
2020-01-01T03:00:00+00:00,C7,303,324,67.579308921,400,0.168948272
2020-01-01T03:00:00+00:00,C8,304,309,-40.243261445,175,0.229961494
2020-01-01T03:00:00+00:00,C9,305,310,-0.632069278,175,0.003611824
2020-01-01T03:00:00+00:00,CA-1,325,121,-179.578603544,500,0.359157207
2020-01-01T03:00:00+00:00,CB-1,318,223,274.039848878,500,0.548079698
2020-01-01T04:00:00+00:00,A1,101,102,57.930935027,175,0.331033914
2020-01-01T04:00:00+00:00,A10,106,110,-8.54208469,175,0.048811913
2020-01-01T04:00:00+00:00,A11,107,108,-22.000603704,175,0.125717735
2020-01-01T04:00:00+00:00,A12-1,108,109,-139.913558896,175,0.799506051
2020-01-01T04:00:00+00:00,A13-2,108,110,-125.453519735,175,0.716877256
2020-01-01T04:00:00+00:00,A14,109,111,-69.52766554,400,0.173819164
2020-01-01T04:00:00+00:00,A15,109,112,-46.167833471,400,0.115419584
2020-01-01T04:00:00+00:00,A16,110,111,-98.539057988,400,0.246347645
2020-01-01T04:00:00+00:00,A17,110,112,-74.834006726,400,0.187085017
2020-01-01T04:00:00+00:00,A18,111,113,27.790114516,500,0.055580229
2020-01-01T04:00:00+00:00,A19,111,114,-195.856838044,500,0.391713676
2020-01-01T04:00:00+00:00,A2,101,103,-16.125716196,175,0.09214695
2020-01-01T04:00:00+00:00,A20,112,113,-14.315982787,500,0.028631966
2020-01-01T04:00:00+00:00,A21,112,123,-106.68585741,500,0.213371715
2020-01-01T04:00:00+00:00,A22,113,123,-111.050126379,500,0.222100253
2020-01-01T04:00:00+00:00,A23,114,116,-273.442439228,500,0.546884878
2020-01-01T04:00:00+00:00,A24,115,116,205.273384409,500,0.410546769
2020-01-01T04:00:00+00:00,A25-1,115,121,-221.55743952,500,0.443114879
2020-01-01T04:00:00+00:00,A25-2,115,121,-221.55743952,500,0.443114879
2020-01-01T04:00:00+00:00,A26,115,124,173.065022593,500,0.346130045
2020-01-01T04:00:00+00:00,A27,116,117,-395.027089396,500,0.790054179
2020-01-01T04:00:00+00:00,A28,116,119,348.865456648,500,0.697730913
2020-01-01T04:00:00+00:00,A29,117,118,-86.814038835,500,0.173628078
2020-01-01T04:00:00+00:00,A3,101,105,67.002797005,175,0.382873126
2020-01-01T04:00:00+00:00,A30,117,122,-308.213050561,500,0.616426101
2020-01-01T04:00:00+00:00,A31-1,118,121,-109.994661671,500,0.219989323
2020-01-01T04:00:00+00:00,A31-2,118,121,-109.994661671,500,0.219989323
2020-01-01T04:00:00+00:00,A32-1,119,120,138.239445298,500,0.276478891
2020-01-01T04:00:00+00:00,A32-2,119,120,138.239445298,500,0.276478891
2020-01-01T04:00:00+00:00,A33-1,120,123,112.644195423,500,0.225288391
2020-01-01T04:00:00+00:00,A33-2,120,123,112.644195423,500,0.225288391
2020-01-01T04:00:00+00:00,A34,121,122,-415.986949439,500,0.831973899
2020-01-01T04:00:00+00:00,A4,102,104,38.846912807,175,0.221982359
2020-01-01T04:00:00+00:00,A5,102,106,45.847821294,175,0.26198755
2020-01-01T04:00:00+00:00,A6,103,109,84.952666123,175,0.485443806
2020-01-01T04:00:00+00:00,A7,103,124,-173.065022593,400,0.432662556
2020-01-01T04:00:00+00:00,A8,104,109,9.252405139,175,0.052870887
2020-01-01T04:00:00+00:00,A9,105,110,38.608066675,175,0.220617524
2020-01-01T04:00:00+00:00,AB1,107,203,-27.990118708,175,0.159943535
2020-01-01T04:00:00+00:00,AB2,113,215,118.543926594,500,0.237087853
2020-01-01T04:00:00+00:00,AB3,123,217,209.552407057,500,0.419104814
2020-01-01T04:00:00+00:00,B1,201,202,-4.28053586,175,0.024460205
2020-01-01T04:00:00+00:00,B10,206,210,-40.180295772,175,0.22960169
2020-01-01T04:00:00+00:00,B11,207,208,-48.205572149,175,0.275460412
2020-01-01T04:00:00+00:00,B12-1,208,209,-61.548005225,175,0.351702887
2020-01-01T04:00:00+00:00,B13-2,208,210,-52.602789624,175,0.300587369
2020-01-01T04:00:00+00:00,B14,209,211,-59.965541289,400,0.149913853
2020-01-01T04:00:00+00:00,B15,209,212,-85.596836504,400,0.213992091
2020-01-01T04:00:00+00:00,B16,210,211,-78.163021421,400,0.195407554
2020-01-01T04:00:00+00:00,B17,210,212,-104.17310425,400,0.260432761
2020-01-01T04:00:00+00:00,B18,211,213,-63.433051908,500,0.126866104
2020-01-01T04:00:00+00:00,B19,211,214,-74.695510802,500,0.149391022
2020-01-01T04:00:00+00:00,B2,201,203,-11.097495735,175,0.063414261
2020-01-01T04:00:00+00:00,B20,212,213,-17.232642284,500,0.034465285
2020-01-01T04:00:00+00:00,B21,212,223,-172.53729847,500,0.345074597
2020-01-01T04:00:00+00:00,B22,213,223,-182.861507149,500,0.365723014
2020-01-01T04:00:00+00:00,B23,214,216,-149.510558777,500,0.299021118
2020-01-01T04:00:00+00:00,B24,215,216,-42.609093967,500,0.085218188
2020-01-01T04:00:00+00:00,B25-1,215,221,-23.833251237,500,0.047666502
2020-01-01T04:00:00+00:00,B25-2,215,221,-23.833251237,500,0.047666502
2020-01-01T04:00:00+00:00,B26,215,224,114.470192065,500,0.228940384
2020-01-01T04:00:00+00:00,B27,216,217,-89.266260377,500,0.178532521
2020-01-01T04:00:00+00:00,B28,216,219,-79.417850087,500,0.1588357
2020-01-01T04:00:00+00:00,B29,217,218,131.366793751,500,0.262733588
2020-01-01T04:00:00+00:00,B3,201,205,13.028417258,175,0.074448099
2020-01-01T04:00:00+00:00,B30,217,222,-11.080647072,500,0.022161294
2020-01-01T04:00:00+00:00,B31-1,218,221,1.473574773,500,0.00294715
2020-01-01T04:00:00+00:00,B31-2,218,221,1.473574773,500,0.00294715
2020-01-01T04:00:00+00:00,B32-1,219,220,-74.609759279,500,0.149219519
2020-01-01T04:00:00+00:00,B32-2,219,220,-74.609759279,500,0.149219519
2020-01-01T04:00:00+00:00,B33-1,220,223,-99.29101222,500,0.198582024
2020-01-01T04:00:00+00:00,B33-2,220,223,-99.29101222,500,0.198582024
2020-01-01T04:00:00+00:00,B34,221,222,-44.719352928,500,0.089438706
2020-01-01T04:00:00+00:00,B4,202,204,6.044573426,175,0.03454042
2020-01-01T04:00:00+00:00,B5,202,206,12.267366727,175,0.070099238
2020-01-01T04:00:00+00:00,B6,203,209,5.966553727,175,0.034094593
2020-01-01T04:00:00+00:00,B7,203,224,-114.470192065,400,0.28617548
2020-01-01T04:00:00+00:00,B8,204,209,-22.493125286,175,0.128532144
2020-01-01T04:00:00+00:00,B9,205,210,-14.352347722,175,0.082013416
2020-01-01T04:00:00+00:00,C1,301,302,40.750047023,175,0.232857412
2020-01-01T04:00:00+00:00,C10,306,310,-35.274388752,175,0.201567936
2020-01-01T04:00:00+00:00,C11,307,308,-51.051882325,175,0.291725042
2020-01-01T04:00:00+00:00,C12-1,308,309,-88.638625585,175,0.506506432
2020-01-01T04:00:00+00:00,C13-2,308,310,-32.252231759,175,0.184298467
2020-01-01T04:00:00+00:00,C14,309,311,36.372904229,400,0.090932261
2020-01-01T04:00:00+00:00,C15,309,312,32.790570267,400,0.081976426
2020-01-01T04:00:00+00:00,C16,310,311,-72.211720707,400,0.180529302
2020-01-01T04:00:00+00:00,C17,310,312,-75.846995564,400,0.189617489
2020-01-01T04:00:00+00:00,C18,311,313,11.728763342,500,0.023457527
2020-01-01T04:00:00+00:00,C19,311,314,-47.567579819,500,0.09513516
2020-01-01T04:00:00+00:00,C2,301,303,-112.965183179,175,0.645515332
2020-01-01T04:00:00+00:00,C20,312,313,18.185920308,500,0.036371841
2020-01-01T04:00:00+00:00,C21,312,323,-61.242345605,500,0.122484691
2020-01-01T04:00:00+00:00,C22,313,323,-78.315306878,500,0.156630614
2020-01-01T04:00:00+00:00,C23,314,316,-126.800101187,500,0.253600202
2020-01-01T04:00:00+00:00,C24,315,316,12.966426173,500,0.025932852
2020-01-01T04:00:00+00:00,C25-1,315,321,-33.733308012,500,0.067466616
2020-01-01T04:00:00+00:00,C25-2,315,321,-33.733308012,500,0.067466616
2020-01-01T04:00:00+00:00,C26,315,324,-74.967383724,500,0.149934767
2020-01-01T04:00:00+00:00,C27,316,317,-305.550339405,500,0.611100679
2020-01-01T04:00:00+00:00,C28,316,319,112.875158532,500,0.225750317
2020-01-01T04:00:00+00:00,C29,317,318,429.952854312,500,0.859905709
2020-01-01T04:00:00+00:00,C3,301,305,28.106309827,175,0.160607485
2020-01-01T04:00:00+00:00,C30,317,322,16.696806283,500,0.033393613
2020-01-01T04:00:00+00:00,C31-1,318,321,1.984904871,500,0.00396981
2020-01-01T04:00:00+00:00,C31-2,318,321,1.984904871,500,0.00396981
2020-01-01T04:00:00+00:00,C32-1,319,320,19.476016463,500,0.038952033
2020-01-01T04:00:00+00:00,C32-2,319,320,19.476016463,500,0.038952033
2020-01-01T04:00:00+00:00,C33-1,320,323,-6.662547287,500,0.013325095
2020-01-01T04:00:00+00:00,C33-2,320,323,-6.662547287,500,0.013325095
2020-01-01T04:00:00+00:00,C34,321,322,-63.496806283,500,0.126993613
2020-01-01T04:00:00+00:00,C35,323,325,-152.882747058,722,0.211748957
2020-01-01T04:00:00+00:00,C4,302,304,-19.136272877,175,0.109350131
2020-01-01T04:00:00+00:00,C5,302,306,20.270059217,175,0.11582891
2020-01-01T04:00:00+00:00,C6,303,309,141.53372255,175,0.808764129
2020-01-01T04:00:00+00:00,C7,303,324,74.967383724,400,0.187418459
2020-01-01T04:00:00+00:00,C8,304,309,-49.358987214,175,0.282051356
2020-01-01T04:00:00+00:00,C9,305,310,-0.891159333,175,0.005092339
2020-01-01T04:00:00+00:00,CA-1,325,121,-152.882747058,500,0.305765494
2020-01-01T04:00:00+00:00,CB-1,318,223,289.980830058,500,0.57996166
2020-01-01T05:00:00+00:00,A1,101,102,44.601001868,175,0.254862868
2020-01-01T05:00:00+00:00,A10,106,110,-12.357142016,175,0.07061224
2020-01-01T05:00:00+00:00,A11,107,108,-12.055254448,175,0.068887168
2020-01-01T05:00:00+00:00,A12-1,108,109,-141.822222054,175,0.810412697
2020-01-01T05:00:00+00:00,A13-2,108,110,-127.649431068,175,0.72942532
2020-01-01T05:00:00+00:00,A14,109,111,-74.488178384,400,0.186220446
2020-01-01T05:00:00+00:00,A15,109,112,-58.800461802,400,0.147001155
2020-01-01T05:00:00+00:00,A16,110,111,-103.016979902,400,0.25754245
2020-01-01T05:00:00+00:00,A17,110,112,-87.097425144,400,0.217743563
2020-01-01T05:00:00+00:00,A18,111,113,5.156643003,500,0.010313286
2020-01-01T05:00:00+00:00,A19,111,114,-182.66180129,500,0.365323603
2020-01-01T05:00:00+00:00,A2,101,103,-11.357593514,175,0.064900534
2020-01-01T05:00:00+00:00,A20,112,113,-23.120466135,500,0.046240932
2020-01-01T05:00:00+00:00,A21,112,123,-122.777420811,500,0.245554842
2020-01-01T05:00:00+00:00,A22,113,123,-124.133648783,500,0.248267298
2020-01-01T05:00:00+00:00,A23,114,116,-270.254577172,500,0.540509154
2020-01-01T05:00:00+00:00,A24,115,116,163.437597291,500,0.326875195
2020-01-01T05:00:00+00:00,A25-1,115,121,-207.865711967,500,0.415731424
2020-01-01T05:00:00+00:00,A25-2,115,121,-207.865711967,500,0.415731424
2020-01-01T05:00:00+00:00,A26,115,124,171.165424813,500,0.34233085
2020-01-01T05:00:00+00:00,A27,116,117,-359.594744905,500,0.71918949
2020-01-01T05:00:00+00:00,A28,116,119,300.62684962,500,0.601253699
2020-01-01T05:00:00+00:00,A29,117,118,-61.474538704,500,0.122949077
2020-01-01T05:00:00+00:00,A3,101,105,69.99360301,175,0.399963446
2020-01-01T05:00:00+00:00,A30,117,122,-298.120206201,500,0.596240412
2020-01-01T05:00:00+00:00,A31-1,118,121,-105.913543499,500,0.211827087
2020-01-01T05:00:00+00:00,A31-2,118,121,-105.913543499,500,0.211827087
2020-01-01T05:00:00+00:00,A32-1,119,120,109.45184637,500,0.218903693
2020-01-01T05:00:00+00:00,A32-2,119,120,109.45184637,500,0.218903693
2020-01-01T05:00:00+00:00,A33-1,120,123,80.555260512,500,0.161110521
2020-01-01T05:00:00+00:00,A33-2,120,123,80.555260512,500,0.161110521
2020-01-01T05:00:00+00:00,A34,121,122,-407.179793799,500,0.814359588
2020-01-01T05:00:00+00:00,A4,102,104,42.423177649,175,0.242418158
2020-01-01T05:00:00+00:00,A5,102,106,49.048102933,175,0.280274874
2020-01-01T05:00:00+00:00,A6,103,109,78.536183573,175,0.448778192
2020-01-01T05:00:00+00:00,A7,103,124,-171.165424813,400,0.427913562
2020-01-01T05:00:00+00:00,A8,104,109,9.011500251,175,0.051494287
2020-01-01T05:00:00+00:00,A9,105,110,37.936453074,175,0.216779732
2020-01-01T05:00:00+00:00,AB1,107,203,-44.383389806,175,0.25361937
2020-01-01T05:00:00+00:00,AB2,113,215,86.519899832,500,0.1730398
2020-01-01T05:00:00+00:00,AB3,123,217,191.132225107,500,0.38226445
2020-01-01T05:00:00+00:00,B1,201,202,-6.127679192,175,0.03501531
2020-01-01T05:00:00+00:00,B10,206,210,-44.930123445,175,0.256743563
2020-01-01T05:00:00+00:00,B11,207,208,-50.704391623,175,0.289739381
2020-01-01T05:00:00+00:00,B12-1,208,209,-64.141655694,175,0.366523747
2020-01-01T05:00:00+00:00,B13-2,208,210,-55.926343669,175,0.319579107
2020-01-01T05:00:00+00:00,B14,209,211,-66.543334091,400,0.166358335
2020-01-01T05:00:00+00:00,B15,209,212,-98.306464962,400,0.245766162
2020-01-01T05:00:00+00:00,B16,210,211,-83.425472082,400,0.20856368
2020-01-01T05:00:00+00:00,B17,210,212,-115.658008828,400,0.289145022
2020-01-01T05:00:00+00:00,B18,211,213,-77.383517349,500,0.154767035
2020-01-01T05:00:00+00:00,B19,211,214,-72.585288823,500,0.145170578
2020-01-01T05:00:00+00:00,B2,201,203,-8.252846748,175,0.047159124
2020-01-01T05:00:00+00:00,B20,212,213,-20.130473954,500,0.040260948
2020-01-01T05:00:00+00:00,B21,212,223,-193.833999836,500,0.387668
2020-01-01T05:00:00+00:00,B22,213,223,-205.007301544,500,0.410014603
2020-01-01T05:00:00+00:00,B23,214,216,-151.278504622,500,0.302557009
2020-01-01T05:00:00+00:00,B24,215,216,-88.715640792,500,0.177431282
2020-01-01T05:00:00+00:00,B25-1,215,221,-23.853451754,500,0.047706904
2020-01-01T05:00:00+00:00,B25-2,215,221,-23.853451754,500,0.047706904
2020-01-01T05:00:00+00:00,B26,215,224,121.656106976,500,0.243312214
2020-01-01T05:00:00+00:00,B27,216,217,-62.948822316,500,0.125897645
2020-01-01T05:00:00+00:00,B28,216,219,-124.608836396,500,0.249217673
2020-01-01T05:00:00+00:00,B29,217,218,138.222615867,500,0.276445232
2020-01-01T05:00:00+00:00,B3,201,205,9.671931578,175,0.05526818
2020-01-01T05:00:00+00:00,B30,217,222,-10.039213077,500,0.020078426
2020-01-01T05:00:00+00:00,B31-1,218,221,1.573058292,500,0.003146117
2020-01-01T05:00:00+00:00,B31-2,218,221,1.573058292,500,0.003146117
2020-01-01T05:00:00+00:00,B32-1,219,220,-99.014397733,500,0.198028795
2020-01-01T05:00:00+00:00,B32-2,219,220,-99.014397733,500,0.198028795
2020-01-01T05:00:00+00:00,B33-1,220,223,-124.975046244,500,0.249950092
2020-01-01T05:00:00+00:00,B33-2,220,223,-124.975046244,500,0.249950092
2020-01-01T05:00:00+00:00,B34,221,222,-44.560786923,500,0.089121574
2020-01-01T05:00:00+00:00,B4,202,204,4.289458269,175,0.02451119
2020-01-01T05:00:00+00:00,B5,202,206,10.23625464,175,0.058492884
2020-01-01T05:00:00+00:00,B6,203,209,-3.994453515,175,0.022825449
2020-01-01T05:00:00+00:00,B7,203,224,-121.656106976,400,0.304140267
2020-01-01T05:00:00+00:00,B8,204,209,-25.727541572,175,0.147014523
2020-01-01T05:00:00+00:00,B9,205,210,-19.128162864,175,0.109303788
2020-01-01T05:00:00+00:00,C1,301,302,46.244287529,175,0.264253072
2020-01-01T05:00:00+00:00,C10,306,310,-37.784574146,175,0.215911852
2020-01-01T05:00:00+00:00,C11,307,308,-53.918854781,175,0.308107742
2020-01-01T05:00:00+00:00,C12-1,308,309,-90.596108911,175,0.517692051
2020-01-01T05:00:00+00:00,C13-2,308,310,-37.08373921,175,0.211907081
2020-01-01T05:00:00+00:00,C14,309,311,24.834340178,400,0.06208585
2020-01-01T05:00:00+00:00,C15,309,312,21.168686735,400,0.052921717
2020-01-01T05:00:00+00:00,C16,310,311,-78.358830501,400,0.195897076
2020-01-01T05:00:00+00:00,C17,310,312,-82.078656162,400,0.20519664
2020-01-01T05:00:00+00:00,C18,311,313,7.848349795,500,0.0156967
2020-01-01T05:00:00+00:00,C19,311,314,-61.372840117,500,0.12274568
2020-01-01T05:00:00+00:00,C2,301,303,-122.000327725,175,0.69714473
2020-01-01T05:00:00+00:00,C20,312,313,14.455690126,500,0.02891138
2020-01-01T05:00:00+00:00,C21,312,323,-75.365659553,500,0.150731319
2020-01-01T05:00:00+00:00,C22,313,323,-92.003932214,500,0.184007864
2020-01-01T05:00:00+00:00,C23,314,316,-145.054902737,500,0.290109805
2020-01-01T05:00:00+00:00,C24,315,316,24.826541968,500,0.049653084
2020-01-01T05:00:00+00:00,C25-1,315,321,-44.884807243,500,0.089769614
2020-01-01T05:00:00+00:00,C25-2,315,321,-44.884807243,500,0.089769614
2020-01-01T05:00:00+00:00,C26,315,324,-71.795143206,500,0.143590286
2020-01-01T05:00:00+00:00,C27,316,317,-322.39916251,500,0.644798325
2020-01-01T05:00:00+00:00,C28,316,319,121.035717917,500,0.242071436
2020-01-01T05:00:00+00:00,C29,317,318,374.391753924,500,0.748783508
2020-01-01T05:00:00+00:00,C3,301,305,29.170149666,175,0.16668657
2020-01-01T05:00:00+00:00,C30,317,322,22.609083566,500,0.045218167
2020-01-01T05:00:00+00:00,C31-1,318,321,19.98026546,500,0.039960531
2020-01-01T05:00:00+00:00,C31-2,318,321,19.98026546,500,0.039960531
2020-01-01T05:00:00+00:00,C32-1,319,320,21.480608097,500,0.042961216
2020-01-01T05:00:00+00:00,C32-2,319,320,21.480608097,500,0.042961216
2020-01-01T05:00:00+00:00,C33-1,320,323,-6.12584555,500,0.012251691
2020-01-01T05:00:00+00:00,C33-2,320,323,-6.12584555,500,0.012251691
2020-01-01T05:00:00+00:00,C34,321,322,-49.809083566,500,0.099618167
2020-01-01T05:00:00+00:00,C35,323,325,-179.621282868,722,0.24878294
2020-01-01T05:00:00+00:00,C4,302,304,-16.475883637,175,0.094147906
2020-01-01T05:00:00+00:00,C5,302,306,20.879139856,175,0.119309371
2020-01-01T05:00:00+00:00,C6,303,309,161.881378185,175,0.925036447
2020-01-01T05:00:00+00:00,C7,303,324,71.795143206,400,0.179487858
2020-01-01T05:00:00+00:00,C8,304,309,-48.395845667,175,0.27654769
2020-01-01T05:00:00+00:00,C9,305,310,-1.45575985,175,0.008318628
2020-01-01T05:00:00+00:00,CA-1,325,121,-179.621282868,500,0.359242566
2020-01-01T05:00:00+00:00,CB-1,318,223,190.791393868,500,0.381582788
2020-01-01T06:00:00+00:00,A1,101,102,11.896303088,175,0.067978875
2020-01-01T06:00:00+00:00,A10,106,110,-3.441162297,175,0.019663785
2020-01-01T06:00:00+00:00,A11,107,108,-13.303998875,175,0.076022851
2020-01-01T06:00:00+00:00,A12-1,108,109,-144.867345184,175,0.827813401
2020-01-01T06:00:00+00:00,A13-2,108,110,-133.386863971,175,0.762210651
2020-01-01T06:00:00+00:00,A14,109,111,-69.630341713,400,0.174075854
2020-01-01T06:00:00+00:00,A15,109,112,-62.199556461,400,0.155498891
2020-01-01T06:00:00+00:00,A16,110,111,-92.877041581,400,0.232192604
2020-01-01T06:00:00+00:00,A17,110,112,-85.336441769,400,0.213341104
2020-01-01T06:00:00+00:00,A18,111,113,-1.866488034,500,0.003732976
2020-01-01T06:00:00+00:00,A19,111,114,-160.640895259,500,0.321281791
2020-01-01T06:00:00+00:00,A2,101,103,4.713547884,175,0.026934559
2020-01-01T06:00:00+00:00,A20,112,113,-15.26047845,500,0.030520957
2020-01-01T06:00:00+00:00,A21,112,123,-132.27551978,500,0.26455104
2020-01-01T06:00:00+00:00,A22,113,123,-139.060028196,500,0.278120056
2020-01-01T06:00:00+00:00,A23,114,116,-252.337332653,500,0.504674665
2020-01-01T06:00:00+00:00,A24,115,116,130.163205947,500,0.260326412
2020-01-01T06:00:00+00:00,A25-1,115,121,-154.942892547,500,0.309885785
2020-01-01T06:00:00+00:00,A25-2,115,121,-154.942892547,500,0.309885785
2020-01-01T06:00:00+00:00,A26,115,124,153.888709797,500,0.30777742
2020-01-01T06:00:00+00:00,A27,116,117,-281.822206855,500,0.563644414
2020-01-01T06:00:00+00:00,A28,116,119,236.381875307,500,0.472763751
2020-01-01T06:00:00+00:00,A29,117,118,-15.979438891,500,0.031958878
2020-01-01T06:00:00+00:00,A3,101,105,84.342647798,175,0.481957987
2020-01-01T06:00:00+00:00,A30,117,122,-265.842767963,500,0.531685536
2020-01-01T06:00:00+00:00,A31-1,118,121,-86.687950508,500,0.173375901
2020-01-01T06:00:00+00:00,A31-2,118,121,-86.687950508,500,0.173375901
2020-01-01T06:00:00+00:00,A32-1,119,120,75.415022271,500,0.150830045
2020-01-01T06:00:00+00:00,A32-2,119,120,75.415022271,500,0.150830045
2020-01-01T06:00:00+00:00,A33-1,120,123,45.164651172,500,0.090329302
2020-01-01T06:00:00+00:00,A33-2,120,123,45.164651172,500,0.090329302
2020-01-01T06:00:00+00:00,A34,121,122,-374.057232037,500,0.748114464
2020-01-01T06:00:00+00:00,A4,102,104,57.207208103,175,0.326898332
2020-01-01T06:00:00+00:00,A5,102,106,60.840876289,175,0.34766215
2020-01-01T06:00:00+00:00,A6,103,109,73.523088965,175,0.420131937
2020-01-01T06:00:00+00:00,A7,103,124,-153.888709797,400,0.384721774
2020-01-01T06:00:00+00:00,A8,104,109,22.23021652,175,0.127029809
2020-01-01T06:00:00+00:00,A9,105,110,50.78364236,175,0.290192242
2020-01-01T06:00:00+00:00,AB1,107,203,-45.778757177,175,0.261592898
2020-01-01T06:00:00+00:00,AB2,113,215,96.677618881,500,0.193355238
2020-01-01T06:00:00+00:00,AB3,123,217,215.903806713,500,0.431807613
2020-01-01T06:00:00+00:00,B1,201,202,-29.809015375,175,0.170337231
2020-01-01T06:00:00+00:00,B10,206,210,-32.486070462,175,0.185634688
2020-01-01T06:00:00+00:00,B11,207,208,-54.088619561,175,0.309077826
2020-01-01T06:00:00+00:00,B12-1,208,209,-67.232874092,175,0.384187852
2020-01-01T06:00:00+00:00,B13-2,208,210,-60.84897703,175,0.34770844
2020-01-01T06:00:00+00:00,B14,209,211,-61.562095846,400,0.15390524
2020-01-01T06:00:00+00:00,B15,209,212,-88.92239941,400,0.222305999
2020-01-01T06:00:00+00:00,B16,210,211,-74.826361106,400,0.187065903
2020-01-01T06:00:00+00:00,B17,210,212,-102.591004131,400,0.25647751
2020-01-01T06:00:00+00:00,B18,211,213,-62.828297479,500,0.125656595
2020-01-01T06:00:00+00:00,B19,211,214,-73.560159474,500,0.147120319
2020-01-01T06:00:00+00:00,B2,201,203,6.89151672,175,0.039380096
2020-01-01T06:00:00+00:00,B20,212,213,-13.511350306,500,0.027022701
2020-01-01T06:00:00+00:00,B21,212,223,-178.002053235,500,0.356004106
2020-01-01T06:00:00+00:00,B22,213,223,-191.007521254,500,0.382015043
2020-01-01T06:00:00+00:00,B23,214,216,-157.505697033,500,0.315011394
2020-01-01T06:00:00+00:00,B24,215,216,-79.183000781,500,0.158366002
2020-01-01T06:00:00+00:00,B25-1,215,221,-25.44333981,500,0.05088668
2020-01-01T06:00:00+00:00,B25-2,215,221,-25.44333981,500,0.05088668
2020-01-01T06:00:00+00:00,B26,215,224,118.078560074,500,0.23615712
2020-01-01T06:00:00+00:00,B27,216,217,-77.925044582,500,0.155850089
2020-01-01T06:00:00+00:00,B28,216,219,-78.034548882,500,0.156069098
2020-01-01T06:00:00+00:00,B29,217,218,148.097614607,500,0.296195229
2020-01-01T06:00:00+00:00,B3,201,205,31.018264681,175,0.177247227
2020-01-01T06:00:00+00:00,B30,217,222,-10.118852476,500,0.020237705
2020-01-01T06:00:00+00:00,B31-1,218,221,2.002766048,500,0.004005532
2020-01-01T06:00:00+00:00,B31-2,218,221,2.002766048,500,0.004005532
2020-01-01T06:00:00+00:00,B32-1,219,220,-78.177435004,500,0.15635487
2020-01-01T06:00:00+00:00,B32-2,219,220,-78.177435004,500,0.15635487
2020-01-01T06:00:00+00:00,B33-1,220,223,-105.870808219,500,0.211741616
2020-01-01T06:00:00+00:00,B33-2,220,223,-105.870808219,500,0.211741616
2020-01-01T06:00:00+00:00,B34,221,222,-46.881147524,500,0.093762295
2020-01-01T06:00:00+00:00,B4,202,204,23.189201553,175,0.132509723
2020-01-01T06:00:00+00:00,B5,202,206,26.362347621,175,0.150641986
2020-01-01T06:00:00+00:00,B6,203,209,1.303707449,175,0.007449757
2020-01-01T06:00:00+00:00,B7,203,224,-118.078560074,400,0.2951964
2020-01-01T06:00:00+00:00,B8,204,209,-8.831261227,175,0.05046435
2020-01-01T06:00:00+00:00,B9,205,210,0.29592877,175,0.001691022
2020-01-01T06:00:00+00:00,C1,301,302,44.667770845,175,0.255244405
2020-01-01T06:00:00+00:00,C10,306,310,-49.553436302,175,0.283162493
2020-01-01T06:00:00+00:00,C11,307,308,-60.008699781,175,0.342906856
2020-01-01T06:00:00+00:00,C12-1,308,309,-94.586242142,175,0.540492812
2020-01-01T06:00:00+00:00,C13-2,308,310,-47.514358938,175,0.271510623
2020-01-01T06:00:00+00:00,C14,309,311,-7.302833356,400,0.018257083
2020-01-01T06:00:00+00:00,C15,309,312,-14.011709526,400,0.035029274
2020-01-01T06:00:00+00:00,C16,310,311,-98.506941949,400,0.246267355
2020-01-01T06:00:00+00:00,C17,310,312,-105.314964073,400,0.26328741
2020-01-01T06:00:00+00:00,C18,311,313,-10.383073945,500,0.020766148
2020-01-01T06:00:00+00:00,C19,311,314,-95.426701361,500,0.190853403
2020-01-01T06:00:00+00:00,C2,301,303,-117.459689807,175,0.671198227
2020-01-01T06:00:00+00:00,C20,312,313,1.709675352,500,0.003419351
2020-01-01T06:00:00+00:00,C21,312,323,-121.036348951,500,0.242072698
2020-01-01T06:00:00+00:00,C22,313,323,-135.891842128,500,0.271783684
2020-01-01T06:00:00+00:00,C23,314,316,-188.56020342,500,0.377120407
2020-01-01T06:00:00+00:00,C24,315,316,-3.783574731,500,0.007567149
2020-01-01T06:00:00+00:00,C25-1,315,321,-67.130371936,500,0.134260744
2020-01-01T06:00:00+00:00,C25-2,315,321,-67.130371936,500,0.134260744
2020-01-01T06:00:00+00:00,C26,315,324,-14.137744041,500,0.028275488
2020-01-01T06:00:00+00:00,C27,316,317,-330.824888986,500,0.661649778
2020-01-01T06:00:00+00:00,C28,316,319,114.47415101,500,0.228948302
2020-01-01T06:00:00+00:00,C29,317,318,305.346904892,500,0.61069381
2020-01-01T06:00:00+00:00,C3,301,305,20.944402351,175,0.119682299
2020-01-01T06:00:00+00:00,C30,317,322,19.128206123,500,0.038256412
2020-01-01T06:00:00+00:00,C31-1,318,321,42.366268874,500,0.084732538
2020-01-01T06:00:00+00:00,C31-2,318,321,42.366268874,500,0.084732538
2020-01-01T06:00:00+00:00,C32-1,319,320,13.790776864,500,0.027581554
2020-01-01T06:00:00+00:00,C32-2,319,320,13.790776864,500,0.027581554
2020-01-01T06:00:00+00:00,C33-1,320,323,-16.933677424,500,0.033867355
2020-01-01T06:00:00+00:00,C33-2,320,323,-16.933677424,500,0.033867355
2020-01-01T06:00:00+00:00,C34,321,322,-49.528206123,500,0.099056412
2020-01-01T06:00:00+00:00,C35,323,325,-290.795545928,722,0.402763914
2020-01-01T06:00:00+00:00,C4,302,304,-17.635009244,175,0.100771481
2020-01-01T06:00:00+00:00,C5,302,306,15.73602906,175,0.089920166
2020-01-01T06:00:00+00:00,C6,303,309,148.244038467,175,0.847108791
2020-01-01T06:00:00+00:00,C7,303,324,14.137744041,400,0.03534436
2020-01-01T06:00:00+00:00,C8,304,309,-53.160159514,175,0.30377234
2020-01-01T06:00:00+00:00,C9,305,310,-13.140539124,175,0.075088795
2020-01-01T06:00:00+00:00,CA-1,325,121,-290.795545928,500,0.581591092
2020-01-01T06:00:00+00:00,CB-1,318,223,60.751190928,500,0.121502382
2020-01-01T07:00:00+00:00,A1,101,102,49.484519438,175,0.282768683
2020-01-01T07:00:00+00:00,A10,106,110,5.275454409,175,0.030145454
2020-01-01T07:00:00+00:00,A11,107,108,-17.934465774,175,0.102482662
2020-01-01T07:00:00+00:00,A12-1,108,109,-147.944029299,175,0.845394453
2020-01-01T07:00:00+00:00,A13-2,108,110,-137.215438508,175,0.78408822
2020-01-01T07:00:00+00:00,A14,109,111,-61.624946999,400,0.154062367
2020-01-01T07:00:00+00:00,A15,109,112,-51.561011659,400,0.128902529
2020-01-01T07:00:00+00:00,A16,110,111,-83.298239443,400,0.208245599
2020-01-01T07:00:00+00:00,A17,110,112,-73.085575994,400,0.18271394
2020-01-01T07:00:00+00:00,A18,111,113,-9.751345252,500,0.019502691
2020-01-01T07:00:00+00:00,A19,111,114,-135.17184119,500,0.270343682
2020-01-01T07:00:00+00:00,A2,101,103,15.34288445,175,0.087673625
2020-01-01T07:00:00+00:00,A20,112,113,-27.891588702,500,0.055783177
2020-01-01T07:00:00+00:00,A21,112,123,-96.754998951,500,0.193509998
2020-01-01T07:00:00+00:00,A22,113,123,-92.487800466,500,0.184975601
2020-01-01T07:00:00+00:00,A23,114,116,-224.036512113,500,0.448073024
2020-01-01T07:00:00+00:00,A24,115,116,134.054351632,500,0.268108703
2020-01-01T07:00:00+00:00,A25-1,115,121,-172.469874289,500,0.344939749
2020-01-01T07:00:00+00:00,A25-2,115,121,-172.469874289,500,0.344939749
2020-01-01T07:00:00+00:00,A26,115,124,127.678692397,500,0.255357385
2020-01-01T07:00:00+00:00,A27,116,117,-286.759595055,500,0.57351919
2020-01-01T07:00:00+00:00,A28,116,119,243.970903171,500,0.487941806
2020-01-01T07:00:00+00:00,A29,117,118,-55.382726001,500,0.110765452
2020-01-01T07:00:00+00:00,A3,101,105,97.401542196,175,0.556580241
2020-01-01T07:00:00+00:00,A30,117,122,-231.376869055,500,0.462753738
2020-01-01T07:00:00+00:00,A31-1,118,121,-96.109237787,500,0.192218476
2020-01-01T07:00:00+00:00,A31-2,118,121,-96.109237787,500,0.192218476
2020-01-01T07:00:00+00:00,A32-1,119,120,87.330540665,500,0.174661081
2020-01-01T07:00:00+00:00,A32-2,119,120,87.330540665,500,0.174661081
2020-01-01T07:00:00+00:00,A33-1,120,123,58.014360567,500,0.116028721
2020-01-01T07:00:00+00:00,A33-2,120,123,58.014360567,500,0.116028721
2020-01-01T07:00:00+00:00,A34,121,122,-309.123130945,500,0.618246262
2020-01-01T07:00:00+00:00,A4,102,104,58.446513515,175,0.333980077
2020-01-01T07:00:00+00:00,A5,102,106,67.572337118,175,0.386127641
2020-01-01T07:00:00+00:00,A6,103,109,75.469820321,175,0.431256116
2020-01-01T07:00:00+00:00,A7,103,124,-127.678692397,400,0.319196731
2020-01-01T07:00:00+00:00,A8,104,109,39.449680276,175,0.225426744
2020-01-01T07:00:00+00:00,A9,105,110,64.878904899,175,0.370736599
2020-01-01T07:00:00+00:00,AB1,107,203,-39.32369848,175,0.224706848
2020-01-01T07:00:00+00:00,AB2,113,215,83.157558292,500,0.166315117
2020-01-01T07:00:00+00:00,AB3,123,217,159.785921718,500,0.319571843
2020-01-01T07:00:00+00:00,B1,201,202,1.048950228,175,0.005994001
2020-01-01T07:00:00+00:00,B10,206,210,-44.982382243,175,0.257042184
2020-01-01T07:00:00+00:00,B11,207,208,-53.537698728,175,0.305929707
2020-01-01T07:00:00+00:00,B12-1,208,209,-68.415047748,175,0.39094313
2020-01-01T07:00:00+00:00,B13-2,208,210,-58.362222841,175,0.333498416
2020-01-01T07:00:00+00:00,B14,209,211,-68.091464835,400,0.170228662
2020-01-01T07:00:00+00:00,B15,209,212,-93.468105361,400,0.233670263
2020-01-01T07:00:00+00:00,B16,210,211,-88.552541018,400,0.221381353
2020-01-01T07:00:00+00:00,B17,210,212,-114.304205788,400,0.285760514
2020-01-01T07:00:00+00:00,B18,211,213,-66.117631858,500,0.132235264
2020-01-01T07:00:00+00:00,B19,211,214,-90.526373995,500,0.181052748
2020-01-01T07:00:00+00:00,B2,201,203,-12.8216031,175,0.073266303
2020-01-01T07:00:00+00:00,B20,212,213,-20.376237312,500,0.040752475
2020-01-01T07:00:00+00:00,B21,212,223,-187.396073837,500,0.374792148
2020-01-01T07:00:00+00:00,B22,213,223,-197.693790474,500,0.395387581
2020-01-01T07:00:00+00:00,B23,214,216,-173.616882421,500,0.347233765
2020-01-01T07:00:00+00:00,B24,215,216,-19.734796983,500,0.039469594
2020-01-01T07:00:00+00:00,B25-1,215,221,-24.442173912,500,0.048884348
2020-01-01T07:00:00+00:00,B25-2,215,221,-24.442173912,500,0.048884348
2020-01-01T07:00:00+00:00,B26,215,224,136.505099124,500,0.273010198
2020-01-01T07:00:00+00:00,B27,216,217,-81.677144483,500,0.163354289
2020-01-01T07:00:00+00:00,B28,216,219,-61.504693903,500,0.123009388
2020-01-01T07:00:00+00:00,B29,217,218,115.39068022,500,0.23078136
2020-01-01T07:00:00+00:00,B3,201,205,14.416081171,175,0.082377607
2020-01-01T07:00:00+00:00,B30,217,222,-37.281902985,500,0.074563806
2020-01-01T07:00:00+00:00,B31-1,218,221,-13.616874596,500,0.027233749
2020-01-01T07:00:00+00:00,B31-2,218,221,-13.616874596,500,0.027233749
2020-01-01T07:00:00+00:00,B32-1,219,220,-69.513640831,500,0.139027282
2020-01-01T07:00:00+00:00,B32-2,219,220,-69.513640831,500,0.139027282
2020-01-01T07:00:00+00:00,B33-1,220,223,-96.92494258,500,0.193849885
2020-01-01T07:00:00+00:00,B33-2,220,223,-96.92494258,500,0.193849885
2020-01-01T07:00:00+00:00,B34,221,222,-76.118097015,500,0.152236194
2020-01-01T07:00:00+00:00,B4,202,204,6.237062042,175,0.035640355
2020-01-01T07:00:00+00:00,B5,202,206,13.266633973,175,0.075809337
2020-01-01T07:00:00+00:00,B6,203,209,7.265511376,175,0.041517208
2020-01-01T07:00:00+00:00,B7,203,224,-136.505099124,400,0.341262748
2020-01-01T07:00:00+00:00,B8,204,209,-25.457255605,175,0.145470032
2020-01-01T07:00:00+00:00,B9,205,210,-15.993331707,175,0.091390467
2020-01-01T07:00:00+00:00,C1,301,302,30.037217741,175,0.171641244
2020-01-01T07:00:00+00:00,C10,306,310,-67.608258668,175,0.386332907
2020-01-01T07:00:00+00:00,C11,307,308,-64.062005702,175,0.366068604
2020-01-01T07:00:00+00:00,C12-1,308,309,-85.107131357,175,0.486326465
2020-01-01T07:00:00+00:00,C13-2,308,310,-53.291698145,175,0.304523989
2020-01-01T07:00:00+00:00,C14,309,311,-52.150597277,400,0.130376493
2020-01-01T07:00:00+00:00,C15,309,312,-56.521262388,400,0.141303156
2020-01-01T07:00:00+00:00,C16,310,311,-114.492331179,400,0.286230828
2020-01-01T07:00:00+00:00,C17,310,312,-118.9275874,400,0.297318968
2020-01-01T07:00:00+00:00,C18,311,313,-62.321526125,500,0.124643052
2020-01-01T07:00:00+00:00,C19,311,314,-104.321402332,500,0.208642805
2020-01-01T07:00:00+00:00,C2,301,303,-84.808777034,175,0.484621583
2020-01-01T07:00:00+00:00,C20,312,313,-54.443402263,500,0.108886805
2020-01-01T07:00:00+00:00,C21,312,323,-94.905447526,500,0.189810895
2020-01-01T07:00:00+00:00,C22,313,323,-75.776380475,500,0.151552761
2020-01-01T07:00:00+00:00,C23,314,316,-101.645635181,500,0.20329127
2020-01-01T07:00:00+00:00,C24,315,316,-51.85153004,500,0.10370306
2020-01-01T07:00:00+00:00,C25-1,315,321,-54.040335467,500,0.108080671
2020-01-01T07:00:00+00:00,C25-2,315,321,-54.040335467,500,0.108080671
2020-01-01T07:00:00+00:00,C26,315,324,-2.529045487,500,0.005058091
2020-01-01T07:00:00+00:00,C27,316,317,-263.024969085,500,0.526049938
2020-01-01T07:00:00+00:00,C28,316,319,20.278199303,500,0.040556399
2020-01-01T07:00:00+00:00,C29,317,318,332.44353514,500,0.66488707
2020-01-01T07:00:00+00:00,C3,301,305,-0.578013633,175,0.003302935
2020-01-01T07:00:00+00:00,C30,317,322,-0.868504225,500,0.001737008
2020-01-01T07:00:00+00:00,C31-1,318,321,16.074587579,500,0.032149175
2020-01-01T07:00:00+00:00,C31-2,318,321,16.074587579,500,0.032149175
2020-01-01T07:00:00+00:00,C32-1,319,320,8.558207524,500,0.017116415
2020-01-01T07:00:00+00:00,C32-2,319,320,8.558207524,500,0.017116415
2020-01-01T07:00:00+00:00,C33-1,320,323,-0.641539396,500,0.001283079
2020-01-01T07:00:00+00:00,C33-2,320,323,-0.641539396,500,0.001283079
2020-01-01T07:00:00+00:00,C34,321,322,-75.931495775,500,0.151862992
2020-01-01T07:00:00+00:00,C35,323,325,-171.964906792,722,0.238178541
2020-01-01T07:00:00+00:00,C4,302,304,-21.766102219,175,0.124377727
2020-01-01T07:00:00+00:00,C5,302,306,2.091203536,175,0.011949734
2020-01-01T07:00:00+00:00,C6,303,309,78.512889268,175,0.448645082
2020-01-01T07:00:00+00:00,C7,303,324,-56.270954513,400,0.140677386
2020-01-01T07:00:00+00:00,C8,304,309,-59.690809595,175,0.341090341
2020-01-01T07:00:00+00:00,C9,305,310,-36.965232871,175,0.211229902
2020-01-01T07:00:00+00:00,CA-1,325,121,-171.964906792,500,0.343929814
2020-01-01T07:00:00+00:00,CB-1,318,223,129.633176792,500,0.259266354
2020-01-01T08:00:00+00:00,A1,101,102,58.743040356,175,0.335674516
2020-01-01T08:00:00+00:00,A10,106,110,12.293592352,175,0.070249099
2020-01-01T08:00:00+00:00,A11,107,108,-30.139187785,175,0.17222393
2020-01-01T08:00:00+00:00,A12-1,108,109,-152.247893249,175,0.869987961
2020-01-01T08:00:00+00:00,A13-2,108,110,-141.154314076,175,0.80659608
2020-01-01T08:00:00+00:00,A14,109,111,-54.952284562,400,0.137380711
2020-01-01T08:00:00+00:00,A15,109,112,-40.962639442,400,0.102406599
2020-01-01T08:00:00+00:00,A16,110,111,-77.233312501,400,0.193083281
2020-01-01T08:00:00+00:00,A17,110,112,-63.036923856,400,0.15759231
2020-01-01T08:00:00+00:00,A18,111,113,6.039621399,500,0.012079243
2020-01-01T08:00:00+00:00,A19,111,114,-138.225218462,500,0.276450437
2020-01-01T08:00:00+00:00,A2,101,103,15.226741481,175,0.087009951
2020-01-01T08:00:00+00:00,A20,112,113,-19.176713932,500,0.038353428
2020-01-01T08:00:00+00:00,A21,112,123,-84.822849366,500,0.169645699
2020-01-01T08:00:00+00:00,A22,113,123,-83.992346204,500,0.167984692
2020-01-01T08:00:00+00:00,A23,114,116,-222.12229911,500,0.444244598
2020-01-01T08:00:00+00:00,A24,115,116,167.49484207,500,0.334989684
2020-01-01T08:00:00+00:00,A25-1,115,121,-180.780712838,500,0.361561426
2020-01-01T08:00:00+00:00,A25-2,115,121,-180.780712838,500,0.361561426
2020-01-01T08:00:00+00:00,A26,115,124,118.97702399,500,0.237954048
2020-01-01T08:00:00+00:00,A27,116,117,-296.083995359,500,0.592167991
2020-01-01T08:00:00+00:00,A28,116,119,260.21062046,500,0.520421241
2020-01-01T08:00:00+00:00,A29,117,118,-96.276577065,500,0.192553154
2020-01-01T08:00:00+00:00,A3,101,105,103.624626875,175,0.592140725
2020-01-01T08:00:00+00:00,A30,117,122,-199.807418294,500,0.399614837
2020-01-01T08:00:00+00:00,A31-1,118,121,-102.292741769,500,0.204585484
2020-01-01T08:00:00+00:00,A31-2,118,121,-102.292741769,500,0.204585484
2020-01-01T08:00:00+00:00,A32-1,119,120,105.117754567,500,0.210235509
2020-01-01T08:00:00+00:00,A32-2,119,120,105.117754567,500,0.210235509
2020-01-01T08:00:00+00:00,A33-1,120,123,77.440367137,500,0.154880734
2020-01-01T08:00:00+00:00,A33-2,120,123,77.440367137,500,0.154880734
2020-01-01T08:00:00+00:00,A34,121,122,-249.592581706,500,0.499185163
2020-01-01T08:00:00+00:00,A4,102,104,60.954191392,175,0.348309665
2020-01-01T08:00:00+00:00,A5,102,106,71.108040641,175,0.406331661
2020-01-01T08:00:00+00:00,A6,103,109,85.561113324,175,0.488920648
2020-01-01T08:00:00+00:00,A7,103,124,-118.97702399,400,0.29744256
2020-01-01T08:00:00+00:00,A8,104,109,46.452212175,175,0.265441212
2020-01-01T08:00:00+00:00,A9,105,110,72.920025194,175,0.416685858
2020-01-01T08:00:00+00:00,AB1,107,203,-23.91820954,175,0.136675483
2020-01-01T08:00:00+00:00,AB2,113,215,119.353571344,500,0.238707143
2020-01-01T08:00:00+00:00,AB3,123,217,188.065538703,500,0.376131077
2020-01-01T08:00:00+00:00,B1,201,202,3.20112091,175,0.018292119
2020-01-01T08:00:00+00:00,B10,206,210,-42.438499074,175,0.242505709
2020-01-01T08:00:00+00:00,B11,207,208,-52.809696228,175,0.301769693
2020-01-01T08:00:00+00:00,B12-1,208,209,-68.231042271,175,0.38989167
2020-01-01T08:00:00+00:00,B13-2,208,210,-56.822318397,175,0.324698962
2020-01-01T08:00:00+00:00,B14,209,211,-64.280332225,400,0.160700831
2020-01-01T08:00:00+00:00,B15,209,212,-83.792531707,400,0.209481329
2020-01-01T08:00:00+00:00,B16,210,211,-87.309099029,400,0.218272748
2020-01-01T08:00:00+00:00,B17,210,212,-107.109656139,400,0.26777414
2020-01-01T08:00:00+00:00,B18,211,213,-54.457377517,500,0.108914755
2020-01-01T08:00:00+00:00,B19,211,214,-97.132053737,500,0.194264107
2020-01-01T08:00:00+00:00,B2,201,203,-17.549794327,175,0.100284539
2020-01-01T08:00:00+00:00,B20,212,213,-19.286637951,500,0.038573276
2020-01-01T08:00:00+00:00,B21,212,223,-171.615549895,500,0.3432311
2020-01-01T08:00:00+00:00,B22,213,223,-180.700571472,500,0.361401143
2020-01-01T08:00:00+00:00,B23,214,216,-179.092702283,500,0.358185405
2020-01-01T08:00:00+00:00,B24,215,216,33.778820351,500,0.067557641
2020-01-01T08:00:00+00:00,B25-1,215,221,-23.108676043,500,0.046217352
2020-01-01T08:00:00+00:00,B25-2,215,221,-23.108676043,500,0.046217352
2020-01-01T08:00:00+00:00,B26,215,224,135.666713445,500,0.271333427
2020-01-01T08:00:00+00:00,B27,216,217,-112.163155865,500,0.224326312
2020-01-01T08:00:00+00:00,B28,216,219,-13.39848305,500,0.026796966
2020-01-01T08:00:00+00:00,B29,217,218,112.540088154,500,0.225080176
2020-01-01T08:00:00+00:00,B3,201,205,17.221095876,175,0.098406262
2020-01-01T08:00:00+00:00,B30,217,222,-36.637705316,500,0.073275411
2020-01-01T08:00:00+00:00,B31-1,218,221,-14.072471299,500,0.028144943
2020-01-01T08:00:00+00:00,B31-2,218,221,-14.072471299,500,0.028144943
2020-01-01T08:00:00+00:00,B32-1,219,220,-44.933461594,500,0.089866923
2020-01-01T08:00:00+00:00,B32-2,219,220,-44.933461594,500,0.089866923
2020-01-01T08:00:00+00:00,B33-1,220,223,-71.972026063,500,0.143944052
2020-01-01T08:00:00+00:00,B33-2,220,223,-71.972026063,500,0.143944052
2020-01-01T08:00:00+00:00,B34,221,222,-74.362294684,500,0.148724589
2020-01-01T08:00:00+00:00,B4,202,204,7.202346215,175,0.041156264
2020-01-01T08:00:00+00:00,B5,202,206,15.018450422,175,0.085819717
2020-01-01T08:00:00+00:00,B6,203,209,18.15274701,175,0.103729983
2020-01-01T08:00:00+00:00,B7,203,224,-135.666713445,400,0.339166784
2020-01-01T08:00:00+00:00,B8,204,209,-24.060993952,175,0.137491394
2020-01-01T08:00:00+00:00,B9,205,210,-12.774811582,175,0.072998923
2020-01-01T08:00:00+00:00,C1,301,302,20.062860515,175,0.114644917
2020-01-01T08:00:00+00:00,C10,306,310,-84.020627853,175,0.480117873
2020-01-01T08:00:00+00:00,C11,307,308,-68.688706096,175,0.392506892
2020-01-01T08:00:00+00:00,C12-1,308,309,-72.024626114,175,0.411569292
2020-01-01T08:00:00+00:00,C13-2,308,310,-54.730229922,175,0.312744171
2020-01-01T08:00:00+00:00,C14,309,311,-80.679546403,400,0.201698866
2020-01-01T08:00:00+00:00,C15,309,312,-91.817090541,400,0.229542726
2020-01-01T08:00:00+00:00,C16,310,311,-115.340953864,400,0.288352385
2020-01-01T08:00:00+00:00,C17,310,312,-126.64309225,400,0.316607731
2020-01-01T08:00:00+00:00,C18,311,313,-132.132887102,500,0.264265774
2020-01-01T08:00:00+00:00,C19,311,314,-63.887613166,500,0.127775226
2020-01-01T08:00:00+00:00,C2,301,303,-60.946280817,175,0.348264462
2020-01-01T08:00:00+00:00,C20,312,313,-112.057463795,500,0.224114928
2020-01-01T08:00:00+00:00,C21,312,323,-57.702718996,500,0.115405438
2020-01-01T08:00:00+00:00,C22,313,323,-2.510407821,500,0.005020816
2020-01-01T08:00:00+00:00,C23,314,316,-22.892485027,500,0.04578497
2020-01-01T08:00:00+00:00,C24,315,316,-115.862279016,500,0.231724558
2020-01-01T08:00:00+00:00,C25-1,315,321,-19.990724375,500,0.039981449
2020-01-01T08:00:00+00:00,C25-2,315,321,-19.990724375,500,0.039981449
2020-01-01T08:00:00+00:00,C26,315,324,-18.350830894,500,0.036701662
2020-01-01T08:00:00+00:00,C27,316,317,-167.471664716,500,0.334943329
2020-01-01T08:00:00+00:00,C28,316,319,-64.234064205,500,0.128468128
2020-01-01T08:00:00+00:00,C29,317,318,397.873557646,500,0.795747115
2020-01-01T08:00:00+00:00,C3,301,305,-18.463621765,175,0.10550641
2020-01-01T08:00:00+00:00,C30,317,322,13.754777639,500,0.027509555
2020-01-01T08:00:00+00:00,C31-1,318,321,-8.686664444,500,0.017373329
2020-01-01T08:00:00+00:00,C31-2,318,321,-8.686664444,500,0.017373329
2020-01-01T08:00:00+00:00,C32-1,319,320,-19.847655316,500,0.039695311
2020-01-01T08:00:00+00:00,C32-2,319,320,-19.847655316,500,0.039695311
2020-01-01T08:00:00+00:00,C33-1,320,323,-11.616272838,500,0.023232546
2020-01-01T08:00:00+00:00,C33-2,320,323,-11.616272838,500,0.023232546
2020-01-01T08:00:00+00:00,C34,321,322,-57.354777639,500,0.114709555
2020-01-01T08:00:00+00:00,C35,323,325,-83.445672493,722,0.115575724
2020-01-01T08:00:00+00:00,C4,302,304,-23.952259796,175,0.136870056
2020-01-01T08:00:00+00:00,C5,302,306,-9.28731562,175,0.053070375
2020-01-01T08:00:00+00:00,C6,303,309,28.39115151,175,0.162235151
2020-01-01T08:00:00+00:00,C7,303,324,-77.649169106,400,0.194122923
2020-01-01T08:00:00+00:00,C8,304,309,-64.615973805,175,0.369234136
2020-01-01T08:00:00+00:00,C9,305,310,-57.478806828,175,0.328450325
2020-01-01T08:00:00+00:00,CA-1,325,121,-83.445672493,500,0.166891345
2020-01-01T08:00:00+00:00,CB-1,318,223,232.260173493,500,0.464520347
2020-01-01T09:00:00+00:00,A1,101,102,51.808057533,175,0.296046043
2020-01-01T09:00:00+00:00,A10,106,110,18.035370319,175,0.103059259
2020-01-01T09:00:00+00:00,A11,107,108,-30.644061124,175,0.175108921
2020-01-01T09:00:00+00:00,A12-1,108,109,-150.543811851,175,0.860250353
2020-01-01T09:00:00+00:00,A13-2,108,110,-140.88198894,175,0.805039937
2020-01-01T09:00:00+00:00,A14,109,111,-48.6256584,400,0.121564146
2020-01-01T09:00:00+00:00,A15,109,112,-37.783613677,400,0.094459034
2020-01-01T09:00:00+00:00,A16,110,111,-68.042373272,400,0.170105933
2020-01-01T09:00:00+00:00,A17,110,112,-57.040101286,400,0.142600253
2020-01-01T09:00:00+00:00,A18,111,113,1.895981871,500,0.003791964
2020-01-01T09:00:00+00:00,A19,111,114,-118.564013543,500,0.237128027
2020-01-01T09:00:00+00:00,A2,101,103,21.626264474,175,0.123578654
2020-01-01T09:00:00+00:00,A20,112,113,-17.646803743,500,0.035293607
2020-01-01T09:00:00+00:00,A21,112,123,-77.176911221,500,0.154353822
2020-01-01T09:00:00+00:00,A22,113,123,-76.311652974,500,0.152623306
2020-01-01T09:00:00+00:00,A23,114,116,-199.173365368,500,0.398346731
2020-01-01T09:00:00+00:00,A24,115,116,152.678408233,500,0.305356816
2020-01-01T09:00:00+00:00,A25-1,115,121,-160.566848945,500,0.321133698
2020-01-01T09:00:00+00:00,A25-2,115,121,-160.566848945,500,0.321133698
2020-01-01T09:00:00+00:00,A26,115,124,98.737946727,500,0.197475893
2020-01-01T09:00:00+00:00,A27,116,117,-247.155244167,500,0.494310488
2020-01-01T09:00:00+00:00,A28,116,119,221.109074752,500,0.44221815
2020-01-01T09:00:00+00:00,A29,117,118,-107.078526307,500,0.214157053
2020-01-01T09:00:00+00:00,A3,101,105,108.290368729,175,0.618802107
2020-01-01T09:00:00+00:00,A30,117,122,-140.076717861,500,0.280153436
2020-01-01T09:00:00+00:00,A31-1,118,121,-97.622031601,500,0.195244063
2020-01-01T09:00:00+00:00,A31-2,118,121,-97.622031601,500,0.195244063
2020-01-01T09:00:00+00:00,A32-1,119,120,91.650690262,500,0.183301381
2020-01-01T09:00:00+00:00,A32-2,119,120,91.650690262,500,0.183301381
2020-01-01T09:00:00+00:00,A33-1,120,123,65.057914402,500,0.130115829
2020-01-01T09:00:00+00:00,A33-2,120,123,65.057914402,500,0.130115829
2020-01-01T09:00:00+00:00,A34,121,122,-156.923282139,500,0.313846564
2020-01-01T09:00:00+00:00,A4,102,104,65.425029256,175,0.37385731
2020-01-01T09:00:00+00:00,A5,102,106,74.545019021,175,0.425971537
2020-01-01T09:00:00+00:00,A6,103,109,83.872029096,175,0.479268738
2020-01-01T09:00:00+00:00,A7,103,124,-98.737946727,400,0.246844867
2020-01-01T09:00:00+00:00,A8,104,109,52.977132169,175,0.30272647
2020-01-01T09:00:00+00:00,A9,105,110,78.78900801,175,0.450222903
2020-01-01T09:00:00+00:00,AB1,107,203,-21.294954227,175,0.121685453
2020-01-01T09:00:00+00:00,AB2,113,215,117.050118559,500,0.234100237
2020-01-01T09:00:00+00:00,AB3,123,217,178.62726461,500,0.357254529
2020-01-01T09:00:00+00:00,B1,201,202,3.567431245,175,0.020385321
2020-01-01T09:00:00+00:00,B10,206,210,-42.516693427,175,0.242952534
2020-01-01T09:00:00+00:00,B11,207,208,-53.045805132,175,0.303118886
2020-01-01T09:00:00+00:00,B12-1,208,209,-68.64107982,175,0.392234742
2020-01-01T09:00:00+00:00,B13-2,208,210,-56.971386731,175,0.325550781
2020-01-01T09:00:00+00:00,B14,209,211,-64.412582272,400,0.161031456
2020-01-01T09:00:00+00:00,B15,209,212,-83.119286954,400,0.207798217
2020-01-01T09:00:00+00:00,B16,210,211,-87.948345976,400,0.219870865
2020-01-01T09:00:00+00:00,B17,210,212,-106.931504422,400,0.267328761
2020-01-01T09:00:00+00:00,B18,211,213,-53.55149915,500,0.107102998
2020-01-01T09:00:00+00:00,B19,211,214,-98.809429098,500,0.197618858
2020-01-01T09:00:00+00:00,B2,201,203,-18.388709959,175,0.105078343
2020-01-01T09:00:00+00:00,B20,212,213,-19.832663961,500,0.039665328
2020-01-01T09:00:00+00:00,B21,212,223,-170.218127415,500,0.340436255
2020-01-01T09:00:00+00:00,B22,213,223,-178.84126999,500,0.35768254
2020-01-01T09:00:00+00:00,B23,214,216,-181.136518663,500,0.362273037
2020-01-01T09:00:00+00:00,B24,215,216,31.56607681,500,0.063132154
2020-01-01T09:00:00+00:00,B25-1,215,221,-21.539727075,500,0.043079454
2020-01-01T09:00:00+00:00,B25-2,215,221,-21.539727075,500,0.043079454
2020-01-01T09:00:00+00:00,B26,215,224,135.639334085,500,0.271278668
2020-01-01T09:00:00+00:00,B27,216,217,-105.233785589,500,0.210467571
2020-01-01T09:00:00+00:00,B28,216,219,-5.814514358,500,0.011629029
2020-01-01T09:00:00+00:00,B29,217,218,110.410770969,500,0.220821542
2020-01-01T09:00:00+00:00,B3,201,205,17.48970308,175,0.09994116
2020-01-01T09:00:00+00:00,B30,217,222,-37.017291949,500,0.074034584
2020-01-01T09:00:00+00:00,B31-1,218,221,-15.451626951,500,0.030903254
2020-01-01T09:00:00+00:00,B31-2,218,221,-15.451626951,500,0.030903254
2020-01-01T09:00:00+00:00,B32-1,219,220,-41.312420094,500,0.08262484
2020-01-01T09:00:00+00:00,B32-2,219,220,-41.312420094,500,0.08262484
2020-01-01T09:00:00+00:00,B33-1,220,223,-68.471872322,500,0.136943745
2020-01-01T09:00:00+00:00,B33-2,220,223,-68.471872322,500,0.136943745
2020-01-01T09:00:00+00:00,B34,221,222,-73.982708051,500,0.147965416
2020-01-01T09:00:00+00:00,B4,202,204,7.206743906,175,0.041181394
2020-01-01T09:00:00+00:00,B5,202,206,15.197142556,175,0.086840815
2020-01-01T09:00:00+00:00,B6,203,209,19.56971051,175,0.111826917
2020-01-01T09:00:00+00:00,B7,203,224,-135.639334085,400,0.339098335
2020-01-01T09:00:00+00:00,B8,204,209,-24.196372732,175,0.138264987
2020-01-01T09:00:00+00:00,B9,205,210,-12.640314235,175,0.072230367
2020-01-01T09:00:00+00:00,C1,301,302,9.203851439,175,0.052593437
2020-01-01T09:00:00+00:00,C10,306,310,-95.42963436,175,0.545312196
2020-01-01T09:00:00+00:00,C11,307,308,-71.872034167,175,0.410697338
2020-01-01T09:00:00+00:00,C12-1,308,309,-64.924406925,175,0.370996611
2020-01-01T09:00:00+00:00,C13-2,308,310,-52.368569981,175,0.299248971
2020-01-01T09:00:00+00:00,C14,309,311,-106.797662372,400,0.266994156
2020-01-01T09:00:00+00:00,C15,309,312,-121.989253583,400,0.304973134
2020-01-01T09:00:00+00:00,C16,310,311,-132.674722544,400,0.331686806
2020-01-01T09:00:00+00:00,C17,310,312,-148.090820029,400,0.37022705
2020-01-01T09:00:00+00:00,C18,311,313,-190.607551008,500,0.381215102
2020-01-01T09:00:00+00:00,C19,311,314,-48.864833908,500,0.097729668
2020-01-01T09:00:00+00:00,C2,301,303,-40.037639434,175,0.228786511
2020-01-01T09:00:00+00:00,C20,312,313,-163.224707849,500,0.326449416
2020-01-01T09:00:00+00:00,C21,312,323,-47.855365763,500,0.095710732
2020-01-01T09:00:00+00:00,C22,313,323,36.69902871,500,0.073398057
2020-01-01T09:00:00+00:00,C23,314,316,4.789769066,500,0.009579538
2020-01-01T09:00:00+00:00,C24,315,316,-143.323971058,500,0.286647942
2020-01-01T09:00:00+00:00,C25-1,315,321,-27.55972257,500,0.055119445
2020-01-01T09:00:00+00:00,C25-2,315,321,-27.55972257,500,0.055119445
2020-01-01T09:00:00+00:00,C26,315,324,16.175937552,500,0.032351875
2020-01-01T09:00:00+00:00,C27,316,317,-129.010313791,500,0.258020628
2020-01-01T09:00:00+00:00,C28,316,319,-105.021515534,500,0.210043031
2020-01-01T09:00:00+00:00,C29,317,318,363.53564424,500,0.727071288
2020-01-01T09:00:00+00:00,C3,301,305,-31.263649525,175,0.178649426
2020-01-01T09:00:00+00:00,C30,317,322,-25.745958031,500,0.051491916
2020-01-01T09:00:00+00:00,C31-1,318,321,-24.967298414,500,0.049934597
2020-01-01T09:00:00+00:00,C31-2,318,321,-24.967298414,500,0.049934597
2020-01-01T09:00:00+00:00,C32-1,319,320,-36.196110504,500,0.072392221
2020-01-01T09:00:00+00:00,C32-2,319,320,-36.196110504,500,0.072392221
2020-01-01T09:00:00+00:00,C33-1,320,323,-14.694591997,500,0.029389184
2020-01-01T09:00:00+00:00,C33-2,320,323,-14.694591997,500,0.029389184
2020-01-01T09:00:00+00:00,C34,321,322,-105.054041969,500,0.210108084
2020-01-01T09:00:00+00:00,C35,323,325,-40.545521048,722,0.056157231
2020-01-01T09:00:00+00:00,C4,302,304,-29.335985887,175,0.167634205
2020-01-01T09:00:00+00:00,C5,302,306,-17.232861187,175,0.098473492
2020-01-01T09:00:00+00:00,C6,303,309,-22.057431082,175,0.126042463
2020-01-01T09:00:00+00:00,C7,303,324,-121.475937552,400,0.303689844
2020-01-01T09:00:00+00:00,C8,304,309,-71.884230114,175,0.410767029
2020-01-01T09:00:00+00:00,C9,305,310,-72.086964932,175,0.411925514
2020-01-01T09:00:00+00:00,CA-1,325,121,-40.545521048,500,0.081091042
2020-01-01T09:00:00+00:00,CB-1,318,223,222.003142048,500,0.444006284
2020-01-01T10:00:00+00:00,A1,101,102,49.696677838,175,0.283981016
2020-01-01T10:00:00+00:00,A10,106,110,18.31286664,175,0.104644952
2020-01-01T10:00:00+00:00,A11,107,108,-19.216426071,175,0.109808149
2020-01-01T10:00:00+00:00,A12-1,108,109,-142.585629435,175,0.814775025
2020-01-01T10:00:00+00:00,A13-2,108,110,-134.65524821,175,0.769458561
2020-01-01T10:00:00+00:00,A14,109,111,-44.308188998,400,0.110770472
2020-01-01T10:00:00+00:00,A15,109,112,-41.217119101,400,0.103042798
2020-01-01T10:00:00+00:00,A16,110,111,-60.310314499,400,0.150775786
2020-01-01T10:00:00+00:00,A17,110,112,-57.173563766,400,0.142933909
2020-01-01T10:00:00+00:00,A18,111,113,-19.014630857,500,0.038029262
2020-01-01T10:00:00+00:00,A19,111,114,-85.60387264,500,0.171207745
2020-01-01T10:00:00+00:00,A2,101,103,27.314536859,175,0.156083068
2020-01-01T10:00:00+00:00,A20,112,113,-24.586284346,500,0.049172569
2020-01-01T10:00:00+00:00,A21,112,123,-73.80439852,500,0.147608797
2020-01-01T10:00:00+00:00,A22,113,123,-68.722816182,500,0.137445632
2020-01-01T10:00:00+00:00,A23,114,116,-164.101398596,500,0.328202797
2020-01-01T10:00:00+00:00,A24,115,116,116.060404629,500,0.232120809
2020-01-01T10:00:00+00:00,A25-1,115,121,-128.542489419,500,0.257084979
2020-01-01T10:00:00+00:00,A25-2,115,121,-128.542489419,500,0.257084979
2020-01-01T10:00:00+00:00,A26,115,124,74.75799829,500,0.149515997
2020-01-01T10:00:00+00:00,A27,116,117,-172.035686923,500,0.344071374
2020-01-01T10:00:00+00:00,A28,116,119,145.53205071,500,0.291064101
2020-01-01T10:00:00+00:00,A29,117,118,-104.561230274,500,0.209122461
2020-01-01T10:00:00+00:00,A3,101,105,106.489131678,175,0.608509324
2020-01-01T10:00:00+00:00,A30,117,122,-67.474456649,500,0.134948913
2020-01-01T10:00:00+00:00,A31-1,118,121,-89.800914476,500,0.179601829
2020-01-01T10:00:00+00:00,A31-2,118,121,-89.800914476,500,0.179601829
2020-01-01T10:00:00+00:00,A32-1,119,120,58.197334122,500,0.116394668
2020-01-01T10:00:00+00:00,A32-2,119,120,58.197334122,500,0.116394668
2020-01-01T10:00:00+00:00,A33-1,120,123,32.301243085,500,0.064602486
2020-01-01T10:00:00+00:00,A33-2,120,123,32.301243085,500,0.064602486
2020-01-01T10:00:00+00:00,A34,121,122,-48.325543351,500,0.096651087
2020-01-01T10:00:00+00:00,A4,102,104,65.372521421,175,0.373557265
2020-01-01T10:00:00+00:00,A5,102,106,73.342060094,175,0.419097486
2020-01-01T10:00:00+00:00,A6,103,109,74.139779106,175,0.423655881
2020-01-01T10:00:00+00:00,A7,103,124,-74.75799829,400,0.186894996
2020-01-01T10:00:00+00:00,A8,104,109,53.730166159,175,0.307029521
2020-01-01T10:00:00+00:00,A9,105,110,77.760655684,175,0.444346604
2020-01-01T10:00:00+00:00,AB1,107,203,-31.361876736,175,0.179210724
2020-01-01T10:00:00+00:00,AB2,113,215,84.995899028,500,0.169991798
2020-01-01T10:00:00+00:00,AB3,123,217,140.893284145,500,0.281786568
2020-01-01T10:00:00+00:00,B1,201,202,1.615593291,175,0.009231962
2020-01-01T10:00:00+00:00,B10,206,210,-42.146965547,175,0.240839803
2020-01-01T10:00:00+00:00,B11,207,208,-51.806233289,175,0.296035619
2020-01-01T10:00:00+00:00,B12-1,208,209,-66.448649488,175,0.379706569
2020-01-01T10:00:00+00:00,B13-2,208,210,-56.228510941,175,0.321305777
2020-01-01T10:00:00+00:00,B14,209,211,-64.384846802,400,0.160962117
2020-01-01T10:00:00+00:00,B15,209,212,-86.4307696,400,0.216076924
2020-01-01T10:00:00+00:00,B16,210,211,-85.114940248,400,0.212787351
2020-01-01T10:00:00+00:00,B17,210,212,-107.486664861,400,0.268716662
2020-01-01T10:00:00+00:00,B18,211,213,-60.094086115,500,0.120188172
2020-01-01T10:00:00+00:00,B19,211,214,-89.405700935,500,0.178811402
2020-01-01T10:00:00+00:00,B2,201,203,-13.693714673,175,0.078249798
2020-01-01T10:00:00+00:00,B20,212,213,-20.356310271,500,0.040712621
2020-01-01T10:00:00+00:00,B21,212,223,-173.56112419,500,0.347122248
2020-01-01T10:00:00+00:00,B22,213,223,-182.279610959,500,0.364559222
2020-01-01T10:00:00+00:00,B23,214,216,-169.808975,500,0.33961795
2020-01-01T10:00:00+00:00,B24,215,216,3.610530406,500,0.007221061
2020-01-01T10:00:00+00:00,B25-1,215,221,-19.293558079,500,0.038587116
2020-01-01T10:00:00+00:00,B25-2,215,221,-19.293558079,500,0.038587116
2020-01-01T10:00:00+00:00,B26,215,224,131.291877158,500,0.262583754
2020-01-01T10:00:00+00:00,B27,216,217,-76.494362504,500,0.152988725
2020-01-01T10:00:00+00:00,B28,216,219,-38.149068722,500,0.076298137
2020-01-01T10:00:00+00:00,B29,217,218,102.823834577,500,0.205647669
2020-01-01T10:00:00+00:00,B3,201,205,16.017535819,175,0.091528776
2020-01-01T10:00:00+00:00,B30,217,222,-38.424912935,500,0.076849826
2020-01-01T10:00:00+00:00,B31-1,218,221,-17.593985453,500,0.035187971
2020-01-01T10:00:00+00:00,B31-2,218,221,-17.593985453,500,0.035187971
2020-01-01T10:00:00+00:00,B32-1,219,220,-56.582247262,500,0.113164495
2020-01-01T10:00:00+00:00,B32-2,219,220,-56.582247262,500,0.113164495
2020-01-01T10:00:00+00:00,B33-1,220,223,-83.107038707,500,0.166214077
2020-01-01T10:00:00+00:00,B33-2,220,223,-83.107038707,500,0.166214077
2020-01-01T10:00:00+00:00,B34,221,222,-73.775087065,500,0.147550174
2020-01-01T10:00:00+00:00,B4,202,204,7.195739986,175,0.041118514
2020-01-01T10:00:00+00:00,B5,202,206,14.218216272,175,0.08124695
2020-01-01T10:00:00+00:00,B6,203,209,11.635309813,175,0.066487485
2020-01-01T10:00:00+00:00,B7,203,224,-131.291877158,400,0.328229693
2020-01-01T10:00:00+00:00,B8,204,209,-23.473550121,175,0.134134572
2020-01-01T10:00:00+00:00,B9,205,210,-13.408404689,175,0.076619455
2020-01-01T10:00:00+00:00,C1,301,302,7.593433459,175,0.043391048
2020-01-01T10:00:00+00:00,C10,306,310,-99.848805806,175,0.570564605
2020-01-01T10:00:00+00:00,C11,307,308,-74.066751009,175,0.423238577
2020-01-01T10:00:00+00:00,C12-1,308,309,-61.031222655,175,0.348749844
2020-01-01T10:00:00+00:00,C13-2,308,310,-49.858843734,175,0.284907678
2020-01-01T10:00:00+00:00,C14,309,311,-111.719411047,400,0.279298528
2020-01-01T10:00:00+00:00,C15,309,312,-131.302463932,400,0.32825616
2020-01-01T10:00:00+00:00,C16,310,311,-134.99185979,400,0.337479649
2020-01-01T10:00:00+00:00,C17,310,312,-154.864317397,400,0.387160793
2020-01-01T10:00:00+00:00,C18,311,313,-224.203909994,500,0.44840782
2020-01-01T10:00:00+00:00,C19,311,314,-22.507360843,500,0.045014722
2020-01-01T10:00:00+00:00,C2,301,303,-37.014624831,175,0.211512142
2020-01-01T10:00:00+00:00,C20,312,313,-188.90545717,500,0.377810914
2020-01-01T10:00:00+00:00,C21,312,323,-31.261324159,500,0.062522648
2020-01-01T10:00:00+00:00,C22,313,323,69.369120698,500,0.138738241
2020-01-01T10:00:00+00:00,C23,314,316,34.341041591,500,0.068682083
2020-01-01T10:00:00+00:00,C24,315,316,-143.993448436,500,0.287986897
2020-01-01T10:00:00+00:00,C25-1,315,321,-24.489539353,500,0.048979079
2020-01-01T10:00:00+00:00,C25-2,315,321,-24.489539353,500,0.048979079
2020-01-01T10:00:00+00:00,C26,315,324,5.139246584,500,0.010278493
2020-01-01T10:00:00+00:00,C27,316,317,-69.852284044,500,0.139704568
2020-01-01T10:00:00+00:00,C28,316,319,-137.053523608,500,0.274107047
2020-01-01T10:00:00+00:00,C29,317,318,269.179735723,500,0.538359471
2020-01-01T10:00:00+00:00,C3,301,305,-34.572481499,175,0.197557037
2020-01-01T10:00:00+00:00,C30,317,322,-37.632019767,500,0.07526404
2020-01-01T10:00:00+00:00,C31-1,318,321,-27.094450763,500,0.054188902
2020-01-01T10:00:00+00:00,C31-2,318,321,-27.094450763,500,0.054188902
2020-01-01T10:00:00+00:00,C32-1,319,320,-52.701089534,500,0.105402179
2020-01-01T10:00:00+00:00,C32-2,319,320,-52.701089534,500,0.105402179
2020-01-01T10:00:00+00:00,C33-1,320,323,-24.873266051,500,0.049746532
2020-01-01T10:00:00+00:00,C33-2,320,323,-24.873266051,500,0.049746532
2020-01-01T10:00:00+00:00,C34,321,322,-103.167980233,500,0.20633596
2020-01-01T10:00:00+00:00,C35,323,325,-11.638735562,722,0.016120132
2020-01-01T10:00:00+00:00,C4,302,304,-30.618184615,175,0.174961055
2020-01-01T10:00:00+00:00,C5,302,306,-19.264180709,175,0.110081033
2020-01-01T10:00:00+00:00,C6,303,309,-31.2314997,175,0.178465713
2020-01-01T10:00:00+00:00,C7,303,324,-112.439246584,400,0.281098116
2020-01-01T10:00:00+00:00,C8,304,309,-74.465701212,175,0.425518293
2020-01-01T10:00:00+00:00,C9,305,310,-76.642396072,175,0.437956549
2020-01-01T10:00:00+00:00,CA-1,325,121,-11.638735562,500,0.023277471
2020-01-01T10:00:00+00:00,CB-1,318,223,126.054812562,500,0.252109625
2020-01-01T11:00:00+00:00,A1,101,102,48.792878992,175,0.278816451
2020-01-01T11:00:00+00:00,A10,106,110,18.634198247,175,0.106481133
2020-01-01T11:00:00+00:00,A11,107,108,-19.569312756,175,0.111824644
2020-01-01T11:00:00+00:00,A12-1,108,109,-141.318452701,175,0.807534015
2020-01-01T11:00:00+00:00,A13-2,108,110,-134.149414829,175,0.766568085
2020-01-01T11:00:00+00:00,A14,109,111,-42.663883738,400,0.106659709
2020-01-01T11:00:00+00:00,A15,109,112,-43.904761134,400,0.109761903
2020-01-01T11:00:00+00:00,A16,110,111,-57.168314215,400,0.142920786
2020-01-01T11:00:00+00:00,A17,110,112,-58.4275297,400,0.146068824
2020-01-01T11:00:00+00:00,A18,111,113,-25.771884483,500,0.051543769
2020-01-01T11:00:00+00:00,A19,111,114,-74.06031347,500,0.148120627
2020-01-01T11:00:00+00:00,A2,101,103,29.303433612,175,0.167448192
2020-01-01T11:00:00+00:00,A20,112,113,-23.535202977,500,0.047070406
2020-01-01T11:00:00+00:00,A21,112,123,-78.797087856,500,0.157594176
2020-01-01T11:00:00+00:00,A22,113,123,-74.869284817,500,0.14973857
2020-01-01T11:00:00+00:00,A23,114,116,-150.925974051,500,0.301851948
2020-01-01T11:00:00+00:00,A24,115,116,80.912942562,500,0.161825885
2020-01-01T11:00:00+00:00,A25-1,115,121,-103.964102495,500,0.207928205
2020-01-01T11:00:00+00:00,A25-2,115,121,-103.964102495,500,0.207928205
2020-01-01T11:00:00+00:00,A26,115,124,63.41518818,500,0.126830376
2020-01-01T11:00:00+00:00,A27,116,117,-120.814481895,500,0.241628964
2020-01-01T11:00:00+00:00,A28,116,119,104.179975879,500,0.208359952
2020-01-01T11:00:00+00:00,A29,117,118,-90.135958678,500,0.180271917
2020-01-01T11:00:00+00:00,A3,101,105,105.312494908,175,0.601785685
2020-01-01T11:00:00+00:00,A30,117,122,-30.678523217,500,0.061357046
2020-01-01T11:00:00+00:00,A31-1,118,121,-79.487734425,500,0.158975469
2020-01-01T11:00:00+00:00,A31-2,118,121,-79.487734425,500,0.158975469
2020-01-01T11:00:00+00:00,A32-1,119,120,39.132553493,500,0.078265107
2020-01-01T11:00:00+00:00,A32-2,119,120,39.132553493,500,0.078265107
2020-01-01T11:00:00+00:00,A33-1,120,123,13.774809796,500,0.02754962
2020-01-01T11:00:00+00:00,A33-2,120,123,13.774809796,500,0.02754962
2020-01-01T11:00:00+00:00,A34,121,122,1.578523217,500,0.003157046
2020-01-01T11:00:00+00:00,A4,102,104,65.307311755,175,0.373184639
2020-01-01T11:00:00+00:00,A5,102,106,72.519403603,175,0.414396592
2020-01-01T11:00:00+00:00,A6,103,109,70.399967645,175,0.402285529
2020-01-01T11:00:00+00:00,A7,103,124,-63.41518818,400,0.15853797
2020-01-01T11:00:00+00:00,A8,104,109,53.687420606,175,0.306785261
2020-01-01T11:00:00+00:00,A9,105,110,77.181247994,175,0.441035703
2020-01-01T11:00:00+00:00,AB1,107,203,-29.957530402,175,0.171185888
2020-01-01T11:00:00+00:00,AB2,113,215,88.165289863,500,0.17633058
2020-01-01T11:00:00+00:00,AB3,123,217,149.914296597,500,0.299828593
2020-01-01T11:00:00+00:00,B1,201,202,1.763151287,175,0.01007515
2020-01-01T11:00:00+00:00,B10,206,210,-41.583562602,175,0.237620358
2020-01-01T11:00:00+00:00,B11,207,208,-51.49142136,175,0.294236693
2020-01-01T11:00:00+00:00,B12-1,208,209,-66.130163237,175,0.377886647
2020-01-01T11:00:00+00:00,B13-2,208,210,-55.801522543,175,0.318865843
2020-01-01T11:00:00+00:00,B14,209,211,-63.804964002,400,0.15951241
2020-01-01T11:00:00+00:00,B15,209,212,-84.601202317,400,0.211503006
2020-01-01T11:00:00+00:00,B16,210,211,-84.736467276,400,0.211841168
2020-01-01T11:00:00+00:00,B17,210,212,-105.840039163,400,0.264600098
2020-01-01T11:00:00+00:00,B18,211,213,-57.662675883,500,0.115325352
2020-01-01T11:00:00+00:00,B19,211,214,-90.878755395,500,0.181757511
2020-01-01T11:00:00+00:00,B2,201,203,-14.134062701,175,0.080766073
2020-01-01T11:00:00+00:00,B20,212,213,-20.17745632,500,0.040354913
2020-01-01T11:00:00+00:00,B21,212,223,-170.263785161,500,0.34052757
2020-01-01T11:00:00+00:00,B22,213,223,-178.701945485,500,0.357403891
2020-01-01T11:00:00+00:00,B23,214,216,-170.793441345,500,0.341586883
2020-01-01T11:00:00+00:00,B24,215,216,7.5513715,500,0.015102743
2020-01-01T11:00:00+00:00,B25-1,215,221,-20.317884929,500,0.04063577
2020-01-01T11:00:00+00:00,B25-2,215,221,-20.317884929,500,0.04063577
2020-01-01T11:00:00+00:00,B26,215,224,131.167443652,500,0.262334887
2020-01-01T11:00:00+00:00,B27,216,217,-83.105380237,500,0.16621076
2020-01-01T11:00:00+00:00,B28,216,219,-28.329826695,500,0.056659653
2020-01-01T11:00:00+00:00,B29,217,218,104.445967174,500,0.208891934
2020-01-01T11:00:00+00:00,B3,201,205,16.382323359,175,0.093613276
2020-01-01T11:00:00+00:00,B30,217,222,-37.637050814,500,0.075274102
2020-01-01T11:00:00+00:00,B31-1,218,221,-16.363589664,500,0.032727179
2020-01-01T11:00:00+00:00,B31-2,218,221,-16.363589664,500,0.032727179
2020-01-01T11:00:00+00:00,B32-1,219,220,-51.444702412,500,0.102889405
2020-01-01T11:00:00+00:00,B32-2,219,220,-51.444702412,500,0.102889405
2020-01-01T11:00:00+00:00,B33-1,220,223,-77.808310148,500,0.15561662
2020-01-01T11:00:00+00:00,B33-2,220,223,-77.808310148,500,0.15561662
2020-01-01T11:00:00+00:00,B34,221,222,-73.362949186,500,0.146725898
2020-01-01T11:00:00+00:00,B4,202,204,7.366704475,175,0.042095454
2020-01-01T11:00:00+00:00,B5,202,206,14.439103837,175,0.082509165
2020-01-01T11:00:00+00:00,B6,203,209,12.928203792,175,0.07387545
2020-01-01T11:00:00+00:00,B7,203,224,-131.167443652,400,0.327918609
2020-01-01T11:00:00+00:00,B8,204,209,-23.11621697,175,0.132092668
2020-01-01T11:00:00+00:00,B9,205,210,-12.864803973,175,0.073513166
2020-01-01T11:00:00+00:00,C1,301,302,7.084530602,175,0.040483032
2020-01-01T11:00:00+00:00,C10,306,310,-100.600881945,175,0.574862183
2020-01-01T11:00:00+00:00,C11,307,308,-75.03559,175,0.4287748
2020-01-01T11:00:00+00:00,C12-1,308,309,-62.239704827,175,0.355655456
2020-01-01T11:00:00+00:00,C13-2,308,310,-48.444572293,175,0.276826127
2020-01-01T11:00:00+00:00,C14,309,311,-95.332330156,400,0.238330825
2020-01-01T11:00:00+00:00,C15,309,312,-121.356053493,400,0.303390134
2020-01-01T11:00:00+00:00,C16,310,311,-123.438307215,400,0.308595768
2020-01-01T11:00:00+00:00,C17,310,312,-149.846617596,400,0.374616544
2020-01-01T11:00:00+00:00,C18,311,313,-234.713779,500,0.469427558
2020-01-01T11:00:00+00:00,C19,311,314,15.943141629,500,0.031886283
2020-01-01T11:00:00+00:00,C2,301,303,-37.651545308,175,0.215151687
2020-01-01T11:00:00+00:00,C20,312,313,-187.806017686,500,0.375612035
2020-01-01T11:00:00+00:00,C21,312,323,-15.796653404,500,0.031593307
2020-01-01T11:00:00+00:00,C22,313,323,86.004752514,500,0.172009505
2020-01-01T11:00:00+00:00,C23,314,316,69.687905949,500,0.139375812
2020-01-01T11:00:00+00:00,C24,315,316,-140.377961136,500,0.280755922
2020-01-01T11:00:00+00:00,C25-1,315,321,-10.671116842,500,0.021342234
2020-01-01T11:00:00+00:00,C25-2,315,321,-10.671116842,500,0.021342234
2020-01-01T11:00:00+00:00,C26,315,324,-28.57006142,500,0.057140123
2020-01-01T11:00:00+00:00,C27,316,317,15.119396386,500,0.030238793
2020-01-01T11:00:00+00:00,C28,316,319,-183.837923573,500,0.367675847
2020-01-01T11:00:00+00:00,C29,317,318,173.13479345,500,0.346269587
2020-01-01T11:00:00+00:00,C3,301,305,-34.263735054,175,0.195792772
2020-01-01T11:00:00+00:00,C30,317,322,-47.315397064,500,0.094630794
2020-01-01T11:00:00+00:00,C31-1,318,321,-36.671184626,500,0.073342369
2020-01-01T11:00:00+00:00,C31-2,318,321,-36.671184626,500,0.073342369
2020-01-01T11:00:00+00:00,C32-1,319,320,-80.444728947,500,0.160889458
2020-01-01T11:00:00+00:00,C32-2,319,320,-80.444728947,500,0.160889458
2020-01-01T11:00:00+00:00,C33-1,320,323,-50.862951027,500,0.101725902
2020-01-01T11:00:00+00:00,C33-2,320,323,-50.862951027,500,0.101725902
2020-01-01T11:00:00+00:00,C34,321,322,-94.684602936,500,0.189369206
2020-01-01T11:00:00+00:00,C35,323,325,-31.517802942,722,0.043653467
2020-01-01T11:00:00+00:00,C4,302,304,-32.180927213,175,0.183891013
2020-01-01T11:00:00+00:00,C5,302,306,-18.962160025,175,0.1083552
2020-01-01T11:00:00+00:00,C6,303,309,-33.696856328,175,0.192553465
2020-01-01T11:00:00+00:00,C7,303,324,-77.12993858,400,0.192824846
2020-01-01T11:00:00+00:00,C8,304,309,-76.601996493,175,0.437725694
2020-01-01T11:00:00+00:00,C9,305,310,-76.883950174,175,0.439336858
2020-01-01T11:00:00+00:00,CA-1,325,121,-31.517802942,500,0.063035606
2020-01-01T11:00:00+00:00,CB-1,318,223,46.582350942,500,0.093164702
2020-01-01T12:00:00+00:00,A1,101,102,48.305787965,175,0.276033074
2020-01-01T12:00:00+00:00,A10,106,110,19.28316536,175,0.110189516
2020-01-01T12:00:00+00:00,A11,107,108,-22.253720267,175,0.127164116
2020-01-01T12:00:00+00:00,A12-1,108,109,-141.322575849,175,0.807557576
2020-01-01T12:00:00+00:00,A13-2,108,110,-134.518539278,175,0.768677367
2020-01-01T12:00:00+00:00,A14,109,111,-41.93965851,400,0.104849146
2020-01-01T12:00:00+00:00,A15,109,112,-44.261937637,400,0.110654844
2020-01-01T12:00:00+00:00,A16,110,111,-55.727014877,400,0.139317537
2020-01-01T12:00:00+00:00,A17,110,112,-58.083613399,400,0.145209033
2020-01-01T12:00:00+00:00,A18,111,113,-25.379323774,500,0.050758648
2020-01-01T12:00:00+00:00,A19,111,114,-72.287349613,500,0.144574699
2020-01-01T12:00:00+00:00,A2,101,103,30.207269447,175,0.172612968
2020-01-01T12:00:00+00:00,A20,112,113,-21.193415649,500,0.042386831
2020-01-01T12:00:00+00:00,A21,112,123,-81.152135387,500,0.162304271
2020-01-01T12:00:00+00:00,A22,113,123,-78.787048062,500,0.157574096
2020-01-01T12:00:00+00:00,A23,114,116,-147.689130916,500,0.295378262
2020-01-01T12:00:00+00:00,A24,115,116,76.54337845,500,0.153086757
2020-01-01T12:00:00+00:00,A25-1,115,121,-94.486663698,500,0.188973327
2020-01-01T12:00:00+00:00,A25-2,115,121,-94.486663698,500,0.188973327
2020-01-01T12:00:00+00:00,A26,115,124,61.723282966,500,0.123446566
2020-01-01T12:00:00+00:00,A27,116,117,-109.620320903,500,0.219240642
2020-01-01T12:00:00+00:00,A28,116,119,92.607670857,500,0.185215342
2020-01-01T12:00:00+00:00,A29,117,118,-81.3558376,500,0.162711675
2020-01-01T12:00:00+00:00,A3,101,105,104.810693203,175,0.598918247
2020-01-01T12:00:00+00:00,A30,117,122,-28.264483303,500,0.056528967
2020-01-01T12:00:00+00:00,A31-1,118,121,-74.691303269,500,0.149382607
2020-01-01T12:00:00+00:00,A31-2,118,121,-74.691303269,500,0.149382607
2020-01-01T12:00:00+00:00,A32-1,119,120,33.77929312,500,0.067558586
2020-01-01T12:00:00+00:00,A32-2,119,120,33.77929312,500,0.067558586
2020-01-01T12:00:00+00:00,A33-1,120,123,8.904478669,500,0.017808957
2020-01-01T12:00:00+00:00,A33-2,120,123,8.904478669,500,0.017808957
2020-01-01T12:00:00+00:00,A34,121,122,1.664483303,500,0.003328967
2020-01-01T12:00:00+00:00,A4,102,104,65.129417902,175,0.372168102
2020-01-01T12:00:00+00:00,A5,102,106,72.142146067,175,0.412240835
2020-01-01T12:00:00+00:00,A6,103,109,68.970136771,175,0.394115067
2020-01-01T12:00:00+00:00,A7,103,124,-61.723282966,400,0.154308207
2020-01-01T12:00:00+00:00,A8,104,109,54.167913694,175,0.309530935
2020-01-01T12:00:00+00:00,A9,105,110,77.215195922,175,0.441229691
2020-01-01T12:00:00+00:00,AB1,107,203,-26.329901707,175,0.150456581
2020-01-01T12:00:00+00:00,AB2,113,215,95.717030055,500,0.19143406
2020-01-01T12:00:00+00:00,AB3,123,217,160.86977389,500,0.321739548
2020-01-01T12:00:00+00:00,B1,201,202,2.519269809,175,0.014395827
2020-01-01T12:00:00+00:00,B10,206,210,-41.138769638,175,0.235078684
2020-01-01T12:00:00+00:00,B11,207,208,-51.530772851,175,0.294461559
2020-01-01T12:00:00+00:00,B12-1,208,209,-66.383433283,175,0.379333904
2020-01-01T12:00:00+00:00,B13-2,208,210,-55.641436828,175,0.317951068
2020-01-01T12:00:00+00:00,B14,209,211,-63.271539611,400,0.158178849
2020-01-01T12:00:00+00:00,B15,209,212,-82.285146835,400,0.205712867
2020-01-01T12:00:00+00:00,B16,210,211,-84.995109338,400,0.212487773
2020-01-01T12:00:00+00:00,B17,210,212,-104.289705831,400,0.260724265
2020-01-01T12:00:00+00:00,B18,211,213,-54.045564993,500,0.10809113
2020-01-01T12:00:00+00:00,B19,211,214,-94.221083956,500,0.188442168
2020-01-01T12:00:00+00:00,B2,201,203,-15.494733475,175,0.088541334
2020-01-01T12:00:00+00:00,B20,212,213,-19.773537972,500,0.039547076
2020-01-01T12:00:00+00:00,B21,212,223,-166.801314694,500,0.333602629
2020-01-01T12:00:00+00:00,B22,213,223,-175.06434141,500,0.350128683
2020-01-01T12:00:00+00:00,B23,214,216,-174.196843421,500,0.348393687
2020-01-01T12:00:00+00:00,B24,215,216,16.716303259,500,0.033432607
2020-01-01T12:00:00+00:00,B25-1,215,221,-21.490814372,500,0.042981629
2020-01-01T12:00:00+00:00,B25-2,215,221,-21.490814372,500,0.042981629
2020-01-01T12:00:00+00:00,B26,215,224,131.900315589,500,0.263800631
2020-01-01T12:00:00+00:00,B27,216,217,-92.810166272,500,0.185620333
2020-01-01T12:00:00+00:00,B28,216,219,-12.894992171,500,0.025789984
2020-01-01T12:00:00+00:00,B29,217,218,105.942629216,500,0.211885258
2020-01-01T12:00:00+00:00,B3,201,205,17.152875923,175,0.098016434
2020-01-01T12:00:00+00:00,B30,217,222,-37.883021598,500,0.075766043
2020-01-01T12:00:00+00:00,B31-1,218,221,-15.667674829,500,0.03133535
2020-01-01T12:00:00+00:00,B31-2,218,221,-15.667674829,500,0.03133535
2020-01-01T12:00:00+00:00,B32-1,219,220,-43.75577563,500,0.087511551
2020-01-01T12:00:00+00:00,B32-2,219,220,-43.75577563,500,0.087511551
2020-01-01T12:00:00+00:00,B33-1,220,223,-70.139531329,500,0.140279063
2020-01-01T12:00:00+00:00,B33-2,220,223,-70.139531329,500,0.140279063
2020-01-01T12:00:00+00:00,B34,221,222,-74.316978402,500,0.148633957
2020-01-01T12:00:00+00:00,B4,202,204,7.604678853,175,0.043455308
2020-01-01T12:00:00+00:00,B5,202,206,14.926711224,175,0.085295493
2020-01-01T12:00:00+00:00,B6,203,209,15.871367502,175,0.090693529
2020-01-01T12:00:00+00:00,B7,203,224,-131.900315589,400,0.329750789
2020-01-01T12:00:00+00:00,B8,204,209,-22.901538675,175,0.130865935
2020-01-01T12:00:00+00:00,B9,205,210,-12.116603056,175,0.069237732
2020-01-01T12:00:00+00:00,C1,301,302,13.714601401,175,0.078369151
2020-01-01T12:00:00+00:00,C10,306,310,-96.319017691,175,0.550394387
2020-01-01T12:00:00+00:00,C11,307,308,-74.481967719,175,0.425611244
2020-01-01T12:00:00+00:00,C12-1,308,309,-62.847125596,175,0.359126432
2020-01-01T12:00:00+00:00,C13-2,308,310,-48.126173963,175,0.275006708
2020-01-01T12:00:00+00:00,C14,309,311,-98.930012935,400,0.247325032
2020-01-01T12:00:00+00:00,C15,309,312,-125.2617123,400,0.313154281
2020-01-01T12:00:00+00:00,C16,310,311,-128.880855484,400,0.322202139
2020-01-01T12:00:00+00:00,C17,310,312,-155.601693263,400,0.389004233
2020-01-01T12:00:00+00:00,C18,311,313,-235.059204558,500,0.470118409
2020-01-01T12:00:00+00:00,C19,311,314,7.248336138,500,0.014496672
2020-01-01T12:00:00+00:00,C2,301,303,-49.773291724,175,0.28441881
2020-01-01T12:00:00+00:00,C20,312,313,-187.596316453,500,0.375192633
2020-01-01T12:00:00+00:00,C21,312,323,-27.767089111,500,0.055534178
2020-01-01T12:00:00+00:00,C22,313,323,72.542707425,500,0.145085415
2020-01-01T12:00:00+00:00,C23,314,316,59.552322238,500,0.119104644
2020-01-01T12:00:00+00:00,C24,315,316,-129.27699593,500,0.258553992
2020-01-01T12:00:00+00:00,C25-1,315,321,-9.53042412,500,0.019060848
2020-01-01T12:00:00+00:00,C25-2,315,321,-9.53042412,500,0.019060848
2020-01-01T12:00:00+00:00,C26,315,324,-40.548425966,500,0.081096852
2020-01-01T12:00:00+00:00,C27,316,317,22.325529007,500,0.044651058
2020-01-01T12:00:00+00:00,C28,316,319,-189.635776875,500,0.379271554
2020-01-01T12:00:00+00:00,C29,317,318,149.762786841,500,0.299525574
2020-01-01T12:00:00+00:00,C3,301,305,-28.293729787,175,0.161678456
2020-01-01T12:00:00+00:00,C30,317,322,-48.537257834,500,0.097074516
2020-01-01T12:00:00+00:00,C31-1,318,321,-36.400946963,500,0.072801894
2020-01-01T12:00:00+00:00,C31-2,318,321,-36.400946963,500,0.072801894
2020-01-01T12:00:00+00:00,C32-1,319,320,-81.892833066,500,0.163785666
2020-01-01T12:00:00+00:00,C32-2,319,320,-81.892833066,500,0.163785666
2020-01-01T12:00:00+00:00,C33-1,320,323,-52.377600538,500,0.104755201
2020-01-01T12:00:00+00:00,C33-2,320,323,-52.377600538,500,0.104755201
2020-01-01T12:00:00+00:00,C34,321,322,-91.862742166,500,0.183725484
2020-01-01T12:00:00+00:00,C35,323,325,-59.979582762,722,0.083074214
2020-01-01T12:00:00+00:00,C4,302,304,-28.800768737,175,0.164575821
2020-01-01T12:00:00+00:00,C5,302,306,-15.282636813,175,0.087329353
2020-01-01T12:00:00+00:00,C6,303,309,-4.575751205,175,0.02614715
2020-01-01T12:00:00+00:00,C7,303,324,-60.951574034,400,0.152378935
2020-01-01T12:00:00+00:00,C8,304,309,-72.894093626,175,0.416537678
2020-01-01T12:00:00+00:00,C9,305,310,-70.599487451,175,0.403425643
2020-01-01T12:00:00+00:00,CA-1,325,121,-59.979582762,500,0.119959166
2020-01-01T12:00:00+00:00,CB-1,318,223,24.144718762,500,0.048289438
2020-01-01T13:00:00+00:00,A1,101,102,30.705950363,175,0.175462574
2020-01-01T13:00:00+00:00,A10,106,110,25.21816615,175,0.144103807
2020-01-01T13:00:00+00:00,A11,107,108,-23.265714106,175,0.132946938
2020-01-01T13:00:00+00:00,A12-1,108,109,-138.184813214,175,0.789627504
2020-01-01T13:00:00+00:00,A13-2,108,110,-133.364166165,175,0.76208095
2020-01-01T13:00:00+00:00,A14,109,111,-37.659767244,400,0.094149418
2020-01-01T13:00:00+00:00,A15,109,112,-41.59572538,400,0.103989313
2020-01-01T13:00:00+00:00,A16,110,111,-47.545505806,400,0.118863765
2020-01-01T13:00:00+00:00,A17,110,112,-51.539630811,400,0.128849077
2020-01-01T13:00:00+00:00,A18,111,113,-24.832916512,500,0.049665833
2020-01-01T13:00:00+00:00,A19,111,114,-60.372356538,500,0.120744713
2020-01-01T13:00:00+00:00,A2,101,103,39.67529416,175,0.226715967
2020-01-01T13:00:00+00:00,A20,112,113,-17.738351972,500,0.035476704
2020-01-01T13:00:00+00:00,A21,112,123,-75.397004218,500,0.150794008
2020-01-01T13:00:00+00:00,A22,113,123,-74.276649592,500,0.148553299
2020-01-01T13:00:00+00:00,A23,114,116,-134.838214997,500,0.26967643
2020-01-01T13:00:00+00:00,A24,115,116,71.2028939,500,0.142405788
2020-01-01T13:00:00+00:00,A25-1,115,121,-76.509848381,500,0.153019697
2020-01-01T13:00:00+00:00,A25-2,115,121,-76.509848381,500,0.153019697
2020-01-01T13:00:00+00:00,A26,115,124,53.138054763,500,0.10627611
2020-01-01T13:00:00+00:00,A27,116,117,-88.717017902,500,0.177434036
2020-01-01T13:00:00+00:00,A28,116,119,79.697233683,500,0.159394467
2020-01-01T13:00:00+00:00,A29,117,118,-63.045403443,500,0.126090807
2020-01-01T13:00:00+00:00,A3,101,105,111.163535304,175,0.635220202
2020-01-01T13:00:00+00:00,A30,117,122,-25.67161446,500,0.051343229
2020-01-01T13:00:00+00:00,A31-1,118,121,-68.082832821,500,0.136165666
2020-01-01T13:00:00+00:00,A31-2,118,121,-68.082832821,500,0.136165666
2020-01-01T13:00:00+00:00,A32-1,119,120,24.910677716,500,0.049821355
2020-01-01T13:00:00+00:00,A32-2,119,120,24.910677716,500,0.049821355
2020-01-01T13:00:00+00:00,A33-1,120,123,0.344621317,500,0.000689243
2020-01-01T13:00:00+00:00,A33-2,120,123,0.344621317,500,0.000689243
2020-01-01T13:00:00+00:00,A34,121,122,-0.62838554,500,0.001256771
2020-01-01T13:00:00+00:00,A4,102,104,72.385318465,175,0.413630391
2020-01-01T13:00:00+00:00,A5,102,106,77.421035997,175,0.44240592
2020-01-01T13:00:00+00:00,A6,103,109,64.421315302,175,0.368121802
2020-01-01T13:00:00+00:00,A7,103,124,-53.138054763,400,0.132845137
2020-01-01T13:00:00+00:00,A8,104,109,61.680815754,175,0.352461804
2020-01-01T13:00:00+00:00,A9,105,110,83.910566487,175,0.479488951
2020-01-01T13:00:00+00:00,AB1,107,203,-24.714864797,175,0.141227799
2020-01-01T13:00:00+00:00,AB2,113,215,93.286553832,500,0.186573108
2020-01-01T13:00:00+00:00,AB3,123,217,154.015588823,500,0.308031178
2020-01-01T13:00:00+00:00,B1,201,202,2.38634031,175,0.01363623
2020-01-01T13:00:00+00:00,B10,206,210,-40.431516958,175,0.23103724
2020-01-01T13:00:00+00:00,B11,207,208,-50.960176316,175,0.291201008
2020-01-01T13:00:00+00:00,B12-1,208,209,-65.626033202,175,0.375005904
2020-01-01T13:00:00+00:00,B13-2,208,210,-55.047664313,175,0.314558082
2020-01-01T13:00:00+00:00,B14,209,211,-62.166781423,400,0.155416954
2020-01-01T13:00:00+00:00,B15,209,212,-81.368152504,400,0.203420381
2020-01-01T13:00:00+00:00,B16,210,211,-83.557363305,400,0.208893408
2020-01-01T13:00:00+00:00,B17,210,212,-103.042498491,400,0.257606246
2020-01-01T13:00:00+00:00,B18,211,213,-53.77262566,500,0.107545251
2020-01-01T13:00:00+00:00,B19,211,214,-91.951519067,500,0.183903038
2020-01-01T13:00:00+00:00,B2,201,203,-15.038507322,175,0.085934328
2020-01-01T13:00:00+00:00,B20,212,213,-19.162154286,500,0.038324309
2020-01-01T13:00:00+00:00,B21,212,223,-165.248496709,500,0.330496993
2020-01-01T13:00:00+00:00,B22,213,223,-173.670353736,500,0.347340707
2020-01-01T13:00:00+00:00,B23,214,216,-171.04171271,500,0.342083425
2020-01-01T13:00:00+00:00,B24,215,216,14.09602295,500,0.028192046
2020-01-01T13:00:00+00:00,B25-1,215,221,-20.978092075,500,0.041956184
2020-01-01T13:00:00+00:00,B25-2,215,221,-20.978092075,500,0.041956184
2020-01-01T13:00:00+00:00,B26,215,224,128.911707895,500,0.257823416
2020-01-01T13:00:00+00:00,B27,216,217,-88.501494968,500,0.17700299
2020-01-01T13:00:00+00:00,B28,216,219,-16.212335844,500,0.032424672
2020-01-01T13:00:00+00:00,B29,217,218,103.641955315,500,0.207283911
2020-01-01T13:00:00+00:00,B3,201,205,17.322574675,175,0.098986141
2020-01-01T13:00:00+00:00,B30,217,222,-38.12786146,500,0.076255723
2020-01-01T13:00:00+00:00,B31-1,218,221,-16.057977195,500,0.032115954
2020-01-01T13:00:00+00:00,B31-2,218,221,-16.057977195,500,0.032115954
2020-01-01T13:00:00+00:00,B32-1,219,220,-45.001335574,500,0.090002671
2020-01-01T13:00:00+00:00,B32-2,219,220,-45.001335574,500,0.090002671
2020-01-01T13:00:00+00:00,B33-1,220,223,-71.092945848,500,0.142185892
2020-01-01T13:00:00+00:00,B33-2,220,223,-71.092945848,500,0.142185892
2020-01-01T13:00:00+00:00,B34,221,222,-74.07213854,500,0.148144277
2020-01-01T13:00:00+00:00,B4,202,204,7.828088615,175,0.044731935
2020-01-01T13:00:00+00:00,B5,202,206,15.013154874,175,0.085789456
2020-01-01T13:00:00+00:00,B6,203,209,15.775681881,175,0.090146754
2020-01-01T13:00:00+00:00,B7,203,224,-128.911707895,400,0.32227927
2020-01-01T13:00:00+00:00,B8,204,209,-22.340335764,175,0.127659062
2020-01-01T13:00:00+00:00,B9,205,210,-11.622805473,175,0.066416031
2020-01-01T13:00:00+00:00,C1,301,302,16.969031838,175,0.096965896
2020-01-01T13:00:00+00:00,C10,306,310,-95.427647513,175,0.545300843
2020-01-01T13:00:00+00:00,C11,307,308,-74.679689956,175,0.426741085
2020-01-01T13:00:00+00:00,C12-1,308,309,-65.63050907,175,0.37503148
2020-01-01T13:00:00+00:00,C13-2,308,310,-52.010996746,175,0.297205696
2020-01-01T13:00:00+00:00,C14,309,311,-102.5334759,400,0.25633369
2020-01-01T13:00:00+00:00,C15,309,312,-128.112405654,400,0.320281014
2020-01-01T13:00:00+00:00,C16,310,311,-130.406003616,400,0.326015009
2020-01-01T13:00:00+00:00,C17,310,312,-156.36294711,400,0.390907368
2020-01-01T13:00:00+00:00,C18,311,313,-219.680514254,500,0.439361029
2020-01-01T13:00:00+00:00,C19,311,314,-13.258965262,500,0.026517931
2020-01-01T13:00:00+00:00,C2,301,303,-55.061357721,175,0.31463633
2020-01-01T13:00:00+00:00,C20,312,313,-173.574493373,500,0.347148987
2020-01-01T13:00:00+00:00,C21,312,323,-48.200859391,500,0.096401719
2020-01-01T13:00:00+00:00,C22,313,323,42.024049667,500,0.084048099
2020-01-01T13:00:00+00:00,C23,314,316,31.738155926,500,0.063476312
2020-01-01T13:00:00+00:00,C24,315,316,-128.338677283,500,0.256677355
2020-01-01T13:00:00+00:00,C25-1,315,321,-15.750980169,500,0.03150196
2020-01-01T13:00:00+00:00,C25-2,315,321,-15.750980169,500,0.03150196
2020-01-01T13:00:00+00:00,C26,315,324,-29.547056107,500,0.059094112
2020-01-01T13:00:00+00:00,C27,316,317,-1.946603477,500,0.003893207
2020-01-01T13:00:00+00:00,C28,316,319,-173.75801984,500,0.34751604
2020-01-01T13:00:00+00:00,C29,317,318,131.157031345,500,0.262314063
2020-01-01T13:00:00+00:00,C3,301,305,-26.430926239,175,0.151033864
2020-01-01T13:00:00+00:00,C30,317,322,-25.203634821,500,0.05040727
2020-01-01T13:00:00+00:00,C31-1,318,321,-14.44720242,500,0.028894405
2020-01-01T13:00:00+00:00,C31-2,318,321,-14.44720242,500,0.028894405
2020-01-01T13:00:00+00:00,C32-1,319,320,-76.247105448,500,0.152494211
2020-01-01T13:00:00+00:00,C32-2,319,320,-76.247105448,500,0.152494211
2020-01-01T13:00:00+00:00,C33-1,320,323,-52.633106706,500,0.105266213
2020-01-01T13:00:00+00:00,C33-2,320,323,-52.633106706,500,0.105266213
2020-01-01T13:00:00+00:00,C34,321,322,-60.396365179,500,0.12079273
2020-01-01T13:00:00+00:00,C35,323,325,-111.443023136,722,0.154353218
2020-01-01T13:00:00+00:00,C4,302,304,-26.806262727,175,0.153178644
2020-01-01T13:00:00+00:00,C5,302,306,-14.176144841,175,0.081006542
2020-01-01T13:00:00+00:00,C6,303,309,8.952832636,175,0.051159044
2020-01-01T13:00:00+00:00,C7,303,324,-68.552943893,400,0.17138236
2020-01-01T13:00:00+00:00,C8,304,309,-71.016639181,175,0.405809367
2020-01-01T13:00:00+00:00,C9,305,310,-68.848990134,175,0.393422801
2020-01-01T13:00:00+00:00,CA-1,325,121,-111.443023136,500,0.222886046
2020-01-01T13:00:00+00:00,CB-1,318,223,-38.895257859,500,0.077790516
2020-01-01T14:00:00+00:00,A1,101,102,27.433386508,175,0.156762209
2020-01-01T14:00:00+00:00,A10,106,110,21.309263702,175,0.121767221
2020-01-01T14:00:00+00:00,A11,107,108,-14.604844267,175,0.083456253
2020-01-01T14:00:00+00:00,A12-1,108,109,-132.474517399,175,0.756997242
2020-01-01T14:00:00+00:00,A13-2,108,110,-128.720340061,175,0.7355448
2020-01-01T14:00:00+00:00,A14,109,111,-39.692312601,400,0.099230782
2020-01-01T14:00:00+00:00,A15,109,112,-48.627616802,400,0.121569042
2020-01-01T14:00:00+00:00,A16,110,111,-47.544195955,400,0.11886049
2020-01-01T14:00:00+00:00,A17,110,112,-56.611548987,400,0.141528872
2020-01-01T14:00:00+00:00,A18,111,113,-35.557639211,500,0.071115278
2020-01-01T14:00:00+00:00,A19,111,114,-51.678869345,500,0.103357739
2020-01-01T14:00:00+00:00,A2,101,103,41.186146007,175,0.235349406
2020-01-01T14:00:00+00:00,A20,112,113,-19.451753388,500,0.038903507
2020-01-01T14:00:00+00:00,A21,112,123,-85.787412401,500,0.171574825
2020-01-01T14:00:00+00:00,A22,113,123,-84.916032646,500,0.169832065
2020-01-01T14:00:00+00:00,A23,114,116,-125.712763455,500,0.251425527
2020-01-01T14:00:00+00:00,A24,115,116,30.853412121,500,0.061706824
2020-01-01T14:00:00+00:00,A25-1,115,121,-55.334215313,500,0.110668431
2020-01-01T14:00:00+00:00,A25-2,115,121,-55.334215313,500,0.110668431
2020-01-01T14:00:00+00:00,A26,115,124,51.842109056,500,0.103684218
2020-01-01T14:00:00+00:00,A27,116,117,-50.820797834,500,0.101641596
2020-01-01T14:00:00+00:00,A28,116,119,41.799645413,500,0.083599291
2020-01-01T14:00:00+00:00,A29,117,118,-29.848868281,500,0.059697737
2020-01-01T14:00:00+00:00,A3,101,105,104.765722311,175,0.59866127
2020-01-01T14:00:00+00:00,A30,117,122,-20.971929553,500,0.041943859
2020-01-01T14:00:00+00:00,A31-1,118,121,-57.563832952,500,0.115127666
2020-01-01T14:00:00+00:00,A31-2,118,121,-57.563832952,500,0.115127666
2020-01-01T14:00:00+00:00,A32-1,119,120,1.113392722,500,0.002226785
2020-01-01T14:00:00+00:00,A32-2,119,120,1.113392722,500,0.002226785
2020-01-01T14:00:00+00:00,A33-1,120,123,-23.310159974,500,0.04662032
2020-01-01T14:00:00+00:00,A33-2,120,123,-23.310159974,500,0.04662032
2020-01-01T14:00:00+00:00,A34,121,122,-4.228070447,500,0.008456141
2020-01-01T14:00:00+00:00,A4,102,104,69.4404596,175,0.396802626
2020-01-01T14:00:00+00:00,A5,102,106,73.209313181,175,0.418338932
2020-01-01T14:00:00+00:00,A6,103,109,54.037013105,175,0.308782932
2020-01-01T14:00:00+00:00,A7,103,124,-51.842109056,400,0.129605273
2020-01-01T14:00:00+00:00,A8,104,109,56.900726795,175,0.32514701
2020-01-01T14:00:00+00:00,A9,105,110,77.670843538,175,0.443833392
2020-01-01T14:00:00+00:00,AB1,107,203,-33.097407093,175,0.189128041
2020-01-01T14:00:00+00:00,AB2,113,215,83.877867165,500,0.167755734
2020-01-01T14:00:00+00:00,AB3,123,217,155.676235005,500,0.31135247
2020-01-01T14:00:00+00:00,B1,201,202,-30.157587167,175,0.17232907
2020-01-01T14:00:00+00:00,B10,206,210,-27.426503252,175,0.156722876
2020-01-01T14:00:00+00:00,B11,207,208,-50.76341886,175,0.290076679
2020-01-01T14:00:00+00:00,B12-1,208,209,-63.896519226,175,0.365122967
2020-01-01T14:00:00+00:00,B13-2,208,210,-56.311256633,175,0.321778609
2020-01-01T14:00:00+00:00,B14,209,211,-55.102415791,400,0.137756039
2020-01-01T14:00:00+00:00,B15,209,212,-72.009117031,400,0.180022793
2020-01-01T14:00:00+00:00,B16,210,211,-70.596168685,400,0.176490422
2020-01-01T14:00:00+00:00,B17,210,212,-87.752722652,400,0.219381807
2020-01-01T14:00:00+00:00,B18,211,213,-42.837736048,500,0.085675472
2020-01-01T14:00:00+00:00,B19,211,214,-82.860848428,500,0.165721697
2020-01-01T14:00:00+00:00,B2,201,203,1.584569392,175,0.009054682
2020-01-01T14:00:00+00:00,B20,212,213,-12.363407063,500,0.024726814
2020-01-01T14:00:00+00:00,B21,212,223,-147.39843262,500,0.294796865
2020-01-01T14:00:00+00:00,B22,213,223,-157.519591094,500,0.315039182
2020-01-01T14:00:00+00:00,B23,214,216,-161.645674498,500,0.323291349
2020-01-01T14:00:00+00:00,B24,215,216,8.420797069,500,0.016841594
2020-01-01T14:00:00+00:00,B25-1,215,221,-22.058800553,500,0.044117601
2020-01-01T14:00:00+00:00,B25-2,215,221,-22.058800553,500,0.044117601
2020-01-01T14:00:00+00:00,B26,215,224,118.538640974,500,0.237077282
2020-01-01T14:00:00+00:00,B27,216,217,-88.524886056,500,0.177049772
2020-01-01T14:00:00+00:00,B28,216,219,1.987077217,500,0.003974154
2020-01-01T14:00:00+00:00,B29,217,218,105.02411045,500,0.210048221
2020-01-01T14:00:00+00:00,B3,201,205,33.413423881,175,0.190933851
2020-01-01T14:00:00+00:00,B30,217,222,-37.872761502,500,0.075745523
2020-01-01T14:00:00+00:00,B31-1,218,221,-15.104818696,500,0.030209637
2020-01-01T14:00:00+00:00,B31-2,218,221,-15.104818696,500,0.030209637
2020-01-01T14:00:00+00:00,B32-1,219,220,-35.759176646,500,0.071518353
2020-01-01T14:00:00+00:00,B32-2,219,220,-35.759176646,500,0.071518353
2020-01-01T14:00:00+00:00,B33-1,220,223,-61.750047102,500,0.123500094
2020-01-01T14:00:00+00:00,B33-2,220,223,-61.750047102,500,0.123500094
2020-01-01T14:00:00+00:00,B34,221,222,-74.327238498,500,0.148654477
2020-01-01T14:00:00+00:00,B4,202,204,23.979236658,175,0.137024209
2020-01-01T14:00:00+00:00,B5,202,206,27.804096468,175,0.158880551
2020-01-01T14:00:00+00:00,B6,203,209,13.926480115,175,0.079579886
2020-01-01T14:00:00+00:00,B7,203,224,-118.538640974,400,0.296346602
2020-01-01T14:00:00+00:00,B8,204,209,-6.072707307,175,0.034701185
2020-01-01T14:00:00+00:00,B9,205,210,4.579801969,175,0.026170297
2020-01-01T14:00:00+00:00,C1,301,302,15.326291205,175,0.087578807
2020-01-01T14:00:00+00:00,C10,306,310,-96.515719425,175,0.551518397
2020-01-01T14:00:00+00:00,C11,307,308,-73.869028772,175,0.422108736
2020-01-01T14:00:00+00:00,C12-1,308,309,-68.102607073,175,0.389157755
2020-01-01T14:00:00+00:00,C13-2,308,310,-58.819253059,175,0.336110017
2020-01-01T14:00:00+00:00,C14,309,311,-109.328465227,400,0.273321163
2020-01-01T14:00:00+00:00,C15,309,312,-130.098302615,400,0.325245757
2020-01-01T14:00:00+00:00,C16,310,311,-128.909831385,400,0.322274578
2020-01-01T14:00:00+00:00,C17,310,312,-149.986612183,400,0.37496653
2020-01-01T14:00:00+00:00,C18,311,313,-182.375748175,500,0.364751496
2020-01-01T14:00:00+00:00,C19,311,314,-55.862548437,500,0.111725097
2020-01-01T14:00:00+00:00,C2,301,303,-49.780954207,175,0.284462595
2020-01-01T14:00:00+00:00,C20,312,313,-144.938116282,500,0.289876233
2020-01-01T14:00:00+00:00,C21,312,323,-80.346798516,500,0.160693597
2020-01-01T14:00:00+00:00,C22,313,323,-9.616205454,500,0.019232411
2020-01-01T14:00:00+00:00,C23,314,316,-23.107281091,500,0.046214562
2020-01-01T14:00:00+00:00,C24,315,316,-89.348968162,500,0.178697936
2020-01-01T14:00:00+00:00,C25-1,315,321,-62.254023993,500,0.124508048
2020-01-01T14:00:00+00:00,C25-2,315,321,-62.254023993,500,0.124508048
2020-01-01T14:00:00+00:00,C26,315,324,26.525159184,500,0.053050318
2020-01-01T14:00:00+00:00,C27,316,317,-30.186741447,500,0.060373483
2020-01-01T14:00:00+00:00,C28,316,319,-117.364730825,500,0.234729462
2020-01-01T14:00:00+00:00,C29,317,318,23.000307336,500,0.046000615
2020-01-01T14:00:00+00:00,C3,301,305,-29.368177857,175,0.167818159
2020-01-01T14:00:00+00:00,C30,317,322,-30.887048782,500,0.061774098
2020-01-01T14:00:00+00:00,C31-1,318,321,-41.102451616,500,0.082204903
2020-01-01T14:00:00+00:00,C31-2,318,321,-41.102451616,500,0.082204903
2020-01-01T14:00:00+00:00,C32-1,319,320,-55.213542243,500,0.110427084
2020-01-01T14:00:00+00:00,C32-2,319,320,-55.213542243,500,0.110427084
2020-01-01T14:00:00+00:00,C33-1,320,323,-44.234484974,500,0.08846897
2020-01-01T14:00:00+00:00,C33-2,320,323,-44.234484974,500,0.08846897
2020-01-01T14:00:00+00:00,C34,321,322,-36.712951218,500,0.073425902
2020-01-01T14:00:00+00:00,C35,323,325,-178.431973918,722,0.247135698
2020-01-01T14:00:00+00:00,C4,302,304,-25.849859001,175,0.14771348
2020-01-01T14:00:00+00:00,C5,302,306,-16.146216121,175,0.092264092
2020-01-01T14:00:00+00:00,C6,303,309,1.672803545,175,0.009558877
2020-01-01T14:00:00+00:00,C7,303,324,-118.125159184,400,0.295312898
2020-01-01T14:00:00+00:00,C8,304,309,-69.580324034,175,0.397601852
2020-01-01T14:00:00+00:00,C9,305,310,-71.325786199,175,0.407575921
2020-01-01T14:00:00+00:00,CA-1,325,121,-178.431973918,500,0.356863948
2020-01-01T14:00:00+00:00,CB-1,318,223,-91.581882082,500,0.183163764
2020-01-01T15:00:00+00:00,A1,101,102,5.333612848,175,0.030477788
2020-01-01T15:00:00+00:00,A10,106,110,18.020458773,175,0.10297405
2020-01-01T15:00:00+00:00,A11,107,108,-0.885137809,175,0.00505793
2020-01-01T15:00:00+00:00,A12-1,108,109,-126.492086122,175,0.722811921
2020-01-01T15:00:00+00:00,A13-2,108,110,-125.132413406,175,0.715042362
2020-01-01T15:00:00+00:00,A14,109,111,-43.265068219,400,0.108162671
2020-01-01T15:00:00+00:00,A15,109,112,-60.500921635,400,0.151252304
2020-01-01T15:00:00+00:00,A16,110,111,-46.535769416,400,0.116339424
2020-01-01T15:00:00+00:00,A17,110,112,-64.026339878,400,0.16006585
2020-01-01T15:00:00+00:00,A18,111,113,-60.997099015,500,0.121994198
2020-01-01T15:00:00+00:00,A19,111,114,-28.803738619,500,0.057607477
2020-01-01T15:00:00+00:00,A2,101,103,47.08249922,175,0.269042853
2020-01-01T15:00:00+00:00,A20,112,113,-29.929473232,500,0.059858946
2020-01-01T15:00:00+00:00,A21,112,123,-94.597788282,500,0.189195577
2020-01-01T15:00:00+00:00,A22,113,123,-88.958284462,500,0.177916569
2020-01-01T15:00:00+00:00,A23,114,116,-103.10161098,500,0.206203222
2020-01-01T15:00:00+00:00,A24,115,116,-8.353575159,500,0.01670715
2020-01-01T15:00:00+00:00,A25-1,115,121,-17.906519065,500,0.035813038
2020-01-01T15:00:00+00:00,A25-2,115,121,-17.906519065,500,0.035813038
2020-01-01T15:00:00+00:00,A26,115,124,46.762357936,500,0.093524716
2020-01-01T15:00:00+00:00,A27,116,117,-5.063210882,500,0.010126422
2020-01-01T15:00:00+00:00,A28,116,119,-20.689847608,500,0.041379695
2020-01-01T15:00:00+00:00,A29,117,118,29.557397057,500,0.059114794
2020-01-01T15:00:00+00:00,A3,101,105,98.422185793,175,0.56241249
2020-01-01T15:00:00+00:00,A30,117,122,-34.620607939,500,0.069241216
2020-01-01T15:00:00+00:00,A31-1,118,121,-39.137258936,500,0.078274518
2020-01-01T15:00:00+00:00,A31-2,118,121,-39.137258936,500,0.078274518
2020-01-01T15:00:00+00:00,A32-1,119,120,-38.054498281,500,0.076108997
2020-01-01T15:00:00+00:00,A32-2,119,120,-38.054498281,500,0.076108997
2020-01-01T15:00:00+00:00,A33-1,120,123,-62.565136586,500,0.125130273
2020-01-01T15:00:00+00:00,A33-2,120,123,-62.565136586,500,0.125130273
2020-01-01T15:00:00+00:00,A34,121,122,-44.579392061,500,0.089158784
2020-01-01T15:00:00+00:00,A4,102,104,70.179111497,175,0.401023494
2020-01-01T15:00:00+00:00,A5,102,106,70.10556517,175,0.40060323
2020-01-01T15:00:00+00:00,A6,103,109,37.608686925,175,0.214906782
2020-01-01T15:00:00+00:00,A7,103,124,-46.762357936,400,0.116905895
2020-01-01T15:00:00+00:00,A8,104,109,52.138685957,175,0.297935348
2020-01-01T15:00:00+00:00,A9,105,110,71.230696424,175,0.407032551
2020-01-01T15:00:00+00:00,AB1,107,203,-46.98720263,175,0.268498301
2020-01-01T15:00:00+00:00,AB2,113,215,27.942350485,500,0.055884701
2020-01-01T15:00:00+00:00,AB3,123,217,95.313654084,500,0.190627308
2020-01-01T15:00:00+00:00,B1,201,202,-23.40275696,175,0.13373004
2020-01-01T15:00:00+00:00,B10,206,210,-24.659611804,175,0.140912067
2020-01-01T15:00:00+00:00,B11,207,208,-50.960176316,175,0.291201008
2020-01-01T15:00:00+00:00,B12-1,208,209,-63.877195521,175,0.365012546
2020-01-01T15:00:00+00:00,B13-2,208,210,-56.796501995,175,0.32455144
2020-01-01T15:00:00+00:00,B14,209,211,-56.005832195,400,0.14001458
2020-01-01T15:00:00+00:00,B15,209,212,-66.378118132,400,0.165945295
2020-01-01T15:00:00+00:00,B16,210,211,-70.536465322,400,0.176341163
2020-01-01T15:00:00+00:00,B17,210,212,-81.062036272,400,0.202655091
2020-01-01T15:00:00+00:00,B18,211,213,-29.538503418,500,0.059077007
2020-01-01T15:00:00+00:00,B19,211,214,-97.003794099,500,0.194007588
2020-01-01T15:00:00+00:00,B2,201,203,5.105630547,175,0.029175032
2020-01-01T15:00:00+00:00,B20,212,213,-10.842458018,500,0.021684916
2020-01-01T15:00:00+00:00,B21,212,223,-136.597696386,500,0.273195393
2020-01-01T15:00:00+00:00,B22,213,223,-146.316535226,500,0.29263307
2020-01-01T15:00:00+00:00,B23,214,216,-176.093987741,500,0.352187975
2020-01-01T15:00:00+00:00,B24,215,216,27.038297767,500,0.054076596
2020-01-01T15:00:00+00:00,B25-1,215,221,-80.900338646,500,0.161800677
2020-01-01T15:00:00+00:00,B25-2,215,221,-80.900338646,500,0.161800677
2020-01-01T15:00:00+00:00,B26,215,224,130.669722874,500,0.261339446
2020-01-01T15:00:00+00:00,B27,216,217,-124.672603631,500,0.249345207
2020-01-01T15:00:00+00:00,B28,216,219,58.848772604,500,0.117697545
2020-01-01T15:00:00+00:00,B29,217,218,21.576772773,500,0.043153546
2020-01-01T15:00:00+00:00,B3,201,205,38.300867404,175,0.218862099
2020-01-01T15:00:00+00:00,B30,217,222,-50.93572232,500,0.101871445
2020-01-01T15:00:00+00:00,B31-1,218,221,-57.090568466,500,0.114181137
2020-01-01T15:00:00+00:00,B31-2,218,221,-57.090568466,500,0.114181137
2020-01-01T15:00:00+00:00,B32-1,219,220,-7.470781351,500,0.014941563
2020-01-01T15:00:00+00:00,B32-2,219,220,-7.470781351,500,0.014941563
2020-01-01T15:00:00+00:00,B33-1,220,223,-33.562391624,500,0.067124783
2020-01-01T15:00:00+00:00,B33-2,220,223,-33.562391624,500,0.067124783
2020-01-01T15:00:00+00:00,B34,221,222,-61.26427768,500,0.122528555
2020-01-01T15:00:00+00:00,B4,202,204,27.600419519,175,0.157716683
2020-01-01T15:00:00+00:00,B5,202,206,30.785060028,175,0.175914629
2020-01-01T15:00:00+00:00,B6,203,209,15.405496896,175,0.088031411
2020-01-01T15:00:00+00:00,B7,203,224,-130.669722874,400,0.326674307
2020-01-01T15:00:00+00:00,B8,204,209,-2.56800486,175,0.014674313
2020-01-01T15:00:00+00:00,B9,205,210,9.355487257,175,0.053459927
2020-01-01T15:00:00+00:00,C1,301,302,24.546788811,175,0.140267365
2020-01-01T15:00:00+00:00,C10,306,310,-87.41159801,175,0.499494846
2020-01-01T15:00:00+00:00,C11,307,308,-72.781556491,175,0.415894609
2020-01-01T15:00:00+00:00,C12-1,308,309,-83.803190046,175,0.478875372
2020-01-01T15:00:00+00:00,C13-2,308,310,-65.343535725,175,0.373391633
2020-01-01T15:00:00+00:00,C14,309,311,-94.753959579,400,0.236884899
2020-01-01T15:00:00+00:00,C15,309,312,-110.927554503,400,0.277318886
2020-01-01T15:00:00+00:00,C16,310,311,-131.878437083,400,0.329696093
2020-01-01T15:00:00+00:00,C17,310,312,-148.29105065,400,0.370727627
2020-01-01T15:00:00+00:00,C18,311,313,-114.052502651,500,0.228105005
2020-01-01T15:00:00+00:00,C19,311,314,-112.579894011,500,0.225159788
2020-01-01T15:00:00+00:00,C2,301,303,-70.494851835,175,0.402827725
2020-01-01T15:00:00+00:00,C20,312,313,-84.899597802,500,0.169799196
2020-01-01T15:00:00+00:00,C21,312,323,-139.819007352,500,0.279638015
2020-01-01T15:00:00+00:00,C22,313,323,-109.049000214,500,0.218098
2020-01-01T15:00:00+00:00,C23,314,316,-125.236869686,500,0.250473739
2020-01-01T15:00:00+00:00,C24,315,316,-18.308017589,500,0.036616035
2020-01-01T15:00:00+00:00,C25-1,315,321,-116.837636914,500,0.233675274
2020-01-01T15:00:00+00:00,C25-2,315,321,-116.837636914,500,0.233675274
2020-01-01T15:00:00+00:00,C26,315,324,67.409264155,500,0.134818528
2020-01-01T15:00:00+00:00,C27,316,317,-146.262311619,500,0.292524623
2020-01-01T15:00:00+00:00,C28,316,319,-31.507820849,500,0.063015642
2020-01-01T15:00:00+00:00,C29,317,318,-81.848509262,500,0.163697019
2020-01-01T15:00:00+00:00,C3,301,305,-16.935201785,175,0.096772582
2020-01-01T15:00:00+00:00,C30,317,322,-39.813802357,500,0.079627605
2020-01-01T15:00:00+00:00,C31-1,318,321,-17.888795308,500,0.035777591
2020-01-01T15:00:00+00:00,C31-2,318,321,-17.888795308,500,0.035777591
2020-01-01T15:00:00+00:00,C32-1,319,320,-30.547757324,500,0.061095515
2020-01-01T15:00:00+00:00,C32-2,319,320,-30.547757324,500,0.061095515
2020-01-01T15:00:00+00:00,C33-1,320,323,-40.811914248,500,0.081623828
2020-01-01T15:00:00+00:00,C33-2,320,323,-40.811914248,500,0.081623828
2020-01-01T15:00:00+00:00,C34,321,322,-37.786197643,500,0.075572395
2020-01-01T15:00:00+00:00,C35,323,325,-330.491836061,722,0.457744925
2020-01-01T15:00:00+00:00,C4,302,304,-23.706434479,175,0.13546534
2020-01-01T15:00:00+00:00,C5,302,306,-8.225264548,175,0.047001512
2020-01-01T15:00:00+00:00,C6,303,309,44.208970973,175,0.252622691
2020-01-01T15:00:00+00:00,C7,303,324,-131.809264155,400,0.32952316
2020-01-01T15:00:00+00:00,C8,304,309,-66.793115922,175,0.381674948
2020-01-01T15:00:00+00:00,C9,305,310,-58.275125872,175,0.333000719
2020-01-01T15:00:00+00:00,CA-1,325,121,-330.491836061,500,0.660983672
2020-01-01T15:00:00+00:00,CB-1,318,223,-239.960985139,500,0.47992197
2020-01-01T16:00:00+00:00,A1,101,102,5.901523489,175,0.033722991
2020-01-01T16:00:00+00:00,A10,106,110,1.604493767,175,0.009168536
2020-01-01T16:00:00+00:00,A11,107,108,22.17367784,175,0.126706731
2020-01-01T16:00:00+00:00,A12-1,108,109,-117.740007795,175,0.672800045
2020-01-01T16:00:00+00:00,A13-2,108,110,-115.980591112,175,0.662746235
2020-01-01T16:00:00+00:00,A14,109,111,-54.768417475,400,0.136921044
2020-01-01T16:00:00+00:00,A15,109,112,-80.399215318,400,0.200998038
2020-01-01T16:00:00+00:00,A16,110,111,-58.982726161,400,0.147456815
2020-01-01T16:00:00+00:00,A17,110,112,-84.992304268,400,0.212480761
2020-01-01T16:00:00+00:00,A18,111,113,-89.280939762,500,0.17856188
2020-01-01T16:00:00+00:00,A19,111,114,-24.470203873,500,0.048940408
2020-01-01T16:00:00+00:00,A2,101,103,38.10018053,175,0.217715317
2020-01-01T16:00:00+00:00,A20,112,113,-43.08142665,500,0.086162853
2020-01-01T16:00:00+00:00,A21,112,123,-122.310092936,500,0.244620186
2020-01-01T16:00:00+00:00,A22,113,123,-112.599661329,500,0.225199323
2020-01-01T16:00:00+00:00,A23,114,116,-104.143632853,500,0.208287266
2020-01-01T16:00:00+00:00,A24,115,116,-46.191920818,500,0.092383842
2020-01-01T16:00:00+00:00,A25-1,115,121,5.476710583,500,0.010953421
2020-01-01T16:00:00+00:00,A25-2,115,121,5.476710583,500,0.010953421
2020-01-01T16:00:00+00:00,A26,115,124,60.050473948,500,0.120100948
2020-01-01T16:00:00+00:00,A27,116,117,38.166320871,500,0.076332642
2020-01-01T16:00:00+00:00,A28,116,119,-74.570652366,500,0.149141305
2020-01-01T16:00:00+00:00,A29,117,118,68.117204514,500,0.136234409
2020-01-01T16:00:00+00:00,A3,101,105,79.64401593,175,0.455108662
2020-01-01T16:00:00+00:00,A30,117,122,-29.950883643,500,0.059901767
2020-01-01T16:00:00+00:00,A31-1,118,121,-34.320912821,500,0.068641826
2020-01-01T16:00:00+00:00,A31-2,118,121,-34.320912821,500,0.068641826
2020-01-01T16:00:00+00:00,A32-1,119,120,-74.452570114,500,0.14890514
2020-01-01T16:00:00+00:00,A32-2,119,120,-74.452570114,500,0.14890514
2020-01-01T16:00:00+00:00,A33-1,120,123,-100.736587922,500,0.201473176
2020-01-01T16:00:00+00:00,A33-2,120,123,-100.736587922,500,0.201473176
2020-01-01T16:00:00+00:00,A34,121,122,-47.149116357,500,0.094298233
2020-01-01T16:00:00+00:00,A4,102,104,60.606777391,175,0.346324442
2020-01-01T16:00:00+00:00,A5,102,106,57.458031608,175,0.328331609
2020-01-01T16:00:00+00:00,A6,103,109,24.226854394,175,0.138439168
2020-01-01T16:00:00+00:00,A7,103,124,-60.050473948,400,0.150126185
2020-01-01T16:00:00+00:00,A8,104,109,30.215881801,175,0.172662182
2020-01-01T16:00:00+00:00,A9,105,110,50.485183674,175,0.288486764
2020-01-01T16:00:00+00:00,AB1,107,203,-73.509650121,175,0.420055144
2020-01-01T16:00:00+00:00,AB2,113,215,-28.594966318,500,0.057189933
2020-01-01T16:00:00+00:00,AB3,123,217,57.50306989,500,0.11500614
2020-01-01T16:00:00+00:00,B1,201,202,-36.651659134,175,0.209438052
2020-01-01T16:00:00+00:00,B10,206,210,-12.241825217,175,0.069953287
2020-01-01T16:00:00+00:00,B11,207,208,-52.357154079,175,0.299183738
2020-01-01T16:00:00+00:00,B12-1,208,209,-63.319258332,175,0.361824333
2020-01-01T16:00:00+00:00,B13-2,208,210,-60.662482527,175,0.346642757
2020-01-01T16:00:00+00:00,B14,209,211,-52.51897049,400,0.131297426
2020-01-01T16:00:00+00:00,B15,209,212,-62.341550114,400,0.155853875
2020-01-01T16:00:00+00:00,B16,210,211,-58.436656517,400,0.146091641
2020-01-01T16:00:00+00:00,B17,210,212,-68.404397417,400,0.171010994
2020-01-01T16:00:00+00:00,B18,211,213,-22.361159121,500,0.044722318
2020-01-01T16:00:00+00:00,B19,211,214,-88.594467887,500,0.177188936
2020-01-01T16:00:00+00:00,B2,201,203,28.835800321,175,0.164776002
2020-01-01T16:00:00+00:00,B20,212,213,-4.655959348,500,0.009311919
2020-01-01T16:00:00+00:00,B21,212,223,-126.089988183,500,0.252179976
2020-01-01T16:00:00+00:00,B22,213,223,-138.014285116,500,0.27602857
2020-01-01T16:00:00+00:00,B23,214,216,-169.852771017,500,0.339705542
2020-01-01T16:00:00+00:00,B24,215,216,-4.348527182,500,0.008697054
2020-01-01T16:00:00+00:00,B25-1,215,221,-113.575045664,500,0.227150091
2020-01-01T16:00:00+00:00,B25-2,215,221,-113.575045664,500,0.227150091
2020-01-01T16:00:00+00:00,B26,215,224,126.825909448,500,0.253651819
2020-01-01T16:00:00+00:00,B27,216,217,-127.784458763,500,0.255568918
2020-01-01T16:00:00+00:00,B28,216,219,66.697437301,500,0.133394875
2020-01-01T16:00:00+00:00,B29,217,218,-13.171236575,500,0.026342473
2020-01-01T16:00:00+00:00,B3,201,205,57.479277689,175,0.328453015
2020-01-01T16:00:00+00:00,B30,217,222,-57.110152298,500,0.114220305
2020-01-01T16:00:00+00:00,B31-1,218,221,-76.325347521,500,0.152650695
2020-01-01T16:00:00+00:00,B31-2,218,221,-76.325347521,500,0.152650695
2020-01-01T16:00:00+00:00,B32-1,219,220,-4.557860903,500,0.009115722
2020-01-01T16:00:00+00:00,B32-2,219,220,-4.557860903,500,0.009115722
2020-01-01T16:00:00+00:00,B33-1,220,223,-31.364723791,500,0.062729448
2020-01-01T16:00:00+00:00,B33-2,220,223,-31.364723791,500,0.062729448
2020-01-01T16:00:00+00:00,B34,221,222,-56.289847702,500,0.112579695
2020-01-01T16:00:00+00:00,B4,202,204,45.996430879,175,0.262836748
2020-01-01T16:00:00+00:00,B5,202,206,44.722758421,175,0.25555862
2020-01-01T16:00:00+00:00,B6,203,209,6.757757774,175,0.038615759
2020-01-01T16:00:00+00:00,B7,203,224,-126.825909448,400,0.317064774
2020-01-01T16:00:00+00:00,B8,204,209,15.000995664,175,0.085719975
2020-01-01T16:00:00+00:00,B9,205,210,27.740414172,175,0.158516652
2020-01-01T16:00:00+00:00,C1,301,302,23.956543937,175,0.136894537
2020-01-01T16:00:00+00:00,C10,306,310,-85.21961398,175,0.486969223
2020-01-01T16:00:00+00:00,C11,307,308,-74.264473289,175,0.424368419
2020-01-01T16:00:00+00:00,C12-1,308,309,-103.93733533,175,0.59392763
2020-01-01T16:00:00+00:00,C13-2,308,310,-71.92093742,175,0.410976785
2020-01-01T16:00:00+00:00,C14,309,311,-90.518494834,400,0.226296237
2020-01-01T16:00:00+00:00,C15,309,312,-109.341638538,400,0.273354096
2020-01-01T16:00:00+00:00,C16,310,311,-153.816160311,400,0.384540401
2020-01-01T16:00:00+00:00,C17,310,312,-172.917478552,400,0.432293696
2020-01-01T16:00:00+00:00,C18,311,313,-161.820433035,500,0.323640866
2020-01-01T16:00:00+00:00,C19,311,314,-82.51422211,500,0.165028444
2020-01-01T16:00:00+00:00,C2,301,303,-76.562760555,175,0.437501489
2020-01-01T16:00:00+00:00,C20,312,313,-127.891716509,500,0.255783433
2020-01-01T16:00:00+00:00,C21,312,323,-154.367400581,500,0.308734801
2020-01-01T16:00:00+00:00,C22,313,323,-101.549832918,500,0.203099666
2020-01-01T16:00:00+00:00,C23,314,316,-197.772684655,500,0.395545369
2020-01-01T16:00:00+00:00,C24,315,316,39.143398145,500,0.078286796
2020-01-01T16:00:00+00:00,C25-1,315,321,-153.523278772,500,0.307046558
2020-01-01T16:00:00+00:00,C25-2,315,321,-153.523278772,500,0.307046558
2020-01-01T16:00:00+00:00,C26,315,324,134.568455138,500,0.26913691
2020-01-01T16:00:00+00:00,C27,316,317,-213.079164731,500,0.426158329
2020-01-01T16:00:00+00:00,C28,316,319,50.038299589,500,0.100076599
2020-01-01T16:00:00+00:00,C29,317,318,-163.23164944,500,0.326463299
2020-01-01T16:00:00+00:00,C3,301,305,-11.558288304,175,0.066047362
2020-01-01T16:00:00+00:00,C30,317,322,-39.047515291,500,0.078095031
2020-01-01T16:00:00+00:00,C31-1,318,321,-13.952963582,500,0.027905927
2020-01-01T16:00:00+00:00,C31-2,318,321,-13.952963582,500,0.027905927
2020-01-01T16:00:00+00:00,C32-1,319,320,-28.748328867,500,0.057496658
2020-01-01T16:00:00+00:00,C32-2,319,320,-28.748328867,500,0.057496658
2020-01-01T16:00:00+00:00,C33-1,320,323,-66.771739191,500,0.133543478
2020-01-01T16:00:00+00:00,C33-2,320,323,-66.771739191,500,0.133543478
2020-01-01T16:00:00+00:00,C34,321,322,-21.352484709,500,0.042704969
2020-01-01T16:00:00+00:00,C35,323,325,-389.460711882,722,0.539419269
2020-01-01T16:00:00+00:00,C4,302,304,-29.252820295,175,0.167158973
2020-01-01T16:00:00+00:00,C5,302,306,-4.419867041,175,0.025256383
2020-01-01T16:00:00+00:00,C6,303,309,43.364853046,175,0.24779916
2020-01-01T16:00:00+00:00,C7,303,324,-134.568455138,400,0.336421138
2020-01-01T16:00:00+00:00,C8,304,309,-73.217388483,175,0.418385077
2020-01-01T16:00:00+00:00,C9,305,310,-53.740509132,175,0.307088624
2020-01-01T16:00:00+00:00,CA-1,325,121,-389.460711882,500,0.778921424
2020-01-01T16:00:00+00:00,CB-1,318,223,-333.166279118,500,0.666332558
2020-01-01T17:00:00+00:00,A1,101,102,11.29265529,175,0.064529459
2020-01-01T17:00:00+00:00,A10,106,110,-1.422320493,175,0.008127546
2020-01-01T17:00:00+00:00,A11,107,108,1.146335771,175,0.00655049
2020-01-01T17:00:00+00:00,A12-1,108,109,-135.222847551,175,0.772701986
2020-01-01T17:00:00+00:00,A13-2,108,110,-129.457810331,175,0.739758916
2020-01-01T17:00:00+00:00,A14,109,111,-64.18687304,400,0.160467183
2020-01-01T17:00:00+00:00,A15,109,112,-78.891508827,400,0.197228772
2020-01-01T17:00:00+00:00,A16,110,111,-76.292275354,400,0.190730688
2020-01-01T17:00:00+00:00,A17,110,112,-91.21422103,400,0.228035553
2020-01-01T17:00:00+00:00,A18,111,113,-61.00150555,500,0.122003011
2020-01-01T17:00:00+00:00,A19,111,114,-79.477642845,500,0.158955286
2020-01-01T17:00:00+00:00,A2,101,103,25.348306997,175,0.144847469
2020-01-01T17:00:00+00:00,A20,112,113,-34.496399545,500,0.068992799
2020-01-01T17:00:00+00:00,A21,112,123,-135.609330312,500,0.271218661
2020-01-01T17:00:00+00:00,A22,113,123,-132.164113358,500,0.264328227
2020-01-01T17:00:00+00:00,A23,114,116,-166.614456307,500,0.333228913
2020-01-01T17:00:00+00:00,A24,115,116,8.951937742,500,0.017903875
2020-01-01T17:00:00+00:00,A25-1,115,121,-47.879808724,500,0.095759617
2020-01-01T17:00:00+00:00,A25-2,115,121,-47.879808724,500,0.095759617
2020-01-01T17:00:00+00:00,A26,115,124,99.424329874,500,0.19884866
2020-01-01T17:00:00+00:00,A27,116,117,-82.663765437,500,0.165327531
2020-01-01T17:00:00+00:00,A28,116,119,35.085363644,500,0.070170727
2020-01-01T17:00:00+00:00,A29,117,118,59.087885822,500,0.118175772
2020-01-01T17:00:00+00:00,A3,101,105,82.849883827,175,0.473427908
2020-01-01T17:00:00+00:00,A30,117,122,-141.751651259,500,0.283503303
2020-01-01T17:00:00+00:00,A31-1,118,121,-45.241002664,500,0.090482005
2020-01-01T17:00:00+00:00,A31-2,118,121,-45.241002664,500,0.090482005
2020-01-01T17:00:00+00:00,A32-1,119,120,-23.106192499,500,0.046212385
2020-01-01T17:00:00+00:00,A32-2,119,120,-23.106192499,500,0.046212385
2020-01-01T17:00:00+00:00,A33-1,120,123,-51.852357765,500,0.103704716
2020-01-01T17:00:00+00:00,A33-2,120,123,-51.852357765,500,0.103704716
2020-01-01T17:00:00+00:00,A34,121,122,-213.748348741,500,0.427496697
2020-01-01T17:00:00+00:00,A4,102,104,60.060967861,175,0.343205531
2020-01-01T17:00:00+00:00,A5,102,106,59.663280698,175,0.340933033
2020-01-01T17:00:00+00:00,A6,103,109,43.924047061,175,0.250994555
2020-01-01T17:00:00+00:00,A7,103,124,-99.424329874,400,0.248560825
2020-01-01T17:00:00+00:00,A8,104,109,26.823214272,175,0.15327551
2020-01-01T17:00:00+00:00,A9,105,110,50.959606735,175,0.291197753
2020-01-01T17:00:00+00:00,AB1,107,203,-57.291189806,175,0.327378227
2020-01-01T17:00:00+00:00,AB2,113,215,17.639117709,500,0.035278235
2020-01-01T17:00:00+00:00,AB3,123,217,119.118840799,500,0.238237682
2020-01-01T17:00:00+00:00,B1,201,202,-28.942346556,175,0.165384837
2020-01-01T17:00:00+00:00,B10,206,210,-24.632429127,175,0.140756738
2020-01-01T17:00:00+00:00,B11,207,208,-61.801511096,175,0.353151492
2020-01-01T17:00:00+00:00,B12-1,208,209,-76.595450072,175,0.437688286
2020-01-01T17:00:00+00:00,B13-2,208,210,-69.750528204,175,0.398574447
2020-01-01T17:00:00+00:00,B14,209,211,-64.39218528,400,0.160980463
2020-01-01T17:00:00+00:00,B15,209,212,-78.779704459,400,0.196949261
2020-01-01T17:00:00+00:00,B16,210,211,-78.59047594,400,0.19647619
2020-01-01T17:00:00+00:00,B17,210,212,-93.190618555,400,0.232976546
2020-01-01T17:00:00+00:00,B18,211,213,-35.420136038,500,0.070840272
2020-01-01T17:00:00+00:00,B19,211,214,-107.562525181,500,0.21512505
2020-01-01T17:00:00+00:00,B2,201,203,15.330362519,175,0.087602072
2020-01-01T17:00:00+00:00,B20,212,213,-9.486632717,500,0.018973265
2020-01-01T17:00:00+00:00,B21,212,223,-162.483690297,500,0.324967381
2020-01-01T17:00:00+00:00,B22,213,223,-175.92597228,500,0.351851945
2020-01-01T17:00:00+00:00,B23,214,216,-203.478470403,500,0.406956941
2020-01-01T17:00:00+00:00,B24,215,216,-0.514514205,500,0.001029028
2020-01-01T17:00:00+00:00,B25-1,215,221,-115.935054022,500,0.231870108
2020-01-01T17:00:00+00:00,B25-2,215,221,-115.935054022,500,0.231870108
2020-01-01T17:00:00+00:00,B26,215,224,146.995107816,500,0.293990216
2020-01-01T17:00:00+00:00,B27,216,217,-153.756566528,500,0.307513133
2020-01-01T17:00:00+00:00,B28,216,219,55.322373043,500,0.110644746
2020-01-01T17:00:00+00:00,B29,217,218,17.255916906,500,0.034511834
2020-01-01T17:00:00+00:00,B3,201,205,54.11547845,175,0.309231305
2020-01-01T17:00:00+00:00,B30,217,222,-51.893642635,500,0.103787285
2020-01-01T17:00:00+00:00,B31-1,218,221,-73.691654328,500,0.147383309
2020-01-01T17:00:00+00:00,B31-2,218,221,-73.691654328,500,0.147383309
2020-01-01T17:00:00+00:00,B32-1,219,220,-17.083107512,500,0.034166215
2020-01-01T17:00:00+00:00,B32-2,219,220,-17.083107512,500,0.034166215
2020-01-01T17:00:00+00:00,B33-1,220,223,-48.725481194,500,0.097450962
2020-01-01T17:00:00+00:00,B33-2,220,223,-48.725481194,500,0.097450962
2020-01-01T17:00:00+00:00,B34,221,222,-55.506357365,500,0.111012715
2020-01-01T17:00:00+00:00,B4,202,204,40.492065887,175,0.231383234
2020-01-01T17:00:00+00:00,B5,202,206,42.607614946,175,0.243472085
2020-01-01T17:00:00+00:00,B6,203,209,16.04010455,175,0.09165774
2020-01-01T17:00:00+00:00,B7,203,224,-146.995107816,400,0.36748777
2020-01-01T17:00:00+00:00,B8,204,209,3.905571318,175,0.02231755
2020-01-01T17:00:00+00:00,B9,205,210,19.012220147,175,0.108641258
2020-01-01T17:00:00+00:00,C1,301,302,26.520120094,175,0.151543543
2020-01-01T17:00:00+00:00,C10,306,310,-94.933713772,175,0.542478364
2020-01-01T17:00:00+00:00,C11,307,308,-82.845618465,175,0.473403534
2020-01-01T17:00:00+00:00,C12-1,308,309,-116.285242342,175,0.664487099
2020-01-01T17:00:00+00:00,C13-2,308,310,-79.893182183,175,0.45653247
2020-01-01T17:00:00+00:00,C14,309,311,-101.005256779,400,0.252513142
2020-01-01T17:00:00+00:00,C15,309,312,-118.729865754,400,0.296824664
2020-01-01T17:00:00+00:00,C16,310,311,-172.925929424,400,0.432314824
2020-01-01T17:00:00+00:00,C17,310,312,-190.912478433,400,0.477281196
2020-01-01T17:00:00+00:00,C18,311,313,-162.144816607,500,0.324289633
2020-01-01T17:00:00+00:00,C19,311,314,-111.786369596,500,0.223572739
2020-01-01T17:00:00+00:00,C2,301,303,-85.382698639,175,0.487901135
2020-01-01T17:00:00+00:00,C20,312,313,-130.19620893,500,0.260392418
2020-01-01T17:00:00+00:00,C21,312,323,-179.446135258,500,0.358892271
2020-01-01T17:00:00+00:00,C22,313,323,-128.239736682,500,0.256479473
2020-01-01T17:00:00+00:00,C23,314,316,-240.362769453,500,0.480725539
2020-01-01T17:00:00+00:00,C24,315,316,24.618285658,500,0.049236571
2020-01-01T17:00:00+00:00,C25-1,315,321,-171.322077029,500,0.342644154
2020-01-01T17:00:00+00:00,C25-2,315,321,-171.322077029,500,0.342644154
2020-01-01T17:00:00+00:00,C26,315,324,162.929379972,500,0.32585876
2020-01-01T17:00:00+00:00,C27,316,317,-311.994493387,500,0.623988987
2020-01-01T17:00:00+00:00,C28,316,319,84.97351482,500,0.16994703
2020-01-01T17:00:00+00:00,C29,317,318,-27.634748864,500,0.055269498
2020-01-01T17:00:00+00:00,C3,301,305,-12.716035808,175,0.072663062
2020-01-01T17:00:00+00:00,C30,317,322,-41.159744523,500,0.082319489
2020-01-01T17:00:00+00:00,C31-1,318,321,-12.09805071,500,0.024196101
2020-01-01T17:00:00+00:00,C31-2,318,321,-12.09805071,500,0.024196101
2020-01-01T17:00:00+00:00,C32-1,319,320,-17.493470358,500,0.034986941
2020-01-01T17:00:00+00:00,C32-2,319,320,-17.493470358,500,0.034986941
2020-01-01T17:00:00+00:00,C33-1,320,323,-59.910427012,500,0.119820854
2020-01-01T17:00:00+00:00,C33-2,320,323,-59.910427012,500,0.119820854
2020-01-01T17:00:00+00:00,C34,321,322,-53.240255477,500,0.106480511
2020-01-01T17:00:00+00:00,C35,323,325,-427.506725965,722,0.592114579
2020-01-01T17:00:00+00:00,C4,302,304,-32.970398953,175,0.18840228
2020-01-01T17:00:00+00:00,C5,302,306,-4.797680882,175,0.027415319
2020-01-01T17:00:00+00:00,C6,303,309,47.648990744,175,0.272279947
2020-01-01T17:00:00+00:00,C7,303,324,-162.929379972,400,0.40732345
2020-01-01T17:00:00+00:00,C8,304,309,-82.015005084,175,0.468657172
2020-01-01T17:00:00+00:00,C9,305,310,-59.772347096,175,0.341556269
2020-01-01T17:00:00+00:00,CA-1,325,121,-427.506725965,500,0.855013452
2020-01-01T17:00:00+00:00,CB-1,318,223,-224.139375035,500,0.44827875
2020-01-01T18:00:00+00:00,A1,101,102,8.889340737,175,0.050796233
2020-01-01T18:00:00+00:00,A10,106,110,-1.373025606,175,0.007845861
2020-01-01T18:00:00+00:00,A11,107,108,-1.96080867,175,0.011204621
2020-01-01T18:00:00+00:00,A12-1,108,109,-136.70028521,175,0.781144487
2020-01-01T18:00:00+00:00,A13-2,108,110,-130.053901313,175,0.74316515
2020-01-01T18:00:00+00:00,A14,109,111,-64.423637038,400,0.161059093
2020-01-01T18:00:00+00:00,A15,109,112,-75.567657968,400,0.188919145
2020-01-01T18:00:00+00:00,A16,110,111,-78.238170533,400,0.195595426
2020-01-01T18:00:00+00:00,A17,110,112,-89.546881427,400,0.223867204
2020-01-01T18:00:00+00:00,A18,111,113,-50.692492018,500,0.101384984
2020-01-01T18:00:00+00:00,A19,111,114,-91.969315552,500,0.183938631
2020-01-01T18:00:00+00:00,A2,101,103,21.333950092,175,0.121908286
2020-01-01T18:00:00+00:00,A20,112,113,-30.605394291,500,0.061210789
2020-01-01T18:00:00+00:00,A21,112,123,-134.509145105,500,0.26901829
2020-01-01T18:00:00+00:00,A22,113,123,-133.0842316,500,0.266168463
2020-01-01T18:00:00+00:00,A23,114,116,-178.146208166,500,0.356292416
2020-01-01T18:00:00+00:00,A24,115,116,31.910363403,500,0.063820727
2020-01-01T18:00:00+00:00,A25-1,115,121,-62.45269866,500,0.124905397
2020-01-01T18:00:00+00:00,A25-2,115,121,-62.45269866,500,0.124905397
2020-01-01T18:00:00+00:00,A26,115,124,107.180214543,500,0.214360429
2020-01-01T18:00:00+00:00,A27,116,117,-100.095539735,500,0.200191079
2020-01-01T18:00:00+00:00,A28,116,119,64.438616306,500,0.128877233
2020-01-01T18:00:00+00:00,A29,117,118,34.178300607,500,0.068356601
2020-01-01T18:00:00+00:00,A3,101,105,81.801944212,175,0.467439681
2020-01-01T18:00:00+00:00,A30,117,122,-134.273840342,500,0.268547681
2020-01-01T18:00:00+00:00,A31-1,118,121,-56.871945677,500,0.113743891
2020-01-01T18:00:00+00:00,A31-2,118,121,-56.871945677,500,0.113743891
2020-01-01T18:00:00+00:00,A32-1,119,120,-7.981768041,500,0.015963536
2020-01-01T18:00:00+00:00,A32-2,119,120,-7.981768041,500,0.015963536
2020-01-01T18:00:00+00:00,A33-1,120,123,-36.411258387,500,0.072822517
2020-01-01T18:00:00+00:00,A33-2,120,123,-36.411258387,500,0.072822517
2020-01-01T18:00:00+00:00,A34,121,122,-192.626159658,500,0.385252319
2020-01-01T18:00:00+00:00,A4,102,104,58.761253049,175,0.335778589
2020-01-01T18:00:00+00:00,A5,102,106,59.039641381,175,0.337369379
2020-01-01T18:00:00+00:00,A6,103,109,48.556223035,175,0.277464132
2020-01-01T18:00:00+00:00,A7,103,124,-107.180214543,400,0.267950536
2020-01-01T18:00:00+00:00,A8,104,109,25.889654836,175,0.147940885
2020-01-01T18:00:00+00:00,A9,105,110,50.262978358,175,0.287217019
2020-01-01T18:00:00+00:00,AB1,107,203,-53.565539664,175,0.306088798
2020-01-01T18:00:00+00:00,AB2,113,215,34.070486824,500,0.068140974
2020-01-01T18:00:00+00:00,AB3,123,217,138.604106521,500,0.277208213
2020-01-01T18:00:00+00:00,B1,201,202,-28.619316134,175,0.163538949
2020-01-01T18:00:00+00:00,B10,206,210,-30.106989484,175,0.17203994
2020-01-01T18:00:00+00:00,B11,207,208,-62.64756807,175,0.357986103
2020-01-01T18:00:00+00:00,B12-1,208,209,-77.754758223,175,0.444312904
2020-01-01T18:00:00+00:00,B13-2,208,210,-70.594682967,175,0.403398188
2020-01-01T18:00:00+00:00,B14,209,211,-67.306953007,400,0.168267383
2020-01-01T18:00:00+00:00,B15,209,212,-89.279958445,400,0.223199896
2020-01-01T18:00:00+00:00,B16,210,211,-82.15822181,400,0.205395555
2020-01-01T18:00:00+00:00,B17,210,212,-104.455951466,400,0.261139879
2020-01-01T18:00:00+00:00,B18,211,213,-51.493220127,500,0.10298644
2020-01-01T18:00:00+00:00,B19,211,214,-97.97195469,500,0.195943909
2020-01-01T18:00:00+00:00,B2,201,203,12.390293294,175,0.070801676
2020-01-01T18:00:00+00:00,B20,212,213,-11.886877825,500,0.023773756
2020-01-01T18:00:00+00:00,B21,212,223,-181.849032086,500,0.363698064
2020-01-01T18:00:00+00:00,B22,213,223,-196.192942262,500,0.392385885
2020-01-01T18:00:00+00:00,B23,214,216,-195.200980335,500,0.390401961
2020-01-01T18:00:00+00:00,B24,215,216,-39.92726557,500,0.079854531
2020-01-01T18:00:00+00:00,B25-1,215,221,-99.532210261,500,0.199064421
2020-01-01T18:00:00+00:00,B25-2,215,221,-99.532210261,500,0.199064421
2020-01-01T18:00:00+00:00,B26,215,224,142.08794029,500,0.284175881
2020-01-01T18:00:00+00:00,B27,216,217,-123.005663994,500,0.246011328
2020-01-01T18:00:00+00:00,B28,216,219,-7.240636368,500,0.014481273
2020-01-01T18:00:00+00:00,B29,217,218,43.312705673,500,0.086625411
2020-01-01T18:00:00+00:00,B3,201,205,47.401524028,175,0.270865852
2020-01-01T18:00:00+00:00,B30,217,222,-27.714263146,500,0.055428526
2020-01-01T18:00:00+00:00,B31-1,218,221,-61.790207833,500,0.123580416
2020-01-01T18:00:00+00:00,B31-2,218,221,-61.790207833,500,0.123580416
2020-01-01T18:00:00+00:00,B32-1,219,220,-48.977157467,500,0.097954315
2020-01-01T18:00:00+00:00,B32-2,219,220,-48.977157467,500,0.097954315
2020-01-01T18:00:00+00:00,B33-1,220,223,-81.052712319,500,0.162105425
2020-01-01T18:00:00+00:00,B33-2,220,223,-81.052712319,500,0.162105425
2020-01-01T18:00:00+00:00,B34,221,222,-28.085736854,500,0.056171474
2020-01-01T18:00:00+00:00,B4,202,204,35.261606467,175,0.201494894
2020-01-01T18:00:00+00:00,B5,202,206,38.053564577,175,0.21744894
2020-01-01T18:00:00+00:00,B6,203,209,10.700195899,175,0.061143977
2020-01-01T18:00:00+00:00,B7,203,224,-142.08794029,400,0.355219851
2020-01-01T18:00:00+00:00,B8,204,209,-1.825753831,175,0.010432879
2020-01-01T18:00:00+00:00,B9,205,210,11.817705364,175,0.067529745
2020-01-01T18:00:00+00:00,C1,301,302,28.505347937,175,0.162887702
2020-01-01T18:00:00+00:00,C10,306,310,-93.151536913,175,0.532294497
2020-01-01T18:00:00+00:00,C11,307,308,-81.58019614,175,0.466172549
2020-01-01T18:00:00+00:00,C12-1,308,309,-113.322934364,175,0.647559625
2020-01-01T18:00:00+00:00,C13-2,308,310,-79.858970096,175,0.456336972
2020-01-01T18:00:00+00:00,C14,309,311,-107.114019789,400,0.267785049
2020-01-01T18:00:00+00:00,C15,309,312,-118.485109504,400,0.296212774
2020-01-01T18:00:00+00:00,C16,310,311,-173.458352056,400,0.43364588
2020-01-01T18:00:00+00:00,C17,310,312,-184.997487433,400,0.462493719
2020-01-01T18:00:00+00:00,C18,311,313,-152.910457129,500,0.305820914
2020-01-01T18:00:00+00:00,C19,311,314,-127.661914716,500,0.255323829
2020-01-01T18:00:00+00:00,C2,301,303,-87.147962309,175,0.497988356
2020-01-01T18:00:00+00:00,C20,312,313,-132.414067916,500,0.264828136
2020-01-01T18:00:00+00:00,C21,312,323,-171.068529021,500,0.342137058
2020-01-01T18:00:00+00:00,C22,313,323,-117.675540863,500,0.235351082
2020-01-01T18:00:00+00:00,C23,314,316,-254.274379126,500,0.508548758
2020-01-01T18:00:00+00:00,C24,315,316,33.024868376,500,0.066049737
2020-01-01T18:00:00+00:00,C25-1,315,321,-177.887923539,500,0.355775847
2020-01-01T18:00:00+00:00,C25-2,315,321,-177.887923539,500,0.355775847
2020-01-01T18:00:00+00:00,C26,315,324,170.863601289,500,0.341727203
2020-01-01T18:00:00+00:00,C27,316,317,-367.947111419,500,0.735894223
2020-01-01T18:00:00+00:00,C28,316,319,136.433443757,500,0.272866888
2020-01-01T18:00:00+00:00,C29,317,318,57.62575632,500,0.115251513
2020-01-01T18:00:00+00:00,C3,301,305,-11.842675093,175,0.067672429
2020-01-01T18:00:00+00:00,C30,317,322,-50.372867739,500,0.100745735
2020-01-01T18:00:00+00:00,C31-1,318,321,-19.925642592,500,0.039851285
2020-01-01T18:00:00+00:00,C31-2,318,321,-19.925642592,500,0.039851285
2020-01-01T18:00:00+00:00,C32-1,319,320,9.152659873,500,0.01830532
2020-01-01T18:00:00+00:00,C32-2,319,320,9.152659873,500,0.01830532
2020-01-01T18:00:00+00:00,C33-1,320,323,-32.616400551,500,0.065232801
2020-01-01T18:00:00+00:00,C33-2,320,323,-32.616400551,500,0.065232801
2020-01-01T18:00:00+00:00,C34,321,322,-82.027132261,500,0.164054265
2020-01-01T18:00:00+00:00,C35,323,325,-353.976870985,722,0.490272674
2020-01-01T18:00:00+00:00,C4,302,304,-30.408600755,175,0.173763433
2020-01-01T18:00:00+00:00,C5,302,306,-4.392283513,175,0.025098763
2020-01-01T18:00:00+00:00,C6,303,309,56.640156538,175,0.323658037
2020-01-01T18:00:00+00:00,C7,303,324,-170.863601289,400,0.427159003
2020-01-01T18:00:00+00:00,C8,304,309,-78.70407687,175,0.449737582
2020-01-01T18:00:00+00:00,C9,305,310,-58.180226501,175,0.332458437
2020-01-01T18:00:00+00:00,CA-1,325,121,-353.976870985,500,0.707953742
2020-01-01T18:00:00+00:00,CB-1,318,223,-119.852601015,500,0.239705202
2020-01-01T19:00:00+00:00,A1,101,102,5.751266036,175,0.032864377
2020-01-01T19:00:00+00:00,A10,106,110,-1.418478124,175,0.008105589
2020-01-01T19:00:00+00:00,A11,107,108,-4.211971909,175,0.024068411
2020-01-01T19:00:00+00:00,A12-1,108,109,-137.425024743,175,0.785285856
2020-01-01T19:00:00+00:00,A13-2,108,110,-130.394804259,175,0.745113167
2020-01-01T19:00:00+00:00,A14,109,111,-64.712117226,400,0.161780293
2020-01-01T19:00:00+00:00,A15,109,112,-73.94385033,400,0.184859626
2020-01-01T19:00:00+00:00,A16,110,111,-79.273736362,400,0.198184341
2020-01-01T19:00:00+00:00,A17,110,112,-88.641899019,400,0.221604748
2020-01-01T19:00:00+00:00,A18,111,113,-45.318639949,500,0.09063728
2020-01-01T19:00:00+00:00,A19,111,114,-98.66721364,500,0.197334427
2020-01-01T19:00:00+00:00,A2,101,103,18.945842013,175,0.108261954
2020-01-01T19:00:00+00:00,A20,112,113,-28.67844103,500,0.057356882
2020-01-01T19:00:00+00:00,A21,112,123,-133.907308319,500,0.267814617
2020-01-01T19:00:00+00:00,A22,113,123,-133.476364799,500,0.26695273
2020-01-01T19:00:00+00:00,A23,114,116,-183.428223052,500,0.366856446
2020-01-01T19:00:00+00:00,A24,115,116,28.881887399,500,0.057763775
2020-01-01T19:00:00+00:00,A25-1,115,121,-76.636308625,500,0.153272617
2020-01-01T19:00:00+00:00,A25-2,115,121,-76.636308625,500,0.153272617
2020-01-01T19:00:00+00:00,A26,115,124,109.889492822,500,0.219778986
2020-01-01T19:00:00+00:00,A27,116,117,-121.853095238,500,0.24370619
2020-01-01T19:00:00+00:00,A28,116,119,78.615517619,500,0.157231035
2020-01-01T19:00:00+00:00,A29,117,118,30.126041943,500,0.060252084
2020-01-01T19:00:00+00:00,A3,101,105,80.116350629,175,0.457807718
2020-01-01T19:00:00+00:00,A30,117,122,-151.97913718,500,0.303958274
2020-01-01T19:00:00+00:00,A31-1,118,121,-57.6828969,500,0.115365794
2020-01-01T19:00:00+00:00,A31-2,118,121,-57.6828969,500,0.115365794
2020-01-01T19:00:00+00:00,A32-1,119,120,-0.232815169,500,0.00046563
2020-01-01T19:00:00+00:00,A32-2,119,120,-0.232815169,500,0.00046563
2020-01-01T19:00:00+00:00,A33-1,120,123,-28.195210026,500,0.05639042
2020-01-01T19:00:00+00:00,A33-2,120,123,-28.195210026,500,0.05639042
2020-01-01T19:00:00+00:00,A34,121,122,-218.82086282,500,0.437641726
2020-01-01T19:00:00+00:00,A4,102,104,57.369150382,175,0.327823716
2020-01-01T19:00:00+00:00,A5,102,106,58.001610948,175,0.331437777
2020-01-01T19:00:00+00:00,A6,103,109,50.191099298,175,0.286806282
2020-01-01T19:00:00+00:00,A7,103,124,-109.889492822,400,0.274723732
2020-01-01T19:00:00+00:00,A8,104,109,25.037631328,175,0.143072179
2020-01-01T19:00:00+00:00,A9,105,110,49.095568834,175,0.280546108
2020-01-01T19:00:00+00:00,AB1,107,203,-50.402080547,175,0.288011889
2020-01-01T19:00:00+00:00,AB2,113,215,43.697492613,500,0.087394985
2020-01-01T19:00:00+00:00,AB3,123,217,150.22590683,500,0.300451814
2020-01-01T19:00:00+00:00,B1,201,202,-13.980637803,175,0.079889359
2020-01-01T19:00:00+00:00,B10,206,210,-35.464219572,175,0.202652683
2020-01-01T19:00:00+00:00,B11,207,208,-61.703132368,175,0.352589328
2020-01-01T19:00:00+00:00,B12-1,208,209,-76.976819638,175,0.439867541
2020-01-01T19:00:00+00:00,B13-2,208,210,-69.136197811,175,0.395063987
2020-01-01T19:00:00+00:00,B14,209,211,-69.379660446,400,0.173449151
2020-01-01T19:00:00+00:00,B15,209,212,-94.418795243,400,0.236046988
2020-01-01T19:00:00+00:00,B16,210,211,-85.578592813,400,0.213946482
2020-01-01T19:00:00+00:00,B17,210,212,-110.987764084,400,0.27746941
2020-01-01T19:00:00+00:00,B18,211,213,-59.607447993,500,0.119214896
2020-01-01T19:00:00+00:00,B19,211,214,-95.350805266,500,0.190701611
2020-01-01T19:00:00+00:00,B2,201,203,6.830805272,175,0.039033173
2020-01-01T19:00:00+00:00,B20,212,213,-14.474407523,500,0.028948815
2020-01-01T19:00:00+00:00,B21,212,223,-190.932151804,500,0.381864304
2020-01-01T19:00:00+00:00,B22,213,223,-204.892496137,500,0.409784992
2020-01-01T19:00:00+00:00,B23,214,216,-191.114066702,500,0.382228133
2020-01-01T19:00:00+00:00,B24,215,216,-57.801992879,500,0.115603986
2020-01-01T19:00:00+00:00,B25-1,215,221,-83.596085672,500,0.167192171
2020-01-01T19:00:00+00:00,B25-2,215,221,-83.596085672,500,0.167192171
2020-01-01T19:00:00+00:00,B26,215,224,140.71251315,500,0.281425026
2020-01-01T19:00:00+00:00,B27,216,217,-107.323257657,500,0.214646515
2020-01-01T19:00:00+00:00,B28,216,219,-35.955307819,500,0.071910616
2020-01-01T19:00:00+00:00,B29,217,218,67.175305936,500,0.134350612
2020-01-01T19:00:00+00:00,B3,201,205,39.338326165,175,0.224790435
2020-01-01T19:00:00+00:00,B30,217,222,-24.272656762,500,0.048545314
2020-01-01T19:00:00+00:00,B31-1,218,221,-48.600919347,500,0.097201839
2020-01-01T19:00:00+00:00,B31-2,218,221,-48.600919347,500,0.097201839
2020-01-01T19:00:00+00:00,B32-1,219,220,-62.650721744,500,0.125301443
2020-01-01T19:00:00+00:00,B32-2,219,220,-62.650721744,500,0.125301443
2020-01-01T19:00:00+00:00,B33-1,220,223,-94.242725517,500,0.188485451
2020-01-01T19:00:00+00:00,B33-2,220,223,-94.242725517,500,0.188485451
2020-01-01T19:00:00+00:00,B34,221,222,-32.727343238,500,0.065454686
2020-01-01T19:00:00+00:00,B4,202,204,27.802276362,175,0.158870151
2020-01-01T19:00:00+00:00,B5,202,206,31.668788445,175,0.180964505
2020-01-01T19:00:00+00:00,B6,203,209,8.288727264,175,0.047364156
2020-01-01T19:00:00+00:00,B7,203,224,-140.71251315,400,0.351781283
2020-01-01T19:00:00+00:00,B8,204,209,-8.725978,175,0.049862731
2020-01-01T19:00:00+00:00,B9,205,210,4.29094698,175,0.024519697
2020-01-01T19:00:00+00:00,C1,301,302,29.182923194,175,0.166759561
2020-01-01T19:00:00+00:00,C10,306,310,-88.837099434,175,0.507640568
2020-01-01T19:00:00+00:00,C11,307,308,-78.831857018,175,0.450467754
2020-01-01T19:00:00+00:00,C12-1,308,309,-110.083901481,175,0.629050866
2020-01-01T19:00:00+00:00,C13-2,308,310,-76.589935937,175,0.437656777
2020-01-01T19:00:00+00:00,C14,309,311,-101.893811233,400,0.254734528
2020-01-01T19:00:00+00:00,C15,309,312,-108.135627752,400,0.270339069
2020-01-01T19:00:00+00:00,C16,310,311,-168.219057736,400,0.420547644
2020-01-01T19:00:00+00:00,C17,310,312,-174.553117849,400,0.436382795
2020-01-01T19:00:00+00:00,C18,311,313,-111.743772597,500,0.223487545
2020-01-01T19:00:00+00:00,C19,311,314,-158.369096372,500,0.316738193
2020-01-01T19:00:00+00:00,C2,301,303,-87.702699175,175,0.501158281
2020-01-01T19:00:00+00:00,C20,312,313,-100.492898322,500,0.200985797
2020-01-01T19:00:00+00:00,C21,312,323,-182.19584728,500,0.364391695
2020-01-01T19:00:00+00:00,C22,313,323,-147.693540996,500,0.295387082
2020-01-01T19:00:00+00:00,C23,314,316,-280.716138464,500,0.561432277
2020-01-01T19:00:00+00:00,C24,315,316,20.520374089,500,0.041040748
2020-01-01T19:00:00+00:00,C25-1,315,321,-201.284308646,500,0.402568617
2020-01-01T19:00:00+00:00,C25-2,315,321,-201.284308646,500,0.402568617
2020-01-01T19:00:00+00:00,C26,315,324,182.130653808,500,0.364261308
2020-01-01T19:00:00+00:00,C27,316,317,-473.840537042,500,0.947681074
2020-01-01T19:00:00+00:00,C28,316,319,174.579287053,500,0.349158574
2020-01-01T19:00:00+00:00,C29,317,318,142.748616253,500,0.285497233
2020-01-01T19:00:00+00:00,C3,301,305,-9.590948482,175,0.05480542
2020-01-01T19:00:00+00:00,C30,317,322,-48.189153295,500,0.096378307
2020-01-01T19:00:00+00:00,C31-1,318,321,4.215225091,500,0.00843045
2020-01-01T19:00:00+00:00,C31-2,318,321,4.215225091,500,0.00843045
2020-01-01T19:00:00+00:00,C32-1,319,320,30.215379046,500,0.060430758
2020-01-01T19:00:00+00:00,C32-2,319,320,30.215379046,500,0.060430758
2020-01-01T19:00:00+00:00,C33-1,320,323,-10.146531747,500,0.020293063
2020-01-01T19:00:00+00:00,C33-2,320,323,-10.146531747,500,0.020293063
2020-01-01T19:00:00+00:00,C34,321,322,-105.410846705,500,0.210821693
2020-01-01T19:00:00+00:00,C35,323,325,-350.18245177,722,0.485017246
2020-01-01T19:00:00+00:00,C4,302,304,-28.922558853,175,0.165271765
2020-01-01T19:00:00+00:00,C5,302,306,-3.068038999,175,0.017531651
2020-01-01T19:00:00+00:00,C6,303,309,62.010080527,175,0.354343317
2020-01-01T19:00:00+00:00,C7,303,324,-182.130653808,400,0.455326635
2020-01-01T19:00:00+00:00,C8,304,309,-75.591018208,175,0.431948675
2020-01-01T19:00:00+00:00,C9,305,310,-54.367443268,175,0.310671104
2020-01-01T19:00:00+00:00,CA-1,325,121,-350.18245177,500,0.700364904
2020-01-01T19:00:00+00:00,CB-1,318,223,-75.689901025,500,0.151379802
2020-01-01T20:00:00+00:00,A1,101,102,6.472673108,175,0.036986703
2020-01-01T20:00:00+00:00,A10,106,110,1.563528385,175,0.008934448
2020-01-01T20:00:00+00:00,A11,107,108,-12.595009083,175,0.07197148
2020-01-01T20:00:00+00:00,A12-1,108,109,-140.564198428,175,0.803223991
2020-01-01T20:00:00+00:00,A13-2,108,110,-133.351918202,175,0.762010961
2020-01-01T20:00:00+00:00,A14,109,111,-62.09619066,400,0.155240477
2020-01-01T20:00:00+00:00,A15,109,112,-70.379125673,400,0.175947814
2020-01-01T20:00:00+00:00,A16,110,111,-76.971483149,400,0.192428708
2020-01-01T20:00:00+00:00,A17,110,112,-85.376826068,400,0.213442065
2020-01-01T20:00:00+00:00,A18,111,113,-39.781592432,500,0.079563185
2020-01-01T20:00:00+00:00,A19,111,114,-99.286081377,500,0.198572163
2020-01-01T20:00:00+00:00,A2,101,103,18.002387291,175,0.102870785
2020-01-01T20:00:00+00:00,A20,112,113,-24.851602072,500,0.049703204
2020-01-01T20:00:00+00:00,A21,112,123,-130.904349668,500,0.261808699
2020-01-01T20:00:00+00:00,A22,113,123,-132.239597912,500,0.264479196
2020-01-01T20:00:00+00:00,A23,114,116,-181.287318399,500,0.362574637
2020-01-01T20:00:00+00:00,A24,115,116,106.244676568,500,0.212489353
2020-01-01T20:00:00+00:00,A25-1,115,121,-114.616196429,500,0.229232393
2020-01-01T20:00:00+00:00,A25-2,115,121,-114.616196429,500,0.229232393
2020-01-01T20:00:00+00:00,A26,115,124,112.996004249,500,0.225992008
2020-01-01T20:00:00+00:00,A27,116,117,-199.134363646,500,0.398268727
2020-01-01T20:00:00+00:00,A28,116,119,81.823042938,500,0.163646086
2020-01-01T20:00:00+00:00,A29,117,118,-15.372169011,500,0.030744338
2020-01-01T20:00:00+00:00,A3,101,105,81.874766414,175,0.467855808
2020-01-01T20:00:00+00:00,A30,117,122,-183.762194635,500,0.367524389
2020-01-01T20:00:00+00:00,A31-1,118,121,-78.063434836,500,0.15612687
2020-01-01T20:00:00+00:00,A31-2,118,121,-78.063434836,500,0.15612687
2020-01-01T20:00:00+00:00,A32-1,119,120,2.658367085,500,0.005316734
2020-01-01T20:00:00+00:00,A32-2,119,120,2.658367085,500,0.005316734
2020-01-01T20:00:00+00:00,A33-1,120,123,-24.393587396,500,0.048787175
2020-01-01T20:00:00+00:00,A33-2,120,123,-24.393587396,500,0.048787175
2020-01-01T20:00:00+00:00,A34,121,122,-250.737805365,500,0.501475611
2020-01-01T20:00:00+00:00,A4,102,104,58.423122939,175,0.333846417
2020-01-01T20:00:00+00:00,A5,102,106,59.048931658,175,0.337422467
2020-01-01T20:00:00+00:00,A6,103,109,54.914769561,175,0.313798683
2020-01-01T20:00:00+00:00,A7,103,124,-112.996004249,400,0.282490011
2020-01-01T20:00:00+00:00,A8,104,109,27.14430057,175,0.155110289
2020-01-01T20:00:00+00:00,A9,105,110,51.864004411,175,0.296365739
2020-01-01T20:00:00+00:00,AB1,107,203,-40.240839513,175,0.229947654
2020-01-01T20:00:00+00:00,AB2,113,215,55.594404384,500,0.111188809
2020-01-01T20:00:00+00:00,AB3,123,217,159.496353566,500,0.318992707
2020-01-01T20:00:00+00:00,B1,201,202,-45.819357779,175,0.261824902
2020-01-01T20:00:00+00:00,B10,206,210,-47.215539441,175,0.269803083
2020-01-01T20:00:00+00:00,B11,207,208,-60.14874864,175,0.343707135
2020-01-01T20:00:00+00:00,B12-1,208,209,-76.886150196,175,0.43934943
2020-01-01T20:00:00+00:00,B13-2,208,210,-65.546086585,175,0.374549066
2020-01-01T20:00:00+00:00,B14,209,211,-75.137689475,400,0.187844224
2020-01-01T20:00:00+00:00,B15,209,212,-101.862514117,400,0.254656285
2020-01-01T20:00:00+00:00,B16,210,211,-98.194034591,400,0.245485086
2020-01-01T20:00:00+00:00,B17,210,212,-125.313807381,400,0.313284518
2020-01-01T20:00:00+00:00,B18,211,213,-69.335596097,500,0.138671192
2020-01-01T20:00:00+00:00,B19,211,214,-103.996127969,500,0.207992256
2020-01-01T20:00:00+00:00,B2,201,203,-14.099482206,175,0.08056847
2020-01-01T20:00:00+00:00,B20,212,213,-21.164099679,500,0.042328199
2020-01-01T20:00:00+00:00,B21,212,223,-206.012221819,500,0.412024444
2020-01-01T20:00:00+00:00,B22,213,223,-218.015042894,500,0.436030086
2020-01-01T20:00:00+00:00,B23,214,216,-197.346985859,500,0.394693972
2020-01-01T20:00:00+00:00,B24,215,216,-49.141177566,500,0.098282355
2020-01-01T20:00:00+00:00,B25-1,215,221,-84.973085367,500,0.169946171
2020-01-01T20:00:00+00:00,B25-2,215,221,-84.973085367,500,0.169946171
2020-01-01T20:00:00+00:00,B26,215,224,150.044526132,500,0.300089052
2020-01-01T20:00:00+00:00,B27,216,217,-116.780583254,500,0.233561167
2020-01-01T20:00:00+00:00,B28,216,219,-53.826579083,500,0.107653158
2020-01-01T20:00:00+00:00,B29,217,218,66.336498635,500,0.132672997
2020-01-01T20:00:00+00:00,B3,201,205,17.25032116,175,0.098573264
2020-01-01T20:00:00+00:00,B30,217,222,-23.620728322,500,0.047241457
2020-01-01T20:00:00+00:00,B31-1,218,221,-46.949883872,500,0.093899768
2020-01-01T20:00:00+00:00,B31-2,218,221,-46.949883872,500,0.093899768
2020-01-01T20:00:00+00:00,B32-1,219,220,-70.460983557,500,0.140921967
2020-01-01T20:00:00+00:00,B32-2,219,220,-70.460983557,500,0.140921967
2020-01-01T20:00:00+00:00,B33-1,220,223,-101.257142861,500,0.202514286
2020-01-01T20:00:00+00:00,B33-2,220,223,-101.257142861,500,0.202514286
2020-01-01T20:00:00+00:00,B34,221,222,-32.179271678,500,0.064358543
2020-01-01T20:00:00+00:00,B4,202,204,10.612247524,175,0.060641414
2020-01-01T20:00:00+00:00,B5,202,206,18.22629908,175,0.10415028
2020-01-01T20:00:00+00:00,B6,203,209,9.090006371,175,0.051942894
2020-01-01T20:00:00+00:00,B7,203,224,-150.044526132,400,0.375111315
2020-01-01T20:00:00+00:00,B8,204,209,-24.995811671,175,0.14283321
2020-01-01T20:00:00+00:00,B9,205,210,-16.914168068,175,0.096652389
2020-01-01T20:00:00+00:00,C1,301,302,35.04157013,175,0.200237544
2020-01-01T20:00:00+00:00,C10,306,310,-79.589275047,175,0.454795857
2020-01-01T20:00:00+00:00,C11,307,308,-75.253084474,175,0.430017626
2020-01-01T20:00:00+00:00,C12-1,308,309,-107.706356688,175,0.615464895
2020-01-01T20:00:00+00:00,C13-2,308,310,-70.492947346,175,0.402816842
2020-01-01T20:00:00+00:00,C14,309,311,-80.656560033,400,0.2016414
2020-01-01T20:00:00+00:00,C15,309,312,-84.0431256,400,0.210107814
2020-01-01T20:00:00+00:00,C16,310,311,-153.866034665,400,0.384665087
2020-01-01T20:00:00+00:00,C17,310,312,-157.302647999,400,0.39325662
2020-01-01T20:00:00+00:00,C18,311,313,-97.498605451,500,0.194997211
2020-01-01T20:00:00+00:00,C19,311,314,-137.023989246,500,0.274047978
2020-01-01T20:00:00+00:00,C2,301,303,-99.112338605,175,0.566356221
2020-01-01T20:00:00+00:00,C20,312,313,-91.394321017,500,0.182788642
2020-01-01T20:00:00+00:00,C21,312,323,-149.951452581,500,0.299902905
2020-01-01T20:00:00+00:00,C22,313,323,-116.762798753,500,0.233525598
2020-01-01T20:00:00+00:00,C23,314,316,-253.81677635,500,0.507633553
2020-01-01T20:00:00+00:00,C24,315,316,23.290917443,500,0.046581835
2020-01-01T20:00:00+00:00,C25-1,315,321,-169.930619762,500,0.33986124
2020-01-01T20:00:00+00:00,C25-2,315,321,-169.930619762,500,0.33986124
2020-01-01T20:00:00+00:00,C26,315,324,125.728499855,500,0.251457
2020-01-01T20:00:00+00:00,C27,316,317,-454.089659804,500,0.90817932
2020-01-01T20:00:00+00:00,C28,316,319,187.361333318,500,0.374722667
2020-01-01T20:00:00+00:00,C29,317,318,228.332969156,500,0.456665938
2020-01-01T20:00:00+00:00,C3,301,305,-0.947896511,175,0.005416551
2020-01-01T20:00:00+00:00,C30,317,322,-46.322628959,500,0.092645258
2020-01-01T20:00:00+00:00,C31-1,318,321,-4.341399159,500,0.008682798
2020-01-01T20:00:00+00:00,C31-2,318,321,-4.341399159,500,0.008682798
2020-01-01T20:00:00+00:00,C32-1,319,320,39.1974335,500,0.078394867
2020-01-01T20:00:00+00:00,C32-2,319,320,39.1974335,500,0.078394867
2020-01-01T20:00:00+00:00,C33-1,320,323,0.667854249,500,0.001335708
2020-01-01T20:00:00+00:00,C33-2,320,323,0.667854249,500,0.001335708
2020-01-01T20:00:00+00:00,C34,321,322,-116.877371041,500,0.233754742
2020-01-01T20:00:00+00:00,C35,323,325,-265.378542835,722,0.367560309
2020-01-01T20:00:00+00:00,C4,302,304,-25.640904282,175,0.146519453
2020-01-01T20:00:00+00:00,C5,302,306,2.286080861,175,0.013063319
2020-01-01T20:00:00+00:00,C6,303,309,91.151719609,175,0.520866969
2020-01-01T20:00:00+00:00,C7,303,324,-125.728499855,400,0.31432125
2020-01-01T20:00:00+00:00,C8,304,309,-70.19073029,175,0.401089887
2020-01-01T20:00:00+00:00,C9,305,310,-43.691648492,175,0.249666563
2020-01-01T20:00:00+00:00,CA-1,325,121,-265.378542835,500,0.530757086
2020-01-01T20:00:00+00:00,CB-1,318,223,36.541550435,500,0.073083101
2020-01-01T21:00:00+00:00,A1,101,102,8.067491195,175,0.04609995
2020-01-01T21:00:00+00:00,A10,106,110,8.010988271,175,0.045777076
2020-01-01T21:00:00+00:00,A11,107,108,-4.689596156,175,0.026797692
2020-01-01T21:00:00+00:00,A12-1,108,109,-134.152478171,175,0.76658559
2020-01-01T21:00:00+00:00,A13-2,108,110,-126.487627237,175,0.722786441
2020-01-01T21:00:00+00:00,A14,109,111,-57.410257927,400,0.143525645
2020-01-01T21:00:00+00:00,A15,109,112,-48.425124596,400,0.121062811
2020-01-01T21:00:00+00:00,A16,110,111,-73.092140745,400,0.182730352
2020-01-01T21:00:00+00:00,A17,110,112,-63.974222193,400,0.159935555
2020-01-01T21:00:00+00:00,A18,111,113,-15.653912411,500,0.031307825
2020-01-01T21:00:00+00:00,A19,111,114,-114.84848626,500,0.229696973
2020-01-01T21:00:00+00:00,A2,101,103,15.864637489,175,0.090655071
2020-01-01T21:00:00+00:00,A20,112,113,-31.849615239,500,0.06369923
2020-01-01T21:00:00+00:00,A21,112,123,-80.549731549,500,0.161099463
2020-01-01T21:00:00+00:00,A22,113,123,-72.236119871,500,0.14447224
2020-01-01T21:00:00+00:00,A23,114,116,-190.922212157,500,0.381844424
2020-01-01T21:00:00+00:00,A24,115,116,187.134564492,500,0.374269129
2020-01-01T21:00:00+00:00,A25-1,115,121,-153.714171343,500,0.307428343
2020-01-01T21:00:00+00:00,A25-2,115,121,-153.714171343,500,0.307428343
2020-01-01T21:00:00+00:00,A26,115,124,119.987741546,500,0.239975483
2020-01-01T21:00:00+00:00,A27,116,117,-261.602676756,500,0.523205354
2020-01-01T21:00:00+00:00,A28,116,119,218.601768319,500,0.437203537
2020-01-01T21:00:00+00:00,A29,117,118,-82.0026051,500,0.16400521
2020-01-01T21:00:00+00:00,A3,101,105,85.717549682,175,0.48981457
2020-01-01T21:00:00+00:00,A30,117,122,-179.600071656,500,0.359200143
2020-01-01T21:00:00+00:00,A31-1,118,121,-106.291381735,500,0.212582763
2020-01-01T21:00:00+00:00,A31-2,118,121,-106.291381735,500,0.212582763
2020-01-01T21:00:00+00:00,A32-1,119,120,73.812883161,500,0.147625766
2020-01-01T21:00:00+00:00,A32-2,119,120,73.812883161,500,0.147625766
2020-01-01T21:00:00+00:00,A33-1,120,123,48.716396267,500,0.097432793
2020-01-01T21:00:00+00:00,A33-2,120,123,48.716396267,500,0.097432793
2020-01-01T21:00:00+00:00,A34,121,122,-219.799928344,500,0.439599857
2020-01-01T21:00:00+00:00,A4,102,104,60.689605326,175,0.346797745
2020-01-01T21:00:00+00:00,A5,102,106,61.341022921,175,0.350520131
2020-01-01T21:00:00+00:00,A6,103,109,65.268509645,175,0.372962912
2020-01-01T21:00:00+00:00,A7,103,124,-119.987741546,400,0.299969354
2020-01-01T21:00:00+00:00,A8,104,109,31.671792354,175,0.180981671
2020-01-01T21:00:00+00:00,A9,105,110,57.876134534,175,0.330720769
2020-01-01T21:00:00+00:00,AB1,107,203,-44.326979809,175,0.253297027
2020-01-01T21:00:00+00:00,AB2,113,215,20.817451175,500,0.041634902
2020-01-01T21:00:00+00:00,AB3,123,217,68.646941113,500,0.137293882
2020-01-01T21:00:00+00:00,B1,201,202,-17.922228003,175,0.102412731
2020-01-01T21:00:00+00:00,B10,206,210,-58.191661777,175,0.332523782
2020-01-01T21:00:00+00:00,B11,207,208,-56.882575175,175,0.325043287
2020-01-01T21:00:00+00:00,B12-1,208,209,-72.920744556,175,0.416689969
2020-01-01T21:00:00+00:00,B13-2,208,210,-61.777193459,175,0.353012534
2020-01-01T21:00:00+00:00,B14,209,211,-79.032562535,400,0.197581406
2020-01-01T21:00:00+00:00,B15,209,212,-117.379945655,400,0.293449864
2020-01-01T21:00:00+00:00,B16,210,211,-101.766165159,400,0.254415413
2020-01-01T21:00:00+00:00,B17,210,212,-140.680258375,400,0.351700646
2020-01-01T21:00:00+00:00,B18,211,213,-95.851179621,500,0.191702359
2020-01-01T21:00:00+00:00,B19,211,214,-84.947548073,500,0.169895096
2020-01-01T21:00:00+00:00,B2,201,203,-20.492868624,175,0.117102106
2020-01-01T21:00:00+00:00,B20,212,213,-26.730021546,500,0.053460043
2020-01-01T21:00:00+00:00,B21,212,223,-231.330182485,500,0.462660365
2020-01-01T21:00:00+00:00,B22,213,223,-243.172260538,500,0.486344521
2020-01-01T21:00:00+00:00,B23,214,216,-173.229304745,500,0.346458609
2020-01-01T21:00:00+00:00,B24,215,216,-105.292833575,500,0.210585667
2020-01-01T21:00:00+00:00,B25-1,215,221,-65.943014193,500,0.131886028
2020-01-01T21:00:00+00:00,B25-2,215,221,-65.943014193,500,0.131886028
2020-01-01T21:00:00+00:00,B26,215,224,141.642102491,500,0.283284205
2020-01-01T21:00:00+00:00,B27,216,217,-37.538440529,500,0.075076881
2020-01-01T21:00:00+00:00,B28,216,219,-162.489757932,500,0.324979516
2020-01-01T21:00:00+00:00,B29,217,218,55.730639723,500,0.111461279
2020-01-01T21:00:00+00:00,B3,201,205,-1.431448325,175,0.008179705
2020-01-01T21:00:00+00:00,B30,217,222,-24.622139138,500,0.049244278
2020-01-01T21:00:00+00:00,B31-1,218,221,-47.902270272,500,0.095804541
2020-01-01T21:00:00+00:00,B31-2,218,221,-47.902270272,500,0.095804541
2020-01-01T21:00:00+00:00,B32-1,219,220,-122.427863393,500,0.244855727
2020-01-01T21:00:00+00:00,B32-2,219,220,-122.427863393,500,0.244855727
2020-01-01T21:00:00+00:00,B33-1,220,223,-151.551741883,500,0.303103484
2020-01-01T21:00:00+00:00,B33-2,220,223,-151.551741883,500,0.303103484
2020-01-01T21:00:00+00:00,B34,221,222,-31.177860862,500,0.062355722
2020-01-01T21:00:00+00:00,B4,202,204,-5.093019689,175,0.02910297
2020-01-01T21:00:00+00:00,B5,202,206,3.696580014,175,0.021123314
2020-01-01T21:00:00+00:00,B6,203,209,-5.088654195,175,0.029078024
2020-01-01T21:00:00+00:00,B7,203,224,-141.642102491,400,0.354105256
2020-01-01T21:00:00+00:00,B8,204,209,-38.767504193,175,0.221528595
2020-01-01T21:00:00+00:00,B9,205,210,-33.740751024,175,0.192804292
2020-01-01T21:00:00+00:00,C1,301,302,47.533666365,175,0.271620951
2020-01-01T21:00:00+00:00,C10,306,310,-65.218572409,175,0.372677557
2020-01-01T21:00:00+00:00,C11,307,308,-70.250711798,175,0.401432639
2020-01-01T21:00:00+00:00,C12-1,308,309,-103.489130734,175,0.591366461
2020-01-01T21:00:00+00:00,C13-2,308,310,-62.864554804,175,0.359226027
2020-01-01T21:00:00+00:00,C14,309,311,-55.006872299,400,0.137517181
2020-01-01T21:00:00+00:00,C15,309,312,-50.183742499,400,0.125459356
2020-01-01T21:00:00+00:00,C16,310,311,-134.438771051,400,0.336096928
2020-01-01T21:00:00+00:00,C17,310,312,-129.54436347,400,0.323860909
2020-01-01T21:00:00+00:00,C18,311,313,-70.892315318,500,0.141784631
2020-01-01T21:00:00+00:00,C19,311,314,-118.553328031,500,0.237106656
2020-01-01T21:00:00+00:00,C2,301,303,-121.823788758,175,0.696135936
2020-01-01T21:00:00+00:00,C20,312,313,-79.586006783,500,0.159172014
2020-01-01T21:00:00+00:00,C21,312,323,-100.142099185,500,0.200284198
2020-01-01T21:00:00+00:00,C22,313,323,-67.743164314,500,0.135486329
2020-01-01T21:00:00+00:00,C23,314,316,-227.582432742,500,0.455164865
2020-01-01T21:00:00+00:00,C24,315,316,58.390577392,500,0.116781155
2020-01-01T21:00:00+00:00,C25-1,315,321,-141.282109058,500,0.282564218
2020-01-01T21:00:00+00:00,C25-2,315,321,-141.282109058,500,0.282564218
2020-01-01T21:00:00+00:00,C26,315,324,46.017835604,500,0.092035671
2020-01-01T21:00:00+00:00,C27,316,317,-443.148625665,500,0.886297251
2020-01-01T21:00:00+00:00,C28,316,319,241.756200876,500,0.483512402
2020-01-01T21:00:00+00:00,C29,317,318,314.007437296,500,0.628014875
2020-01-01T21:00:00+00:00,C3,301,305,13.593507399,175,0.077677185
2020-01-01T21:00:00+00:00,C30,317,322,-37.956062961,500,0.075912126
2020-01-01T21:00:00+00:00,C31-1,318,321,-30.373192861,500,0.060746386
2020-01-01T21:00:00+00:00,C31-2,318,321,-30.373192861,500,0.060746386
2020-01-01T21:00:00+00:00,C32-1,319,320,70.016585096,500,0.14003317
2020-01-01T21:00:00+00:00,C32-2,319,320,70.016585096,500,0.14003317
2020-01-01T21:00:00+00:00,C33-1,320,323,34.048220656,500,0.068096441
2020-01-01T21:00:00+00:00,C33-2,320,323,34.048220656,500,0.068096441
2020-01-01T21:00:00+00:00,C34,321,322,-111.643937039,500,0.223287874
2020-01-01T21:00:00+00:00,C35,323,325,-99.788822188,722,0.138211665
2020-01-01T21:00:00+00:00,C4,302,304,-18.195088018,175,0.103971932
2020-01-01T21:00:00+00:00,C5,302,306,11.214202028,175,0.064081154
2020-01-01T21:00:00+00:00,C6,303,309,149.933021857,175,0.856760125
2020-01-01T21:00:00+00:00,C7,303,324,-46.017835604,400,0.115044589
2020-01-01T21:00:00+00:00,C8,304,309,-59.783509402,175,0.341620054
2020-01-01T21:00:00+00:00,C9,305,310,-26.308896902,175,0.150336554
2020-01-01T21:00:00+00:00,CA-1,325,121,-99.788822188,500,0.199577644
2020-01-01T21:00:00+00:00,CB-1,318,223,187.605926788,500,0.375211854
2020-01-01T22:00:00+00:00,A1,101,102,24.877484294,175,0.142157053
2020-01-01T22:00:00+00:00,A10,106,110,8.321873594,175,0.047553563
2020-01-01T22:00:00+00:00,A11,107,108,-21.903783744,175,0.125164479
2020-01-01T22:00:00+00:00,A12-1,108,109,-139.918065633,175,0.799531804
2020-01-01T22:00:00+00:00,A13-2,108,110,-130.503768165,175,0.745735818
2020-01-01T22:00:00+00:00,A14,109,111,-58.282587781,400,0.145706469
2020-01-01T22:00:00+00:00,A15,109,112,-40.385068055,400,0.10096267
2020-01-01T22:00:00+00:00,A16,110,111,-77.362990583,400,0.193407476
2020-01-01T22:00:00+00:00,A17,110,112,-59.200975492,400,0.148002439
2020-01-01T22:00:00+00:00,A18,111,113,10.275757318,500,0.020551515
2020-01-01T22:00:00+00:00,A19,111,114,-145.921335682,500,0.291842671
2020-01-01T22:00:00+00:00,A2,101,103,6.181727248,175,0.035324156
2020-01-01T22:00:00+00:00,A20,112,113,-21.984521988,500,0.043969044
2020-01-01T22:00:00+00:00,A21,112,123,-77.601521559,500,0.155203043
2020-01-01T22:00:00+00:00,A22,113,123,-74.39184524,500,0.14878369
2020-01-01T22:00:00+00:00,A23,114,116,-216.115546464,500,0.432231093
2020-01-01T22:00:00+00:00,A24,115,116,214.395060108,500,0.42879012
2020-01-01T22:00:00+00:00,A25-1,115,121,-170.020432395,500,0.340040865
2020-01-01T22:00:00+00:00,A25-2,115,121,-170.020432395,500,0.340040865
2020-01-01T22:00:00+00:00,A26,115,124,134.947016961,500,0.269894034
2020-01-01T22:00:00+00:00,A27,116,117,-323.834821967,500,0.647669644
2020-01-01T22:00:00+00:00,A28,116,119,285.931752733,500,0.571863505
2020-01-01T22:00:00+00:00,A29,117,118,-73.691400937,500,0.147382802
2020-01-01T22:00:00+00:00,A3,101,105,81.86359895,175,0.467791994
2020-01-01T22:00:00+00:00,A30,117,122,-250.143421029,500,0.500286842
2020-01-01T22:00:00+00:00,A31-1,118,121,-97.089700959,500,0.194179402
2020-01-01T22:00:00+00:00,A31-2,118,121,-97.089700959,500,0.194179402
2020-01-01T22:00:00+00:00,A32-1,119,120,110.220638863,500,0.220441278
2020-01-01T22:00:00+00:00,A32-2,119,120,110.220638863,500,0.220441278
2020-01-01T22:00:00+00:00,A33-1,120,123,87.063785821,500,0.174127572
2020-01-01T22:00:00+00:00,A33-2,120,123,87.063785821,500,0.174127572
2020-01-01T22:00:00+00:00,A34,121,122,-333.956578971,500,0.667913158
2020-01-01T22:00:00+00:00,A4,102,104,55.34494613,175,0.316256835
2020-01-01T22:00:00+00:00,A5,102,106,57.530186307,175,0.328743922
2020-01-01T22:00:00+00:00,A6,103,109,76.00009503,175,0.434286257
2020-01-01T22:00:00+00:00,A7,103,124,-134.947016961,400,0.337367542
2020-01-01T22:00:00+00:00,A8,104,109,28.569834801,175,0.163256199
2020-01-01T22:00:00+00:00,A9,105,110,56.173965107,175,0.320994086
2020-01-01T22:00:00+00:00,AB1,107,203,-23.324444852,175,0.133282542
2020-01-01T22:00:00+00:00,AB2,113,215,66.799235946,500,0.133598472
2020-01-01T22:00:00+00:00,AB3,123,217,115.134204844,500,0.23026841
2020-01-01T22:00:00+00:00,B1,201,202,15.950843323,175,0.091147676
2020-01-01T22:00:00+00:00,B10,206,210,-64.313676549,175,0.367506723
2020-01-01T22:00:00+00:00,B11,207,208,-53.104832368,175,0.303456185
2020-01-01T22:00:00+00:00,B12-1,208,209,-70.19906778,175,0.40113753
2020-01-01T22:00:00+00:00,B13-2,208,210,-55.553175268,175,0.317446716
2020-01-01T22:00:00+00:00,B14,209,211,-78.711121041,400,0.196777803
2020-01-01T22:00:00+00:00,B15,209,212,-108.012577248,400,0.270031443
2020-01-01T22:00:00+00:00,B16,210,211,-108.217903554,400,0.270544759
2020-01-01T22:00:00+00:00,B17,210,212,-137.952386207,400,0.344880966
2020-01-01T22:00:00+00:00,B18,211,213,-82.499150876,500,0.164998302
2020-01-01T22:00:00+00:00,B19,211,214,-104.429873719,500,0.208859747
2020-01-01T22:00:00+00:00,B2,201,203,-39.437063825,175,0.22535465
2020-01-01T22:00:00+00:00,B20,212,213,-29.683276064,500,0.059366552
2020-01-01T22:00:00+00:00,B21,212,223,-216.281687391,500,0.432563375
2020-01-01T22:00:00+00:00,B22,213,223,-224.764671561,500,0.449529343
2020-01-01T22:00:00+00:00,B23,214,216,-186.848573555,500,0.373697147
2020-01-01T22:00:00+00:00,B24,215,216,-62.553727037,500,0.125107454
2020-01-01T22:00:00+00:00,B25-1,215,221,-62.618221212,500,0.125236442
2020-01-01T22:00:00+00:00,B25-2,215,221,-62.618221212,500,0.125236442
2020-01-01T22:00:00+00:00,B26,215,224,147.215550519,500,0.294431101
2020-01-01T22:00:00+00:00,B27,216,217,-73.026488991,500,0.146052978
2020-01-01T22:00:00+00:00,B28,216,219,-94.859677496,500,0.189719355
2020-01-01T22:00:00+00:00,B29,217,218,64.182806985,500,0.128365614
2020-01-01T22:00:00+00:00,B3,201,205,-13.296354664,175,0.07597917
2020-01-01T22:00:00+00:00,B30,217,222,-22.075091133,500,0.044150182
2020-01-01T22:00:00+00:00,B31-1,218,221,-38.644233222,500,0.077288466
2020-01-01T22:00:00+00:00,B31-2,218,221,-38.644233222,500,0.077288466
2020-01-01T22:00:00+00:00,B32-1,219,220,-85.877737383,500,0.171755475
2020-01-01T22:00:00+00:00,B32-2,219,220,-85.877737383,500,0.171755475
2020-01-01T22:00:00+00:00,B33-1,220,223,-113.067411555,500,0.226134823
2020-01-01T22:00:00+00:00,B33-2,220,223,-113.067411555,500,0.226134823
2020-01-01T22:00:00+00:00,B34,221,222,-32.524908867,500,0.065049818
2020-01-01T22:00:00+00:00,B4,202,204,-18.722887662,175,0.106987929
2020-01-01T22:00:00+00:00,B5,202,206,-6.535618933,175,0.037346394
2020-01-01T22:00:00+00:00,B6,203,209,7.983083231,175,0.045617618
2020-01-01T22:00:00+00:00,B7,203,224,-147.215550519,400,0.368038876
2020-01-01T22:00:00+00:00,B8,204,209,-50.160948424,175,0.286633991
2020-01-01T22:00:00+00:00,B9,205,210,-43.45989945,175,0.248342283
2020-01-01T22:00:00+00:00,C1,301,302,38.129553448,175,0.217883163
2020-01-01T22:00:00+00:00,C10,306,310,-63.618016521,175,0.363531523
2020-01-01T22:00:00+00:00,C11,307,308,-64.259727939,175,0.367198445
2020-01-01T22:00:00+00:00,C12-1,308,309,-92.598993362,175,0.529137105
2020-01-01T22:00:00+00:00,C13-2,308,310,-59.568042397,175,0.340388814
2020-01-01T22:00:00+00:00,C14,309,311,-59.91232364,400,0.149780809
2020-01-01T22:00:00+00:00,C15,309,312,-64.130371024,400,0.160325928
2020-01-01T22:00:00+00:00,C16,310,311,-124.721101932,400,0.311802755
2020-01-01T22:00:00+00:00,C17,310,312,-129.001484991,400,0.322503712
2020-01-01T22:00:00+00:00,C18,311,313,-90.284103069,500,0.180568206
2020-01-01T22:00:00+00:00,C19,311,314,-94.349322503,500,0.188698645
2020-01-01T22:00:00+00:00,C2,301,303,-99.858131435,175,0.570617894
2020-01-01T22:00:00+00:00,C20,312,313,-82.68107266,500,0.165362145
2020-01-01T22:00:00+00:00,C21,312,323,-110.450783356,500,0.220901567
2020-01-01T22:00:00+00:00,C22,313,323,-77.529132159,500,0.155058264
2020-01-01T22:00:00+00:00,C23,314,316,-194.080420263,500,0.388160841
2020-01-01T22:00:00+00:00,C24,315,316,-23.008566833,500,0.046017134
2020-01-01T22:00:00+00:00,C25-1,315,321,-94.470241273,500,0.188940483
2020-01-01T22:00:00+00:00,C25-2,315,321,-94.470241273,500,0.188940483
2020-01-01T22:00:00+00:00,C26,315,324,48.986379326,500,0.097972759
2020-01-01T22:00:00+00:00,C27,316,317,-391.590420164,500,0.78318084
2020-01-01T22:00:00+00:00,C28,316,319,147.093650716,500,0.294187301
2020-01-01T22:00:00+00:00,C29,317,318,373.416777882,500,0.746833556
2020-01-01T22:00:00+00:00,C3,301,305,6.208173048,175,0.035475275
2020-01-01T22:00:00+00:00,C30,317,322,-30.107198046,500,0.060214396
2020-01-01T22:00:00+00:00,C31-1,318,321,27.523840296,500,0.055047681
2020-01-01T22:00:00+00:00,C31-2,318,321,27.523840296,500,0.055047681
2020-01-01T22:00:00+00:00,C32-1,319,320,27.022782331,500,0.054045565
2020-01-01T22:00:00+00:00,C32-2,319,320,27.022782331,500,0.054045565
2020-01-01T22:00:00+00:00,C33-1,320,323,-5.878198374,500,0.011756397
2020-01-01T22:00:00+00:00,C33-2,320,323,-5.878198374,500,0.011756397
2020-01-01T22:00:00+00:00,C34,321,322,-133.892801954,500,0.267785604
2020-01-01T22:00:00+00:00,C35,323,325,-199.736312262,722,0.276643092
2020-01-01T22:00:00+00:00,C4,302,304,-18.032562909,175,0.103043217
2020-01-01T22:00:00+00:00,C5,302,306,6.296567476,175,0.035980386
2020-01-01T22:00:00+00:00,C6,303,309,113.29423966,175,0.647395655
2020-01-01T22:00:00+00:00,C7,303,324,-48.986379326,400,0.122465948
2020-01-01T22:00:00+00:00,C8,304,309,-56.074321848,175,0.320424696
2020-01-01T22:00:00+00:00,C9,305,310,-30.291352421,175,0.173093442
2020-01-01T22:00:00+00:00,CA-1,325,121,-199.736312262,500,0.399472625
2020-01-01T22:00:00+00:00,CB-1,318,223,147.181182062,500,0.294362364
2020-01-01T23:00:00+00:00,A1,101,102,9.549904877,175,0.054570885
2020-01-01T23:00:00+00:00,A10,106,110,16.794546591,175,0.095968838
2020-01-01T23:00:00+00:00,A11,107,108,-26.271143684,175,0.150120821
2020-01-01T23:00:00+00:00,A12-1,108,109,-138.250588003,175,0.79000336
2020-01-01T23:00:00+00:00,A13-2,108,110,-130.48134242,175,0.745607671
2020-01-01T23:00:00+00:00,A14,109,111,-51.254724611,400,0.128136812
2020-01-01T23:00:00+00:00,A15,109,112,-33.231004757,400,0.083077512
2020-01-01T23:00:00+00:00,A16,110,111,-67.047669417,400,0.167619174
2020-01-01T23:00:00+00:00,A17,110,112,-48.757589172,400,0.121893973
2020-01-01T23:00:00+00:00,A18,111,113,22.759229636,500,0.045518459
2020-01-01T23:00:00+00:00,A19,111,114,-141.061623664,500,0.282123247
2020-01-01T23:00:00+00:00,A2,101,103,14.519819637,175,0.082970398
2020-01-01T23:00:00+00:00,A20,112,113,-9.728525401,500,0.019457051
2020-01-01T23:00:00+00:00,A21,112,123,-72.260068528,500,0.144520137
2020-01-01T23:00:00+00:00,A22,113,123,-75.198361242,500,0.150396722
2020-01-01T23:00:00+00:00,A23,114,116,-208.52006008,500,0.41704012
2020-01-01T23:00:00+00:00,A24,115,116,209.942502581,500,0.419885005
2020-01-01T23:00:00+00:00,A25-1,115,121,-160.426940232,500,0.32085388
2020-01-01T23:00:00+00:00,A25-2,115,121,-160.426940232,500,0.32085388
2020-01-01T23:00:00+00:00,A26,115,124,124.682901884,500,0.249365804
2020-01-01T23:00:00+00:00,A27,116,117,-315.167195192,500,0.63033439
2020-01-01T23:00:00+00:00,A28,116,119,281.817247788,500,0.563634496
2020-01-01T23:00:00+00:00,A29,117,118,-64.085140047,500,0.12817028
2020-01-01T23:00:00+00:00,A3,101,105,90.376094388,175,0.516434825
2020-01-01T23:00:00+00:00,A30,117,122,-251.082055146,500,0.50216411
2020-01-01T23:00:00+00:00,A31-1,118,121,-89.938599216,500,0.179877198
2020-01-01T23:00:00+00:00,A31-2,118,121,-89.938599216,500,0.179877198
2020-01-01T23:00:00+00:00,A32-1,119,120,109.43961103,500,0.218879222
2020-01-01T23:00:00+00:00,A32-2,119,120,109.43961103,500,0.218879222
2020-01-01T23:00:00+00:00,A33-1,120,123,87.18528149,500,0.174370563
2020-01-01T23:00:00+00:00,A33-2,120,123,87.18528149,500,0.174370563
2020-01-01T23:00:00+00:00,A34,121,122,-340.117944854,500,0.68023589
2020-01-01T23:00:00+00:00,A4,102,104,63.735689807,175,0.364203942
2020-01-01T23:00:00+00:00,A5,102,106,64.084996862,175,0.366199982
2020-01-01T23:00:00+00:00,A6,103,109,76.612419691,175,0.437785255
2020-01-01T23:00:00+00:00,A7,103,124,-124.682901884,400,0.311707255
2020-01-01T23:00:00+00:00,A8,104,109,38.004121277,175,0.217166407
2020-01-01T23:00:00+00:00,A9,105,110,65.687697555,175,0.375358272
2020-01-01T23:00:00+00:00,AB1,107,203,-17.194343697,175,0.098253393
2020-01-01T23:00:00+00:00,AB2,113,215,96.082232228,500,0.192164464
2020-01-01T23:00:00+00:00,AB3,123,217,150.912133211,500,0.301824266
2020-01-01T23:00:00+00:00,B1,201,202,14.703980132,175,0.084022744
2020-01-01T23:00:00+00:00,B10,206,210,-60.758789888,175,0.347193085
2020-01-01T23:00:00+00:00,B11,207,208,-49.937037632,175,0.285354501
2020-01-01T23:00:00+00:00,B12-1,208,209,-65.805412076,175,0.376030926
2020-01-01T23:00:00+00:00,B13-2,208,210,-52.445493036,175,0.299688532
2020-01-01T23:00:00+00:00,B14,209,211,-73.403177322,400,0.183507943
2020-01-01T23:00:00+00:00,B15,209,212,-104.664658646,400,0.261661647
2020-01-01T23:00:00+00:00,B16,210,211,-100.34282833,400,0.250857071
2020-01-01T23:00:00+00:00,B17,210,212,-132.066301989,400,0.330165755
2020-01-01T23:00:00+00:00,B18,211,213,-84.092295363,500,0.168184591
2020-01-01T23:00:00+00:00,B19,211,214,-89.653710289,500,0.179307421
2020-01-01T23:00:00+00:00,B2,201,203,-35.610749329,175,0.203489996
2020-01-01T23:00:00+00:00,B20,212,213,-27.743475277,500,0.055486951
2020-01-01T23:00:00+00:00,B21,212,223,-208.987485358,500,0.417974971
2020-01-01T23:00:00+00:00,B22,213,223,-217.702290419,500,0.435404581
2020-01-01T23:00:00+00:00,B23,214,216,-167.155992694,500,0.334311985
2020-01-01T23:00:00+00:00,B24,215,216,-95.40857406,500,0.190817148
2020-01-01T23:00:00+00:00,B25-1,215,221,-18.397985779,500,0.036795972
2020-01-01T23:00:00+00:00,B25-2,215,221,-18.397985779,500,0.036795972
2020-01-01T23:00:00+00:00,B26,215,224,129.546450413,500,0.259092901
2020-01-01T23:00:00+00:00,B27,216,217,-36.883893402,500,0.073767787
2020-01-01T23:00:00+00:00,B28,216,219,-121.200101957,500,0.242400204
2020-01-01T23:00:00+00:00,B29,217,218,126.253524871,500,0.25250705
2020-01-01T23:00:00+00:00,B3,201,205,-12.938831316,175,0.073936179
2020-01-01T23:00:00+00:00,B30,217,222,-12.225285062,500,0.02445057
2020-01-01T23:00:00+00:00,B31-1,218,221,-3.38937169,500,0.006778743
2020-01-01T23:00:00+00:00,B31-2,218,221,-3.38937169,500,0.006778743
2020-01-01T23:00:00+00:00,B32-1,219,220,-96.754466224,500,0.193508932
2020-01-01T23:00:00+00:00,B32-2,219,220,-96.754466224,500,0.193508932
2020-01-01T23:00:00+00:00,B33-1,220,223,-122.322229491,500,0.244644459
2020-01-01T23:00:00+00:00,B33-2,220,223,-122.322229491,500,0.244644459
2020-01-01T23:00:00+00:00,B34,221,222,-43.574714938,500,0.08714943
2020-01-01T23:00:00+00:00,B4,202,204,-17.619868126,175,0.100684961
2020-01-01T23:00:00+00:00,B5,202,206,-6.427292944,175,0.036727388
2020-01-01T23:00:00+00:00,B6,203,209,4.832023196,175,0.027611561
2020-01-01T23:00:00+00:00,B7,203,224,-129.546450413,400,0.323866126
2020-01-01T23:00:00+00:00,B8,204,209,-47.182594404,175,0.269614825
2020-01-01T23:00:00+00:00,B9,205,210,-41.303068691,175,0.236017535
2020-01-01T23:00:00+00:00,C1,301,302,26.434925418,175,0.151056717
2020-01-01T23:00:00+00:00,C10,306,310,-63.081576617,175,0.360466152
2020-01-01T23:00:00+00:00,C11,307,308,-58.071021842,175,0.331834411
2020-01-01T23:00:00+00:00,C12-1,308,309,-81.097371273,175,0.46341355
2020-01-01T23:00:00+00:00,C13-2,308,310,-56.414808449,175,0.322370334
2020-01-01T23:00:00+00:00,C14,309,311,-70.546564574,400,0.176366411
2020-01-01T23:00:00+00:00,C15,309,312,-78.009929089,400,0.195024823
2020-01-01T23:00:00+00:00,C16,310,311,-119.356223704,400,0.298390559
2020-01-01T23:00:00+00:00,C17,310,312,-126.929884247,400,0.317324711
2020-01-01T23:00:00+00:00,C18,311,313,-101.707123542,500,0.203414247
2020-01-01T23:00:00+00:00,C19,311,314,-88.195664736,500,0.176391329
2020-01-01T23:00:00+00:00,C2,301,303,-73.393699885,175,0.419392571
2020-01-01T23:00:00+00:00,C20,312,313,-88.254409002,500,0.176508818
2020-01-01T23:00:00+00:00,C21,312,323,-116.685404334,500,0.233370809
2020-01-01T23:00:00+00:00,C22,313,323,-81.405432049,500,0.162810864
2020-01-01T23:00:00+00:00,C23,314,316,-178.321890635,500,0.356643781
2020-01-01T23:00:00+00:00,C24,315,316,-59.662095393,500,0.119324191
2020-01-01T23:00:00+00:00,C25-1,315,321,-85.184111568,500,0.170368223
2020-01-01T23:00:00+00:00,C25-2,315,321,-85.184111568,500,0.170368223
2020-01-01T23:00:00+00:00,C26,315,324,82.762207136,500,0.165524414
2020-01-01T23:00:00+00:00,C27,316,317,-362.696339919,500,0.72539268
2020-01-01T23:00:00+00:00,C28,316,319,102.255536418,500,0.204511073
2020-01-01T23:00:00+00:00,C29,317,318,345.881469372,500,0.691762939
2020-01-01T23:00:00+00:00,C3,301,305,-3.214588404,175,0.018369077
2020-01-01T23:00:00+00:00,C30,317,322,20.522190709,500,0.041044381
2020-01-01T23:00:00+00:00,C31-1,318,321,54.923016213,500,0.109846032
2020-01-01T23:00:00+00:00,C31-2,318,321,54.923016213,500,0.109846032
2020-01-01T23:00:00+00:00,C32-1,319,320,9.084348395,500,0.018168697
2020-01-01T23:00:00+00:00,C32-2,319,320,9.084348395,500,0.018168697
2020-01-01T23:00:00+00:00,C33-1,320,323,-20.648014788,500,0.04129603
2020-01-01T23:00:00+00:00,C33-2,320,323,-20.648014788,500,0.04129603
2020-01-01T23:00:00+00:00,C34,321,322,-60.522190709,500,0.121044381
2020-01-01T23:00:00+00:00,C35,323,325,-239.386865958,722,0.331560756
2020-01-01T23:00:00+00:00,C4,302,304,-18.727882679,175,0.107016472
2020-01-01T23:00:00+00:00,C5,302,306,0.099695147,175,0.000569687
2020-01-01T23:00:00+00:00,C6,303,309,66.846235799,175,0.38197849
2020-01-01T23:00:00+00:00,C7,303,324,-82.762207136,400,0.206905518
2020-01-01T23:00:00+00:00,C8,304,309,-53.105927609,175,0.303462443
2020-01-01T23:00:00+00:00,C9,305,310,-36.19892881,175,0.206851022
2020-01-01T23:00:00+00:00,CA-1,325,121,-239.386865958,500,0.478773732
2020-01-01T23:00:00+00:00,CB-1,318,223,81.334234758,500,0.16266847
