hour_index,timestamp,mode,branch_row,branch_uid,from_bus,to_bus,online,rate_a_mva,pf_mw,qf_mvar,pt_mw,qt_mvar,from_mva,to_mva,loading_fraction
0,2020-01-01T00:00:00+00:00,distributed_committable,0,A1,101,102,true,175,27.712904386,-24.744728984,-27.690599412,-22.789816353,37.152478813,35.862864152,0.212299879
0,2020-01-01T00:00:00+00:00,distributed_committable,1,A2,101,103,true,175,-8.89490359,-5.422531916,8.940244581,-0.356511303,10.417445092,8.947350082,0.059528258
0,2020-01-01T00:00:00+00:00,distributed_committable,2,A3,101,105,true,175,52.18482399,-27.436356199,-51.45888128,27.834935083,58.957692427,58.504701296,0.3369011
0,2020-01-01T00:00:00+00:00,distributed_committable,3,A4,102,104,true,175,32.782383154,-8.815290143,-32.423033465,6.690241919,33.946928956,33.106078535,0.193982451
0,2020-01-01T00:00:00+00:00,distributed_committable,4,A5,102,106,true,175,37.055089935,-25.307268858,-36.142489224,23.293523669,44.87245867,42.99846244,0.25641405
0,2020-01-01T00:00:00+00:00,distributed_committable,5,A6,103,109,true,175,61.215280335,-12.918074711,-60.076785296,13.922475917,62.563465382,61.668918161,0.357505516
0,2020-01-01T00:00:00+00:00,distributed_committable,6,A7,103,124,true,400,-132.367301223,0.486609764,132.709597703,13.889842394,132.36819566,133.434497205,0.333586243
0,2020-01-01T00:00:00+00:00,distributed_committable,7,A8,104,109,true,175,6.847080966,-11.874556615,-6.806301117,9.119811056,13.70721024,11.379661181,0.078326916
0,2020-01-01T00:00:00+00:00,distributed_committable,8,A9,105,110,true,175,26.919791721,-32.6736288,-26.547960704,31.503356452,42.33486985,41.19776311,0.241913542
0,2020-01-01T00:00:00+00:00,distributed_committable,9,A10,106,110,true,175,-10.861964018,-141.938796235,10.885268445,-127.488052465,142.353799173,127.951915149,0.813450281
0,2020-01-01T00:00:00+00:00,distributed_committable,10,A11,107,108,true,175,-71.821370466,8.684228411,72.667894661,-7.154902213,72.344488931,73.019281975,0.41725304
0,2020-01-01T00:00:00+00:00,distributed_committable,11,AB1,107,203,true,175,28.618747978,-17.324752863,-28.174958204,14.599805705,33.4541447,31.732989087,0.191166541
0,2020-01-01T00:00:00+00:00,distributed_committable,12,A12-1,108,109,true,175,-69.097046921,6.836176946,71.174042199,-3.489177335,69.434394995,71.259516146,0.407197235
0,2020-01-01T00:00:00+00:00,distributed_committable,13,A13-2,108,110,true,175,-62.672035297,-11.778008994,64.390322942,13.628251475,63.769157938,65.816737437,0.376095642
0,2020-01-01T00:00:00+00:00,distributed_committable,14,A14,109,111,true,400,-40.658318756,-10.538219442,40.694001252,12.036884299,42.00182083,42.43687455,0.106092186
0,2020-01-01T00:00:00+00:00,distributed_committable,15,A15,109,112,true,400,-24.116308501,-21.457245456,24.137384626,22.342442707,32.280175314,32.890699031,0.082226748
0,2020-01-01T00:00:00+00:00,distributed_committable,16,A16,110,111,true,400,-66.547535775,40.121510851,66.660385083,-35.381839924,77.706564399,75.46841416,0.194266411
0,2020-01-01T00:00:00+00:00,distributed_committable,17,A17,110,112,true,400,-49.576185987,28.410094512,49.637203933,-25.847340793,57.13958074,55.963711817,0.142848952
0,2020-01-01T00:00:00+00:00,distributed_committable,18,A18,111,113,true,500,32.77744249,-18.563082439,-32.702721813,9.020220785,37.668936351,33.92392072,0.075337873
0,2020-01-01T00:00:00+00:00,distributed_committable,19,A19,111,114,true,500,-140.131827054,41.908037817,141.210947425,-41.633450291,146.264187644,147.2205008,0.294441002
0,2020-01-01T00:00:00+00:00,distributed_committable,20,A20,112,113,true,500,5.236891777,2.392013513,-5.23197938,-12.5791748,5.757322653,13.62384846,0.027247697
0,2020-01-01T00:00:00+00:00,distributed_committable,21,A21,112,123,true,500,-79.011479622,1.112884484,79.756779991,-15.953201606,79.019316778,81.336637477,0.162673275
0,2020-01-01T00:00:00+00:00,distributed_committable,22,A22,113,123,true,500,-90.557855044,-0.178766625,91.452275203,-11.382299706,90.558031492,92.157882931,0.184315766
0,2020-01-01T00:00:00+00:00,distributed_committable,23,AB2,113,215,true,500,136.902996562,-14.925812283,-135.058568246,12.714483975,137.714234341,135.655722177,0.275428469
0,2020-01-01T00:00:00+00:00,distributed_committable,24,A23,114,116,true,500,-208.261417083,-21.061578917,210.470286632,38.790696644,209.323691808,214.015092228,0.428030184
0,2020-01-01T00:00:00+00:00,distributed_committable,25,A24,115,116,true,500,192.637135461,59.269585224,-191.87501072,-56.601840256,201.548876681,200.049464032,0.403097753
0,2020-01-01T00:00:00+00:00,distributed_committable,26,A25-1,115,121,true,500,-183.210020054,-6.301767572,185.088534141,10.443680852,183.318367118,185.382944038,0.370765888
0,2020-01-01T00:00:00+00:00,distributed_committable,27,A25-2,115,121,true,500,-183.210020054,-6.301767572,185.088534141,10.443680852,183.318367118,185.382944038,0.370765888
0,2020-01-01T00:00:00+00:00,distributed_committable,28,A26,115,124,true,500,133.899200346,11.214137923,-132.709597625,-13.889842408,134.367975138,133.434497129,0.26873595
0,2020-01-01T00:00:00+00:00,distributed_committable,29,A27,116,117,true,500,-327.933021457,11.620616022,331.027148183,9.396363329,328.138850608,331.160481455,0.662320963
0,2020-01-01T00:00:00+00:00,distributed_committable,30,A28,116,119,true,500,274.775650464,-0.721891923,-272.607466121,12.25843491,274.776598742,272.882941591,0.549553197
0,2020-01-01T00:00:00+00:00,distributed_committable,31,A29,117,118,true,500,-76.138616795,-47.115053621,76.286542074,44.934842007,89.537239432,88.53686536,0.179074479
0,2020-01-01T00:00:00+00:00,distributed_committable,32,A30,117,122,true,500,-254.888531296,37.718690311,263.759661195,4.875768169,257.664244677,263.804723212,0.527609446
0,2020-01-01T00:00:00+00:00,distributed_committable,33,A31-1,118,121,true,500,-95.689163941,-34.218534316,95.970668696,30.656739096,101.623443095,100.748225304,0.203246886
0,2020-01-01T00:00:00+00:00,distributed_committable,34,A31-2,118,121,true,500,-95.689163941,-34.218534316,95.970668696,30.656739096,101.623443095,100.748225304,0.203246886
0,2020-01-01T00:00:00+00:00,distributed_committable,35,A32-1,119,120,true,500,105.025034598,-12.523205556,-104.486954599,8.277190251,105.769034078,104.814290818,0.211538068
0,2020-01-01T00:00:00+00:00,distributed_committable,36,A32-2,119,120,true,500,105.025034598,-12.523205556,-104.486954599,8.277190251,105.769034078,104.814290818,0.211538068
0,2020-01-01T00:00:00+00:00,distributed_committable,37,A33-1,120,123,true,500,82.367212105,-12.770262976,-82.166285492,9.509852282,83.351288211,82.714785631,0.166702576
0,2020-01-01T00:00:00+00:00,distributed_committable,38,A33-2,120,123,true,500,82.367212105,-12.770262976,-82.166285492,9.509852282,83.351288211,82.714785631,0.166702576
0,2020-01-01T00:00:00+00:00,distributed_committable,39,A34,121,122,true,500,-350.58389176,79.535341877,361.240338612,-14.67545963,359.492608782,361.538312432,0.723076625
0,2020-01-01T00:00:00+00:00,distributed_committable,40,AB3,123,217,true,500,211.05580242,-12.928959655,-206.724861181,29.110261215,211.451435873,208.76440199,0.422902872
0,2020-01-01T00:00:00+00:00,distributed_committable,41,B1,201,202,true,175,-20.89918128,-10.034234287,20.917383505,-37.729493979,23.183218842,43.139907842,0.246513759
0,2020-01-01T00:00:00+00:00,distributed_committable,42,B2,201,203,true,175,-24.027432193,8.691650346,24.404836829,-13.111969026,25.551169905,27.704147567,0.158309415
0,2020-01-01T00:00:00+00:00,distributed_committable,43,B3,201,205,true,175,12.441002172,-17.168604831,-12.354223389,15.088333844,21.202347203,19.500888538,0.12115627
0,2020-01-01T00:00:00+00:00,distributed_committable,44,B4,202,204,true,175,6.31600936,0.030836884,-6.302286491,-3.487813286,6.316084637,7.203031065,0.041160178
0,2020-01-01T00:00:00+00:00,distributed_committable,45,B5,202,206,true,175,12.642950821,-19.450904722,-12.430433579,14.737797894,23.19874781,19.279999112,0.132564273
0,2020-01-01T00:00:00+00:00,distributed_committable,46,B6,203,209,true,175,28.07157901,-17.804664907,-27.752514517,15.729989846,33.241835697,31.900386245,0.189953347
0,2020-01-01T00:00:00+00:00,distributed_committable,47,B7,203,224,true,400,-93.944144911,2.001386675,94.122546795,5.49149245,93.96546127,94.282608707,0.235706522
0,2020-01-01T00:00:00+00:00,distributed_committable,48,B8,204,209,true,175,-22.32859538,-2.31574425,22.459748024,-0.077595594,22.448359474,22.459882065,0.128342183
0,2020-01-01T00:00:00+00:00,distributed_committable,49,B9,205,210,true,175,-15.115947093,-20.504987542,15.245625372,18.404668625,25.474425816,23.898973203,0.145568148
0,2020-01-01T00:00:00+00:00,distributed_committable,50,B10,206,210,true,175,-40.188485657,-134.569958328,40.395973411,-134.092451446,140.442828453,140.045064899,0.802530448
0,2020-01-01T00:00:00+00:00,distributed_committable,51,B11,207,208,true,175,-48.362978107,-9.672595623,48.768217563,9.571725576,49.320753821,49.6986617,0.283992353
0,2020-01-01T00:00:00+00:00,distributed_committable,52,B12-1,208,209,true,175,-61.262491933,-1.243130394,62.906660936,2.997705217,61.275103354,62.978045593,0.359874546
0,2020-01-01T00:00:00+00:00,distributed_committable,53,B13-2,208,210,true,175,-53.666279677,-21.870229057,55.096982534,22.670479553,57.951501217,59.578755673,0.340450032
0,2020-01-01T00:00:00+00:00,distributed_committable,54,B14,209,211,true,400,-51.65424628,-14.807618008,51.713019332,17.276086216,53.734781192,54.522468061,0.13630617
0,2020-01-01T00:00:00+00:00,distributed_committable,55,B15,209,212,true,400,-73.667817062,-17.77101919,73.784709838,22.68051578,75.780976463,77.191898551,0.192979746
0,2020-01-01T00:00:00+00:00,distributed_committable,56,B16,210,211,true,400,-81.572440578,40.047278017,81.726770575,-33.565418154,90.872699632,88.351017677,0.227181749
0,2020-01-01T00:00:00+00:00,distributed_committable,57,B17,210,212,true,400,-104.612385782,37.493872166,104.843184997,-27.800305125,111.128491886,108.466356099,0.27782123
0,2020-01-01T00:00:00+00:00,distributed_committable,58,B18,211,213,true,500,-54.41380966,-0.20322644,54.590824634,-8.50931013,54.414189167,55.250036137,0.110500072
0,2020-01-01T00:00:00+00:00,distributed_committable,59,B19,211,214,true,500,-79.025979111,16.492558249,79.35633846,-22.582060554,80.728618545,82.506835551,0.165013671
0,2020-01-01T00:00:00+00:00,distributed_committable,60,B20,212,213,true,500,-15.582117813,2.496268519,15.599801097,-12.523012025,15.780803276,20.004490107,0.04000898
0,2020-01-01T00:00:00+00:00,distributed_committable,61,B21,212,223,true,500,-163.045776008,2.623520706,166.19464576,1.737866899,163.066881784,166.203731789,0.332407464
0,2020-01-01T00:00:00+00:00,distributed_committable,62,B22,213,223,true,500,-172.720138475,0.139515552,175.965433634,6.666466997,172.720194822,176.091668219,0.352183336
0,2020-01-01T00:00:00+00:00,distributed_committable,63,B23,214,216,true,500,-154.415679616,0.539481316,155.605310213,5.197916134,154.416622005,155.692102878,0.311384206
0,2020-01-01T00:00:00+00:00,distributed_committable,64,B24,215,216,true,500,-14.899421193,-26.898742951,14.916232386,23.381163964,30.749554862,27.733965041,0.06149911
0,2020-01-01T00:00:00+00:00,distributed_committable,65,B25-1,215,221,true,500,-19.767678739,-7.845290007,19.791251973,-2.414107868,21.267573863,19.93794301,0.042535148
0,2020-01-01T00:00:00+00:00,distributed_committable,66,B25-2,215,221,true,500,-19.767678739,-7.845290007,19.791251973,-2.414107868,21.267573863,19.93794301,0.042535148
0,2020-01-01T00:00:00+00:00,distributed_committable,67,B26,215,224,true,500,94.744834378,-0.833549428,-94.122545829,-5.491492567,94.748501022,94.282607749,0.189497002
0,2020-01-01T00:00:00+00:00,distributed_committable,68,B27,216,217,true,500,-93.337115517,14.926557003,93.60224012,-18.238058759,94.523114829,95.362498618,0.190724997
0,2020-01-01T00:00:00+00:00,distributed_committable,69,B28,216,219,true,500,-45.499408516,-21.506355789,45.570822712,17.020723522,50.326131528,48.645708052,0.100652263
0,2020-01-01T00:00:00+00:00,distributed_committable,70,B29,217,218,true,500,125.150251001,2.301261069,-124.842357469,-3.192415903,125.171406991,124.883168352,0.250342814
0,2020-01-01T00:00:00+00:00,distributed_committable,71,B30,217,222,true,500,-12.027629946,-13.173463596,12.048024981,-9.262806126,17.838274166,15.197186689,0.035676548
0,2020-01-01T00:00:00+00:00,distributed_committable,72,B31-1,218,221,true,500,-1.998307275,-11.558522112,2.000706327,5.997206223,11.72999,6.322128462,0.02345998
0,2020-01-01T00:00:00+00:00,distributed_committable,73,B31-2,218,221,true,500,-1.998307275,-11.558522112,2.000706327,5.997206223,11.72999,6.322128462,0.02345998
0,2020-01-01T00:00:00+00:00,distributed_committable,74,B32-1,219,220,true,500,-57.800207177,-15.668082523,57.968188409,8.374229703,59.88616501,58.569946137,0.11977233
0,2020-01-01T00:00:00+00:00,distributed_committable,75,B32-2,219,220,true,500,-57.800207177,-15.668082523,57.968188409,8.374229703,59.88616501,58.569946137,0.11977233
0,2020-01-01T00:00:00+00:00,distributed_committable,76,B33-1,220,223,true,500,-82.730033049,-13.403979428,82.929339035,10.019610311,83.808860109,83.532435997,0.16761772
0,2020-01-01T00:00:00+00:00,distributed_committable,77,B33-2,220,223,true,500,-82.730033049,-13.403979428,82.929339035,10.019610311,83.808860109,83.532435997,0.16761772
0,2020-01-01T00:00:00+00:00,distributed_committable,78,B34,221,222,true,500,-43.583916616,-7.166196713,43.751974314,-6.070697676,44.169131335,44.171128881,0.088342258
0,2020-01-01T00:00:00+00:00,distributed_committable,79,C1,301,302,true,175,46.153517792,-38.998749776,-46.087854933,-9.94953601,60.423916529,47.1495879,0.345279523
0,2020-01-01T00:00:00+00:00,distributed_committable,80,C2,301,303,true,175,-123.382995802,41.703148365,132.255683248,-13.817881239,130.240225109,132.975560135,0.759860344
0,2020-01-01T00:00:00+00:00,distributed_committable,81,C3,301,305,true,175,29.874843403,-12.350713046,-29.665466116,10.696304652,32.327177129,31.534914192,0.184726726
0,2020-01-01T00:00:00+00:00,distributed_committable,82,C4,302,304,true,175,-17.846780606,15.650967976,18.039286992,-18.491298219,23.737320333,25.833001858,0.147617153
0,2020-01-01T00:00:00+00:00,distributed_committable,83,C5,302,306,true,175,21.403158161,-14.470808744,-21.124985823,9.912983781,25.836011398,23.335215308,0.147634351
0,2020-01-01T00:00:00+00:00,distributed_committable,84,C6,303,309,true,175,169.784564629,-7.584538958,-161.586755342,35.643363434,169.953886738,165.471232723,0.971165067
0,2020-01-01T00:00:00+00:00,distributed_committable,85,C7,303,324,true,400,99.835361111,5.179073156,-99.646681696,2.745462248,99.969606015,99.684495966,0.249924015
0,2020-01-01T00:00:00+00:00,distributed_committable,86,C8,304,309,true,175,-50.485981074,11.914265635,51.195791283,-12.088667105,51.872767524,52.603658784,0.300592336
0,2020-01-01T00:00:00+00:00,distributed_committable,87,C9,305,310,true,175,-1.465821449,-16.834868398,1.518022358,14.422460666,16.898562853,14.502129621,0.096563216
0,2020-01-01T00:00:00+00:00,distributed_committable,88,C10,306,310,true,175,-38.506776274,-131.666599077,38.697496527,-137.656121966,137.181868815,142.991972335,0.817096985
0,2020-01-01T00:00:00+00:00,distributed_committable,89,C11,307,308,true,175,-54.808604868,-10.961720974,55.342812841,11.389613403,55.894029147,56.502656811,0.322872325
0,2020-01-01T00:00:00+00:00,distributed_committable,90,C12-1,308,309,true,175,-90.751768702,5.440595568,94.459033841,4.280528827,90.914705096,94.555972848,0.540319845
0,2020-01-01T00:00:00+00:00,distributed_committable,91,C13-2,308,310,true,175,-39.569215599,-32.176618334,40.671711974,31.762056938,51.000564609,51.604422444,0.294882414
0,2020-01-01T00:00:00+00:00,distributed_committable,92,C14,309,311,true,400,43.511904185,-16.680618367,-43.467600482,18.541373874,46.599665609,47.256902531,0.118142256
0,2020-01-01T00:00:00+00:00,distributed_committable,93,C15,309,312,true,400,38.487979219,-26.939484991,-38.442950599,28.830687042,46.979361383,48.05277272,0.120131932
0,2020-01-01T00:00:00+00:00,distributed_committable,94,C16,310,311,true,400,-80.034184679,42.028527315,80.186907809,-35.614155848,90.398383976,87.740003879,0.22599596
0,2020-01-01T00:00:00+00:00,distributed_committable,95,C17,310,312,true,400,-86.354469776,31.90432349,86.512857741,-25.252028931,92.059656243,90.1229134,0.230149141
0,2020-01-01T00:00:00+00:00,distributed_committable,96,C18,311,313,true,500,8.946091802,-12.127805456,-8.93833932,2.079632237,15.070375699,9.177079058,0.030140751
0,2020-01-01T00:00:00+00:00,distributed_committable,97,C19,311,314,true,500,-45.665399128,29.20058743,45.824937426,-36.630374474,54.203348455,58.666082401,0.117332165
0,2020-01-01T00:00:00+00:00,distributed_committable,98,C20,312,313,true,500,20.323738586,4.641039898,-20.293990833,-14.600558165,20.846908678,25.000447249,0.050000894
0,2020-01-01T00:00:00+00:00,distributed_committable,99,C21,312,323,true,500,-68.393645726,-8.21969801,68.941518368,-8.339106866,68.885805584,69.44403256,0.138888065
0,2020-01-01T00:00:00+00:00,distributed_committable,100,C22,313,323,true,500,-86.961912166,-11.156391375,87.782773484,-1.061189071,87.674621391,87.789187505,0.175578375
0,2020-01-01T00:00:00+00:00,distributed_committable,101,C23,314,316,true,500,-130.887892174,-30.469899879,131.792961077,32.864974349,134.387704483,135.828903877,0.271657808
0,2020-01-01T00:00:00+00:00,distributed_committable,102,C24,315,316,true,500,29.732800079,4.140705721,-29.715085018,-7.724225911,30.019740911,30.702604833,0.06140521
0,2020-01-01T00:00:00+00:00,distributed_committable,103,C25-1,315,321,true,500,-34.870606755,-14.226099094,34.945385922,4.068698385,37.660869757,35.18144829,0.07532174
0,2020-01-01T00:00:00+00:00,distributed_committable,104,C25-2,315,321,true,500,-34.870606755,-14.226099094,34.945385922,4.068698385,37.660869757,35.18144829,0.07532174
0,2020-01-01T00:00:00+00:00,distributed_committable,105,C26,315,324,true,500,-98.986208495,-3.750513227,99.646681696,-2.745462248,99.057235079,99.684495966,0.199368992
0,2020-01-01T00:00:00+00:00,distributed_committable,106,C27,316,317,true,500,-284.180282328,-7.622692339,286.520306696,22.138439535,284.282497355,287.374314535,0.574748629
0,2020-01-01T00:00:00+00:00,distributed_committable,107,C28,316,319,true,500,108.052671653,-10.401161504,-107.712674603,7.938667463,108.552125783,108.004827259,0.217104252
0,2020-01-01T00:00:00+00:00,distributed_committable,108,C29,317,318,true,500,373.810089727,1.737631416,-371.174690035,13.548471737,373.814128338,371.421878204,0.747628257
0,2020-01-01T00:00:00+00:00,distributed_committable,109,C30,317,322,true,500,4.720470347,-23.876070951,-4.698017671,0.337420642,24.338233386,4.710119184,0.048676467
0,2020-01-01T00:00:00+00:00,distributed_committable,110,C31-1,318,321,true,500,-0.182632379,-12.013674101,0.185023081,6.261281583,12.015062214,6.264014735,0.024030124
0,2020-01-01T00:00:00+00:00,distributed_committable,111,C31-2,318,321,true,500,-0.182632379,-12.013674101,0.185023081,6.261281583,12.015062214,6.264014735,0.024030124
0,2020-01-01T00:00:00+00:00,distributed_committable,112,C32-1,319,320,true,500,14.174907389,-12.081007253,-14.162247593,3.584990033,18.624680822,14.608949669,0.037249362
0,2020-01-01T00:00:00+00:00,distributed_committable,113,C32-2,319,320,true,500,14.174907389,-12.081007253,-14.162247593,3.584990033,18.624680822,14.608949669,0.037249362
0,2020-01-01T00:00:00+00:00,distributed_committable,114,C33-1,320,323,true,500,-13.899758092,-9.285084939,13.906715204,4.551240699,16.715743398,14.632515835,0.033431487
0,2020-01-01T00:00:00+00:00,distributed_committable,115,C33-2,320,323,true,500,-13.899758092,-9.285084939,13.906715204,4.551240699,16.715743398,14.632515835,0.033431487
0,2020-01-01T00:00:00+00:00,distributed_committable,116,C34,321,322,true,500,-70.260817989,-20.659959937,70.698017671,8.79089478,73.235349996,71.242470014,0.1464707
0,2020-01-01T00:00:00+00:00,distributed_committable,117,CA-1,325,121,true,500,-184.537721945,-2.643171896,188.465484466,12.622480575,184.556650322,188.887706987,0.377775414
0,2020-01-01T00:00:00+00:00,distributed_committable,118,CB-1,318,223,true,500,225.529831135,-19.337004595,-219.208237018,46.956489596,226.357293849,224.181094412,0.452714588
0,2020-01-01T00:00:00+00:00,distributed_committable,119,C35,323,325,true,722,-184.537722262,0.297814541,184.537722262,2.643171844,184.537962575,184.556650639,0.25561863
1,2020-01-01T01:00:00+00:00,distributed_committable,0,A1,101,102,true,175,13.122876923,-16.022593701,-13.116322767,-28.320048457,20.710707561,31.20998346,0.178342763
1,2020-01-01T01:00:00+00:00,distributed_committable,1,A2,101,103,true,175,-14.079905218,7.054061573,14.247850304,-11.833833907,15.748127369,18.521362348,0.105836356
1,2020-01-01T01:00:00+00:00,distributed_committable,2,A3,101,105,true,175,44.91836167,-18.342025802,-44.390011347,18.153543943,48.518956353,47.958568214,0.277251179
1,2020-01-01T01:00:00+00:00,distributed_committable,3,A4,102,104,true,175,27.987103895,-1.424443398,-27.718196753,-0.779116623,28.023329985,27.729144486,0.160133314
1,2020-01-01T01:00:00+00:00,distributed_committable,4,A5,102,106,true,175,32.862629091,-18.899355666,-32.161009018,16.502241073,37.909603471,36.147675741,0.216626306
1,2020-01-01T01:00:00+00:00,distributed_committable,5,A6,103,109,true,175,58.319715748,-18.237028521,-57.104897969,19.878989481,61.104651657,60.466053244,0.349169438
1,2020-01-01T01:00:00+00:00,distributed_committable,6,A7,103,124,true,400,-134.823874809,17.273732295,135.229126459,-0.253162983,135.925932205,135.229363433,0.339814831
1,2020-01-01T01:00:00+00:00,distributed_committable,7,A8,104,109,true,175,2.123936492,-4.408909108,-2.119917944,1.77466495,4.893831397,2.764685836,0.027964751
1,2020-01-01T01:00:00+00:00,distributed_committable,8,A9,105,110,true,175,19.833356232,-22.995701292,-19.628232154,21.4040449,30.367158203,29.041360774,0.173526618
1,2020-01-01T01:00:00+00:00,distributed_committable,9,A10,106,110,true,175,-14.877090918,-125.878714563,14.909708491,-120.141641043,126.754797204,121.063261644,0.724313127
1,2020-01-01T01:00:00+00:00,distributed_committable,10,A11,107,108,true,175,-66.112387134,15.933640695,66.923042538,-14.405665662,68.005357424,68.455948066,0.391176846
1,2020-01-01T01:00:00+00:00,distributed_committable,11,AB1,107,203,true,175,22.878839436,-24.580350237,-22.406382827,22.228653149,33.580275635,31.561986823,0.191887289
1,2020-01-01T01:00:00+00:00,distributed_committable,12,A12-1,108,109,true,175,-66.349775466,10.996065925,68.485797301,-7.00623831,67.254785481,68.843240824,0.393389948
1,2020-01-01T01:00:00+00:00,distributed_committable,13,A13-2,108,110,true,175,-59.716760414,-8.695793612,61.402940429,10.832950346,60.346568261,62.351214154,0.356292652
1,2020-01-01T01:00:00+00:00,distributed_committable,14,A14,109,111,true,400,-43.029897733,-10.315362548,43.07367586,12.154043915,44.249054265,44.755584407,0.111888961
1,2020-01-01T01:00:00+00:00,distributed_committable,15,A15,109,112,true,400,-26.758050519,-16.783315316,26.780357325,17.720201172,31.585961131,32.112195004,0.080280488
1,2020-01-01T01:00:00+00:00,distributed_committable,16,A16,110,111,true,400,-70.478782672,40.614010148,70.614410575,-34.917638206,81.343448582,78.775862031,0.203358621
1,2020-01-01T01:00:00+00:00,distributed_committable,17,A17,110,112,true,400,-53.649968582,33.455900379,53.731910288,-30.014348698,63.226706375,61.546562138,0.158066766
1,2020-01-01T01:00:00+00:00,distributed_committable,18,A18,111,113,true,500,28.95719316,-10.243171281,-28.900107972,1.537936007,30.715494357,28.94100012,0.061430989
1,2020-01-01T01:00:00+00:00,distributed_committable,19,A19,111,114,true,500,-142.645279618,33.006765573,143.831991301,-31.035815594,146.414215058,147.142324201,0.294284648
1,2020-01-01T01:00:00+00:00,distributed_committable,20,A20,112,113,true,500,1.233523753,2.809461544,-1.22984027,-11.989197197,3.068330983,12.052110045,0.02410422
1,2020-01-01T01:00:00+00:00,distributed_committable,21,A21,112,123,true,500,-81.745791384,9.484685982,82.659322286,-20.770171122,82.294189814,85.228889288,0.170457779
1,2020-01-01T01:00:00+00:00,distributed_committable,22,A22,113,123,true,500,-91.376704737,8.775815317,92.41315282,-17.250804035,91.797151933,94.009473214,0.188018946
1,2020-01-01T01:00:00+00:00,distributed_committable,23,AB2,113,215,true,500,129.85153172,-17.001446749,-128.002972255,16.378487422,130.959801014,129.046564295,0.261919602
1,2020-01-01T01:00:00+00:00,distributed_committable,24,A23,114,116,true,500,-210.930457405,25.525858556,213.442691371,-3.299308079,212.469356181,213.468189512,0.426936379
1,2020-01-01T01:00:00+00:00,distributed_committable,25,A24,115,116,true,500,190.157504075,23.284770981,-189.359316675,-19.791229457,191.577809037,190.390765467,0.383155618
1,2020-01-01T01:00:00+00:00,distributed_committable,26,A25-1,115,121,true,500,-181.062183829,17.111227637,183.227537619,-8.967270171,181.868932268,183.446838283,0.366893677
1,2020-01-01T01:00:00+00:00,distributed_committable,27,A25-2,115,121,true,500,-181.062183829,17.111227637,183.227537619,-8.967270171,181.868932268,183.446838283,0.366893677
1,2020-01-01T01:00:00+00:00,distributed_committable,28,A26,115,124,true,500,136.649576855,0.357192064,-135.22912646,0.253162982,136.650043691,135.229363434,0.273300087
1,2020-01-01T01:00:00+00:00,distributed_committable,29,A27,116,117,true,500,-326.484015304,34.86199338,330.05690449,-8.906811205,328.340023195,330.177060814,0.660354122
1,2020-01-01T01:00:00+00:00,distributed_committable,30,A28,116,119,true,500,267.813802433,-18.688823485,-265.431746925,32.518655079,268.465090648,267.416295696,0.536930181
1,2020-01-01T01:00:00+00:00,distributed_committable,31,A29,117,118,true,500,-74.390246433,-4.277335646,74.511384751,2.3743058,74.513115387,74.549203789,0.149098408
1,2020-01-01T01:00:00+00:00,distributed_committable,32,A30,117,122,true,500,-255.666658038,13.18414685,265.750471422,41.078430475,256.006370547,268.906583243,0.537813166
1,2020-01-01T01:00:00+00:00,distributed_committable,33,A31-1,118,121,true,500,-94.842777971,-12.946677888,95.139976167,10.435731212,95.72235372,95.710603127,0.191444707
1,2020-01-01T01:00:00+00:00,distributed_committable,34,A31-2,118,121,true,500,-94.842777971,-12.946677888,95.139976167,10.435731212,95.72235372,95.710603127,0.191444707
1,2020-01-01T01:00:00+00:00,distributed_committable,35,A32-1,119,120,true,500,101.414784897,-22.657892607,-100.825164847,19.855448083,103.91505518,102.761630412,0.20783011
1,2020-01-01T01:00:00+00:00,distributed_committable,36,A32-2,119,120,true,500,101.414784897,-22.657892607,-100.825164847,19.855448083,103.91505518,102.761630412,0.20783011
1,2020-01-01T01:00:00+00:00,distributed_committable,37,A33-1,120,123,true,500,78.689588402,-24.351737049,-78.468974975,21.773804848,82.371466055,81.433891048,0.164742932
1,2020-01-01T01:00:00+00:00,distributed_committable,38,A33-2,120,123,true,500,78.689588402,-24.351737049,-78.468974975,21.773804848,82.371466055,81.433891048,0.164742932
1,2020-01-01T01:00:00+00:00,distributed_committable,39,A34,121,122,true,500,-347.504108789,19.981798028,359.249528519,54.921526685,348.078120366,363.423441504,0.726846883
1,2020-01-01T01:00:00+00:00,distributed_committable,40,AB3,123,217,true,500,204.816728453,-19.178700228,-200.215267044,39.029449374,205.712699649,203.983948084,0.411425399
1,2020-01-01T01:00:00+00:00,distributed_committable,41,B1,201,202,true,175,-21.064993061,-31.268487872,21.07888464,-17.583841871,37.702152014,27.450152506,0.215440869
1,2020-01-01T01:00:00+00:00,distributed_committable,42,B2,201,203,true,175,-21.320154976,23.97531113,21.934399832,-27.415381102,32.08371163,35.110126985,0.200629297
1,2020-01-01T01:00:00+00:00,distributed_committable,43,B3,201,205,true,175,10.847529021,-11.066157941,-10.802959352,8.787532619,15.49608781,13.925683476,0.088549073
1,2020-01-01T01:00:00+00:00,distributed_committable,44,B4,202,204,true,175,6.215780201,8.345042109,-6.171780903,-11.738489621,10.405558673,13.262089507,0.075783369
1,2020-01-01T01:00:00+00:00,distributed_committable,45,B5,202,206,true,175,11.54804149,-14.339931682,-11.422239002,9.208813666,18.411705595,14.672075278,0.105209746
1,2020-01-01T01:00:00+00:00,distributed_committable,46,B6,203,209,true,175,23.353497729,-30.105190008,-22.920715913,28.559652932,38.101290288,36.619844259,0.217721659
1,2020-01-01T01:00:00+00:00,distributed_committable,47,B7,203,224,true,400,-91.277547539,21.23273336,91.463267122,-13.432510882,93.714564774,92.444370197,0.234286412
1,2020-01-01T01:00:00+00:00,distributed_committable,48,B8,204,209,true,175,-21.946587618,6.038820103,22.087116945,-8.385689623,22.762250686,23.625421169,0.135002407
1,2020-01-01T01:00:00+00:00,distributed_committable,49,B9,205,210,true,175,-16.175475218,-14.107224182,16.266911851,11.848733424,21.462986107,20.124733661,0.122645635
1,2020-01-01T01:00:00+00:00,distributed_committable,50,B10,206,210,true,175,-40.254762739,-129.508456549,40.46525196,-139.88938908,135.620375463,145.624440921,0.832139662
1,2020-01-01T01:00:00+00:00,distributed_committable,51,B11,207,208,true,175,-47.497244558,-9.499449155,47.889780268,9.357639115,48.437875417,48.795455361,0.278831173
1,2020-01-01T01:00:00+00:00,distributed_committable,52,B12-1,208,209,true,175,-59.41522318,0.473668764,60.97187297,0.983646224,59.417111236,60.979806932,0.34845604
1,2020-01-01T01:00:00+00:00,distributed_committable,53,B13-2,208,210,true,175,-53.450787889,-23.130536632,54.900865152,24.016811787,58.240951665,59.924220837,0.342424119
1,2020-01-01T01:00:00+00:00,distributed_committable,54,B14,209,211,true,400,-51.526489415,-6.800240905,51.582138378,9.137497381,51.973285328,52.385216026,0.13096304
1,2020-01-01T01:00:00+00:00,distributed_committable,55,B15,209,212,true,400,-75.107927393,-28.036575174,75.240337749,33.597810141,80.170133496,82.40097858,0.206002446
1,2020-01-01T01:00:00+00:00,distributed_committable,56,B16,210,211,true,400,-80.238860045,55.274913814,80.416369418,-47.819520174,97.435059186,93.560135635,0.243587648
1,2020-01-01T01:00:00+00:00,distributed_committable,57,B17,210,212,true,400,-105.489870526,33.549811681,105.718987951,-23.926879841,110.696443698,108.392804154,0.276741109
1,2020-01-01T01:00:00+00:00,distributed_committable,58,B18,211,213,true,500,-58.355766044,-27.773206353,58.594678173,19.672613254,64.627752721,61.808963933,0.129255505
1,2020-01-01T01:00:00+00:00,distributed_committable,59,B19,211,214,true,500,-73.642741982,66.455229048,74.17176965,-70.469538062,99.194510506,102.31034751,0.204620695
1,2020-01-01T01:00:00+00:00,distributed_committable,60,B20,212,213,true,500,-15.559968105,6.770000928,15.582414176,-16.798972365,16.96895754,22.913251714,0.045826503
1,2020-01-01T01:00:00+00:00,distributed_committable,61,B21,212,223,true,500,-165.399359015,-16.440931217,168.604544689,20.749425841,166.214476451,169.876517396,0.339753035
1,2020-01-01T01:00:00+00:00,distributed_committable,62,B22,213,223,true,500,-174.871252583,-23.392450835,178.203344382,30.466822534,176.428914116,180.788990882,0.361577982
1,2020-01-01T01:00:00+00:00,distributed_committable,63,B23,214,216,true,500,-147.887494586,17.210021426,149.079406785,-10.814115608,148.885512702,149.471116353,0.298942233
1,2020-01-01T01:00:00+00:00,distributed_committable,64,B24,215,216,true,500,-16.916483792,-51.825780408,16.977666679,49.014236013,54.516776673,51.871345633,0.109033553
1,2020-01-01T01:00:00+00:00,distributed_committable,65,B25-1,215,221,true,500,-19.579503384,-0.173524286,19.605952806,-9.040448847,19.580272303,21.589884224,0.043179768
1,2020-01-01T01:00:00+00:00,distributed_committable,66,B25-2,215,221,true,500,-19.579503384,-0.173524286,19.605952806,-9.040448847,19.580272303,21.589884224,0.043179768
1,2020-01-01T01:00:00+00:00,distributed_committable,67,B26,215,224,true,500,92.12544854,-18.524225155,-91.463267507,13.432510876,93.969384303,92.444370578,0.187938769
1,2020-01-01T01:00:00+00:00,distributed_committable,68,B27,216,217,true,500,-90.562922093,41.87477823,90.889679406,-44.135285565,99.77544743,101.038889812,0.20207778
1,2020-01-01T01:00:00+00:00,distributed_committable,69,B28,216,219,true,500,-43.331200242,-137.6744467,43.979991655,137.908364368,144.332415585,144.751361405,0.289502723
1,2020-01-01T01:00:00+00:00,distributed_committable,70,B29,217,218,true,500,122.211151488,6.274109035,-121.884278462,-6.728220611,122.372096461,122.069841848,0.244744193
1,2020-01-01T01:00:00+00:00,distributed_committable,71,B30,217,222,true,500,-12.885563887,-1.168272836,12.923177835,-18.659805764,12.938416367,22.697948729,0.045395897
1,2020-01-01T01:00:00+00:00,distributed_committable,72,B31-1,218,221,true,500,-2.324191584,-9.555140443,2.326007074,4.551423991,9.833746763,5.111337326,0.019667494
1,2020-01-01T01:00:00+00:00,distributed_committable,73,B31-2,218,221,true,500,-2.324191584,-9.555140443,2.326007074,4.551423991,9.833746763,5.111337326,0.019667494
1,2020-01-01T01:00:00+00:00,distributed_committable,74,B32-1,219,220,true,500,-56.378001429,-75.983774505,56.794752291,70.74697909,94.615078255,90.723640459,0.189230157
1,2020-01-01T01:00:00+00:00,distributed_committable,75,B32-2,219,220,true,500,-56.378001429,-75.983774505,56.794752291,70.74697909,94.615078255,90.723640459,0.189230157
1,2020-01-01T01:00:00+00:00,distributed_committable,76,B33-1,220,223,true,500,-81.113341901,-75.686692612,81.449813085,73.16922973,110.940748478,109.488849801,0.221881497
1,2020-01-01T01:00:00+00:00,distributed_committable,77,B33-2,220,223,true,500,-81.113341901,-75.686692612,81.449813085,73.16922973,110.940748478,109.488849801,0.221881497
1,2020-01-01T01:00:00+00:00,distributed_committable,78,B34,221,222,true,500,-43.863919741,8.978049711,44.076822228,-20.270383017,44.7733049,48.514479131,0.097028958
1,2020-01-01T01:00:00+00:00,distributed_committable,79,C1,301,302,true,175,46.810027052,-37.879472422,-46.74083534,-9.548901308,60.216551408,47.706259594,0.344094579
1,2020-01-01T01:00:00+00:00,distributed_committable,80,C2,301,303,true,175,-123.753346987,40.733362802,132.903653323,-11.618336383,130.284679589,133.410519851,0.762345828
1,2020-01-01T01:00:00+00:00,distributed_committable,81,C3,301,305,true,175,31.758251932,-12.058256084,-31.518816327,10.596160308,33.970400432,33.252284071,0.194116574
1,2020-01-01T01:00:00+00:00,distributed_committable,82,C4,302,304,true,175,-16.359437975,15.247378314,16.536774953,-18.035145389,22.363223299,24.468988435,0.139822791
1,2020-01-01T01:00:00+00:00,distributed_committable,83,C5,302,306,true,175,22.517388163,-14.066082191,-22.210391937,9.794391133,26.549716343,24.274093344,0.151712665
1,2020-01-01T01:00:00+00:00,distributed_committable,84,C6,303,309,true,175,174.95949465,-3.765000818,-166.057449993,34.622012536,174.999999998,169.628300852,1
1,2020-01-01T01:00:00+00:00,distributed_committable,85,C7,303,324,true,400,122.827627605,-0.096732393,-122.536054565,12.342800057,122.827665696,123.156117922,0.307890295
1,2020-01-01T01:00:00+00:00,distributed_committable,86,C8,304,309,true,175,-47.496914141,11.7594415,48.149616298,-12.060580081,48.930985247,49.637114556,0.283640655
1,2020-01-01T01:00:00+00:00,distributed_committable,87,C9,305,310,true,175,1.813817917,-16.453483938,-1.761991545,14.123053868,16.553158887,14.232542456,0.094589479
1,2020-01-01T01:00:00+00:00,distributed_committable,88,C10,306,310,true,175,-34.689323328,-127.505726864,34.849309466,-133.269719522,132.140302467,137.750834886,0.787147628
1,2020-01-01T01:00:00+00:00,distributed_committable,89,C11,307,308,true,175,-52.297532412,-10.459506482,52.799067996,10.812025331,53.333227657,53.894725837,0.307969862
1,2020-01-01T01:00:00+00:00,distributed_committable,90,C12-1,308,309,true,175,-87.579231492,5.708593561,91.144963975,3.612738689,87.765083201,91.216535446,0.521237345
1,2020-01-01T01:00:00+00:00,distributed_committable,91,C13-2,308,310,true,175,-36.762860844,-31.163927967,37.775867012,30.553301243,48.194380832,48.58518648,0.277629637
1,2020-01-01T01:00:00+00:00,distributed_committable,92,C14,309,311,true,400,49.839367475,-18.114119324,-49.780054969,20.605244555,53.029085124,53.876061251,0.134690153
1,2020-01-01T01:00:00+00:00,distributed_committable,93,C15,309,312,true,400,42.806956869,-23.121741155,-42.757031013,25.218627103,48.652342908,49.640133501,0.124100334
1,2020-01-01T01:00:00+00:00,distributed_committable,94,C16,310,311,true,400,-72.295487249,38.146069731,72.424554043,-32.725264397,81.742033939,79.474895144,0.204355085
1,2020-01-01T01:00:00+00:00,distributed_committable,95,C17,310,312,true,400,-80.151848247,33.712084309,80.297895279,-27.578108955,86.952995382,84.901731901,0.217382488
1,2020-01-01T01:00:00+00:00,distributed_committable,96,C18,311,313,true,500,9.09326902,-3.379220315,-9.088059472,-6.354060715,9.700859313,11.089044708,0.022178089
1,2020-01-01T01:00:00+00:00,distributed_committable,97,C19,311,314,true,500,-31.737768095,15.499240158,31.809264544,-23.453629954,35.320141125,39.520906731,0.079041813
1,2020-01-01T01:00:00+00:00,distributed_committable,98,C20,312,313,true,500,22.689370743,3.715090256,-22.653530631,-13.245140542,22.991508004,26.241497633,0.052482995
1,2020-01-01T01:00:00+00:00,distributed_committable,99,C21,312,323,true,500,-60.230235009,-1.355608403,60.68036106,-15.056923304,60.24548849,62.520533889,0.125041068
1,2020-01-01T01:00:00+00:00,distributed_committable,100,C22,313,323,true,500,-79.129178611,-2.993332746,79.838613117,-9.273411957,79.185774913,80.375371314,0.160750743
1,2020-01-01T01:00:00+00:00,distributed_committable,101,C23,314,316,true,500,-112.975034848,-42.863199955,113.714349257,43.413798356,120.832993877,121.719805762,0.243439612
1,2020-01-01T01:00:00+00:00,distributed_committable,102,C24,315,316,true,500,35.916726655,12.319837272,-35.887889201,-15.786490861,37.97090523,39.206554108,0.078413108
1,2020-01-01T01:00:00+00:00,distributed_committable,103,C25-1,315,321,true,500,-23.510232757,-23.829864377,23.562166575,13.493180679,33.475266699,27.152193623,0.066950533
1,2020-01-01T01:00:00+00:00,distributed_committable,104,C25-2,315,321,true,500,-23.510232757,-23.829864377,23.562166575,13.493180679,33.475266699,27.152193623,0.066950533
1,2020-01-01T01:00:00+00:00,distributed_committable,105,C26,315,324,true,500,-121.522803338,8.563554888,122.536054565,-12.342800057,121.824161,123.156117922,0.246312236
1,2020-01-01T01:00:00+00:00,distributed_committable,106,C27,316,317,true,500,-238.404927482,-32.076649931,240.088658333,40.923578992,240.553156118,243.551438464,0.487102877
1,2020-01-01T01:00:00+00:00,distributed_committable,107,C28,316,319,true,500,84.140684708,34.228126241,-83.894659607,-37.326137348,90.836223221,91.823496121,0.183646992
1,2020-01-01T01:00:00+00:00,distributed_committable,108,C29,317,318,true,500,347.9323646,-10.470255864,-345.64958062,23.279571258,348.08986856,346.432635617,0.696179737
1,2020-01-01T01:00:00+00:00,distributed_committable,109,C30,317,322,true,500,-5.274422486,-30.453323128,5.324349474,6.917802713,30.906705131,8.729529867,0.06181341
1,2020-01-01T01:00:00+00:00,distributed_committable,110,C31-1,318,321,true,500,-14.10538993,-7.338453213,14.111626315,1.596954685,15.900154736,14.201699248,0.031800309
1,2020-01-01T01:00:00+00:00,distributed_committable,111,C31-2,318,321,true,500,-14.10538993,-7.338453213,14.111626315,1.596954685,15.900154736,14.201699248,0.031800309
1,2020-01-01T01:00:00+00:00,distributed_committable,112,C32-1,319,320,true,500,4.083916337,10.923033877,-4.0717605,-19.12748651,11.661519701,19.556072555,0.039112145
1,2020-01-01T01:00:00+00:00,distributed_committable,113,C32-2,319,320,true,500,4.083916337,10.923033877,-4.0717605,-19.12748651,11.661519701,19.556072555,0.039112145
1,2020-01-01T01:00:00+00:00,distributed_committable,114,C33-1,320,323,true,500,-22.704576095,13.688543139,22.727836777,-18.077329442,26.511770762,29.040392634,0.058080785
1,2020-01-01T01:00:00+00:00,distributed_committable,115,C33-2,320,323,true,500,-22.704576095,13.688543139,22.727836777,-18.077329442,26.511770762,29.040392634,0.058080785
1,2020-01-01T01:00:00+00:00,distributed_committable,116,C34,321,322,true,500,-75.347585781,-30.180270727,75.875650526,18.849558131,81.167157301,78.18196841,0.162334315
1,2020-01-01T01:00:00+00:00,distributed_committable,117,CA-1,325,121,true,500,-185.974647722,57.002378411,190.769081135,-37.618852121,194.514371551,194.442845978,0.389028743
1,2020-01-01T01:00:00+00:00,distributed_committable,118,CB-1,318,223,true,500,234.539734134,-37.052522463,-227.662152833,68.587489367,237.448470849,237.769425138,0.47553885
1,2020-01-01T01:00:00+00:00,distributed_committable,119,C35,323,325,true,722,-185.974647732,60.484994144,185.974647732,-57.002378413,195.563299511,194.514371561,0.270863296
2,2020-01-01T02:00:00+00:00,distributed_committable,0,A1,101,102,true,175,13.870973749,-25.07896496,-13.865270205,-22.073613407,28.659350938,26.067031413,0.16376772
2,2020-01-01T02:00:00+00:00,distributed_committable,1,A2,101,103,true,175,-17.872086521,-4.402791442,18.04489541,-0.847015673,18.40641326,18.064763655,0.105179504
2,2020-01-01T02:00:00+00:00,distributed_committable,2,A3,101,105,true,175,41.326349882,-28.249749306,-40.801764283,27.888110331,50.059120353,49.421965425,0.286052116
2,2020-01-01T02:00:00+00:00,distributed_committable,3,A4,102,104,true,175,24.666923573,-9.092253945,-24.453249665,6.429714334,26.28927919,25.284434848,0.150224453
2,2020-01-01T02:00:00+00:00,distributed_committable,4,A5,102,106,true,175,30.400119478,-25.86277033,-29.685442245,23.119230744,39.913032376,37.626112097,0.228074471
2,2020-01-01T02:00:00+00:00,distributed_committable,5,A6,103,109,true,175,59.844698591,-14.165469237,-58.74241474,15.036719284,61.498361508,60.636409989,0.351419209
2,2020-01-01T02:00:00+00:00,distributed_committable,6,A7,103,124,true,400,-141.14788198,2.009392377,141.53852525,14.397624969,141.162184189,142.268920481,0.355672301
2,2020-01-01T02:00:00+00:00,distributed_committable,7,A8,104,109,true,175,-1.552935402,-11.701238334,1.581273036,8.904358554,11.803837804,9.04367324,0.067450502
2,2020-01-01T02:00:00+00:00,distributed_committable,8,A9,105,110,true,175,15.849884017,-32.808199398,-15.577747887,31.262462847,36.436201381,34.928610229,0.208206865
2,2020-01-01T02:00:00+00:00,distributed_committable,9,A10,106,110,true,175,-18.109708688,-141.712138707,18.160168193,-127.331858004,142.864592555,128.620347425,0.8163691
2,2020-01-01T02:00:00+00:00,distributed_committable,10,A11,107,108,true,175,-66.338537608,7.212629221,67.057895823,-6.169838069,66.729480683,67.341133745,0.384806479
2,2020-01-01T02:00:00+00:00,distributed_committable,11,AB1,107,203,true,175,22.409170957,-15.998502538,-22.116146861,12.690698055,27.534033966,25.498583669,0.157337337
2,2020-01-01T02:00:00+00:00,distributed_committable,12,A12-1,108,109,true,175,-67.587531613,6.515676034,69.572145396,-3.525119466,67.900872334,69.661394489,0.398065111
2,2020-01-01T02:00:00+00:00,distributed_committable,13,A13-2,108,110,true,175,-59.565737803,-12.64606062,61.127674837,13.894394553,60.893349138,62.686895209,0.35821083
2,2020-01-01T02:00:00+00:00,distributed_committable,14,A14,109,111,true,400,-45.282650825,-11.804488293,45.326943989,13.66480118,46.79598711,47.341933237,0.118354833
2,2020-01-01T02:00:00+00:00,distributed_committable,15,A15,109,112,true,400,-28.629466196,-21.263127676,28.655189515,22.343507085,35.661841417,36.33665085,0.090841627
2,2020-01-01T02:00:00+00:00,distributed_committable,16,A16,110,111,true,400,-74.66551765,39.178964616,74.798394357,-33.598142924,84.320405563,81.997774399,0.210801014
2,2020-01-01T02:00:00+00:00,distributed_committable,17,A17,110,112,true,400,-57.574389495,28.93863866,57.65199053,-25.679395189,64.437994485,63.112465879,0.161094986
2,2020-01-01T02:00:00+00:00,distributed_committable,18,A18,111,113,true,500,26.594202304,-16.300050992,-26.544780567,6.536354878,31.192038384,27.337690291,0.062384077
2,2020-01-01T02:00:00+00:00,distributed_committable,19,A19,111,114,true,500,-146.71954056,36.233392724,147.864883443,-35.45042165,151.127371216,152.055108927,0.304110218
2,2020-01-01T02:00:00+00:00,distributed_committable,20,A20,112,113,true,500,-1.476844335,2.124139737,1.480049873,-12.330409798,2.587090801,12.418919172,0.024837838
2,2020-01-01T02:00:00+00:00,distributed_committable,21,A21,112,123,true,500,-84.830335693,1.211748367,85.687334128,-15.170775143,84.838989786,87.019949715,0.174039899
2,2020-01-01T02:00:00+00:00,distributed_committable,22,A22,113,123,true,500,-93.405477498,-0.201632596,94.355435958,-10.94915411,93.405695128,94.988590212,0.18997718
2,2020-01-01T02:00:00+00:00,distributed_committable,23,AB2,113,215,true,500,125.33995074,-12.981798874,-123.797068082,8.510423608,126.010437478,124.089247624,0.252020875
2,2020-01-01T02:00:00+00:00,distributed_committable,24,A23,114,116,true,500,-216.043260439,-12.581860091,218.388567053,31.887214157,216.409319541,220.704237944,0.441408476
2,2020-01-01T02:00:00+00:00,distributed_committable,25,A24,115,116,true,500,196.168541133,54.34994305,-195.390430024,-51.543357691,203.558376983,202.074584911,0.407116754
2,2020-01-01T02:00:00+00:00,distributed_committable,26,A25-1,115,121,true,500,-190.529135386,-4.92430595,192.563755431,10.356677126,190.592760146,192.842061457,0.385684123
2,2020-01-01T02:00:00+00:00,distributed_committable,27,A25-2,115,121,true,500,-190.529135386,-4.92430595,192.563755431,10.356677126,190.592760146,192.842061457,0.385684123
2,2020-01-01T02:00:00+00:00,distributed_committable,28,A26,115,124,true,500,142.896945843,13.006784628,-141.538525215,-14.397624975,143.487677442,142.268920447,0.286975355
2,2020-01-01T02:00:00+00:00,distributed_committable,29,A27,116,117,true,500,-335.923677227,15.125554136,339.173535729,7.244054168,336.264032138,339.250886012,0.678501772
2,2020-01-01T02:00:00+00:00,distributed_committable,30,A28,116,119,true,500,277.7820473,-2.498109267,-275.566165205,14.398777506,277.79327989,275.942088488,0.55558656
2,2020-01-01T02:00:00+00:00,distributed_committable,31,A29,117,118,true,500,-83.088729066,-44.983390208,83.254057491,42.928544404,94.484084863,93.670155403,0.18896817
2,2020-01-01T02:00:00+00:00,distributed_committable,32,A30,117,122,true,500,-256.084806598,37.739336051,265.045173095,5.535786703,258.850701478,265.102977568,0.530205955
2,2020-01-01T02:00:00+00:00,distributed_committable,33,A31-1,118,121,true,500,-100.140945048,-33.413059935,100.445670796,30.060104328,105.568183887,104.847234841,0.211136368
2,2020-01-01T02:00:00+00:00,distributed_committable,34,A31-2,118,121,true,500,-100.140945048,-33.413059935,100.445670796,30.060104328,105.568183887,104.847234841,0.211136368
2,2020-01-01T02:00:00+00:00,distributed_committable,35,A32-1,119,120,true,500,105.978221145,-13.700935021,-105.429744919,9.528808547,106.860184248,105.859479056,0.213720368
2,2020-01-01T02:00:00+00:00,distributed_committable,36,A32-2,119,120,true,500,105.978221145,-13.700935021,-105.429744919,9.528808547,106.860184248,105.859479056,0.213720368
2,2020-01-01T02:00:00+00:00,distributed_committable,37,A33-1,120,123,true,500,82.93790919,-14.097462681,-82.733687646,10.852777623,84.12749393,83.442470323,0.168254988
2,2020-01-01T02:00:00+00:00,distributed_committable,38,A33-2,120,123,true,500,82.93790919,-14.097462681,-82.733687646,10.852777623,84.12749393,83.442470323,0.168254988
2,2020-01-01T02:00:00+00:00,distributed_committable,39,A34,121,122,true,500,-349.375027229,78.040425572,359.954826832,-13.749512889,357.98494057,360.217332266,0.720434665
2,2020-01-01T02:00:00+00:00,distributed_committable,40,AB3,123,217,true,500,202.811641896,-11.217491356,-198.821813751,24.863616827,203.121624159,200.370439598,0.406243248
2,2020-01-01T02:00:00+00:00,distributed_committable,41,B1,201,202,true,175,-21.483679368,-9.57507157,21.502972527,-38.236871707,23.520851914,43.868396203,0.25067655
2,2020-01-01T02:00:00+00:00,distributed_committable,42,B2,201,203,true,175,-21.95297327,8.055259728,22.271932098,-12.706344425,23.38418792,25.641570701,0.146523261
2,2020-01-01T02:00:00+00:00,distributed_committable,43,B3,201,205,true,175,11.818034111,-16.814817461,-11.736924016,14.710271575,20.552469839,18.818806423,0.117442685
2,2020-01-01T02:00:00+00:00,distributed_committable,44,B4,202,204,true,175,6.301095205,0.099744195,-6.287364481,-3.560162062,6.301884614,7.22535162,0.041287724
2,2020-01-01T02:00:00+00:00,distributed_committable,45,B5,202,206,true,175,12.183209917,-19.264218662,-11.979462003,14.512562949,22.793435997,18.818129376,0.130248206
2,2020-01-01T02:00:00+00:00,distributed_committable,46,B6,203,209,true,175,24.704193834,-16.684053633,-24.450078629,14.358007967,29.810314299,28.354166144,0.170344653
2,2020-01-01T02:00:00+00:00,distributed_committable,47,B7,203,224,true,400,-93.057679462,2.681283436,93.232609185,4.665764917,93.096299538,93.349283756,0.233373209
2,2020-01-01T02:00:00+00:00,distributed_committable,48,B8,204,209,true,175,-21.749466724,-2.122980002,21.873721984,-0.29850445,21.852833841,21.875758691,0.125004335
2,2020-01-01T02:00:00+00:00,distributed_committable,49,B9,205,210,true,175,-15.16327893,-20.014537508,15.28912155,17.898514598,25.10989326,23.539627494,0.143485104
2,2020-01-01T02:00:00+00:00,distributed_committable,50,B10,206,210,true,175,-39.547689041,-134.196830656,39.748433823,-134.589486797,139.90285582,140.336267399,0.801921528
2,2020-01-01T02:00:00+00:00,distributed_committable,51,B11,207,208,true,175,-47.359515169,-9.471903036,47.746785656,9.297724782,48.2974184,48.643635006,0.277963629
2,2020-01-01T02:00:00+00:00,distributed_committable,52,B12-1,208,209,true,175,-59.776977785,-1.099977959,61.338527867,2.531434322,59.787097476,61.390741652,0.350804238
2,2020-01-01T02:00:00+00:00,distributed_committable,53,B13-2,208,210,true,175,-52.757624616,-21.458411075,54.135327843,22.049626551,56.954634236,58.453569196,0.334020395
2,2020-01-01T02:00:00+00:00,distributed_committable,54,B14,209,211,true,400,-51.250929676,-13.748093841,51.308231633,16.154776047,53.062867213,53.791369405,0.134478424
2,2020-01-01T02:00:00+00:00,distributed_committable,55,B15,209,212,true,400,-73.814562121,-16.482384419,73.930975714,21.371755302,75.632391059,76.958047628,0.192395119
2,2020-01-01T02:00:00+00:00,distributed_committable,56,B16,210,211,true,400,-79.725135828,40.90691997,79.875197765,-34.604318598,89.607328853,87.048871812,0.224018322
2,2020-01-01T02:00:00+00:00,distributed_committable,57,B17,210,212,true,400,-103.328589825,38.579380683,103.555943265,-29.030536218,110.295811748,107.548153952,0.275739529
2,2020-01-01T02:00:00+00:00,distributed_committable,58,B18,211,213,true,500,-55.289122549,0.824119269,55.472784399,-9.462556901,55.295264217,56.274059673,0.112548119
2,2020-01-01T02:00:00+00:00,distributed_committable,59,B19,211,214,true,500,-75.894304763,17.625423049,76.203587011,-23.871418283,77.914061844,79.855064237,0.159710128
2,2020-01-01T02:00:00+00:00,distributed_committable,60,B20,212,213,true,500,-15.560101111,3.046546034,15.578279753,-13.046763301,15.855541281,20.319961434,0.040639923
2,2020-01-01T02:00:00+00:00,distributed_committable,61,B21,212,223,true,500,-161.926816371,4.612234695,165.045459531,-0.410718012,161.992489236,165.045970569,0.330091941
2,2020-01-01T02:00:00+00:00,distributed_committable,62,B22,213,223,true,500,-171.453235065,2.050009553,174.66342229,4.558751011,171.46549027,174.722904328,0.349445809
2,2020-01-01T02:00:00+00:00,distributed_committable,63,B23,214,216,true,500,-149.705554335,-0.835019929,150.826590826,5.784823437,149.707883082,150.937486008,0.301874972
2,2020-01-01T02:00:00+00:00,distributed_committable,64,B24,215,216,true,500,-22.355759736,-22.925011146,22.374459131,19.429939168,32.020870217,29.633409481,0.06404174
2,2020-01-01T02:00:00+00:00,distributed_committable,65,B25-1,215,221,true,500,-19.947138209,-8.137247582,19.971262586,-2.106206947,21.54305273,20.082017752,0.043086105
2,2020-01-01T02:00:00+00:00,distributed_committable,66,B25-2,215,221,true,500,-19.947138209,-8.137247582,19.971262586,-2.106206947,21.54305273,20.082017752,0.043086105
2,2020-01-01T02:00:00+00:00,distributed_committable,67,B26,215,224,true,500,93.84337412,-1.736642759,-93.232608603,-4.665764955,93.85944169,93.349283177,0.187718883
2,2020-01-01T02:00:00+00:00,distributed_committable,68,B27,216,217,true,500,-87.791353664,11.036698252,88.023888359,-14.622346992,88.482373874,89.230140387,0.178460281
2,2020-01-01T02:00:00+00:00,distributed_committable,69,B28,216,219,true,500,-53.228844365,-16.865533338,53.318332526,12.533836111,55.83687032,54.771722914,0.111673741
2,2020-01-01T02:00:00+00:00,distributed_committable,70,B29,217,218,true,500,122.969176628,2.58930911,-122.67166223,-3.551014295,122.996434592,122.723047618,0.245992869
2,2020-01-01T02:00:00+00:00,distributed_committable,71,B30,217,222,true,500,-12.171251641,-12.830578892,12.19197716,-9.580450793,17.685110155,15.505784226,0.03537022
2,2020-01-01T02:00:00+00:00,distributed_committable,72,B31-1,218,221,true,500,-1.747042816,-11.106280986,1.749187372,5.547312636,11.242848213,5.81655688,0.022485696
2,2020-01-01T02:00:00+00:00,distributed_committable,73,B31-2,218,221,true,500,-1.747042816,-11.106280986,1.749187372,5.547312636,11.242848213,5.81655688,0.022485696
2,2020-01-01T02:00:00+00:00,distributed_committable,74,B32-1,219,220,true,500,-60.947454832,-13.276126316,61.131887837,6.153067302,62.376660542,61.440767799,0.124753321
2,2020-01-01T02:00:00+00:00,distributed_committable,75,B32-2,219,220,true,500,-60.947454832,-13.276126316,61.131887837,6.153067302,62.376660542,61.440767799,0.124753321
2,2020-01-01T02:00:00+00:00,distributed_committable,76,B33-1,220,223,true,500,-85.379959207,-11.078456906,85.591819287,7.813316828,86.095700483,85.947701823,0.172191401
2,2020-01-01T02:00:00+00:00,distributed_committable,77,B33-2,220,223,true,500,-85.379959207,-11.078456906,85.591819287,7.813316828,86.095700483,85.947701823,0.172191401
2,2020-01-01T02:00:00+00:00,distributed_committable,78,B34,221,222,true,500,-43.440899929,-6.882211379,43.608022599,-6.345324178,43.982685458,44.067252852,0.088134506
2,2020-01-01T02:00:00+00:00,distributed_committable,79,C1,301,302,true,175,45.27613685,-39.683103942,-45.212307791,-9.364199818,60.205293011,46.171863878,0.344030246
2,2020-01-01T02:00:00+00:00,distributed_committable,80,C2,301,303,true,175,-120.654657681,43.2836907,129.243931468,-16.461619298,128.183557061,130.288060585,0.744503203
2,2020-01-01T02:00:00+00:00,distributed_committable,81,C3,301,305,true,175,31.20136169,-12.599637694,-30.974540278,11.008498037,33.649306699,32.872620438,0.192281753
2,2020-01-01T02:00:00+00:00,distributed_committable,82,C4,302,304,true,175,-16.612900371,15.852394282,16.794153143,-18.740729185,22.962727695,25.164628155,0.143797875
2,2020-01-01T02:00:00+00:00,distributed_committable,83,C5,302,306,true,175,22.147574488,-14.669149861,-21.852685489,10.164379288,26.564996016,24.100922584,0.151799977
2,2020-01-01T02:00:00+00:00,distributed_committable,84,C6,303,309,true,175,168.778130786,-10.406683363,-160.588135158,38.456715696,169.098659043,165.128641173,0.966278052
2,2020-01-01T02:00:00+00:00,distributed_committable,85,C7,303,324,true,400,115.649339178,11.733535177,-115.39180236,-0.916988834,116.243044953,115.395445839,0.290607612
2,2020-01-01T02:00:00+00:00,distributed_committable,86,C8,304,309,true,175,-47.06368811,12.605012637,47.691141413,-13.093461774,48.722449468,49.4558764,0.282605008
2,2020-01-01T02:00:00+00:00,distributed_committable,87,C9,305,310,true,175,1.93214862,-16.735166815,-1.880367893,14.319058949,16.846335109,14.44199545,0.096264772
2,2020-01-01T02:00:00+00:00,distributed_committable,88,C10,306,310,true,175,-33.777811207,-131.314792845,33.925038239,-138.468647596,135.589510471,142.563931576,0.814651038
2,2020-01-01T02:00:00+00:00,distributed_committable,89,C11,307,308,true,175,-51.130971228,-10.226194246,51.590811415,10.355687899,52.143564008,52.61988307,0.300685046
2,2020-01-01T02:00:00+00:00,distributed_committable,90,C12-1,308,309,true,175,-86.215582786,6.673394787,89.546850155,1.594465727,86.473469417,89.561044509,0.511777397
2,2020-01-01T02:00:00+00:00,distributed_committable,91,C13-2,308,310,true,175,-35.322397269,-31.34575463,36.252930554,30.254204817,47.225290705,47.218554434,0.269858804
2,2020-01-01T02:00:00+00:00,distributed_committable,92,C14,309,311,true,400,51.00332828,-14.843721779,-50.945596206,17.268468914,53.119446269,53.792692732,0.134481732
2,2020-01-01T02:00:00+00:00,distributed_committable,93,C15,309,312,true,400,46.06345559,-26.839717584,-46.005303328,29.282112591,53.312403631,54.533751495,0.136334379
2,2020-01-01T02:00:00+00:00,distributed_committable,94,C16,310,311,true,400,-70.821462013,44.747011588,70.952620159,-39.238369437,83.773352134,81.079738181,0.20943338
2,2020-01-01T02:00:00+00:00,distributed_committable,95,C17,310,312,true,400,-77.240454003,32.786461449,77.372043214,-27.259714606,83.910903874,82.033682786,0.20977726
2,2020-01-01T02:00:00+00:00,distributed_committable,96,C18,311,313,true,500,11.571541017,-14.206172453,-11.558467179,4.248896757,18.322551604,12.314677714,0.036645103
2,2020-01-01T02:00:00+00:00,distributed_committable,97,C19,311,314,true,500,-31.578564972,36.176072976,31.710467605,-43.755545684,48.019933587,54.03796382,0.108075928
2,2020-01-01T02:00:00+00:00,distributed_committable,98,C20,312,313,true,500,23.390075081,5.53323839,-23.351331145,-15.386981802,24.035647264,27.965047385,0.055930095
2,2020-01-01T02:00:00+00:00,distributed_committable,99,C21,312,323,true,500,-54.756814968,-7.555636375,55.109525645,-10.462532191,55.275640443,56.093889121,0.112187778
2,2020-01-01T02:00:00+00:00,distributed_committable,100,C22,313,323,true,500,-73.48786068,-10.950494525,74.076407859,-2.987809737,74.299253009,74.136638771,0.148598506
2,2020-01-01T02:00:00+00:00,distributed_committable,101,C23,314,316,true,500,-111.06573495,-22.197309784,111.717358018,21.763851241,113.262165094,113.817543917,0.227635088
2,2020-01-01T02:00:00+00:00,distributed_committable,102,C24,315,316,true,500,30.754549614,10.984918506,-30.732671731,-14.441876982,32.657476274,33.956809663,0.067913619
2,2020-01-01T02:00:00+00:00,distributed_committable,103,C25-1,315,321,true,500,-22.967559437,-15.899043191,23.005487657,5.688531272,27.933642098,23.698351216,0.055867284
2,2020-01-01T02:00:00+00:00,distributed_committable,104,C25-2,315,321,true,500,-22.967559437,-15.899043191,23.005487657,5.688531272,27.933642098,23.698351216,0.055867284
2,2020-01-01T02:00:00+00:00,distributed_committable,105,C26,315,324,true,500,-114.487573734,-5.365889393,115.39180236,0.916988834,114.613251016,115.395445839,0.230790892
2,2020-01-01T02:00:00+00:00,distributed_committable,106,C27,316,317,true,500,-247.968126328,-16.387995384,249.801563923,26.655594835,248.509070393,251.21970877,0.502439418
2,2020-01-01T02:00:00+00:00,distributed_committable,107,C28,316,319,true,500,95.555313833,-26.470963767,-95.266750385,23.724203682,99.154071648,98.176328966,0.198308143
2,2020-01-01T02:00:00+00:00,distributed_committable,108,C29,317,318,true,500,357.200009463,-3.747470088,-354.735060496,17.913060308,357.219666722,355.187050545,0.714439333
2,2020-01-01T02:00:00+00:00,distributed_committable,109,C30,317,322,true,500,9.571076671,-22.908124744,-9.540903945,0.01536627,24.82715626,9.54091632,0.049654313
2,2020-01-01T02:00:00+00:00,distributed_committable,110,C31-1,318,321,true,500,-5.612353776,-9.830370182,5.614717757,4.207447481,11.319659572,7.016243282,0.022639319
2,2020-01-01T02:00:00+00:00,distributed_committable,111,C31-2,318,321,true,500,-5.612353776,-9.830370182,5.614717757,4.207447481,11.319659572,7.016243282,0.022639319
2,2020-01-01T02:00:00+00:00,distributed_committable,112,C32-1,319,320,true,500,10.61455202,-19.429485582,-10.597594016,11.094562688,22.139865052,15.342695988,0.04427973
2,2020-01-01T02:00:00+00:00,distributed_committable,113,C32-2,319,320,true,500,10.61455202,-19.429485582,-10.597594016,11.094562688,22.139865052,15.342695988,0.04427973
2,2020-01-01T02:00:00+00:00,distributed_committable,114,C33-1,320,323,true,500,-15.581463256,-16.412183695,15.594334137,11.769923061,22.630549504,19.537511255,0.045261099
2,2020-01-01T02:00:00+00:00,distributed_committable,115,C33-2,320,323,true,500,-15.581463256,-16.412183695,15.594334137,11.769923061,22.630549504,19.537511255,0.045261099
2,2020-01-01T02:00:00+00:00,distributed_committable,116,C34,321,322,true,500,-57.240410786,-19.791957507,57.540903944,7.25882902,60.56555299,57.996950139,0.121131106
2,2020-01-01T02:00:00+00:00,distributed_committable,117,CA-1,325,121,true,500,-160.374601763,-12.338626809,163.356174045,14.755570118,160.84854554,164.021237796,0.328042476
2,2020-01-01T02:00:00+00:00,distributed_committable,118,CB-1,318,223,true,500,229.746860361,-26.067568306,-223.018135701,57.265848962,231.220972153,230.253048425,0.462441944
2,2020-01-01T02:00:00+00:00,distributed_committable,119,C35,323,325,true,722,-160.374601794,-10.089504192,160.374601794,12.338626805,160.691664362,160.84854557,0.222781919
3,2020-01-01T03:00:00+00:00,distributed_committable,0,A1,101,102,true,175,20.591321167,-24.996465305,-20.578862996,-22.200157129,32.385579896,30.271051828,0.185060457
3,2020-01-01T03:00:00+00:00,distributed_committable,1,A2,101,103,true,175,-14.873100206,-4.695956851,14.993429801,-0.758526682,15.596830463,15.012604701,0.089124746
3,2020-01-01T03:00:00+00:00,distributed_committable,2,A3,101,105,true,175,45.33800503,-28.296623784,-44.739261793,28.218877726,53.443742549,52.895241808,0.305392815
3,2020-01-01T03:00:00+00:00,distributed_committable,3,A4,102,104,true,175,27.48522513,-9.218716048,-27.223917551,6.736861994,28.990038393,28.045088631,0.165657362
3,2020-01-01T03:00:00+00:00,distributed_committable,4,A5,102,106,true,175,32.86830285,-25.844897256,-32.078903455,23.385997808,41.812486728,39.69837453,0.238928496
3,2020-01-01T03:00:00+00:00,distributed_committable,5,A6,103,109,true,175,59.869548286,-14.507497127,-58.763107879,15.395570062,61.602193831,60.746410801,0.352012536
3,2020-01-01T03:00:00+00:00,distributed_committable,6,A7,103,124,true,400,-140.303352812,1.814390898,140.689572231,14.406824704,140.315084095,141.425288873,0.353563222
3,2020-01-01T03:00:00+00:00,distributed_committable,7,A8,104,109,true,175,0.320653047,-12.190226849,-0.290224725,9.401028199,12.194443366,9.405506982,0.069682534
3,2020-01-01T03:00:00+00:00,distributed_committable,8,A9,105,110,true,175,18.926670512,-33.308684989,-18.624349783,31.877925187,38.310407886,36.919757841,0.218916616
3,2020-01-01T03:00:00+00:00,distributed_committable,9,A10,106,110,true,175,-17.364935252,-142.264300133,17.413341148,-126.722200066,143.320173278,127.913019039,0.818972419
3,2020-01-01T03:00:00+00:00,distributed_committable,10,A11,107,108,true,175,-65.301216528,6.921921076,65.998955926,-5.958811201,65.667053166,66.267409895,0.378670914
3,2020-01-01T03:00:00+00:00,distributed_committable,11,AB1,107,203,true,175,19.856510963,-16.010862155,-19.608523466,12.533269102,25.507425087,23.271807556,0.145756715
3,2020-01-01T03:00:00+00:00,distributed_committable,12,A12-1,108,109,true,175,-67.931955386,6.115220988,69.936789476,-3.043729262,68.206645499,70.002991437,0.400017094
3,2020-01-01T03:00:00+00:00,distributed_committable,13,A13-2,108,110,true,175,-60.235357761,-12.88092732,61.836296553,14.282579282,61.597212706,63.464317867,0.362653245
3,2020-01-01T03:00:00+00:00,distributed_committable,14,A14,109,111,true,400,-45.321302936,-13.07535317,45.366300476,14.965249844,47.16975048,47.770910833,0.119427277
3,2020-01-01T03:00:00+00:00,distributed_committable,15,A15,109,112,true,400,-29.184741385,-21.765591052,29.211547761,22.89145882,36.40728064,37.112442785,0.092781107
3,2020-01-01T03:00:00+00:00,distributed_committable,16,A16,110,111,true,400,-74.047796591,37.719085285,74.176858425,-32.298488279,83.101176735,80.903638181,0.207752942
3,2020-01-01T03:00:00+00:00,distributed_committable,17,A17,110,112,true,400,-57.471231215,28.300304432,57.547927605,-25.079056038,64.061296024,62.775178402,0.16015324
3,2020-01-01T03:00:00+00:00,distributed_committable,18,A18,111,113,true,500,25.450595575,-15.425306693,-25.405938345,5.604222848,29.760257084,26.016706496,0.059520514
3,2020-01-01T03:00:00+00:00,distributed_committable,19,A19,111,114,true,500,-144.993753368,32.758544998,146.098383766,-32.349144611,148.648278786,149.636910206,0.29927382
3,2020-01-01T03:00:00+00:00,distributed_committable,20,A20,112,113,true,500,-1.839335881,1.616233787,1.842197101,-11.838245663,2.448544086,11.980724124,0.023961448
3,2020-01-01T03:00:00+00:00,distributed_committable,21,A21,112,123,true,500,-84.920138708,0.571363345,85.776388269,-14.570042189,84.922060822,87.005028095,0.174010056
3,2020-01-01T03:00:00+00:00,distributed_committable,22,A22,113,123,true,500,-93.332447269,-0.649767166,94.278656737,-10.565569011,93.334709035,94.86883769,0.189737675
3,2020-01-01T03:00:00+00:00,distributed_committable,23,AB2,113,215,true,500,120.553412513,-12.748322782,-119.12835514,7.369271356,121.225595491,119.356068797,0.242451191
3,2020-01-01T03:00:00+00:00,distributed_committable,24,A23,114,116,true,500,-216.628566574,-8.684006888,218.97251873,27.952071979,216.802554947,220.749365315,0.441498731
3,2020-01-01T03:00:00+00:00,distributed_committable,25,A24,115,116,true,500,196.313429093,51.365738379,-195.539867302,-48.597138255,202.92215631,201.488266534,0.405844313
3,2020-01-01T03:00:00+00:00,distributed_committable,26,A25-1,115,121,true,500,-192.142934052,-3.770503557,194.213653812,9.508862182,192.179925599,194.44629538,0.388892591
3,2020-01-01T03:00:00+00:00,distributed_committable,27,A25-2,115,121,true,500,-192.142934052,-3.770503557,194.213653812,9.508862182,192.179925599,194.44629538,0.388892591
3,2020-01-01T03:00:00+00:00,distributed_committable,28,A26,115,124,true,500,142.032500644,12.9075275,-140.689571615,-14.406824698,142.617795192,141.425288259,0.28523559
3,2020-01-01T03:00:00+00:00,distributed_committable,29,A27,116,117,true,500,-336.744292216,17.261561956,340.011369008,5.258371567,337.186417077,340.052027675,0.680104055
3,2020-01-01T03:00:00+00:00,distributed_committable,30,A28,116,119,true,500,276.955875397,-3.887648541,-274.753760246,15.679618717,276.983159647,275.200797987,0.553966319
3,2020-01-01T03:00:00+00:00,distributed_committable,31,A29,117,118,true,500,-83.519170692,-42.840931516,83.682547566,40.775435293,93.865847283,93.088156554,0.187731695
3,2020-01-01T03:00:00+00:00,distributed_committable,32,A30,117,122,true,500,-256.492198956,37.582560009,265.483945211,5.935770968,259.230972189,265.550293809,0.531100588
3,2020-01-01T03:00:00+00:00,distributed_committable,33,A31-1,118,121,true,500,-102.373621456,-32.748677561,102.690197135,29.50604954,107.484111626,106.845138153,0.214968223
3,2020-01-01T03:00:00+00:00,distributed_committable,34,A31-2,118,121,true,500,-102.373621456,-32.748677561,102.690197135,29.50604954,107.484111626,106.845138153,0.214968223
3,2020-01-01T03:00:00+00:00,distributed_committable,35,A32-1,119,120,true,500,104.474913318,-14.565625775,-103.941448667,10.262035281,105.485377977,104.446800425,0.210970756
3,2020-01-01T03:00:00+00:00,distributed_committable,36,A32-2,119,120,true,500,104.474913318,-14.565625775,-103.941448667,10.262035281,105.485377977,104.446800425,0.210970756
3,2020-01-01T03:00:00+00:00,distributed_committable,37,A33-1,120,123,true,500,80.67375952,-14.988284655,-80.480023962,11.657412771,82.054275647,81.319920865,0.164108551
3,2020-01-01T03:00:00+00:00,distributed_committable,38,A33-2,120,123,true,500,80.67375952,-14.988284655,-80.480023962,11.657412771,82.054275647,81.319920865,0.164108551
3,2020-01-01T03:00:00+00:00,distributed_committable,39,A34,121,122,true,500,-348.96294418,76.806842866,359.516054547,-12.707086634,357.315585333,359.740550296,0.719481101
3,2020-01-01T03:00:00+00:00,distributed_committable,40,AB3,123,217,true,500,198.073965315,-10.865529957,-194.276908805,23.055126472,198.371760785,195.640118972,0.396743522
3,2020-01-01T03:00:00+00:00,distributed_committable,41,B1,201,202,true,175,-21.609264319,-9.443266079,21.628823634,-38.375860319,23.582526978,44.051250459,0.251721431
3,2020-01-01T03:00:00+00:00,distributed_committable,42,B2,201,203,true,175,-21.227652856,7.801179122,21.527078777,-12.528621628,22.6157388,24.907458332,0.142328333
3,2020-01-01T03:00:00+00:00,distributed_committable,43,B3,201,205,true,175,11.469298394,-16.6822909,-11.390793514,14.567317601,20.244595213,18.492077195,0.115683401
3,2020-01-01T03:00:00+00:00,distributed_committable,44,B4,202,204,true,175,6.198302257,0.122830663,-6.184954397,-3.585302583,6.199519194,7.148989824,0.04085137
3,2020-01-01T03:00:00+00:00,distributed_committable,45,B5,202,206,true,175,11.945071738,-19.18779727,-11.745348658,14.420045627,22.602130495,18.598143213,0.129155031
3,2020-01-01T03:00:00+00:00,distributed_committable,46,B6,203,209,true,175,23.201625543,-16.280370874,-22.973081067,13.855451104,28.343710125,26.827895538,0.161964058
3,2020-01-01T03:00:00+00:00,distributed_committable,47,B7,203,224,true,400,-93.232881772,2.274778891,93.408377828,5.096055492,93.260628683,93.547286599,0.233868216
3,2020-01-01T03:00:00+00:00,distributed_committable,48,B8,204,209,true,175,-21.816932651,-2.090756219,21.941926722,-0.328330542,21.916884173,21.944383091,0.125396475
3,2020-01-01T03:00:00+00:00,distributed_committable,49,B9,205,210,true,175,-15.475881962,-19.864972477,15.602574583,17.752061792,25.181740488,23.634213155,0.14389566
3,2020-01-01T03:00:00+00:00,distributed_committable,50,B10,206,210,true,175,-39.717580737,-134.098975872,39.920038376,-134.689572426,139.857146938,140.48092534,0.802748145
3,2020-01-01T03:00:00+00:00,distributed_committable,51,B11,207,208,true,175,-47.300487929,-9.460097589,47.686686256,9.281424798,48.237222191,48.581528304,0.277608733
3,2020-01-01T03:00:00+00:00,distributed_committable,52,B12-1,208,209,true,175,-59.610587978,-1.139625718,61.163073563,2.535473235,59.621480574,61.215604156,0.349803452
3,2020-01-01T03:00:00+00:00,distributed_committable,53,B13-2,208,210,true,175,-52.78316576,-21.385935706,54.16051238,21.975284983,56.951038916,58.44890291,0.333993731
3,2020-01-01T03:00:00+00:00,distributed_committable,54,B14,209,211,true,400,-51.560301045,-13.593941371,51.618156425,16.023867319,53.32222694,54.048111869,0.13512028
3,2020-01-01T03:00:00+00:00,distributed_committable,55,B15,209,212,true,400,-74.792300561,-16.091193002,74.911395132,21.093165005,76.503690861,77.824409606,0.194561024
3,2020-01-01T03:00:00+00:00,distributed_committable,56,B16,210,211,true,400,-79.589564573,40.949792347,79.739288446,-34.661389707,89.506336548,86.946915174,0.223765841
3,2020-01-01T03:00:00+00:00,distributed_committable,57,B17,210,212,true,400,-103.882320669,38.876277027,104.11224823,-29.219319464,110.918445099,108.13477175,0.277296113
3,2020-01-01T03:00:00+00:00,distributed_committable,58,B18,211,213,true,500,-56.618356264,1.328643819,56.811239518,-9.890974167,56.633943536,57.665833087,0.115331666
3,2020-01-01T03:00:00+00:00,distributed_committable,59,B19,211,214,true,500,-74.73908683,17.308878369,75.039092739,-23.632525346,76.717197358,78.672496422,0.157344993
3,2020-01-01T03:00:00+00:00,distributed_committable,60,B20,212,213,true,500,-15.747296599,3.06509565,15.765843822,-13.05854628,16.042822741,20.471625787,0.040943252
3,2020-01-01T03:00:00+00:00,distributed_committable,61,B21,212,223,true,500,-163.27634514,5.061058622,166.449541279,-0.409675641,163.354764842,166.450045437,0.332900091
3,2020-01-01T03:00:00+00:00,distributed_committable,62,B22,213,223,true,500,-172.854116433,2.515709568,176.119124641,4.534538907,172.872422215,176.177490354,0.352354981
3,2020-01-01T03:00:00+00:00,distributed_committable,63,B23,214,216,true,500,-148.449449047,-1.834111782,149.551453966,6.555341158,148.460778956,149.695056301,0.299390113
3,2020-01-01T03:00:00+00:00,distributed_committable,64,B24,215,216,true,500,-26.375202078,-20.894329944,26.396129738,17.413836775,33.648540956,31.622735118,0.067297082
3,2020-01-01T03:00:00+00:00,distributed_committable,65,B25-1,215,221,true,500,-19.985638779,-8.206781104,20.009840863,-2.05157095,21.605022877,20.114737749,0.043210046
3,2020-01-01T03:00:00+00:00,distributed_committable,66,B25-2,215,221,true,500,-19.985638779,-8.206781104,20.009840863,-2.05157095,21.605022877,20.114737749,0.043210046
3,2020-01-01T03:00:00+00:00,distributed_committable,67,B26,215,224,true,500,94.020798085,-1.30755254,-93.408376635,-5.096055631,94.029889749,93.547285415,0.188059779
3,2020-01-01T03:00:00+00:00,distributed_committable,68,B27,216,217,true,500,-84.541988077,9.326970358,84.756532888,-13.075536764,85.054924161,85.759195011,0.17151839
3,2020-01-01T03:00:00+00:00,distributed_committable,69,B28,216,219,true,500,-59.300674816,-14.527357693,59.408358546,10.332180536,61.054190316,60.300141126,0.122108381
3,2020-01-01T03:00:00+00:00,distributed_committable,70,B29,217,218,true,500,122.260962246,2.737529044,-121.967297858,-3.730956346,122.291606231,122.024349135,0.244583212
3,2020-01-01T03:00:00+00:00,distributed_committable,71,B30,217,222,true,500,-12.740586784,-12.717118731,12.763173159,-9.714187459,18.001323852,16.039452207,0.036002648
3,2020-01-01T03:00:00+00:00,distributed_committable,72,B31-1,218,221,true,500,-2.02060007,-11.000254565,2.022717757,5.432466136,11.184293681,5.796815975,0.022368587
3,2020-01-01T03:00:00+00:00,distributed_committable,73,B31-2,218,221,true,500,-2.02060007,-11.000254565,2.022717757,5.432466136,11.184293681,5.796815975,0.022368587
3,2020-01-01T03:00:00+00:00,distributed_committable,74,B32-1,219,220,true,500,-63.949732079,-12.166562485,64.151420527,5.181529922,65.09680081,64.360337227,0.130193602
3,2020-01-01T03:00:00+00:00,distributed_committable,75,B32-2,219,220,true,500,-63.949732079,-12.166562485,64.151420527,5.181529922,65.09680081,64.360337227,0.130193602
3,2020-01-01T03:00:00+00:00,distributed_committable,76,B33-1,220,223,true,500,-88.369270086,-10.100780675,88.595667572,6.943984226,88.944666315,88.867380008,0.177889333
3,2020-01-01T03:00:00+00:00,distributed_committable,77,B33-2,220,223,true,500,-88.369270086,-10.100780675,88.595667572,6.943984226,88.944666315,88.867380008,0.177889333
3,2020-01-01T03:00:00+00:00,distributed_committable,78,B34,221,222,true,500,-44.065117265,-6.761790375,44.236826015,-6.452673567,44.580896903,44.704963618,0.089409927
3,2020-01-01T03:00:00+00:00,distributed_committable,79,C1,301,302,true,175,41.608783964,-38.434356471,-41.555160394,-10.833162265,56.643540323,42.944018908,0.323677373
3,2020-01-01T03:00:00+00:00,distributed_committable,80,C2,301,303,true,175,-112.815470922,40.394417837,120.303988161,-17.799970598,119.829209593,121.613685581,0.694935346
3,2020-01-01T03:00:00+00:00,distributed_committable,81,C3,301,305,true,175,27.62743988,-10.8373154,-27.452110226,9.04028714,29.676974904,28.902338097,0.169582714
3,2020-01-01T03:00:00+00:00,distributed_committable,82,C4,302,304,true,175,-17.427439943,16.359549125,17.622240318,-19.207018359,23.90293937,26.066317502,0.148950386
3,2020-01-01T03:00:00+00:00,distributed_committable,83,C5,302,306,true,175,19.841980276,-13.596617801,-19.604551374,8.858136834,24.053527743,21.512903633,0.13744873
3,2020-01-01T03:00:00+00:00,distributed_committable,84,C6,303,309,true,175,151.459441854,-10.910148599,-144.843933527,32.916296035,151.851881349,148.537024422,0.867725036
3,2020-01-01T03:00:00+00:00,distributed_committable,85,C7,303,324,true,400,88.304491522,13.780191957,-88.151948585,-7.373388611,89.373244952,88.459781251,0.223433112
3,2020-01-01T03:00:00+00:00,distributed_committable,86,C8,304,309,true,175,-47.482094798,13.154345154,48.122133643,-13.601405443,49.270540111,50.007379219,0.285756453
3,2020-01-01T03:00:00+00:00,distributed_committable,87,C9,305,310,true,175,-1.197209612,-14.689448799,1.235792269,12.220188244,14.738155138,12.282515347,0.084218029
3,2020-01-01T03:00:00+00:00,distributed_committable,88,C10,306,310,true,175,-35.273019021,-129.989665914,35.434861461,-139.897464582,134.690382416,144.315383806,0.824659336
3,2020-01-01T03:00:00+00:00,distributed_committable,89,C11,307,308,true,175,-50.438943377,-10.087788675,50.884747781,10.158291679,51.437831305,51.888808491,0.296507477
3,2020-01-01T03:00:00+00:00,distributed_committable,90,C12-1,308,309,true,175,-84.396096327,6.158814608,87.575952691,1.516564701,84.620518036,87.589082985,0.500509046
3,2020-01-01T03:00:00+00:00,distributed_committable,91,C13-2,308,310,true,175,-35.489125994,-30.440010433,36.398836843,29.261791006,46.755452078,46.702545288,0.267174012
3,2020-01-01T03:00:00+00:00,distributed_committable,92,C14,309,311,true,400,43.353155235,-11.238229275,-43.312199048,12.95838912,44.786090096,45.209141056,0.113022853
3,2020-01-01T03:00:00+00:00,distributed_committable,93,C15,309,312,true,400,39.97817123,-24.11964171,-39.933657708,25.989209639,46.690591034,47.645944587,0.119114861
3,2020-01-01T03:00:00+00:00,distributed_committable,94,C16,310,311,true,400,-73.464723343,47.665480209,73.60804962,-41.645776554,87.573189843,84.572546808,0.218932975
3,2020-01-01T03:00:00+00:00,distributed_committable,95,C17,310,312,true,400,-78.289518899,34.609543243,78.426453683,-28.858282335,85.598301694,83.567392544,0.213995754
3,2020-01-01T03:00:00+00:00,distributed_committable,96,C18,311,313,true,500,10.978606031,-14.203865551,-10.96625716,4.284032367,17.952147141,11.773348267,0.035904294
3,2020-01-01T03:00:00+00:00,distributed_committable,97,C19,311,314,true,500,-41.2744566,42.891252985,41.471798676,-49.863146209,59.52512369,64.855558245,0.129711116
3,2020-01-01T03:00:00+00:00,distributed_committable,98,C20,312,313,true,500,20.119028635,7.442133019,-20.085964479,-17.30575065,21.451355601,26.512920899,0.053025842
3,2020-01-01T03:00:00+00:00,distributed_committable,99,C21,312,323,true,500,-58.611824607,-4.573060323,59.019922578,-12.89560469,58.789955473,60.412315643,0.120824631
3,2020-01-01T03:00:00+00:00,distributed_committable,100,C22,313,323,true,500,-75.878338318,-8.767905256,76.508123495,-4.739802301,76.383233687,76.65480211,0.153309604
3,2020-01-01T03:00:00+00:00,distributed_committable,101,C23,314,316,true,500,-119.753038788,-15.873796034,120.504862441,16.718747584,120.800528556,121.659107315,0.243318215
3,2020-01-01T03:00:00+00:00,distributed_committable,102,C24,315,316,true,500,22.568674334,18.427978841,-22.55034221,-21.866346191,29.136497136,31.411065399,0.062822131
3,2020-01-01T03:00:00+00:00,distributed_committable,103,C25-1,315,321,true,500,-31.43577272,-14.924637983,31.500637307,5.060992303,34.798744596,31.904604587,0.069597489
3,2020-01-01T03:00:00+00:00,distributed_committable,104,C25-2,315,321,true,500,-31.43577272,-14.924637983,31.500637307,5.060992303,34.798744596,31.904604587,0.069597489
3,2020-01-01T03:00:00+00:00,distributed_committable,105,C26,315,324,true,500,-87.610289265,-14.403441887,88.151948585,7.373388611,88.786383659,88.459781251,0.177572767
3,2020-01-01T03:00:00+00:00,distributed_committable,106,C27,316,317,true,500,-277.21335737,-15.366914465,279.536317541,29.951047148,277.638951814,281.136297994,0.562272596
3,2020-01-01T03:00:00+00:00,distributed_committable,107,C28,316,319,true,500,108.249826271,-34.42104733,-107.865484791,32.472749606,113.590639522,112.647424631,0.227181279
3,2020-01-01T03:00:00+00:00,distributed_committable,108,C29,317,318,true,500,379.95755296,-6.465690078,-377.13467847,23.173260444,380.012561897,377.845954993,0.760025124
3,2020-01-01T03:00:00+00:00,distributed_committable,109,C30,317,322,true,500,12.707140325,-23.485357069,-12.664737295,0.947661414,26.702685481,12.700143027,0.053405371
3,2020-01-01T03:00:00+00:00,distributed_committable,110,C31-1,318,321,true,500,1.536058403,-10.351411375,-1.534290468,4.790044892,10.464759571,5.02976911,0.020929519
3,2020-01-01T03:00:00+00:00,distributed_committable,111,C31-2,318,321,true,500,1.536058403,-10.351411375,-1.534290468,4.790044892,10.464759571,5.02976911,0.020929519
3,2020-01-01T03:00:00+00:00,distributed_committable,112,C32-1,319,320,true,500,17.414947406,-23.701338424,-17.380814946,15.58794908,29.411457567,23.346881691,0.058822915
3,2020-01-01T03:00:00+00:00,distributed_committable,113,C32-2,319,320,true,500,17.414947406,-23.701338424,-17.380814946,15.58794908,29.411457567,23.346881691,0.058822915
3,2020-01-01T03:00:00+00:00,distributed_committable,114,C33-1,320,323,true,500,-8.443924054,-20.833599191,8.456111146,16.222934816,22.479739961,18.294519118,0.04495948
3,2020-01-01T03:00:00+00:00,distributed_committable,115,C33-2,320,323,true,500,-8.443924054,-20.833599191,8.456111146,16.222934816,22.479739961,18.294519118,0.04495948
3,2020-01-01T03:00:00+00:00,distributed_committable,116,C34,321,322,true,500,-59.932693641,-19.702074392,60.264737274,7.576019505,63.088029787,60.739070048,0.12617606
3,2020-01-01T03:00:00+00:00,distributed_committable,117,CA-1,325,121,true,500,-152.440268118,-16.867969717,155.155240817,17.209497406,153.370674336,156.106744101,0.312213488
3,2020-01-01T03:00:00+00:00,distributed_committable,118,CB-1,318,223,true,500,239.693215702,-29.909222912,-232.267273901,66.822045974,241.552063268,241.688378606,0.483376757
3,2020-01-01T03:00:00+00:00,distributed_committable,119,C35,323,325,true,722,-152.44026836,-14.81046264,152.44026836,16.867969686,153.158040015,153.370674573,0.212424757
4,2020-01-01T04:00:00+00:00,distributed_committable,0,A1,101,102,true,175,30.573448989,-25.655352891,-30.546780939,-22.759603354,39.911563675,38.093376991,0.228066078
4,2020-01-01T04:00:00+00:00,distributed_committable,1,A2,101,103,true,175,6.526268415,-4.769330614,-6.502406244,-1.146201146,8.083235363,6.602655832,0.046189916
4,2020-01-01T04:00:00+00:00,distributed_committable,2,A3,101,105,true,175,71.708297879,-24.339681167,-70.522934638,26.482432648,75.726481921,75.331291964,0.432722754
4,2020-01-01T04:00:00+00:00,distributed_committable,3,A4,102,104,true,175,48.531011764,-6.677518616,-47.784838794,5.998400478,48.988247139,48.15985493,0.279932841
4,2020-01-01T04:00:00+00:00,distributed_committable,4,A5,102,106,true,175,50.795511787,-22.922260094,-49.3757803,22.804058468,55.728036261,54.38743203,0.318445921
4,2020-01-01T04:00:00+00:00,distributed_committable,5,A6,103,109,true,175,60.261700683,-13.005968355,-59.156055143,13.885102042,61.649231804,60.763763204,0.352281325
4,2020-01-01T04:00:00+00:00,distributed_committable,6,A7,103,124,true,400,-125.745934622,-0.645084339,126.055016737,13.626533189,125.747589272,126.789390926,0.316973477
4,2020-01-01T04:00:00+00:00,distributed_committable,7,A8,104,109,true,175,18.190331134,-11.997287169,-18.075162494,9.521109286,21.79043474,20.429464536,0.12451677
4,2020-01-01T04:00:00+00:00,distributed_committable,8,A9,105,110,true,175,42.128204389,-32.081393573,-41.540314863,31.729048175,52.952822575,52.271696519,0.302587558
4,2020-01-01T04:00:00+00:00,distributed_committable,9,A10,106,110,true,175,-5.01412568,-143.011701905,5.027720932,-126.508888495,143.099574905,126.608755013,0.817711857
4,2020-01-01T04:00:00+00:00,distributed_committable,10,A11,107,108,true,175,-67.63753509,7.396943005,68.392308451,-6.203901085,68.040803338,68.673111507,0.39241778
4,2020-01-01T04:00:00+00:00,distributed_committable,11,AB1,107,203,true,175,17.646812682,-17.395087484,-17.414928902,13.875016713,24.779004548,22.266473394,0.141594312
4,2020-01-01T04:00:00+00:00,distributed_committable,12,A12-1,108,109,true,175,-70.68788361,5.046786141,72.864498908,-1.299786024,70.867813142,72.876091037,0.416434806
4,2020-01-01T04:00:00+00:00,distributed_committable,13,A13-2,108,110,true,175,-66.091733099,-12.840287329,68.022858511,15.525108071,67.327484453,69.772044979,0.3986974
4,2020-01-01T04:00:00+00:00,distributed_committable,14,A14,109,111,true,400,-39.476624399,-14.029000492,39.512124079,15.519987047,41.895306763,42.45088865,0.106127222
4,2020-01-01T04:00:00+00:00,distributed_committable,15,A15,109,112,true,400,-26.143668244,-22.474752865,26.167708084,23.484426141,34.476164311,35.160591825,0.08790148
4,2020-01-01T04:00:00+00:00,distributed_committable,16,A16,110,111,true,400,-61.604862208,36.14283019,61.700202888,-32.138521633,71.424528153,69.568668301,0.17856132
4,2020-01-01T04:00:00+00:00,distributed_committable,17,A17,110,112,true,400,-47.890929306,27.114870883,47.947533415,-24.737498278,55.03414697,53.952847762,0.137585367
4,2020-01-01T04:00:00+00:00,distributed_committable,18,A18,111,113,true,500,26.462543788,-14.921547013,-26.415431249,5.113505711,30.379578487,26.905816262,0.060759157
4,2020-01-01T04:00:00+00:00,distributed_committable,19,A19,111,114,true,500,-127.674870751,31.540081599,128.541511765,-33.131361113,131.512924721,132.742635713,0.265485271
4,2020-01-01T04:00:00+00:00,distributed_committable,20,A20,112,113,true,500,4.158299579,1.426296871,-4.154773629,-11.649285958,4.396109433,12.368023579,0.024736047
4,2020-01-01T04:00:00+00:00,distributed_committable,21,A21,112,123,true,500,-78.27354105,-0.173224736,79.000663952,-14.875335884,78.273732729,80.388932836,0.160777866
4,2020-01-01T04:00:00+00:00,distributed_committable,22,A22,113,123,true,500,-89.20048094,-1.128792685,90.064295672,-10.738781235,89.20762284,90.70225343,0.181404507
4,2020-01-01T04:00:00+00:00,distributed_committable,23,AB2,113,215,true,500,113.790354272,-13.931419146,-112.519699756,7.370970632,114.639998102,112.760871056,0.229279996
4,2020-01-01T04:00:00+00:00,distributed_committable,24,A23,114,116,true,500,-206.127112867,-11.704718129,208.252536665,28.395058603,206.45916566,210.179443287,0.420358887
4,2020-01-01T04:00:00+00:00,distributed_committable,25,A24,115,116,true,500,187.722512296,52.551824501,-187.008589384,-50.291793326,194.939569819,193.652980817,0.38987914
4,2020-01-01T04:00:00+00:00,distributed_committable,26,A25-1,115,121,true,500,-185.607427009,-4.123050475,187.538671844,8.722108133,185.653215717,187.741387571,0.375482775
4,2020-01-01T04:00:00+00:00,distributed_committable,27,A25-2,115,121,true,500,-185.607427009,-4.123050475,187.538671844,8.722108133,185.653215717,187.741387571,0.375482775
4,2020-01-01T04:00:00+00:00,distributed_committable,28,A26,115,124,true,500,127.128569798,10.098893203,-126.055016657,-13.626533196,127.529059053,126.789390847,0.255058118
4,2020-01-01T04:00:00+00:00,distributed_committable,29,A27,116,117,true,500,-324.792687921,15.808599465,327.830057041,4.719774299,325.177185461,327.864030612,0.655728061
4,2020-01-01T04:00:00+00:00,distributed_committable,30,A28,116,119,true,500,263.55616292,-1.910380335,-261.562740335,12.101681569,263.563086501,261.842543962,0.527126173
4,2020-01-01T04:00:00+00:00,distributed_committable,31,A29,117,118,true,500,-72.133748249,-41.927016333,72.262365747,39.619638908,83.433520452,82.410953705,0.166867041
4,2020-01-01T04:00:00+00:00,distributed_committable,32,A30,117,122,true,500,-255.696308844,37.207242047,264.630334133,5.879343438,258.389204917,264.695637332,0.529391275
4,2020-01-01T04:00:00+00:00,distributed_committable,33,A31-1,118,121,true,500,-102.718825036,-33.40729595,103.038733877,30.197213645,108.014834349,107.372493642,0.216029669
4,2020-01-01T04:00:00+00:00,distributed_committable,34,A31-2,118,121,true,500,-102.718825036,-33.40729595,103.038733877,30.197213645,108.014834349,107.372493642,0.216029669
4,2020-01-01T04:00:00+00:00,distributed_committable,35,A32-1,119,120,true,500,94.588087167,-13.449467704,-94.150898375,8.377389949,95.539491392,94.52286669,0.191078983
4,2020-01-01T04:00:00+00:00,distributed_committable,36,A32-2,119,120,true,500,94.588087167,-13.449467704,-94.150898375,8.377389949,95.539491392,94.52286669,0.191078983
4,2020-01-01T04:00:00+00:00,distributed_committable,37,A33-1,120,123,true,500,68.555648515,-13.576425081,-68.415393257,9.854773945,69.887024985,69.121506089,0.13977405
4,2020-01-01T04:00:00+00:00,distributed_committable,38,A33-2,120,123,true,500,68.555648515,-13.576425081,-68.415393257,9.854773945,69.887024985,69.121506089,0.13977405
4,2020-01-01T04:00:00+00:00,distributed_committable,39,A34,121,122,true,500,-349.766719979,76.755889577,360.369665774,-12.276197081,358.089688471,360.578702955,0.721157406
4,2020-01-01T04:00:00+00:00,distributed_committable,40,AB3,123,217,true,500,187.181767449,-12.787688455,-183.788350665,21.973445331,187.618066937,185.09724509,0.375236134
4,2020-01-01T04:00:00+00:00,distributed_committable,41,B1,201,202,true,175,-22.956647445,-10.349634581,22.977200114,-37.511151679,25.181790999,43.989069385,0.251366111
4,2020-01-01T04:00:00+00:00,distributed_committable,42,B2,201,203,true,175,-20.932913293,8.211866821,21.230323296,-12.945885328,22.486031567,24.866092861,0.142091959
4,2020-01-01T04:00:00+00:00,distributed_committable,43,B3,201,205,true,175,11.539946542,-16.344316455,-11.463354691,14.220727608,20.007674692,18.265749218,0.11432957
4,2020-01-01T04:00:00+00:00,distributed_committable,44,B4,202,204,true,175,6.38013619,0.4780861,-6.36560817,-3.938255295,6.398023454,7.485373881,0.042773565
4,2020-01-01T04:00:00+00:00,distributed_committable,45,B5,202,206,true,175,12.127662963,-18.903838489,-11.930564368,14.12332291,22.459637543,18.488012769,0.128340786
4,2020-01-01T04:00:00+00:00,distributed_committable,46,B6,203,209,true,175,22.385516629,-16.543070079,-22.165623176,14.087177265,27.834951453,26.26334735,0.159056865
4,2020-01-01T04:00:00+00:00,distributed_committable,47,B7,203,224,true,400,-95.616934602,1.345089321,95.80167263,6.413907835,95.626395143,96.016137667,0.240040344
4,2020-01-01T04:00:00+00:00,distributed_committable,48,B8,204,209,true,175,-22.172090226,-1.846413406,22.301097064,-0.557211383,22.248838789,22.308057172,0.127474612
4,2020-01-01T04:00:00+00:00,distributed_committable,49,B9,205,210,true,175,-15.917409937,-19.619751738,16.045113465,17.510438517,25.26457198,23.749971014,0.144368983
4,2020-01-01T04:00:00+00:00,distributed_committable,50,B10,206,210,true,175,-40.517097872,-133.991377526,40.727816326,-134.744436679,139.983300688,140.765117265,0.804372099
4,2020-01-01T04:00:00+00:00,distributed_committable,51,B11,207,208,true,175,-48.205572147,-9.64111443,48.607920543,9.528303306,49.160230609,49.533004183,0.283045738
4,2020-01-01T04:00:00+00:00,distributed_committable,52,B12-1,208,209,true,175,-60.671982,-1.371350552,62.28370672,2.99990716,60.687478133,62.355910431,0.356319488
4,2020-01-01T04:00:00+00:00,distributed_committable,53,B13-2,208,210,true,175,-53.88116124,-21.654512956,55.317551912,22.475481267,58.069763801,59.709118296,0.341194962
4,2020-01-01T04:00:00+00:00,distributed_committable,54,B14,209,211,true,400,-53.279242316,-14.359752872,53.341209337,16.962367749,55.180432803,55.973266237,0.139933166
4,2020-01-01T04:00:00+00:00,distributed_committable,55,B15,209,212,true,400,-76.627739176,-16.053324957,76.752482369,21.292539041,78.291248894,79.651213227,0.199128033
4,2020-01-01T04:00:00+00:00,distributed_committable,56,B16,210,211,true,400,-81.446728234,40.282178028,81.60102788,-33.801592912,90.863762891,88.324829093,0.227159407
4,2020-01-01T04:00:00+00:00,distributed_committable,57,B17,210,212,true,400,-105.844445769,39.050555752,106.082317814,-29.059929848,112.818405434,109.990625399,0.282046014
4,2020-01-01T04:00:00+00:00,distributed_committable,58,B18,211,213,true,500,-57.38313637,2.322992872,57.581751202,-10.848809673,57.430136997,58.594835462,0.117189671
4,2020-01-01T04:00:00+00:00,distributed_committable,59,B19,211,214,true,500,-77.559100462,14.516232247,77.874329691,-20.73572838,78.905862033,80.587726462,0.161175453
4,2020-01-01T04:00:00+00:00,distributed_committable,60,B20,212,213,true,500,-16.344262947,2.679687843,16.363577477,-12.669882764,16.562477418,20.695231265,0.041390463
4,2020-01-01T04:00:00+00:00,distributed_committable,61,B21,212,223,true,500,-166.490536935,5.087702928,169.788669832,0.554856116,166.568255109,169.789576443,0.339579153
4,2020-01-01T04:00:00+00:00,distributed_committable,62,B22,213,223,true,500,-176.141141384,2.693885251,179.529692106,5.312637159,176.161740188,179.608280603,0.359216561
4,2020-01-01T04:00:00+00:00,distributed_committable,63,B23,214,216,true,500,-152.689377578,-0.149396494,153.851059959,5.546512299,152.689450666,153.951006653,0.307902013
4,2020-01-01T04:00:00+00:00,distributed_committable,64,B24,215,216,true,500,-40.593633899,-19.944664416,40.632570496,16.607403689,45.228671789,43.895462663,0.090457344
4,2020-01-01T04:00:00+00:00,distributed_committable,65,B25-1,215,221,true,500,-18.840717069,-8.124191118,18.862196076,-2.181920078,20.517677768,18.987975565,0.041035356
4,2020-01-01T04:00:00+00:00,distributed_committable,66,B25-2,215,221,true,500,-18.840717069,-8.124191118,18.862196076,-2.181920078,20.517677768,18.987975565,0.041035356
4,2020-01-01T04:00:00+00:00,distributed_committable,67,B26,215,224,true,500,96.445436934,0.22474796,-95.801672483,-6.413907847,96.4456988,96.016137521,0.192891398
4,2020-01-01T04:00:00+00:00,distributed_committable,68,B27,216,217,true,500,-72.796996559,8.472570359,72.956159298,-12.715822525,73.288383503,74.05601476,0.14811203
4,2020-01-01T04:00:00+00:00,distributed_committable,69,B28,216,219,true,500,-58.152207021,-13.406988164,58.25487423,9.160751253,59.677688569,58.970753218,0.119355377
4,2020-01-01T04:00:00+00:00,distributed_committable,70,B29,217,218,true,500,123.149812537,3.227765524,-122.852503412,-4.202860332,123.192105259,122.924373618,0.246384211
4,2020-01-01T04:00:00+00:00,distributed_committable,71,B30,217,222,true,500,-12.317621262,-12.48538832,12.338606507,-10.005241452,17.538777467,15.885404214,0.035077555
4,2020-01-01T04:00:00+00:00,distributed_committable,72,B31-1,218,221,true,500,-2.783570308,-11.01048546,2.785793322,5.430781311,11.356894546,6.103607956,0.022713789
4,2020-01-01T04:00:00+00:00,distributed_committable,73,B31-2,218,221,true,500,-2.783570308,-11.01048546,2.785793322,5.430781311,11.356894546,6.103607956,0.022713789
4,2020-01-01T04:00:00+00:00,distributed_committable,74,B32-1,219,220,true,500,-64.028271267,-11.714800306,64.229659801,4.710004118,65.091136629,64.402122146,0.130182273
4,2020-01-01T04:00:00+00:00,distributed_committable,75,B32-2,219,220,true,500,-64.028271267,-11.714800306,64.229659801,4.710004118,65.091136629,64.402122146,0.130182273
4,2020-01-01T04:00:00+00:00,distributed_committable,76,B33-1,220,223,true,500,-88.910912672,-9.723383625,89.139489003,6.574077955,89.441011741,89.381580881,0.178882023
4,2020-01-01T04:00:00+00:00,distributed_committable,77,B33-2,220,223,true,500,-88.910912672,-9.723383625,89.139489003,6.574077955,89.441011741,89.381580881,0.178882023
4,2020-01-01T04:00:00+00:00,distributed_committable,78,B34,221,222,true,500,-43.2959788,-6.497722466,43.46139342,-6.793831216,43.780842585,43.98919027,0.087978381
4,2020-01-01T04:00:00+00:00,distributed_committable,79,C1,301,302,true,175,40.541230309,-37.782097694,-40.490615892,-11.547662099,55.417310122,42.105088472,0.316670344
4,2020-01-01T04:00:00+00:00,distributed_committable,80,C2,301,303,true,175,-110.134141145,38.762597755,117.237860889,-17.652398761,116.75644749,118.559365754,0.67748209
4,2020-01-01T04:00:00+00:00,distributed_committable,81,C3,301,305,true,175,25.484084507,-9.96563135,-25.335518768,8.06337535,27.363339916,26.587713954,0.156361942
4,2020-01-01T04:00:00+00:00,distributed_committable,82,C4,302,304,true,175,-17.583060256,16.430382917,17.780164704,-19.272204449,24.064943191,26.221215098,0.149835515
4,2020-01-01T04:00:00+00:00,distributed_committable,83,C5,302,306,true,175,18.457415465,-13.051021991,-18.250213156,8.193858043,22.605427681,20.00523906,0.129173872
4,2020-01-01T04:00:00+00:00,distributed_committable,84,C6,303,309,true,175,145.348181424,-10.228604091,-139.266941769,30.17910192,145.707646282,142.499330744,0.832615122
4,2020-01-01T04:00:00+00:00,distributed_committable,85,C7,303,324,true,400,71.799247138,12.769645684,-71.697843153,-8.510678302,72.925960676,72.201193605,0.182314902
4,2020-01-01T04:00:00+00:00,distributed_committable,86,C8,304,309,true,175,-48.00287904,13.14597857,48.65518832,-13.548816919,49.770404345,50.506413358,0.288608076
4,2020-01-01T04:00:00+00:00,distributed_committable,87,C9,305,310,true,175,-3.661950392,-13.781186171,3.698054237,11.301871855,14.259416992,11.8915059,0.081482383
4,2020-01-01T04:00:00+00:00,distributed_committable,88,C10,306,310,true,175,-37.294234813,-129.465018236,37.475483996,-140.340422019,134.729547232,145.257860211,0.830044915
4,2020-01-01T04:00:00+00:00,distributed_committable,89,C11,307,308,true,175,-51.051882325,-10.210376465,51.509127772,10.325956793,52.062908836,52.533947382,0.300193985
4,2020-01-01T04:00:00+00:00,distributed_committable,90,C12-1,308,309,true,175,-84.254634062,5.511777317,87.421524126,2.112519209,84.434726565,87.447044649,0.499697398
4,2020-01-01T04:00:00+00:00,distributed_committable,91,C13-2,308,310,true,175,-37.093468731,-30.132261161,38.047711541,29.126428241,47.789942301,47.916356034,0.273807749
4,2020-01-01T04:00:00+00:00,distributed_committable,92,C14,309,311,true,400,36.095472737,-10.454279174,-36.066672556,11.663886782,37.578918361,37.905819133,0.094764548
4,2020-01-01T04:00:00+00:00,distributed_committable,93,C15,309,312,true,400,32.722121332,-22.991467146,-32.689503975,24.36139614,39.991808986,40.768631226,0.101921578
4,2020-01-01T04:00:00+00:00,distributed_committable,94,C16,310,311,true,400,-77.059216651,48.140674258,77.213505528,-41.660541395,90.860593157,87.735546646,0.227151483
4,2020-01-01T04:00:00+00:00,distributed_committable,95,C17,310,312,true,400,-81.80296955,35.434845321,81.951496768,-29.196702147,89.14793374,86.997099025,0.222869834
4,2020-01-01T04:00:00+00:00,distributed_committable,96,C18,311,313,true,500,8.264039853,-13.15365858,-8.25592473,3.206119498,15.534255332,8.856607442,0.031068511
4,2020-01-01T04:00:00+00:00,distributed_committable,97,C19,311,314,true,500,-49.410872824,43.150313193,49.646466936,-49.801763796,65.600182027,70.320604067,0.140641208
4,2020-01-01T04:00:00+00:00,distributed_committable,98,C20,312,313,true,500,17.144891965,7.928477137,-17.117599731,-17.82926011,18.889363943,24.716284847,0.04943257
4,2020-01-01T04:00:00+00:00,distributed_committable,99,C21,312,323,true,500,-66.406884756,-3.09317113,66.932322637,-13.409506909,66.478884247,68.262366565,0.136524733
4,2020-01-01T04:00:00+00:00,distributed_committable,100,C22,313,323,true,500,-82.856466066,-7.431272552,83.608436578,-5.093210711,83.189048442,83.763425565,0.167526851
4,2020-01-01T04:00:00+00:00,distributed_committable,101,C23,314,316,true,500,-128.8789883,-16.126403967,129.748490424,18.347800018,129.884004135,131.039354901,0.26207871
4,2020-01-01T04:00:00+00:00,distributed_committable,102,C24,315,316,true,500,20.390652271,19.017374453,-20.373744636,-22.477060107,27.882597281,30.336573662,0.060673147
4,2020-01-01T04:00:00+00:00,distributed_committable,103,C25-1,315,321,true,500,-39.26196401,-14.132886408,39.358796013,4.501913063,41.728171493,39.615426854,0.083456343
4,2020-01-01T04:00:00+00:00,distributed_committable,104,C25-2,315,321,true,500,-39.26196401,-14.132886408,39.358796013,4.501913063,41.728171493,39.615426854,0.083456343
4,2020-01-01T04:00:00+00:00,distributed_committable,105,C26,315,324,true,500,-71.334297817,-16.890165387,71.697843153,8.510678302,73.306614516,72.201193604,0.146613229
4,2020-01-01T04:00:00+00:00,distributed_committable,106,C27,316,317,true,500,-291.543425223,-13.512137663,294.104493174,30.144924275,291.856380185,295.645343891,0.591290688
4,2020-01-01T04:00:00+00:00,distributed_committable,107,C28,316,319,true,500,111.816345757,-31.44427277,-111.414825055,29.61924346,116.153508205,115.284703344,0.232307016
4,2020-01-01T04:00:00+00:00,distributed_committable,108,C29,317,318,true,500,367.259630685,-8.364762413,-364.629360802,23.714025849,367.354876898,365.399679503,0.734709754
4,2020-01-01T04:00:00+00:00,distributed_committable,109,C30,317,322,true,500,13.139030796,-21.780161862,-13.100590437,-0.810115413,25.436383017,13.125614529,0.050872766
4,2020-01-01T04:00:00+00:00,distributed_committable,110,C31-1,318,321,true,500,9.573605966,-9.578314166,-9.56953957,4.018503581,13.542453007,10.379039387,0.027084906
4,2020-01-01T04:00:00+00:00,distributed_committable,111,C31-2,318,321,true,500,9.573605966,-9.578314166,-9.56953957,4.018503581,13.542453007,10.379039387,0.027084906
4,2020-01-01T04:00:00+00:00,distributed_committable,112,C32-1,319,320,true,500,18.745849729,-22.365300315,-18.71187064,14.247847071,29.182418341,23.518827543,0.058364837
4,2020-01-01T04:00:00+00:00,distributed_committable,113,C32-2,319,320,true,500,18.745849729,-22.365300315,-18.71187064,14.247847071,29.182418341,23.518827543,0.058364837
4,2020-01-01T04:00:00+00:00,distributed_committable,114,C33-1,320,323,true,500,-7.426693108,-19.557242833,7.437063454,14.935894467,20.919883311,16.685048886,0.041839767
4,2020-01-01T04:00:00+00:00,distributed_committable,115,C33-2,320,323,true,500,-7.426693108,-19.557242833,7.437063454,14.935894467,20.919883311,16.685048886,0.041839767
4,2020-01-01T04:00:00+00:00,distributed_committable,116,C34,321,322,true,500,-59.578512879,-17.040833288,59.900590436,4.825063886,61.967646365,60.094608545,0.123935293
4,2020-01-01T04:00:00+00:00,distributed_committable,117,CA-1,325,121,true,500,-165.414886015,-13.782491584,168.611907664,18.040403416,165.988076648,169.574265623,0.339148531
4,2020-01-01T04:00:00+00:00,distributed_committable,118,CB-1,318,223,true,500,209.479934297,-32.329621503,-203.806200329,55.164174897,211.960013445,211.139890794,0.423920027
4,2020-01-01T04:00:00+00:00,distributed_committable,119,C35,323,325,true,722,-165.414886125,-11.369071313,165.414886125,13.782491566,165.805127587,165.988076757,0.229900383
5,2020-01-01T05:00:00+00:00,distributed_committable,0,A1,101,102,true,175,29.914407677,-25.605344155,-29.888951915,-22.946348399,39.37645789,37.681352834,0.225008331
5,2020-01-01T05:00:00+00:00,distributed_committable,1,A2,101,103,true,175,5.422235318,-3.482746573,-5.406813447,-2.469036317,6.444389772,5.943885259,0.036825084
5,2020-01-01T05:00:00+00:00,distributed_committable,2,A3,101,105,true,175,67.900368235,-22.244456489,-66.848192739,23.868799005,71.451213082,70.981690867,0.408292646
5,2020-01-01T05:00:00+00:00,distributed_committable,3,A4,102,104,true,175,45.72897178,-4.990421634,-45.071703223,3.964428392,46.000469217,45.245719399,0.262859824
5,2020-01-01T05:00:00+00:00,distributed_committable,4,A5,102,106,true,175,48.595492682,-21.39497417,-47.311466014,20.753244013,53.096768534,51.66306179,0.303410106
5,2020-01-01T05:00:00+00:00,distributed_committable,5,A6,103,109,true,175,53.240799334,-12.5313498,-52.371364079,12.505160039,54.695680282,53.843651465,0.312546744
5,2020-01-01T05:00:00+00:00,distributed_committable,6,A7,103,124,true,400,-129.105633604,-1.705452583,129.431959602,15.411144518,129.11689741,130.346214145,0.325865535
5,2020-01-01T05:00:00+00:00,distributed_committable,7,A8,104,109,true,175,11.660025834,-10.737065704,-11.602142925,8.03949055,15.850576721,14.115350819,0.090574724
5,2020-01-01T05:00:00+00:00,distributed_committable,8,A9,105,110,true,175,34.791042815,-30.189927164,-34.349559102,29.276842558,46.063525292,45.133421327,0.263220145
5,2020-01-01T05:00:00+00:00,distributed_committable,9,A10,106,110,true,175,-14.093778927,-142.213721588,14.128459142,-126.979549509,142.910381751,127.763137685,0.816630753
5,2020-01-01T05:00:00+00:00,distributed_committable,10,A11,107,108,true,175,-58.210863254,4.475022406,58.76974059,-4.018669576,58.382620927,58.906978484,0.336611306
5,2020-01-01T05:00:00+00:00,distributed_committable,11,AB1,107,203,true,175,1.772219002,-15.762751253,-1.691325531,11.674664105,15.862064407,11.796540341,0.090640368
5,2020-01-01T05:00:00+00:00,distributed_committable,12,A12-1,108,109,true,175,-70.607097554,3.051379267,72.780860347,0.696713823,70.673001496,72.784195008,0.415909686
5,2020-01-01T05:00:00+00:00,distributed_committable,13,A13-2,108,110,true,175,-65.370708375,-14.83553008,67.292516772,17.497976547,67.032995355,69.530295532,0.397315974
5,2020-01-01T05:00:00+00:00,distributed_committable,14,A14,109,111,true,400,-46.384804957,-15.241497922,46.432991641,17.265338655,48.824721093,49.539021303,0.123847553
5,2020-01-01T05:00:00+00:00,distributed_committable,15,A15,109,112,true,400,-41.436650338,-22.254196034,41.481368173,24.132345098,47.034511078,47.990353045,0.119975883
5,2020-01-01T05:00:00+00:00,distributed_committable,16,A16,110,111,true,400,-70.062805034,34.765870428,70.177133609,-29.964070268,78.214208401,76.306458367,0.195535521
5,2020-01-01T05:00:00+00:00,distributed_committable,17,A17,110,112,true,400,-65.052896807,27.378493815,65.145994784,-23.468378778,70.579468025,69.244244807,0.17644867
5,2020-01-01T05:00:00+00:00,distributed_committable,18,A18,111,113,true,500,1.753139572,-13.111221595,-1.749171338,2.919591937,13.227911025,3.403471383,0.026455822
5,2020-01-01T05:00:00+00:00,distributed_committable,19,A19,111,114,true,500,-118.363264818,25.809953208,119.096018274,-28.570040426,121.144608394,122.474931225,0.244949862
5,2020-01-01T05:00:00+00:00,distributed_committable,20,A20,112,113,true,500,-6.19727484,-0.237549809,6.20091782,-10.013986659,6.201825969,11.778425643,0.023556851
5,2020-01-01T05:00:00+00:00,distributed_committable,21,A21,112,123,true,500,-100.4300881,-0.426416512,101.616842438,-11.033678297,100.430993358,102.214112156,0.204428224
5,2020-01-01T05:00:00+00:00,distributed_committable,22,A22,113,123,true,500,-108.309671674,-0.935609966,109.574838167,-7.897179211,108.313712632,109.859048779,0.219718098
5,2020-01-01T05:00:00+00:00,distributed_committable,23,AB2,113,215,true,500,84.207999356,-16.351489627,-83.510304089,5.375785575,85.780874142,83.683152184,0.171561748
5,2020-01-01T05:00:00+00:00,distributed_committable,24,A23,114,116,true,500,-206.688794154,-10.949146359,208.811004002,27.550168742,206.978601393,210.620623848,0.421241248
5,2020-01-01T05:00:00+00:00,distributed_committable,25,A24,115,116,true,500,157.925871046,48.765660655,-157.413562018,-48.236380906,165.283605977,164.63832467,0.330567212
5,2020-01-01T05:00:00+00:00,distributed_committable,26,A25-1,115,121,true,500,-180.448264755,-4.979139128,182.267366884,8.626173341,180.516946793,182.471378296,0.364942757
5,2020-01-01T05:00:00+00:00,distributed_committable,27,A25-2,115,121,true,500,-180.448264755,-4.979139128,182.267366884,8.626173341,180.516946793,182.471378296,0.364942757
5,2020-01-01T05:00:00+00:00,distributed_committable,28,A26,115,124,true,500,130.564506933,12.295985967,-129.4319596,-15.411144518,131.142219523,130.346214142,0.262284439
5,2020-01-01T05:00:00+00:00,distributed_committable,29,A27,116,117,true,500,-306.070432594,15.409476984,308.753495278,2.020984483,306.458091245,308.76010951,0.617520219
5,2020-01-01T05:00:00+00:00,distributed_committable,30,A28,116,119,true,500,209.522075216,-3.7534479,-208.269189241,8.232022178,209.555692774,208.431814693,0.419111386
5,2020-01-01T05:00:00+00:00,distributed_committable,31,A29,117,118,true,500,-54.42651072,-40.534088035,54.510515554,37.903871409,67.86204655,66.393522077,0.135724093
5,2020-01-01T05:00:00+00:00,distributed_committable,32,A30,117,122,true,500,-254.326984559,38.513103552,263.152643748,3.715550757,257.226503728,263.178873067,0.526357746
5,2020-01-01T05:00:00+00:00,distributed_committable,33,A31-1,118,121,true,500,-102.431531924,-34.303246942,102.750454487,31.067205937,108.022828527,107.344432468,0.216045657
5,2020-01-01T05:00:00+00:00,distributed_committable,34,A31-2,118,121,true,500,-102.431531924,-34.303246942,102.750454487,31.067205937,108.022828527,107.344432468,0.216045657
5,2020-01-01T05:00:00+00:00,distributed_committable,35,A32-1,119,120,true,500,63.273016182,-12.468930439,-63.077615592,5.384992298,64.489912413,63.307059092,0.128979825
5,2020-01-01T05:00:00+00:00,distributed_committable,36,A32-2,119,120,true,500,63.273016182,-12.468930439,-63.077615592,5.384992298,64.489912413,63.307059092,0.128979825
5,2020-01-01T05:00:00+00:00,distributed_committable,37,A33-1,120,123,true,500,34.181029737,-11.254611301,-34.145141623,6.719117515,35.986234443,34.799960297,0.071972469
5,2020-01-01T05:00:00+00:00,distributed_committable,38,A33-2,120,123,true,500,34.181029737,-11.254611301,-34.145141623,6.719117515,35.986234443,34.799960297,0.071972469
5,2020-01-01T05:00:00+00:00,distributed_committable,39,A34,121,122,true,500,-351.155141654,79.748984663,361.847356252,-14.618862575,360.096978694,362.142541508,0.724285083
5,2020-01-01T05:00:00+00:00,distributed_committable,40,AB3,123,217,true,500,177.98189316,-13.392518205,-174.945368228,19.762449072,178.485052138,176.058047978,0.356970104
5,2020-01-01T05:00:00+00:00,distributed_committable,41,B1,201,202,true,175,-25.13445815,-9.130197357,25.159041753,-38.567015388,26.741381607,46.047715013,0.2631298
5,2020-01-01T05:00:00+00:00,distributed_committable,42,B2,201,203,true,175,-17.752965006,6.230444272,17.964621019,-11.287937123,18.814521049,21.216623974,0.121237851
5,2020-01-01T05:00:00+00:00,distributed_committable,43,B3,201,205,true,175,8.178829344,-16.023670371,-8.118068019,13.84490702,17.990310214,16.04943858,0.102801773
5,2020-01-01T05:00:00+00:00,distributed_committable,44,B4,202,204,true,175,4.728470381,0.158882591,-4.720173108,-3.635233849,4.731138957,5.957764624,0.034044369
5,2020-01-01T05:00:00+00:00,distributed_committable,45,B5,202,206,true,175,10.074215067,-18.748788324,-9.900791203,13.890790172,21.28395811,17.058127625,0.121622618
5,2020-01-01T05:00:00+00:00,distributed_committable,46,B6,203,209,true,175,11.916590951,-14.35182846,-11.824364856,11.401258501,18.65422526,16.425720674,0.106595573
5,2020-01-01T05:00:00+00:00,distributed_committable,47,B7,203,224,true,400,-101.204210018,-1.043398467,101.410924255,9.725396414,101.209588507,101.876193949,0.254690485
5,2020-01-01T05:00:00+00:00,distributed_committable,48,B8,204,209,true,175,-25.296826314,-2.449293202,25.46519034,0.196693156,25.415122639,25.465949958,0.145519714
5,2020-01-01T05:00:00+00:00,distributed_committable,49,B9,205,210,true,175,-20.682026017,-19.523798936,20.847076793,17.559973579,28.441605529,27.257169386,0.16252346
5,2020-01-01T05:00:00+00:00,distributed_committable,50,B10,206,210,true,175,-45.265586538,-134.125540012,45.529063594,-134.143056916,141.557881477,141.658940242,0.809479659
5,2020-01-01T05:00:00+00:00,distributed_committable,51,B11,207,208,true,175,-50.704391621,-10.140878325,51.152802302,10.213673581,51.70853646,52.162518261,0.298071533
5,2020-01-01T05:00:00+00:00,distributed_committable,52,B12-1,208,209,true,175,-63.278750864,-2.455799088,65.040812749,4.668772581,63.32638676,65.20816483,0.372618085
5,2020-01-01T05:00:00+00:00,distributed_committable,53,B13-2,208,210,true,175,-57.237659174,-21.955104147,58.851074065,23.466856574,61.303965825,63.357259064,0.36204148
5,2020-01-01T05:00:00+00:00,distributed_committable,54,B14,209,211,true,400,-59.370566511,-15.011169143,59.446758904,18.211249639,61.238871372,62.173682194,0.155434205
5,2020-01-01T05:00:00+00:00,distributed_committable,55,B15,209,212,true,400,-90.297219819,-15.858419895,90.467984863,23.030551717,91.679209141,93.353428419,0.233383571
5,2020-01-01T05:00:00+00:00,distributed_committable,56,B16,210,211,true,400,-86.034586941,38.556023421,86.20070345,-31.579130037,94.278932387,91.803064922,0.235697331
5,2020-01-01T05:00:00+00:00,distributed_committable,57,B17,210,212,true,400,-118.291478128,38.334797989,118.580453776,-26.197820788,124.348021836,121.43990214,0.310870055
5,2020-01-01T05:00:00+00:00,distributed_committable,58,B18,211,213,true,500,-73.562220755,2.933868602,73.885996888,-10.502532974,73.620702981,74.628705837,0.149257412
5,2020-01-01T05:00:00+00:00,distributed_committable,59,B19,211,214,true,500,-72.085241118,10.434011742,72.352232703,-17.101372497,72.836464687,74.345830538,0.148691661
5,2020-01-01T05:00:00+00:00,distributed_committable,60,B20,212,213,true,500,-19.241692014,1.145023869,19.265751501,-11.141415719,19.275730627,22.255343743,0.044510687
5,2020-01-01T05:00:00+00:00,distributed_committable,61,B21,212,223,true,500,-189.806746212,2.022245151,194.060352377,11.078920453,189.817518641,194.376343322,0.388752687
5,2020-01-01T05:00:00+00:00,distributed_committable,62,B22,213,223,true,500,-200.645058298,-0.260348514,205.00783189,15.718093021,200.645227206,205.609507524,0.411219015
5,2020-01-01T05:00:00+00:00,distributed_committable,63,B23,214,216,true,500,-151.045448397,-5.669846283,152.174631636,10.607682123,151.151826447,152.543900021,0.3050878
5,2020-01-01T05:00:00+00:00,distributed_committable,64,B24,215,216,true,500,-80.283460747,-19.919752908,80.41552056,17.332876788,82.717776961,82.262291269,0.165435554
5,2020-01-01T05:00:00+00:00,distributed_committable,65,B25-1,215,221,true,500,-19.810831721,-8.243578289,19.834305017,-2.156184461,21.457530997,19.95116004,0.042915062
5,2020-01-01T05:00:00+00:00,distributed_committable,66,B25-2,215,221,true,500,-19.810831721,-8.243578289,19.834305017,-2.156184461,21.457530997,19.95116004,0.042915062
5,2020-01-01T05:00:00+00:00,distributed_committable,67,B26,215,224,true,500,102.129091268,3.998081329,-101.410924085,-9.725396428,102.207318415,101.876193782,0.204414637
5,2020-01-01T05:00:00+00:00,distributed_committable,68,B27,216,217,true,500,-54.190546688,7.325780039,54.278651789,-12.250527881,54.683474684,55.643934741,0.111287869
5,2020-01-01T05:00:00+00:00,distributed_committable,69,B28,216,219,true,500,-116.660780739,-11.083026319,117.057322145,9.022371713,117.186053927,117.404513793,0.234809028
5,2020-01-01T05:00:00+00:00,distributed_committable,70,B29,217,218,true,500,131.691593594,4.817352512,-131.355140651,-5.552078137,131.779674868,131.472425044,0.26355935
5,2020-01-01T05:00:00+00:00,distributed_committable,71,B30,217,222,true,500,-11.024877251,-12.329273691,11.041457665,-10.439519734,16.539616324,15.195307159,0.033079233
5,2020-01-01T05:00:00+00:00,distributed_committable,72,B31-1,218,221,true,500,-1.860679218,-11.015555455,1.862741658,5.375048796,11.17159743,5.688669093,0.022343195
5,2020-01-01T05:00:00+00:00,distributed_committable,73,B31-2,218,221,true,500,-1.860679218,-11.015555455,1.862741658,5.375048796,11.17159743,5.688669093,0.022343195
5,2020-01-01T05:00:00+00:00,distributed_committable,74,B32-1,219,220,true,500,-95.238640491,-12.015435821,95.674694648,6.744539885,95.993590101,95.912126523,0.19198718
5,2020-01-01T05:00:00+00:00,distributed_committable,75,B32-2,219,220,true,500,-95.238640491,-12.015435821,95.674694648,6.744539885,95.993590101,95.912126523,0.19198718
5,2020-01-01T05:00:00+00:00,distributed_committable,76,B33-1,220,223,true,500,-121.635343061,-12.01779662,122.055129882,10.174327854,122.227591473,122.478453933,0.244956908
5,2020-01-01T05:00:00+00:00,distributed_committable,77,B33-2,220,223,true,500,-121.635343061,-12.01779662,122.055129882,10.174327854,122.227591473,122.478453933,0.244956908
5,2020-01-01T05:00:00+00:00,distributed_committable,78,B34,221,222,true,500,-43.394093354,-6.437728672,43.558542259,-7.01279455,43.869028807,44.119450259,0.088238901
5,2020-01-01T05:00:00+00:00,distributed_committable,79,C1,301,302,true,175,46.038834145,-38.540590908,-45.974080153,-10.553655608,60.041247463,47.169860002,0.343092843
5,2020-01-01T05:00:00+00:00,distributed_committable,80,C2,301,303,true,175,-119.094266594,39.883385105,127.325276254,-14.470279707,125.595098403,128.14489833,0.732256562
5,2020-01-01T05:00:00+00:00,distributed_committable,81,C3,301,305,true,175,26.469541918,-10.832512639,-26.306674105,8.992613771,28.600349289,27.80122668,0.163430567
5,2020-01-01T05:00:00+00:00,distributed_committable,82,C4,302,304,true,175,-14.87111585,15.448320862,15.031002972,-18.421621044,21.442963976,23.775768594,0.135861535
5,2020-01-01T05:00:00+00:00,distributed_committable,83,C5,302,306,true,175,19.004164693,-13.521682019,-18.781989354,8.737675794,23.323682391,20.714972903,0.133278185
5,2020-01-01T05:00:00+00:00,distributed_committable,84,C6,303,309,true,175,167.406098371,-6.803761644,-159.442321926,33.964974571,167.544301438,163.01985621,0.957396008
5,2020-01-01T05:00:00+00:00,distributed_committable,85,C7,303,324,true,400,67.825474491,5.314060336,-67.738132257,-1.645686501,68.033331737,67.758120146,0.170083329
5,2020-01-01T05:00:00+00:00,distributed_committable,86,C8,304,309,true,175,-46.950965002,11.95135847,47.570590507,-12.473649893,48.448200007,49.178786309,0.281021636
5,2020-01-01T05:00:00+00:00,distributed_committable,87,C9,305,310,true,175,-4.31923541,-15.031525507,4.363571058,12.586752273,15.639774729,13.321677265,0.089370141
5,2020-01-01T05:00:00+00:00,distributed_committable,88,C10,306,310,true,175,-39.881724647,-130.420639245,40.087292468,-138.995566758,136.38216563,144.660839884,0.826633371
5,2020-01-01T05:00:00+00:00,distributed_committable,89,C11,307,308,true,175,-53.918854781,-10.783770956,54.434180875,11.135154452,54.986658535,55.561422877,0.317493845
5,2020-01-01T05:00:00+00:00,distributed_committable,90,C12-1,308,309,true,175,-86.084323359,4.460330069,89.408209002,3.786584377,86.199798564,89.488357109,0.511362041
5,2020-01-01T05:00:00+00:00,distributed_committable,91,C13-2,308,310,true,175,-42.110850856,-30.692763859,43.264320222,30.46843257,52.109207566,52.916224237,0.302378424
5,2020-01-01T05:00:00+00:00,distributed_committable,92,C14,309,311,true,400,23.957654343,-15.087532175,-23.941284159,15.775079911,28.312591347,28.671209137,0.071678023
5,2020-01-01T05:00:00+00:00,distributed_committable,93,C15,309,312,true,400,21.619471382,-25.719007056,-21.596417832,26.687256176,33.598643824,34.330961323,0.085827403
5,2020-01-01T05:00:00+00:00,distributed_committable,94,C16,310,311,true,400,-84.199137666,44.768017978,84.369088259,-37.63009309,95.360737295,92.380555095,0.238401843
5,2020-01-01T05:00:00+00:00,distributed_committable,95,C17,310,312,true,400,-87.629459539,33.918330408,87.794470753,-26.987859397,93.964755716,91.848863083,0.234911889
5,2020-01-01T05:00:00+00:00,distributed_committable,96,C18,311,313,true,500,6.534718966,-12.100497548,-6.529174037,2.071575505,13.752257737,6.84992983,0.027504515
5,2020-01-01T05:00:00+00:00,distributed_committable,97,C19,311,314,true,500,-66.962523066,33.955510727,67.259073497,-40.194728627,75.079665716,78.354318177,0.156708636
5,2020-01-01T05:00:00+00:00,distributed_committable,98,C20,312,313,true,500,12.972001212,5.999169761,-12.954881894,-16.026448342,14.2920556,20.607668751,0.041215338
5,2020-01-01T05:00:00+00:00,distributed_committable,99,C21,312,323,true,500,-79.170054133,-5.69856654,79.908219826,-9.251735143,79.37487721,80.442017621,0.160884035
5,2020-01-01T05:00:00+00:00,distributed_committable,100,C22,313,323,true,500,-94.823916204,-9.338072428,95.802864746,-1.562003927,95.282604293,95.815597633,0.191631195
5,2020-01-01T05:00:00+00:00,distributed_committable,101,C23,314,316,true,500,-150.941136116,-26.627945847,152.129830348,32.414446663,153.271895898,155.544789801,0.31108958
5,2020-01-01T05:00:00+00:00,distributed_committable,102,C24,315,316,true,500,32.659892019,10.343125737,-32.636409043,-13.861079155,34.258558007,35.457928741,0.070915857
5,2020-01-01T05:00:00+00:00,distributed_committable,103,C25-1,315,321,true,500,-50.9845574,-13.614000995,51.139170173,4.135857438,52.770883225,51.3061404,0.105541766
5,2020-01-01T05:00:00+00:00,distributed_committable,104,C25-2,315,321,true,500,-50.9845574,-13.614000995,51.139170173,4.135857438,52.770883225,51.3061404,0.105541766
5,2020-01-01T05:00:00+00:00,distributed_committable,105,C26,315,324,true,500,-67.428992933,-10.721577396,67.738132257,1.645686501,68.276066889,67.758120146,0.136552134
5,2020-01-01T05:00:00+00:00,distributed_committable,106,C27,316,317,true,500,-323.932717945,-6.731733659,326.989610536,27.481890755,324.002657387,328.142438155,0.656284876
5,2020-01-01T05:00:00+00:00,distributed_committable,107,C28,316,319,true,500,132.11621063,-14.285214406,-131.60376432,13.171157579,132.886268899,132.261219468,0.265772538
5,2020-01-01T05:00:00+00:00,distributed_committable,108,C29,317,318,true,500,338.558485631,-7.980303249,-336.391742268,19.986722447,338.652526098,336.984974947,0.677305052
5,2020-01-01T05:00:00+00:00,distributed_committable,109,C30,317,322,true,500,21.060146012,-19.501587504,-20.993416434,-3.510204039,28.70264213,21.284855319,0.057405284
5,2020-01-01T05:00:00+00:00,distributed_committable,110,C31-1,318,321,true,500,27.165304256,-8.665516392,-27.143239729,3.084407949,28.513942724,27.317925166,0.057027885
5,2020-01-01T05:00:00+00:00,distributed_committable,111,C31-2,318,321,true,500,27.165304256,-8.665516392,-27.143239729,3.084407949,28.513942724,27.317925166,0.057027885
5,2020-01-01T05:00:00+00:00,distributed_committable,112,C32-1,319,320,true,500,26.764631298,-14.565569297,-26.724645123,6.326561508,30.471319261,27.463285264,0.060942639
5,2020-01-01T05:00:00+00:00,distributed_committable,113,C32-2,319,320,true,500,26.764631298,-14.565569297,-26.724645123,6.326561508,30.471319261,27.463285264,0.060942639
5,2020-01-01T05:00:00+00:00,distributed_committable,114,C33-1,320,323,true,500,-0.881808525,-11.934122405,0.884480327,7.187336919,11.966656335,7.241554904,0.023933313
5,2020-01-01T05:00:00+00:00,distributed_committable,115,C33-2,320,323,true,500,-0.881808525,-11.934122405,0.884480327,7.187336919,11.966656335,7.241554904,0.023933313
5,2020-01-01T05:00:00+00:00,distributed_committable,116,C34,321,322,true,500,-47.991860878,-14.440530775,48.193416433,0.913895935,50.117338712,48.202080798,0.100234677
5,2020-01-01T05:00:00+00:00,distributed_committable,117,CA-1,325,121,true,500,-177.480045229,-6.2923858,181.119498849,13.973180286,177.591555468,181.657707325,0.363315415
5,2020-01-01T05:00:00+00:00,distributed_committable,118,CB-1,318,223,true,500,138.42130462,-31.98754666,-135.993974341,28.24498613,142.069211,138.89614933,0.284138422
5,2020-01-01T05:00:00+00:00,distributed_committable,119,C35,323,325,true,722,-177.480045228,-3.560934766,177.480045228,6.292385802,177.515764681,177.591555467,0.245971683
6,2020-01-01T06:00:00+00:00,distributed_committable,0,A1,101,102,true,175,7.452088823,-26.564245583,-7.450421869,-22.658817994,27.589722203,23.852270729,0.157655555
6,2020-01-01T06:00:00+00:00,distributed_committable,1,A2,101,103,true,175,14.807532524,-3.708289917,-14.694374128,-1.908781809,15.264810302,14.817829767,0.087227487
6,2020-01-01T06:00:00+00:00,distributed_committable,2,A3,101,105,true,175,78.69287704,-20.347536025,-77.341780791,23.108588537,81.280939457,80.720244797,0.464462511
6,2020-01-01T06:00:00+00:00,distributed_committable,3,A4,102,104,true,175,56.063142625,-3.688044661,-55.090851442,3.845007659,56.184318403,55.224867555,0.321053248
6,2020-01-01T06:00:00+00:00,distributed_committable,4,A5,102,106,true,175,57.539060163,-19.83024903,-55.852876827,20.696603429,60.860350155,59.564194306,0.347773429
6,2020-01-01T06:00:00+00:00,distributed_committable,5,A6,103,109,true,175,52.177867118,-11.413911455,-51.35037241,11.221539654,53.411676548,52.56218887,0.30520958
6,2020-01-01T06:00:00+00:00,distributed_committable,6,A7,103,124,true,400,-122.562661706,-4.165802527,122.856277427,16.497662816,122.633437346,123.959016541,0.309897541
6,2020-01-01T06:00:00+00:00,distributed_committable,7,A8,104,109,true,175,20.113859859,-10.934938386,-19.985604519,8.501581184,22.894109197,21.718684827,0.130823481
6,2020-01-01T06:00:00+00:00,distributed_committable,8,A9,105,110,true,175,43.782775353,-29.725857215,-43.197108506,29.35909736,52.920298608,52.229749961,0.302401706
6,2020-01-01T06:00:00+00:00,distributed_committable,9,A10,106,110,true,175,-8.429161758,-142.84970959,8.44855443,-126.533548245,143.098184118,126.815286553,0.817703909
6,2020-01-01T06:00:00+00:00,distributed_committable,10,A11,107,108,true,175,-60.837991759,5.366902504,61.452088397,-4.693467988,61.074257128,61.631062055,0.352177497
6,2020-01-01T06:00:00+00:00,distributed_committable,11,AB1,107,203,true,175,1.755235706,-17.183453715,-1.656402952,13.170458961,17.272866987,13.274210333,0.098702097
6,2020-01-01T06:00:00+00:00,distributed_committable,12,A12-1,108,109,true,175,-73.120222611,2.711367117,75.458279529,1.674803311,73.170475373,75.476863446,0.431296363
6,2020-01-01T06:00:00+00:00,distributed_committable,13,A13-2,108,110,true,175,-69.157076065,-14.561070824,71.305347644,18.10130325,70.673375138,73.56704277,0.420383102
6,2020-01-01T06:00:00+00:00,distributed_committable,14,A14,109,111,true,400,-43.58575694,-15.436357858,43.628952899,17.250588115,46.238505079,46.91554456,0.117288861
6,2020-01-01T06:00:00+00:00,distributed_committable,15,A15,109,112,true,400,-43.252404134,-22.977400035,43.300867901,25.01287822,48.976845302,50.006092007,0.12501523
6,2020-01-01T06:00:00+00:00,distributed_committable,16,A16,110,111,true,400,-64.472005255,34.006018771,64.571300234,-29.83562966,72.890663148,71.130989105,0.182226658
6,2020-01-01T06:00:00+00:00,distributed_committable,17,A17,110,112,true,400,-64.253887756,26.160646928,64.343836286,-22.382808658,69.37536695,68.125761584,0.173438417
6,2020-01-01T06:00:00+00:00,distributed_committable,18,A18,111,113,true,500,-0.021191338,-14.076909481,0.025940513,3.880602469,14.076925431,3.88068917,0.028153851
6,2020-01-01T06:00:00+00:00,distributed_committable,19,A19,111,114,true,500,-108.179061794,26.661951025,108.800820178,-30.349606517,111.4161974,112.954491221,0.225908982
6,2020-01-01T06:00:00+00:00,distributed_committable,20,A20,112,113,true,500,0.252196528,-0.813471611,-0.251094513,-9.476220532,0.851668451,9.479546615,0.018959093
6,2020-01-01T06:00:00+00:00,distributed_committable,21,A21,112,123,true,500,-107.896900715,-1.816597951,109.259373308,-8.321116703,107.912192138,109.575780348,0.219151561
6,2020-01-01T06:00:00+00:00,distributed_committable,22,A22,113,123,true,500,-120.130564351,-1.809317446,121.681238415,-4.851051734,120.144188877,121.77789818,0.243555796
6,2020-01-01T06:00:00+00:00,distributed_committable,23,AB2,113,215,true,500,95.10027552,-18.118815107,-94.210561149,8.544721029,96.810918108,94.59726259,0.193621836
6,2020-01-01T06:00:00+00:00,distributed_committable,24,A23,114,116,true,500,-200.497257571,-17.46298057,202.504093143,32.690105765,201.256319116,205.125695013,0.41025139
6,2020-01-01T06:00:00+00:00,distributed_committable,25,A24,115,116,true,500,155.98572497,50.218065656,-155.484334227,-49.799132981,163.870072047,163.264606807,0.327740144
6,2020-01-01T06:00:00+00:00,distributed_committable,26,A25-1,115,121,true,500,-146.986902676,-6.468831343,148.188248519,5.044640291,147.129179081,148.27408875,0.296548178
6,2020-01-01T06:00:00+00:00,distributed_committable,27,A25-2,115,121,true,500,-146.986902676,-6.468831343,148.188248519,5.044640291,147.129179081,148.27408875,0.296548178
6,2020-01-01T06:00:00+00:00,distributed_committable,28,A26,115,124,true,500,123.87352093,12.468980795,-122.856277427,-16.497662816,124.499496665,123.95901654,0.248998993
6,2020-01-01T06:00:00+00:00,distributed_committable,29,A27,116,117,true,500,-271.468314074,12.088246295,273.568608041,0.270587954,271.737320301,273.568741861,0.547137484
6,2020-01-01T06:00:00+00:00,distributed_committable,30,A28,116,119,true,500,177.182350316,-4.432460048,-176.29026306,6.118180117,177.237783685,176.396397292,0.354475567
6,2020-01-01T06:00:00+00:00,distributed_committable,31,A29,117,118,true,500,-23.1637479,-38.548511935,23.19931822,35.573132076,44.972736066,42.469472467,0.089945472
6,2020-01-01T06:00:00+00:00,distributed_committable,32,A30,117,122,true,500,-250.40486014,38.277923981,258.944128447,1.76999554,253.313626649,258.95017772,0.517900355
6,2020-01-01T06:00:00+00:00,distributed_committable,33,A31-1,118,121,true,500,-90.297890172,-33.857075685,90.550776339,30.045659781,96.436562275,95.405370746,0.192873125
6,2020-01-01T06:00:00+00:00,distributed_committable,34,A31-2,118,121,true,500,-90.297890172,-33.857075685,90.550776339,30.045659781,96.436562275,95.405370746,0.192873125
6,2020-01-01T06:00:00+00:00,distributed_committable,35,A32-1,119,120,true,500,45.369216148,-11.803337954,-45.268327692,3.907522953,46.879468435,45.436661713,0.093758937
6,2020-01-01T06:00:00+00:00,distributed_committable,36,A32-2,119,120,true,500,45.369216148,-11.803337954,-45.268327692,3.907522953,46.879468435,45.436661713,0.093758937
6,2020-01-01T06:00:00+00:00,distributed_committable,37,A33-1,120,123,true,500,15.017956593,-10.052129583,-15.009841129,5.278610769,18.071644346,15.910973017,0.036143289
6,2020-01-01T06:00:00+00:00,distributed_committable,38,A33-2,120,123,true,500,15.017956593,-10.052129583,-15.009841129,5.278610769,18.071644346,15.910973017,0.036143289
6,2020-01-01T06:00:00+00:00,distributed_committable,39,A34,121,122,true,500,-355.114017167,81.232610496,366.055871553,-14.21632154,364.286566039,366.331823483,0.732663647
6,2020-01-01T06:00:00+00:00,distributed_committable,40,AB3,123,217,true,500,200.967430083,-10.030087233,-197.127559664,22.264767822,201.217570316,198.38093322,0.402435141
6,2020-01-01T06:00:00+00:00,distributed_committable,41,B1,201,202,true,175,-58.239261204,-10.377256534,58.341277172,-37.750813601,59.156563446,69.489772986,0.397084417
6,2020-01-01T06:00:00+00:00,distributed_committable,42,B2,201,203,true,175,-5.8731684,6.36639961,5.936969491,-12.039486987,8.661706013,13.423742162,0.076707098
6,2020-01-01T06:00:00+00:00,distributed_committable,43,B3,201,205,true,175,26.87986232,-15.508482235,-26.686481756,13.815186035,31.032886099,30.050418861,0.177330778
6,2020-01-01T06:00:00+00:00,distributed_committable,44,B4,202,204,true,175,21.463428361,0.629976246,-21.317377437,-3.618772938,21.472671633,21.622351823,0.123556296
6,2020-01-01T06:00:00+00:00,distributed_committable,45,B5,202,206,true,175,25.119595954,-18.069273941,-24.708859889,14.068774715,30.943379933,28.433399005,0.176819314
6,2020-01-01T06:00:00+00:00,distributed_committable,46,B6,203,209,true,175,17.179810952,-14.85833332,-17.037240797,12.100950165,22.713783775,20.897381866,0.12979305
6,2020-01-01T06:00:00+00:00,distributed_committable,47,B7,203,224,true,400,-99.347989658,-2.282870044,99.547093339,10.645224665,99.374214687,100.114657271,0.250286643
6,2020-01-01T06:00:00+00:00,distributed_committable,48,B8,204,209,true,175,-10.703085342,-2.87186141,10.733509959,0.079764878,11.081679647,10.733806337,0.063323884
6,2020-01-01T06:00:00+00:00,distributed_committable,49,B9,205,210,true,175,-4.035854155,-19.873111426,4.113828045,17.567276887,20.278774039,18.042527495,0.115878709
6,2020-01-01T06:00:00+00:00,distributed_committable,50,B10,206,210,true,175,-34.139558193,-135.297351937,34.289269698,-133.756803708,139.538105458,138.081992144,0.797360603
6,2020-01-01T06:00:00+00:00,distributed_committable,51,B11,207,208,true,175,-54.088619561,-10.817723912,54.605012819,11.166395209,55.159785321,55.735050075,0.318486
6,2020-01-01T06:00:00+00:00,distributed_committable,52,B12-1,208,209,true,175,-66.572873978,-3.5445304,68.54163468,6.572387237,66.667167672,68.856023401,0.393462991
6,2020-01-01T06:00:00+00:00,distributed_committable,53,B13-2,208,210,true,175,-62.025370401,-22.766678286,63.921838502,25.384308055,66.071689955,68.777645591,0.393015118
6,2020-01-01T06:00:00+00:00,distributed_committable,54,B14,209,211,true,400,-55.580927557,-16.406154077,55.649217778,19.274343352,57.951716106,58.892578063,0.147231445
6,2020-01-01T06:00:00+00:00,distributed_committable,55,B15,209,212,true,400,-82.381043671,-17.924470636,82.525577207,23.994879172,84.308499002,85.943150512,0.214857876
6,2020-01-01T06:00:00+00:00,distributed_committable,56,B16,210,211,true,400,-79.361991905,37.284362343,79.505680485,-31.249442007,87.683803718,85.426464606,0.219209509
6,2020-01-01T06:00:00+00:00,distributed_committable,57,B17,210,212,true,400,-107.341190856,36.212498163,107.581034272,-26.139074694,113.284934027,110.711020955,0.283212335
6,2020-01-01T06:00:00+00:00,distributed_committable,58,B18,211,213,true,500,-60.659060988,1.769094282,60.879176134,-10.173626015,60.684852925,61.723389027,0.123446778
6,2020-01-01T06:00:00+00:00,distributed_committable,59,B19,211,214,true,500,-74.495837273,10.206004373,74.779613761,-16.744006419,75.19170364,76.631275503,0.153262551
6,2020-01-01T06:00:00+00:00,distributed_committable,60,B20,212,213,true,500,-13.470105528,1.57587529,13.483381419,-11.666691885,13.561973524,17.830122659,0.035660245
6,2020-01-01T06:00:00+00:00,distributed_committable,61,B21,212,223,true,500,-176.63650595,0.568320232,180.313744033,7.895894502,176.637420221,180.486540875,0.360973082
6,2020-01-01T06:00:00+00:00,distributed_committable,62,B22,213,223,true,500,-189.030431021,-1.52596575,192.900524825,13.117317147,189.036590171,193.346001993,0.386692004
6,2020-01-01T06:00:00+00:00,distributed_committable,63,B23,214,216,true,500,-158.72515132,-5.355766305,159.970091622,11.641764759,158.815483799,160.393144804,0.32078629
6,2020-01-01T06:00:00+00:00,distributed_committable,64,B24,215,216,true,500,-72.486757349,-19.630550732,72.595044247,16.830835822,75.097859577,74.520584295,0.150195719
6,2020-01-01T06:00:00+00:00,distributed_committable,65,B25-1,215,221,true,500,-21.104673977,-7.6316879,21.130967165,-2.775845871,22.442146152,21.312510261,0.044884292
6,2020-01-01T06:00:00+00:00,distributed_committable,66,B25-2,215,221,true,500,-21.104673977,-7.6316879,21.130967165,-2.775845871,22.442146152,21.312510261,0.044884292
6,2020-01-01T06:00:00+00:00,distributed_committable,67,B26,215,224,true,500,100.237927245,4.682944116,-99.547093339,-10.645224665,100.347257182,100.114657271,0.200694514
6,2020-01-01T06:00:00+00:00,distributed_committable,68,B27,216,217,true,500,-67.050299773,9.384809624,67.184573282,-13.924111149,67.703894654,68.612300343,0.137224601
6,2020-01-01T06:00:00+00:00,distributed_committable,69,B28,216,219,true,500,-72.279854555,-12.488105937,72.433717455,8.5593678,73.350733905,72.937687113,0.146701468
6,2020-01-01T06:00:00+00:00,distributed_committable,70,B29,217,218,true,500,141.106550914,4.870375737,-140.721330909,-5.270927023,141.19057784,140.82001152,0.282381156
6,2020-01-01T06:00:00+00:00,distributed_committable,71,B30,217,222,true,500,-11.163564532,-13.21103241,11.180828259,-9.629730334,17.296142645,14.756104732,0.034592285
6,2020-01-01T06:00:00+00:00,distributed_committable,72,B31-1,218,221,true,500,-1.685375801,-12.076641009,1.68795213,6.426859479,12.193676626,6.644825442,0.024387353
6,2020-01-01T06:00:00+00:00,distributed_committable,73,B31-2,218,221,true,500,-1.685375801,-12.076641009,1.68795213,6.426859479,12.193676626,6.644825442,0.024387353
6,2020-01-01T06:00:00+00:00,distributed_committable,74,B32-1,219,220,true,500,-75.377019289,-12.284799595,75.651331449,5.726903441,76.371534867,75.867788771,0.15274307
6,2020-01-01T06:00:00+00:00,distributed_committable,75,B32-2,219,220,true,500,-75.377019289,-12.284799595,75.651331449,5.726903441,76.371534867,75.867788771,0.15274307
6,2020-01-01T06:00:00+00:00,distributed_committable,76,B33-1,220,223,true,500,-103.344704663,-11.352119876,103.64867557,8.672093178,103.96633401,104.010831876,0.208021664
6,2020-01-01T06:00:00+00:00,distributed_committable,77,B33-2,220,223,true,500,-103.344704663,-11.352119876,103.64867557,8.672093178,103.96633401,104.010831876,0.208021664
6,2020-01-01T06:00:00+00:00,distributed_committable,78,B34,221,222,true,500,-45.637838588,-7.302027216,45.819171741,-6.071849649,46.218307114,46.219734499,0.092439469
6,2020-01-01T06:00:00+00:00,distributed_committable,79,C1,301,302,true,175,53.738253684,-36.271769638,-53.654101009,-12.955094394,64.833950842,55.195987407,0.370479719
6,2020-01-01T06:00:00+00:00,distributed_committable,80,C2,301,303,true,175,-110.909182085,33.950716472,117.895136029,-13.359708624,115.989214239,118.649673046,0.677998132
6,2020-01-01T06:00:00+00:00,distributed_committable,81,C3,301,305,true,175,25.323409455,-8.240468308,-25.18231008,6.308631788,26.630440934,25.960500303,0.152173948
6,2020-01-01T06:00:00+00:00,distributed_committable,82,C4,302,304,true,175,-11.076428041,15.154396762,11.202481456,-18.26914097,18.770801778,21.430284705,0.12245877
6,2020-01-01T06:00:00+00:00,distributed_committable,83,C5,302,306,true,175,18.16377802,-11.800694333,-17.972876141,6.89008526,21.660545208,19.248312956,0.123774544
6,2020-01-01T06:00:00+00:00,distributed_committable,84,C6,303,309,true,175,156.046317252,-3.367513306,-149.198754787,26.22056484,156.082648855,151.485268097,0.891900851
6,2020-01-01T06:00:00+00:00,distributed_committable,85,C7,303,324,true,400,16.946019035,-1.035353206,-16.940632159,1.261602013,16.977618131,16.987544189,0.04246886
6,2020-01-01T06:00:00+00:00,distributed_committable,86,C8,304,309,true,175,-46.727631726,11.068096997,47.334528876,-11.648252343,48.020561615,48.746686108,0.278552492
6,2020-01-01T06:00:00+00:00,distributed_committable,87,C9,305,310,true,175,-8.902631396,-13.029606163,8.948948586,10.590721482,15.780604631,13.865318687,0.090174884
6,2020-01-01T06:00:00+00:00,distributed_committable,88,C10,306,310,true,175,-47.316589221,-129.759561645,47.605950818,-139.073166521,138.117353919,146.995483603,0.839974192
6,2020-01-01T06:00:00+00:00,distributed_committable,89,C11,307,308,true,175,-60.008699781,-12.001739956,60.65897784,12.892658941,61.197106233,62.013968161,0.354365532
6,2020-01-01T06:00:00+00:00,distributed_committable,90,C12-1,308,309,true,175,-89.957941059,1.095765344,93.61967807,8.46746137,89.964614496,94.001819259,0.537153253
6,2020-01-01T06:00:00+00:00,distributed_committable,91,C13-2,308,310,true,175,-52.79293808,-30.790860223,54.423368353,32.425596464,61.116048501,63.350787911,0.362004502
6,2020-01-01T06:00:00+00:00,distributed_committable,92,C14,309,311,true,400,-4.390867557,-18.746896593,4.398409535,19.063659694,19.254242384,19.564486381,0.048911216
6,2020-01-01T06:00:00+00:00,distributed_committable,93,C15,309,312,true,400,-9.176764296,-21.57538281,9.187947498,22.045077304,23.445898284,23.883128199,0.05970782
6,2020-01-01T06:00:00+00:00,distributed_committable,94,C16,310,311,true,400,-99.692035361,39.703842835,99.907235996,-30.665416161,107.307488323,104.507528689,0.268268721
6,2020-01-01T06:00:00+00:00,distributed_committable,95,C17,310,312,true,400,-104.899804054,37.150221811,105.131249274,-27.429522578,111.283906614,108.650624862,0.278209767
6,2020-01-01T06:00:00+00:00,distributed_committable,96,C18,311,313,true,500,-6.322278586,0.153734561,6.326257524,-10.251038898,6.32414744,12.045967489,0.024091935
6,2020-01-01T06:00:00+00:00,distributed_committable,97,C19,311,314,true,500,-97.983366945,11.448021906,98.46876834,-16.294905862,98.6498728,99.807927017,0.199615854
6,2020-01-01T06:00:00+00:00,distributed_committable,98,C20,312,313,true,500,2.538671068,4.310448918,-2.533082744,-14.420237305,5.00248145,14.641029749,0.029282059
6,2020-01-01T06:00:00+00:00,distributed_committable,99,C21,312,323,true,500,-116.85786784,1.073996357,118.479620827,-8.863699536,116.862803082,118.81071383,0.237621428
6,2020-01-01T06:00:00+00:00,distributed_committable,100,C22,313,323,true,500,-131.011618314,-1.252482102,132.886377796,-2.572007182,131.017605095,132.911265981,0.265822532
6,2020-01-01T06:00:00+00:00,distributed_committable,101,C23,314,316,true,500,-191.602270397,-21.408583953,193.428613472,34.436623206,192.794599219,196.470123753,0.392940248
6,2020-01-01T06:00:00+00:00,distributed_committable,102,C24,315,316,true,500,1.97309606,-5.609197096,-1.972766582,1.778207528,5.946107981,2.655904743,0.011892216
6,2020-01-01T06:00:00+00:00,distributed_committable,103,C25-1,315,321,true,500,-68.61732282,-7.443213536,68.882959431,-1.408120394,69.019840761,68.897350479,0.138039682
6,2020-01-01T06:00:00+00:00,distributed_committable,104,C25-2,315,321,true,500,-68.61732282,-7.443213536,68.882959431,-1.408120394,69.019840761,68.897350479,0.138039682
6,2020-01-01T06:00:00+00:00,distributed_committable,105,C26,315,324,true,500,-16.920513052,-10.22883012,16.940632159,-1.261602013,19.772018804,16.987544189,0.039544038
6,2020-01-01T06:00:00+00:00,distributed_committable,106,C27,316,317,true,500,-334.402267399,10.534554079,337.555800546,10.879926268,334.56815938,337.731093147,0.675462186
6,2020-01-01T06:00:00+00:00,distributed_committable,107,C28,316,319,true,500,131.155946965,19.950019902,-130.657297772,-21.305626693,132.664560899,132.383001892,0.265329122
6,2020-01-01T06:00:00+00:00,distributed_committable,108,C29,317,318,true,500,298.742149282,3.496325149,-297.097763911,4.774602771,298.762608182,297.136127309,0.597525216
6,2020-01-01T06:00:00+00:00,distributed_committable,109,C30,317,322,true,500,19.002050216,-14.376251418,-18.954764288,-9.265720321,23.827599906,21.098262068,0.0476552
6,2020-01-01T06:00:00+00:00,distributed_committable,110,C31-1,318,321,true,500,44.363340386,-10.776567115,-44.306658716,5.356293602,45.653481455,44.62924924,0.091306963
6,2020-01-01T06:00:00+00:00,distributed_committable,111,C31-2,318,321,true,500,44.363340386,-10.776567115,-44.306658716,5.356293602,45.653481455,44.62924924,0.091306963
6,2020-01-01T06:00:00+00:00,distributed_committable,112,C32-1,319,320,true,500,21.882350246,1.771525779,-21.857721325,-10.245294411,21.953941693,24.139719118,0.048279438
6,2020-01-01T06:00:00+00:00,distributed_committable,113,C32-2,319,320,true,500,21.882350246,1.771525779,-21.857721325,-10.245294411,21.953941693,24.139719118,0.048279438
6,2020-01-01T06:00:00+00:00,distributed_committable,114,C33-1,320,323,true,500,-8.866732962,4.004389633,8.870178135,-8.763277073,9.729033342,12.468964881,0.02493793
6,2020-01-01T06:00:00+00:00,distributed_committable,115,C33-2,320,323,true,500,-8.866732962,4.004389633,8.870178135,-8.763277073,9.729033342,12.468964881,0.02493793
6,2020-01-01T06:00:00+00:00,distributed_committable,116,C34,321,322,true,500,-49.152601363,-7.896346423,49.354764258,-5.92238705,49.782833463,49.708826413,0.099565667
6,2020-01-01T06:00:00+00:00,distributed_committable,117,CA-1,325,121,true,500,-269.106354894,22.615960563,277.635967257,24.643706378,270.055016462,278.727541838,0.557455084
6,2020-01-01T06:00:00+00:00,distributed_committable,118,CB-1,318,223,true,500,48.507906927,-15.866201222,-48.221011528,-5.236239077,51.036784535,48.504475592,0.102073569
6,2020-01-01T06:00:00+00:00,distributed_committable,119,C35,323,325,true,722,-269.106354893,28.962260864,269.106354893,-22.615960563,270.660382764,270.055016461,0.374875876
7,2020-01-01T07:00:00+00:00,distributed_committable,0,A1,101,102,true,175,38.183373693,-26.747279123,-38.142927188,-22.982849334,46.61959853,44.531946488,0.266397706
7,2020-01-01T07:00:00+00:00,distributed_committable,1,A2,101,103,true,175,27.369974502,-4.043628559,-26.989328284,-0.608355985,27.667064104,26.996183771,0.158097509
7,2020-01-01T07:00:00+00:00,distributed_committable,2,A3,101,105,true,175,96.675597486,-18.393369309,-94.718600981,23.469437854,98.409792113,97.582928245,0.562341669
7,2020-01-01T07:00:00+00:00,distributed_committable,3,A4,102,104,true,175,60.975634958,-3.267480365,-59.841001276,4.007638457,61.063118873,59.97504981,0.348932108
7,2020-01-01T07:00:00+00:00,distributed_committable,4,A5,102,106,true,175,68.056367849,-18.549331795,-65.80151449,21.555484446,70.538974439,69.242170813,0.403079854
7,2020-01-01T07:00:00+00:00,distributed_committable,5,A6,103,109,true,175,56.805015627,-10.217407161,-55.840949395,10.539561325,57.716593883,56.826877288,0.329809108
7,2020-01-01T07:00:00+00:00,distributed_committable,6,A7,103,124,true,400,-97.367443769,-6.122653468,97.552291395,13.886253783,97.559756004,98.535666642,0.246339167
7,2020-01-01T07:00:00+00:00,distributed_committable,7,A8,104,109,true,175,40.84416804,-10.878618168,-40.39297693,9.673800366,42.268077743,41.535225999,0.241531873
7,2020-01-01T07:00:00+00:00,distributed_committable,8,A9,105,110,true,175,62.195963689,-29.882352251,-61.195481176,31.094653109,69.002122252,68.642292854,0.394297841
7,2020-01-01T07:00:00+00:00,distributed_committable,9,A10,106,110,true,175,3.504631784,-143.589075357,-3.491926274,-126.178882621,143.631838413,126.227191874,0.820753362
7,2020-01-01T07:00:00+00:00,distributed_committable,10,A11,107,108,true,175,-71.403800471,8.567419287,72.255994078,-6.985405348,71.915946736,72.592868576,0.414816392
7,2020-01-01T07:00:00+00:00,distributed_committable,11,AB1,107,203,true,175,14.145636217,-20.019052137,-13.921505676,16.489662247,24.512475854,21.580483806,0.140071291
7,2020-01-01T07:00:00+00:00,distributed_committable,12,A12-1,108,109,true,175,-76.839853499,3.901859996,79.427651075,1.442507355,76.938856225,79.440748881,0.453947136
7,2020-01-01T07:00:00+00:00,distributed_committable,13,A13-2,108,110,true,175,-73.745309279,-12.948740639,76.163944954,17.527444085,74.873496812,78.154704319,0.44659831
7,2020-01-01T07:00:00+00:00,distributed_committable,14,A14,109,111,true,400,-34.222797024,-14.46757534,34.250675321,15.638463811,37.155222679,37.651962901,0.094129907
7,2020-01-01T07:00:00+00:00,distributed_committable,15,A15,109,112,true,400,-29.132357644,-23.67864502,29.160818784,24.874012904,37.54161014,38.32844727,0.095821118
7,2020-01-01T07:00:00+00:00,distributed_committable,16,A16,110,111,true,400,-52.973424957,34.443569462,53.048041155,-31.309689178,63.186574753,61.598630721,0.157966437
7,2020-01-01T07:00:00+00:00,distributed_committable,17,A17,110,112,true,400,-47.825848785,24.790603403,47.880081808,-22.512816473,53.86915471,52.908686805,0.134672887
7,2020-01-01T07:00:00+00:00,distributed_committable,18,A18,111,113,true,500,1.447896723,-17.594330876,-1.438541686,7.439391084,17.653806499,7.577198815,0.035307613
7,2020-01-01T07:00:00+00:00,distributed_committable,19,A19,111,114,true,500,-88.746613023,33.26555622,89.203836394,-38.281609446,94.776360732,97.071139115,0.194142278
7,2020-01-01T07:00:00+00:00,distributed_committable,20,A20,112,113,true,500,-6.346712015,-0.79174564,6.350163049,-9.486883951,6.395906078,11.416021104,0.022832042
7,2020-01-01T07:00:00+00:00,distributed_committable,21,A21,112,123,true,500,-70.694188522,-1.569450798,71.284350403,-14.660926115,70.711607722,72.776379183,0.145552758
7,2020-01-01T07:00:00+00:00,distributed_committable,22,A22,113,123,true,500,-75.168567889,-1.891911084,75.778604027,-12.08048525,75.192372791,76.735486915,0.153470974
7,2020-01-01T07:00:00+00:00,distributed_committable,23,AB2,113,215,true,500,98.569638352,-20.796123012,-97.609747954,11.700677951,100.739527184,98.308538593,0.201479054
7,2020-01-01T07:00:00+00:00,distributed_committable,24,A23,114,116,true,500,-178.068506907,-25.882274345,179.684391613,36.558808775,179.939671216,183.365828573,0.366731657
7,2020-01-01T07:00:00+00:00,distributed_committable,25,A24,115,116,true,500,152.183999761,54.215338301,-151.694536818,-53.881495072,161.552693232,160.979650924,0.323105386
7,2020-01-01T07:00:00+00:00,distributed_committable,26,A25-1,115,121,true,500,-163.122314456,-5.288333757,164.607226368,6.210218628,163.208014348,164.724332714,0.329448665
7,2020-01-01T07:00:00+00:00,distributed_committable,27,A25-2,115,121,true,500,-163.122314456,-5.288333757,164.607226368,6.210218628,163.208014348,164.724332714,0.329448665
7,2020-01-01T07:00:00+00:00,distributed_committable,28,A26,115,124,true,500,98.190846871,7.044800915,-97.552291184,-13.886253818,98.443240647,98.535666438,0.197071333
7,2020-01-01T07:00:00+00:00,distributed_committable,29,A27,116,117,true,500,-276.165757425,5.651707196,278.345437115,7.412897317,276.223582209,278.44412978,0.55688826
7,2020-01-01T07:00:00+00:00,distributed_committable,30,A28,116,119,true,500,202.369373135,2.509672744,-201.19933132,1.342499048,202.384934322,201.203810171,0.404769869
7,2020-01-01T07:00:00+00:00,distributed_committable,31,A29,117,118,true,500,-55.378651942,-34.458607669,55.456312633,31.781542754,65.224157591,63.917674165,0.130448315
7,2020-01-01T07:00:00+00:00,distributed_committable,32,A30,117,122,true,500,-222.966785125,27.045710393,229.68257886,-0.659258767,224.601108011,229.683524995,0.45936705
7,2020-01-01T07:00:00+00:00,distributed_committable,33,A31-1,118,121,true,500,-96.146030442,-31.464992057,96.42554612,27.8928886,101.163752871,100.378778529,0.202327506
7,2020-01-01T07:00:00+00:00,distributed_committable,34,A31-2,118,121,true,500,-96.146030442,-31.464992057,96.42554612,27.8928886,101.163752871,100.378778529,0.202327506
7,2020-01-01T07:00:00+00:00,distributed_committable,35,A32-1,119,120,true,500,65.944754828,-9.145457839,-65.734219355,2.220082254,66.575897203,65.771698773,0.133151794
7,2020-01-01T07:00:00+00:00,distributed_committable,36,A32-2,119,120,true,500,65.944754828,-9.145457839,-65.734219355,2.220082254,66.575897203,65.771698773,0.133151794
7,2020-01-01T07:00:00+00:00,distributed_committable,37,A33-1,120,123,true,500,36.418039306,-8.174931339,-36.378673368,3.695706951,37.324296233,36.56591481,0.074648592
7,2020-01-01T07:00:00+00:00,distributed_committable,38,A33-2,120,123,true,500,36.418039306,-8.174931339,-36.378673368,3.695706951,37.324296233,36.56591481,0.074648592
7,2020-01-01T07:00:00+00:00,distributed_committable,39,A34,121,122,true,500,-302.923959131,61.176332501,310.817420747,-17.178393055,309.039590787,311.291770254,0.622583541
7,2020-01-01T07:00:00+00:00,distributed_committable,40,AB3,123,217,true,500,161.159890786,-21.558618237,-158.636980008,24.144717036,162.595462478,160.463886239,0.325190925
7,2020-01-01T07:00:00+00:00,distributed_committable,41,B1,201,202,true,175,-15.358199729,-13.96797011,15.367906572,-34.068114505,20.760021385,37.373907721,0.213565187
7,2020-01-01T07:00:00+00:00,distributed_committable,42,B2,201,203,true,175,-25.240862211,9.909594223,25.663989962,-14.171308785,27.116437503,29.316656928,0.167523754
7,2020-01-01T07:00:00+00:00,distributed_committable,43,B3,201,205,true,175,13.242490239,-15.364012072,-13.16325788,13.247791505,20.283402444,18.675527778,0.115905157
7,2020-01-01T07:00:00+00:00,distributed_committable,44,B4,202,204,true,175,6.275531366,1.76938494,-6.259088916,-5.226826946,6.520200687,8.154502681,0.046597158
7,2020-01-01T07:00:00+00:00,distributed_committable,45,B5,202,206,true,175,13.205437346,-17.952718104,-13.010267532,13.161758018,22.286400849,18.50672676,0.127350862
7,2020-01-01T07:00:00+00:00,distributed_committable,46,B6,203,209,true,175,28.026658483,-17.515165706,-27.711575534,15.422413413,33.049578142,31.714070285,0.188854732
7,2020-01-01T07:00:00+00:00,distributed_committable,47,B7,203,224,true,400,-116.863428932,-0.65034658,117.139052464,12.226534899,116.865238512,117.775403917,0.29443851
7,2020-01-01T07:00:00+00:00,distributed_committable,48,B8,204,209,true,175,-25.435228731,-1.197696902,25.60500119,-1.049050022,25.46341176,25.626482238,0.146437041
7,2020-01-01T07:00:00+00:00,distributed_committable,49,B9,205,210,true,175,-17.246154997,-19.244013762,17.380440695,17.159852736,25.841089912,24.424173777,0.147663371
7,2020-01-01T07:00:00+00:00,distributed_committable,50,B10,206,210,true,175,-45.238748684,-134.043885318,45.50187736,-134.241862823,141.471932106,141.743777914,0.809964445
7,2020-01-01T07:00:00+00:00,distributed_committable,51,B11,207,208,true,175,-53.537698728,-10.707539746,54.04286422,11.011389352,54.597954105,55.153258005,0.315161474
7,2020-01-01T07:00:00+00:00,distributed_committable,52,B12-1,208,209,true,175,-67.729439277,-2.641666857,69.764303056,5.922081226,67.780936469,70.015205684,0.40008689
7,2020-01-01T07:00:00+00:00,distributed_committable,53,B13-2,208,210,true,175,-59.552996802,-23.360278139,61.325101843,25.498415345,63.970790388,66.414887647,0.379513644
7,2020-01-01T07:00:00+00:00,distributed_committable,54,B14,209,211,true,400,-60.445083211,-18.125839067,60.526098031,21.528461491,63.104311471,64.240821889,0.160602055
7,2020-01-01T07:00:00+00:00,distributed_committable,55,B15,209,212,true,400,-82.165423719,-17.588462784,82.309066079,23.621441888,84.026846175,85.631506326,0.214078766
7,2020-01-01T07:00:00+00:00,distributed_committable,56,B16,210,211,true,400,-92.542570289,36.664223012,92.72774714,-28.886795258,99.540909001,97.12302523,0.248852273
7,2020-01-01T07:00:00+00:00,distributed_committable,57,B17,210,212,true,400,-115.183659624,37.787308137,115.458295769,-26.252590053,121.223578979,118.405306242,0.303058947
7,2020-01-01T07:00:00+00:00,distributed_committable,58,B18,211,213,true,500,-57.437770088,3.894574453,57.636821986,-12.485329433,57.569654705,58.973610198,0.11794722
7,2020-01-01T07:00:00+00:00,distributed_committable,59,B19,211,214,true,500,-95.816075082,3.463759314,96.269740808,-8.638312859,95.878662239,96.65652303,0.193313046
7,2020-01-01T07:00:00+00:00,distributed_committable,60,B20,212,213,true,500,-19.255112188,0.666149845,19.278857987,-10.670237491,19.266631802,22.034707472,0.044069415
7,2020-01-01T07:00:00+00:00,distributed_committable,61,B21,212,223,true,500,-178.512249659,1.964998319,182.275550627,7.233056576,178.523064327,182.419005216,0.36483801
7,2020-01-01T07:00:00+00:00,distributed_committable,62,B22,213,223,true,500,-188.115601277,0.027281073,191.949334627,11.296024859,188.115603255,192.281427188,0.384562854
7,2020-01-01T07:00:00+00:00,distributed_committable,63,B23,214,216,true,500,-179.360249223,5.877433946,180.93704574,4.267348569,179.45652184,180.987360843,0.361974722
7,2020-01-01T07:00:00+00:00,distributed_committable,64,B24,215,216,true,500,6.068395242,-22.349567633,-6.059560523,18.691228829,23.158769272,19.648926405,0.046317539
7,2020-01-01T07:00:00+00:00,distributed_committable,65,B25-1,215,221,true,500,-20.913374987,-7.553478839,20.939050325,-2.908631871,22.23565371,21.140103308,0.044471307
7,2020-01-01T07:00:00+00:00,distributed_committable,66,B25-2,215,221,true,500,-20.913374987,-7.553478839,20.939050325,-2.908631871,22.23565371,21.140103308,0.044471307
7,2020-01-01T07:00:00+00:00,distributed_committable,67,B26,215,224,true,500,118.096498703,8.219805116,-117.139052456,-12.226534901,118.382212355,117.775403909,0.236764425
7,2020-01-01T07:00:00+00:00,distributed_committable,68,B27,216,217,true,500,-86.380416599,11.66595774,86.601649865,-15.465853449,87.164619783,87.971804473,0.175943609
7,2020-01-01T07:00:00+00:00,distributed_committable,69,B28,216,219,true,500,-30.48901062,-15.083397912,30.520344377,10.206754978,34.016005955,32.181815798,0.068032012
7,2020-01-01T07:00:00+00:00,distributed_committable,70,B29,217,218,true,500,109.919249006,4.064787533,-109.685968827,-5.538920693,109.994380764,109.825731958,0.219988762
7,2020-01-01T07:00:00+00:00,distributed_committable,71,B30,217,222,true,500,-37.883918787,-12.743651134,38.077600741,-8.919844473,39.969888002,39.108404513,0.079939776
7,2020-01-01T07:00:00+00:00,distributed_committable,72,B31-1,218,221,true,500,-16.469230277,-11.792793708,16.479436699,6.185105039,20.255999836,17.601913483,0.040512
7,2020-01-01T07:00:00+00:00,distributed_committable,73,B31-2,218,221,true,500,-16.469230277,-11.792793708,16.479436699,6.185105039,20.255999836,17.601913483,0.040512
7,2020-01-01T07:00:00+00:00,distributed_committable,74,B32-1,219,220,true,500,-54.021466064,-13.026956901,54.164279745,5.417210724,55.569959527,54.434505346,0.111139919
7,2020-01-01T07:00:00+00:00,distributed_committable,75,B32-2,219,220,true,500,-54.021466064,-13.026956901,54.164279745,5.417210724,55.569959527,54.434505346,0.111139919
7,2020-01-01T07:00:00+00:00,distributed_committable,76,B33-1,220,223,true,500,-81.575581492,-10.985131392,81.765824868,7.479518782,82.311898335,82.107206246,0.164623797
7,2020-01-01T07:00:00+00:00,distributed_committable,77,B33-2,220,223,true,500,-81.575581492,-10.985131392,81.765824868,7.479518782,82.311898335,82.107206246,0.164623797
7,2020-01-01T07:00:00+00:00,distributed_committable,78,B34,221,222,true,500,-74.836974047,-6.552946335,75.322399238,-4.631777444,75.123323876,75.464675109,0.15092935
7,2020-01-01T07:00:00+00:00,distributed_committable,79,C1,301,302,true,175,30.000554003,-32.060963678,-29.973675711,-17.00247168,43.908297991,34.460198473,0.25090456
7,2020-01-01T07:00:00+00:00,distributed_committable,80,C2,301,303,true,175,-81.305662085,23.672188417,85.08154789,-15.29420253,84.68165794,86.445256795,0.493972896
7,2020-01-01T07:00:00+00:00,distributed_committable,81,C3,301,305,true,175,-4.044464842,-2.886137742,4.048405782,0.442305968,4.968650413,4.072496034,0.028392288
7,2020-01-01T07:00:00+00:00,distributed_committable,82,C4,302,304,true,175,-19.15524466,15.367951327,19.360002474,-18.157399229,24.558039946,26.542434752,0.151671056
7,2020-01-01T07:00:00+00:00,distributed_committable,83,C5,302,306,true,175,-0.583196053,-8.61540056,0.599339354,3.06800487,8.635116933,3.125997687,0.049343525
7,2020-01-01T07:00:00+00:00,distributed_committable,84,C6,303,309,true,175,78.998674622,-6.408410543,-77.194682872,9.936015648,79.258175085,77.831506928,0.452903858
7,2020-01-01T07:00:00+00:00,distributed_committable,85,C7,303,324,true,400,-57.029510723,2.740259386,57.091923057,-0.118941362,57.095307293,57.092046954,0.142738268
7,2020-01-01T07:00:00+00:00,distributed_committable,86,C8,304,309,true,175,-57.284709849,10.469958545,58.175924697,-9.955291325,58.23365019,59.021572664,0.33726613
7,2020-01-01T07:00:00+00:00,distributed_committable,87,C9,305,310,true,175,-40.43562502,-7.617250607,40.795207602,6.384289521,41.146838002,41.29174392,0.235952822
7,2020-01-01T07:00:00+00:00,distributed_committable,88,C10,306,310,true,175,-70.298801557,-126.44764692,70.940795904,-140.359546929,144.675253281,157.268556735,0.898677467
7,2020-01-01T07:00:00+00:00,distributed_committable,89,C11,307,308,true,175,-64.062005702,-12.81240114,64.804093925,14.052832061,65.330683431,66.310275813,0.378915862
7,2020-01-01T07:00:00+00:00,distributed_committable,90,C12-1,308,309,true,175,-80.833915995,-3.54699753,83.782766337,10.361761912,80.911699812,84.421075835,0.482406148
7,2020-01-01T07:00:00+00:00,distributed_committable,91,C13-2,308,310,true,175,-58.30700173,-28.443196128,60.152864129,30.901080127,64.874662671,67.62576296,0.386432931
7,2020-01-01T07:00:00+00:00,distributed_committable,92,C14,309,311,true,400,-51.090663565,-9.518214878,51.145388678,11.816669655,51.969725013,52.492708682,0.131231772
7,2020-01-01T07:00:00+00:00,distributed_committable,93,C15,309,312,true,400,-56.060152576,-19.274128999,56.131358538,22.264779399,59.280964529,60.385841163,0.150964603
7,2020-01-01T07:00:00+00:00,distributed_committable,94,C16,310,311,true,400,-113.97308206,46.22956042,114.255789551,-34.355845775,122.992014744,119.309302172,0.307480037
7,2020-01-01T07:00:00+00:00,distributed_committable,95,C17,310,312,true,400,-119.65251447,36.344775037,119.944765091,-24.070248938,125.050657301,122.336108965,0.312626643
7,2020-01-01T07:00:00+00:00,distributed_committable,96,C18,311,313,true,500,-63.278468877,-9.092535769,63.518023059,0.87658127,63.928388296,63.524071407,0.127856777
7,2020-01-01T07:00:00+00:00,distributed_committable,97,C19,311,314,true,500,-102.122709344,31.631711887,102.705094747,-35.522330783,106.909367974,108.674617419,0.217349235
7,2020-01-01T07:00:00+00:00,distributed_committable,98,C20,312,313,true,500,-54.087506923,7.318539254,54.267952536,-16.093214752,54.580394117,56.603906521,0.113207813
7,2020-01-01T07:00:00+00:00,distributed_committable,99,C21,312,323,true,500,-95.888616693,-5.513069717,96.968696945,-6.77221458,96.046971577,97.204892251,0.194409785
7,2020-01-01T07:00:00+00:00,distributed_committable,100,C22,313,323,true,500,-76.797427671,-12.458152982,77.434904735,-1.298649775,77.80135264,77.445793705,0.155602705
7,2020-01-01T07:00:00+00:00,distributed_committable,101,C23,314,316,true,500,-100.029327579,-34.464939405,100.581920519,32.671461414,105.800276106,105.755128132,0.211600552
7,2020-01-01T07:00:00+00:00,distributed_committable,102,C24,315,316,true,500,-53.854368062,3.062679229,53.910706374,-6.32244768,53.941384515,54.280176919,0.108560354
7,2020-01-01T07:00:00+00:00,distributed_committable,103,C25-1,315,321,true,500,-53.450630176,-12.205414755,53.618454426,2.811029371,54.82647185,53.692090117,0.109652944
7,2020-01-01T07:00:00+00:00,distributed_committable,104,C25-2,315,321,true,500,-53.450630176,-12.205414755,53.618454426,2.811029371,54.82647185,53.692090117,0.109652944
7,2020-01-01T07:00:00+00:00,distributed_committable,105,C26,315,324,true,500,-1.705618004,-11.451596639,1.70807694,0.118941361,11.577918568,1.712213152,0.023155837
7,2020-01-01T07:00:00+00:00,distributed_committable,106,C27,316,317,true,500,-254.968879258,-8.102089372,256.84711748,18.605432002,255.097575924,257.520103794,0.515040208
7,2020-01-01T07:00:00+00:00,distributed_committable,107,C28,316,319,true,500,18.7402939,-6.676867104,-18.729658359,1.666375748,19.894199401,18.803640881,0.039788399
7,2020-01-01T07:00:00+00:00,distributed_committable,108,C29,317,318,true,500,325.147653965,-0.807166068,-323.154986911,11.589364865,325.148655842,323.362735861,0.650297312
7,2020-01-01T07:00:00+00:00,distributed_committable,109,C30,317,322,true,500,-1.21277159,-17.798265922,1.217831745,-5.759365012,17.839537123,5.886713812,0.035679074
7,2020-01-01T07:00:00+00:00,distributed_committable,110,C31-1,318,321,true,500,16.077889393,-8.889139185,-16.069473456,3.181788874,18.371590099,16.381445528,0.03674318
7,2020-01-01T07:00:00+00:00,distributed_committable,111,C31-2,318,321,true,500,16.077889393,-8.889139185,-16.069473456,3.181788874,18.371590099,16.381445528,0.03674318
7,2020-01-01T07:00:00+00:00,distributed_committable,112,C32-1,319,320,true,500,7.783937096,-10.31436472,-7.779291475,1.706200468,12.92191148,7.964200895,0.025843823
7,2020-01-01T07:00:00+00:00,distributed_committable,113,C32-2,319,320,true,500,7.783937096,-10.31436472,-7.779291475,1.706200468,12.92191148,7.964200895,0.025843823
7,2020-01-01T07:00:00+00:00,distributed_committable,114,C33-1,320,323,true,500,-1.420455411,-8.368649063,1.421537365,3.569671509,8.488343815,3.842307011,0.016976688
7,2020-01-01T07:00:00+00:00,distributed_committable,115,C33-2,320,323,true,500,-1.420455411,-8.368649063,1.421537365,3.569671509,8.488343815,3.842307011,0.016976688
7,2020-01-01T07:00:00+00:00,distributed_committable,116,C34,321,322,true,500,-75.097961942,-11.985636491,75.582168236,0.54742878,76.048401495,75.584150677,0.152096803
7,2020-01-01T07:00:00+00:00,distributed_committable,117,CA-1,325,121,true,500,-177.246675357,-1.770812434,180.858409615,9.174143163,177.255520935,181.090941881,0.362181884
7,2020-01-01T07:00:00+00:00,distributed_committable,118,CB-1,318,223,true,500,120.338025002,-28.6608176,-118.508188441,20.19441511,123.704012574,120.21649275,0.247408025
7,2020-01-01T07:00:00+00:00,distributed_committable,119,C35,323,325,true,722,-177.246676395,0.931521344,177.246676395,1.770812289,177.249124187,177.255521971,0.245506263
8,2020-01-01T08:00:00+00:00,reference_provider,0,A1,101,102,true,175,32.348658337,-25.490876007,-32.318604709,-22.574474744,41.185197047,39.422063877,0.235343983
8,2020-01-01T08:00:00+00:00,reference_provider,1,A2,101,103,true,175,-4.03042334,-5.084736147,4.041284284,-0.876510537,6.488362966,4.135244779,0.03707636
8,2020-01-01T08:00:00+00:00,reference_provider,2,A3,101,105,true,175,70.63140575,-25.652699091,-69.456908971,27.766916954,75.145568392,74.801496515,0.429403248
8,2020-01-01T08:00:00+00:00,reference_provider,3,A4,102,104,true,175,36.793100317,-8.024605629,-36.35323781,6.175128716,37.658020745,36.873976107,0.21518869
8,2020-01-01T08:00:00+00:00,reference_provider,4,A5,102,106,true,175,50.176964413,-23.70396315,-48.761435288,23.598031189,55.494194531,54.171437561,0.317109683
8,2020-01-01T08:00:00+00:00,reference_provider,5,A6,103,109,true,175,70.37760249,-13.252579407,-68.889800222,15.58651885,71.614508259,70.631042357,0.409225761
8,2020-01-01T08:00:00+00:00,reference_provider,6,A7,103,124,true,400,-123.061538864,-1.871899667,123.356025755,14.24034906,123.075774854,124.175265779,0.310438164
8,2020-01-01T08:00:00+00:00,reference_provider,7,A8,104,109,true,175,21.851258595,-12.662016395,-21.69450446,10.340146715,25.25478492,24.032689359,0.144313057
8,2020-01-01T08:00:00+00:00,reference_provider,8,A9,105,110,true,175,38.752307329,-33.821345461,-38.197139744,33.349211523,51.435636792,50.706916628,0.293917925
8,2020-01-01T08:00:00+00:00,reference_provider,9,A10,106,110,true,175,-10.053013001,-144.353327124,10.080989498,-124.657946262,144.702958236,125.064902812,0.826874047
8,2020-01-01T08:00:00+00:00,reference_provider,10,A11,107,108,true,175,-77.689561407,10.73290584,78.700010733,-8.552560279,78.4274392,79.163362591,0.452362072
8,2020-01-01T08:00:00+00:00,reference_provider,11,AB1,107,203,true,175,23.632164083,-21.544385305,-23.230323944,18.686894821,31.978738521,29.813553774,0.182735649
8,2020-01-01T08:00:00+00:00,reference_provider,12,A12-1,108,109,true,175,-80.616156048,6.198734399,83.469326246,0.156937412,80.854121256,83.469473782,0.476968422
8,2020-01-01T08:00:00+00:00,reference_provider,13,A13-2,108,110,true,175,-72.034374225,-12.78224537,74.336178539,16.906270858,73.159666939,76.234437324,0.435625356
8,2020-01-01T08:00:00+00:00,reference_provider,14,A14,109,111,true,400,-40.941176886,-16.117122537,40.980261509,17.758676697,43.9993364,44.662651414,0.111656629
8,2020-01-01T08:00:00+00:00,reference_provider,15,A15,109,112,true,400,-27.624200929,-25.53501087,27.65277098,26.734952997,37.618256965,38.463404096,0.09615851
8,2020-01-01T08:00:00+00:00,reference_provider,16,A16,110,111,true,400,-72.072266373,33.61586378,72.190463091,-28.65160165,79.526334493,77.668379913,0.198815836
8,2020-01-01T08:00:00+00:00,reference_provider,17,A17,110,112,true,400,-58.477301733,23.488232954,58.551520767,-20.371033545,63.018187099,61.994028678,0.157545468
8,2020-01-01T08:00:00+00:00,reference_provider,18,A18,111,113,true,500,12.154366189,-20.780132531,-12.131236982,10.689409235,24.073689486,16.168808877,0.048147379
8,2020-01-01T08:00:00+00:00,reference_provider,19,A19,111,114,true,500,-125.325090785,31.673057483,126.158521195,-33.589312084,129.265466968,130.553492318,0.261106985
8,2020-01-01T08:00:00+00:00,reference_provider,20,A20,112,113,true,500,-10.212295287,-2.586926063,10.218726359,-7.711973359,10.534854602,12.802222521,0.025604445
8,2020-01-01T08:00:00+00:00,reference_provider,21,A21,112,123,true,500,-75.991996456,-3.776993389,76.666369845,-11.902575874,76.085801596,77.584815381,0.155169631
8,2020-01-01T08:00:00+00:00,reference_provider,22,A22,113,123,true,500,-79.029065164,-3.506697324,79.696932461,-10.144635691,79.106826929,80.339994256,0.160679989
8,2020-01-01T08:00:00+00:00,reference_provider,23,AB2,113,215,true,500,129.439893461,-22.823534197,-127.799416815,18.740030905,131.436675751,129.166093448,0.262873352
8,2020-01-01T08:00:00+00:00,reference_provider,24,A23,114,116,true,500,-210.055601771,-13.573298654,212.253329615,31.063318418,210.493682261,214.514348433,0.429028697
8,2020-01-01T08:00:00+00:00,reference_provider,25,A24,115,116,true,500,222.221782422,46.457094105,-221.261583012,-42.130861651,227.025950445,225.236981023,0.454051901
8,2020-01-01T08:00:00+00:00,reference_provider,26,A25-1,115,121,true,500,-166.090489403,-2.194050127,167.627408846,3.530736425,166.104980437,167.664588677,0.335329177
8,2020-01-01T08:00:00+00:00,reference_provider,27,A25-2,115,121,true,500,-166.090489403,-2.194050127,167.627408846,3.530736425,166.104980437,167.664588677,0.335329177
8,2020-01-01T08:00:00+00:00,reference_provider,28,A26,115,124,true,500,124.378041746,10.253475761,-123.356025683,-14.240349069,124.799964078,124.175265709,0.249599928
8,2020-01-01T08:00:00+00:00,reference_provider,29,A27,116,117,true,500,-293.77752169,9.059245093,296.239409351,6.436372274,293.917168896,296.309322399,0.592618645
8,2020-01-01T08:00:00+00:00,reference_provider,30,A28,116,119,true,500,259.539857455,-6.640885448,-257.621070554,16.214886144,259.624804222,258.130855432,0.519249608
8,2020-01-01T08:00:00+00:00,reference_provider,31,A29,117,118,true,500,-101.725110678,-24.625703645,101.928347267,22.820877432,104.663381478,104.451809095,0.209326763
8,2020-01-01T08:00:00+00:00,reference_provider,32,A30,117,122,true,500,-194.514298683,18.189331375,199.580458899,-4.204431786,195.362903767,199.624740002,0.39924948
8,2020-01-01T08:00:00+00:00,reference_provider,33,A31-1,118,121,true,500,-105.118626772,-26.114050788,105.440090919,22.901093958,108.313754172,107.89843779,0.216627508
8,2020-01-01T08:00:00+00:00,reference_provider,34,A31-2,118,121,true,500,-105.118626772,-26.114050788,105.440090919,22.901093958,108.313754172,107.89843779,0.216627508
8,2020-01-01T08:00:00+00:00,reference_provider,35,A32-1,119,120,true,500,103.822979652,-16.10793788,-103.299675275,11.632951637,105.065107274,103.952626113,0.210130215
8,2020-01-01T08:00:00+00:00,reference_provider,36,A32-2,119,120,true,500,103.822979652,-16.10793788,-103.299675275,11.632951637,105.065107274,103.952626113,0.210130215
8,2020-01-01T08:00:00+00:00,reference_provider,37,A33-1,120,123,true,500,75.622287863,-17.25492096,-75.451602511,13.699361017,77.565860524,76.685179883,0.155131721
8,2020-01-01T08:00:00+00:00,reference_provider,38,A33-2,120,123,true,500,75.622287863,-17.25492096,-75.451602511,13.699361017,77.565860524,76.685179883,0.155131721
8,2020-01-01T08:00:00+00:00,reference_provider,39,A34,121,122,true,500,-244.713514976,42.557502869,249.819541068,-19.618239942,248.386484057,250.588663826,0.501177328
8,2020-01-01T08:00:00+00:00,reference_provider,40,AB3,123,217,true,500,196.539902725,-18.749604052,-192.836845304,29.958770575,197.432218788,195.150139229,0.394864438
8,2020-01-01T08:00:00+00:00,reference_provider,41,B1,201,202,true,175,-5.527407553,-13.838979846,5.53124049,-33.981269404,14.901999779,34.428495344,0.196734259
8,2020-01-01T08:00:00+00:00,reference_provider,42,B2,201,203,true,175,-32.237272495,10.756260652,32.887036015,-14.137651023,33.984391728,35.797071309,0.204554693
8,2020-01-01T08:00:00+00:00,reference_provider,43,B3,201,205,true,175,10.637102506,-16.211587377,-10.565392298,14.074796174,19.389778622,17.599073889,0.110798735
8,2020-01-01T08:00:00+00:00,reference_provider,44,B4,202,204,true,175,2.692191058,1.432389223,-2.686634514,-4.918189028,3.04952973,5.604158128,0.032023761
8,2020-01-01T08:00:00+00:00,reference_provider,45,B5,202,206,true,175,10.796244179,-18.542209056,-10.618860895,13.700010909,21.45629057,17.333508174,0.122607375
8,2020-01-01T08:00:00+00:00,reference_provider,46,B6,203,209,true,175,35.399408182,-18.622710264,-34.931838889,17.113495221,39.999042954,38.898651479,0.22856596
8,2020-01-01T08:00:00+00:00,reference_provider,47,B7,203,224,true,400,-121.102082821,-1.558203617,121.397765309,13.976868113,121.112107001,122.199714666,0.305499287
8,2020-01-01T08:00:00+00:00,reference_provider,48,B8,204,209,true,175,-28.576705653,-1.418974519,28.791483537,-0.651032531,28.61191351,28.798843165,0.164564818
8,2020-01-01T08:00:00+00:00,reference_provider,49,B9,205,210,true,175,-19.43051516,-19.989482151,19.588445221,17.998674861,27.876949547,26.601869914,0.159296855
8,2020-01-01T08:00:00+00:00,reference_provider,50,B10,206,210,true,175,-46.838088601,-134.320369762,47.120443895,-133.760259094,142.252480741,141.817287894,0.812871319
8,2020-01-01T08:00:00+00:00,reference_provider,51,B11,207,208,true,175,-52.809696228,-10.561939246,53.300026062,10.805872122,53.855534315,54.384369543,0.310767826
8,2020-01-01T08:00:00+00:00,reference_provider,52,B12-1,208,209,true,175,-67.60075761,-2.163166369,69.624152192,5.395705573,67.63535849,69.832916358,0.399045236
8,2020-01-01T08:00:00+00:00,reference_provider,53,B13-2,208,210,true,175,-57.942932893,-23.429420696,59.629309815,25.234665649,62.500569808,64.749076746,0.369994724
8,2020-01-01T08:00:00+00:00,reference_provider,54,B14,209,211,true,400,-59.892090997,-18.628262985,59.972130056,21.989903486,62.722202973,63.876539033,0.159691348
8,2020-01-01T08:00:00+00:00,reference_provider,55,B15,209,212,true,400,-77.525280562,-18.439097791,77.654475258,23.865275024,79.687950492,81.238961586,0.203097404
8,2020-01-01T08:00:00+00:00,reference_provider,56,B16,210,211,true,400,-95.167859094,36.463188339,95.361970971,-28.310489516,101.914108486,99.475571494,0.254785271
8,2020-01-01T08:00:00+00:00,reference_provider,57,B17,210,212,true,400,-113.553465952,37.164627452,113.820261043,-25.959233634,119.480538848,116.743023924,0.298701347
8,2020-01-01T08:00:00+00:00,reference_provider,58,B18,211,213,true,500,-51.498349129,2.816523833,51.658107969,-11.73003146,51.575311628,52.973141846,0.105946284
8,2020-01-01T08:00:00+00:00,reference_provider,59,B19,211,214,true,500,-103.835751898,3.504062197,104.367636019,-8.032851795,103.894859469,104.676311342,0.209352623
8,2020-01-01T08:00:00+00:00,reference_provider,60,B20,212,213,true,500,-20.470742776,0.597353492,20.497264253,-10.587373642,20.47945656,23.070117522,0.046140235
8,2020-01-01T08:00:00+00:00,reference_provider,61,B21,212,223,true,500,-171.003993526,1.496605119,174.455161088,5.198506831,171.010542449,174.532597824,0.349065196
8,2020-01-01T08:00:00+00:00,reference_provider,62,B22,213,223,true,500,-179.111928226,-0.496383668,182.584175375,8.976718594,179.112616053,182.804711575,0.365609423
8,2020-01-01T08:00:00+00:00,reference_provider,63,B23,214,216,true,500,-186.328284565,4.949275164,188.025727152,6.593563585,186.394004607,188.141301026,0.376282602
8,2020-01-01T08:00:00+00:00,reference_provider,64,B24,215,216,true,500,52.181440295,-22.363168551,-52.120995907,19.124371981,56.771595177,55.518823997,0.11354319
8,2020-01-01T08:00:00+00:00,reference_provider,65,B25-1,215,221,true,500,-21.46575143,-7.079504314,21.492508921,-3.435446679,22.603049922,21.765344784,0.0452061
8,2020-01-01T08:00:00+00:00,reference_provider,66,B25-2,215,221,true,500,-21.46575143,-7.079504314,21.492508921,-3.435446679,22.603049922,21.765344784,0.0452061
8,2020-01-01T08:00:00+00:00,reference_provider,67,B26,215,224,true,500,122.424089747,10.42875477,-121.397765309,-13.976868113,122.867476072,122.199714665,0.245734952
8,2020-01-01T08:00:00+00:00,reference_provider,68,B27,216,217,true,500,-118.849793817,15.70602555,119.265267299,-17.847667803,119.88307941,120.593296786,0.241186594
8,2020-01-01T08:00:00+00:00,reference_provider,69,B28,216,219,true,500,2.697305589,-13.820006881,-2.69345634,8.717364818,14.080768716,9.123987967,0.028161537
8,2020-01-01T08:00:00+00:00,reference_provider,70,B29,217,218,true,500,110.29910398,1.730123234,-110.065672858,-3.218306163,110.312672278,110.112714235,0.220625345
8,2020-01-01T08:00:00+00:00,reference_provider,71,B30,217,222,true,500,-36.72752597,-13.841226007,36.909256435,-8.035777349,39.249085356,37.77389215,0.078498171
8,2020-01-01T08:00:00+00:00,reference_provider,72,B31-1,218,221,true,500,-15.309678946,-12.755084293,15.319284127,7.111579058,19.926827262,16.889494453,0.039853655
8,2020-01-01T08:00:00+00:00,reference_provider,73,B31-2,218,221,true,500,-15.309678946,-12.755084293,15.319284127,7.111579058,19.926827262,16.889494453,0.039853655
8,2020-01-01T08:00:00+00:00,reference_provider,74,B32-1,219,220,true,500,-36.8874919,-12.17451745,36.955203719,3.959945182,38.844638418,37.166762675,0.077689277
8,2020-01-01T08:00:00+00:00,reference_provider,75,B32-2,219,220,true,500,-36.8874919,-12.17451745,36.955203719,3.959945182,38.844638418,37.166762675,0.077689277
8,2020-01-01T08:00:00+00:00,reference_provider,76,B33-1,220,223,true,500,-63.993768188,-9.452153589,64.111056601,5.419650786,64.688063615,64.339724845,0.129376127
8,2020-01-01T08:00:00+00:00,reference_provider,77,B33-2,220,223,true,500,-63.993768188,-9.452153589,64.111056601,5.419650786,64.688063615,64.339724845,0.129376127
8,2020-01-01T08:00:00+00:00,reference_provider,78,B34,221,222,true,500,-73.623586096,-7.352264758,74.090743564,-4.057588656,73.98978461,74.20176755,0.148403535
8,2020-01-01T08:00:00+00:00,reference_provider,79,C1,301,302,true,175,19.193229742,-29.460918368,-19.182055963,-19.271952087,35.161424587,27.191164157,0.200922426
8,2020-01-01T08:00:00+00:00,reference_provider,80,C2,301,303,true,175,-58.483314473,17.324252536,60.476220438,-15.697758302,60.995309637,62.480339742,0.357030513
8,2020-01-01T08:00:00+00:00,reference_provider,81,C3,301,305,true,175,-20.056957336,0.047453559,20.140931578,-2.1646652,20.057013472,20.25692228,0.115753842
8,2020-01-01T08:00:00+00:00,reference_provider,82,C4,302,304,true,175,-23.32802053,15.177828613,23.587565772,-17.732638305,27.830972374,29.509654697,0.168626598
8,2020-01-01T08:00:00+00:00,reference_provider,83,C5,302,306,true,175,-10.792359438,-6.896069502,10.855498337,1.564211029,12.807450832,10.967615981,0.073185433
8,2020-01-01T08:00:00+00:00,reference_provider,84,C6,303,309,true,175,25.14521175,-5.695513629,-24.95448795,3.063576024,25.782175033,25.141836983,0.147326714
8,2020-01-01T08:00:00+00:00,reference_provider,85,C7,303,324,true,400,-73.933168966,1.061414927,74.040064443,3.42819509,73.940787628,74.119387911,0.18529847
8,2020-01-01T08:00:00+00:00,reference_provider,86,C8,304,309,true,175,-64.251279781,9.489993573,65.362610998,-8.122323575,64.948340484,65.86534033,0.376373373
8,2020-01-01T08:00:00+00:00,reference_provider,87,C9,305,310,true,175,-59.15611664,-5.528469883,59.915713401,5.833662821,59.413888235,60.199039314,0.34399451
8,2020-01-01T08:00:00+00:00,reference_provider,88,C10,306,310,true,175,-85.58881057,-125.508959317,86.541698909,-139.364192983,151.9142632,164.04829757,0.937418843
8,2020-01-01T08:00:00+00:00,reference_provider,89,C11,307,308,true,175,-68.688706096,-13.737741219,69.541005523,15.393893404,70.04901055,71.224457901,0.406996902
8,2020-01-01T08:00:00+00:00,reference_provider,90,C12-1,308,309,true,175,-70.914718364,-6.769680847,73.183516797,10.962334552,71.237110129,73.999999389,0.422857139
8,2020-01-01T08:00:00+00:00,reference_provider,91,C13-2,308,310,true,175,-56.692437099,-27.857050264,58.433141171,29.902275749,63.166824154,65.639759918,0.375084342
8,2020-01-01T08:00:00+00:00,reference_provider,92,C14,309,311,true,400,-74.053956359,-7.397766515,74.166017913,12.104351784,74.422546327,75.147279027,0.187868198
8,2020-01-01T08:00:00+00:00,reference_provider,93,C15,309,312,true,400,-86.801872021,-18.288167843,86.961081292,24.974957226,88.707508528,90.476395529,0.226190989
8,2020-01-01T08:00:00+00:00,reference_provider,94,C16,310,311,true,400,-118.49809598,46.25622117,118.800509055,-33.554871998,127.206276369,123.448330837,0.318015691
8,2020-01-01T08:00:00+00:00,reference_provider,95,C17,310,312,true,400,-132.146839012,35.391647292,132.496608218,-20.70134061,136.804078005,134.104051738,0.342010195
8,2020-01-01T08:00:00+00:00,reference_provider,96,C18,311,313,true,500,-133.043633555,-7.599202387,134.097778486,5.841100039,133.260482914,134.224933021,0.268449866
8,2020-01-01T08:00:00+00:00,reference_provider,97,C19,311,314,true,500,-59.922893411,29.049722602,60.156653821,-35.861584555,66.593089266,70.034821666,0.140069643
8,2020-01-01T08:00:00+00:00,reference_provider,98,C20,312,313,true,500,-111.230508095,9.59650611,111.965064937,-14.013663702,111.643713933,112.838639378,0.225677279
8,2020-01-01T08:00:00+00:00,reference_provider,99,C21,312,323,true,500,-59.527181412,-13.870122727,59.942060323,-3.897480521,61.121727981,60.068635328,0.122243456
8,2020-01-01T08:00:00+00:00,reference_provider,100,C22,313,323,true,500,-4.382900346,-21.50095737,4.400644199,2.686259235,21.943130663,5.1557403,0.043886261
8,2020-01-01T08:00:00+00:00,reference_provider,101,C23,314,316,true,500,-19.16152568,-35.569253397,19.230500065,28.130996167,40.402176348,34.075872375,0.080804353
8,2020-01-01T08:00:00+00:00,reference_provider,102,C24,315,316,true,500,-117.072944652,2.785291708,117.341411687,-4.191190534,117.106072512,117.416238123,0.234832476
8,2020-01-01T08:00:00+00:00,reference_provider,103,C25-1,315,321,true,500,-17.597420964,-15.226571704,17.621409592,4.827474641,23.270533094,18.270702981,0.046541066
8,2020-01-01T08:00:00+00:00,reference_provider,104,C25-2,315,321,true,500,-17.597420964,-15.226571704,17.621409592,4.827474641,23.270533094,18.270702981,0.046541066
8,2020-01-01T08:00:00+00:00,reference_provider,105,C26,315,324,true,500,-21.926772073,-7.500765821,21.959935556,-3.42819509,23.174227526,22.225914856,0.046348455
8,2020-01-01T08:00:00+00:00,reference_provider,106,C27,316,317,true,500,-155.626324698,-16.944029086,156.340219075,17.436880125,156.546009405,157.309595667,0.314619191
8,2020-01-01T08:00:00+00:00,reference_provider,107,C28,316,319,true,500,-73.896551929,-12.993676495,74.059407354,9.190663743,75.030234012,74.627502421,0.150060468
8,2020-01-01T08:00:00+00:00,reference_provider,108,C29,317,318,true,500,392.422539975,3.950886553,-389.473182269,13.582643828,392.442428116,389.709953581,0.784884856
8,2020-01-01T08:00:00+00:00,reference_provider,109,C30,317,322,true,500,13.354240925,-21.387766676,-13.317341729,-1.608727948,25.214525854,13.414156565,0.050429052
8,2020-01-01T08:00:00+00:00,reference_provider,110,C31-1,318,321,true,500,-10.687358971,-10.131888641,10.69223658,4.49594921,14.726669997,11.599029372,0.02945334
8,2020-01-01T08:00:00+00:00,reference_provider,111,C31-2,318,321,true,500,-10.687358971,-10.131888641,10.69223658,4.49594921,14.726669997,11.599029372,0.02945334
8,2020-01-01T08:00:00+00:00,reference_provider,112,C32-1,319,320,true,500,-24.760326882,-14.761260374,24.795208874,6.398472352,28.826525894,25.607476087,0.057653052
8,2020-01-01T08:00:00+00:00,reference_provider,113,C32-2,319,320,true,500,-24.760326882,-14.761260374,24.795208874,6.398472352,28.826525894,25.607476087,0.057653052
8,2020-01-01T08:00:00+00:00,reference_provider,114,C33-1,320,323,true,500,-16.563826388,-13.542097786,16.57524388,8.797565346,21.395063848,18.765283523,0.042790128
8,2020-01-01T08:00:00+00:00,reference_provider,115,C33-2,320,323,true,500,-16.563826388,-13.542097786,16.57524388,8.797565346,21.395063848,18.765283523,0.042790128
8,2020-01-01T08:00:00+00:00,reference_provider,116,C34,321,322,true,500,-56.627292343,-18.646847702,56.917341727,5.954383436,59.618412989,57.227951836,0.119236826
8,2020-01-01T08:00:00+00:00,reference_provider,117,CA-1,325,121,true,500,-97.493192126,-17.219573934,98.57851469,4.110589988,99.002203195,98.664180473,0.198004406
8,2020-01-01T08:00:00+00:00,reference_provider,118,CB-1,318,223,true,500,227.861187179,-30.685522662,-221.261449665,60.622306344,229.918076549,229.415982735,0.459836153
8,2020-01-01T08:00:00+00:00,reference_provider,119,C35,323,325,true,722,-97.493192278,-16.383909404,97.493192278,17.219573921,98.860280335,99.002203342,0.137122165
8,2020-01-01T08:00:00+00:00,distributed_committable,0,A1,101,102,true,175,29.885586415,-25.841266384,-29.860164759,-22.718406911,39.508471543,37.520067324,0.225762695
8,2020-01-01T08:00:00+00:00,distributed_committable,1,A2,101,103,true,175,4.707179852,-4.924295901,-4.693741258,-1.055397712,6.812211996,4.81093248,0.038926926
8,2020-01-01T08:00:00+00:00,distributed_committable,2,A3,101,105,true,175,75.963478476,-23.637471836,-74.657311619,26.243164682,79.556144558,79.135440043,0.45460654
8,2020-01-01T08:00:00+00:00,distributed_committable,3,A4,102,104,true,175,42.117970918,-6.724383814,-41.555623099,5.32170362,42.651386987,41.894991832,0.243722211
8,2020-01-01T08:00:00+00:00,distributed_committable,4,A5,102,106,true,175,54.0187078,-22.301482358,-52.454844515,22.73259565,58.441226098,57.168886801,0.333949863
8,2020-01-01T08:00:00+00:00,distributed_committable,5,A6,103,109,true,175,64.359686226,-12.186300805,-63.115663248,13.585147912,65.503245251,64.561158533,0.374304259
8,2020-01-01T08:00:00+00:00,distributed_committable,6,A7,103,124,true,400,-108.308597109,-2.759291093,108.536851872,12.345991107,108.343739529,109.236769042,0.273091923
8,2020-01-01T08:00:00+00:00,distributed_committable,7,A8,104,109,true,175,27.053643884,-11.808591299,-26.836436213,9.71411693,29.518510732,28.540469098,0.168677204
8,2020-01-01T08:00:00+00:00,distributed_committable,8,A9,105,110,true,175,43.952709949,-32.297593185,-43.32823236,32.084843482,54.543333574,53.914496202,0.311676192
8,2020-01-01T08:00:00+00:00,distributed_committable,9,A10,106,110,true,175,-6.359603773,-143.705869326,6.377299998,-125.618199954,143.846520427,125.779975016,0.821980117
8,2020-01-01T08:00:00+00:00,distributed_committable,10,A11,107,108,true,175,-74.150660835,9.627082611,75.06808663,-7.803238837,74.772997946,75.472565655,0.431271804
8,2020-01-01T08:00:00+00:00,distributed_committable,11,AB1,107,203,true,175,20.09326351,-20.438562076,-19.776261426,17.253578501,28.661368743,26.244742084,0.16377925
8,2020-01-01T08:00:00+00:00,distributed_committable,12,A12-1,108,109,true,175,-77.968443384,5.510228993,80.631545665,0.114172574,78.162911839,80.631626498,0.460752151
8,2020-01-01T08:00:00+00:00,distributed_committable,13,A13-2,108,110,true,175,-71.050162786,-12.843061406,73.288904748,16.722673151,72.201591798,75.1725439,0.429557394
8,2020-01-01T08:00:00+00:00,distributed_committable,14,A14,109,111,true,400,-37.983629681,-14.757419938,38.017161141,16.16574125,40.749694072,41.311447946,0.10327862
8,2020-01-01T08:00:00+00:00,distributed_committable,15,A15,109,112,true,400,-28.376172777,-24.224547908,28.404282347,25.405149821,37.309997358,38.108068609,0.095270172
8,2020-01-01T08:00:00+00:00,distributed_committable,16,A16,110,111,true,400,-65.219160074,34.783691263,65.321265773,-30.495251905,73.915113601,72.089029338,0.184787784
8,2020-01-01T08:00:00+00:00,distributed_committable,17,A17,110,112,true,400,-55.448352135,24.728624914,55.517239841,-21.835341281,60.712639908,59.656902772,0.1517816
8,2020-01-01T08:00:00+00:00,distributed_committable,18,A18,111,113,true,500,4.9700322,-19.293449536,-4.956684597,9.155463227,19.923313356,10.411110849,0.039846627
8,2020-01-01T08:00:00+00:00,distributed_committable,19,A19,111,114,true,500,-108.308459113,33.622960191,108.955972204,-37.058668795,113.407344415,115.085832367,0.230171665
8,2020-01-01T08:00:00+00:00,distributed_committable,20,A20,112,113,true,500,-10.807098263,-1.453578701,10.81468073,-8.807174116,10.904414881,13.947173018,0.027894346
8,2020-01-01T08:00:00+00:00,distributed_committable,21,A21,112,123,true,500,-73.114423924,-2.11622984,73.743399927,-13.838817587,73.145043676,75.030673095,0.150061346
8,2020-01-01T08:00:00+00:00,distributed_committable,22,A22,113,123,true,500,-75.46350592,-2.29324718,76.076440735,-11.701425669,75.498342422,76.971086763,0.153942174
8,2020-01-01T08:00:00+00:00,distributed_committable,23,AB2,113,215,true,500,118.103827459,-21.407837575,-116.733884824,15.359735298,120.028369856,117.740058326,0.24005674
8,2020-01-01T08:00:00+00:00,distributed_committable,24,A23,114,116,true,500,-192.85305285,-18.477728362,194.724744037,32.168827301,193.73622903,197.364027599,0.394728055
8,2020-01-01T08:00:00+00:00,distributed_committable,25,A24,115,116,true,500,175.45987205,45.757238493,-174.84237813,-44.323158611,181.32813233,180.372945808,0.362656265
8,2020-01-01T08:00:00+00:00,distributed_committable,26,A25-1,115,121,true,500,-177.032461,-0.063834754,178.790257184,3.271476021,177.032472508,178.820185156,0.35764037
8,2020-01-01T08:00:00+00:00,distributed_committable,27,A25-2,115,121,true,500,-177.032461,-0.063834754,178.790257184,3.271476021,177.032472508,178.820185156,0.35764037
8,2020-01-01T08:00:00+00:00,distributed_committable,28,A26,115,124,true,500,109.328497443,6.692751173,-108.536851869,-12.345991108,109.533160601,109.236769039,0.219066321
8,2020-01-01T08:00:00+00:00,distributed_committable,29,A27,116,117,true,500,-288.819809479,8.091619804,291.210112137,6.810874961,288.933135273,291.289748239,0.582579496
8,2020-01-01T08:00:00+00:00,distributed_committable,30,A28,116,119,true,500,225.691525714,-4.586472066,-224.23392853,10.648462742,225.73812373,224.48662424,0.451476247
8,2020-01-01T08:00:00+00:00,distributed_committable,31,A29,117,118,true,500,-97.248206672,-22.540302233,97.433949966,20.628996909,99.826243673,99.59382571,0.199652487
8,2020-01-01T08:00:00+00:00,distributed_committable,32,A30,117,122,true,500,-193.961905466,15.729427272,199.00433305,-1.867985635,194.598652756,199.013099928,0.3980262
8,2020-01-01T08:00:00+00:00,distributed_committable,33,A31-1,118,121,true,500,-102.871428218,-25.018110527,103.180200381,21.728577914,105.869904118,105.443277874,0.211739808
8,2020-01-01T08:00:00+00:00,distributed_committable,34,A31-2,118,121,true,500,-102.871428218,-25.018110527,103.180200381,21.728577914,105.869904118,105.443277874,0.211739808
8,2020-01-01T08:00:00+00:00,distributed_committable,35,A32-1,119,120,true,500,87.129408602,-13.324726175,-86.759974346,7.662281047,88.142397126,87.097667588,0.176284794
8,2020-01-01T08:00:00+00:00,distributed_committable,36,A32-2,119,120,true,500,87.129408602,-13.324726175,-86.759974346,7.662281047,88.142397126,87.097667588,0.176284794
8,2020-01-01T08:00:00+00:00,distributed_committable,37,A33-1,120,123,true,500,59.082586916,-13.284250369,-58.978281937,9.270379657,60.557603854,59.702409325,0.121115208
8,2020-01-01T08:00:00+00:00,distributed_committable,38,A33-2,120,123,true,500,59.082586916,-13.284250369,-58.978281937,9.270379657,60.557603854,59.702409325,0.121115208
8,2020-01-01T08:00:00+00:00,distributed_committable,39,A34,121,122,true,500,-245.273383846,38.004977575,250.395666949,-14.897164194,248.200344769,250.838425143,0.50167685
8,2020-01-01T08:00:00+00:00,distributed_committable,40,AB3,123,217,true,500,182.139819714,-20.050891545,-178.934779623,27.66102662,183.240148922,181.060177158,0.366480298
8,2020-01-01T08:00:00+00:00,distributed_committable,41,B1,201,202,true,175,-12.893668402,-13.655489932,12.901551408,-34.331843842,18.780817078,36.675953025,0.209576874
8,2020-01-01T08:00:00+00:00,distributed_committable,42,B2,201,203,true,175,-27.914739172,10.244535882,28.417854898,-14.199324578,29.735217815,31.767834289,0.181530482
8,2020-01-01T08:00:00+00:00,distributed_committable,43,B3,201,205,true,175,13.680830034,-15.883241305,-13.595854333,13.790985107,20.962883026,19.365911424,0.119787903
8,2020-01-01T08:00:00+00:00,distributed_committable,44,B4,202,204,true,175,5.957384299,1.503439501,-5.942734103,-4.964665241,6.14416455,7.74364188,0.044249382
8,2020-01-01T08:00:00+00:00,distributed_committable,45,B5,202,206,true,175,13.322728281,-18.317573589,-13.120347909,13.557836806,22.65013446,18.866861639,0.12942934
8,2020-01-01T08:00:00+00:00,distributed_committable,46,B6,203,209,true,175,32.949205231,-18.063178629,-32.538072037,16.337651512,37.575637686,36.409407972,0.21471793
8,2020-01-01T08:00:00+00:00,distributed_committable,47,B7,203,224,true,400,-117.63676127,-0.622745378,117.915741827,12.339928791,117.638409603,118.559672795,0.296399182
8,2020-01-01T08:00:00+00:00,distributed_committable,48,B8,204,209,true,175,-25.320606064,-1.372498306,25.488915346,-0.87897064,25.357776777,25.504066242,0.145737521
8,2020-01-01T08:00:00+00:00,distributed_committable,49,B9,205,210,true,175,-16.400053124,-19.705671085,16.531869337,17.61255997,25.637379261,24.155847583,0.14649931
8,2020-01-01T08:00:00+00:00,distributed_committable,50,B10,206,210,true,175,-44.336601588,-134.276618757,44.589357911,-134.053987139,141.407017454,141.275200608,0.8080401
8,2020-01-01T08:00:00+00:00,distributed_committable,51,B11,207,208,true,175,-52.809696228,-10.561939246,53.300054705,10.806074164,53.855534315,54.384437759,0.310768216
8,2020-01-01T08:00:00+00:00,distributed_committable,52,B12-1,208,209,true,175,-67.173486379,-2.298420746,69.171501737,5.434027719,67.212796477,69.384618683,0.396483535
8,2020-01-01T08:00:00+00:00,distributed_committable,53,B13-2,208,210,true,175,-58.370232766,-23.294368362,60.076181082,25.174835608,62.846731582,65.137699386,0.372215425
8,2020-01-01T08:00:00+00:00,distributed_committable,54,B14,209,211,true,400,-58.645267028,-18.055727923,58.721882666,21.273584709,61.361850165,62.456584202,0.156141461
8,2020-01-01T08:00:00+00:00,distributed_committable,55,B15,209,212,true,400,-77.410652736,-18.046173182,77.539212541,23.445684991,79.48631029,81.006355468,0.202515889
8,2020-01-01T08:00:00+00:00,distributed_committable,56,B16,210,211,true,400,-92.00338231,36.925111967,92.187058327,-29.210719279,99.136704859,96.70429072,0.247841762
8,2020-01-01T08:00:00+00:00,distributed_committable,57,B17,210,212,true,400,-111.577152135,37.442376802,111.836019276,-26.569956884,117.691938802,114.94893569,0.294229847
8,2020-01-01T08:00:00+00:00,distributed_committable,58,B18,211,213,true,500,-52.287142861,3.036162315,52.452126433,-11.894713424,52.375219237,53.783917436,0.107567835
8,2020-01-01T08:00:00+00:00,distributed_committable,59,B19,211,214,true,500,-98.621798132,4.900972255,99.103700412,-9.830201145,98.743499005,99.590041118,0.199180082
8,2020-01-01T08:00:00+00:00,distributed_committable,60,B20,212,213,true,500,-19.278021289,0.999769773,19.302054222,-10.99876696,19.303928212,22.215809052,0.044431618
8,2020-01-01T08:00:00+00:00,distributed_committable,61,B21,212,223,true,500,-170.097210528,2.12450212,173.516584006,4.34734294,170.110477451,173.571035359,0.347142071
8,2020-01-01T08:00:00+00:00,distributed_committable,62,B22,213,223,true,500,-178.710736659,0.079691614,182.173210615,8.358461891,178.710754427,182.364861065,0.364729722
8,2020-01-01T08:00:00+00:00,distributed_committable,63,B23,214,216,true,500,-181.064348958,5.186739207,182.672594404,5.335129939,181.138622958,182.750486614,0.365500973
8,2020-01-01T08:00:00+00:00,distributed_committable,64,B24,215,216,true,500,42.105174317,-21.84287657,-42.063208322,18.463781738,47.433711231,45.937182439,0.094867422
8,2020-01-01T08:00:00+00:00,distributed_committable,65,B25-1,215,221,true,500,-20.190766359,-7.218308508,20.214602535,-3.27145948,21.442271892,20.477612233,0.042884544
8,2020-01-01T08:00:00+00:00,distributed_committable,66,B25-2,215,221,true,500,-20.190766359,-7.218308508,20.214602535,-3.27145948,21.442271892,20.477612233,0.042884544
8,2020-01-01T08:00:00+00:00,distributed_committable,67,B26,215,224,true,500,118.884853591,8.405589453,-117.915741827,-12.339928791,119.181635948,118.559672794,0.238363272
8,2020-01-01T08:00:00+00:00,distributed_committable,68,B27,216,217,true,500,-107.581820469,14.015438423,107.923795512,-16.769119469,108.490924089,109.218812507,0.218437625
8,2020-01-01T08:00:00+00:00,distributed_committable,69,B28,216,219,true,500,-6.989240129,-14.272340044,6.994612337,9.201749352,15.891795616,11.558407886,0.031783591
8,2020-01-01T08:00:00+00:00,distributed_committable,70,B29,217,218,true,500,108.088362353,2.459758515,-107.863110411,-3.991467234,108.116346998,107.936937136,0.216232694
8,2020-01-01T08:00:00+00:00,distributed_committable,71,B30,217,222,true,500,-37.077378241,-13.351665666,37.263130549,-8.386626703,39.40810771,38.195240616,0.078816215
8,2020-01-01T08:00:00+00:00,distributed_committable,72,B31-1,218,221,true,500,-16.41096017,-12.368503757,16.42141164,6.758185354,20.54992698,17.757697754,0.041099854
8,2020-01-01T08:00:00+00:00,distributed_committable,73,B31-2,218,221,true,500,-16.41096017,-12.368503757,16.42141164,6.758185354,20.54992698,17.757697754,0.041099854
8,2020-01-01T08:00:00+00:00,distributed_committable,74,B32-1,219,220,true,500,-41.731526237,-12.416709718,41.817879213,4.379354388,43.539579262,42.046566646,0.087079159
8,2020-01-01T08:00:00+00:00,distributed_committable,75,B32-2,219,220,true,500,-41.731526237,-12.416709718,41.817879213,4.379354388,43.539579262,42.046566646,0.087079159
8,2020-01-01T08:00:00+00:00,distributed_committable,76,B33-1,220,223,true,500,-68.856443681,-9.871562795,68.992575146,5.989907506,69.56045995,69.252107673,0.13912092
8,2020-01-01T08:00:00+00:00,distributed_committable,77,B33-2,220,223,true,500,-68.856443681,-9.871562795,68.992575146,5.989907506,69.56045995,69.252107673,0.13912092
8,2020-01-01T08:00:00+00:00,distributed_committable,78,B34,221,222,true,500,-73.27202835,-6.973451748,73.736869451,-4.38239329,73.603119281,73.866983743,0.147733967
8,2020-01-01T08:00:00+00:00,distributed_committable,79,C1,301,302,true,175,19.450211813,-29.538807265,-19.438732882,-19.190125468,35.367384328,27.315293364,0.202099339
8,2020-01-01T08:00:00+00:00,distributed_committable,80,C2,301,303,true,175,-59.01599578,17.50496792,61.045381657,-15.738590058,61.557385095,63.041588167,0.360237647
8,2020-01-01T08:00:00+00:00,distributed_committable,81,C3,301,305,true,175,-19.7812581,-0.055372927,19.862901277,-2.070763931,19.781335602,19.970551079,0.114117435
8,2020-01-01T08:00:00+00:00,distributed_committable,82,C4,302,304,true,175,-23.248028438,15.156762638,23.506200664,-17.716672235,27.752446377,29.435046199,0.168200264
8,2020-01-01T08:00:00+00:00,distributed_committable,83,C5,302,306,true,175,-10.61567461,-6.956830146,10.677269756,1.619192087,12.692124846,10.799345927,0.072526428
8,2020-01-01T08:00:00+00:00,distributed_committable,84,C6,303,309,true,175,26.317295567,-5.895992286,-26.108359957,3.333961774,26.969663902,26.320367793,0.154112365
8,2020-01-01T08:00:00+00:00,distributed_committable,85,C7,303,324,true,400,-75.674414003,1.302725339,75.78640535,3.400911226,75.685626298,75.862674834,0.189656687
8,2020-01-01T08:00:00+00:00,distributed_committable,86,C8,304,309,true,175,-64.169914673,9.474027503,65.278481941,-8.116812134,64.865515848,65.781173931,0.375892422
8,2020-01-01T08:00:00+00:00,distributed_committable,87,C9,305,310,true,175,-58.878086339,-5.622371151,59.630779535,5.90116554,59.145922162,59.922062905,0.342411788
8,2020-01-01T08:00:00+00:00,distributed_committable,88,C10,306,310,true,175,-85.410581989,-125.563335547,86.359432392,-139.326666532,151.858877743,163.920320797,0.936687547
8,2020-01-01T08:00:00+00:00,distributed_committable,89,C11,307,308,true,175,-68.688706096,-13.737741219,69.541049304,15.39413995,70.04901055,71.224553934,0.406997451
8,2020-01-01T08:00:00+00:00,distributed_committable,90,C12-1,308,309,true,175,-70.985118706,-6.732156891,73.258361538,10.942149118,71.303639558,74.071034572,0.423263055
8,2020-01-01T08:00:00+00:00,distributed_committable,91,C13-2,308,310,true,175,-56.622080538,-27.894820765,58.360163292,29.930092928,63.120369374,65.587492116,0.374785669
8,2020-01-01T08:00:00+00:00,distributed_committable,92,C14,309,311,true,400,-74.169008846,-7.43313254,74.281434583,12.155013481,74.540548244,75.269355493,0.188173389
8,2020-01-01T08:00:00+00:00,distributed_committable,93,C15,309,312,true,400,-85.523663211,-18.508513572,85.678591741,25.015511814,87.503497323,89.255794848,0.223139487
8,2020-01-01T08:00:00+00:00,distributed_committable,94,C16,310,311,true,400,-118.947345787,46.309679539,119.251844931,-33.520715484,127.64426148,123.873487422,0.319110654
8,2020-01-01T08:00:00+00:00,distributed_committable,95,C17,310,312,true,400,-131.157410943,35.205342575,131.502065503,-20.729851039,135.800156815,133.125955229,0.339500392
8,2020-01-01T08:00:00+00:00,distributed_committable,96,C18,311,313,true,500,-130.601448848,-8.052848179,131.617411539,5.989302368,130.849481486,131.753613852,0.263507228
8,2020-01-01T08:00:00+00:00,distributed_committable,97,C19,311,314,true,500,-62.931830665,29.418550182,63.18516174,-36.066303165,69.468456192,72.753988813,0.145507978
8,2020-01-01T08:00:00+00:00,distributed_committable,98,C20,312,313,true,500,-111.205939962,9.693706462,111.940280156,-14.11303812,111.627635592,112.826433811,0.225652868
8,2020-01-01T08:00:00+00:00,distributed_committable,99,C21,312,323,true,500,-57.274717281,-13.979367237,57.658948322,-4.032027248,58.956050987,57.799754025,0.117912102
8,2020-01-01T08:00:00+00:00,distributed_committable,100,C22,313,323,true,500,-1.87774862,-21.549785281,1.893944974,2.727273084,21.631439748,3.320398476,0.043262879
8,2020-01-01T08:00:00+00:00,distributed_committable,101,C23,314,316,true,500,-22.190033602,-35.36451288,22.264697283,27.992460169,41.749806736,35.767227617,0.083499613
8,2020-01-01T08:00:00+00:00,distributed_committable,102,C24,315,316,true,500,-113.906880828,2.22174002,114.160920424,-3.750782775,113.928546154,114.222520212,0.22844504
8,2020-01-01T08:00:00+00:00,distributed_committable,103,C25-1,315,321,true,500,-20.051120531,-14.912444235,20.080163615,4.55335584,24.988565937,20.589949495,0.049977132
8,2020-01-01T08:00:00+00:00,distributed_committable,104,C25-2,315,321,true,500,-20.051120531,-14.912444235,20.080163615,4.55335584,24.988565937,20.589949495,0.049977132
8,2020-01-01T08:00:00+00:00,distributed_committable,105,C26,315,324,true,500,-20.185436771,-7.565469072,20.21359465,-3.400911226,21.556627285,20.497697574,0.043113255
8,2020-01-01T08:00:00+00:00,distributed_committable,106,C27,316,317,true,500,-161.665224726,-16.008111777,162.434266209,16.978000158,162.455854091,163.319145627,0.326638291
8,2020-01-01T08:00:00+00:00,distributed_committable,107,C28,316,319,true,500,-61.861840248,-14.327288105,61.977781175,10.164267928,63.499279234,62.805713927,0.126998558
8,2020-01-01T08:00:00+00:00,distributed_committable,108,C29,317,318,true,500,386.453284757,3.81986384,-383.593433427,13.086347851,386.472162852,383.816589881,0.772944326
8,2020-01-01T08:00:00+00:00,distributed_committable,109,C30,317,322,true,500,13.229449033,-20.797863998,-13.194515012,-2.20349871,24.648924289,13.3772431,0.049297849
8,2020-01-01T08:00:00+00:00,distributed_committable,110,C31-1,318,321,true,500,-8.170039231,-9.997993521,8.173476484,4.348257978,12.911600036,9.258135086,0.0258232
8,2020-01-01T08:00:00+00:00,distributed_committable,111,C31-2,318,321,true,500,-8.170039231,-9.997993521,8.173476484,4.348257978,12.911600036,9.258135086,0.0258232
8,2020-01-01T08:00:00+00:00,distributed_committable,112,C32-1,319,320,true,500,-18.719513801,-15.248062466,18.742219858,6.789163922,24.143810924,19.933979833,0.048287622
8,2020-01-01T08:00:00+00:00,distributed_committable,113,C32-2,319,320,true,500,-18.719513801,-15.248062466,18.742219858,6.789163922,24.143810924,19.933979833,0.048287622
8,2020-01-01T08:00:00+00:00,distributed_committable,114,C33-1,320,323,true,500,-10.51083738,-13.932789356,10.517813668,9.157447402,17.452802688,13.945725054,0.034905605
8,2020-01-01T08:00:00+00:00,distributed_committable,115,C33-2,320,323,true,500,-10.51083738,-13.932789356,10.517813668,9.157447402,17.452802688,13.945725054,0.034905605
8,2020-01-01T08:00:00+00:00,distributed_committable,116,C34,321,322,true,500,-56.507280198,-17.803227636,56.794515012,5.09611389,59.245486154,57.022691205,0.118490972
8,2020-01-01T08:00:00+00:00,distributed_committable,117,CA-1,325,121,true,500,-80.58852063,-17.590455339,81.332468459,1.791362808,82.485961087,81.352193617,0.164971922
8,2020-01-01T08:00:00+00:00,distributed_committable,118,CB-1,318,223,true,500,216.946798847,-30.457016926,-210.962870582,55.490730845,219.074287423,218.138841049,0.438148575
8,2020-01-01T08:00:00+00:00,distributed_committable,119,C35,323,325,true,722,-80.588520632,-17.010140641,80.588520632,17.590455339,82.364158117,82.485961089,0.114246484
9,2020-01-01T09:00:00+00:00,reference_provider,0,A1,101,102,true,175,44.825916376,-25.88323627,-44.768829605,-22.534084601,51.76200053,50.120186282,0.29578286
9,2020-01-01T09:00:00+00:00,reference_provider,1,A2,101,103,true,175,6.930060538,-6.521737394,-6.898669136,0.595110463,9.516238631,6.924290022,0.054378506
9,2020-01-01T09:00:00+00:00,reference_provider,2,A3,101,105,true,175,81.865001187,-24.501630883,-80.357466141,27.884556816,85.45295978,85.058044144,0.488302627
9,2020-01-01T09:00:00+00:00,reference_provider,3,A4,102,104,true,175,45.179503582,-7.737698745,-44.529934022,6.670047274,45.837315866,45.026709347,0.261927519
9,2020-01-01T09:00:00+00:00,reference_provider,4,A5,102,106,true,175,57.084650942,-22.943451349,-55.346757398,24.042474367,61.522835866,60.343219405,0.351559062
9,2020-01-01T09:00:00+00:00,reference_provider,5,A6,103,109,true,175,70.094605088,-11.40567575,-68.636528073,13.617250213,71.0164988,69.974298777,0.405808565
9,2020-01-01T09:00:00+00:00,reference_provider,6,A7,103,124,true,400,-99.688118016,-4.56338326,99.880855196,12.658344798,99.792511445,100.679784106,0.25169946
9,2020-01-01T09:00:00+00:00,reference_provider,7,A8,104,109,true,175,32.082036995,-12.902729127,-31.781878876,11.125946289,34.579437773,33.673053109,0.197596787
9,2020-01-01T09:00:00+00:00,reference_provider,8,A9,105,110,true,175,50.856105458,-33.701726544,-50.071270647,34.102364206,61.009424144,60.581378233,0.348625281
9,2020-01-01T09:00:00+00:00,reference_provider,9,A10,106,110,true,175,-1.162891243,-144.586901774,1.177732741,-124.805758711,144.591578181,124.811315439,0.82623759
9,2020-01-01T09:00:00+00:00,reference_provider,10,A11,107,108,true,175,-80.826037054,11.525520908,81.919227966,-9.032661477,81.643651916,82.41570775,0.470946901
9,2020-01-01T09:00:00+00:00,reference_provider,11,AB1,107,203,true,175,28.887021704,-21.913323978,-28.361242022,19.529184378,36.258154816,34.434707658,0.207189456
9,2020-01-01T09:00:00+00:00,reference_provider,12,A12-1,108,109,true,175,-79.817154724,6.305633702,82.61025974,-0.185479824,80.065842933,82.610467963,0.472059817
9,2020-01-01T09:00:00+00:00,reference_provider,13,A13-2,108,110,true,175,-73.154646242,-11.815896523,75.514192425,16.157329797,74.102750809,77.223393889,0.441276537
9,2020-01-01T09:00:00+00:00,reference_provider,14,A14,109,111,true,400,-32.713079627,-14.573493928,32.738963022,15.660596521,35.812460177,36.291789473,0.090729474
9,2020-01-01T09:00:00+00:00,reference_provider,15,A15,109,112,true,400,-22.193394631,-24.942659177,22.21589058,25.887489018,33.386868857,34.113162884,0.085282907
9,2020-01-01T09:00:00+00:00,reference_provider,16,A16,110,111,true,400,-59.172989095,34.465260339,59.260626842,-30.784474934,68.478440466,66.779531225,0.171196101
9,2020-01-01T09:00:00+00:00,reference_provider,17,A17,110,112,true,400,-48.472529362,23.460319454,48.526726629,-21.184034203,53.851394518,52.9490935,0.134628486
9,2020-01-01T09:00:00+00:00,reference_provider,18,A18,111,113,true,500,12.248176946,-21.610491813,-12.223239171,11.560416761,24.840112619,16.824113989,0.049680225
9,2020-01-01T09:00:00+00:00,reference_provider,19,A19,111,114,true,500,-104.247766744,36.734370217,104.865133605,-40.407634719,110.530587741,112.38092894,0.224761858
9,2020-01-01T09:00:00+00:00,reference_provider,20,A20,112,113,true,500,-4.891057793,-2.062721373,4.893006157,-8.255668137,5.308226238,9.596747659,0.019193495
9,2020-01-01T09:00:00+00:00,reference_provider,21,A21,112,123,true,500,-65.851559401,-2.640733444,66.361697667,-14.284748754,65.90448656,67.881727764,0.135763456
9,2020-01-01T09:00:00+00:00,reference_provider,22,A22,113,123,true,500,-70.612478786,-2.336200716,71.149148284,-12.269077272,70.651114599,72.199249018,0.144398498
9,2020-01-01T09:00:00+00:00,reference_provider,23,AB2,113,215,true,500,134.431999258,-23.40620254,-132.65864673,20.349019448,136.454434672,134.210279579,0.272908869
9,2020-01-01T09:00:00+00:00,reference_provider,24,A23,114,116,true,500,-185.47448537,-25.793705718,187.22557263,38.060133139,187.25944563,191.054936552,0.382109873
9,2020-01-01T09:00:00+00:00,reference_provider,25,A24,115,116,true,500,204.704603422,46.568173412,-203.881720211,-43.403746496,209.934678976,208.450572189,0.419869358
9,2020-01-01T09:00:00+00:00,reference_provider,26,A25-1,115,121,true,500,-146.251565966,0.406356419,147.44665223,-1.811035191,146.252130491,147.457773964,0.294915548
9,2020-01-01T09:00:00+00:00,reference_provider,27,A25-2,115,121,true,500,-146.251565966,0.406356419,147.44665223,-1.811035191,146.252130491,147.457773964,0.294915548
9,2020-01-01T09:00:00+00:00,reference_provider,28,A26,115,124,true,500,100.547963904,6.01920716,-99.880855138,-12.658344806,100.7279698,100.679784049,0.20145594
9,2020-01-01T09:00:00+00:00,reference_provider,29,A27,116,117,true,500,-246.943021443,-1.124446903,248.681820636,10.357948002,246.945581496,248.897438721,0.497794877
9,2020-01-01T09:00:00+00:00,reference_provider,30,A28,116,119,true,500,222.047957061,-1.842182204,-220.642129808,7.491831203,222.055598601,220.769284505,0.444111197
9,2020-01-01T09:00:00+00:00,reference_provider,31,A29,117,118,true,500,-110.778177207,-11.039134427,111.009211443,9.435295251,111.326847769,111.409469174,0.222818938
9,2020-01-01T09:00:00+00:00,reference_provider,32,A30,117,122,true,500,-137.903643451,0.681186428,140.412267747,-5.873082596,137.905325829,140.535042011,0.281070084
9,2020-01-01T09:00:00+00:00,reference_provider,33,A31-1,118,121,true,500,-99.587374169,-18.845059801,99.870567477,15.333083529,101.354730392,101.040752663,0.202709461
9,2020-01-01T09:00:00+00:00,reference_provider,34,A31-2,118,121,true,500,-99.587374169,-18.845059801,99.870567477,15.333083529,101.354730392,101.040752663,0.202709461
9,2020-01-01T09:00:00+00:00,reference_provider,35,A32-1,119,120,true,500,91.417217791,-11.432889873,-91.013403081,6.031703289,92.129358401,91.213052712,0.184258717
9,2020-01-01T09:00:00+00:00,reference_provider,36,A32-2,119,120,true,500,91.417217791,-11.432889873,-91.013403081,6.031703289,92.129358401,91.213052712,0.184258717
9,2020-01-01T09:00:00+00:00,reference_provider,37,A33-1,120,123,true,500,64.420627229,-11.433360885,-64.298425935,7.549863609,65.42735631,64.740157694,0.130854713
9,2020-01-01T09:00:00+00:00,reference_provider,38,A33-2,120,123,true,500,64.420627229,-11.433360885,-64.298425935,7.549863609,65.42735631,64.740157694,0.130854713
9,2020-01-01T09:00:00+00:00,reference_provider,39,A34,121,122,true,500,-154.583683007,12.85353366,156.587732253,-13.294378778,155.117144054,157.151068718,0.314302137
9,2020-01-01T09:00:00+00:00,reference_provider,40,AB3,123,217,true,500,193.086005861,-21.868291617,-189.480088227,32.429338456,194.320425682,192.235183635,0.388640851
9,2020-01-01T09:00:00+00:00,reference_provider,41,B1,201,202,true,175,-4.994923301,-13.881442178,4.998559748,-33.892927872,14.752752141,34.259541142,0.195768807
9,2020-01-01T09:00:00+00:00,reference_provider,42,B2,201,203,true,175,-33.415169247,11.115745385,34.11179319,-14.312173333,35.215526849,36.992603857,0.211386308
9,2020-01-01T09:00:00+00:00,reference_provider,43,B3,201,205,true,175,11.078516916,-16.57002629,-11.002388753,14.452125985,19.932368357,18.163603821,0.113899248
9,2020-01-01T09:00:00+00:00,reference_provider,44,B4,202,204,true,175,2.752734595,1.271250823,-2.747390685,-4.755027818,3.03209934,5.491670523,0.031380974
9,2020-01-01T09:00:00+00:00,reference_provider,45,B5,202,206,true,175,11.085160873,-18.768243839,-10.901024327,13.955622018,21.797425728,17.708521036,0.124556718
9,2020-01-01T09:00:00+00:00,reference_provider,46,B6,203,209,true,175,37.648500801,-19.345696361,-37.123064738,18.060236021,42.328070831,41.283096549,0.24187469
9,2020-01-01T09:00:00+00:00,reference_provider,47,B7,203,224,true,400,-119.78501135,-1.572873003,120.074529383,13.73263038,119.795337445,120.857261857,0.302143155
9,2020-01-01T09:00:00+00:00,reference_provider,48,B8,204,209,true,175,-28.655725951,-1.610468798,28.871837861,-0.453209723,28.700944924,28.875394725,0.165002256
9,2020-01-01T09:00:00+00:00,reference_provider,49,B9,205,210,true,175,-19.127628559,-20.39325616,19.286431581,18.406479723,27.959811714,26.660175148,0.159770353
9,2020-01-01T09:00:00+00:00,reference_provider,50,B10,206,210,true,175,-46.812811654,-134.590917545,47.095019586,-133.443690326,142.499664634,141.510280042,0.814283798
9,2020-01-01T09:00:00+00:00,reference_provider,51,B11,207,208,true,175,-53.045805132,-10.609161026,53.540987463,10.872904122,54.096319096,54.633848323,0.312193419
9,2020-01-01T09:00:00+00:00,reference_provider,52,B12-1,208,209,true,175,-68.037409842,-2.141612265,70.088502043,5.482454238,68.071107242,70.302598979,0.401729137
9,2020-01-01T09:00:00+00:00,reference_provider,53,B13-2,208,210,true,175,-58.070239041,-23.584117293,59.767324908,25.432024291,62.676656346,64.953221523,0.371161266
9,2020-01-01T09:00:00+00:00,reference_provider,54,B14,209,211,true,400,-59.435838331,-18.987039745,59.515059545,22.314330715,62.394924124,63.560771454,0.158901929
9,2020-01-01T09:00:00+00:00,reference_provider,55,B15,209,212,true,400,-76.665564016,-19.379632669,76.792809923,24.723960751,79.077043877,80.674716554,0.201686791
9,2020-01-01T09:00:00+00:00,reference_provider,56,B16,210,211,true,400,-95.458559786,36.268191416,95.653442261,-28.083127479,102.116200208,99.690737109,0.255290501
9,2020-01-01T09:00:00+00:00,reference_provider,57,B17,210,212,true,400,-113.441672292,36.362337254,113.706890668,-25.223165462,119.126959934,116.470876452,0.2978174
9,2020-01-01T09:00:00+00:00,reference_provider,58,B18,211,213,true,500,-51.136599454,1.579161135,51.293056041,-10.528400019,51.160976863,52.362436966,0.104724874
9,2020-01-01T09:00:00+00:00,reference_provider,59,B19,211,214,true,500,-104.031902352,4.189635629,104.56615573,-8.699331674,104.116231941,104.927400119,0.2098548
9,2020-01-01T09:00:00+00:00,reference_provider,60,B20,212,213,true,500,-20.766411415,0.412950225,20.793497378,-10.412374192,20.770516868,23.25482895,0.046509658
9,2020-01-01T09:00:00+00:00,reference_provider,61,B21,212,223,true,500,-169.733289168,0.086254485,173.125660614,6.087780871,169.733311084,173.232662737,0.346465325
9,2020-01-01T09:00:00+00:00,reference_provider,62,B22,213,223,true,500,-177.54366029,-1.975013607,180.947969954,9.875057957,177.554645076,181.217230418,0.362434461
9,2020-01-01T09:00:00+00:00,reference_provider,63,B23,214,216,true,500,-186.893245278,5.61943149,188.60189626,6.059849427,186.977707604,188.699223761,0.377398448
9,2020-01-01T09:00:00+00:00,reference_provider,64,B24,215,216,true,500,58.60492767,-25.147011229,-58.528336566,22.049762398,63.772327235,62.544050101,0.127544654
9,2020-01-01T09:00:00+00:00,reference_provider,65,B25-1,215,221,true,500,-19.974952597,-6.921103901,19.998151519,-3.605171234,21.140019169,20.32051485,0.042280038
9,2020-01-01T09:00:00+00:00,reference_provider,66,B25-2,215,221,true,500,-19.974952597,-6.921103901,19.998151519,-3.605171234,21.140019169,20.32051485,0.042280038
9,2020-01-01T09:00:00+00:00,reference_provider,67,B26,215,224,true,500,121.079462419,10.03970271,-120.074529372,-13.732630382,121.494986935,120.857261847,0.242989974
9,2020-01-01T09:00:00+00:00,reference_provider,68,B27,216,217,true,500,-117.861607238,18.082427278,118.273389418,-20.247873153,119.240650103,119.994045734,0.239988091
9,2020-01-01T09:00:00+00:00,reference_provider,69,B28,216,219,true,500,7.351403471,-18.129005225,-7.342883489,13.062081137,19.562820948,14.984522067,0.039125642
9,2020-01-01T09:00:00+00:00,reference_provider,70,B29,217,218,true,500,108.291637132,1.602616271,-108.066171923,-3.140304621,108.303495103,108.111789493,0.21660699
9,2020-01-01T09:00:00+00:00,reference_provider,71,B30,217,222,true,500,-37.084938302,-13.784081578,37.270569029,-8.017054318,39.563790943,38.123070124,0.079127582
9,2020-01-01T09:00:00+00:00,reference_provider,72,B31-1,218,221,true,500,-16.623926462,-12.858306686,16.634828319,7.236828445,21.016445509,18.140815835,0.042032891
9,2020-01-01T09:00:00+00:00,reference_provider,73,B31-2,218,221,true,500,-16.623926462,-12.858306686,16.634828319,7.236828445,21.016445509,18.140815835,0.042032891
9,2020-01-01T09:00:00+00:00,reference_provider,74,B32-1,219,220,true,500,-34.733721167,-14.381819728,34.795907026,6.109432155,37.593458537,35.328180069,0.075186917
9,2020-01-01T09:00:00+00:00,reference_provider,75,B32-2,219,220,true,500,-34.733721167,-14.381819728,34.795907026,6.109432155,37.593458537,35.328180069,0.075186917
9,2020-01-01T09:00:00+00:00,reference_provider,76,B33-1,220,223,true,500,-61.955359251,-11.626195888,62.066124681,7.532909628,63.036774749,62.521584755,0.126073549
9,2020-01-01T09:00:00+00:00,reference_provider,77,B33-2,220,223,true,500,-61.955359251,-11.626195888,62.066124681,7.532909628,63.036774749,62.521584755,0.126073549
9,2020-01-01T09:00:00+00:00,reference_provider,78,B34,221,222,true,500,-73.265959676,-7.263314422,73.729430955,-4.146194198,73.625108378,73.845920099,0.14769184
9,2020-01-01T09:00:00+00:00,reference_provider,79,C1,301,302,true,175,9.555689909,-27.108015079,-9.55284429,-21.32077654,28.742924193,23.363055157,0.164245281
9,2020-01-01T09:00:00+00:00,reference_provider,80,C2,301,303,true,175,-37.46557571,11.441350532,38.30943828,-14.157518792,39.173637377,40.841748244,0.233381419
9,2020-01-01T09:00:00+00:00,reference_provider,81,C3,301,305,true,175,-34.187551718,3.017186533,34.436019585,-4.48381255,34.320432792,34.726704708,0.198438313
9,2020-01-01T09:00:00+00:00,reference_provider,82,C4,302,304,true,175,-26.356800223,14.997430329,26.663394113,-17.350465092,30.324970477,31.811558033,0.181780332
9,2020-01-01T09:00:00+00:00,reference_provider,83,C5,302,306,true,175,-19.863054001,-5.176179256,20.053606957,0.363159843,20.526415808,20.056895,0.117293805
9,2020-01-01T09:00:00+00:00,reference_provider,84,C6,303,309,true,175,-21.445742039,-0.307165369,21.58360896,-2.503271976,21.447941676,21.72828908,0.124161652
9,2020-01-01T09:00:00+00:00,reference_provider,85,C7,303,324,true,400,-116.759425434,-6.809437953,117.030887365,18.210839089,116.957820913,118.43928089,0.296098202
9,2020-01-01T09:00:00+00:00,reference_provider,86,C8,304,309,true,175,-69.211638339,8.725820992,70.497803705,-6.678531359,69.759521455,70.813438756,0.404648221
9,2020-01-01T09:00:00+00:00,reference_provider,87,C9,305,310,true,175,-75.259334992,-3.565855276,76.490130557,5.680687964,75.343764356,76.700784145,0.438290195
9,2020-01-01T09:00:00+00:00,reference_provider,88,C10,306,310,true,175,-98.25038013,-124.629531655,99.508830122,-138.430966357,158.699897153,170.48501318,0.974200075
9,2020-01-01T09:00:00+00:00,reference_provider,89,C11,307,308,true,175,-71.872034167,-14.374406833,72.804179863,16.331356606,73.295380939,74.613415779,0.426362376
9,2020-01-01T09:00:00+00:00,reference_provider,90,C12-1,308,309,true,175,-61.937422989,-9.343986295,63.678351086,11.503374482,62.638282594,64.709041265,0.36976595
9,2020-01-01T09:00:00+00:00,reference_provider,91,C13-2,308,310,true,175,-56.287699615,-27.111539877,57.985196044,28.983940528,62.476721444,64.825548735,0.370431707
9,2020-01-01T09:00:00+00:00,reference_provider,92,C14,309,311,true,400,-104.18434429,-7.384833448,104.404993504,16.652100422,104.44574362,105.724619257,0.264311548
9,2020-01-01T09:00:00+00:00,reference_provider,93,C15,309,312,true,400,-121.496267293,-15.635883539,121.799782695,28.383530432,122.498260478,125.063231465,0.312658079
9,2020-01-01T09:00:00+00:00,reference_provider,94,C16,310,311,true,400,-130.567400893,44.503794664,130.923021184,-29.567742431,137.943589613,134.220299763,0.344858974
9,2020-01-01T09:00:00+00:00,reference_provider,95,C17,310,312,true,400,-148.73712913,36.263492268,149.175155098,-17.86640163,153.094005283,150.24125667,0.382735013
9,2020-01-01T09:00:00+00:00,reference_provider,96,C18,311,313,true,500,-190.59877889,-0.518092831,192.751356332,7.472564112,190.599483038,192.896149734,0.385792299
9,2020-01-01T09:00:00+00:00,reference_provider,97,C19,311,314,true,500,-44.729235798,13.43373484,44.84376885,-21.342859306,46.702995266,49.663681378,0.099327363
9,2020-01-01T09:00:00+00:00,reference_provider,98,C20,312,313,true,500,-161.586289813,11.47130865,163.122407714,-9.535910791,161.992962741,163.400898079,0.326801796
9,2020-01-01T09:00:00+00:00,reference_provider,99,C21,312,323,true,500,-50.38864798,-21.988437453,50.699742518,3.206181126,54.977333755,50.801018581,0.109954668
9,2020-01-01T09:00:00+00:00,reference_provider,100,C22,313,323,true,500,34.65752352,-28.98537208,-34.490185466,11.129321031,45.180700871,36.241339381,0.090361402
9,2020-01-01T09:00:00+00:00,reference_provider,101,C23,314,316,true,500,8.810834122,-51.080992304,-8.696993598,43.972668216,51.835302379,44.824471527,0.103670605
9,2020-01-01T09:00:00+00:00,reference_provider,102,C24,315,316,true,500,-145.776893881,-12.541206927,146.184492148,12.213794031,146.315360304,146.69383937,0.293387679
9,2020-01-01T09:00:00+00:00,reference_provider,103,C25-1,315,321,true,500,-24.120754172,-15.635538986,24.160051913,5.091509785,28.745101517,24.690718506,0.057490203
9,2020-01-01T09:00:00+00:00,reference_provider,104,C25-2,315,321,true,500,-24.120754172,-15.635538986,24.160051913,5.091509785,28.745101517,24.690718506,0.057490203
9,2020-01-01T09:00:00+00:00,reference_provider,105,C26,315,324,true,500,11.750923853,7.013803388,-11.730887372,-18.210839089,13.684942432,21.662141604,0.043324283
9,2020-01-01T09:00:00+00:00,reference_provider,106,C27,316,317,true,500,-114.614391254,-13.277548216,114.989801072,10.674036617,115.380899498,115.484152195,0.230968304
9,2020-01-01T09:00:00+00:00,reference_provider,107,C28,316,319,true,500,-118.370734244,9.553156541,118.772086829,-11.667550204,118.755604185,119.343790527,0.238687581
9,2020-01-01T09:00:00+00:00,reference_provider,108,C29,317,318,true,500,358.727927644,11.072143533,-356.322915453,2.571734078,358.898757917,356.332195982,0.717797516
9,2020-01-01T09:00:00+00:00,reference_provider,109,C30,317,322,true,500,-26.077727672,-21.7461802,26.179405015,-1.490580746,33.955032526,26.221805389,0.067910065
9,2020-01-01T09:00:00+00:00,reference_provider,110,C31-1,318,321,true,500,-27.665643138,-10.004006882,27.688819475,4.382066962,29.41883689,28.033430663,0.058837674
9,2020-01-01T09:00:00+00:00,reference_provider,111,C31-2,318,321,true,500,-27.665643138,-10.004006882,27.688819475,4.382066962,29.41883689,28.033430663,0.058837674
9,2020-01-01T09:00:00+00:00,reference_provider,112,C32-1,319,320,true,500,-43.071396152,-4.803285954,43.15886169,-3.320299446,43.338397784,43.286391982,0.086676796
9,2020-01-01T09:00:00+00:00,reference_provider,113,C32-2,319,320,true,500,-43.071396152,-4.803285954,43.15886169,-3.320299446,43.338397784,43.286391982,0.086676796
9,2020-01-01T09:00:00+00:00,reference_provider,114,C33-1,320,323,true,500,-21.657343184,-4.154392107,21.670631048,-0.654253318,22.052199155,21.680505009,0.044104398
9,2020-01-01T09:00:00+00:00,reference_provider,115,C33-2,320,323,true,500,-21.657343184,-4.154392107,21.670631048,-0.654253318,22.052199155,21.680505009,0.044104398
9,2020-01-01T09:00:00+00:00,reference_provider,116,C34,321,322,true,500,-103.697740662,-18.947153722,104.620592866,10.571058859,105.414496406,105.153296368,0.210828993
9,2020-01-01T09:00:00+00:00,reference_provider,117,CA-1,325,121,true,500,-59.55081915,-13.340265975,59.949243669,-5.38521465,61.026738056,60.190633435,0.122053476
9,2020-01-01T09:00:00+00:00,reference_provider,118,CB-1,318,223,true,500,220.187103188,-21.662106908,-214.205879765,46.334287067,221.250101211,219.159816308,0.442500202
9,2020-01-01T09:00:00+00:00,reference_provider,119,C35,323,325,true,722,-59.550819149,-13.026995522,59.550819149,13.340265975,60.959024546,61.026738054,0.084524568
9,2020-01-01T09:00:00+00:00,distributed_committable,0,A1,101,102,true,175,42.504892738,-26.145576703,-42.45394317,-22.678652337,49.902475769,48.131679406,0.285157004
9,2020-01-01T09:00:00+00:00,distributed_committable,1,A2,101,103,true,175,15.073708755,-6.122992429,-14.951478548,0.52689692,16.269841177,14.960759711,0.092970521
9,2020-01-01T09:00:00+00:00,distributed_committable,2,A3,101,105,true,175,86.694331654,-22.889128116,-85.045242564,26.805318453,89.665039602,89.169604575,0.512371655
9,2020-01-01T09:00:00+00:00,distributed_committable,3,A4,102,104,true,175,50.058247908,-6.683164071,-49.273113145,6.117955419,50.502404553,49.651475885,0.288585169
9,2020-01-01T09:00:00+00:00,distributed_committable,4,A5,102,106,true,175,60.567292659,-21.81885824,-58.671408369,23.498755855,64.377476767,63.202260139,0.367871296
9,2020-01-01T09:00:00+00:00,distributed_committable,5,A6,103,109,true,175,64.390514327,-11.007897499,-63.15587813,12.365179325,65.324667183,64.354973406,0.373283812
9,2020-01-01T09:00:00+00:00,distributed_committable,6,A7,103,124,true,400,-85.931217714,-4.892947972,86.074840313,10.925097159,86.070407909,86.765407179,0.216913518
9,2020-01-01T09:00:00+00:00,distributed_committable,7,A8,104,109,true,175,36.825216059,-12.350637261,-36.444826197,10.879062779,38.841148007,38.033923851,0.221949417
9,2020-01-01T09:00:00+00:00,distributed_committable,8,A9,105,110,true,175,55.543881949,-32.622488193,-54.669409279,33.361598527,64.415445026,64.044832479,0.368088257
9,2020-01-01T09:00:00+00:00,distributed_committable,9,A10,106,110,true,175,2.161759668,-144.207529291,-2.148065259,-125.392192308,144.223731435,125.410589968,0.824135608
9,2020-01-01T09:00:00+00:00,distributed_committable,10,A11,107,108,true,175,-77.522957289,10.49210422,78.525608952,-8.346091851,78.229745991,78.967895442,0.451245117
9,2020-01-01T09:00:00+00:00,distributed_committable,11,AB1,107,203,true,175,25.583941939,-20.879907291,-25.152933603,18.130722457,33.022849871,31.006340733,0.188701999
9,2020-01-01T09:00:00+00:00,distributed_committable,12,A12-1,108,109,true,175,-77.342261785,5.689119697,79.959829243,-0.244002514,77.551218823,79.960201537,0.456915437
9,2020-01-01T09:00:00+00:00,distributed_committable,13,A13-2,108,110,true,175,-72.235920165,-11.885952144,74.535886069,15.996583269,73.207267539,76.233122646,0.435617844
9,2020-01-01T09:00:00+00:00,distributed_committable,14,A14,109,111,true,400,-30.106975723,-14.23582568,30.129365565,15.176199025,33.30298365,33.735673792,0.084339184
9,2020-01-01T09:00:00+00:00,distributed_committable,15,A15,109,112,true,400,-22.966770659,-23.722850335,22.988780115,24.647247483,33.018876155,33.704166207,0.084260416
9,2020-01-01T09:00:00+00:00,distributed_committable,16,A16,110,111,true,400,-52.990613814,34.704369153,53.065601082,-31.554903874,63.343495251,61.738723478,0.158358738
9,2020-01-01T09:00:00+00:00,distributed_committable,17,A17,110,112,true,400,-45.752661634,24.709156442,45.803193558,-22.586815634,51.998542851,51.069528886,0.129996357
9,2020-01-01T09:00:00+00:00,distributed_committable,18,A18,111,113,true,500,5.721485266,-18.901983715,-5.708282829,8.778268954,19.748933693,10.471031405,0.039497867
9,2020-01-01T09:00:00+00:00,distributed_committable,19,A19,111,114,true,500,-88.916451883,35.280688561,89.383023473,-40.207263229,95.660140083,98.00994287,0.196019886
9,2020-01-01T09:00:00+00:00,distributed_committable,20,A20,112,113,true,500,-5.563189899,-1.321643168,5.565845745,-8.964640148,5.718026103,10.551938772,0.021103878
9,2020-01-01T09:00:00+00:00,distributed_committable,21,A21,112,123,true,500,-63.228783776,-0.738788681,63.704562916,-16.370854653,63.23309977,65.774434383,0.131548869
9,2020-01-01T09:00:00+00:00,distributed_committable,22,A22,113,123,true,500,-67.304178387,-0.647499003,67.796426091,-14.219607114,67.307292943,69.27158593,0.138543172
9,2020-01-01T09:00:00+00:00,distributed_committable,23,AB2,113,215,true,500,123.935902928,-21.603784434,-122.425906522,16.634497713,125.804735747,123.550836104,0.251609471
9,2020-01-01T09:00:00+00:00,distributed_committable,24,A23,114,116,true,500,-169.992375171,-25.997318381,171.470461212,35.071437433,171.968800017,175.020355364,0.350040711
9,2020-01-01T09:00:00+00:00,distributed_committable,25,A24,115,116,true,500,161.809373026,42.31557203,-161.282302258,-41.64206985,167.250951672,166.571435135,0.334501903
9,2020-01-01T09:00:00+00:00,distributed_committable,26,A25-1,115,121,true,500,-156.341677188,0.39533423,157.717125666,-0.256066437,156.342177019,157.717333538,0.315434667
9,2020-01-01T09:00:00+00:00,distributed_committable,27,A25-2,115,121,true,500,-156.341677188,0.39533423,157.717125666,-0.256066437,156.342177019,157.717333538,0.315434667
9,2020-01-01T09:00:00+00:00,distributed_committable,28,A26,115,124,true,500,86.571362982,3.08083526,-86.074840062,-10.925097193,86.626164838,86.765406933,0.173530814
9,2020-01-01T09:00:00+00:00,distributed_committable,29,A27,116,117,true,500,-242.535750219,-2.52017493,244.221214275,11.318841724,242.548843361,244.483368923,0.488966738
9,2020-01-01T09:00:00+00:00,distributed_committable,30,A28,116,119,true,500,190.796379563,0.780564856,-189.753003662,2.115494608,190.797976236,189.764795776,0.381595952
9,2020-01-01T09:00:00+00:00,distributed_committable,31,A29,117,118,true,500,-106.835844738,-9.638370108,107.051357353,7.941151691,107.269734312,107.345493624,0.214690987
9,2020-01-01T09:00:00+00:00,distributed_committable,32,A30,117,122,true,500,-137.385369598,-1.680471611,139.879396662,-3.567764001,137.395646818,139.92488896,0.279849778
9,2020-01-01T09:00:00+00:00,distributed_committable,33,A31-1,118,121,true,500,-97.608447105,-18.097988023,97.881502648,14.529136715,99.272081255,98.953950776,0.198544163
9,2020-01-01T09:00:00+00:00,distributed_committable,34,A31-2,118,121,true,500,-97.608447105,-18.097988023,97.881502648,14.529136715,99.272081255,98.953950776,0.198544163
9,2020-01-01T09:00:00+00:00,distributed_committable,35,A32-1,119,120,true,500,75.972654831,-8.744721583,-75.693110727,2.396082098,76.474273045,75.731025485,0.152948546
9,2020-01-01T09:00:00+00:00,distributed_committable,36,A32-2,119,120,true,500,75.972654831,-8.744721583,-75.693110727,2.396082098,76.474273045,75.731025485,0.152948546
9,2020-01-01T09:00:00+00:00,distributed_committable,37,A33-1,120,123,true,500,49.10033492,-7.797739698,-49.029450479,3.567835859,49.715667889,49.159093431,0.099431336
9,2020-01-01T09:00:00+00:00,distributed_committable,38,A33-2,120,123,true,500,49.10033492,-7.797739698,-49.029450479,3.567835859,49.715667889,49.159093431,0.099431336
9,2020-01-01T09:00:00+00:00,distributed_committable,39,A34,121,122,true,500,-155.105237666,8.673323336,157.120603344,-8.986811178,155.347549994,157.37740235,0.314754805
9,2020-01-01T09:00:00+00:00,distributed_committable,40,AB3,123,217,true,500,179.698056307,-23.151359999,-176.547799645,30.43081303,181.183268847,179.151220875,0.362366538
9,2020-01-01T09:00:00+00:00,distributed_committable,41,B1,201,202,true,175,-11.838752625,-13.782649155,11.84580146,-34.15341556,18.169135407,36.149395661,0.206567975
9,2020-01-01T09:00:00+00:00,distributed_committable,42,B2,201,203,true,175,-29.403163521,10.685276983,29.95810528,-14.435163382,31.284519642,33.254503663,0.190025735
9,2020-01-01T09:00:00+00:00,distributed_committable,43,B3,201,205,true,175,13.910340511,-16.238167802,-13.821693729,14.162228536,21.381666603,19.789086251,0.122180952
9,2020-01-01T09:00:00+00:00,distributed_committable,44,B4,202,204,true,175,5.789810294,1.368408843,-5.776046914,-4.82971619,5.949323155,7.52920158,0.043024009
9,2020-01-01T09:00:00+00:00,distributed_committable,45,B5,202,206,true,175,13.435698491,-18.538074405,-13.22824618,13.802046693,22.894938231,19.11760942,0.130828218
9,2020-01-01T09:00:00+00:00,distributed_committable,46,B6,203,209,true,175,35.369083901,-18.873624717,-34.899081607,17.375957338,40.089721949,38.985507441,0.229084125
9,2020-01-01T09:00:00+00:00,distributed_committable,47,B7,203,224,true,400,-116.560214965,-0.523492677,116.834364499,12.037773097,116.561390508,117.452870161,0.293632175
9,2020-01-01T09:00:00+00:00,distributed_committable,48,B8,204,209,true,175,-25.627069724,-1.535780426,25.799605381,-0.698037091,25.673046647,25.809046739,0.147480267
9,2020-01-01T09:00:00+00:00,distributed_committable,49,B9,205,210,true,175,-16.308323583,-20.103358711,16.442790261,18.021190957,25.886414382,24.395259274,0.147922368
9,2020-01-01T09:00:00+00:00,distributed_committable,50,B10,206,210,true,175,-44.485589803,-134.531603141,44.740189453,-133.739190414,141.695871301,141.02430856,0.809690693
9,2020-01-01T09:00:00+00:00,distributed_committable,51,B11,207,208,true,175,-53.045805132,-10.609161026,53.541024341,10.873162981,54.096319096,54.633935981,0.31219392
9,2020-01-01T09:00:00+00:00,distributed_committable,52,B12-1,208,209,true,175,-67.638997375,-2.262550946,69.666285554,5.512598509,67.676828403,69.88404743,0.399337414
9,2020-01-01T09:00:00+00:00,distributed_committable,53,B13-2,208,210,true,175,-58.468688386,-23.463437472,60.184192534,25.382175633,63.000955704,65.317622973,0.37324356
9,2020-01-01T09:00:00+00:00,distributed_committable,54,B14,209,211,true,400,-58.276342831,-18.453169002,58.352392587,21.647258746,61.128157015,62.238296344,0.155595741
9,2020-01-01T09:00:00+00:00,distributed_committable,55,B15,209,212,true,400,-76.554593681,-19.014541632,76.681229422,24.333242765,78.88066054,80.449472647,0.201123682
9,2020-01-01T09:00:00+00:00,distributed_committable,56,B16,210,211,true,400,-92.517704907,36.719450768,92.702871506,-28.942453635,99.538152414,97.115848387,0.248845381
9,2020-01-01T09:00:00+00:00,distributed_committable,57,B17,210,212,true,400,-111.600923345,36.641715414,111.858781082,-25.811690445,117.462255214,114.798215442,0.293655638
9,2020-01-01T09:00:00+00:00,distributed_committable,58,B18,211,213,true,500,-51.864580383,1.787789596,52.025802281,-10.686276236,51.895384091,53.111962897,0.106223926
9,2020-01-01T09:00:00+00:00,distributed_committable,59,B19,211,214,true,500,-99.190683709,5.507405292,99.67848959,-10.388823459,99.343461021,100.218406192,0.200436812
9,2020-01-01T09:00:00+00:00,distributed_committable,60,B20,212,213,true,500,-19.656612779,0.794068176,19.681339762,-10.80181374,19.672645227,22.450708561,0.044901417
9,2020-01-01T09:00:00+00:00,distributed_committable,61,B21,212,223,true,500,-168.883397721,0.684379503,172.24613902,5.282524627,168.884784397,172.327123441,0.344654247
9,2020-01-01T09:00:00+00:00,distributed_committable,62,B22,213,223,true,500,-177.164248917,-1.427697842,180.559273412,9.287924499,177.170001455,180.797999869,0.361596
9,2020-01-01T09:00:00+00:00,distributed_committable,63,B23,214,216,true,500,-182.005579152,6.195180466,183.631541189,4.539844623,182.110985675,183.687650942,0.367375302
9,2020-01-01T09:00:00+00:00,distributed_committable,64,B24,215,216,true,500,49.279010993,-25.079528449,-49.221573189,21.836999969,55.293794152,53.84809964,0.110587588
9,2020-01-01T09:00:00+00:00,distributed_committable,65,B25-1,215,221,true,500,-18.782030903,-7.06183813,18.802690218,-3.433417109,20.065747996,19.113594965,0.040131496
9,2020-01-01T09:00:00+00:00,distributed_committable,66,B25-2,215,221,true,500,-18.782030903,-7.06183813,18.802690218,-3.433417109,20.065747996,19.113594965,0.040131496
9,2020-01-01T09:00:00+00:00,distributed_committable,67,B26,215,224,true,500,117.786795523,7.996536173,-116.834364498,-12.037773097,118.057925572,117.45287016,0.236115851
9,2020-01-01T09:00:00+00:00,distributed_committable,68,B27,216,217,true,500,-107.391757483,16.711057331,107.735710439,-19.438304816,108.684170938,109.475252901,0.218950506
9,2020-01-01T09:00:00+00:00,distributed_committable,69,B28,216,219,true,500,-1.617560345,-18.943967634,1.625397136,13.89261362,19.012901178,13.987373915,0.038025802
9,2020-01-01T09:00:00+00:00,distributed_committable,70,B29,217,218,true,500,106.224208631,2.325501087,-106.006167373,-3.900664545,106.249660962,106.077908656,0.212499322
9,2020-01-01T09:00:00+00:00,distributed_committable,71,B30,217,222,true,500,-37.412119426,-13.318009301,37.601665324,-8.340150317,39.711913221,38.515494836,0.079423826
9,2020-01-01T09:00:00+00:00,distributed_committable,72,B31-1,218,221,true,500,-17.653928749,-12.478126723,17.665699777,6.891444076,21.618622685,18.962303396,0.043237245
9,2020-01-01T09:00:00+00:00,distributed_committable,73,B31-2,218,221,true,500,-17.653928749,-12.478126723,17.665699777,6.891444076,21.618622685,18.962303396,0.043237245
9,2020-01-01T09:00:00+00:00,distributed_committable,74,B32-1,219,220,true,500,-39.217861481,-14.79708597,39.296530226,6.684487406,41.916517178,39.861004249,0.083833034
9,2020-01-01T09:00:00+00:00,distributed_committable,75,B32-2,219,220,true,500,-39.217861481,-14.79708597,39.296530226,6.684487406,41.916517178,39.861004249,0.083833034
9,2020-01-01T09:00:00+00:00,distributed_committable,76,B33-1,220,223,true,500,-66.455982452,-12.20125114,66.583731501,8.244766789,67.566767963,67.09224605,0.135133536
9,2020-01-01T09:00:00+00:00,distributed_committable,77,B33-2,220,223,true,500,-66.455982452,-12.20125114,66.583731501,8.244766789,67.566767963,67.09224605,0.135133536
9,2020-01-01T09:00:00+00:00,distributed_committable,78,B34,221,222,true,500,-72.936779992,-6.916053933,73.398334676,-4.433146225,73.263945277,73.532090401,0.147064181
9,2020-01-01T09:00:00+00:00,distributed_committable,79,C1,301,302,true,175,9.792827175,-27.176430054,-9.789839048,-21.251290762,28.88698348,23.397826985,0.165068477
9,2020-01-01T09:00:00+00:00,distributed_committable,80,C2,301,303,true,175,-37.957187752,11.599716899,38.822875284,-14.232266593,39.690068457,41.349402145,0.236282298
9,2020-01-01T09:00:00+00:00,distributed_committable,81,C3,301,305,true,175,-33.933076942,2.927235141,34.177760232,-4.40848915,34.059101814,34.460906416,0.196919465
9,2020-01-01T09:00:00+00:00,distributed_committable,82,C4,302,304,true,175,-26.283173205,14.980420288,26.588372577,-17.338779088,30.252573208,31.742319017,0.18138468
9,2020-01-01T09:00:00+00:00,distributed_committable,83,C5,302,306,true,175,-19.69968626,-5.228654992,19.887288659,0.404299026,20.381768122,19.891397837,0.116467246
9,2020-01-01T09:00:00+00:00,distributed_committable,84,C6,303,309,true,175,-20.388798257,-0.569377203,20.513265842,-2.292501191,20.396746916,20.640969871,0.117948399
9,2020-01-01T09:00:00+00:00,distributed_committable,85,C7,303,324,true,400,-118.329806221,-6.472478316,118.608492295,18.177293412,118.506691861,119.99328498,0.299983212
9,2020-01-01T09:00:00+00:00,distributed_committable,86,C8,304,309,true,175,-69.136616804,8.714134988,70.420015308,-6.677410833,69.683627429,70.735891678,0.404205095
9,2020-01-01T09:00:00+00:00,distributed_committable,87,C9,305,310,true,175,-75.001075638,-3.641178677,76.223503733,5.723977069,75.089410233,76.438121607,0.436789266
9,2020-01-01T09:00:00+00:00,distributed_committable,88,C10,306,310,true,175,-98.084061833,-124.671542813,99.338186926,-138.408870979,158.6299996,170.36751729,0.97352867
9,2020-01-01T09:00:00+00:00,distributed_committable,89,C11,307,308,true,175,-71.872034167,-14.374406833,72.804207541,16.331508219,73.295380939,74.61347597,0.42636272
9,2020-01-01T09:00:00+00:00,distributed_committable,90,C12-1,308,309,true,175,-62.004208627,-9.313227168,63.748695392,11.48643706,62.699745516,64.775260714,0.370144347
9,2020-01-01T09:00:00+00:00,distributed_committable,91,C13-2,308,310,true,175,-56.220941654,-27.142450617,57.915815091,29.004847198,62.430016066,64.772855415,0.370130602
9,2020-01-01T09:00:00+00:00,distributed_committable,92,C14,309,311,true,400,-104.292110849,-7.396545581,104.513227868,16.683460404,104.554068653,105.836442923,0.264591107
9,2020-01-01T09:00:00+00:00,distributed_committable,93,C15,309,312,true,400,-120.310713526,-15.819125296,120.608560381,28.328693231,121.346250515,123.890837827,0.309727095
9,2020-01-01T09:00:00+00:00,distributed_committable,94,C16,310,311,true,400,-130.98376833,44.560648777,131.341518504,-29.535141505,138.356058723,134.621391564,0.345890147
9,2020-01-01T09:00:00+00:00,distributed_committable,95,C17,310,312,true,400,-147.81411072,36.120347001,148.246827481,-17.946243029,152.16336877,149.329131441,0.380408422
9,2020-01-01T09:00:00+00:00,distributed_committable,96,C18,311,313,true,500,-188.32824671,-0.911923926,190.429677604,7.457728816,188.330454558,190.575653827,0.381151308
9,2020-01-01T09:00:00+00:00,distributed_committable,97,C19,311,314,true,500,-47.526499662,13.763605026,47.654356571,-21.560998133,49.479339056,52.305012577,0.104610025
9,2020-01-01T09:00:00+00:00,distributed_committable,98,C20,312,313,true,500,-161.56898291,11.586956887,163.104975947,-9.652151065,161.98393071,163.390321619,0.326780643
9,2020-01-01T09:00:00+00:00,distributed_committable,99,C21,312,323,true,500,-48.286404952,-21.969407089,48.573290967,2.998592591,53.049333182,48.665759553,0.106098666
9,2020-01-01T09:00:00+00:00,distributed_committable,100,C22,313,323,true,500,36.996634015,-28.854296511,-36.812087881,11.141770149,46.918241182,38.461264361,0.093836482
9,2020-01-01T09:00:00+00:00,distributed_committable,101,C23,314,316,true,500,6.000246402,-50.862697945,-5.889506887,43.717393337,51.215398067,44.112319952,0.102430796
9,2020-01-01T09:00:00+00:00,distributed_committable,102,C24,315,316,true,500,-142.79879157,-13.109771048,143.190231927,12.644933542,143.399306033,143.747476025,0.287494952
9,2020-01-01T09:00:00+00:00,distributed_committable,103,C25-1,315,321,true,500,-26.399920174,-15.34478378,26.4454725,4.851786167,30.535523157,26.886852638,0.061071046
9,2020-01-01T09:00:00+00:00,distributed_committable,104,C25-2,315,321,true,500,-26.399920174,-15.34478378,26.4454725,4.851786167,30.535523157,26.886852638,0.061071046
9,2020-01-01T09:00:00+00:00,distributed_committable,105,C26,315,324,true,500,13.331153447,7.000857102,-13.308492302,-18.177293413,15.057611112,22.52842567,0.045056851
9,2020-01-01T09:00:00+00:00,distributed_committable,106,C27,316,317,true,500,-120.260026273,-12.467391255,120.672546661,10.185233968,120.904548152,121.101620587,0.242203241
9,2020-01-01T09:00:00+00:00,distributed_committable,107,C28,316,319,true,500,-107.089302304,8.209467305,107.417668096,-10.883197438,107.403510284,107.967584976,0.21593517
9,2020-01-01T09:00:00+00:00,distributed_committable,108,C29,317,318,true,500,353.158760317,11.04785105,-350.827871332,2.076780185,353.331522797,350.83401819,0.706663046
9,2020-01-01T09:00:00+00:00,distributed_committable,109,C30,317,322,true,500,-26.191306377,-21.233085046,26.292459436,-1.997104652,33.716886427,26.368197705,0.067433773
9,2020-01-01T09:00:00+00:00,distributed_committable,110,C31-1,318,321,true,500,-25.328894427,-9.916567636,25.348513585,4.263201275,27.200941281,25.704513729,0.054401883
9,2020-01-01T09:00:00+00:00,distributed_committable,111,C31-2,318,321,true,500,-25.328894427,-9.916567636,25.348513585,4.263201275,27.200941281,25.704513729,0.054401883
9,2020-01-01T09:00:00+00:00,distributed_committable,112,C32-1,319,320,true,500,-37.394186784,-5.195462338,37.460147217,-3.097646607,37.753384407,37.588003991,0.075506769
9,2020-01-01T09:00:00+00:00,distributed_committable,113,C32-2,319,320,true,500,-37.394186784,-5.195462338,37.460147217,-3.097646607,37.753384407,37.588003991,0.075506769
9,2020-01-01T09:00:00+00:00,distributed_committable,114,C33-1,320,323,true,500,-15.95862871,-4.377044946,15.965907104,-0.472948239,16.548001473,15.972910496,0.033096003
9,2020-01-01T09:00:00+00:00,distributed_committable,115,C33-2,320,323,true,500,-15.95862871,-4.377044946,15.965907104,-0.472948239,16.548001473,15.972910496,0.033096003
9,2020-01-01T09:00:00+00:00,distributed_committable,116,C34,321,322,true,500,-103.58797081,-18.22997503,104.507539147,9.836092029,105.179844486,104.96939766,0.210359689
9,2020-01-01T09:00:00+00:00,distributed_committable,117,CA-1,325,121,true,500,-43.693017292,-13.370202461,43.907981217,-6.771305257,45.692910543,44.427034444,0.091385821
9,2020-01-01T09:00:00+00:00,distributed_committable,118,CB-1,318,223,true,500,210.018561527,-21.342031502,-204.577731862,41.714840421,211.100162232,208.787394939,0.422200324
9,2020-01-01T09:00:00+00:00,distributed_committable,119,C35,323,325,true,722,-43.693017295,-13.194466262,43.693017295,13.370202461,45.641797732,45.692910546,0.06328658
10,2020-01-01T10:00:00+00:00,reference_provider,0,A1,101,102,true,175,47.787789716,-26.999767325,-47.724606155,-22.723830219,54.887706105,52.858400396,0.313644035
10,2020-01-01T10:00:00+00:00,reference_provider,1,A2,101,103,true,175,31.620004534,-4.320250599,-31.112951477,0.146421035,31.913778403,31.113296012,0.182364448
10,2020-01-01T10:00:00+00:00,reference_provider,2,A3,101,105,true,175,104.092552129,-19.229974305,-101.832350905,25.472867235,105.853914998,104.969970258,0.604879514
10,2020-01-01T10:00:00+00:00,reference_provider,3,A4,102,104,true,175,64.53048672,-4.143898534,-63.261018472,5.395503186,64.663402411,63.490691544,0.369505157
10,2020-01-01T10:00:00+00:00,reference_provider,4,A5,102,106,true,175,72.212023096,-19.293918189,-69.681243819,23.347481261,74.745110601,73.488642806,0.427114918
10,2020-01-01T10:00:00+00:00,reference_provider,5,A6,103,109,true,175,63.570001622,-11.065534183,-62.363522398,12.319930177,64.525895213,63.568778543,0.368719401
10,2020-01-01T10:00:00+00:00,reference_provider,6,A7,103,124,true,400,-60.389806183,-4.052064483,60.460954297,7.040285272,60.525597208,60.869471915,0.15217368
10,2020-01-01T10:00:00+00:00,reference_provider,7,A8,104,109,true,175,51.618663217,-11.464899524,-50.910371816,11.24835266,52.876557314,52.138195174,0.302151756
10,2020-01-01T10:00:00+00:00,reference_provider,8,A9,105,110,true,175,73.103874916,-31.13763715,-71.774647995,33.60578755,79.45897668,79.252438774,0.454051295
10,2020-01-01T10:00:00+00:00,reference_provider,9,A10,106,110,true,175,14.652050372,-144.161184101,-14.612935129,-125.831537364,144.903863239,126.677202639,0.828022076
10,2020-01-01T10:00:00+00:00,reference_provider,10,A11,107,108,true,175,-80.496908479,11.2234023,81.579506232,-8.772216885,81.275562341,82.049787484,0.468855928
10,2020-01-01T10:00:00+00:00,reference_provider,11,AB1,107,203,true,175,29.918605672,-21.339062861,-29.376764913,19.019429386,36.748858066,34.996185663,0.209993475
10,2020-01-01T10:00:00+00:00,reference_provider,12,A12-1,108,109,true,175,-76.461954673,5.726845189,79.021389255,-0.501509341,76.676119283,79.022980654,0.451559889
10,2020-01-01T10:00:00+00:00,reference_provider,13,A13-2,108,110,true,175,-74.308669799,-11.11655309,76.734226869,15.709313974,75.135585177,78.32575642,0.447575751
10,2020-01-01T10:00:00+00:00,reference_provider,14,A14,109,111,true,400,-20.256245371,-14.52566958,20.26880448,15.053152144,24.926101847,25.247214193,0.063118035
10,2020-01-01T10:00:00+00:00,reference_provider,15,A15,109,112,true,400,-16.300873595,-23.107655126,16.31703829,23.786572325,28.278652821,28.845220775,0.072113052
10,2020-01-01T10:00:00+00:00,reference_provider,16,A16,110,111,true,400,-36.620784061,34.655670111,36.668293035,-32.660293188,50.419215544,49.104566644,0.126048039
10,2020-01-01T10:00:00+00:00,reference_provider,17,A17,110,112,true,400,-32.62801206,25.675708831,32.660228513,-24.322617822,41.519022086,40.721987479,0.103797555
10,2020-01-01T10:00:00+00:00,reference_provider,18,A18,111,113,true,500,6.35968982,-16.505614895,-6.349576515,6.384525385,17.688441923,9.004403717,0.035376884
10,2020-01-01T10:00:00+00:00,reference_provider,19,A19,111,114,true,500,-63.296787334,34.112755938,63.567448589,-40.661384234,71.903848329,75.459715663,0.150919431
10,2020-01-01T10:00:00+00:00,reference_provider,20,A20,112,113,true,500,0.709950723,-0.921821947,-0.708880721,-9.343547979,1.163522983,9.370400243,0.0187408
10,2020-01-01T10:00:00+00:00,reference_provider,21,A21,112,123,true,500,-49.687217506,1.457867442,49.9915234,-19.807302639,49.708600473,53.772499009,0.107544998
10,2020-01-01T10:00:00+00:00,reference_provider,22,A22,113,123,true,500,-55.625851351,1.74125452,55.97096167,-17.630655533,55.653097899,58.682097481,0.117364195
10,2020-01-01T10:00:00+00:00,reference_provider,23,AB2,113,215,true,500,122.558306661,-20.63205874,-121.078034495,15.512165784,124.282824153,122.067676821,0.248565648
10,2020-01-01T10:00:00+00:00,reference_provider,24,A23,114,116,true,500,-142.064974545,-25.1188837,143.106725912,29.103739072,144.268552744,146.036168908,0.292072338
10,2020-01-01T10:00:00+00:00,reference_provider,25,A24,115,116,true,500,165.884753091,28.083069422,-165.344704993,-27.252309607,168.245089368,167.575534754,0.336490179
10,2020-01-01T10:00:00+00:00,reference_provider,26,A25-1,115,121,true,500,-110.81627694,-6.352525772,111.516477823,1.143632317,110.998206376,111.522341802,0.223044684
10,2020-01-01T10:00:00+00:00,reference_provider,27,A25-2,115,121,true,500,-110.81627694,-6.352525772,111.516477823,1.143632317,110.998206376,111.522341802,0.223044684
10,2020-01-01T10:00:00+00:00,reference_provider,28,A26,115,124,true,500,60.70676645,-2.545330563,-60.460954296,-7.040285273,60.760103691,60.869471914,0.121738944
10,2020-01-01T10:00:00+00:00,reference_provider,29,A27,116,117,true,500,-170.384763704,-12.787731304,171.228021106,14.348534765,170.863962772,171.82815736,0.343656315
10,2020-01-01T10:00:00+00:00,reference_provider,30,A28,116,119,true,500,152.160100584,2.843773388,-151.489029602,-2.751421002,152.186672402,151.514013897,0.304373345
10,2020-01-01T10:00:00+00:00,reference_provider,31,A29,117,118,true,500,-104.245813094,-1.363697811,104.452092015,-0.359757535,104.254732359,104.452711558,0.208905423
10,2020-01-01T10:00:00+00:00,reference_provider,32,A30,117,122,true,500,-66.982208008,-12.984836954,67.578593404,-6.119029424,68.229188624,67.855057347,0.136458377
10,2020-01-01T10:00:00+00:00,reference_provider,33,A31-1,118,121,true,500,-89.746345345,-13.577419596,89.97796689,9.73450682,90.76757585,90.503011821,0.181535152
10,2020-01-01T10:00:00+00:00,reference_provider,34,A31-2,118,121,true,500,-89.746345345,-13.577419596,89.97796689,9.73450682,90.76757585,90.503011821,0.181535152
10,2020-01-01T10:00:00+00:00,reference_provider,35,A32-1,119,120,true,500,61.175823587,-6.109878315,-60.993261168,-0.928035918,61.480175704,61.000320971,0.122960351
10,2020-01-01T10:00:00+00:00,reference_provider,36,A32-2,119,120,true,500,61.175823587,-6.109878315,-60.993261168,-0.928035918,61.480175704,61.000320971,0.122960351
10,2020-01-01T10:00:00+00:00,reference_provider,37,A33-1,120,123,true,500,35.097170148,-4.332107574,-35.0608919,-0.099817772,35.363519458,35.061033989,0.070727039
10,2020-01-01T10:00:00+00:00,reference_provider,38,A33-2,120,123,true,500,35.097170148,-4.332107574,-35.0608919,-0.099817772,35.363519458,35.061033989,0.070727039
10,2020-01-01T10:00:00+00:00,reference_provider,39,A34,121,122,true,500,-48.027248866,-8.267167946,48.221406594,-5.526741676,48.733589028,48.537088164,0.097467178
10,2020-01-01T10:00:00+00:00,reference_provider,40,AB3,123,217,true,500,166.159298654,-26.678709428,-163.419914939,31.053042771,168.287450708,166.344101381,0.336574901
10,2020-01-01T10:00:00+00:00,reference_provider,41,B1,201,202,true,175,-5.100295503,-15.142309935,5.103303633,-32.783433247,15.978190273,33.178264021,0.18959008
10,2020-01-01T10:00:00+00:00,reference_provider,42,B2,201,203,true,175,-32.562809435,12.04004049,33.242014756,-15.306357271,34.717418298,36.596668126,0.209123818
10,2020-01-01T10:00:00+00:00,reference_provider,43,B3,201,205,true,175,11.602519376,-16.015166731,-11.527665614,13.886688682,19.77635005,18.047913926,0.113007715
10,2020-01-01T10:00:00+00:00,reference_provider,44,B4,202,204,true,175,3.312179076,1.906702435,-3.30440917,-5.389292729,3.8217855,6.321676683,0.036123867
10,2020-01-01T10:00:00+00:00,reference_provider,45,B5,202,206,true,175,11.382880268,-18.353713975,-11.202590058,13.513775748,21.596962283,17.553351787,0.123411213
10,2020-01-01T10:00:00+00:00,reference_provider,46,B6,203,209,true,175,37.747047436,-19.758673679,-37.213798195,18.507978095,42.605689476,41.562146591,0.243461083
10,2020-01-01T10:00:00+00:00,reference_provider,47,B7,203,224,true,400,-116.213273213,0.710956511,116.486274161,10.755083292,116.215447898,116.981724575,0.292454311
10,2020-01-01T10:00:00+00:00,reference_provider,48,B8,204,209,true,175,-27.364880938,-0.827455266,27.56178253,-1.310773977,27.377388315,27.5929336,0.157673906
10,2020-01-01T10:00:00+00:00,reference_provider,49,B9,205,210,true,175,-17.898274893,-19.688986811,18.0411875,17.639172957,26.608352933,25.231426218,0.152047731
10,2020-01-01T10:00:00+00:00,reference_provider,50,B10,206,210,true,175,-45.162591761,-134.015003704,45.424817136,-134.283221357,141.420228087,141.758236268,0.810047064
10,2020-01-01T10:00:00+00:00,reference_provider,51,B11,207,208,true,175,-51.806233289,-10.361246658,52.276821156,10.526260611,52.832198894,53.326055476,0.304720317
10,2020-01-01T10:00:00+00:00,reference_provider,52,B12-1,208,209,true,175,-66.408683695,-1.706551818,68.357756742,4.652482866,66.430607322,68.515899641,0.391519427
10,2020-01-01T10:00:00+00:00,reference_provider,53,B13-2,208,210,true,175,-56.739064601,-23.325454114,58.359213982,24.872430538,61.346542375,63.438439904,0.362505371
10,2020-01-01T10:00:00+00:00,reference_provider,54,B14,209,211,true,400,-57.769343862,-18.265514527,57.844115775,21.405934881,60.588168079,61.677838629,0.154194597
10,2020-01-01T10:00:00+00:00,reference_provider,55,B15,209,212,true,400,-73.465123819,-18.504367644,73.582030583,23.414451709,75.75972571,77.217561303,0.193043903
10,2020-01-01T10:00:00+00:00,reference_provider,56,B16,210,211,true,400,-93.128153511,37.495706104,93.316514736,-29.584534672,100.393131999,97.893904888,0.25098283
10,2020-01-01T10:00:00+00:00,reference_provider,57,B17,210,212,true,400,-109.514789038,37.697917105,109.765493427,-27.168332761,115.821509108,113.077769045,0.289553773
10,2020-01-01T10:00:00+00:00,reference_provider,58,B18,211,213,true,500,-47.950366502,2.520098613,48.089356133,-11.578505027,48.016544489,49.463602294,0.098927205
10,2020-01-01T10:00:00+00:00,reference_provider,59,B19,211,214,true,500,-103.210264008,5.658501178,103.738750956,-10.189799057,103.365261245,104.237999092,0.208475998
10,2020-01-01T10:00:00+00:00,reference_provider,60,B20,212,213,true,500,-20.322425924,1.218927819,20.34906768,-11.188699554,20.358948412,23.222221107,0.046444442
10,2020-01-01T10:00:00+00:00,reference_provider,61,B21,212,223,true,500,-163.025098086,2.534953233,166.171206256,1.791466976,163.044805479,166.180862745,0.332361725
10,2020-01-01T10:00:00+00:00,reference_provider,62,B22,213,223,true,500,-170.267638386,0.3869118,173.414853263,5.615379414,170.26807799,173.505745778,0.347011492
10,2020-01-01T10:00:00+00:00,reference_provider,63,B23,214,216,true,500,-184.142025017,10.481729817,185.812722324,0.805817548,184.440104201,185.814469618,0.371628939
10,2020-01-01T10:00:00+00:00,reference_provider,64,B24,215,216,true,500,50.094732806,-25.044034633,-50.035449392,21.836093214,56.006124001,54.59268415,0.112012248
10,2020-01-01T10:00:00+00:00,reference_provider,65,B25-1,215,221,true,500,-17.566480871,-6.912279851,17.584642674,-3.548075941,18.87752269,17.939021737,0.037755045
10,2020-01-01T10:00:00+00:00,reference_provider,66,B25-2,215,221,true,500,-17.566480871,-6.912279851,17.584642674,-3.548075941,18.87752269,17.939021737,0.037755045
10,2020-01-01T10:00:00+00:00,reference_provider,67,B26,215,224,true,500,117.435655803,6.740723481,-116.486274158,-10.755083292,117.628953098,116.981724572,0.235257906
10,2020-01-01T10:00:00+00:00,reference_provider,68,B27,216,217,true,500,-101.241121015,16.971261247,101.54987845,-19.972968608,102.653730047,103.495397425,0.206990795
10,2020-01-01T10:00:00+00:00,reference_provider,69,B28,216,219,true,500,17.01886145,-18.675112121,-17.002899165,13.714865067,25.266607564,21.844818695,0.050533215
10,2020-01-01T10:00:00+00:00,reference_provider,70,B29,217,218,true,500,100.403678633,1.85848605,-100.207808726,-3.571825579,100.420877578,100.271445924,0.200841755
10,2020-01-01T10:00:00+00:00,reference_provider,71,B30,217,222,true,500,-38.53364211,-12.938560219,38.735688392,-8.493912206,40.647852524,39.656022239,0.081295705
10,2020-01-01T10:00:00+00:00,reference_provider,72,B31-1,218,221,true,500,-18.901998378,-12.305382665,18.915078746,6.760322759,22.554555753,20.086865554,0.045109112
10,2020-01-01T10:00:00+00:00,reference_provider,73,B31-2,218,221,true,500,-18.901998378,-12.305382665,18.915078746,6.760322759,22.554555753,20.086865554,0.045109112
10,2020-01-01T10:00:00+00:00,reference_provider,74,B32-1,219,220,true,500,-29.006263317,-14.52475506,29.051700745,6.205678463,32.439664319,29.707099511,0.064879329
10,2020-01-01T10:00:00+00:00,reference_provider,75,B32-2,219,220,true,500,-29.006263317,-14.52475506,29.051700745,6.205678463,32.439664319,29.707099511,0.064879329
10,2020-01-01T10:00:00+00:00,reference_provider,76,B33-1,220,223,true,500,-55.576492188,-11.593526725,55.667000481,7.402136278,56.772848668,56.156981436,0.113545697
10,2020-01-01T10:00:00+00:00,reference_provider,77,B33-2,220,223,true,500,-55.576492188,-11.593526725,55.667000481,7.402136278,56.772848668,56.156981436,0.113545697
10,2020-01-01T10:00:00+00:00,reference_provider,78,B34,221,222,true,500,-72.99944284,-6.424493636,73.464311606,-4.817307004,73.281599146,73.62208586,0.147244172
10,2020-01-01T10:00:00+00:00,reference_provider,79,C1,301,302,true,175,7.663740247,-26.462024403,-7.661901601,-21.796984345,27.549440105,23.104399206,0.157425372
10,2020-01-01T10:00:00+00:00,reference_provider,80,C2,301,303,true,175,-33.662965983,9.838731717,34.344665014,-13.15905649,35.071297674,36.779298289,0.210167419
10,2020-01-01T10:00:00+00:00,reference_provider,81,C3,301,305,true,175,-37.994447128,3.587544507,38.302624761,-4.815879163,38.163444396,38.604193499,0.220595391
10,2020-01-01T10:00:00+00:00,reference_provider,82,C4,302,304,true,175,-27.549514926,14.799706215,27.875338983,-17.068181558,31.273104686,32.685736111,0.186775635
10,2020-01-01T10:00:00+00:00,reference_provider,83,C5,302,306,true,175,-22.264382255,-4.853402031,22.50324945,0.241595733,22.787238281,22.504546303,0.13021279
10,2020-01-01T10:00:00+00:00,reference_provider,84,C6,303,309,true,175,-31.94750846,1.506640036,32.255987732,-3.658877884,31.983015196,32.462842327,0.185501956
10,2020-01-01T10:00:00+00:00,reference_provider,85,C7,303,324,true,400,-106.653277954,-10.271341843,106.88166515,19.863604078,107.146731922,108.711789205,0.271779473
10,2020-01-01T10:00:00+00:00,reference_provider,86,C8,304,309,true,175,-71.72285558,8.180171437,73.102410079,-5.770495389,72.187832889,73.329809603,0.419027483
10,2020-01-01T10:00:00+00:00,reference_provider,87,C9,305,310,true,175,-80.372539335,-3.479596949,81.77979163,6.272977598,80.447825788,82.020025403,0.468685859
10,2020-01-01T10:00:00+00:00,reference_provider,88,C10,306,310,true,175,-103.087874548,-124.776933786,104.474350562,-137.451987669,161.852998377,172.649757716,0.986570044
10,2020-01-01T10:00:00+00:00,reference_provider,89,C11,307,308,true,175,-74.066751008,-14.813350202,75.056145057,16.986339634,75.53356174,76.954276327,0.439738722
10,2020-01-01T10:00:00+00:00,reference_provider,90,C12-1,308,309,true,175,-57.901079956,-10.381924901,59.429360045,11.719730722,58.824479808,60.573929405,0.346136739
10,2020-01-01T10:00:00+00:00,reference_provider,91,C13-2,308,310,true,175,-53.978380482,-27.343105016,55.563655531,28.780399015,60.508767558,62.575004462,0.357571454
10,2020-01-01T10:00:00+00:00,reference_provider,92,C14,309,311,true,400,-109.214020268,-10.226709562,109.457276229,20.443459909,109.691785524,111.35003535,0.278375088
10,2020-01-01T10:00:00+00:00,reference_provider,93,C15,309,312,true,400,-131.86718899,-13.394872179,132.22236772,28.312378825,132.545758638,135.219618843,0.338049047
10,2020-01-01T10:00:00+00:00,reference_provider,94,C16,310,311,true,400,-131.726097658,40.81167088,132.08151094,-25.884313031,137.903434636,134.5939196,0.344758587
10,2020-01-01T10:00:00+00:00,reference_provider,95,C17,310,312,true,400,-155.335831635,37.885579853,155.813604447,-17.819121747,159.889142066,156.829207836,0.399722855
10,2020-01-01T10:00:00+00:00,reference_provider,96,C18,311,313,true,500,-225.268456119,10.887949864,228.270286154,2.81566067,225.531427465,228.287650752,0.456575302
10,2020-01-01T10:00:00+00:00,reference_provider,97,C19,311,314,true,500,-16.270330932,-5.447096751,16.283360506,-3.425146957,17.157929119,16.639695341,0.034315858
10,2020-01-01T10:00:00+00:00,reference_provider,98,C20,312,313,true,500,-186.559316589,12.722529138,188.606182731,-6.70952731,186.992623795,188.725488266,0.377450977
10,2020-01-01T10:00:00+00:00,reference_provider,99,C21,312,323,true,500,-35.476655546,-23.215786218,35.642339784,3.303305273,42.397710062,35.795086409,0.08479542
10,2020-01-01T10:00:00+00:00,reference_provider,100,C22,313,323,true,500,65.602019022,-28.102969795,-65.111503455,12.808948523,71.368072772,66.359453317,0.142736146
10,2020-01-01T10:00:00+00:00,reference_provider,101,C23,314,316,true,500,40.565042202,-40.292022023,-40.420755416,33.452948648,57.174904351,52.468440434,0.114349809
10,2020-01-01T10:00:00+00:00,reference_provider,102,C24,315,316,true,500,-151.036759738,-16.714184253,151.475579637,16.644061295,151.958766603,152.387256695,0.304774513
10,2020-01-01T10:00:00+00:00,reference_provider,103,C25-1,315,321,true,500,-18.195940201,-14.905993398,18.220023288,4.230873545,23.521923369,18.704799907,0.047043847
10,2020-01-01T10:00:00+00:00,reference_provider,104,C25-2,315,321,true,500,-18.195940201,-14.905993398,18.220023288,4.230873545,23.521923369,18.704799907,0.047043847
10,2020-01-01T10:00:00+00:00,reference_provider,105,C26,315,324,true,500,-0.404639867,8.603994519,0.418334753,-19.863604075,8.613504229,19.868008728,0.039736017
10,2020-01-01T10:00:00+00:00,reference_provider,106,C27,316,317,true,500,-47.944824147,-12.216731938,48.012236718,6.941404947,49.476809736,48.511421102,0.098953619
10,2020-01-01T10:00:00+00:00,reference_provider,107,C28,316,319,true,500,-160.363400845,24.047288036,161.110304285,-23.518924478,162.156382521,162.817904284,0.325635809
10,2020-01-01T10:00:00+00:00,reference_provider,108,C29,317,318,true,500,270.698043949,10.06085437,-269.32494222,-3.637987685,270.884941975,269.349511706,0.541769884
10,2020-01-01T10:00:00+00:00,reference_provider,109,C30,317,322,true,500,-37.972281024,-17.002259277,38.16458372,-5.44206645,41.60493897,38.550636022,0.083209878
10,2020-01-01T10:00:00+00:00,reference_provider,110,C31-1,318,321,true,500,-32.626167715,-8.085874815,32.657153356,2.530197452,33.613214533,32.7550235,0.067226429
10,2020-01-01T10:00:00+00:00,reference_provider,111,C31-2,318,321,true,500,-32.626167715,-8.085874815,32.657153356,2.530197452,33.613214533,32.7550235,0.067226429
10,2020-01-01T10:00:00+00:00,reference_provider,112,C32-1,319,320,true,500,-64.729479936,0.797583105,64.928363551,-8.018022784,64.734393576,65.421564356,0.130843129
10,2020-01-01T10:00:00+00:00,reference_provider,113,C32-2,319,320,true,500,-64.729479936,0.797583105,64.928363551,-8.018022784,64.734393576,65.421564356,0.130843129
10,2020-01-01T10:00:00+00:00,reference_provider,114,C33-1,320,323,true,500,-37.100540093,0.315080687,37.139597325,-4.921433424,37.101877999,37.464252247,0.074928504
10,2020-01-01T10:00:00+00:00,reference_provider,115,C33-2,320,323,true,500,-37.100540093,0.315080687,37.139597325,-4.921433424,37.101877999,37.464252247,0.074928504
10,2020-01-01T10:00:00+00:00,reference_provider,116,C34,321,322,true,500,-101.754353276,-13.522141994,102.635416417,4.887907269,102.64890031,102.751741302,0.205503483
10,2020-01-01T10:00:00+00:00,reference_provider,117,CA-1,325,121,true,500,-44.810030874,-6.442526146,45.038359471,-13.379524529,45.270796438,46.983672701,0.093967345
10,2020-01-01T10:00:00+00:00,reference_provider,118,CB-1,318,223,true,500,137.263453405,-20.482575259,-134.935381059,16.044841542,138.783253781,135.885959545,0.277566508
10,2020-01-01T10:00:00+00:00,reference_provider,119,C35,323,325,true,722,-44.810030881,-6.269386957,44.810030881,6.442526151,45.246481414,45.270796445,0.062701934
10,2020-01-01T10:00:00+00:00,distributed_committable,0,A1,101,102,true,175,41.124584556,-27.116201178,-41.078030101,-22.976328424,49.259718038,47.067145918,0.281484103
10,2020-01-01T10:00:00+00:00,distributed_committable,1,A2,101,103,true,175,36.710047466,-3.067772653,-36.031460844,-0.455921042,36.838007736,36.034345208,0.210502901
10,2020-01-01T10:00:00+00:00,distributed_committable,2,A3,101,105,true,175,105.665713734,-17.715442301,-103.362285498,24.114849015,107.140468334,106.138061064,0.612231248
10,2020-01-01T10:00:00+00:00,distributed_committable,3,A4,102,104,true,175,66.94662703,-2.905457686,-65.589864766,4.478209183,67.009645239,65.742563971,0.382912259
10,2020-01-01T10:00:00+00:00,distributed_committable,4,A5,102,106,true,175,73.698676898,-18.233071691,-71.099290885,22.529452784,75.920615645,74.583412412,0.433832089
10,2020-01-01T10:00:00+00:00,distributed_committable,5,A6,103,109,true,175,58.147221324,-11.134260748,-57.129993548,11.66870002,59.203641021,58.309473698,0.33830652
10,2020-01-01T10:00:00+00:00,distributed_committable,6,A7,103,124,true,400,-50.048516465,-3.380995845,50.09754142,5.440043959,50.162586987,50.392040389,0.125980101
10,2020-01-01T10:00:00+00:00,distributed_committable,7,A8,104,109,true,175,53.947509589,-10.547605533,-53.182314935,10.548189186,54.968952813,54.218289506,0.314108302
10,2020-01-01T10:00:00+00:00,distributed_committable,8,A9,105,110,true,175,74.633809625,-29.779618949,-73.277099916,32.349319235,80.35565471,80.100011405,0.45917517
10,2020-01-01T10:00:00+00:00,distributed_committable,9,A10,106,110,true,175,16.070097507,-143.485663178,-16.027452296,-126.666891116,144.382767571,127.676859814,0.825044386
10,2020-01-01T10:00:00+00:00,distributed_committable,10,A11,107,108,true,175,-76.521877363,10.09136008,77.496958009,-8.05212947,77.184410753,77.914153334,0.445223733
10,2020-01-01T10:00:00+00:00,distributed_committable,11,AB1,107,203,true,175,25.943574557,-20.207020641,-25.51567008,17.447331222,32.884536549,30.910496379,0.187911637
10,2020-01-01T10:00:00+00:00,distributed_committable,12,A12-1,108,109,true,175,-73.879208321,5.256868596,76.264651563,-0.700056749,74.065998201,76.267864513,0.435816369
10,2020-01-01T10:00:00+00:00,distributed_committable,13,A13-2,108,110,true,175,-72.808867928,-11.366663913,75.138161761,15.587514314,73.690788416,76.737956418,0.438502608
10,2020-01-01T10:00:00+00:00,distributed_committable,14,A14,109,111,true,400,-18.826841104,-13.890467041,18.837913806,14.355520528,23.396474533,23.684340105,0.05921085
10,2020-01-01T10:00:00+00:00,distributed_committable,15,A15,109,112,true,400,-17.935125847,-22.192916637,17.951595362,22.884636289,28.534089928,29.085500754,0.072713752
10,2020-01-01T10:00:00+00:00,distributed_committable,16,A16,110,111,true,400,-32.781571512,35.596371852,32.825335903,-33.758267456,48.391457095,47.08633877,0.120978643
10,2020-01-01T10:00:00+00:00,distributed_committable,17,A17,110,112,true,400,-31.954190363,26.948628808,31.986845438,-25.577115668,41.800704257,40.955428541,0.104501761
10,2020-01-01T10:00:00+00:00,distributed_committable,18,A18,111,113,true,500,-0.859000803,-14.791961295,0.864646116,4.65772579,14.816882308,4.737301177,0.029633765
10,2020-01-01T10:00:00+00:00,distributed_committable,19,A19,111,114,true,500,-50.804248904,34.194708222,51.005348257,-41.304370168,61.240099421,65.632282802,0.131264566
10,2020-01-01T10:00:00+00:00,distributed_committable,20,A20,112,113,true,500,-1.18464181,-0.147889838,1.186177285,-10.089739141,1.193837351,10.159224994,0.02031845
10,2020-01-01T10:00:00+00:00,distributed_committable,21,A21,112,123,true,500,-48.753798604,2.840369177,49.05200934,-21.165869674,48.836467679,53.423718135,0.106847436
10,2020-01-01T10:00:00+00:00,distributed_committable,22,A22,113,123,true,500,-53.538928821,2.801411694,53.86301308,-18.786896915,53.612170323,57.045347521,0.114090695
10,2020-01-01T10:00:00+00:00,distributed_committable,23,AB2,113,215,true,500,111.362104004,-19.219225191,-110.137309012,12.235536373,113.00839272,110.814868978,0.226016785
10,2020-01-01T10:00:00+00:00,distributed_committable,24,A23,114,116,true,500,-129.502874207,-24.475955283,130.37402079,26.488866916,131.795549299,133.03775918,0.266075518
10,2020-01-01T10:00:00+00:00,distributed_committable,25,A24,115,116,true,500,129.02968455,24.679837815,-128.697045206,-25.584018307,131.368770603,131.21536281,0.262737541
10,2020-01-01T10:00:00+00:00,distributed_committable,26,A25-1,115,121,true,500,-120.034527642,-5.920633463,120.863074417,1.845686865,120.180454845,120.877166237,0.241754332
10,2020-01-01T10:00:00+00:00,distributed_committable,27,A25-2,115,121,true,500,-120.034527642,-5.920633463,120.863074417,1.845686865,120.180454845,120.877166237,0.241754332
10,2020-01-01T10:00:00+00:00,distributed_committable,28,A26,115,124,true,500,50.267131888,-4.632633502,-50.097541388,-5.440043964,50.480152946,50.392040359,0.100960306
10,2020-01-01T10:00:00+00:00,distributed_committable,29,A27,116,117,true,500,-166.967855719,-12.192881484,167.782627454,13.544790749,167.412458325,168.328462929,0.336656926
10,2020-01-01T10:00:00+00:00,distributed_committable,30,A28,116,119,true,500,124.82823872,3.195504387,-124.373310058,-4.730491273,124.869133216,124.46323876,0.249738266
10,2020-01-01T10:00:00+00:00,distributed_committable,31,A29,117,118,true,500,-101.265249579,-0.843145319,101.461248195,-0.930291713,101.268759577,101.465512998,0.202931026
10,2020-01-01T10:00:00+00:00,distributed_committable,32,A30,117,122,true,500,-66.517377732,-12.701645442,67.109491588,-6.268798899,67.719224281,67.401644645,0.135438449
10,2020-01-01T10:00:00+00:00,distributed_committable,33,A31-1,118,121,true,500,-88.250923375,-13.292152504,88.476429522,9.437949491,89.246326505,88.978387665,0.178492653
10,2020-01-01T10:00:00+00:00,distributed_committable,34,A31-2,118,121,true,500,-88.250923375,-13.292152504,88.476429522,9.437949491,89.246326505,88.978387665,0.178492653
10,2020-01-01T10:00:00+00:00,distributed_committable,35,A32-1,119,120,true,500,47.617964124,-5.120343189,-47.506819141,-2.444525181,47.892467275,47.569670676,0.095784935
10,2020-01-01T10:00:00+00:00,distributed_committable,36,A32-2,119,120,true,500,47.617964124,-5.120343189,-47.506819141,-2.444525181,47.892467275,47.569670676,0.095784935
10,2020-01-01T10:00:00+00:00,distributed_committable,37,A33-1,120,123,true,500,21.610728435,-2.815618325,-21.596941302,-1.757702121,21.793377206,21.668349968,0.043586754
10,2020-01-01T10:00:00+00:00,distributed_committable,38,A33-2,120,123,true,500,21.610728435,-2.815618325,-21.596941302,-1.757702121,21.793377206,21.668349968,0.043586754
10,2020-01-01T10:00:00+00:00,distributed_committable,39,A34,121,122,true,500,-48.491160335,-8.073294613,48.690508277,-5.571440786,49.158628098,49.008229398,0.098317256
10,2020-01-01T10:00:00+00:00,distributed_committable,40,AB3,123,217,true,500,153.485254001,-27.285170542,-151.128666593,28.894767115,155.891640979,153.866115285,0.311783282
10,2020-01-01T10:00:00+00:00,distributed_committable,41,B1,201,202,true,175,-12.003229692,-14.791138925,12.009843195,-33.281596531,19.048761476,35.382213062,0.202184075
10,2020-01-01T10:00:00+00:00,distributed_committable,42,B2,201,203,true,175,-28.431419965,11.413031276,28.966151275,-15.243926355,30.636627167,32.732479442,0.18704274
10,2020-01-01T10:00:00+00:00,distributed_committable,43,B3,201,205,true,175,14.374064095,-15.739517099,-14.286017581,13.65607452,21.315396245,19.763063265,0.121802264
10,2020-01-01T10:00:00+00:00,distributed_committable,44,B4,202,204,true,175,6.327776772,1.910692727,-6.310808644,-5.367123229,6.609955035,8.284462414,0.047339785
10,2020-01-01T10:00:00+00:00,distributed_committable,45,B5,202,206,true,175,13.694134453,-18.17439295,-13.489506569,13.416060127,22.756051448,19.025179548,0.13003458
10,2020-01-01T10:00:00+00:00,distributed_committable,46,B6,203,209,true,175,35.209937379,-19.126075361,-34.739936449,17.632280848,40.069270631,38.95844597,0.228967261
10,2020-01-01T10:00:00+00:00,distributed_committable,47,B7,203,224,true,400,-113.261394497,1.58802544,113.520688938,9.302341076,113.272526714,113.901186852,0.284752967
10,2020-01-01T10:00:00+00:00,distributed_committable,48,B8,204,209,true,175,-24.358481462,-0.849624766,24.514246416,-1.449448256,24.37329443,24.557059629,0.140326055
10,2020-01-01T10:00:00+00:00,distributed_committable,49,B9,205,210,true,175,-15.139922925,-19.458372648,15.261040607,17.323061291,24.654523567,23.086528819,0.140882992
10,2020-01-01T10:00:00+00:00,distributed_committable,50,B10,206,210,true,175,-42.875675248,-134.002937039,43.111828598,-134.514194579,140.695098219,141.254020503,0.807165831
10,2020-01-01T10:00:00+00:00,distributed_committable,51,B11,207,208,true,175,-51.806233289,-10.361246658,52.27681693,10.526230189,52.832198894,53.326045328,0.304720259
10,2020-01-01T10:00:00+00:00,distributed_committable,52,B12-1,208,209,true,175,-65.999173219,-1.852401306,67.924214197,4.706153657,66.02516381,68.087052782,0.389068873
10,2020-01-01T10:00:00+00:00,distributed_committable,53,B13-2,208,210,true,175,-57.148570851,-23.179574204,58.786600562,24.795142248,61.670510056,63.801751423,0.364581437
10,2020-01-01T10:00:00+00:00,distributed_committable,54,B14,209,211,true,400,-56.718655823,-17.673001535,56.79054556,20.692370461,59.408256174,60.442867737,0.151107169
10,2020-01-01T10:00:00+00:00,distributed_committable,55,B15,209,212,true,400,-73.508594945,-18.136179901,73.625359865,23.040306545,75.712842716,77.146285335,0.192865713
10,2020-01-01T10:00:00+00:00,distributed_committable,56,B16,210,211,true,400,-90.221037017,37.921937178,90.400037496,-30.403917069,97.866791302,95.375913901,0.244666978
10,2020-01-01T10:00:00+00:00,distributed_committable,57,B17,210,212,true,400,-107.756156679,37.896059208,107.999999974,-27.654640796,114.225656512,111.484434573,0.285564141
10,2020-01-01T10:00:00+00:00,distributed_committable,58,B18,211,213,true,500,-48.811234028,2.622413095,48.955387319,-11.628036493,48.881628633,50.317404347,0.100634809
10,2020-01-01T10:00:00+00:00,distributed_committable,59,B19,211,214,true,500,-98.379349027,7.089133513,98.86205344,-11.986657193,98.634436831,99.58607112,0.199172142
10,2020-01-01T10:00:00+00:00,distributed_committable,60,B20,212,213,true,500,-19.262302212,1.587648501,19.286770628,-11.56592005,19.327620502,22.488886764,0.044977774
10,2020-01-01T10:00:00+00:00,distributed_committable,61,B21,212,223,true,500,-162.363057624,3.02668575,165.487299297,1.149015358,162.391266107,165.491288185,0.330982576
10,2020-01-01T10:00:00+00:00,distributed_committable,62,B22,213,223,true,500,-170.071372519,0.813663762,173.215748052,5.193940367,170.073318892,173.293601698,0.346587203
10,2020-01-01T10:00:00+00:00,distributed_committable,63,B23,214,216,true,500,-179.265327472,10.261127097,180.853600727,0.081716906,179.558760195,180.853619189,0.361707238
10,2020-01-01T10:00:00+00:00,distributed_committable,64,B24,215,216,true,500,40.148478999,-24.434073945,-40.107033912,21.088479265,46.999195051,45.313332773,0.09399839
10,2020-01-01T10:00:00+00:00,distributed_committable,65,B25-1,215,221,true,500,-16.557489962,-7.051843741,16.573736708,-3.383459784,17.996637853,16.915571186,0.035993276
10,2020-01-01T10:00:00+00:00,distributed_committable,66,B25-2,215,221,true,500,-16.557489962,-7.051843741,16.573736708,-3.383459784,17.996637853,16.915571186,0.035993276
10,2020-01-01T10:00:00+00:00,distributed_committable,67,B26,215,224,true,500,114.423202344,4.97158808,-113.520688908,-9.30234108,114.531156996,113.901186824,0.229062314
10,2020-01-01T10:00:00+00:00,distributed_committable,68,B27,216,217,true,500,-91.031957345,15.373752515,91.282913698,-18.855766183,92.32101345,93.210032998,0.186420066
10,2020-01-01T10:00:00+00:00,distributed_committable,69,B28,216,219,true,500,7.681273996,-19.092337494,-7.671562599,14.100950707,20.579585058,16.052715768,0.04115917
10,2020-01-01T10:00:00+00:00,distributed_committable,70,B29,217,218,true,500,98.655909409,2.502311368,-98.466016378,-4.246198048,98.687638656,98.557529288,0.197375277
10,2020-01-01T10:00:00+00:00,distributed_committable,71,B30,217,222,true,500,-38.810155653,-12.54131242,39.015713721,-8.775811804,40.786182697,39.990508749,0.081572365
10,2020-01-01T10:00:00+00:00,distributed_committable,72,B31-1,218,221,true,500,-19.772894544,-11.968196431,19.786833805,6.451914103,23.112877027,20.812159609,0.046225754
10,2020-01-01T10:00:00+00:00,distributed_committable,73,B31-2,218,221,true,500,-19.772894544,-11.968196431,19.786833805,6.451914103,23.112877027,20.812159609,0.046225754
10,2020-01-01T10:00:00+00:00,distributed_committable,74,B32-1,219,220,true,500,-33.671931591,-14.717797881,33.731801327,6.536702683,36.747959828,34.359320463,0.07349592
10,2020-01-01T10:00:00+00:00,distributed_committable,75,B32-2,219,220,true,500,-33.671931591,-14.717797881,33.731801327,6.536702683,36.747959828,34.359320463,0.07349592
10,2020-01-01T10:00:00+00:00,distributed_committable,76,B33-1,220,223,true,500,-60.256592766,-11.924550945,60.362984457,7.85951544,61.425173073,60.872505086,0.122850346
10,2020-01-01T10:00:00+00:00,distributed_committable,77,B33-2,220,223,true,500,-60.256592766,-11.924550945,60.362984457,7.85951544,61.425173073,60.872505086,0.122850346
10,2020-01-01T10:00:00+00:00,distributed_committable,78,B34,221,222,true,500,-72.721141003,-6.13690864,73.184286252,-5.059086191,72.97962727,73.3589402,0.14671788
10,2020-01-01T10:00:00+00:00,distributed_committable,79,C1,301,302,true,175,7.876828189,-26.557324965,-7.874880877,-21.694390303,27.700829078,23.07943499,0.158290452
10,2020-01-01T10:00:00+00:00,distributed_committable,80,C2,301,303,true,175,-34.102991837,10.057582792,34.803427242,-13.304360534,35.555154673,37.25969078,0.212912519
10,2020-01-01T10:00:00+00:00,distributed_committable,81,C3,301,305,true,175,-37.767509224,3.463993996,38.071872898,-4.706820287,37.926033372,38.361721328,0.219209836
10,2020-01-01T10:00:00+00:00,distributed_committable,82,C4,302,304,true,175,-27.481839347,14.770559149,27.806226173,-17.044128797,31.199694093,32.614238309,0.186367076
10,2020-01-01T10:00:00+00:00,distributed_committable,83,C5,302,306,true,175,-22.119078558,-4.926849008,22.355050598,0.304352012,22.661144662,22.357122297,0.129492255
10,2020-01-01T10:00:00+00:00,distributed_committable,84,C6,303,309,true,175,-30.982902109,1.085097397,31.272586743,-3.308609442,31.001897675,31.447123526,0.179697849
10,2020-01-01T10:00:00+00:00,distributed_committable,85,C7,303,324,true,400,-108.076646585,-9.704495162,108.310986182,19.546758231,108.51146835,110.060644579,0.275151611
10,2020-01-01T10:00:00+00:00,distributed_committable,86,C8,304,309,true,175,-71.653742771,8.156118676,73.030721767,-5.756037632,72.116441433,73.25720641,0.418612608
10,2020-01-01T10:00:00+00:00,distributed_committable,87,C9,305,310,true,175,-80.141787471,-3.588655826,81.541160876,6.351960236,80.222095147,81.788191787,0.467361096
10,2020-01-01T10:00:00+00:00,distributed_committable,88,C10,306,310,true,175,-102.939675696,-124.837251126,104.322093022,-137.406356531,161.805179463,172.521320154,0.985836115
10,2020-01-01T10:00:00+00:00,distributed_committable,89,C11,307,308,true,175,-74.066751009,-14.813350202,75.056212389,16.986702039,75.53356174,76.954421993,0.439739554
10,2020-01-01T10:00:00+00:00,distributed_committable,90,C12-1,308,309,true,175,-57.960153858,-10.344376611,59.491317087,11.693644516,58.87601857,60.629680279,0.346455316
10,2020-01-01T10:00:00+00:00,distributed_committable,91,C13-2,308,310,true,175,-53.919373911,-27.38101571,55.502762934,28.811212264,60.473290834,62.53513129,0.357343607
10,2020-01-01T10:00:00+00:00,distributed_committable,92,C14,309,311,true,400,-109.344362247,-10.513821262,109.588341307,20.760941765,109.848668598,111.537532935,0.278843832
10,2020-01-01T10:00:00+00:00,distributed_committable,93,C15,309,312,true,400,-130.743714761,-13.446400471,131.092995061,28.116173069,131.433346739,134.074205357,0.335185513
10,2020-01-01T10:00:00+00:00,distributed_committable,94,C16,310,311,true,400,-132.153155329,40.619173438,132.510381739,-25.615664224,138.254742104,134.963563684,0.345636855
10,2020-01-01T10:00:00+00:00,distributed_committable,95,C17,310,312,true,400,-154.456993077,37.92265027,154.92973021,-18.067690685,159.044302362,155.979686977,0.397610756
10,2020-01-01T10:00:00+00:00,distributed_committable,96,C18,311,313,true,500,-223.137592408,11.102859643,226.082426773,2.14417188,223.413649176,226.092594237,0.452185188
10,2020-01-01T10:00:00+00:00,distributed_committable,97,C19,311,314,true,500,-18.961130627,-6.248137185,18.978909688,-2.591983106,19.964060031,19.155087819,0.03992812
10,2020-01-01T10:00:00+00:00,distributed_committable,98,C20,312,313,true,500,-186.551056378,12.731270836,188.598305448,-6.712420881,186.98497772,188.71771886,0.377435438
10,2020-01-01T10:00:00+00:00,distributed_committable,99,C21,312,323,true,500,-33.471668889,-22.77975322,33.620013301,2.747511143,40.487896648,33.732093202,0.080975793
10,2020-01-01T10:00:00+00:00,distributed_committable,100,C22,313,323,true,500,67.797755644,-27.428587435,-67.278792645,12.377911128,73.135921947,68.407957312,0.146271844
10,2020-01-01T10:00:00+00:00,distributed_committable,101,C23,314,316,true,500,37.869492746,-37.921827122,-37.74383544,30.862682416,53.592569011,48.755535887,0.107185138
10,2020-01-01T10:00:00+00:00,distributed_committable,102,C24,315,316,true,500,-148.332151781,-16.875453843,148.756134094,16.683766799,149.289008953,149.688795523,0.299377591
10,2020-01-01T10:00:00+00:00,distributed_committable,103,C25-1,315,321,true,500,-20.262644827,-14.671356139,20.291059269,4.044044122,25.016463906,20.690127576,0.050032928
10,2020-01-01T10:00:00+00:00,distributed_committable,104,C25-2,315,321,true,500,-20.262644827,-14.671356139,20.291059269,4.044044122,25.016463906,20.690127576,0.050032928
10,2020-01-01T10:00:00+00:00,distributed_committable,105,C26,315,324,true,500,1.024160881,8.295989604,-1.010986183,-19.546758231,8.35896818,19.572885592,0.039145771
10,2020-01-01T10:00:00+00:00,distributed_committable,106,C27,316,317,true,500,-53.06319115,-11.757800011,53.145082822,6.614838316,54.350235658,53.555167016,0.108700471
10,2020-01-01T10:00:00+00:00,distributed_committable,107,C28,316,319,true,500,-149.633077524,22.267334619,150.284169537,-22.467154099,151.280838444,151.954284661,0.303908569
10,2020-01-01T10:00:00+00:00,distributed_committable,108,C29,317,318,true,500,265.659482355,10.083632206,-264.335432721,-4.000752586,265.850785599,264.365706954,0.531701571
10,2020-01-01T10:00:00+00:00,distributed_committable,109,C30,317,322,true,500,-38.066565182,-16.698470522,38.259639523,-5.707184231,41.568044247,38.682967418,0.083136088
10,2020-01-01T10:00:00+00:00,distributed_committable,110,C31-1,318,321,true,500,-30.511889553,-8.086133328,30.539112982,2.504007171,31.565185827,30.641597113,0.063130372
10,2020-01-01T10:00:00+00:00,distributed_committable,111,C31-2,318,321,true,500,-30.511889553,-8.086133328,30.539112982,2.504007171,31.565185827,30.641597113,0.063130372
10,2020-01-01T10:00:00+00:00,distributed_committable,112,C32-1,319,320,true,500,-59.316412498,0.2716979,59.483584977,-7.734143372,59.317034749,59.984280069,0.11996856
10,2020-01-01T10:00:00+00:00,distributed_committable,113,C32-2,319,320,true,500,-59.316412498,0.2716979,59.483584977,-7.734143372,59.317034749,59.984280069,0.11996856
10,2020-01-01T10:00:00+00:00,distributed_committable,114,C33-1,320,323,true,500,-31.655761495,0.031201267,31.684252757,-4.707557701,31.655776871,32.03206163,0.064064123
10,2020-01-01T10:00:00+00:00,distributed_committable,115,C33-2,320,323,true,500,-31.655761495,0.031201267,31.684252757,-4.707557701,31.655776871,32.03206163,0.064064123
10,2020-01-01T10:00:00+00:00,distributed_committable,116,C34,321,322,true,500,-101.660344503,-13.096102586,102.540360478,4.474993847,102.500407548,102.637961285,0.205275923
10,2020-01-01T10:00:00+00:00,distributed_committable,117,CA-1,325,121,true,500,-29.709726136,-5.787839798,29.812151724,-14.955010208,30.268249315,33.352911728,0.066705823
10,2020-01-01T10:00:00+00:00,distributed_committable,118,CB-1,318,223,true,500,128.045387142,-20.119293306,-126.016959935,13.316795277,129.616384502,126.718630153,0.259232769
10,2020-01-01T10:00:00+00:00,distributed_committable,119,C35,323,325,true,722,-29.709726177,-5.710306869,29.709726177,5.787839794,30.253519366,30.268249354,0.041922783
11,2020-01-01T11:00:00+00:00,reference_provider,0,A1,101,102,true,175,46.376769332,-26.948843449,-46.317501211,-22.988307099,53.638091846,51.708540704,0.306503382
11,2020-01-01T11:00:00+00:00,reference_provider,1,A2,101,103,true,175,34.720976846,-2.536401895,-34.112705456,-1.24432059,34.813496919,34.135392297,0.198934268
11,2020-01-01T11:00:00+00:00,reference_provider,2,A3,101,105,true,175,102.311061181,-18.039450723,-100.142176164,23.921638257,103.889244017,102.959701941,0.593652823
11,2020-01-01T11:00:00+00:00,reference_provider,3,A4,102,104,true,175,64.339907391,-2.984696659,-63.08406884,4.174319987,64.409099491,63.222026927,0.368051997
11,2020-01-01T11:00:00+00:00,reference_provider,4,A5,102,106,true,175,71.011430137,-18.546786916,-68.580780419,22.200217667,73.393504584,72.084485899,0.419391455
11,2020-01-01T11:00:00+00:00,reference_provider,5,A6,103,109,true,175,57.226396783,-11.723777641,-56.234527664,12.166063659,58.414959137,57.535512568,0.333799766
11,2020-01-01T11:00:00+00:00,reference_provider,6,A7,103,124,true,400,-45.432345431,-1.691847346,45.472713583,3.387309743,45.463835725,45.598701165,0.113996753
11,2020-01-01T11:00:00+00:00,reference_provider,7,A8,104,109,true,175,51.464177757,-10.117541176,-50.767299126,9.857139569,52.449272937,51.715392883,0.299710131
11,2020-01-01T11:00:00+00:00,reference_provider,8,A9,105,110,true,175,72.010929346,-29.468644706,-70.739318279,31.713174807,77.807293784,77.522748964,0.444613107
11,2020-01-01T11:00:00+00:00,reference_provider,9,A10,106,110,true,175,14.695575122,-142.954103814,-14.659571262,-127.268211242,143.707465796,128.10972103,0.821185519
11,2020-01-01T11:00:00+00:00,reference_provider,10,A11,107,108,true,175,-75.526710556,9.832059577,76.474672171,-7.898826026,76.163990199,76.881512317,0.439322928
11,2020-01-01T11:00:00+00:00,reference_provider,11,AB1,107,203,true,175,25.9998674,-19.737428208,-25.578603855,16.948932449,32.642903931,30.684381798,0.18653088
11,2020-01-01T11:00:00+00:00,reference_provider,12,A12-1,108,109,true,175,-72.673121472,5.441415333,74.979860818,-1.188417926,72.876550312,74.989278337,0.428510162
11,2020-01-01T11:00:00+00:00,reference_provider,13,A13-2,108,110,true,175,-71.554272138,-11.410105391,73.802147206,15.315166188,72.458293978,75.374473448,0.430711277
11,2020-01-01T11:00:00+00:00,reference_provider,14,A14,109,111,true,400,-17.992394983,-13.351734877,18.002556042,13.778499355,22.405247186,22.670224272,0.056675561
11,2020-01-01T11:00:00+00:00,reference_provider,15,A15,109,112,true,400,-19.323219417,-21.746781264,19.340349861,22.466259893,29.091395704,29.644256886,0.074110642
11,2020-01-01T11:00:00+00:00,reference_provider,16,A16,110,111,true,400,-32.088738017,36.555580418,32.132955883,-34.698430058,48.641521021,47.29173186,0.121603803
11,2020-01-01T11:00:00+00:00,reference_provider,17,A17,110,112,true,400,-33.576394931,27.835700012,33.611944945,-26.342599438,43.614223503,42.70474667,0.109035559
11,2020-01-01T11:00:00+00:00,reference_provider,18,A18,111,113,true,500,-6.112833009,-14.434626865,6.120264265,4.329399737,15.675623756,7.496755082,0.031351248
11,2020-01-01T11:00:00+00:00,reference_provider,19,A19,111,114,true,500,-44.022678912,35.354557568,44.196785616,-42.669004626,56.461854375,61.432888704,0.122865777
11,2020-01-01T11:00:00+00:00,reference_provider,20,A20,112,113,true,500,-2.541766012,0.027692579,2.543699471,-10.248916739,2.541916863,10.559862751,0.021119726
11,2020-01-01T11:00:00+00:00,reference_provider,21,A21,112,123,true,500,-50.410528477,3.848646933,50.731542382,-21.949249773,50.557229597,55.276206075,0.110552412
11,2020-01-01T11:00:00+00:00,reference_provider,22,A22,113,123,true,500,-54.640760985,3.794319542,54.980763669,-19.617549575,54.772343586,58.375788003,0.116751576
11,2020-01-01T11:00:00+00:00,reference_provider,23,AB2,113,215,true,500,108.579890182,-19.270398812,-107.413289719,11.868628776,110.276655836,108.067012346,0.220553312
11,2020-01-01T11:00:00+00:00,reference_provider,24,A23,114,116,true,500,-121.062446191,-22.783352301,121.825676443,23.565139037,123.187649624,124.083887828,0.248167776
11,2020-01-01T11:00:00+00:00,reference_provider,25,A24,115,116,true,500,136.857327771,18.878357961,-136.486992316,-19.434013129,138.153250284,137.863628045,0.276306501
11,2020-01-01T11:00:00+00:00,reference_provider,26,A25-1,115,121,true,500,-90.787355699,-7.561247805,91.265580074,0.731510924,91.101681781,91.268511626,0.182537023
11,2020-01-01T11:00:00+00:00,reference_provider,27,A25-2,115,121,true,500,-90.787355699,-7.561247805,91.265580074,0.731510924,91.101681781,91.268511626,0.182537023
11,2020-01-01T11:00:00+00:00,reference_provider,28,A26,115,124,true,500,45.613559415,-6.820020258,-45.472713559,-3.387309747,46.120597122,45.598701141,0.092241194
11,2020-01-01T11:00:00+00:00,reference_provider,29,A27,116,117,true,500,-126.438793096,-12.670974382,126.910574052,11.096640442,127.072113351,127.394777111,0.254789554
11,2020-01-01T11:00:00+00:00,reference_provider,30,A28,116,119,true,500,101.478635093,0.615553537,-101.176286856,-3.291967663,101.480502002,101.229827981,0.202961004
11,2020-01-01T11:00:00+00:00,reference_provider,31,A29,117,118,true,500,-95.442262014,1.394864009,95.618190369,-3.277766807,95.452454258,95.674354373,0.191348709
11,2020-01-01T11:00:00+00:00,reference_provider,32,A30,117,122,true,500,-31.468311942,-12.491504459,31.602204564,-9.545353276,33.85693932,33.012317436,0.067713879
11,2020-01-01T11:00:00+00:00,reference_provider,33,A31-1,118,121,true,500,-82.228850225,-11.832417933,82.426272157,7.797322059,83.075808292,82.794254469,0.166151617
11,2020-01-01T11:00:00+00:00,reference_provider,34,A31-2,118,121,true,500,-82.228850225,-11.832417933,82.426272157,7.797322059,83.075808292,82.794254469,0.166151617
11,2020-01-01T11:00:00+00:00,reference_provider,35,A32-1,119,120,true,500,37.630709254,-5.683988965,-37.560899352,-2.178686806,38.057561792,37.624032696,0.076115124
11,2020-01-01T11:00:00+00:00,reference_provider,36,A32-2,119,120,true,500,37.630709254,-5.683988965,-37.560899352,-2.178686806,38.057561792,37.624032696,0.076115124
11,2020-01-01T11:00:00+00:00,reference_provider,37,A33-1,120,123,true,500,12.203155941,-2.972104895,-12.198735402,-1.656174398,12.559873504,12.310648198,0.025119747
11,2020-01-01T11:00:00+00:00,reference_provider,38,A33-2,120,123,true,500,12.203155941,-2.972104895,-12.198735402,-1.656174398,12.559873504,12.310648198,0.025119747
11,2020-01-01T11:00:00+00:00,reference_provider,39,A34,121,122,true,500,2.502764812,-6.933196958,-2.502204597,-7.96107819,7.371095696,8.345046063,0.016690092
11,2020-01-01T11:00:00+00:00,reference_provider,40,AB3,123,217,true,500,151.685163525,-28.136561865,-149.373167126,29.446766418,154.27266429,152.248005273,0.308545329
11,2020-01-01T11:00:00+00:00,reference_provider,41,B1,201,202,true,175,-6.058856583,-15.558005594,6.061981432,-32.458123465,16.696145698,33.019348839,0.188681993
11,2020-01-01T11:00:00+00:00,reference_provider,42,B2,201,203,true,175,-30.69462833,11.818235767,31.306876664,-15.347302276,32.891197986,34.866319186,0.19923611
11,2020-01-01T11:00:00+00:00,reference_provider,43,B3,201,205,true,175,10.76489686,-15.322669205,-10.69837234,13.158627191,18.726110007,16.95891035,0.107006343
11,2020-01-01T11:00:00+00:00,reference_provider,44,B4,202,204,true,175,3.140005633,2.339710367,-3.131526333,-5.824866644,3.915849841,6.613284252,0.037790196
11,2020-01-01T11:00:00+00:00,reference_provider,45,B5,202,206,true,175,10.840669958,-17.888424682,-10.673494663,12.991005199,20.916879852,16.813378732,0.119525028
11,2020-01-01T11:00:00+00:00,reference_provider,46,B6,203,209,true,175,33.999064634,-18.924741492,-33.556652901,17.324967475,38.911209652,37.765108922,0.222349769
11,2020-01-01T11:00:00+00:00,reference_provider,47,B7,203,224,true,400,-113.874984191,2.081650597,114.137143534,8.929041804,113.894009033,114.485873895,0.286214685
11,2020-01-01T11:00:00+00:00,reference_provider,48,B8,204,209,true,175,-27.35139511,-0.35410392,27.548111139,-1.786419601,27.353687211,27.605972585,0.157748415
11,2020-01-01T11:00:00+00:00,reference_provider,49,B9,205,210,true,175,-18.548754992,-18.925666383,18.690689085,16.870848609,26.499757731,25.178709086,0.151427187
11,2020-01-01T11:00:00+00:00,reference_provider,50,B10,206,210,true,175,-45.349171775,-133.490225398,45.613429877,-134.883380497,140.982933923,142.387188045,0.813641075
11,2020-01-01T11:00:00+00:00,reference_provider,51,B11,207,208,true,175,-51.49142136,-10.298284272,51.955789325,10.438024215,52.511152459,52.993927897,0.302822445
11,2020-01-01T11:00:00+00:00,reference_provider,52,B12-1,208,209,true,175,-65.775043366,-1.723974802,67.68548303,4.519665199,65.79763232,67.836214417,0.387635511
11,2020-01-01T11:00:00+00:00,reference_provider,53,B13-2,208,210,true,175,-56.62101038,-23.131647393,58.230249519,24.634911625,61.163812238,63.226899575,0.361296569
11,2020-01-01T11:00:00+00:00,reference_provider,54,B14,209,211,true,400,-57.883068221,-17.537579554,57.95757244,20.66675676,60.481536714,61.532065121,0.153830163
11,2020-01-01T11:00:00+00:00,reference_provider,55,B15,209,212,true,400,-75.88186295,-17.350162871,76.005270661,22.533286747,77.84012639,79.275154872,0.198187887
11,2020-01-01T11:00:00+00:00,reference_provider,56,B16,210,211,true,400,-92.041579055,38.102546875,92.227037429,-30.313295163,99.616546584,97.081008939,0.249041366
11,2020-01-01T11:00:00+00:00,reference_provider,57,B17,210,212,true,400,-110.819406745,38.797818552,111.077055724,-27.976561446,117.414699402,114.546061908,0.293536749
11,2020-01-01T11:00:00+00:00,reference_provider,58,B18,211,213,true,500,-52.244222024,3.77973285,52.409987524,-12.609358578,52.380770473,53.905498012,0.107810996
11,2020-01-01T11:00:00+00:00,reference_provider,59,B19,211,214,true,500,-97.940387844,5.866805553,98.417537161,-10.815206191,98.115946607,99.010001039,0.198020002
11,2020-01-01T11:00:00+00:00,reference_provider,60,B20,212,213,true,500,-20.621269105,1.475068443,20.648860793,-11.420741591,20.673958654,23.596796192,0.047193592
11,2020-01-01T11:00:00+00:00,reference_provider,61,B21,212,223,true,500,-166.461057279,3.968206255,169.749880824,1.551314995,166.508348893,169.756969277,0.339513939
11,2020-01-01T11:00:00+00:00,reference_provider,62,B22,213,223,true,500,-173.920661598,1.785806141,177.212690476,5.399042477,173.929829627,177.294916243,0.354589832
11,2020-01-01T11:00:00+00:00,reference_provider,63,B23,214,216,true,500,-178.332223087,11.767308888,179.904880838,-1.608465461,178.720036228,179.912071053,0.359824142
11,2020-01-01T11:00:00+00:00,reference_provider,64,B24,215,216,true,500,35.610293267,-23.87316161,-35.576015947,20.470294326,42.872145174,41.044924905,0.08574429
11,2020-01-01T11:00:00+00:00,reference_provider,65,B25-1,215,221,true,500,-16.664607735,-6.874884065,16.681045055,-3.547711685,18.02701256,17.054135051,0.036054025
11,2020-01-01T11:00:00+00:00,reference_provider,66,B25-2,215,221,true,500,-16.664607735,-6.874884065,16.681045055,-3.547711685,18.02701256,17.054135051,0.036054025
11,2020-01-01T11:00:00+00:00,reference_provider,67,B26,215,224,true,500,115.049967377,4.684436957,-114.137143512,-8.929041807,115.145294924,114.485873874,0.23029059
11,2020-01-01T11:00:00+00:00,reference_provider,68,B27,216,217,true,500,-88.725844017,15.535361726,88.965136369,-19.112148543,90.075650764,90.994888379,0.181989777
11,2020-01-01T11:00:00+00:00,reference_provider,69,B28,216,219,true,500,-3.796157961,-18.129566012,3.803678683,13.125808119,18.522742212,13.665826367,0.037045484
11,2020-01-01T11:00:00+00:00,reference_provider,70,B29,217,218,true,500,98.683134799,2.168043749,-98.492952279,-3.906228177,98.706947614,98.570382302,0.197413895
11,2020-01-01T11:00:00+00:00,reference_provider,71,B30,217,222,true,500,-38.275103354,-12.502661719,38.475278039,-8.824024987,40.265370815,39.474174306,0.080530742
11,2020-01-01T11:00:00+00:00,reference_provider,72,B31-1,218,221,true,500,-19.340097105,-12.052552522,19.353602326,6.538939758,22.788228942,20.428403172,0.045576458
11,2020-01-01T11:00:00+00:00,reference_provider,73,B31-2,218,221,true,500,-19.340097105,-12.052552522,19.353602326,6.538939758,22.788228942,20.428403172,0.045576458
11,2020-01-01T11:00:00+00:00,reference_provider,74,B32-1,219,220,true,500,-39.181628398,-14.183634421,39.260384023,6.159333147,41.669839084,39.740598114,0.083339678
11,2020-01-01T11:00:00+00:00,reference_provider,75,B32-2,219,220,true,500,-39.181628398,-14.183634421,39.260384023,6.159333147,41.669839084,39.740598114,0.083339678
11,2020-01-01T11:00:00+00:00,reference_provider,76,B33-1,220,223,true,500,-65.623991756,-11.514440968,65.749553708,7.592319174,66.626501069,66.186457249,0.133253002
11,2020-01-01T11:00:00+00:00,reference_provider,77,B33-2,220,223,true,500,-65.623991756,-11.514440968,65.749553708,7.592319174,66.626501069,66.186457249,0.133253002
11,2020-01-01T11:00:00+00:00,reference_provider,78,B34,221,222,true,500,-72.069294744,-5.982456148,72.52472194,-5.252849175,72.317169652,72.714700831,0.145429402
11,2020-01-01T11:00:00+00:00,reference_provider,79,C1,301,302,true,175,9.031671024,-26.527737241,-9.029174235,-21.769855671,28.023060586,23.568041991,0.160131775
11,2020-01-01T11:00:00+00:00,reference_provider,80,C2,301,303,true,175,-39.694454433,10.636490075,40.618888621,-13.046204735,41.094824903,42.662601547,0.243786295
11,2020-01-01T11:00:00+00:00,reference_provider,81,C3,301,305,true,175,-34.167966351,2.684983326,34.416251381,-4.146464,34.273299521,34.66513411,0.198086481
11,2020-01-01T11:00:00+00:00,reference_provider,82,C4,302,304,true,175,-29.575606349,15.16090973,29.941434229,-17.279447441,33.235066943,34.569766959,0.197541525
11,2020-01-01T11:00:00+00:00,reference_provider,83,C5,302,306,true,175,-19.622837257,-5.39674846,19.809955953,0.584234451,20.351428351,19.818569191,0.116293876
11,2020-01-01T11:00:00+00:00,reference_provider,84,C6,303,309,true,175,-25.639783775,0.949260506,25.837394553,-3.542190843,25.657349971,26.079073474,0.149023277
11,2020-01-01T11:00:00+00:00,reference_provider,85,C7,303,324,true,400,-66.830354446,-10.11359041,66.920691164,13.907732551,67.591278923,68.350595686,0.170876489
11,2020-01-01T11:00:00+00:00,reference_provider,86,C8,304,309,true,175,-74.362503509,8.275176641,75.841983792,-5.487094606,74.821524153,76.040217732,0.43451553
11,2020-01-01T11:00:00+00:00,reference_provider,87,C9,305,310,true,175,-77.036466501,-4.25752208,78.329579952,6.613504892,77.154025593,78.608279096,0.449190166
11,2020-01-01T11:00:00+00:00,reference_provider,88,C10,306,310,true,175,-101.448677873,-125.32636976,102.790680302,-137.083762305,161.240606547,171.341418941,0.979093823
11,2020-01-01T11:00:00+00:00,reference_provider,89,C11,307,308,true,175,-75.03559,-15.007118,76.05107318,17.279030408,76.521587525,77.989298135,0.445653132
11,2020-01-01T11:00:00+00:00,reference_provider,90,C12-1,308,309,true,175,-61.088617785,-9.977238516,62.782376945,11.941542445,61.898017022,63.907959526,0.36518834
11,2020-01-01T11:00:00+00:00,reference_provider,91,C13-2,308,310,true,175,-50.611142515,-28.311757092,52.060286615,29.225283314,57.991752313,59.702517763,0.341157244
11,2020-01-01T11:00:00+00:00,reference_provider,92,C14,309,311,true,400,-90.545694469,-11.527624338,90.713626873,18.580785303,91.276551807,92.597017678,0.231492544
11,2020-01-01T11:00:00+00:00,reference_provider,93,C15,309,312,true,400,-118.065886821,-12.994882578,118.350263811,24.938716155,118.778872718,120.949264188,0.30237316
11,2020-01-01T11:00:00+00:00,reference_provider,94,C16,310,311,true,400,-125.962590847,38.996373603,126.287540006,-25.348508946,131.860879138,128.806403826,0.329652198
11,2020-01-01T11:00:00+00:00,reference_provider,95,C17,310,312,true,400,-154.573476422,38.237211697,155.047334022,-18.335192481,159.232672437,156.127688354,0.398081681
11,2020-01-01T11:00:00+00:00,reference_provider,96,C18,311,313,true,500,-233.7330783,16.49467499,236.970471642,-0.906714012,234.314374708,236.972206304,0.473944413
11,2020-01-01T11:00:00+00:00,reference_provider,97,C19,311,314,true,500,16.731911425,-9.726951347,-16.716862191,0.855026652,19.353822425,16.73871417,0.038707645
11,2020-01-01T11:00:00+00:00,reference_provider,98,C20,312,313,true,500,-186.359140121,13.691016835,188.405228731,-7.671875185,186.861373881,188.561363705,0.377122727
11,2020-01-01T11:00:00+00:00,reference_provider,99,C21,312,323,true,500,-19.438457711,-20.294540509,19.493850701,-0.388693608,28.101993037,19.497725454,0.056203986
11,2020-01-01T11:00:00+00:00,reference_provider,100,C22,313,323,true,500,83.148848828,-23.836785683,-82.396555885,10.730133728,86.498112194,83.092287197,0.172996224
11,2020-01-01T11:00:00+00:00,reference_provider,101,C23,314,316,true,500,70.461626509,-28.760944885,-70.189723623,23.475434757,76.105405596,74.011440598,0.152210811
11,2020-01-01T11:00:00+00:00,reference_provider,102,C24,315,316,true,500,-137.256205596,-13.179821888,137.621697829,12.532297138,137.887539972,138.191136419,0.276382273
11,2020-01-01T11:00:00+00:00,reference_provider,103,C25-1,315,321,true,500,-7.180573964,-14.321519787,7.188212575,3.643631467,16.020816816,8.058936052,0.032041634
11,2020-01-01T11:00:00+00:00,reference_provider,104,C25-2,315,321,true,500,-7.180573964,-14.321519787,7.188212575,3.643631467,16.020816816,8.058936052,0.032041634
11,2020-01-01T11:00:00+00:00,reference_provider,105,C26,315,324,true,500,-38.672902717,3.404639382,38.779308836,-13.907732551,38.822480264,41.197813274,0.082395627
11,2020-01-01T11:00:00+00:00,reference_provider,106,C27,316,317,true,500,27.396015664,-12.979020113,-27.371606598,7.417749107,30.31495732,28.35891129,0.060629915
11,2020-01-01T11:00:00+00:00,reference_provider,107,C28,316,319,true,500,-192.856461865,29.998969065,193.951762425,-26.732205901,195.175697842,195.785333925,0.391570668
11,2020-01-01T11:00:00+00:00,reference_provider,108,C29,317,318,true,500,164.760780829,5.993291244,-164.24332718,-5.513129632,164.869749922,164.335830304,0.3297395
11,2020-01-01T11:00:00+00:00,reference_provider,109,C30,317,322,true,500,-48.013174231,-13.41104035,48.320551498,-7.737704059,49.850986982,48.936160057,0.099701974
11,2020-01-01T11:00:00+00:00,reference_provider,110,C31-1,318,321,true,500,-39.235644743,-6.506850917,39.280294143,1.14402694,39.771534133,39.296950334,0.079543068
11,2020-01-01T11:00:00+00:00,reference_provider,111,C31-2,318,321,true,500,-39.235644743,-6.506850917,39.280294143,1.14402694,39.771534133,39.296950334,0.079543068
11,2020-01-01T11:00:00+00:00,reference_provider,112,C32-1,319,320,true,500,-85.501648371,2.26083563,85.853074541,-8.152239819,85.531533669,86.239256851,0.172478514
11,2020-01-01T11:00:00+00:00,reference_provider,113,C32-2,319,320,true,500,-85.501648371,2.26083563,85.853074541,-8.152239819,85.531533669,86.239256851,0.172478514
11,2020-01-01T11:00:00+00:00,reference_provider,114,C33-1,320,323,true,500,-56.27129662,0.348538458,56.361921763,-4.522652304,56.272376015,56.543086303,0.113086173
11,2020-01-01T11:00:00+00:00,reference_provider,115,C33-2,320,323,true,500,-56.27129662,0.348538458,56.361921763,-4.522652304,56.272376015,56.543086303,0.113086173
11,2020-01-01T11:00:00+00:00,reference_provider,116,C34,321,322,true,500,-92.937013435,-9.575316813,93.679448502,0.142086462,93.428984573,93.679556255,0.187359113
11,2020-01-01T11:00:00+00:00,reference_provider,117,CA-1,325,121,true,500,-49.821138302,-1.508419214,50.113530323,-17.474196145,49.843968042,53.072718532,0.106145437
11,2020-01-01T11:00:00+00:00,reference_provider,118,CB-1,318,223,true,500,42.819804908,-22.292529494,-42.576462368,1.347935264,48.275175439,42.597794277,0.096550351
11,2020-01-01T11:00:00+00:00,reference_provider,119,C35,323,325,true,722,-49.821138346,-1.296135512,49.821138346,1.508419209,49.837995479,49.843968086,0.069035967
11,2020-01-01T11:00:00+00:00,distributed_committable,0,A1,101,102,true,175,40.2735601,-27.019156584,-40.229046233,-23.219951392,48.497365554,46.449352024,0.277127803
11,2020-01-01T11:00:00+00:00,distributed_committable,1,A2,101,103,true,175,39.384404084,-1.464239291,-38.604085945,-1.660846753,39.411613539,38.639796371,0.22520922
11,2020-01-01T11:00:00+00:00,distributed_committable,2,A3,101,105,true,175,103.750842992,-16.850315509,-101.539805475,22.887025371,105.110278062,104.087213557,0.60063016
11,2020-01-01T11:00:00+00:00,distributed_committable,3,A4,102,104,true,175,66.55101835,-2.007013358,-65.214214965,3.496474025,66.58127474,65.307879801,0.380464427
11,2020-01-01T11:00:00+00:00,distributed_committable,4,A5,102,106,true,175,72.369572878,-17.709179186,-69.873399289,21.597721078,74.504832769,73.135172687,0.425741902
11,2020-01-01T11:00:00+00:00,distributed_committable,5,A6,103,109,true,175,52.299046213,-11.882470555,-51.46212609,11.736341577,53.631924647,52.783445656,0.306468141
11,2020-01-01T11:00:00+00:00,distributed_committable,6,A7,103,124,true,400,-36.013614356,-1.116628271,36.039049554,2.184906586,36.030921133,36.105219977,0.09026305
11,2020-01-01T11:00:00+00:00,distributed_committable,7,A8,104,109,true,175,53.594323909,-9.439695219,-52.844264921,9.382688909,54.419292545,53.670766588,0.310967386
11,2020-01-01T11:00:00+00:00,distributed_committable,8,A9,105,110,true,175,73.408558696,-28.434031826,-72.108771024,30.783527101,78.722999535,78.404721792,0.449845712
11,2020-01-01T11:00:00+00:00,distributed_committable,9,A10,106,110,true,175,15.988194017,-142.463379805,-15.948420244,-127.87993347,143.357723661,128.87059204,0.819186992
11,2020-01-01T11:00:00+00:00,distributed_committable,10,A11,107,108,true,175,-71.879315641,8.788916531,72.735298753,-7.208062005,72.414646797,73.091585306,0.417666202
11,2020-01-01T11:00:00+00:00,distributed_committable,11,AB1,107,203,true,175,22.352472485,-18.694285162,-22.022249906,15.554083356,29.139480502,26.96124997,0.166511317
11,2020-01-01T11:00:00+00:00,distributed_committable,12,A12-1,108,109,true,175,-70.30824811,4.99741137,72.464040665,-1.32428643,70.485628838,72.476140378,0.414149374
11,2020-01-01T11:00:00+00:00,distributed_committable,13,A13-2,108,110,true,175,-70.179772082,-11.656865449,72.343410371,15.236567352,71.141288444,73.930521497,0.422460123
11,2020-01-01T11:00:00+00:00,distributed_committable,14,A14,109,111,true,400,-16.688868352,-12.854840821,16.69785635,13.232336721,21.065736621,21.305237426,0.053263094
11,2020-01-01T11:00:00+00:00,distributed_committable,15,A15,109,112,true,400,-20.806361654,-21.203634077,20.824235736,21.954345553,29.706881077,30.259578363,0.075648946
11,2020-01-01T11:00:00+00:00,distributed_committable,16,A16,110,111,true,400,-28.587319933,37.329563989,28.628636043,-35.594287369,47.018413505,45.678792617,0.117546034
11,2020-01-01T11:00:00+00:00,distributed_committable,17,A17,110,112,true,400,-32.960774436,28.681685209,32.996452491,-27.183206877,43.69269639,42.751521764,0.109231741
11,2020-01-01T11:00:00+00:00,distributed_committable,18,A18,111,113,true,500,-12.671059887,-13.213718408,12.684556258,3.174210147,18.307324021,13.075686503,0.036614648
11,2020-01-01T11:00:00+00:00,distributed_committable,19,A19,111,114,true,500,-32.655432496,35.575669055,32.78750443,-43.223176206,48.290842819,54.251851656,0.108503703
11,2020-01-01T11:00:00+00:00,distributed_committable,20,A20,112,113,true,500,-4.242543345,0.72648733,4.245601043,-10.922026739,4.304295283,11.718182295,0.023436365
11,2020-01-01T11:00:00+00:00,distributed_committable,21,A21,112,123,true,500,-49.578144437,4.502373948,49.892044812,-22.616031257,49.782163241,54.77865465,0.109557309
11,2020-01-01T11:00:00+00:00,distributed_committable,22,A22,113,123,true,500,-52.777487284,4.09315976,53.097330128,-20.031842589,52.935971899,56.750340829,0.113500682
11,2020-01-01T11:00:00+00:00,distributed_committable,23,AB2,113,215,true,500,98.450423079,-17.740939451,-97.490464262,8.830614477,100.036127159,97.889582561,0.200072254
11,2020-01-01T11:00:00+00:00,distributed_committable,24,A23,114,116,true,500,-109.653165002,-22.229171061,110.283438882,21.477875723,111.88365672,112.35540057,0.224710801
11,2020-01-01T11:00:00+00:00,distributed_committable,25,A24,115,116,true,500,103.651627319,15.850965815,-103.436278602,-17.699563629,104.856630516,104.939688792,0.209879378
11,2020-01-01T11:00:00+00:00,distributed_committable,26,A25-1,115,121,true,500,-99.163221168,-7.126134341,99.737971813,1.160427315,99.418942979,99.744722231,0.199489444
11,2020-01-01T11:00:00+00:00,distributed_committable,27,A25-2,115,121,true,500,-99.163221168,-7.126134341,99.737971813,1.160427315,99.418942979,99.744722231,0.199489444
11,2020-01-01T11:00:00+00:00,distributed_committable,28,A26,115,124,true,500,36.128536843,-8.33324968,-36.039049525,-2.18490659,37.077138841,36.105219948,0.074154278
11,2020-01-01T11:00:00+00:00,distributed_committable,29,A27,116,117,true,500,-123.405032625,-11.942288378,123.856710415,10.22684723,123.981532209,124.278208545,0.248556417
11,2020-01-01T11:00:00+00:00,distributed_committable,30,A28,116,119,true,500,76.936398668,0.239681336,-76.761577081,-3.869246195,76.936772009,76.859031883,0.153873544
11,2020-01-01T11:00:00+00:00,distributed_committable,31,A29,117,118,true,500,-92.801454369,1.992055758,92.9688856,-3.915056827,92.822832423,93.051283492,0.186102567
11,2020-01-01T11:00:00+00:00,distributed_committable,32,A30,117,122,true,500,-31.055255916,-12.218902999,31.186408959,-9.692577794,33.372601195,32.657895953,0.066745202
11,2020-01-01T11:00:00+00:00,distributed_committable,33,A31-1,118,121,true,500,-80.904197824,-11.513772923,81.09645195,7.470869451,81.719374645,81.439845342,0.163438749
11,2020-01-01T11:00:00+00:00,distributed_committable,34,A31-2,118,121,true,500,-80.904197824,-11.513772923,81.09645195,7.470869451,81.719374645,81.439845342,0.163438749
11,2020-01-01T11:00:00+00:00,distributed_committable,35,A32-1,119,120,true,500,25.423354485,-5.395349705,-25.391332965,-2.737605924,25.989550818,25.538486172,0.051979102
11,2020-01-01T11:00:00+00:00,distributed_committable,36,A32-2,119,120,true,500,25.423354485,-5.395349705,-25.391332965,-2.737605924,25.989550818,25.538486172,0.051979102
11,2020-01-01T11:00:00+00:00,distributed_committable,37,A33-1,120,123,true,500,0.033589704,-2.413185787,-0.033589429,-2.232890742,2.413419547,2.233143371,0.004826839
11,2020-01-01T11:00:00+00:00,distributed_committable,38,A33-2,120,123,true,500,0.033589704,-2.413185787,-0.033589429,-2.232890742,2.413419547,2.233143371,0.004826839
11,2020-01-01T11:00:00+00:00,distributed_committable,39,A34,121,122,true,500,2.086816074,-6.802787166,-2.086409003,-7.995147881,7.115666839,8.262898533,0.016525797
11,2020-01-01T11:00:00+00:00,distributed_committable,40,AB3,123,217,true,500,140.31434133,-27.852675922,-138.325391164,26.81720172,143.052039269,140.900944456,0.286104079
11,2020-01-01T11:00:00+00:00,distributed_committable,41,B1,201,202,true,175,-12.344462935,-15.108360745,12.351155962,-33.026390619,19.510210905,35.260367709,0.201487815
11,2020-01-01T11:00:00+00:00,distributed_committable,42,B2,201,203,true,175,-26.919916887,11.197613017,27.406797053,-15.216137282,29.155933573,31.347461755,0.179128353
11,2020-01-01T11:00:00+00:00,distributed_committable,43,B3,201,205,true,175,13.275791772,-15.151663253,-13.197775926,13.027106194,20.144963303,18.544184673,0.115114076
11,2020-01-01T11:00:00+00:00,distributed_committable,44,B4,202,204,true,175,5.878084582,2.26976483,-5.861991429,-5.733271491,6.30108806,8.199594228,0.046854824
11,2020-01-01T11:00:00+00:00,distributed_committable,45,B5,202,206,true,175,12.935623814,-17.785380282,-12.746688288,12.961758636,21.992046636,18.179253264,0.125668838
11,2020-01-01T11:00:00+00:00,distributed_committable,46,B6,203,209,true,175,31.676646642,-18.357784723,-31.286543388,16.556947469,36.611722199,35.397461868,0.209209841
11,2020-01-01T11:00:00+00:00,distributed_committable,47,B7,203,224,true,400,-111.208840534,2.778377926,111.458899581,7.724102045,111.243541821,111.726219162,0.279315548
11,2020-01-01T11:00:00+00:00,distributed_committable,48,B8,204,209,true,175,-24.620930014,-0.445699072,24.78011595,-1.84141443,24.624963805,24.848439661,0.141991084
11,2020-01-01T11:00:00+00:00,distributed_committable,49,B9,205,210,true,175,-16.049351404,-18.794145387,16.171382486,16.661429927,24.714400283,23.218890127,0.141225144
11,2020-01-01T11:00:00+00:00,distributed_committable,50,B10,206,210,true,175,-43.27597815,-133.531208931,43.516480322,-135.032252418,140.368778735,141.871044448,0.810691683
11,2020-01-01T11:00:00+00:00,distributed_committable,51,B11,207,208,true,175,-51.49142136,-10.298284272,51.955779814,10.437955281,52.511152459,52.993904994,0.302822314
11,2020-01-01T11:00:00+00:00,distributed_committable,52,B12-1,208,209,true,175,-65.40200049,-1.860031241,67.29074742,4.572437646,65.428444764,67.445918145,0.385405247
11,2020-01-01T11:00:00+00:00,distributed_committable,53,B13-2,208,210,true,175,-56.994043744,-22.995522021,58.619455126,24.560799347,61.458238303,63.556851589,0.363182009
11,2020-01-01T11:00:00+00:00,distributed_committable,54,B14,209,211,true,400,-56.940086033,-17.011258759,57.012014556,20.032256711,59.426898977,60.42897577,0.151072439
11,2020-01-01T11:00:00+00:00,distributed_committable,55,B15,209,212,true,400,-75.93222385,-17.106241277,76.055616034,22.288712998,77.835249787,79.254296145,0.19813574
11,2020-01-01T11:00:00+00:00,distributed_committable,56,B16,210,211,true,400,-89.405548908,38.46545467,89.582587696,-31.029825587,97.329046941,94.804483513,0.243322617
11,2020-01-01T11:00:00+00:00,distributed_committable,57,B17,210,212,true,400,-109.228386345,38.867313639,109.479593205,-28.316625518,115.937519609,113.082326688,0.289843799
11,2020-01-01T11:00:00+00:00,distributed_committable,58,B18,211,213,true,500,-53.031786675,3.712576328,53.202541573,-12.493079931,53.161580308,54.64967956,0.109299359
11,2020-01-01T11:00:00+00:00,distributed_committable,59,B19,211,214,true,500,-93.562815577,7.284992548,94.000696636,-12.546568449,93.845999249,94.834315245,0.18966863
11,2020-01-01T11:00:00+00:00,distributed_committable,60,B20,212,213,true,500,-19.662991874,1.787920109,19.688565863,-11.743550602,19.74411071,22.924890545,0.045849781
11,2020-01-01T11:00:00+00:00,distributed_committable,61,B21,212,223,true,500,-165.872217364,4.239992411,169.140203747,1.127761852,165.926399433,169.143963446,0.338287927
11,2020-01-01T11:00:00+00:00,distributed_committable,62,B22,213,223,true,500,-173.752920717,1.992336506,177.041794542,5.186334411,173.764342897,177.117743548,0.354235487
11,2020-01-01T11:00:00+00:00,distributed_committable,63,B23,214,216,true,500,-173.915382553,11.255809369,175.414996741,-1.934718171,174.279240109,175.425665785,0.350851332
11,2020-01-01T11:00:00+00:00,distributed_committable,64,B24,215,216,true,500,26.608334502,-23.475996803,-26.585264854,19.989457462,35.484163945,33.261910904,0.070968328
11,2020-01-01T11:00:00+00:00,distributed_committable,65,B25-1,215,221,true,500,-15.765201659,-7.112837346,15.780028518,-3.289354182,17.295491853,16.119216823,0.034590984
11,2020-01-01T11:00:00+00:00,distributed_committable,66,B25-2,215,221,true,500,-15.765201659,-7.112837346,15.780028518,-3.289354182,17.295491853,16.119216823,0.034590984
11,2020-01-01T11:00:00+00:00,distributed_committable,67,B26,215,224,true,500,112.330288541,3.198231302,-111.458899552,-7.724102049,112.375808816,111.726219133,0.224751618
11,2020-01-01T11:00:00+00:00,distributed_committable,68,B27,216,217,true,500,-79.528895258,13.772050784,79.721861655,-17.733922153,80.71254279,81.670479494,0.163340959
11,2020-01-01T11:00:00+00:00,distributed_committable,69,B28,216,219,true,500,-12.177512463,-18.596738067,12.189410136,13.640013861,22.229045785,18.292941196,0.044458092
11,2020-01-01T11:00:00+00:00,distributed_committable,70,B29,217,218,true,500,97.126947687,2.9869721,-96.942062949,-4.753430644,97.172866425,97.058532194,0.194345733
11,2020-01-01T11:00:00+00:00,distributed_committable,71,B30,217,222,true,500,-38.523417232,-12.070251791,38.726654094,-9.16219337,40.370096031,39.795722442,0.080740192
11,2020-01-01T11:00:00+00:00,distributed_committable,72,B31-1,218,221,true,500,-20.115541767,-11.628951288,20.129767695,6.138669038,23.235049572,21.044971015,0.046470099
11,2020-01-01T11:00:00+00:00,distributed_committable,73,B31-2,218,221,true,500,-20.115541767,-11.628951288,20.129767695,6.138669038,23.235049572,21.044971015,0.046470099
11,2020-01-01T11:00:00+00:00,distributed_committable,74,B32-1,219,220,true,500,-43.374494121,-14.440737292,43.470423885,6.570773558,45.715223217,43.964222021,0.091430446
11,2020-01-01T11:00:00+00:00,distributed_committable,75,B32-2,219,220,true,500,-43.374494121,-14.440737292,43.470423885,6.570773558,45.715223217,43.964222021,0.091430446
11,2020-01-01T11:00:00+00:00,distributed_committable,76,B33-1,220,223,true,500,-69.834031617,-11.92588138,69.976358645,8.133445664,70.84503242,70.447453521,0.141690065
11,2020-01-01T11:00:00+00:00,distributed_committable,77,B33-2,220,223,true,500,-69.834031617,-11.92588138,69.976358645,8.133445664,70.84503242,70.447453521,0.141690065
11,2020-01-01T11:00:00+00:00,distributed_committable,78,B34,221,222,true,500,-71.819592401,-5.698629715,72.273345877,-5.501118329,72.04532069,72.482403569,0.144964807
11,2020-01-01T11:00:00+00:00,distributed_committable,79,C1,301,302,true,175,9.229125132,-26.608096741,-9.226513361,-21.684070976,28.163230689,23.565387391,0.160932747
11,2020-01-01T11:00:00+00:00,distributed_committable,80,C2,301,303,true,175,-40.102690192,10.820895772,41.046973956,-13.153377997,41.536941943,43.102963049,0.246302646
11,2020-01-01T11:00:00+00:00,distributed_committable,81,C3,301,305,true,175,-33.9571847,2.580937129,34.202313186,-4.054440755,34.055126328,34.441787368,0.196810214
11,2020-01-01T11:00:00+00:00,distributed_committable,82,C4,302,304,true,175,-29.513268485,15.136723961,29.877711667,-17.260272532,33.168560851,34.504994745,0.197171399
11,2020-01-01T11:00:00+00:00,distributed_committable,83,C5,302,306,true,175,-19.487835994,-5.458347385,19.67261281,0.637143532,20.237818754,19.682927796,0.115644679
11,2020-01-01T11:00:00+00:00,distributed_committable,84,C6,303,309,true,175,-24.744146087,0.613862675,24.927890077,-3.259448224,24.751759391,25.140081671,0.14365761
11,2020-01-01T11:00:00+00:00,distributed_committable,85,C7,303,324,true,400,-68.154077469,-9.671019319,68.247798313,13.60729477,68.836813481,69.591094585,0.173977736
11,2020-01-01T11:00:00+00:00,distributed_committable,86,C8,304,309,true,175,-74.298780947,8.256001732,75.775795674,-5.477166817,74.756072762,75.973485943,0.434134205
11,2020-01-01T11:00:00+00:00,distributed_committable,87,C9,305,310,true,175,-76.822528306,-4.349545325,78.108648692,6.678818238,76.945561274,78.39367075,0.447963833
11,2020-01-01T11:00:00+00:00,distributed_committable,88,C10,306,310,true,175,-101.31133473,-125.37765744,102.649643553,-137.046574526,161.194117541,171.227079957,0.978440457
11,2020-01-01T11:00:00+00:00,distributed_committable,89,C11,307,308,true,175,-75.03559,-15.007118,76.051129843,17.279333113,76.521587525,77.989420458,0.445653831
11,2020-01-01T11:00:00+00:00,distributed_committable,90,C12-1,308,309,true,175,-61.143651762,-9.944559995,62.840277931,11.92018592,61.947077608,63.960858053,0.365490617
11,2020-01-01T11:00:00+00:00,distributed_committable,91,C13-2,308,310,true,175,-50.556165202,-28.344738318,52.003675345,29.252109206,57.959900192,59.666306592,0.340950323
11,2020-01-01T11:00:00+00:00,distributed_committable,92,C14,309,311,true,400,-90.656569542,-11.751361432,90.825026554,18.826555958,91.415032115,92.755725742,0.231889314
11,2020-01-01T11:00:00+00:00,distributed_committable,93,C15,309,312,true,400,-117.03722014,-13.042459367,117.316771721,24.783625778,117.7616943,119.906017505,0.299765044
11,2020-01-01T11:00:00+00:00,distributed_committable,94,C16,310,311,true,400,-126.346594707,38.853199718,126.673146283,-25.138033547,132.185601041,129.143357242,0.330464003
11,2020-01-01T11:00:00+00:00,distributed_committable,95,C17,310,312,true,400,-153.770893282,38.251058563,154.2401457,-18.542457001,158.457032352,155.350716951,0.396142581
11,2020-01-01T11:00:00+00:00,distributed_committable,96,C18,311,313,true,500,-231.786718405,16.599931669,234.97017131,-1.443886355,232.380379034,234.974607593,0.469949215
11,2020-01-01T11:00:00+00:00,distributed_committable,97,C19,311,314,true,500,14.288545572,-10.288454081,-14.276908668,1.382024605,17.607237772,14.343643648,0.035214476
11,2020-01-01T11:00:00+00:00,distributed_committable,98,C20,312,313,true,500,-186.350081803,13.708845686,188.396443781,-7.68525734,186.853647109,188.553130999,0.377106262
11,2020-01-01T11:00:00+00:00,distributed_committable,99,C21,312,323,true,500,-17.606835616,-19.950014464,17.653551236,-0.78703426,26.608339624,17.671086389,0.053216679
11,2020-01-01T11:00:00+00:00,distributed_committable,100,C22,313,323,true,500,85.15793411,-23.286231185,-84.371369382,10.46542274,88.284326495,85.017957189,0.176568653
11,2020-01-01T11:00:00+00:00,distributed_committable,101,C23,314,316,true,500,68.021672985,-26.932116961,-67.770751772,21.399170188,73.159325583,71.068975513,0.146318651
11,2020-01-01T11:00:00+00:00,distributed_committable,102,C24,315,316,true,500,-134.875714115,-13.304608171,135.229112822,12.557946088,135.530331869,135.810953036,0.271621906
11,2020-01-01T11:00:00+00:00,distributed_committable,103,C25-1,315,321,true,500,-9.030827109,-14.087503219,9.039973765,3.432016056,16.733606462,9.669532558,0.033467213
11,2020-01-01T11:00:00+00:00,distributed_committable,104,C25-2,315,321,true,500,-9.030827109,-14.087503219,9.039973765,3.432016056,16.733606462,9.669532558,0.033467213
11,2020-01-01T11:00:00+00:00,distributed_committable,105,C26,315,324,true,500,-37.352887906,3.061392528,37.452201687,-13.60729477,37.478131746,39.84753295,0.079695066
11,2020-01-01T11:00:00+00:00,distributed_committable,106,C27,316,317,true,500,22.832559582,-12.577298549,-22.814921843,6.962982894,26.067493471,23.853800315,0.052134987
11,2020-01-01T11:00:00+00:00,distributed_committable,107,C28,316,319,true,500,-183.15056789,28.141742655,184.138997886,-25.68937042,185.299995138,185.922334041,0.371844668
11,2020-01-01T11:00:00+00:00,distributed_committable,108,C29,317,318,true,500,160.283258202,6.327534429,-159.792924199,-6.034298523,160.408106254,159.906820939,0.320816213
11,2020-01-01T11:00:00+00:00,distributed_committable,109,C30,317,322,true,500,-48.092336359,-13.290517322,48.400969503,-7.824523599,49.894996414,49.029348541,0.099789993
11,2020-01-01T11:00:00+00:00,distributed_committable,110,C31-1,318,321,true,500,-37.348076468,-6.670596471,37.388641105,1.277647049,37.939104802,37.410464655,0.07587821
11,2020-01-01T11:00:00+00:00,distributed_committable,111,C31-2,318,321,true,500,-37.348076468,-6.670596471,37.388641105,1.277647049,37.939104802,37.410464655,0.07587821
11,2020-01-01T11:00:00+00:00,distributed_committable,112,C32-1,319,320,true,500,-80.595266101,1.73941789,80.907720717,-7.933730643,80.614034091,81.295776973,0.162591554
11,2020-01-01T11:00:00+00:00,distributed_committable,113,C32-2,319,320,true,500,-80.595266101,1.73941789,80.907720717,-7.933730643,80.614034091,81.295776973,0.162591554
11,2020-01-01T11:00:00+00:00,distributed_committable,114,C33-1,320,323,true,500,-51.325942795,0.130029283,51.401425819,-4.409304015,51.326107503,51.590198082,0.103180396
11,2020-01-01T11:00:00+00:00,distributed_committable,115,C33-2,320,323,true,500,-51.325942795,0.130029283,51.401425819,-4.409304015,51.326107503,51.590198082,0.103180396
11,2020-01-01T11:00:00+00:00,distributed_committable,116,C34,321,322,true,500,-92.857229741,-9.41932621,93.599030497,-0.003254505,93.333749637,93.599030554,0.187198061
11,2020-01-01T11:00:00+00:00,distributed_committable,117,CA-1,325,121,true,500,-36.085033442,-0.97127924,36.244335779,-19.002638369,36.098102746,40.923735669,0.081847471
11,2020-01-01T11:00:00+00:00,distributed_committable,118,CB-1,318,223,true,500,34.594265377,-21.443869496,-34.432320348,-0.128192541,40.701384938,34.432558979,0.08140277
11,2020-01-01T11:00:00+00:00,distributed_committable,119,C35,323,325,true,722,-36.085033498,-0.859780449,36.085033498,0.971279234,36.095274829,36.098102802,0.049997372
12,2020-01-01T12:00:00+00:00,reference_provider,0,A1,101,102,true,175,45.659846219,-26.796459734,-45.602288048,-23.048180007,52.942155331,51.095863598,0.302526602
12,2020-01-01T12:00:00+00:00,reference_provider,1,A2,101,103,true,175,36.096771724,-2.894981891,-35.438176292,-0.681530634,36.212675254,35.444729127,0.206929573
12,2020-01-01T12:00:00+00:00,reference_provider,2,A3,101,105,true,175,101.56713225,-18.666897625,-99.420197378,24.467787147,103.268269185,102.386758199,0.590104395
12,2020-01-01T12:00:00+00:00,reference_provider,3,A4,102,104,true,175,64.088753988,-3.522186562,-62.839741799,4.690369523,64.185467093,63.014543683,0.366774098
12,2020-01-01T12:00:00+00:00,reference_provider,4,A5,102,106,true,175,70.479309932,-19.000594176,-68.07171443,22.57129851,72.995586905,71.716259118,0.417117639
12,2020-01-01T12:00:00+00:00,reference_provider,5,A6,103,109,true,175,54.809227657,-11.975035019,-53.893918275,12.126183857,56.102164843,55.2412777,0.320583799
12,2020-01-01T12:00:00+00:00,reference_provider,6,A7,103,124,true,400,-42.331466888,-1.724186459,42.366579575,3.198919295,42.36656592,42.487176295,0.106217941
12,2020-01-01T12:00:00+00:00,reference_provider,7,A8,104,109,true,175,51.878237772,-10.520404187,-51.16813179,10.311881997,52.934208774,52.196864094,0.302481193
12,2020-01-01T12:00:00+00:00,reference_provider,8,A9,105,110,true,175,71.82470036,-29.909152851,-70.55243603,32.157220557,77.803245472,77.535366535,0.444589974
12,2020-01-01T12:00:00+00:00,reference_provider,9,A10,106,110,true,175,15.212733884,-143.108077398,-15.17441561,-127.09699067,143.914381104,127.999640337,0.822367892
12,2020-01-01T12:00:00+00:00,reference_provider,10,A11,107,108,true,175,-75.926122254,9.948142192,76.883214931,-7.982081522,76.575071489,77.296457639,0.441694044
12,2020-01-01T12:00:00+00:00,reference_provider,11,AB1,107,203,true,175,27.342500284,-19.664866587,-26.892265729,16.9848987,33.67965706,31.806929117,0.192455183
12,2020-01-01T12:00:00+00:00,reference_provider,12,A12-1,108,109,true,175,-72.015632882,5.532733365,74.279244438,-1.447872194,72.2278514,74.293354267,0.424533453
12,2020-01-01T12:00:00+00:00,reference_provider,13,A13-2,108,110,true,175,-71.329976907,-11.154065996,73.559365072,14.985552755,72.19680598,75.070280279,0.42897303
12,2020-01-01T12:00:00+00:00,reference_provider,14,A14,109,111,true,400,-17.332960279,-13.355345938,17.342651732,13.762386948,21.881425392,22.1398027,0.055349507
12,2020-01-01T12:00:00+00:00,reference_provider,15,A15,109,112,true,400,-19.901304721,-21.626930875,19.918788844,22.361264043,29.390237642,29.946356684,0.074865892
12,2020-01-01T12:00:00+00:00,reference_provider,16,A16,110,111,true,400,-30.427889226,36.49293933,30.470081095,-34.720880848,47.514114363,46.194863446,0.118785286
12,2020-01-01T12:00:00+00:00,reference_provider,17,A17,110,112,true,400,-33.195074366,27.914518978,33.230230658,-26.43795472,43.372033984,42.464263556,0.108430085
12,2020-01-01T12:00:00+00:00,reference_provider,18,A18,111,113,true,500,-7.548627324,-14.136071895,7.556895647,4.038422925,16.025301966,8.568286383,0.032050604
12,2020-01-01T12:00:00+00:00,reference_provider,19,A19,111,114,true,500,-40.264105487,35.094565793,40.421538512,-42.547829052,53.411859534,58.687464869,0.11737493
12,2020-01-01T12:00:00+00:00,reference_provider,20,A20,112,113,true,500,-1.821380419,-0.081264347,1.823064822,-10.140426375,1.8231924,10.303000166,0.020606
12,2020-01-01T12:00:00+00:00,reference_provider,21,A21,112,123,true,500,-51.327638196,4.157954933,51.660655075,-22.155399579,51.495776836,56.211075539,0.112422151
12,2020-01-01T12:00:00+00:00,reference_provider,22,A22,113,123,true,500,-56.052537714,4.218760255,56.410633803,-19.893551713,56.211074729,59.815658534,0.119631317
12,2020-01-01T12:00:00+00:00,reference_provider,23,AB2,113,215,true,500,110.175299853,-19.104881578,-108.974717634,11.963175525,111.819466989,109.629405964,0.223638934
12,2020-01-01T12:00:00+00:00,reference_provider,24,A23,114,116,true,500,-115.823319799,-22.610244067,116.523285425,22.652355292,118.009595144,118.70469766,0.237409395
12,2020-01-01T12:00:00+00:00,reference_provider,25,A24,115,116,true,500,127.692275941,16.221183974,-127.369985236,-17.177944173,128.718468544,128.523129844,0.257436937
12,2020-01-01T12:00:00+00:00,reference_provider,26,A25-1,115,121,true,500,-83.975995563,-9.203608395,84.386824042,1.847735823,84.478838997,84.407050651,0.168957678
12,2020-01-01T12:00:00+00:00,reference_provider,27,A25-2,115,121,true,500,-83.975995563,-9.203608395,84.386824042,1.847735823,84.478838997,84.407050651,0.168957678
12,2020-01-01T12:00:00+00:00,reference_provider,28,A26,115,124,true,500,42.489170965,-7.119209242,-42.36657951,-3.198919304,43.081466891,42.487176231,0.086162934
12,2020-01-01T12:00:00+00:00,reference_provider,29,A27,116,117,true,500,-116.374744528,-13.795042179,116.776093307,11.618597518,117.18952322,117.352664121,0.234705328
12,2020-01-01T12:00:00+00:00,reference_provider,30,A28,116,119,true,500,88.354548528,0.547251458,-88.124972825,-3.776319275,88.356243298,88.205846874,0.176712487
12,2020-01-01T12:00:00+00:00,reference_provider,31,A29,117,118,true,500,-87.576111699,0.771939764,87.724427404,-2.84308511,87.579513765,87.770486476,0.175540973
12,2020-01-01T12:00:00+00:00,reference_provider,32,A30,117,122,true,500,-29.199981353,-12.390537304,29.315442755,-9.738645898,31.720093407,30.890717179,0.063440187
12,2020-01-01T12:00:00+00:00,reference_provider,33,A31-1,118,121,true,500,-77.875598048,-11.793202616,78.053193294,7.596878095,78.763496616,78.422022036,0.157526993
12,2020-01-01T12:00:00+00:00,reference_provider,34,A31-2,118,121,true,500,-77.875598048,-11.793202616,78.053193294,7.596878095,78.763496616,78.422022036,0.157526993
12,2020-01-01T12:00:00+00:00,reference_provider,35,A32-1,119,120,true,500,31.537944881,-5.302216442,-31.488891525,-2.721440991,31.980548252,31.606273595,0.063961097
12,2020-01-01T12:00:00+00:00,reference_provider,36,A32-2,119,120,true,500,31.537944881,-5.302216442,-31.488891525,-2.721440991,31.980548252,31.606273595,0.063961097
12,2020-01-01T12:00:00+00:00,reference_provider,37,A33-1,120,123,true,500,6.614077904,-2.331255735,-6.612782269,-2.317790633,7.012900956,7.007213622,0.014025802
12,2020-01-01T12:00:00+00:00,reference_provider,38,A33-2,120,123,true,500,6.614077904,-2.331255735,-6.612782269,-2.317790633,7.012900956,7.007213622,0.014025802
12,2020-01-01T12:00:00+00:00,reference_provider,39,A34,121,122,true,500,2.716136526,-6.603220571,-2.715442839,-8.257058569,7.140022377,8.692102509,0.017384205
12,2020-01-01T12:00:00+00:00,reference_provider,40,AB3,123,217,true,500,154.530671426,-28.165971334,-152.131476666,30.128572566,157.076574806,155.086160173,0.31415315
12,2020-01-01T12:00:00+00:00,reference_provider,41,B1,201,202,true,175,-5.763087324,-15.637345286,5.766072985,-32.379112735,16.665525587,32.888516829,0.187934382
12,2020-01-01T12:00:00+00:00,reference_provider,42,B2,201,203,true,175,-31.091946531,11.954078615,31.719275603,-15.425221333,33.310796067,35.271091533,0.201549094
12,2020-01-01T12:00:00+00:00,reference_provider,43,B3,201,205,true,175,11.03244612,-15.386094087,-10.964311906,13.22829731,18.932690211,17.181501253,0.108186801
12,2020-01-01T12:00:00+00:00,reference_provider,44,B4,202,204,true,175,3.234513266,2.33436415,-3.22585687,-5.818741421,3.988901108,6.653112375,0.038017785
12,2020-01-01T12:00:00+00:00,reference_provider,45,B5,202,206,true,175,11.011534011,-17.922901281,-10.842060758,13.034383467,21.035310115,16.954215813,0.120201772
12,2020-01-01T12:00:00+00:00,reference_provider,46,B6,203,209,true,175,34.922178842,-19.097552313,-34.458588482,17.579216848,39.802953149,38.68362942,0.227445447
12,2020-01-01T12:00:00+00:00,reference_provider,47,B7,203,224,true,400,-113.953501594,2.284766183,114.216044222,8.742024177,113.976404059,114.55011019,0.286375275
12,2020-01-01T12:00:00+00:00,reference_provider,48,B8,204,209,true,175,-27.280360654,-0.364951321,27.476061643,-1.779306756,27.282801668,27.533613929,0.157334937
12,2020-01-01T12:00:00+00:00,reference_provider,49,B9,205,210,true,175,-18.30516707,-18.999743869,18.445726897,16.93968413,26.383127346,25.043916211,0.150760728
12,2020-01-01T12:00:00+00:00,reference_provider,50,B10,206,210,true,175,-45.223420101,-133.539911116,45.486214707,-134.836988674,140.989593895,142.302527184,0.813157298
12,2020-01-01T12:00:00+00:00,reference_provider,51,B11,207,208,true,175,-51.530772851,-10.30615457,51.995932876,10.449168351,52.551283263,53.035480151,0.303059887
12,2020-01-01T12:00:00+00:00,reference_provider,52,B12-1,208,209,true,175,-65.876507593,-1.704186251,67.793124026,4.524050443,65.898547051,67.943908466,0.388250906
12,2020-01-01T12:00:00+00:00,reference_provider,53,B13-2,208,210,true,175,-56.613522543,-23.173598498,58.223396593,24.67960797,61.172760294,63.238018315,0.361360105
12,2020-01-01T12:00:00+00:00,reference_provider,54,B14,209,211,true,400,-57.712592667,-17.623432006,57.78676217,20.738551165,60.343423071,61.395418286,0.153488546
12,2020-01-01T12:00:00+00:00,reference_provider,55,B15,209,212,true,400,-75.241086509,-17.54139111,75.36266629,22.6477419,77.258795623,78.692132284,0.196730331
12,2020-01-01T12:00:00+00:00,reference_provider,56,B16,210,211,true,400,-92.126433636,38.075862785,92.312146081,-30.275940099,99.684758621,97.150218028,0.249211897
12,2020-01-01T12:00:00+00:00,reference_provider,57,B17,210,212,true,400,-110.416910205,38.651986477,110.672683912,-27.909490768,116.98662367,114.13756016,0.292466559
12,2020-01-01T12:00:00+00:00,reference_provider,58,B18,211,213,true,500,-51.228330189,3.548227082,51.387642535,-12.430424438,51.351063567,52.869700747,0.105739401
12,2020-01-01T12:00:00+00:00,reference_provider,59,B19,211,214,true,500,-98.870578061,5.989161852,99.356831622,-10.861689584,99.051811018,99.948768329,0.199897537
12,2020-01-01T12:00:00+00:00,reference_provider,60,B20,212,213,true,500,-20.422066203,1.47928371,20.449175807,-11.430287471,20.475572478,23.426913216,0.046853826
12,2020-01-01T12:00:00+00:00,reference_provider,61,B21,212,223,true,500,-165.613283996,3.782465158,168.867801908,1.457661653,165.656472492,168.874093036,0.337748186
12,2020-01-01T12:00:00+00:00,reference_provider,62,B22,213,223,true,500,-173.082056783,1.599418037,176.341679049,5.327528,173.089446583,176.422136719,0.352844273
12,2020-01-01T12:00:00+00:00,reference_provider,63,B23,214,216,true,500,-179.332591018,12.276831947,180.923487692,-1.901891401,179.752326282,180.933483881,0.361866968
12,2020-01-01T12:00:00+00:00,reference_provider,64,B24,215,216,true,500,38.076146444,-24.792931949,-38.037488164,21.428758336,45.436575604,43.65824309,0.090873151
12,2020-01-01T12:00:00+00:00,reference_provider,65,B25-1,215,221,true,500,-17.156910106,-6.851772303,17.174328814,-3.557728658,18.47447829,17.538956737,0.036948957
12,2020-01-01T12:00:00+00:00,reference_provider,66,B25-2,215,221,true,500,-17.156910106,-6.851772303,17.174328814,-3.557728658,18.47447829,17.538956737,0.036948957
12,2020-01-01T12:00:00+00:00,reference_provider,67,B26,215,224,true,500,115.130351513,4.513092427,-114.216044162,-8.742024185,115.218773829,114.550110131,0.230437548
12,2020-01-01T12:00:00+00:00,reference_provider,68,B27,216,217,true,500,-91.561368911,16.284921314,91.816452787,-19.722728114,92.998295356,93.910846054,0.187821692
12,2020-01-01T12:00:00+00:00,reference_provider,69,B28,216,219,true,500,0.450751104,-19.031611992,-0.442797071,14.032221237,19.036949114,14.039205892,0.038073898
12,2020-01-01T12:00:00+00:00,reference_provider,70,B29,217,218,true,500,99.0122189,2.140651572,-98.82068258,-3.867922306,99.03535672,98.896350431,0.198070713
12,2020-01-01T12:00:00+00:00,reference_provider,71,B30,217,222,true,500,-38.697193118,-12.546496288,38.90191422,-8.738397332,40.680306345,39.871274345,0.081360613
12,2020-01-01T12:00:00+00:00,reference_provider,72,B31-1,218,221,true,500,-19.228648128,-12.082409063,19.242050307,6.570523219,22.709590873,20.332935729,0.045419182
12,2020-01-01T12:00:00+00:00,reference_provider,73,B31-2,218,221,true,500,-19.228648128,-12.082409063,19.242050307,6.570523219,22.709590873,20.332935729,0.045419182
12,2020-01-01T12:00:00+00:00,reference_provider,74,B32-1,219,220,true,500,-37.086880984,-14.642665001,37.158388299,6.560919642,39.872852662,37.733161643,0.079745705
12,2020-01-01T12:00:00+00:00,reference_provider,75,B32-2,219,220,true,500,-37.086880984,-14.642665001,37.158388299,6.560919642,39.872852662,37.733161643,0.079745705
12,2020-01-01T12:00:00+00:00,reference_provider,76,B33-1,220,223,true,500,-63.542143989,-11.920120019,63.66022942,7.943066364,64.650547746,64.153855013,0.129301095
12,2020-01-01T12:00:00+00:00,reference_provider,77,B33-2,220,223,true,500,-63.542143989,-11.920120019,63.66022942,7.943066364,64.650547746,64.153855013,0.129301095
12,2020-01-01T12:00:00+00:00,reference_provider,78,B34,221,222,true,500,-72.832758191,-6.025589127,73.298085722,-5.13000739,73.081587217,73.477386632,0.146954773
12,2020-01-01T12:00:00+00:00,reference_provider,79,C1,301,302,true,175,13.852362832,-27.281527421,-13.846610172,-21.100908679,30.596890274,25.238402492,0.174839373
12,2020-01-01T12:00:00+00:00,reference_provider,80,C2,301,303,true,175,-46.287230934,11.700813543,47.52249825,-12.946135494,47.743238109,49.254342592,0.281453386
12,2020-01-01T12:00:00+00:00,reference_provider,81,C3,301,305,true,175,-31.917552008,2.471887559,32.133821284,-4.061304163,32.013127843,32.389452941,0.185082588
12,2020-01-01T12:00:00+00:00,reference_provider,82,C4,302,304,true,175,-25.593699209,14.641172914,25.884339883,-17.053386067,29.485613161,30.99704869,0.177125993
12,2020-01-01T12:00:00+00:00,reference_provider,83,C5,302,306,true,175,-18.35769757,-5.45737907,18.521700419,0.548263183,19.151711317,18.529813246,0.10943835
12,2020-01-01T12:00:00+00:00,reference_provider,84,C6,303,309,true,175,-5.291264876,-0.559842264,5.299903664,-2.766971915,5.320799503,5.978721638,0.034164124
12,2020-01-01T12:00:00+00:00,reference_provider,85,C7,303,324,true,400,-57.985266889,-8.540684687,58.052699252,11.372843934,58.610873319,59.156212435,0.147890531
12,2020-01-01T12:00:00+00:00,reference_provider,86,C8,304,309,true,175,-69.977664772,8.115549941,71.289314892,-5.9712317,70.446687061,71.538954604,0.408794026
12,2020-01-01T12:00:00+00:00,reference_provider,87,C9,305,310,true,175,-74.439578949,-4.280676222,75.645459666,6.301134173,74.562558318,75.907442717,0.433756816
12,2020-01-01T12:00:00+00:00,reference_provider,88,C10,306,310,true,175,-99.558081297,-125.255323117,100.850076416,-137.482044742,160.002210987,170.505280093,0.974315886
12,2020-01-01T12:00:00+00:00,reference_provider,89,C11,307,308,true,175,-74.481967719,-14.896393544,75.48292129,17.113873329,75.957001362,77.398682591,0.442278186
12,2020-01-01T12:00:00+00:00,reference_provider,90,C12-1,308,309,true,175,-59.40560701,-10.110536858,61.010987729,11.742641327,60.259846496,62.130751235,0.355032864
12,2020-01-01T12:00:00+00:00,reference_provider,91,C13-2,308,310,true,175,-52.56864612,-27.858287432,54.098702021,29.083953206,59.494089904,61.421054163,0.350977452
12,2020-01-01T12:00:00+00:00,reference_provider,92,C14,309,311,true,400,-96.927708042,-12.060201712,97.120438384,20.154876081,97.675119921,99.18971006,0.247974275
12,2020-01-01T12:00:00+00:00,reference_provider,93,C15,309,312,true,400,-124.54725305,-12.395042703,124.863721743,25.6867278,125.162515658,127.478456974,0.318696142
12,2020-01-01T12:00:00+00:00,reference_provider,94,C16,310,311,true,400,-125.184792614,39.008353289,125.506108512,-25.513085572,131.12163791,128.073029203,0.327804095
12,2020-01-01T12:00:00+00:00,reference_provider,95,C17,310,312,true,400,-153.90131513,39.254374403,154.372770774,-19.453237377,158.828589078,155.593639976,0.397071473
12,2020-01-01T12:00:00+00:00,reference_provider,96,C18,311,313,true,500,-232.817780847,17.457183436,236.033143329,-2.038079905,233.471352273,236.041942288,0.472083885
12,2020-01-01T12:00:00+00:00,reference_provider,97,C19,311,314,true,500,10.191233961,-12.098973946,-10.183313888,3.157208246,15.819178872,10.661512352,0.031638358
12,2020-01-01T12:00:00+00:00,reference_provider,98,C20,312,313,true,500,-185.101018056,12.895762389,187.12169803,-7.064295307,185.549690307,187.254997642,0.374509995
12,2020-01-01T12:00:00+00:00,reference_provider,99,C21,312,323,true,500,-28.635474456,-19.129252812,28.74014028,-1.122539702,34.437170477,28.762054146,0.068874341
12,2020-01-01T12:00:00+00:00,reference_provider,100,C22,313,323,true,500,72.043387079,-23.073834843,-71.474706013,8.539951877,75.648208678,71.983083969,0.151296417
12,2020-01-01T12:00:00+00:00,reference_provider,101,C23,314,316,true,500,62.487299982,-26.043500484,-62.273855998,20.059755654,67.697315874,65.424971821,0.135394632
12,2020-01-01T12:00:00+00:00,reference_provider,102,C24,315,316,true,500,-129.515620384,-11.981154647,129.840704657,10.990163492,130.068612625,130.304997139,0.260609994
12,2020-01-01T12:00:00+00:00,reference_provider,103,C25-1,315,321,true,500,-8.026431169,-13.586621454,8.034077138,2.907993516,15.780363742,8.544168874,0.031560727
12,2020-01-01T12:00:00+00:00,reference_provider,104,C25-2,315,321,true,500,-8.026431169,-13.586621454,8.034077138,2.907993516,15.780363742,8.544168874,0.031560727
12,2020-01-01T12:00:00+00:00,reference_provider,105,C26,315,324,true,500,-43.317787413,1.019630082,43.447300747,-11.372843934,43.329785966,44.911129148,0.089822258
12,2020-01-01T12:00:00+00:00,reference_provider,106,C27,316,317,true,500,32.203844298,-12.086823366,-32.17171142,6.596648756,34.397367438,32.841053432,0.068794735
12,2020-01-01T12:00:00+00:00,reference_provider,107,C28,316,319,true,500,-197.356267125,31.623547278,198.505371993,-27.941448064,199.873822488,200.462233925,0.400924468
12,2020-01-01T12:00:00+00:00,reference_provider,108,C29,317,318,true,500,139.248298684,6.271730978,-138.877900607,-6.818783684,139.38946623,139.045198004,0.278778932
12,2020-01-01T12:00:00+00:00,reference_provider,109,C30,317,322,true,500,-49.122587263,-12.868379734,49.444441437,-8.139382577,50.780151402,50.109902592,0.101560303
12,2020-01-01T12:00:00+00:00,reference_provider,110,C31-1,318,321,true,500,-37.053633547,-6.959489965,37.093609354,1.5577004,37.701541873,37.126301802,0.075403084
12,2020-01-01T12:00:00+00:00,reference_provider,111,C31-2,318,321,true,500,-37.053633547,-6.959489965,37.093609354,1.5577004,37.701541873,37.126301802,0.075403084
12,2020-01-01T12:00:00+00:00,reference_provider,112,C32-1,319,320,true,500,-86.327630621,2.947392809,86.686556368,-8.770592501,86.377930821,87.129113089,0.174258226
12,2020-01-01T12:00:00+00:00,reference_provider,113,C32-2,319,320,true,500,-86.327630621,2.947392809,86.686556368,-8.770592501,86.377930821,87.129113089,0.174258226
12,2020-01-01T12:00:00+00:00,reference_provider,114,C33-1,320,323,true,500,-57.171323837,1.024467858,57.265091217,-5.169433171,57.180501953,57.49794528,0.114995891
12,2020-01-01T12:00:00+00:00,reference_provider,115,C33-2,320,323,true,500,-57.171323837,1.024467858,57.265091217,-5.169433171,57.180501953,57.49794528,0.114995891
12,2020-01-01T12:00:00+00:00,reference_provider,116,C34,321,322,true,500,-90.255372985,-8.931387833,90.955558563,-0.806559796,90.696207425,90.959134627,0.181918269
12,2020-01-01T12:00:00+00:00,reference_provider,117,CA-1,325,121,true,500,-71.795616573,2.479571912,72.403827726,-18.865932785,71.838421725,74.821371875,0.149642744
12,2020-01-01T12:00:00+00:00,reference_provider,118,CB-1,318,223,true,500,14.565205702,-19.780426825,-14.529939787,-2.825688605,24.564415371,14.802150733,0.049128831
12,2020-01-01T12:00:00+00:00,reference_provider,119,C35,323,325,true,722,-71.795616714,2.92145417,71.795616714,-2.47957193,71.855030956,71.838421866,0.099522204
12,2020-01-01T12:00:00+00:00,distributed_committable,0,A1,101,102,true,175,39.658594329,-26.853667241,-39.615339598,-23.277603639,47.894921948,45.94803546,0.273685268
12,2020-01-01T12:00:00+00:00,distributed_committable,1,A2,101,103,true,175,40.68385414,-1.823852399,-39.849949873,-1.083237901,40.724715164,39.864669938,0.232712658
12,2020-01-01T12:00:00+00:00,distributed_committable,2,A3,101,105,true,175,102.981302014,-17.554103909,-100.792759829,23.507899594,104.466717803,103.49783465,0.596952673
12,2020-01-01T12:00:00+00:00,distributed_committable,3,A4,102,104,true,175,66.263261331,-2.599029851,-64.934838937,4.061790524,66.314212341,65.061751053,0.378938356
12,2020-01-01T12:00:00+00:00,distributed_committable,4,A5,102,106,true,175,71.813392278,-18.215498264,-69.341228458,22.01858097,74.087567699,72.753170872,0.42335753
12,2020-01-01T12:00:00+00:00,distributed_committable,5,A6,103,109,true,175,49.960571394,-12.197138203,-49.190817945,11.796213349,51.427899766,50.585444739,0.293873713
12,2020-01-01T12:00:00+00:00,distributed_committable,6,A7,103,124,true,400,-33.071037159,-1.100376,33.09252739,2.002965703,33.089338557,33.153087951,0.08288272
12,2020-01-01T12:00:00+00:00,distributed_committable,7,A8,104,109,true,175,53.973334735,-9.891825161,-53.210383337,9.88561719,54.872297814,54.120886191,0.313555988
12,2020-01-01T12:00:00+00:00,distributed_committable,8,A9,105,110,true,175,73.197262556,-28.949265256,-71.896834651,31.302420241,78.714034356,78.41553638,0.449794482
12,2020-01-01T12:00:00+00:00,distributed_committable,9,A10,106,110,true,175,16.482247756,-142.660176055,-16.440010828,-127.656689351,143.609158215,128.710933072,0.820623761
12,2020-01-01T12:00:00+00:00,distributed_committable,10,A11,107,108,true,175,-72.332114944,8.923354422,73.198146502,-7.306136653,72.880457644,73.561867052,0.420353526
12,2020-01-01T12:00:00+00:00,distributed_committable,11,AB1,107,203,true,175,23.74849297,-18.640078816,-23.391988512,15.598197128,30.190121839,28.115634088,0.172514982
12,2020-01-01T12:00:00+00:00,distributed_committable,12,A12-1,108,109,true,175,-69.683662494,5.101855966,71.799960053,-1.582840411,69.870177851,71.817404906,0.410385171
12,2020-01-01T12:00:00+00:00,distributed_committable,13,A13-2,108,110,true,175,-69.976878868,-11.399133465,72.123687906,14.911676554,70.899251194,73.649062824,0.420851788
12,2020-01-01T12:00:00+00:00,distributed_committable,14,A14,109,111,true,400,-16.053637564,-12.881467291,16.062218261,13.241856549,20.582795695,20.81685904,0.052042148
12,2020-01-01T12:00:00+00:00,distributed_committable,15,A15,109,112,true,400,-21.362191966,-21.209605965,21.380546078,21.980478686,30.103000362,30.663809188,0.076659523
12,2020-01-01T12:00:00+00:00,distributed_committable,16,A16,110,111,true,400,-26.9853592,37.257038717,27.024910431,-35.595887012,46.003223203,44.692426159,0.115008058
12,2020-01-01T12:00:00+00:00,distributed_committable,17,A17,110,112,true,400,-32.591933502,28.638794808,32.627113741,-27.161224762,43.386803264,42.4530409,0.108467008
12,2020-01-01T12:00:00+00:00,distributed_committable,18,A18,111,113,true,500,-14.011326477,-13.086503325,14.026824873,3.062823951,19.172215284,14.357322403,0.038344431
12,2020-01-01T12:00:00+00:00,distributed_committable,19,A19,111,114,true,500,-29.075802214,35.440533788,29.196401191,-43.18311774,45.841397334,52.126878865,0.104253758
12,2020-01-01T12:00:00+00:00,distributed_committable,20,A20,112,113,true,500,-3.494233151,0.62873864,3.496885424,-10.827930083,3.550348939,11.378588557,0.022757177
12,2020-01-01T12:00:00+00:00,distributed_committable,21,A21,112,123,true,500,-50.513426641,4.552007433,50.838453884,-22.578721224,50.718113556,55.626855433,0.111253711
12,2020-01-01T12:00:00+00:00,distributed_committable,22,A22,113,123,true,500,-54.224364638,4.221456769,54.561271745,-20.027885889,54.38844011,58.120982336,0.116241965
12,2020-01-01T12:00:00+00:00,distributed_committable,23,AB2,113,215,true,500,100.203375792,-17.444475331,-99.209854736,8.78997233,101.710502111,99.598488393,0.203421004
12,2020-01-01T12:00:00+00:00,distributed_committable,24,A23,114,116,true,500,-104.598182493,-21.974949892,105.172911866,20.575501104,106.881608351,107.16665823,0.214333316
12,2020-01-01T12:00:00+00:00,distributed_committable,25,A24,115,116,true,500,95.081825115,12.959049199,-94.900994339,-15.093409745,95.960879651,96.09375497,0.19218751
12,2020-01-01T12:00:00+00:00,distributed_committable,26,A25-1,115,121,true,500,-92.240430339,-8.688628398,92.73958548,2.131895581,92.648741235,92.764086228,0.185528172
12,2020-01-01T12:00:00+00:00,distributed_committable,27,A25-2,115,121,true,500,-92.240430339,-8.688628398,92.73958548,2.131895581,92.648741235,92.764086228,0.185528172
12,2020-01-01T12:00:00+00:00,distributed_committable,28,A26,115,124,true,500,33.16834174,-8.590176229,-33.092527388,-2.002965703,34.262662206,33.153087949,0.068525324
12,2020-01-01T12:00:00+00:00,distributed_committable,29,A27,116,117,true,500,-113.421597073,-12.836470884,113.804599926,10.534800579,114.145668631,114.291158834,0.228582318
12,2020-01-01T12:00:00+00:00,distributed_committable,30,A28,116,119,true,500,64.282782018,-0.418999994,-64.160585924,-3.609132769,64.28414754,64.262015417,0.128568295
12,2020-01-01T12:00:00+00:00,distributed_committable,31,A29,117,118,true,500,-85.006230057,1.551351282,85.146938638,-3.655772446,85.020384846,85.225382554,0.170450765
12,2020-01-01T12:00:00+00:00,distributed_committable,32,A30,117,122,true,500,-28.798369862,-12.086151861,28.911336607,-9.911339,31.231733437,30.563049998,0.062463467
12,2020-01-01T12:00:00+00:00,distributed_committable,33,A31-1,118,121,true,500,-76.586853784,-11.386858954,76.759635022,7.187125504,77.428720313,77.095371727,0.154857441
12,2020-01-01T12:00:00+00:00,distributed_committable,34,A31-2,118,121,true,500,-76.586853784,-11.386858954,76.759635022,7.187125504,77.428720313,77.095371727,0.154857441
12,2020-01-01T12:00:00+00:00,distributed_committable,35,A32-1,119,120,true,500,19.555750678,-5.385809669,-19.536766613,-2.849413481,20.283844072,19.743464916,0.040567688
12,2020-01-01T12:00:00+00:00,distributed_committable,36,A32-2,119,120,true,500,19.555750678,-5.385809669,-19.536766613,-2.849413481,20.283844072,19.743464916,0.040567688
12,2020-01-01T12:00:00+00:00,distributed_committable,37,A33-1,120,123,true,500,-5.33804781,-2.203283206,5.338894596,-2.437229812,5.774877601,5.868891264,0.011737783
12,2020-01-01T12:00:00+00:00,distributed_committable,38,A33-2,120,123,true,500,-5.33804781,-2.203283206,5.338894596,-2.437229812,5.774877601,5.868891264,0.011737783
12,2020-01-01T12:00:00+00:00,distributed_committable,39,A34,121,122,true,500,2.311867696,-6.496053734,-2.31133661,-8.264443406,6.895175586,8.581567557,0.017163135
12,2020-01-01T12:00:00+00:00,distributed_committable,40,AB3,123,217,true,500,143.359542001,-27.517618518,-141.286915667,27.102354443,145.976633787,143.862886649,0.291953268
12,2020-01-01T12:00:00+00:00,distributed_committable,41,B1,201,202,true,175,-11.945875431,-15.186664179,11.952250025,-32.946012518,19.321974762,35.047054392,0.200268882
12,2020-01-01T12:00:00+00:00,distributed_committable,42,B2,201,203,true,175,-27.379980314,11.340360566,27.88217282,-15.299811103,29.635571527,31.804084344,0.181737625
12,2020-01-01T12:00:00+00:00,distributed_committable,43,B3,201,205,true,175,13.503268002,-15.223036209,-13.423544249,13.105222078,20.348933096,18.760020946,0.116279618
12,2020-01-01T12:00:00+00:00,distributed_committable,44,B4,202,204,true,175,5.928230552,2.260778717,-5.911972322,-5.723369132,6.344685799,8.228509643,0.047020055
12,2020-01-01T12:00:00+00:00,distributed_committable,45,B5,202,206,true,175,13.0729263,-17.82530093,-12.881686047,13.010844749,22.10526533,18.309011893,0.126315802
12,2020-01-01T12:00:00+00:00,distributed_committable,46,B6,203,209,true,175,32.637182059,-18.551517572,-32.226299959,16.830623107,37.541236753,36.356626401,0.214521353
12,2020-01-01T12:00:00+00:00,distributed_committable,47,B7,203,224,true,400,-111.331679272,3.000022783,111.582326267,7.527150991,111.372092313,111.835922391,0.279589806
12,2020-01-01T12:00:00+00:00,distributed_committable,48,B8,204,209,true,175,-24.594245206,-0.460323611,24.753092632,-1.827870448,24.598552702,24.820489625,0.141831369
12,2020-01-01T12:00:00+00:00,distributed_committable,49,B9,205,210,true,175,-15.84593473,-18.876668637,15.967195696,16.741065451,24.64593813,23.134705765,0.140833932
12,2020-01-01T12:00:00+00:00,distributed_committable,50,B10,206,210,true,175,-43.183794815,-133.584791912,43.423275577,-134.977811078,140.39136998,141.790656762,0.810232324
12,2020-01-01T12:00:00+00:00,distributed_committable,51,B11,207,208,true,175,-51.530772851,-10.30615457,51.995923366,10.449099485,52.551283263,53.035457259,0.303059756
12,2020-01-01T12:00:00+00:00,distributed_committable,52,B12-1,208,209,true,175,-65.509648522,-1.838053912,67.4048918,4.575859993,65.535429286,67.56003207,0.386057326
12,2020-01-01T12:00:00+00:00,distributed_committable,53,B13-2,208,210,true,175,-56.980372104,-23.039661971,58.606142257,24.606625013,61.462092617,63.562299398,0.363213139
12,2020-01-01T12:00:00+00:00,distributed_committable,54,B14,209,211,true,400,-56.785047186,-17.102204261,56.85668476,20.110982346,59.304527437,60.308657859,0.150771645
12,2020-01-01T12:00:00+00:00,distributed_committable,55,B15,209,212,true,400,-75.289719278,-17.317270971,75.411288951,22.423197262,77.255612759,78.674406746,0.196686017
12,2020-01-01T12:00:00+00:00,distributed_committable,56,B16,210,211,true,400,-89.533363924,38.43604562,89.71078788,-30.984239471,97.434864697,94.910739949,0.243587162
12,2020-01-01T12:00:00+00:00,distributed_committable,57,B17,210,212,true,400,-108.851255253,38.704227681,109.100688622,-28.22802616,115.527542216,112.693308225,0.288818856
12,2020-01-01T12:00:00+00:00,distributed_committable,58,B18,211,213,true,500,-52.003163928,3.447126922,52.167252158,-12.282170387,52.117288326,53.593599498,0.107187199
12,2020-01-01T12:00:00+00:00,distributed_committable,59,B19,211,214,true,500,-94.564308712,7.426130202,95.011602369,-12.609305801,94.85544735,95.844661706,0.191689323
12,2020-01-01T12:00:00+00:00,distributed_committable,60,B20,212,213,true,500,-19.47882096,1.786241213,19.503964696,-11.747161139,19.560550188,22.768408677,0.045536817
12,2020-01-01T12:00:00+00:00,distributed_committable,61,B21,212,223,true,500,-165.033156613,4.018587685,168.267045545,1.070039381,165.082076037,168.270447794,0.336540896
12,2020-01-01T12:00:00+00:00,distributed_committable,62,B22,213,223,true,500,-172.916455298,1.768037654,176.172777535,5.150246656,172.925493985,176.248042784,0.352496086
12,2020-01-01T12:00:00+00:00,distributed_committable,63,B23,214,216,true,500,-174.987361831,11.797789712,176.506088102,-2.250222875,175.384619174,176.520431226,0.353040862
12,2020-01-01T12:00:00+00:00,distributed_committable,64,B24,215,216,true,500,29.223970577,-24.490182648,-29.197140161,21.037188844,38.128853935,35.986612901,0.076257708
12,2020-01-01T12:00:00+00:00,distributed_committable,65,B25-1,215,221,true,500,-16.276039167,-7.146152588,16.291845752,-3.242771871,17.775740428,16.611436043,0.035551481
12,2020-01-01T12:00:00+00:00,distributed_committable,66,B25-2,215,221,true,500,-16.276039167,-7.146152588,16.291845752,-3.242771871,17.775740428,16.611436043,0.035551481
12,2020-01-01T12:00:00+00:00,distributed_committable,67,B26,215,224,true,500,112.455922544,3.022836211,-111.582326265,-7.527150991,112.496542409,111.835922389,0.224993085
12,2020-01-01T12:00:00+00:00,distributed_committable,68,B27,216,217,true,500,-82.53152685,14.319076715,82.739322489,-18.150499797,83.764484611,84.706765543,0.169413531
12,2020-01-01T12:00:00+00:00,distributed_committable,69,B28,216,219,true,500,-7.773431705,-19.657901204,7.783795309,14.690419536,21.139047287,16.625158512,0.042278095
12,2020-01-01T12:00:00+00:00,distributed_committable,70,B29,217,218,true,500,97.489321418,3.104667255,-97.302966275,-4.859607511,97.538744862,97.424242522,0.19507749
12,2020-01-01T12:00:00+00:00,distributed_committable,71,B30,217,222,true,500,-38.941728182,-12.056521909,39.149477321,-9.135034119,40.765400946,40.201124647,0.081530802
12,2020-01-01T12:00:00+00:00,distributed_committable,72,B31-1,218,221,true,500,-19.987506299,-11.58656646,20.001565436,6.097292423,23.103006956,20.910274862,0.046206014
12,2020-01-01T12:00:00+00:00,distributed_committable,73,B31-2,218,221,true,500,-19.987506299,-11.58656646,20.001565436,6.097292423,23.103006956,20.910274862,0.046206014
12,2020-01-01T12:00:00+00:00,distributed_committable,74,B32-1,219,220,true,500,-41.200177198,-14.97176415,41.287760049,7.035056721,43.836153149,41.882826467,0.087672306
12,2020-01-01T12:00:00+00:00,distributed_committable,75,B32-2,219,220,true,500,-41.200177198,-14.97176415,41.287760049,7.035056721,43.836153149,41.882826467,0.087672306
12,2020-01-01T12:00:00+00:00,distributed_committable,76,B33-1,220,223,true,500,-67.671515748,-12.394257098,67.805573331,8.540636868,68.79717765,68.341336341,0.137594355
12,2020-01-01T12:00:00+00:00,distributed_committable,77,B33-2,220,223,true,500,-67.671515748,-12.394257098,67.805573331,8.540636868,68.79717765,68.341336341,0.137594355
12,2020-01-01T12:00:00+00:00,distributed_committable,78,B34,221,222,true,500,-72.586822375,-5.709041103,73.050522677,-5.410490522,72.81098772,73.250612769,0.146501226
12,2020-01-01T12:00:00+00:00,distributed_committable,79,C1,301,302,true,175,14.046360807,-27.363702904,-14.040437602,-21.012217342,30.758291379,25.271469401,0.175761665
12,2020-01-01T12:00:00+00:00,distributed_committable,80,C2,301,303,true,175,-46.688052248,11.890073389,47.945920788,-13.047488101,48.178294572,49.689518673,0.283940107
12,2020-01-01T12:00:00+00:00,distributed_committable,81,C3,301,305,true,175,-31.710728669,2.364803196,31.924104394,-3.965193205,31.798783103,32.169414022,0.183825223
12,2020-01-01T12:00:00+00:00,distributed_committable,82,C4,302,304,true,175,-25.532224751,14.616168626,25.821650231,-17.032686605,29.419838308,30.933315918,0.176761805
12,2020-01-01T12:00:00+00:00,distributed_committable,83,C5,302,306,true,175,-18.225344597,-5.521066119,18.38722835,0.604174638,19.043249638,18.397151774,0.108818569
12,2020-01-01T12:00:00+00:00,distributed_committable,84,C6,303,309,true,175,-4.40328267,-0.876106096,4.409200869,-2.460524217,4.489594655,5.049280317,0.02885303
12,2020-01-01T12:00:00+00:00,distributed_committable,85,C7,303,324,true,400,-59.296671634,-8.123068248,59.367006013,11.077112177,59.850476227,60.391587304,0.150978968
12,2020-01-01T12:00:00+00:00,distributed_committable,86,C8,304,309,true,175,-69.914975121,8.094850479,71.224343142,-5.959039918,70.382031446,71.473192266,0.408418242
12,2020-01-01T12:00:00+00:00,distributed_committable,87,C9,305,310,true,175,-74.229862059,-4.376787179,75.429152238,6.372088064,74.358783525,75.697823705,0.432558993
12,2020-01-01T12:00:00+00:00,distributed_committable,88,C10,306,310,true,175,-99.423609229,-125.309113063,100.71205174,-137.441125498,159.960707327,170.390669768,0.97366097
12,2020-01-01T12:00:00+00:00,distributed_committable,89,C11,307,308,true,175,-74.481967719,-14.896393544,75.482981765,17.114197698,75.957001362,77.398813292,0.442278933
12,2020-01-01T12:00:00+00:00,distributed_committable,90,C12-1,308,309,true,175,-59.459150987,-10.076990754,61.067231262,11.719805315,60.307017657,62.181673913,0.355323851
12,2020-01-01T12:00:00+00:00,distributed_committable,91,C13-2,308,310,true,175,-52.515162618,-27.892157906,54.043575464,29.11164286,59.462717542,61.385631861,0.350775039
12,2020-01-01T12:00:00+00:00,distributed_committable,92,C14,309,311,true,400,-97.038482056,-12.277886661,97.231772083,20.396067762,97.812133709,99.347959629,0.248369899
12,2020-01-01T12:00:00+00:00,distributed_committable,93,C15,309,312,true,400,-123.537048023,-12.473161222,123.84852313,25.555115732,124.165139975,126.457584279,0.316143961
12,2020-01-01T12:00:00+00:00,distributed_committable,94,C16,310,311,true,400,-125.563544522,38.875217814,125.886441544,-25.313542884,131.443852169,128.406275617,0.32860963
12,2020-01-01T12:00:00+00:00,distributed_committable,95,C17,310,312,true,400,-153.113104562,39.247947091,153.580028215,-19.637153687,158.063354828,154.830368053,0.395158387
12,2020-01-01T12:00:00+00:00,distributed_committable,96,C18,311,313,true,500,-230.899533334,17.512544314,234.061858896,-2.518224466,231.562699289,234.07540504,0.46815081
12,2020-01-01T12:00:00+00:00,distributed_committable,97,C19,311,314,true,500,7.781319708,-12.595069193,-7.775141914,3.633213888,14.804887854,8.582136968,0.029609776
12,2020-01-01T12:00:00+00:00,distributed_committable,98,C20,312,313,true,500,-185.092873551,12.91345101,187.113768353,-7.078376932,185.542795754,187.247605397,0.374495211
12,2020-01-01T12:00:00+00:00,distributed_committable,99,C21,312,323,true,500,-26.835677794,-18.831413055,26.928102572,-1.504457433,32.78377221,26.970096409,0.065567544
12,2020-01-01T12:00:00+00:00,distributed_committable,100,C22,313,323,true,500,74.022601186,-22.579608657,-73.424615744,8.290976734,77.389819831,73.891234205,0.15477964
12,2020-01-01T12:00:00+00:00,distributed_committable,101,C23,314,316,true,500,60.079128014,-24.270454314,-59.883869179,18.072507765,64.796269765,62.551525359,0.12959254
12,2020-01-01T12:00:00+00:00,distributed_committable,102,C24,315,316,true,500,-127.192083491,-12.124121391,127.506030899,11.042097195,127.768620648,127.983263852,0.255966528
12,2020-01-01T12:00:00+00:00,distributed_committable,103,C25-1,315,321,true,500,-9.841499304,-13.343570538,9.850804797,2.688617671,16.580288998,10.211122373,0.033160578
12,2020-01-01T12:00:00+00:00,distributed_committable,104,C25-2,315,321,true,500,-9.841499304,-13.343570538,9.850804797,2.688617671,16.580288998,10.211122373,0.033160578
12,2020-01-01T12:00:00+00:00,distributed_committable,105,C26,315,324,true,500,-42.011188038,0.676494995,42.132993987,-11.077112177,42.016634394,43.564797675,0.087129595
12,2020-01-01T12:00:00+00:00,distributed_committable,106,C27,316,317,true,500,27.73473587,-11.655227936,-27.710472397,6.102488359,30.084213668,28.374471707,0.060168427
12,2020-01-01T12:00:00+00:00,distributed_committable,107,C28,316,319,true,500,-187.818622337,29.695603029,188.859861281,-26.835687223,190.151686124,190.756916812,0.381513834
12,2020-01-01T12:00:00+00:00,distributed_committable,108,C29,317,318,true,500,134.863886643,6.69823448,-134.51590813,-7.399241442,135.030123548,134.719257398,0.270060247
12,2020-01-01T12:00:00+00:00,distributed_committable,109,C30,317,322,true,500,-49.199414245,-12.800722839,49.522567831,-8.173988215,50.837396346,50.192617065,0.101674793
12,2020-01-01T12:00:00+00:00,distributed_committable,110,C31-1,318,321,true,500,-35.201886846,-7.168054638,35.238098798,1.739046948,35.924279322,35.280984838,0.071848559
12,2020-01-01T12:00:00+00:00,distributed_committable,111,C31-2,318,321,true,500,-35.201886846,-7.168054638,35.238098798,1.739046948,35.924279322,35.280984838,0.071848559
12,2020-01-01T12:00:00+00:00,distributed_committable,112,C32-1,319,320,true,500,-81.504875269,2.394512389,81.825001045,-8.519831496,81.540041588,82.267358805,0.164534718
12,2020-01-01T12:00:00+00:00,distributed_committable,113,C32-2,319,320,true,500,-81.504875269,2.394512389,81.825001045,-8.519831496,81.540041588,82.267358805,0.164534718
12,2020-01-01T12:00:00+00:00,distributed_committable,114,C33-1,320,323,true,500,-52.309768517,0.773706853,52.388354818,-5.024564008,52.315490102,52.628756056,0.105257512
12,2020-01-01T12:00:00+00:00,distributed_committable,115,C33-2,320,323,true,500,-52.309768517,0.773706853,52.388354818,-5.024564008,52.315490102,52.628756056,0.105257512
12,2020-01-01T12:00:00+00:00,distributed_committable,116,C34,321,322,true,500,-90.177807189,-8.855329238,90.877432169,-0.872050533,90.611554259,90.881616127,0.181763232
12,2020-01-01T12:00:00+00:00,distributed_committable,117,CA-1,325,121,true,500,-58.280196462,2.970648375,58.689691209,-20.877328709,58.355857044,62.292396874,0.124584794
12,2020-01-01T12:00:00+00:00,distributed_committable,118,CB-1,318,223,true,500,6.499719818,-18.782839721,-6.487568992,-3.985245136,19.875649064,7.613851208,0.039751298
12,2020-01-01T12:00:00+00:00,distributed_committable,119,C35,323,325,true,722,-58.280196466,3.262608716,58.280196466,-2.970648375,58.371447778,58.355857048,0.080846881
13,2020-01-01T13:00:00+00:00,reference_provider,0,A1,101,102,true,175,43.736911236,-26.608981392,-43.684212567,-23.354156428,51.195266335,49.535109267,0.292544379
13,2020-01-01T13:00:00+00:00,reference_provider,1,A2,101,103,true,175,38.572261589,-1.642648498,-37.820597064,-1.567932903,38.607222875,37.853084099,0.220612702
13,2020-01-01T13:00:00+00:00,reference_provider,2,A3,101,105,true,175,99.235606738,-17.948024048,-97.192159101,23.344996424,100.845610771,99.956513789,0.576260633
13,2020-01-01T13:00:00+00:00,reference_provider,3,A4,102,104,true,175,63.167726104,-2.81034286,-61.957246966,3.825483797,63.230211514,62.075234819,0.361315494
13,2020-01-01T13:00:00+00:00,reference_provider,4,A5,102,106,true,175,68.950223795,-18.559012307,-66.651807321,21.70226293,71.404273677,70.096017258,0.408024421
13,2020-01-01T13:00:00+00:00,reference_provider,5,A6,103,109,true,175,48.460471912,-12.442943196,-47.731597129,11.888320082,50.032431215,49.189811129,0.285899607
13,2020-01-01T13:00:00+00:00,reference_provider,6,A7,103,124,true,400,-39.03190839,-0.191375262,39.061858996,1.449300727,39.032377548,39.08873624,0.097721841
13,2020-01-01T13:00:00+00:00,reference_provider,7,A8,104,109,true,175,51.252744374,-9.583153284,-50.563728574,9.293844521,52.140968851,51.410759509,0.297948393
13,2020-01-01T13:00:00+00:00,reference_provider,8,A9,105,110,true,175,69.939190454,-28.718821289,-68.739692897,30.686685983,75.60595914,75.278270943,0.432034052
13,2020-01-01T13:00:00+00:00,reference_provider,9,A10,106,110,true,175,14.44893758,-142.209416718,-14.415585269,-128.146945717,142.941561488,128.955220116,0.816808923
13,2020-01-01T13:00:00+00:00,reference_provider,10,A11,107,108,true,175,-70.020697294,8.230389959,70.829969951,-6.831913041,70.50274724,71.158693629,0.406621106
13,2020-01-01T13:00:00+00:00,reference_provider,11,AB1,107,203,true,175,22.040118392,-17.82650574,-21.728636566,14.609161409,28.346977363,26.183224478,0.161982728
13,2020-01-01T13:00:00+00:00,reference_provider,12,A12-1,108,109,true,175,-68.176126854,5.033662252,70.199668243,-1.872858254,68.361700011,70.224646809,0.401283696
13,2020-01-01T13:00:00+00:00,reference_provider,13,A13-2,108,110,true,175,-68.291275036,-11.636311304,70.336701879,14.756764059,69.275551147,71.868029866,0.410674456
13,2020-01-01T13:00:00+00:00,reference_provider,14,A14,109,111,true,400,-17.658356765,-12.326751874,17.667753059,12.721396247,21.535235671,21.771160296,0.054427901
13,2020-01-01T13:00:00+00:00,reference_provider,15,A15,109,112,true,400,-21.418796152,-20.800961214,21.436857569,21.559540746,29.857073133,30.403168579,0.076007921
13,2020-01-01T13:00:00+00:00,reference_provider,16,A16,110,111,true,400,-29.015714861,38.067610119,29.058532127,-36.26928493,47.864962646,46.47428664,0.119662407
13,2020-01-01T13:00:00+00:00,reference_provider,17,A17,110,112,true,400,-33.015411865,29.282100296,33.051807707,-27.753474931,44.130021735,43.158746082,0.110325054
13,2020-01-01T13:00:00+00:00,reference_provider,18,A18,111,113,true,500,-13.610761112,-13.060892769,13.625600494,3.043942115,18.863714851,13.961467416,0.03772743
13,2020-01-01T13:00:00+00:00,reference_provider,19,A19,111,114,true,500,-33.115524061,36.608781451,33.253378952,-44.193911603,49.364367849,55.307224072,0.110614448
13,2020-01-01T13:00:00+00:00,reference_provider,20,A20,112,113,true,500,-5.814361662,1.153398832,5.81864874,-11.328232757,5.927658088,12.735208304,0.025470417
13,2020-01-01T13:00:00+00:00,reference_provider,21,A21,112,123,true,500,-48.674303057,5.040535296,48.979971393,-23.187549042,48.934596904,54.19132798,0.108382656
13,2020-01-01T13:00:00+00:00,reference_provider,22,A22,113,123,true,500,-50.912375358,4.419035136,51.21262185,-20.481027853,51.103794733,55.156188579,0.110312377
13,2020-01-01T13:00:00+00:00,reference_provider,23,AB2,113,215,true,500,93.049299586,-16.86235463,-92.191372308,7.212021359,94.564851595,92.473035963,0.189129703
13,2020-01-01T13:00:00+00:00,reference_provider,24,A23,114,116,true,500,-107.719237398,-20.775843866,108.326707002,19.78002486,109.704465698,110.1177771,0.220235554
13,2020-01-01T13:00:00+00:00,reference_provider,25,A24,115,116,true,500,102.854093072,13.136979217,-102.642660112,-15.00265634,103.689655629,103.733289605,0.207466579
13,2020-01-01T13:00:00+00:00,reference_provider,26,A25-1,115,121,true,500,-100.850271385,-6.720099153,101.447559715,0.990121623,101.073918352,101.452391361,0.202904783
13,2020-01-01T13:00:00+00:00,reference_provider,27,A25-2,115,121,true,500,-100.850271385,-6.720099153,101.447559715,0.990121623,101.073918352,101.452391361,0.202904783
13,2020-01-01T13:00:00+00:00,reference_provider,28,A26,115,124,true,500,39.167701642,-8.894472714,-39.061858956,-1.449300733,40.164916243,39.0887362,0.080329832
13,2020-01-01T13:00:00+00:00,reference_provider,29,A27,116,117,true,500,-123.355673658,-10.797367431,123.808209422,9.113125399,123.827320761,124.143150334,0.248286301
13,2020-01-01T13:00:00+00:00,reference_provider,30,A28,116,119,true,500,79.287164728,-1.656893768,-79.100973426,-1.867632238,79.304475206,79.12301844,0.15860895
13,2020-01-01T13:00:00+00:00,reference_provider,31,A29,117,118,true,500,-93.429288462,2.813147404,93.599878532,-4.699889329,93.471630674,93.717800982,0.187435602
13,2020-01-01T13:00:00+00:00,reference_provider,32,A30,117,122,true,500,-30.378920798,-11.926272817,30.504945266,-9.913507021,32.636096767,32.075369166,0.065272194
13,2020-01-01T13:00:00+00:00,reference_provider,33,A31-1,118,121,true,500,-83.360070282,-10.700772794,83.564607965,6.791473934,84.044082813,83.840132529,0.168088166
13,2020-01-01T13:00:00+00:00,reference_provider,34,A31-2,118,121,true,500,-83.360070282,-10.700772794,83.564607965,6.791473934,84.044082813,83.840132529,0.168088166
13,2020-01-01T13:00:00+00:00,reference_provider,35,A32-1,119,120,true,500,24.612548084,-6.167309579,-24.582310774,-1.95570741,25.373474942,24.659983667,0.05074695
13,2020-01-01T13:00:00+00:00,reference_provider,36,A32-2,119,120,true,500,24.612548084,-6.167309579,-24.582310774,-1.95570741,25.373474942,24.659983667,0.05074695
13,2020-01-01T13:00:00+00:00,reference_provider,37,A33-1,120,123,true,500,0.016254922,-3.034272825,-0.016239598,-1.600529943,3.034316365,1.600612328,0.006068633
13,2020-01-01T13:00:00+00:00,reference_provider,38,A33-2,120,123,true,500,0.016254922,-3.034272825,-0.016239598,-1.600529943,3.034316365,1.600612328,0.006068633
13,2020-01-01T13:00:00+00:00,reference_provider,39,A34,121,122,true,500,4.206505466,-6.824090611,-4.204945311,-7.89122213,8.016414467,8.941641447,0.017883283
13,2020-01-01T13:00:00+00:00,reference_provider,40,AB3,123,217,true,500,132.839883723,-28.111565233,-131.047908498,25.647699776,135.781791148,133.534111093,0.271563582
13,2020-01-01T13:00:00+00:00,reference_provider,41,B1,201,202,true,175,-6.961696522,-14.754794036,6.965569239,-33.249936881,16.314691707,33.97171555,0.194124089
13,2020-01-01T13:00:00+00:00,reference_provider,42,B2,201,203,true,175,-28.432428133,11.031225081,28.962224491,-14.876458028,30.497391631,32.559475594,0.186054146
13,2020-01-01T13:00:00+00:00,reference_provider,43,B3,201,205,true,175,10.064532307,-15.244781656,-10.001542215,13.067095267,18.267407542,16.455388948,0.104385186
13,2020-01-01T13:00:00+00:00,reference_provider,44,B4,202,204,true,175,3.116248244,2.159639766,-3.108274094,-5.646670043,3.791443925,6.445638092,0.036832218
13,2020-01-01T13:00:00+00:00,reference_provider,45,B5,202,206,true,175,10.373085721,-17.894536485,-10.210536338,12.979497926,20.683697527,16.514309514,0.118192557
13,2020-01-01T13:00:00+00:00,reference_provider,46,B6,203,209,true,175,30.009421239,-18.162718446,-29.652508228,16.234241409,35.077766526,33.805648024,0.20044438
13,2020-01-01T13:00:00+00:00,reference_provider,47,B7,203,224,true,400,-110.625663038,3.345802876,110.873210119,7.051174544,110.676247314,111.097199716,0.277742999
13,2020-01-01T13:00:00+00:00,reference_provider,48,B8,204,209,true,175,-27.060150282,-0.468551115,27.252603889,-1.689079766,27.0642065,27.304897165,0.156027984
13,2020-01-01T13:00:00+00:00,reference_provider,49,B9,205,210,true,175,-18.943837925,-18.774635016,19.087818421,16.727554837,26.67125635,25.380226612,0.152407179
13,2020-01-01T13:00:00+00:00,reference_provider,50,B10,206,210,true,175,-45.234135492,-133.379801535,45.497025413,-135.024450078,140.841394736,142.483618147,0.814192104
13,2020-01-01T13:00:00+00:00,reference_provider,51,B11,207,208,true,175,-50.960176316,-10.192035263,51.414121537,10.289277826,51.96938669,52.43358782,0.299620502
13,2020-01-01T13:00:00+00:00,reference_provider,52,B12-1,208,209,true,175,-64.846041782,-1.726314554,66.700119678,4.301824088,64.869016462,66.838698787,0.381935422
13,2020-01-01T13:00:00+00:00,reference_provider,53,B13-2,208,210,true,175,-56.281600955,-22.83181264,57.865978664,24.236392963,60.736399914,62.736546212,0.35849455
13,2020-01-01T13:00:00+00:00,reference_provider,54,B14,209,211,true,400,-57.587550693,-16.61486845,57.660698614,19.687081138,59.936465098,60.92895312,0.152322383
13,2020-01-01T13:00:00+00:00,reference_provider,55,B15,209,212,true,400,-78.056911486,-16.908648061,78.186796074,22.363800739,79.867288736,81.32228885,0.203305722
13,2020-01-01T13:00:00+00:00,reference_provider,56,B16,210,211,true,400,-90.290926887,38.758052714,90.471361356,-31.179805007,98.258018138,95.693507961,0.245645045
13,2020-01-01T13:00:00+00:00,reference_provider,57,B17,210,212,true,400,-111.657770658,38.995193142,111.919192399,-28.015480048,118.271225734,115.372322285,0.295678064
13,2020-01-01T13:00:00+00:00,reference_provider,58,B18,211,213,true,500,-56.343253715,3.418486378,56.535172917,-12.03013152,56.44686252,57.800950175,0.1156019
13,2020-01-01T13:00:00+00:00,reference_provider,59,B19,211,214,true,500,-91.788806253,8.074237492,92.211577643,-13.455844873,92.14324861,93.188168845,0.186376338
13,2020-01-01T13:00:00+00:00,reference_provider,60,B20,212,213,true,500,-20.374314041,1.689749779,20.401481894,-11.635981354,20.444263914,23.486517953,0.046973036
13,2020-01-01T13:00:00+00:00,reference_provider,61,B21,212,223,true,500,-169.731674425,3.96192953,173.150574801,2.593759868,169.777908424,173.170000705,0.346340001
13,2020-01-01T13:00:00+00:00,reference_provider,62,B22,213,223,true,500,-177.672228595,1.651316705,181.108268575,6.660976883,177.679902242,181.230719138,0.362461438
13,2020-01-01T13:00:00+00:00,reference_provider,63,B23,214,216,true,500,-171.301771235,10.937488783,172.75827693,-2.114249264,171.650591287,172.771213741,0.345542427
13,2020-01-01T13:00:00+00:00,reference_provider,64,B24,215,216,true,500,20.07325489,-24.457734426,-20.055277519,20.934052571,31.640422487,28.990493501,0.063280845
13,2020-01-01T13:00:00+00:00,reference_provider,65,B25-1,215,221,true,500,-15.926603915,-7.337972745,15.941816386,-3.041760048,17.535750804,16.229412,0.035071502
13,2020-01-01T13:00:00+00:00,reference_provider,66,B25-2,215,221,true,500,-15.926603915,-7.337972745,15.941816386,-3.041760048,17.535750804,16.229412,0.035071502
13,2020-01-01T13:00:00+00:00,reference_provider,67,B26,215,224,true,500,111.736318151,2.48119272,-110.873210077,-7.05117455,111.763863172,111.097199674,0.223527726
13,2020-01-01T13:00:00+00:00,reference_provider,68,B27,216,217,true,500,-74.556859477,13.238821615,74.727148798,-17.389269197,75.723125219,76.723747632,0.153447495
13,2020-01-01T13:00:00+00:00,reference_provider,69,B28,216,219,true,500,-25.914281004,-20.663494155,25.943589342,15.842739565,33.144078667,30.398391814,0.066288157
13,2020-01-01T13:00:00+00:00,reference_provider,70,B29,217,218,true,500,95.467122037,3.453997701,-95.288142996,-5.25724446,95.529584371,95.43305934,0.191059169
13,2020-01-01T13:00:00+00:00,reference_provider,71,B30,217,222,true,500,-39.146361149,-11.712428432,39.356469989,-9.430328819,40.860966349,40.470518055,0.081721933
13,2020-01-01T13:00:00+00:00,reference_provider,72,B31-1,218,221,true,500,-20.234883342,-11.232545729,20.249073252,5.751028886,23.143478291,21.049924009,0.046286957
13,2020-01-01T13:00:00+00:00,reference_provider,73,B31-2,218,221,true,500,-20.234883342,-11.232545729,20.249073252,5.751028886,23.143478291,21.049924009,0.046286957
13,2020-01-01T13:00:00+00:00,reference_provider,74,B32-1,219,220,true,500,-49.86696231,-15.463475877,49.993161594,7.825887689,52.209510783,50.601983402,0.104419022
13,2020-01-01T13:00:00+00:00,reference_provider,75,B32-2,219,220,true,500,-49.86696231,-15.463475877,49.993161594,7.825887689,52.209510783,50.601983402,0.104419022
13,2020-01-01T13:00:00+00:00,reference_provider,76,B33-1,220,223,true,500,-76.084771863,-13.125746026,76.253609447,9.516529617,77.208663492,76.845151373,0.154417327
13,2020-01-01T13:00:00+00:00,reference_provider,77,B33-2,220,223,true,500,-76.084771863,-13.125746026,76.253609447,9.516529617,77.208663492,76.845151373,0.154417327
13,2020-01-01T13:00:00+00:00,reference_provider,78,B34,221,222,true,500,-72.381779243,-5.418537679,72.84352997,-5.694383182,72.58431316,73.065763928,0.146131528
13,2020-01-01T13:00:00+00:00,reference_provider,79,C1,301,302,true,175,18.917886546,-28.224705909,-18.907212818,-20.171585042,33.978235019,27.647342361,0.194161343
13,2020-01-01T13:00:00+00:00,reference_provider,80,C2,301,303,true,175,-55.317502456,13.609494388,57.063304778,-12.918794403,56.967046751,58.50740125,0.334328007
13,2020-01-01T13:00:00+00:00,reference_provider,81,C3,301,305,true,175,-28.123636211,1.471586089,28.290719302,-3.252761081,28.162110705,28.477100507,0.162726289
13,2020-01-01T13:00:00+00:00,reference_provider,82,C4,302,304,true,175,-23.051738886,14.231535641,23.299174356,-16.811195721,27.090944471,28.730955905,0.164176891
13,2020-01-01T13:00:00+00:00,reference_provider,83,C5,302,306,true,175,-15.992487703,-6.008700992,16.119282582,0.954088843,17.084032034,16.147493814,0.09762304
13,2020-01-01T13:00:00+00:00,reference_provider,84,C6,303,309,true,175,16.522013896,-2.595753352,-16.441696431,-0.465263181,16.72467873,16.448278066,0.095569593
13,2020-01-01T13:00:00+00:00,reference_provider,85,C7,303,324,true,400,-78.124072211,-6.590640471,78.243920855,11.624283545,78.401576519,79.102687178,0.197756718
13,2020-01-01T13:00:00+00:00,reference_provider,86,C8,304,309,true,175,-67.50955081,7.849632926,68.730758557,-6.051805779,67.9643744,68.996677637,0.394266729
13,2020-01-01T13:00:00+00:00,reference_provider,87,C9,305,310,true,175,-70.708783197,-5.111364194,71.797550673,6.682924552,70.89328646,72.107903611,0.412045163
13,2020-01-01T13:00:00+00:00,reference_provider,88,C10,306,310,true,175,-97.370785254,-125.728336603,98.605847636,-137.285245704,159.024163088,169.027666008,0.965872377
13,2020-01-01T13:00:00+00:00,reference_provider,89,C11,307,308,true,175,-74.679689956,-14.935937991,75.691683715,17.204161564,76.158639271,77.622252987,0.443555731
13,2020-01-01T13:00:00+00:00,reference_provider,90,C12-1,308,309,true,175,-62.644774366,-10.01563804,64.435586997,12.373396054,63.440371695,65.612847839,0.374930559
13,2020-01-01T13:00:00+00:00,reference_provider,91,C13-2,308,310,true,175,-56.008725209,-28.098836711,57.720448469,30.032888458,62.66196553,65.066308952,0.37180748
13,2020-01-01T13:00:00+00:00,reference_provider,92,C14,309,311,true,400,-100.352081003,-12.775889359,100.559064883,21.469212302,101.162065571,102.825350021,0.257063375
13,2020-01-01T13:00:00+00:00,reference_provider,93,C15,309,312,true,400,-119.324134058,-14.588188443,119.616415322,26.864001533,120.212579253,122.595927309,0.306489818
13,2020-01-01T13:00:00+00:00,reference_provider,94,C16,310,311,true,400,-128.876321016,39.073579099,129.215259923,-24.838145036,134.669412646,131.580837684,0.336673532
13,2020-01-01T13:00:00+00:00,reference_provider,95,C17,310,312,true,400,-148.647842092,37.598352809,149.087214461,-19.1447133,153.32911365,150.311401973,0.383322784
13,2020-01-01T13:00:00+00:00,reference_provider,96,C18,311,313,true,500,-203.581320612,10.918355319,206.030476244,-1.63439573,203.873893829,206.036958798,0.412073918
13,2020-01-01T13:00:00+00:00,reference_provider,97,C19,311,314,true,500,-26.193004185,-7.549422585,26.227038108,-1.178390416,27.259259888,26.253497518,0.05451852
13,2020-01-01T13:00:00+00:00,reference_provider,98,C20,312,313,true,500,-170.873069131,10.925803438,172.591534486,-7.521438775,171.222016502,172.755346712,0.345510693
13,2020-01-01T13:00:00+00:00,reference_provider,99,C21,312,323,true,500,-35.130560648,-18.645091671,35.282421071,-1.264245485,39.771795721,35.305064131,0.079543591
13,2020-01-01T13:00:00+00:00,reference_provider,100,C22,313,323,true,500,56.657046565,-23.105791556,-56.297925809,6.888596604,61.187404986,56.717803321,0.12237481
13,2020-01-01T13:00:00+00:00,reference_provider,101,C23,314,316,true,500,18.770083077,-26.578175974,-18.728569753,18.545435491,32.537907997,26.357019986,0.065075816
13,2020-01-01T13:00:00+00:00,reference_provider,102,C24,315,316,true,500,-65.743416016,-5.710700473,65.826204071,2.635408908,65.990975514,65.878938383,0.131981951
13,2020-01-01T13:00:00+00:00,reference_provider,103,C25-1,315,321,true,500,-51.908494601,-16.481346902,52.069842429,6.916371432,54.462157573,52.527180434,0.108924315
13,2020-01-01T13:00:00+00:00,reference_provider,104,C25-2,315,321,true,500,-51.908494601,-16.481346902,52.069842429,6.916371432,54.462157573,52.527180434,0.108924315
13,2020-01-01T13:00:00+00:00,reference_provider,105,C26,315,324,true,500,-19.82728851,0.43739302,19.856079145,-11.624283545,19.832112402,23.00842991,0.04601686
13,2020-01-01T13:00:00+00:00,reference_provider,106,C27,316,317,true,500,-30.281751921,-17.546648257,30.314033536,12.015668809,34.998133728,32.608540693,0.069996267
13,2020-01-01T13:00:00+00:00,reference_provider,107,C28,316,319,true,500,-114.559634352,16.948943416,114.944855897,-19.14565698,115.806634119,116.528434635,0.233056869
13,2020-01-01T13:00:00+00:00,reference_provider,108,C29,317,318,true,500,114.724613294,0.469024612,-114.476492512,-1.908570454,114.725572038,114.492401403,0.229451144
13,2020-01-01T13:00:00+00:00,reference_provider,109,C30,317,322,true,500,-37.138646829,-12.484693421,37.320675916,-9.752461046,39.180947642,38.57386871,0.078361895
13,2020-01-01T13:00:00+00:00,reference_provider,110,C31-1,318,321,true,500,-86.310644033,-9.519139298,86.52345302,5.528588211,86.833986931,86.699903173,0.173667974
13,2020-01-01T13:00:00+00:00,reference_provider,111,C31-2,318,321,true,500,-86.310644033,-9.519139298,86.52345302,5.528588211,86.833986931,86.699903173,0.173667974
13,2020-01-01T13:00:00+00:00,reference_provider,112,C32-1,319,320,true,500,-46.840523474,-1.479765624,46.945363311,-6.410530395,46.863891704,47.381030342,0.094762061
13,2020-01-01T13:00:00+00:00,reference_provider,113,C32-2,319,320,true,500,-46.840523474,-1.479765624,46.945363311,-6.410530395,46.863891704,47.381030342,0.094762061
13,2020-01-01T13:00:00+00:00,reference_provider,114,C33-1,320,323,true,500,-23.331364567,-1.356157361,23.346904826,-3.37610721,23.370745289,23.589744909,0.04717949
13,2020-01-01T13:00:00+00:00,reference_provider,115,C33-2,320,323,true,500,-23.331364567,-1.356157361,23.346904826,-3.37610721,23.370745289,23.589744909,0.04717949
13,2020-01-01T13:00:00+00:00,reference_provider,116,C34,321,322,true,500,-48.084010991,-7.260958546,48.279324084,-6.458388681,48.629143854,48.709382242,0.097418764
13,2020-01-01T13:00:00+00:00,reference_provider,117,CA-1,325,121,true,500,-25.678304861,1.071451583,25.769158443,-21.56752739,25.700648805,33.603686771,0.067207374
13,2020-01-01T13:00:00+00:00,reference_provider,118,CB-1,318,223,true,500,88.151086536,-19.678902285,-87.186578929,4.342663031,90.320945813,87.294663454,0.180641892
13,2020-01-01T13:00:00+00:00,reference_provider,119,C35,323,325,true,722,-25.678304923,1.127863302,25.678304923,-1.07145159,25.703062451,25.700648868,0.035599809
13,2020-01-01T13:00:00+00:00,distributed_committable,0,A1,101,102,true,175,39.198363638,-26.718424733,-39.156104626,-23.403108769,47.43823281,45.616948928,0.271075616
13,2020-01-01T13:00:00+00:00,distributed_committable,1,A2,101,103,true,175,41.041249419,-1.49317008,-40.191922182,-1.348292067,41.068402827,40.214530958,0.234676588
13,2020-01-01T13:00:00+00:00,distributed_committable,2,A3,101,105,true,175,101.305166318,-17.544442067,-99.185024183,23.234117885,102.813151737,101.869982115,0.587503724
13,2020-01-01T13:00:00+00:00,distributed_committable,3,A4,102,104,true,175,65.292387671,-2.527110761,-64.002258996,3.843133277,65.341274678,64.117539176,0.373378712
13,2020-01-01T13:00:00+00:00,distributed_committable,4,A5,102,106,true,175,70.646987067,-18.24516047,-68.249859052,21.759950361,72.964941323,71.634759023,0.416942522
13,2020-01-01T13:00:00+00:00,distributed_committable,5,A6,103,109,true,175,47.590103059,-12.374310232,-46.886191918,11.724380877,49.172568195,48.329867572,0.280986104
13,2020-01-01T13:00:00+00:00,distributed_committable,6,A7,103,124,true,400,-35.790214492,-0.479649057,35.815407659,1.537762063,35.7934284,35.848404957,0.089621012
13,2020-01-01T13:00:00+00:00,distributed_committable,7,A8,104,109,true,175,53.297756295,-9.600802747,-52.554524798,9.519250291,54.155574408,53.409682669,0.309460425
13,2020-01-01T13:00:00+00:00,distributed_committable,8,A9,105,110,true,175,71.93205538,-28.607942724,-70.674818687,30.795635042,77.412111314,77.092808576,0.442354922
13,2020-01-01T13:00:00+00:00,distributed_committable,9,A10,106,110,true,175,16.046989214,-142.304087049,-16.007342722,-128.070322322,143.206002157,129.066814018,0.818320012
13,2020-01-01T13:00:00+00:00,distributed_committable,10,A11,107,108,true,175,-70.058301695,8.24485029,70.86848632,-6.84286414,70.541783311,71.198083843,0.406846193
13,2020-01-01T13:00:00+00:00,distributed_committable,11,AB1,107,203,true,175,22.077722791,-17.840966071,-21.765334917,14.627124993,28.385311589,26.22370282,0.162201781
13,2020-01-01T13:00:00+00:00,distributed_committable,12,A12-1,108,109,true,175,-67.979290118,4.962374063,69.990892008,-1.847258453,68.160171958,70.015264963,0.400087228
13,2020-01-01T13:00:00+00:00,distributed_committable,13,A13-2,108,110,true,175,-68.526628142,-11.554072016,70.58529688,14.72538323,69.493851128,72.104930808,0.412028176
13,2020-01-01T13:00:00+00:00,distributed_committable,14,A14,109,111,true,400,-16.546489931,-12.413623292,16.555159519,12.777745962,20.685366139,20.912773574,0.052281934
13,2020-01-01T13:00:00+00:00,distributed_committable,15,A15,109,112,true,400,-21.176495818,-20.801156148,21.194348893,21.550985269,29.683868889,30.226567636,0.075566419
13,2020-01-01T13:00:00+00:00,distributed_committable,16,A16,110,111,true,400,-26.927557138,37.942977876,26.968014152,-36.243783302,46.527012622,45.176162025,0.116317532
13,2020-01-01T13:00:00+00:00,distributed_committable,17,A17,110,112,true,400,-31.825281415,29.252540924,31.860202719,-27.785846129,43.226839899,42.274410255,0.1080671
13,2020-01-01T13:00:00+00:00,distributed_committable,18,A18,111,113,true,500,-14.017623753,-12.652807787,14.032751615,2.639449592,18.883519814,14.278823903,0.03776704
13,2020-01-01T13:00:00+00:00,distributed_committable,19,A19,111,114,true,500,-29.505549917,36.118845126,29.630215192,-43.815156545,46.63848678,52.893455128,0.10578691
13,2020-01-01T13:00:00+00:00,distributed_committable,20,A20,112,113,true,500,-4.696242806,1.271317483,4.699928496,-11.449215219,4.865279502,12.376342635,0.024752685
13,2020-01-01T13:00:00+00:00,distributed_committable,21,A21,112,123,true,500,-48.358308762,4.963543373,48.660117462,-23.141185499,48.612372799,53.882478578,0.107764957
13,2020-01-01T13:00:00+00:00,distributed_committable,22,A22,113,123,true,500,-51.162831196,4.294836607,51.465554934,-20.334454932,51.34277863,55.337088846,0.110674178
13,2020-01-01T13:00:00+00:00,distributed_committable,23,AB2,113,215,true,500,94.011323866,-16.21268107,-93.136546324,6.701884903,95.399056822,93.377360867,0.190798114
13,2020-01-01T13:00:00+00:00,distributed_committable,24,A23,114,116,true,500,-104.096073649,-21.154701647,104.664945653,19.703818977,106.223885972,106.50348037,0.213006961
13,2020-01-01T13:00:00+00:00,distributed_committable,25,A24,115,116,true,500,98.714850367,12.426708047,-98.520053769,-14.432599443,99.493943312,99.571586918,0.199143174
13,2020-01-01T13:00:00+00:00,distributed_committable,26,A25-1,115,121,true,500,-94.963058068,-7.944050331,95.493231377,1.67020906,95.294755015,95.507836522,0.191015673
13,2020-01-01T13:00:00+00:00,distributed_committable,27,A25-2,115,121,true,500,-94.963058068,-7.944050331,95.493231377,1.67020906,95.294755015,95.507836522,0.191015673
13,2020-01-01T13:00:00+00:00,distributed_committable,28,A26,115,124,true,500,35.90453161,-8.926833719,-35.815407656,-1.537762064,36.997618171,35.848404954,0.073995236
13,2020-01-01T13:00:00+00:00,distributed_committable,29,A27,116,117,true,500,-116.147430795,-11.897495655,116.549453728,9.776180669,116.755197242,116.958748594,0.233917497
13,2020-01-01T13:00:00+00:00,distributed_committable,30,A28,116,119,true,500,71.618075872,-1.050616508,-71.466096229,-2.735805159,71.625781578,71.518441958,0.143251563
13,2020-01-01T13:00:00+00:00,distributed_committable,31,A29,117,118,true,500,-87.152088694,2.161763101,87.300488498,-4.203352782,87.178895287,87.401621647,0.174803243
13,2020-01-01T13:00:00+00:00,distributed_committable,32,A30,117,122,true,500,-29.397365021,-11.937943771,29.515395765,-9.955782157,31.728844474,31.149256581,0.063457689
13,2020-01-01T13:00:00+00:00,distributed_committable,33,A31-1,118,121,true,500,-80.210375342,-10.949041071,80.400036768,6.912209273,80.954220476,80.696620433,0.161908441
13,2020-01-01T13:00:00+00:00,distributed_committable,34,A31-2,118,121,true,500,-80.210375342,-10.949041071,80.400036768,6.912209273,80.954220476,80.696620433,0.161908441
13,2020-01-01T13:00:00+00:00,distributed_committable,35,A32-1,119,120,true,500,20.795109028,-5.7332231,-20.773543791,-2.459028187,21.570962116,20.918578854,0.043141924
13,2020-01-01T13:00:00+00:00,distributed_committable,36,A32-2,119,120,true,500,20.795109028,-5.7332231,-20.773543791,-2.459028187,21.570962116,20.918578854,0.043141924
13,2020-01-01T13:00:00+00:00,distributed_committable,37,A33-1,120,123,true,500,-3.792512564,-2.530952022,3.792942243,-2.100765758,4.559481295,4.335853737,0.009118963
13,2020-01-01T13:00:00+00:00,distributed_committable,38,A33-2,120,123,true,500,-3.792512564,-2.530952022,3.792942243,-2.100765758,4.559481295,4.335853737,0.009118963
13,2020-01-01T13:00:00+00:00,distributed_committable,39,A34,121,122,true,500,3.216344136,-6.599648923,-3.215395768,-8.115117401,7.341677976,8.728911753,0.017457824
13,2020-01-01T13:00:00+00:00,distributed_committable,40,AB3,123,217,true,500,134.131350118,-27.320909966,-132.308273702,25.097015511,136.885540529,134.66751456,0.273771081
13,2020-01-01T13:00:00+00:00,distributed_committable,41,B1,201,202,true,175,-11.765868915,-14.716142553,11.772366199,-33.398581829,18.841457559,35.41262309,0.202357846
13,2020-01-01T13:00:00+00:00,distributed_committable,42,B2,201,203,true,175,-26.451615587,10.983008805,26.922329903,-15.062095009,28.641132128,30.849287731,0.176281644
13,2020-01-01T13:00:00+00:00,distributed_committable,43,B3,201,205,true,175,12.887892164,-15.235586259,-12.811486839,13.105333244,19.955471758,18.327137104,0.114031267
13,2020-01-01T13:00:00+00:00,distributed_committable,44,B4,202,204,true,175,5.667788053,2.140931797,-5.652781281,-5.607619701,6.058664075,7.962369931,0.045499257
13,2020-01-01T13:00:00+00:00,distributed_committable,45,B5,202,206,true,175,12.600727314,-17.872994215,-12.414505766,13.039979101,21.868293282,18.004471899,0.124961676
13,2020-01-01T13:00:00+00:00,distributed_committable,46,B6,203,209,true,175,30.771426519,-18.215009238,-30.399906123,16.343036668,35.758457064,34.51447725,0.20433404
13,2020-01-01T13:00:00+00:00,distributed_committable,47,B7,203,224,true,400,-109.311075399,3.565767065,109.552809321,6.587057685,109.369218245,109.750659949,0.27437665
13,2020-01-01T13:00:00+00:00,distributed_committable,48,B8,204,209,true,175,-24.515643098,-0.507601457,24.673450945,-1.784737332,24.520897531,24.737915613,0.141359518
13,2020-01-01T13:00:00+00:00,distributed_committable,49,B9,205,210,true,175,-16.133893308,-18.812872991,16.25666385,16.683076428,24.783597468,23.293865257,0.141620557
13,2020-01-01T13:00:00+00:00,distributed_committable,50,B10,206,210,true,175,-43.030166065,-133.503417892,43.267922104,-135.087973938,140.266737969,141.848065851,0.810560376
13,2020-01-01T13:00:00+00:00,distributed_committable,51,B11,207,208,true,175,-50.960176316,-10.192035263,51.414186816,10.289756473,51.96938669,52.433745758,0.299621404
13,2020-01-01T13:00:00+00:00,distributed_committable,52,B12-1,208,209,true,175,-64.688916687,-1.743005607,66.534269464,4.285953167,64.712394568,66.672171164,0.380983835
13,2020-01-01T13:00:00+00:00,distributed_committable,53,B13-2,208,210,true,175,-56.438791328,-22.815600234,58.030912126,24.250196119,60.876011537,62.894028127,0.359394446
13,2020-01-01T13:00:00+00:00,distributed_committable,54,B14,209,211,true,400,-56.338437036,-16.52392058,56.408644344,19.472627529,58.711663568,59.675106867,0.149187767
13,2020-01-01T13:00:00+00:00,distributed_committable,55,B15,209,212,true,400,-75.813624092,-16.996862702,75.936573339,22.160731082,77.695552895,79.104116028,0.19776029
13,2020-01-01T13:00:00+00:00,distributed_committable,56,B16,210,211,true,400,-88.358240363,38.916991962,88.532452787,-31.600070139,96.54900778,94.002976704,0.241372519
13,2020-01-01T13:00:00+00:00,distributed_committable,57,B17,210,212,true,400,-108.69513277,38.930453008,108.944259629,-28.467124921,115.456537534,112.602082163,0.288641344
13,2020-01-01T13:00:00+00:00,distributed_committable,58,B18,211,213,true,500,-53.485520852,3.310812569,53.65887316,-12.063807179,53.587894348,54.998273723,0.109996547
13,2020-01-01T13:00:00+00:00,distributed_committable,59,B19,211,214,true,500,-91.455576279,8.816630042,91.876514706,-14.205761488,91.879570078,92.968261326,0.185936523
13,2020-01-01T13:00:00+00:00,distributed_committable,60,B20,212,213,true,500,-19.25719376,1.990136435,19.282007378,-11.948617268,19.359756056,22.684031017,0.045368062
13,2020-01-01T13:00:00+00:00,distributed_committable,61,B21,212,223,true,500,-165.623639208,4.316257404,168.882811644,0.98710737,165.679871869,168.885696404,0.337771393
13,2020-01-01T13:00:00+00:00,distributed_committable,62,B22,213,223,true,500,-173.676454327,1.997628279,176.963894008,5.178075038,173.687942317,177.039634668,0.354079269
13,2020-01-01T13:00:00+00:00,distributed_committable,63,B23,214,216,true,500,-170.966708345,11.157252,172.419641097,-2.364846385,171.330381528,172.43585803,0.344871716
13,2020-01-01T13:00:00+00:00,distributed_committable,64,B24,215,216,true,500,22.292242578,-24.206484487,-22.272611555,20.702085269,32.907415128,30.407985135,0.06581483
13,2020-01-01T13:00:00+00:00,distributed_committable,65,B25-1,215,221,true,500,-15.893313774,-7.384364454,15.908497557,-2.981777512,17.525018149,16.185527228,0.035050036
13,2020-01-01T13:00:00+00:00,distributed_committable,66,B25-2,215,221,true,500,-15.893313774,-7.384364454,15.908497557,-2.981777512,17.525018149,16.185527228,0.035050036
13,2020-01-01T13:00:00+00:00,distributed_committable,67,B26,215,224,true,500,110.395924161,1.879400779,-109.552809319,-6.587057686,110.411920636,109.750659946,0.220823841
13,2020-01-01T13:00:00+00:00,distributed_committable,68,B27,216,217,true,500,-75.877210872,12.889651503,76.053250805,-16.982564656,76.964240044,77.926275801,0.155852552
13,2020-01-01T13:00:00+00:00,distributed_committable,69,B28,216,219,true,500,-17.452764929,-20.248145823,17.470924874,15.351209642,26.731749156,23.257103289,0.053463498
13,2020-01-01T13:00:00+00:00,distributed_committable,70,B29,217,218,true,500,95.410679477,3.573293222,-95.231667159,-5.372477641,95.477569003,95.383090461,0.190955138
13,2020-01-01T13:00:00+00:00,distributed_committable,71,B30,217,222,true,500,-39.155656486,-11.687744088,39.366123783,-9.424263844,40.862804563,40.478493682,0.081725609
13,2020-01-01T13:00:00+00:00,distributed_committable,72,B31-1,218,221,true,500,-20.263121272,-11.174929137,20.277336163,5.700805962,23.140292239,21.063464827,0.046280584
13,2020-01-01T13:00:00+00:00,distributed_committable,73,B31-2,218,221,true,500,-20.263121272,-11.174929137,20.277336163,5.700805962,23.140292239,21.063464827,0.046280584
13,2020-01-01T13:00:00+00:00,distributed_committable,74,B32-1,219,220,true,500,-45.630630088,-15.217710916,45.737258875,7.445076397,48.101279897,46.339249152,0.09620256
13,2020-01-01T13:00:00+00:00,distributed_committable,75,B32-2,219,220,true,500,-45.630630088,-15.217710916,45.737258875,7.445076397,48.101279897,46.339249152,0.09620256
13,2020-01-01T13:00:00+00:00,distributed_committable,76,B33-1,220,223,true,500,-71.828869148,-12.744934734,71.979900356,9.019652497,72.950804001,72.542816229,0.145901608
13,2020-01-01T13:00:00+00:00,distributed_committable,77,B33-2,220,223,true,500,-71.828869148,-12.744934734,71.979900356,9.019652497,72.950804001,72.542816229,0.145901608
13,2020-01-01T13:00:00+00:00,distributed_committable,78,B34,221,222,true,500,-72.371667438,-5.4380569,72.833876214,-5.652968769,72.575689529,73.052923146,0.146105846
13,2020-01-01T13:00:00+00:00,distributed_committable,79,C1,301,302,true,175,18.522683423,-28.201717341,-18.512431829,-20.180069668,33.740578865,27.38512998,0.192803308
13,2020-01-01T13:00:00+00:00,distributed_committable,80,C2,301,303,true,175,-54.494074501,13.55030337,56.192101304,-13.037761538,56.153493899,57.684794139,0.329627395
13,2020-01-01T13:00:00+00:00,distributed_committable,81,C3,301,305,true,175,-28.551861045,1.507788539,28.724125498,-3.268268072,28.591645552,28.909461458,0.165196923
13,2020-01-01T13:00:00+00:00,distributed_committable,82,C4,302,304,true,175,-23.170764867,14.222754095,23.419916144,-16.794818068,27.18770087,28.819409885,0.164682342
13,2020-01-01T13:00:00+00:00,distributed_committable,83,C5,302,306,true,175,-16.26824271,-5.991434821,16.399262688,0.954214869,17.336464809,16.427000418,0.099065513
13,2020-01-01T13:00:00+00:00,distributed_committable,84,C6,303,309,true,175,14.775008026,-2.723176612,-14.710568581,-0.396312944,15.023866115,14.715906086,0.085850664
13,2020-01-01T13:00:00+00:00,distributed_committable,85,C7,303,324,true,400,-75.505862867,-6.344250077,75.617958562,11.052269263,75.771926439,76.421386489,0.191053466
13,2020-01-01T13:00:00+00:00,distributed_committable,86,C8,304,309,true,175,-67.630292598,7.833255273,68.855991968,-6.017632079,68.082423319,69.118445626,0.394962546
13,2020-01-01T13:00:00+00:00,distributed_committable,87,C9,305,310,true,175,-71.142189393,-5.095857204,72.244510402,6.71954008,71.324461949,72.556333301,0.414607619
13,2020-01-01T13:00:00+00:00,distributed_committable,88,C10,306,310,true,175,-97.650765361,-125.718314021,98.893014944,-137.251476433,159.187833881,169.167952602,0.966674015
13,2020-01-01T13:00:00+00:00,distributed_committable,89,C11,307,308,true,175,-74.679689956,-14.935937991,75.691747083,17.20449983,76.158639271,77.622389752,0.443556513
13,2020-01-01T13:00:00+00:00,distributed_committable,90,C12-1,308,309,true,175,-62.530135263,-10.039712895,64.314778174,12.374187807,63.330984921,65.494360181,0.374253487
13,2020-01-01T13:00:00+00:00,distributed_committable,91,C13-2,308,310,true,175,-56.123427679,-28.075100123,57.84048089,30.029731689,62.753887381,65.171358854,0.372407765
13,2020-01-01T13:00:00+00:00,distributed_committable,92,C14,309,311,true,400,-100.470277114,-13.369208468,100.678078038,22.096847295,101.355869679,103.074468506,0.257686171
13,2020-01-01T13:00:00+00:00,distributed_committable,93,C15,309,312,true,400,-120.941490386,-14.098785023,121.24138076,26.694180736,121.760501954,124.145284622,0.310363212
13,2020-01-01T13:00:00+00:00,distributed_committable,94,C16,310,311,true,400,-128.534938083,38.464870741,128.8713526,-24.335461013,134.166972796,131.148923685,0.335417432
13,2020-01-01T13:00:00+00:00,distributed_committable,95,C17,310,312,true,400,-149.843384484,38.139833137,150.29019259,-19.373892679,154.62110705,151.533790642,0.386552768
13,2020-01-01T13:00:00+00:00,distributed_committable,96,C18,311,313,true,500,-206.43558771,12.729302829,208.954817486,-2.888313226,206.827674704,208.974778631,0.417949557
13,2020-01-01T13:00:00+00:00,distributed_committable,97,C19,311,314,true,500,-23.113842928,-10.49068911,23.141721623,1.693673056,25.383149783,23.203616272,0.0507663
13,2020-01-01T13:00:00+00:00,distributed_committable,98,C20,312,313,true,500,-170.987802094,10.545163454,172.708848068,-7.11612074,171.312664264,172.855388621,0.345710777
13,2020-01-01T13:00:00+00:00,distributed_committable,99,C21,312,323,true,500,-37.843771256,-17.865451511,38.017423522,-1.848705778,41.848839657,38.06234628,0.083697679
13,2020-01-01T13:00:00+00:00,distributed_committable,100,C22,313,323,true,500,53.61539174,-22.257192096,-53.294042066,5.754754493,58.051639352,53.603844256,0.116103279
13,2020-01-01T13:00:00+00:00,distributed_committable,101,C23,314,316,true,500,21.855399565,-22.842202957,-21.81538313,14.786173435,31.613679414,26.354162213,0.063227359
13,2020-01-01T13:00:00+00:00,distributed_committable,102,C24,315,316,true,500,-80.085946514,-8.016092071,80.209466939,5.29564629,80.486126513,80.384093304,0.160972253
13,2020-01-01T13:00:00+00:00,distributed_committable,103,C25-1,315,321,true,500,-43.427799993,-15.083433349,43.541536771,5.174818859,45.97264158,43.847966596,0.091945283
13,2020-01-01T13:00:00+00:00,distributed_committable,104,C25-2,315,321,true,500,-43.427799993,-15.083433349,43.541536771,5.174818859,45.97264158,43.847966596,0.091945283
13,2020-01-01T13:00:00+00:00,distributed_committable,105,C26,315,324,true,500,-22.446147229,-0.053042488,22.482041438,-11.052269263,22.446209902,25.051843108,0.050103686
13,2020-01-01T13:00:00+00:00,distributed_committable,106,C27,316,317,true,500,-23.977705319,-14.94963794,23.998287613,9.331352969,28.256362591,25.748630188,0.056512725
13,2020-01-01T13:00:00+00:00,distributed_committable,107,C28,316,319,true,500,-127.710025092,19.088869052,128.189399695,-20.555425417,129.128755244,129.826991448,0.259653983
13,2020-01-01T13:00:00+00:00,distributed_committable,108,C29,317,318,true,500,118.185262672,2.820206631,-117.920809291,-4.133941639,118.218906602,117.993248694,0.236437813
13,2020-01-01T13:00:00+00:00,distributed_committable,109,C30,317,322,true,500,-34.283550284,-12.1515596,34.439135293,-10.189919851,36.373372414,35.915017838,0.072746745
13,2020-01-01T13:00:00+00:00,distributed_committable,110,C31-1,318,321,true,500,-69.014164899,-9.043414685,69.151053469,4.422074699,69.604154373,69.292300731,0.139208309
13,2020-01-01T13:00:00+00:00,distributed_committable,111,C31-2,318,321,true,500,-69.014164899,-9.043414685,69.151053469,4.422074699,69.604154373,69.292300731,0.139208309
13,2020-01-01T13:00:00+00:00,distributed_committable,112,C32-1,319,320,true,500,-53.462795376,-0.774881405,53.599692907,-6.845626826,53.468410586,54.035078295,0.108070157
13,2020-01-01T13:00:00+00:00,distributed_committable,113,C32-2,319,320,true,500,-53.462795376,-0.774881405,53.599692907,-6.845626826,53.468410586,54.035078295,0.108070157
13,2020-01-01T13:00:00+00:00,distributed_committable,114,C33-1,320,323,true,500,-29.985694164,-0.92106093,30.011410095,-3.730195181,29.999836795,30.242339394,0.060484679
13,2020-01-01T13:00:00+00:00,distributed_committable,115,C33-2,320,323,true,500,-29.985694164,-0.92106093,30.011410095,-3.730195181,29.999836795,30.242339394,0.060484679
13,2020-01-01T13:00:00+00:00,distributed_committable,116,C34,321,322,true,500,-50.940483309,-7.187670663,51.160864707,-6.266026387,51.445072157,51.543158268,0.103086317
13,2020-01-01T13:00:00+00:00,distributed_committable,117,CA-1,325,121,true,500,-44.746201642,3.38208762,44.997119313,-22.563990671,44.873835116,50.337604447,0.100675209
13,2020-01-01T13:00:00+00:00,distributed_committable,118,CB-1,318,223,true,500,57.002445047,-18.404980327,-56.595018718,-1.305102758,59.900100519,56.610064802,0.119800201
13,2020-01-01T13:00:00+00:00,distributed_committable,119,C35,323,325,true,722,-44.746201647,3.554341646,44.746201647,-3.382087621,44.887146338,44.873835122,0.062170563
14,2020-01-01T14:00:00+00:00,reference_provider,0,A1,101,102,true,175,23.739159736,-26.20882447,-23.723595026,-23.877867066,35.361705064,33.659493409,0.202066886
14,2020-01-01T14:00:00+00:00,reference_provider,1,A2,101,103,true,175,49.311811198,-2.822705508,-48.083217984,1.458673758,49.392533748,48.105338382,0.28224305
14,2020-01-01T14:00:00+00:00,reference_provider,2,A3,101,105,true,175,100.334283891,-18.52697989,-98.239505171,24.125205809,102.030473427,101.158419974,0.583031277
14,2020-01-01T14:00:00+00:00,reference_provider,3,A4,102,104,true,175,68.08320801,-3.494926427,-66.675810381,5.270558142,68.172851808,66.883798286,0.389559153
14,2020-01-01T14:00:00+00:00,reference_provider,4,A5,102,106,true,175,70.856773289,-18.84697226,-68.43043546,22.483711286,73.320465658,72.029450716,0.418974089
14,2020-01-01T14:00:00+00:00,reference_provider,5,A6,103,109,true,175,35.038573581,-11.739492978,-34.643844326,9.907909491,36.952906976,36.032799227,0.211159468
14,2020-01-01T14:00:00+00:00,reference_provider,6,A7,103,124,true,400,-25.946597555,-3.839047183,25.960177864,4.409420145,26.229071809,26.331992343,0.065829981
14,2020-01-01T14:00:00+00:00,reference_provider,7,A8,104,109,true,175,54.136077577,-10.994828305,-53.362181957,11.032871386,55.241299268,54.490794766,0.315664567
14,2020-01-01T14:00:00+00:00,reference_provider,8,A9,105,110,true,175,71.144626399,-29.467857962,-69.899045028,31.613161144,77.005925216,76.715503344,0.440033858
14,2020-01-01T14:00:00+00:00,reference_provider,9,A10,106,110,true,175,16.53038598,-142.895444739,-16.487382695,-127.378203021,143.848398628,128.440805015,0.821990849
14,2020-01-01T14:00:00+00:00,reference_provider,10,A11,107,108,true,175,-64.369482553,6.592941289,65.049249356,-5.692614919,64.706237404,65.297861423,0.373130637
14,2020-01-01T14:00:00+00:00,reference_provider,11,AB1,107,203,true,175,16.667231194,-16.133391561,-16.466358032,12.484047186,23.196614385,20.663793964,0.132552082
14,2020-01-01T14:00:00+00:00,reference_provider,12,A12-1,108,109,true,175,-63.885813618,3.933183877,65.654648445,-1.75706206,64.006773993,65.67815565,0.375303747
14,2020-01-01T14:00:00+00:00,reference_provider,13,A13-2,108,110,true,175,-66.420115598,-11.597199338,68.351794708,14.275494409,67.42497155,69.826625154,0.399009287
14,2020-01-01T14:00:00+00:00,reference_provider,14,A14,109,111,true,400,-15.605513306,-12.759454007,15.613740295,13.104987555,20.157770514,20.384542791,0.050961357
14,2020-01-01T14:00:00+00:00,reference_provider,15,A15,109,112,true,400,-28.82626076,-20.162513201,28.851315749,21.214822726,35.177837455,35.811550144,0.089528875
14,2020-01-01T14:00:00+00:00,reference_provider,16,A16,110,111,true,400,-21.290714724,36.930376012,21.324675186,-35.504036594,42.628009639,41.415919479,0.106570024
14,2020-01-01T14:00:00+00:00,reference_provider,17,A17,110,112,true,400,-35.090164382,29.29445102,35.129214526,-27.654344984,45.710879415,44.708215237,0.114277199
14,2020-01-01T14:00:00+00:00,reference_provider,18,A18,111,113,true,500,-27.024288407,-9.25469205,27.068716022,-0.528766334,28.565039626,27.073880049,0.057130079
14,2020-01-01T14:00:00+00:00,reference_provider,19,A19,111,114,true,500,-9.914127074,31.653741089,9.983491607,-39.832538746,33.170005134,41.064598472,0.082129197
14,2020-01-01T14:00:00+00:00,reference_provider,20,A20,112,113,true,500,-2.84363034,1.612148243,2.846759471,-11.793794486,3.268830902,12.132502952,0.024265006
14,2020-01-01T14:00:00+00:00,reference_provider,21,A21,112,123,true,500,-61.136899934,4.827374014,61.602180093,-21.734780097,61.327188697,65.324032776,0.130648066
14,2020-01-01T14:00:00+00:00,reference_provider,22,A22,113,123,true,500,-66.356450098,4.014003556,66.851463367,-18.573623211,66.477745856,69.383698615,0.138767397
14,2020-01-01T14:00:00+00:00,reference_provider,23,AB2,113,215,true,500,90.412201723,-12.298815324,-89.607131048,2.31450891,91.24487426,89.637017388,0.182489749
14,2020-01-01T14:00:00+00:00,reference_provider,24,A23,114,116,true,500,-84.017385717,-25.050537374,84.399674179,21.369522835,87.672404584,87.06297438,0.175344809
14,2020-01-01T14:00:00+00:00,reference_provider,25,A24,115,116,true,500,61.815966683,11.179285832,-61.738003363,-14.189920088,62.818708747,63.347729962,0.12669546
14,2020-01-01T14:00:00+00:00,reference_provider,26,A25-1,115,121,true,500,-57.897671914,-17.25219585,58.102543506,8.280054226,60.413398139,58.689563466,0.120826796
14,2020-01-01T14:00:00+00:00,reference_provider,27,A25-2,115,121,true,500,-57.897671914,-17.25219585,58.102543506,8.280054226,60.413398139,58.689563466,0.120826796
14,2020-01-01T14:00:00+00:00,reference_provider,28,A26,115,124,true,500,26.006467697,-6.391451366,-25.960177864,-4.409420145,26.780347508,26.331992343,0.053560695
14,2020-01-01T14:00:00+00:00,reference_provider,29,A27,116,117,true,500,-64.001874809,-21.696160029,64.133247743,17.202954817,67.579311472,66.400415063,0.135158623
14,2020-01-01T14:00:00+00:00,reference_provider,30,A28,116,119,true,500,3.178402906,6.884197063,-3.175511754,-11.834185063,7.582507121,12.252828694,0.024505657
14,2020-01-01T14:00:00+00:00,reference_provider,31,A29,117,118,true,500,-41.405118166,-4.594577752,41.438556997,1.732008264,41.659260136,41.474737596,0.08331852
14,2020-01-01T14:00:00+00:00,reference_provider,32,A30,117,122,true,500,-22.728129578,-12.608377065,22.79847947,-9.752600961,25.991133994,24.796852454,0.051982268
14,2020-01-01T14:00:00+00:00,reference_provider,33,A31-1,118,121,true,500,-63.358677309,-13.841016502,63.478716705,9.170252194,64.852877563,64.137672236,0.129705755
14,2020-01-01T14:00:00+00:00,reference_provider,34,A31-2,118,121,true,500,-63.358677309,-13.841016502,63.478716705,9.170252194,64.852877563,64.137672236,0.129705755
14,2020-01-01T14:00:00+00:00,reference_provider,35,A32-1,119,120,true,500,-18.198674107,-1.14284067,18.215491731,-7.12379286,18.234522863,19.558950987,0.039117902
14,2020-01-01T14:00:00+00:00,reference_provider,36,A32-2,119,120,true,500,-18.198674107,-1.14284067,18.215491731,-7.12379286,18.234522863,19.558950987,0.039117902
14,2020-01-01T14:00:00+00:00,reference_provider,37,A33-1,120,123,true,500,-42.639044427,2.162758719,42.69354319,-6.419402875,42.693859452,43.173456699,0.086346913
14,2020-01-01T14:00:00+00:00,reference_provider,38,A33-2,120,123,true,500,-42.639044427,2.162758719,42.69354319,-6.419402875,42.693859452,43.173456699,0.086346913
14,2020-01-01T14:00:00+00:00,reference_provider,39,A34,121,122,true,500,-2.400517594,-4.985811065,2.40152053,-9.800915989,5.53360612,10.090850067,0.0201817
14,2020-01-01T14:00:00+00:00,reference_provider,40,AB3,123,217,true,500,146.123740502,-21.852528164,-143.995673348,21.879194188,147.748707357,145.64838853,0.295497415
14,2020-01-01T14:00:00+00:00,reference_provider,41,B1,201,202,true,175,-38.846206139,-11.722202557,38.893647839,-36.633370698,40.57632024,53.42957693,0.305311868
14,2020-01-01T14:00:00+00:00,reference_provider,42,B2,201,203,true,175,-13.317613454,8.808657968,13.482938587,-14.087720591,15.967193972,19.500089856,0.111429085
14,2020-01-01T14:00:00+00:00,reference_provider,43,B3,201,205,true,175,27.004225699,-16.020718524,-26.806302082,14.344427102,31.398911249,30.402967293,0.17942235
14,2020-01-01T14:00:00+00:00,reference_provider,44,B4,202,204,true,175,19.150513168,0.933049763,-19.033272118,-4.030355342,19.173229682,19.4553132,0.111173218
14,2020-01-01T14:00:00+00:00,reference_provider,45,B5,202,206,true,175,23.896759287,-18.413133623,-23.508990069,14.323479026,30.167840397,27.528797022,0.172387659
14,2020-01-01T14:00:00+00:00,reference_provider,46,B6,203,209,true,175,29.980506326,-17.56221533,-29.630397743,15.606815335,34.745678391,33.489299116,0.198546734
14,2020-01-01T14:00:00+00:00,reference_provider,47,B7,203,224,true,400,-100.096410039,4.139916752,100.299044422,4.370727346,100.181985474,100.394230759,0.250985577
14,2020-01-01T14:00:00+00:00,reference_provider,48,B8,204,209,true,175,-11.018671847,-2.061254922,11.05046686,-0.722357909,11.209812716,11.074051597,0.064056073
14,2020-01-01T14:00:00+00:00,reference_provider,49,B9,205,210,true,175,-2.02731983,-20.029930014,2.103878432,17.717895175,20.132265696,17.842368505,0.115041518
14,2020-01-01T14:00:00+00:00,reference_provider,50,B10,206,210,true,175,-31.72160965,-134.944346257,31.850608051,-134.368667245,138.622642831,138.091998213,0.792129388
14,2020-01-01T14:00:00+00:00,reference_provider,51,B11,207,208,true,175,-50.76341886,-10.152683772,51.213658707,10.23520228,51.768732668,52.226412895,0.298436645
14,2020-01-01T14:00:00+00:00,reference_provider,52,B12-1,208,209,true,175,-63.334370739,-2.065621671,65.102400413,4.311356064,63.368046441,65.245002343,0.372828585
14,2020-01-01T14:00:00+00:00,reference_provider,53,B13-2,208,210,true,175,-57.323644969,-22.383337891,58.951646768,23.954657993,61.538720231,63.632714041,0.363615509
14,2020-01-01T14:00:00+00:00,reference_provider,54,B14,209,211,true,400,-49.891346844,-15.256349569,49.946795319,17.585185523,52.17185728,52.95206429,0.132380161
14,2020-01-01T14:00:00+00:00,reference_provider,55,B15,209,212,true,400,-67.69990909,-18.559328553,67.800292882,22.775447803,70.197766112,71.523427893,0.17880857
14,2020-01-01T14:00:00+00:00,reference_provider,56,B16,210,211,true,400,-76.717980975,39.754669801,76.85751376,-33.894292804,86.406494986,83.999407772,0.216016237
14,2020-01-01T14:00:00+00:00,reference_provider,57,B17,210,212,true,400,-95.379085698,36.697150241,95.574269668,-28.499423502,102.195160474,99.732934191,0.255487901
14,2020-01-01T14:00:00+00:00,reference_provider,58,B18,211,213,true,500,-44.510680614,-0.576991116,44.629407925,-8.594318348,44.514420219,45.449382389,0.090898765
14,2020-01-01T14:00:00+00:00,reference_provider,59,B19,211,214,true,500,-82.293628465,16.886098397,82.650942533,-22.747612841,84.008223437,85.724163406,0.171448327
14,2020-01-01T14:00:00+00:00,reference_provider,60,B20,212,213,true,500,-13.00043734,3.194062963,13.014432743,-13.242465512,13.387061263,18.56713097,0.037134262
14,2020-01-01T14:00:00+00:00,reference_provider,61,B21,212,223,true,500,-150.37412521,2.529912735,153.055987437,-1.870952336,150.395405485,153.067422246,0.306134844
14,2020-01-01T14:00:00+00:00,reference_provider,62,B22,213,223,true,500,-159.96228865,-0.093013088,162.750252528,3.355999469,159.962315692,162.784850125,0.3255697
14,2020-01-01T14:00:00+00:00,reference_provider,63,B23,214,216,true,500,-161.435768603,4.764157626,162.738943592,2.328435552,161.506051225,162.755600129,0.3255112
14,2020-01-01T14:00:00+00:00,reference_provider,64,B24,215,216,true,500,23.440991995,-25.72808718,-23.418803108,22.265781666,34.805381418,32.314166741,0.069610763
14,2020-01-01T14:00:00+00:00,reference_provider,65,B25-1,215,221,true,500,-17.938444715,-8.101049755,17.958049044,-2.17342323,19.682855635,18.089093233,0.039365711
14,2020-01-01T14:00:00+00:00,reference_provider,66,B25-2,215,221,true,500,-17.938444715,-8.101049755,17.958049044,-2.17342323,19.682855635,18.089093233,0.039365711
14,2020-01-01T14:00:00+00:00,reference_provider,67,B26,215,224,true,500,101.006998256,-1.299217821,-100.299044422,-4.370727346,101.015353603,100.394230759,0.202030707
14,2020-01-01T14:00:00+00:00,reference_provider,68,B27,216,217,true,500,-83.940024641,11.304010519,84.15357776,-15.045887502,84.697747257,85.488030627,0.170976061
14,2020-01-01T14:00:00+00:00,reference_provider,69,B28,216,219,true,500,-2.990850931,-24.152062634,3.00494192,19.248188448,24.336542868,19.481335541,0.048673086
14,2020-01-01T14:00:00+00:00,reference_provider,70,B29,217,218,true,500,98.48903599,4.811042015,-98.297288861,-6.508363166,98.606472077,98.512515898,0.197212944
14,2020-01-01T14:00:00+00:00,reference_provider,71,B30,217,222,true,500,-38.646940401,-11.644348701,38.852784838,-9.411699012,40.363063053,39.976480184,0.080726126
14,2020-01-01T14:00:00+00:00,reference_provider,72,B31-1,218,221,true,500,-18.468229491,-10.553468347,18.480150928,5.085221526,21.270900185,19.167040885,0.0425418
14,2020-01-01T14:00:00+00:00,reference_provider,73,B31-2,218,221,true,500,-18.468229491,-10.553468347,18.480150928,5.085221526,21.270900185,19.167040885,0.0425418
14,2020-01-01T14:00:00+00:00,reference_provider,74,B32-1,219,220,true,500,-38.255186214,-17.137080215,38.334429962,9.179603761,41.918239355,39.418189275,0.083836479
14,2020-01-01T14:00:00+00:00,reference_provider,75,B32-2,219,220,true,500,-38.255186214,-17.137080215,38.334429962,9.179603761,41.918239355,39.418189275,0.083836479
14,2020-01-01T14:00:00+00:00,reference_provider,76,B33-1,220,223,true,500,-64.325300418,-14.458999322,64.448582265,10.546929396,65.930318786,65.305876272,0.131860638
14,2020-01-01T14:00:00+00:00,reference_provider,77,B33-2,220,223,true,500,-64.325300418,-14.458999322,64.448582265,10.546929396,65.930318786,65.305876272,0.131860638
14,2020-01-01T14:00:00+00:00,reference_provider,78,B34,221,222,true,500,-72.876399944,-5.823596594,73.347215162,-5.1378853,73.108713202,73.526946336,0.147053893
14,2020-01-01T14:00:00+00:00,reference_provider,79,C1,301,302,true,175,16.27899449,-28.292878145,-16.270931571,-20.03180802,32.641884371,25.807296386,0.186525054
14,2020-01-01T14:00:00+00:00,reference_provider,80,C2,301,303,true,175,-49.750763943,13.752334646,51.195483271,-14.179280741,51.616520816,53.122777692,0.30355873
14,2020-01-01T14:00:00+00:00,reference_provider,81,C3,301,305,true,175,-30.351071406,1.539594435,30.545850484,-3.210475722,30.390095204,30.714103212,0.175509161
14,2020-01-01T14:00:00+00:00,reference_provider,82,C4,302,304,true,175,-23.603999277,14.213718399,23.859736678,-16.756351408,27.553195325,29.155828694,0.166604735
14,2020-01-01T14:00:00+00:00,reference_provider,83,C5,302,306,true,175,-17.447435479,-6.000954982,17.597615176,1.040874064,18.450595261,17.628371414,0.105431973
14,2020-01-01T14:00:00+00:00,reference_provider,84,C6,303,309,true,175,5.7371558,-4.082914793,-5.725674541,0.777659322,7.041672378,5.778243935,0.040238128
14,2020-01-01T14:00:00+00:00,reference_provider,85,C7,303,324,true,400,-123.604040503,-3.603036982,123.90537746,16.259189164,123.656543313,124.967610987,0.312419027
14,2020-01-01T14:00:00+00:00,reference_provider,86,C8,304,309,true,175,-67.590201711,7.892067955,68.815981846,-6.073062038,68.049394589,69.083438247,0.394762504
14,2020-01-01T14:00:00+00:00,reference_provider,87,C9,305,310,true,175,-72.503458826,-5.062855501,73.648976388,6.852682141,72.680011334,73.96709387,0.422669108
14,2020-01-01T14:00:00+00:00,reference_provider,88,C10,306,310,true,175,-97.96711848,-125.623830033,99.217558623,-137.310820781,159.307573503,169.405978179,0.968034161
14,2020-01-01T14:00:00+00:00,reference_provider,89,C11,307,308,true,175,-73.869028772,-14.773805754,74.864849804,16.989674868,75.331923832,76.768449172,0.438676852
14,2020-01-01T14:00:00+00:00,reference_provider,90,C12-1,308,309,true,175,-66.546197516,-9.843310976,68.574451643,13.127939592,67.270254755,69.819755199,0.39897003
14,2020-01-01T14:00:00+00:00,reference_provider,91,C13-2,308,310,true,175,-61.371483648,-27.829691948,63.372013375,30.884822208,67.386576995,70.497406492,0.402842323
14,2020-01-01T14:00:00+00:00,reference_provider,92,C14,309,311,true,400,-108.547205811,-16.632347,108.791407831,26.888831829,109.814074035,112.065069022,0.280162673
14,2020-01-01T14:00:00+00:00,reference_provider,93,C15,309,312,true,400,-126.534193418,-12.474470163,126.86157153,26.22435088,127.147609139,129.543718142,0.323859295
14,2020-01-01T14:00:00+00:00,reference_provider,94,C16,310,311,true,400,-134.917449663,35.629288428,135.281362783,-20.344937422,139.542697471,136.802644693,0.348856744
14,2020-01-01T14:00:00+00:00,reference_provider,95,C17,310,312,true,400,-153.556783607,40.305938797,154.027823122,-20.522279195,158.758478495,155.388977212,0.396896196
14,2020-01-01T14:00:00+00:00,reference_provider,96,C18,311,313,true,500,-177.616701787,15.029279919,179.480776809,-10.448175699,178.25142919,179.78463121,0.359569262
14,2020-01-01T14:00:00+00:00,reference_provider,97,C19,311,314,true,500,-66.456068827,-21.573174326,66.684889717,14.348265087,69.86995731,68.21104916,0.139739915
14,2020-01-01T14:00:00+00:00,reference_provider,98,C20,312,313,true,500,-145.748272883,5.096590039,146.997600326,-5.416818272,145.837355566,147.097370547,0.294194741
14,2020-01-01T14:00:00+00:00,reference_provider,99,C21,312,323,true,500,-80.341121768,-10.798661723,81.096656332,-4.170369087,81.063598131,81.203815468,0.162407631
14,2020-01-01T14:00:00+00:00,reference_provider,100,C22,313,323,true,500,-8.780718132,-16.046426459,8.79351186,-2.862542416,18.291768996,9.247702412,0.036583538
14,2020-01-01T14:00:00+00:00,reference_provider,101,C23,314,316,true,500,-33.929622371,-10.538824071,33.98627454,2.548966053,35.528665708,34.081726557,0.071057331
14,2020-01-01T14:00:00+00:00,reference_provider,102,C24,315,316,true,500,-70.59942298,-19.909256679,70.70031539,16.961927939,73.352961948,72.70654438,0.146705924
14,2020-01-01T14:00:00+00:00,reference_provider,103,C25-1,315,321,true,500,-74.557947881,-11.683267403,74.877119356,3.366035757,75.467783388,74.952739775,0.150935567
14,2020-01-01T14:00:00+00:00,reference_provider,104,C25-2,315,321,true,500,-74.557947881,-11.683267403,74.877119356,3.366035757,75.467783388,74.952739775,0.150935567
14,2020-01-01T14:00:00+00:00,reference_provider,105,C26,315,324,true,500,32.383461777,5.454848754,-32.30537746,-16.259189164,32.839670699,36.166263908,0.072332528
14,2020-01-01T14:00:00+00:00,reference_provider,106,C27,316,317,true,500,-44.999832184,-3.037680594,45.057064158,-2.312342785,45.102243847,45.116360222,0.09023272
14,2020-01-01T14:00:00+00:00,reference_provider,107,C28,316,319,true,500,-94.781980764,26.778920335,95.060277526,-29.828555191,98.492306562,99.630311994,0.199260624
14,2020-01-01T14:00:00+00:00,reference_provider,108,C29,317,318,true,500,11.164178644,13.960130118,-11.157289087,-17.097794162,17.875237556,20.416161857,0.040832324
14,2020-01-01T14:00:00+00:00,reference_provider,109,C30,317,322,true,500,-33.921242802,-11.647787333,34.072594492,-10.855187698,35.865326751,35.75998875,0.071730654
14,2020-01-01T14:00:00+00:00,reference_provider,110,C31-1,318,321,true,500,-55.523586518,-13.778332759,55.614215331,8.710903424,57.207614121,56.29227998,0.114415228
14,2020-01-01T14:00:00+00:00,reference_provider,111,C31-2,318,321,true,500,-55.523586518,-13.778332759,55.614215331,8.710903424,57.207614121,56.29227998,0.114415228
14,2020-01-01T14:00:00+00:00,reference_provider,112,C32-1,319,320,true,500,-44.061315594,3.981661337,44.156712178,-11.959683664,44.240853957,45.747669489,0.091495339
14,2020-01-01T14:00:00+00:00,reference_provider,113,C32-2,319,320,true,500,-44.061315594,3.981661337,44.156712178,-11.959683664,44.240853957,45.747669489,0.091495339
14,2020-01-01T14:00:00+00:00,reference_provider,114,C33-1,320,323,true,500,-33.177654909,4.277304671,33.210319086,-8.875680916,33.452236406,34.375907341,0.068751815
14,2020-01-01T14:00:00+00:00,reference_provider,115,C33-2,320,323,true,500,-33.177654909,4.277304671,33.210319086,-8.875680916,33.452236406,34.375907341,0.068751815
14,2020-01-01T14:00:00+00:00,reference_provider,116,C34,321,322,true,500,-33.433268307,-7.272271509,33.527405508,-7.235945005,34.215045851,34.299355973,0.068598712
14,2020-01-01T14:00:00+00:00,reference_provider,117,CA-1,325,121,true,500,-156.310806364,22.639951239,159.237997172,-20.194847466,157.941874049,160.513462387,0.321026925
14,2020-01-01T14:00:00+00:00,reference_provider,118,CB-1,318,223,true,500,-74.582630526,4.469708029,75.296595505,-21.770468966,74.716444415,78.380677553,0.156761355
14,2020-01-01T14:00:00+00:00,reference_provider,119,C35,323,325,true,722,-156.310806364,24.784273335,156.310806364,-22.639951239,158.263477754,157.941874049,0.219201493
14,2020-01-01T14:00:00+00:00,distributed_committable,0,A1,101,102,true,175,18.376203794,-26.251982166,-18.366872556,-23.92549777,32.044522676,30.162417858,0.183111558
14,2020-01-01T14:00:00+00:00,distributed_committable,1,A2,101,103,true,175,52.12713099,-3.079714671,-50.755774008,2.258923644,52.218027804,50.806016683,0.29838873
14,2020-01-01T14:00:00+00:00,distributed_committable,2,A3,101,105,true,175,102.881917777,-18.452698508,-100.685413706,24.442273291,104.523638894,103.609735338,0.597277937
14,2020-01-01T14:00:00+00:00,distributed_committable,3,A4,102,104,true,175,70.637349401,-3.51788397,-69.124502141,5.696081425,70.724894047,69.358792809,0.404142252
14,2020-01-01T14:00:00+00:00,distributed_committable,4,A5,102,106,true,175,72.930630668,-18.739397302,-70.372355931,22.878781648,75.299680616,73.998021115,0.430283889
14,2020-01-01T14:00:00+00:00,distributed_committable,5,A6,103,109,true,175,34.343946445,-11.547730093,-33.96481018,9.655222567,36.233364841,35.310503443,0.207047799
14,2020-01-01T14:00:00+00:00,distributed_committable,6,A7,103,124,true,400,-22.579414317,-4.831059956,22.589935112,5.272933354,23.090454547,23.197176434,0.057992941
14,2020-01-01T14:00:00+00:00,distributed_committable,7,A8,104,109,true,175,56.584769443,-11.420351604,-55.739642471,11.731790803,57.725735714,56.960887092,0.329861347
14,2020-01-01T14:00:00+00:00,distributed_committable,8,A9,105,110,true,175,73.590535079,-29.784925466,-72.266174965,32.231301865,79.389600316,79.128104135,0.453654859
14,2020-01-01T14:00:00+00:00,distributed_committable,9,A10,106,110,true,175,18.472306549,-143.294132095,-18.419809066,-126.94259129,144.479875422,128.272018965,0.825599288
14,2020-01-01T14:00:00+00:00,distributed_committable,10,A11,107,108,true,175,-64.786453612,6.69921462,65.475215244,-5.764573162,65.131897317,65.728487849,0.375591359
14,2020-01-01T14:00:00+00:00,distributed_committable,11,AB1,107,203,true,175,17.084202256,-16.239664892,-16.876076144,12.618150908,23.571098458,21.071774447,0.134691991
14,2020-01-01T14:00:00+00:00,distributed_committable,12,A12-1,108,109,true,175,-63.873578995,3.84222272,65.641263074,-1.671150602,63.989036319,65.662532408,0.375214471
14,2020-01-01T14:00:00+00:00,distributed_committable,13,A13-2,108,110,true,175,-66.858316107,-11.434279938,68.813775412,14.203824749,67.829029112,70.264388732,0.401510793
14,2020-01-01T14:00:00+00:00,distributed_committable,14,A14,109,111,true,400,-14.327245766,-13.113946122,14.334881719,13.434656177,19.42281015,19.646343693,0.049115859
14,2020-01-01T14:00:00+00:00,distributed_committable,15,A15,109,112,true,400,-28.392716465,-20.340165053,28.417408235,21.377219411,34.926618254,35.560295282,0.088900738
14,2020-01-01T14:00:00+00:00,distributed_committable,16,A16,110,111,true,400,-18.936867192,36.350682946,18.968264098,-35.032012887,40.987523586,39.837632583,0.102468809
14,2020-01-01T14:00:00+00:00,distributed_committable,17,A17,110,112,true,400,-33.606436239,28.892061285,33.643143905,-27.350339326,44.318661555,43.357838888,0.110796654
14,2020-01-01T14:00:00+00:00,distributed_committable,18,A18,111,113,true,500,-26.889384189,-8.882791985,26.933166294,-0.911824953,28.318597697,26.948596835,0.056637195
14,2020-01-01T14:00:00+00:00,distributed_committable,19,A19,111,114,true,500,-6.413761595,30.480148693,6.476134777,-38.727293252,31.14764521,39.265042522,0.078530085
14,2020-01-01T14:00:00+00:00,distributed_committable,20,A20,112,113,true,500,-1.232863089,1.53576338,1.235548132,-11.725680504,1.969395988,11.790596357,0.023581193
14,2020-01-01T14:00:00+00:00,distributed_committable,21,A21,112,123,true,500,-60.827688625,4.437356488,61.28695377,-21.410556877,60.989325591,64.919200921,0.129838402
14,2020-01-01T14:00:00+00:00,distributed_committable,22,A22,113,123,true,500,-66.885328097,3.673052543,67.386801387,-18.195845008,66.986106244,69.8002133,0.139600427
14,2020-01-01T14:00:00+00:00,distributed_committable,23,AB2,113,215,true,500,92.687841249,-11.642919714,-91.842674203,1.962455776,93.416237854,91.863638277,0.186832476
14,2020-01-01T14:00:00+00:00,distributed_committable,24,A23,114,116,true,500,-80.510028849,-26.155545681,80.86482056,22.135523834,84.652095752,83.839731749,0.169304192
14,2020-01-01T14:00:00+00:00,distributed_committable,25,A24,115,116,true,500,58.16506524,11.622391895,-58.095575259,-14.712824967,59.314878468,59.929651118,0.119859302
14,2020-01-01T14:00:00+00:00,distributed_committable,26,A25-1,115,121,true,500,-51.73505314,-19.234195091,51.90296743,9.93252934,55.194836572,52.844802651,0.110389673
14,2020-01-01T14:00:00+00:00,distributed_committable,27,A25-2,115,121,true,500,-51.73505314,-19.234195091,51.90296743,9.93252934,55.194836572,52.844802651,0.110389673
14,2020-01-01T14:00:00+00:00,distributed_committable,28,A26,115,124,true,500,22.624861474,-5.63397069,-22.589935061,-5.272933362,23.315788266,23.197176386,0.046631577
14,2020-01-01T14:00:00+00:00,distributed_committable,29,A27,116,117,true,500,-56.664060017,-23.876789397,56.771650466,19.163890895,61.489159773,59.918903619,0.12297832
14,2020-01-01T14:00:00+00:00,distributed_committable,30,A28,116,119,true,500,-4.266985487,8.821730265,4.27129264,-13.770311664,9.799494376,14.417538769,0.028835078
14,2020-01-01T14:00:00+00:00,distributed_committable,31,A29,117,118,true,500,-35.039160448,-6.315228344,35.063353333,3.379251311,35.603719945,35.225815624,0.07120744
14,2020-01-01T14:00:00+00:00,distributed_committable,32,A30,117,122,true,500,-21.732489914,-12.848662561,21.796729977,-9.620970205,25.246569023,23.825627072,0.050493138
14,2020-01-01T14:00:00+00:00,distributed_committable,33,A31-1,118,121,true,500,-60.171075388,-14.664638023,60.27990826,9.879660679,61.932301117,61.084163537,0.123864602
14,2020-01-01T14:00:00+00:00,distributed_committable,34,A31-2,118,121,true,500,-60.171075388,-14.664638023,60.27990826,9.879660679,61.932301117,61.084163537,0.123864602
14,2020-01-01T14:00:00+00:00,distributed_committable,35,A32-1,119,120,true,500,-21.922075802,-0.174777396,21.946570966,-8.043008871,21.922772512,23.373959204,0.046747918
14,2020-01-01T14:00:00+00:00,distributed_committable,36,A32-2,119,120,true,500,-21.922075802,-0.174777396,21.946570966,-8.043008871,21.922772512,23.373959204,0.046747918
14,2020-01-01T14:00:00+00:00,distributed_committable,37,A33-1,120,123,true,500,-46.370123068,3.081974691,46.434654,-7.270756788,46.472431412,47.00043613,0.094000872
14,2020-01-01T14:00:00+00:00,distributed_committable,38,A33-2,120,123,true,500,-46.370123068,3.081974691,46.434654,-7.270756788,46.472431412,47.00043613,0.094000872
14,2020-01-01T14:00:00+00:00,distributed_committable,39,A34,121,122,true,500,-3.401607479,-4.644390129,3.403269981,-10.180734089,5.756847498,10.734504793,0.02146901
14,2020-01-01T14:00:00+00:00,distributed_committable,40,AB3,123,217,true,500,148.987384902,-20.841585792,-146.781099649,21.441874188,150.438068847,148.338953693,0.300876138
14,2020-01-01T14:00:00+00:00,distributed_committable,41,B1,201,202,true,175,-44.408152553,-11.395404891,44.468924594,-36.99722168,45.846911191,57.8470368,0.330554496
14,2020-01-01T14:00:00+00:00,distributed_committable,42,B2,201,203,true,175,-11.141942035,8.653341272,11.277413502,-14.052769703,14.107557814,18.018334874,0.102961914
14,2020-01-01T14:00:00+00:00,distributed_committable,43,B3,201,205,true,175,30.390500181,-16.187101822,-30.151462945,14.666207161,34.432611964,33.529216368,0.196757783
14,2020-01-01T14:00:00+00:00,distributed_committable,44,B4,202,204,true,175,22.164092598,0.776446044,-22.008427762,-3.731223115,22.177688544,22.322475635,0.127557004
14,2020-01-01T14:00:00+00:00,distributed_committable,45,B5,202,206,true,175,26.558267035,-18.494753222,-26.106588141,14.643551773,32.363520276,29.933051179,0.184934402
14,2020-01-01T14:00:00+00:00,distributed_committable,46,B6,203,209,true,175,31.199018333,-17.748958602,-30.824452365,15.887706282,35.894348809,34.678034467,0.205110565
14,2020-01-01T14:00:00+00:00,distributed_committable,47,B7,203,224,true,400,-98.699678596,4.157605395,98.896707271,4.117598929,98.787206852,98.982388989,0.247455972
14,2020-01-01T14:00:00+00:00,distributed_committable,48,B8,204,209,true,175,-8.043515997,-2.360387178,8.060609129,-0.480826326,8.382695105,8.074937368,0.047901115
14,2020-01-01T14:00:00+00:00,distributed_committable,49,B9,205,210,true,175,1.317841398,-20.351710129,-1.239254493,18.046275429,20.394332818,18.088775761,0.116539045
14,2020-01-01T14:00:00+00:00,distributed_committable,50,B10,206,210,true,175,-29.124011416,-135.304884026,29.232777533,-134.146020693,138.403828278,137.294246603,0.790879019
14,2020-01-01T14:00:00+00:00,distributed_committable,51,B11,207,208,true,175,-50.763418858,-10.152683772,51.21370032,10.235508688,51.768732667,52.226513751,0.298437221
14,2020-01-01T14:00:00+00:00,distributed_committable,52,B12-1,208,209,true,175,-63.180001481,-2.095336215,64.93957658,4.309224553,63.214737372,65.082394107,0.371899395
14,2020-01-01T14:00:00+00:00,distributed_committable,53,B13-2,208,210,true,175,-57.478055836,-22.353929755,59.113496969,23.95399176,61.671914825,63.782436808,0.364471067
14,2020-01-01T14:00:00+00:00,distributed_committable,54,B14,209,211,true,400,-48.408160609,-15.198013021,48.460611806,17.400963303,50.73785188,51.490041955,0.128725105
14,2020-01-01T14:00:00+00:00,distributed_committable,55,B15,209,212,true,400,-64.836359073,-19.137956125,64.929471761,23.048688997,67.601884755,68.899044751,0.172247612
14,2020-01-01T14:00:00+00:00,distributed_committable,56,B16,210,211,true,400,-74.53209782,39.83164949,74.665566292,-34.225973673,84.507951735,82.13625304,0.211269879
14,2020-01-01T14:00:00+00:00,distributed_committable,57,B17,210,212,true,400,-91.765855414,36.069809956,91.947548879,-28.438684451,98.600220132,96.245054512,0.24650055
14,2020-01-01T14:00:00+00:00,distributed_committable,58,B18,211,213,true,500,-40.823540858,-1.608451742,40.923158306,-7.713803514,40.855215153,41.643818874,0.083287638
14,2020-01-01T14:00:00+00:00,distributed_committable,59,B19,211,214,true,500,-82.302636964,18.43346208,82.663556594,-24.255246096,84.341665714,86.148595763,0.172297192
14,2020-01-01T14:00:00+00:00,distributed_committable,60,B20,212,213,true,500,-11.666640931,3.423143969,11.678923127,-13.487639165,12.158471337,17.8413468,0.035682694
14,2020-01-01T14:00:00+00:00,distributed_committable,61,B21,212,223,true,500,-145.210379465,1.966851453,147.709815806,-2.774972873,145.223699199,147.735879731,0.295471759
14,2020-01-01T14:00:00+00:00,distributed_committable,62,B22,213,223,true,500,-154.920529189,-0.728354285,157.534750177,2.627478556,154.922241348,157.556660147,0.31511332
14,2020-01-01T14:00:00+00:00,distributed_committable,63,B23,214,216,true,500,-161.44838237,3.91406933,162.753270214,3.208600209,161.495820715,162.784895125,0.32556979
14,2020-01-01T14:00:00+00:00,distributed_committable,64,B24,215,216,true,500,27.206630938,-26.485205887,-27.179916819,23.064056306,37.969288877,35.64685921,0.075938578
14,2020-01-01T14:00:00+00:00,distributed_committable,65,B25-1,215,221,true,500,-17.992609836,-8.258562397,18.012402641,-2.006937427,19.797420579,18.123864012,0.039594841
14,2020-01-01T14:00:00+00:00,distributed_committable,66,B25-2,215,221,true,500,-17.992609836,-8.258562397,18.012402641,-2.006937427,19.797420579,18.123864012,0.039594841
14,2020-01-01T14:00:00+00:00,distributed_committable,67,B26,215,224,true,500,99.585233665,-1.690806909,-98.896707238,-4.117598922,99.599586305,98.982388956,0.199199173
14,2020-01-01T14:00:00+00:00,distributed_committable,68,B27,216,217,true,500,-86.602503014,11.282908291,86.82957547,-14.904376097,87.334400712,88.099464261,0.176198929
14,2020-01-01T14:00:00+00:00,distributed_committable,69,B28,216,219,true,500,8.911482214,-25.369820696,-8.893701075,20.497981052,26.889446209,22.344241899,0.053778892
14,2020-01-01T14:00:00+00:00,distributed_committable,70,B29,217,218,true,500,98.585410215,5.082841835,-98.393127755,-6.774832566,98.716353197,98.626091607,0.197432706
14,2020-01-01T14:00:00+00:00,distributed_committable,71,B30,217,222,true,500,-38.633884854,-11.620340056,38.839687032,-9.424761688,40.343640911,39.966829016,0.080687282
14,2020-01-01T14:00:00+00:00,distributed_committable,72,B31-1,218,221,true,500,-18.420310003,-10.420233648,18.432125315,4.954384141,21.163390321,19.086360728,0.042326781
14,2020-01-01T14:00:00+00:00,distributed_committable,73,B31-2,218,221,true,500,-18.420310003,-10.420233648,18.432125315,4.954384141,21.163390321,19.086360728,0.042326781
14,2020-01-01T14:00:00+00:00,distributed_committable,74,B32-1,219,220,true,500,-32.305864599,-17.761976519,32.365543604,9.655577911,36.86674243,33.775118025,0.073733485
14,2020-01-01T14:00:00+00:00,distributed_committable,75,B32-2,219,220,true,500,-32.305864599,-17.761976519,32.365543604,9.655577911,36.86674243,33.775118025,0.073733485
14,2020-01-01T14:00:00+00:00,distributed_committable,76,B33-1,220,223,true,500,-58.356414005,-14.934973473,58.459055677,10.876528087,60.237235064,59.46225739,0.12047447
14,2020-01-01T14:00:00+00:00,distributed_committable,77,B33-2,220,223,true,500,-58.356414005,-14.934973473,58.459055677,10.876528087,60.237235064,59.46225739,0.12047447
14,2020-01-01T14:00:00+00:00,distributed_committable,78,B34,221,222,true,500,-72.889055697,-5.894893444,73.36031272,-5.054942838,73.127041572,73.534263643,0.147068527
14,2020-01-01T14:00:00+00:00,distributed_committable,79,C1,301,302,true,175,15.906823761,-28.179794777,-15.899130375,-20.148990815,32.359355307,25.666401725,0.184910602
14,2020-01-01T14:00:00+00:00,distributed_committable,80,C2,301,303,true,175,-48.979704735,13.489727638,50.379862527,-14.087591278,50.803387955,52.312434242,0.298928196
14,2020-01-01T14:00:00+00:00,distributed_committable,81,C3,301,305,true,175,-30.749959883,1.689118076,30.950016741,-3.339668534,30.796317194,31.129679121,0.177883881
14,2020-01-01T14:00:00+00:00,distributed_committable,82,C4,302,304,true,175,-23.720023477,14.243192868,23.977774162,-16.778256448,27.667816264,29.265056692,0.167228895
14,2020-01-01T14:00:00+00:00,distributed_committable,83,C5,302,306,true,175,-17.703212476,-5.913246656,17.857399712,0.968442508,18.664678352,17.883640719,0.106655305
14,2020-01-01T14:00:00+00:00,distributed_committable,84,C6,303,309,true,175,4.051666099,-3.723666504,-4.04555131,0.39777018,5.502880192,4.065059227,0.03144503
14,2020-01-01T14:00:00+00:00,distributed_committable,85,C7,303,324,true,400,-121.102930051,-4.053974734,121.392292861,16.207212738,121.170765361,122.469435006,0.306173588
14,2020-01-01T14:00:00+00:00,distributed_committable,86,C8,304,309,true,175,-67.708239195,7.913972995,68.938262204,-6.078838724,68.169176491,69.2057532,0.395461447
14,2020-01-01T14:00:00+00:00,distributed_committable,87,C9,305,310,true,175,-72.907625083,-4.933662688,74.065709351,6.771575272,73.074365018,74.37461619,0.424997807
14,2020-01-01T14:00:00+00:00,distributed_committable,88,C10,306,310,true,175,-98.226903016,-125.55105897,99.484087696,-137.353780551,159.410140469,169.597006862,0.969125753
14,2020-01-01T14:00:00+00:00,distributed_committable,89,C11,307,308,true,175,-73.869028772,-14.773805754,74.864790684,16.989358324,75.331923832,76.768321464,0.438676123
14,2020-01-01T14:00:00+00:00,distributed_committable,90,C12-1,308,309,true,175,-66.443042762,-9.894994767,68.465343208,13.156444364,67.175805562,69.71796934,0.398388396
14,2020-01-01T14:00:00+00:00,distributed_committable,91,C13-2,308,310,true,175,-61.474579281,-27.777691613,63.479511162,30.849593577,67.459054612,70.578649472,0.403306568
14,2020-01-01T14:00:00+00:00,distributed_committable,92,C14,309,311,true,400,-108.651730059,-16.883319263,108.896540022,27.16533774,109.95564976,112.233738258,0.280584346
14,2020-01-01T14:00:00+00:00,distributed_committable,93,C15,309,312,true,400,-128.122964322,-11.866336844,128.458205518,25.946467081,128.671301915,131.05239303,0.327630983
14,2020-01-01T14:00:00+00:00,distributed_committable,94,C16,310,311,true,400,-134.548172487,35.251501439,134.909725492,-20.06627523,139.089464278,136.393876086,0.347723661
14,2020-01-01T14:00:00+00:00,distributed_committable,95,C17,310,312,true,400,-154.716820606,40.843021057,155.195357986,-20.744451092,160.017020805,156.575641118,0.400042552
14,2020-01-01T14:00:00+00:00,distributed_committable,96,C18,311,313,true,500,-180.417108878,16.537400568,182.342357498,-11.467894285,181.173449472,182.702621594,0.365405243
14,2020-01-01T14:00:00+00:00,distributed_committable,97,C19,311,314,true,500,-63.389156589,-23.636463083,63.60213006,16.26769568,67.652550285,65.649591552,0.135305101
14,2020-01-01T14:00:00+00:00,distributed_committable,98,C20,312,313,true,500,-145.857861242,4.860045981,147.10949758,-5.157150656,145.93880818,147.199865765,0.294399732
14,2020-01-01T14:00:00+00:00,distributed_committable,99,C21,312,323,true,500,-82.99570224,-10.062061973,83.802448803,-4.477220659,83.603419077,83.921963336,0.167843927
14,2020-01-01T14:00:00+00:00,distributed_committable,100,C22,313,323,true,500,-11.754196052,-15.286375489,11.772469143,-3.567398853,19.283008075,12.30111232,0.038566016
14,2020-01-01T14:00:00+00:00,distributed_committable,101,C23,314,316,true,500,-30.846862662,-9.78860333,30.893501695,1.670193927,32.362720702,30.938616561,0.064725441
14,2020-01-01T14:00:00+00:00,distributed_committable,102,C24,315,316,true,500,-85.140086021,-20.693902493,85.28460354,18.116756729,87.618901203,87.187616525,0.175237802
14,2020-01-01T14:00:00+00:00,distributed_committable,103,C25-1,315,321,true,500,-66.025761177,-11.225798939,66.276298153,2.359957864,66.97327602,66.318301381,0.133946552
14,2020-01-01T14:00:00+00:00,distributed_committable,104,C25-2,315,321,true,500,-66.025761177,-11.225798939,66.276298153,2.359957864,66.97327602,66.318301381,0.133946552
14,2020-01-01T14:00:00+00:00,distributed_committable,105,C26,315,324,true,500,29.859751468,5.324557639,-29.792292867,-16.207212739,30.330771039,33.915401502,0.067830803
14,2020-01-01T14:00:00+00:00,distributed_committable,106,C27,316,317,true,500,-37.711078098,-0.901316129,37.751362526,-4.594691956,37.721847543,38.029943029,0.076059886
14,2020-01-01T14:00:00+00:00,distributed_committable,107,C28,316,319,true,500,-107.968027874,30.691874607,108.328603575,-33.111686181,112.245651185,113.27607918,0.226552158
14,2020-01-01T14:00:00+00:00,distributed_committable,108,C29,317,318,true,500,15.71747268,16.41250207,-15.706727706,-19.519011988,22.724637987,25.053804585,0.050107609
14,2020-01-01T14:00:00+00:00,distributed_committable,109,C30,317,322,true,500,-31.168835207,-11.817810114,31.296735789,-10.833508053,33.33402052,33.118734392,0.066668041
14,2020-01-01T14:00:00+00:00,distributed_committable,110,C31-1,318,321,true,500,-39.557977007,-15.395990815,39.606781693,9.976677763,42.448440231,40.84398677,0.08489688
14,2020-01-01T14:00:00+00:00,distributed_committable,111,C31-2,318,321,true,500,-39.557977007,-15.395990815,39.606781693,9.976677763,42.448440231,40.84398677,0.08489688
14,2020-01-01T14:00:00+00:00,distributed_committable,112,C32-1,319,320,true,500,-50.695478622,5.623226834,50.822148399,-13.346877915,51.006394038,52.545503309,0.105091007
14,2020-01-01T14:00:00+00:00,distributed_committable,113,C32-2,319,320,true,500,-50.695478622,5.623226834,50.822148399,-13.346877915,51.006394038,52.545503309,0.105091007
14,2020-01-01T14:00:00+00:00,distributed_committable,114,C33-1,320,323,true,500,-39.843091137,5.664498924,39.89025146,-10.152563796,40.243738139,41.161957111,0.082323914
14,2020-01-01T14:00:00+00:00,distributed_committable,115,C33-2,320,323,true,500,-39.843091137,5.664498924,39.89025146,-10.152563796,40.243738139,41.161957111,0.082323914
14,2020-01-01T14:00:00+00:00,distributed_committable,116,C34,321,322,true,500,-36.19273388,-7.193436144,36.303264225,-7.165598825,36.900670851,37.003686302,0.074007373
14,2020-01-01T14:00:00+00:00,distributed_committable,117,CA-1,325,121,true,500,-175.355420677,25.645970378,179.035854383,-17.128956821,177.220877318,179.853380053,0.35970676
14,2020-01-01T14:00:00+00:00,distributed_committable,118,CB-1,318,223,true,500,-101.964410698,10.126241948,103.299838712,-22.422645602,102.466003264,105.705400589,0.211410801
14,2020-01-01T14:00:00+00:00,distributed_committable,119,C35,323,325,true,722,-175.355420842,28.349747108,175.355420842,-25.645970409,177.632293741,177.220877486,0.246028108
16,2020-01-01T16:00:00+00:00,distributed_committable,0,A1,101,102,true,175,5.964121327,-23.193390754,-5.963075291,-25.273103579,23.947946006,25.967056657,0.148383181
16,2020-01-01T16:00:00+00:00,distributed_committable,1,A2,101,103,true,175,55.904980191,-10.397284989,-54.241997357,10.827322881,56.863611786,55.312070998,0.324934924
16,2020-01-01T16:00:00+00:00,distributed_committable,2,A3,101,105,true,175,76.928926011,-25.397345771,-75.568656629,28.220029061,81.012868295,80.665927782,0.462930676
16,2020-01-01T16:00:00+00:00,distributed_committable,3,A4,102,104,true,175,62.221195757,-9.335126323,-60.987847954,10.534137356,62.917579299,61.89091733,0.359529025
16,2020-01-01T16:00:00+00:00,distributed_committable,4,A5,102,106,true,175,55.905164489,-23.568076007,-54.211965116,24.506843749,60.66994003,59.49388668,0.346685372
16,2020-01-01T16:00:00+00:00,distributed_committable,5,A6,103,109,true,175,-4.762018472,-7.220933321,4.778067957,3.941714292,8.649780226,6.194113735,0.049427316
16,2020-01-01T16:00:00+00:00,distributed_committable,6,A7,103,124,true,400,-14.919783533,-18.801837435,14.931242891,19.283130487,24.002271384,24.388135141,0.060970338
16,2020-01-01T16:00:00+00:00,distributed_committable,7,A8,104,109,true,175,30.596952999,-16.694454135,-30.292301866,14.945004148,34.855104815,33.778346634,0.199172028
16,2020-01-01T16:00:00+00:00,distributed_committable,8,A9,105,110,true,175,46.409825137,-33.969658072,-45.713057242,34.035989713,57.513559608,56.992387195,0.328648912
16,2020-01-01T16:00:00+00:00,distributed_committable,9,A10,106,110,true,175,-1.641572248,-144.860744321,1.657548734,-124.458801995,144.870045229,124.469839165,0.82782883
16,2020-01-01T16:00:00+00:00,distributed_committable,10,A11,107,108,true,175,124.361798136,-1.202361088,-122.117309803,7.914032132,124.367610365,122.373482659,0.710672059
16,2020-01-01T16:00:00+00:00,distributed_committable,11,AB1,107,203,true,175,103.109866836,-2.078401719,-99.05967054,12.887425541,103.130812043,99.894464635,0.589318926
16,2020-01-01T16:00:00+00:00,distributed_committable,12,A12-1,108,109,true,175,28.05251755,-4.075450836,-27.734733113,0.523165161,28.347011137,27.739666952,0.161982921
16,2020-01-01T16:00:00+00:00,distributed_committable,13,A13-2,108,110,true,175,23.837182187,-18.212653535,-23.507979054,14.590884668,29.998533354,27.668013925,0.171420191
16,2020-01-01T16:00:00+00:00,distributed_committable,14,A14,109,111,true,400,5.324499852,-14.603188583,-5.319627574,14.807824224,15.54359725,15.734360355,0.039335901
16,2020-01-01T16:00:00+00:00,distributed_committable,15,A15,109,112,true,400,-23.945893858,-19.591455051,23.965197784,20.402219948,30.939149046,31.473501293,0.078683753
16,2020-01-01T16:00:00+00:00,distributed_committable,16,A16,110,111,true,400,8.937629938,32.320924993,-8.916613845,-31.438249075,33.533914494,32.678272711,0.083834786
16,2020-01-01T16:00:00+00:00,distributed_committable,17,A17,110,112,true,400,-21.458258791,27.083491444,21.480572808,-26.146302724,34.553905411,33.838501065,0.086384764
16,2020-01-01T16:00:00+00:00,distributed_committable,18,A18,111,113,true,500,-11.377580822,-1.378689309,11.386033035,-8.70531017,11.460808417,14.332626188,0.028665252
16,2020-01-01T16:00:00+00:00,distributed_committable,19,A19,111,114,true,500,25.613822402,18.009114145,-25.556678217,-26.378554478,31.311277367,36.728353323,0.073456707
16,2020-01-01T16:00:00+00:00,distributed_committable,20,A20,112,113,true,500,40.742948907,2.910949507,-40.64212059,-12.306242862,40.846805416,42.464403675,0.084928807
16,2020-01-01T16:00:00+00:00,distributed_committable,21,A21,112,123,true,500,-86.18871916,2.833133235,87.077822644,-16.501000156,86.235270941,88.627479951,0.17725496
16,2020-01-01T16:00:00+00:00,distributed_committable,22,A22,113,123,true,500,-117.578954181,3.530242671,119.096220145,-10.116271496,117.631939029,119.525096117,0.239050192
16,2020-01-01T16:00:00+00:00,distributed_committable,23,AB2,113,215,true,500,-61.997218878,-4.695829703,62.377330245,-8.551715953,62.17480169,62.960806652,0.125921613
16,2020-01-01T16:00:00+00:00,distributed_committable,24,A23,114,116,true,500,-54.116750089,-39.638266798,54.327456229,33.765327084,67.080659172,63.965379803,0.134161318
16,2020-01-01T16:00:00+00:00,distributed_committable,25,A24,115,116,true,500,-0.208981347,29.360264082,0.22751483,-32.979647273,29.361007819,32.980432036,0.065960864
16,2020-01-01T16:00:00+00:00,distributed_committable,26,A25-1,115,121,true,500,-4.414406554,-38.662866437,4.478358193,28.152616118,38.914062064,28.506586719,0.077828124
16,2020-01-01T16:00:00+00:00,distributed_committable,27,A25-2,115,121,true,500,-4.414406554,-38.662866437,4.478358193,28.152616118,38.914062064,28.506586719,0.077828124
16,2020-01-01T16:00:00+00:00,distributed_committable,28,A26,115,124,true,500,14.958795379,8.083627891,-14.931242324,-19.283130555,17.003252603,24.388134847,0.04877627
16,2020-01-01T16:00:00+00:00,distributed_committable,29,A27,116,117,true,500,12.417050325,-49.259697827,-12.350772457,44.028239963,50.800600083,45.727754094,0.1016012
16,2020-01-01T16:00:00+00:00,distributed_committable,30,A28,116,119,true,500,-108.040798296,40.260262413,108.428963221,-42.368516894,115.298321003,116.41276257,0.232825525
16,2020-01-01T16:00:00+00:00,distributed_committable,31,A29,117,118,true,500,45.517995702,-27.309472287,-45.46678958,24.457642877,53.081966894,51.627562889,0.106163934
16,2020-01-01T16:00:00+00:00,distributed_committable,32,A30,117,122,true,500,-33.167223229,-16.718767676,33.314691201,-5.994186979,37.142723235,33.849651805,0.074285446
16,2020-01-01T16:00:00+00:00,distributed_committable,33,A31-1,118,121,true,500,-45.646119394,-26.192205906,45.719490359,20.886430775,52.626988,50.264448562,0.105253976
16,2020-01-01T16:00:00+00:00,distributed_committable,34,A31-2,118,121,true,500,-45.646119394,-26.192205906,45.719490359,20.886430775,52.626988,50.264448562,0.105253976
16,2020-01-01T16:00:00+00:00,distributed_committable,35,A32-1,119,120,true,500,-91.381725305,13.586534554,91.802048219,-18.768266657,92.386219973,93.700927906,0.187401856
16,2020-01-01T16:00:00+00:00,distributed_committable,36,A32-2,119,120,true,500,-91.381725305,13.586534554,91.802048219,-18.768266657,92.386219973,93.700927906,0.187401856
16,2020-01-01T16:00:00+00:00,distributed_committable,37,A33-1,120,123,true,500,-118.086065987,13.429325545,118.500464818,-15.11896975,118.847237094,119.461053939,0.238922108
16,2020-01-01T16:00:00+00:00,distributed_committable,38,A33-2,120,123,true,500,-118.086065987,13.429325545,118.500464818,-15.11896975,118.847237094,119.461053939,0.238922108
16,2020-01-01T16:00:00+00:00,distributed_committable,39,A34,121,122,true,500,-43.624767354,-1.618229611,43.785307709,-12.618280724,43.654770573,45.56724898,0.091134498
16,2020-01-01T16:00:00+00:00,distributed_committable,40,AB3,123,217,true,500,38.651371933,-18.144768176,-38.496031259,3.291222539,42.69849136,38.636466822,0.085396983
16,2020-01-01T16:00:00+00:00,distributed_committable,41,B1,201,202,true,175,-39.568842636,-9.657039966,39.619430963,-38.776420446,40.730231137,55.437443054,0.316785389
16,2020-01-01T16:00:00+00:00,distributed_committable,42,B2,201,203,true,175,-25.779292443,8.133442025,26.189883688,-12.537733557,27.031921834,29.036266467,0.165921523
16,2020-01-01T16:00:00+00:00,distributed_committable,43,B3,201,205,true,175,39.01155396,-17.691259589,-38.638145297,16.689838238,42.835522737,42.08867986,0.244774416
16,2020-01-01T16:00:00+00:00,distributed_committable,44,B4,202,204,true,175,24.987827589,-0.16224442,-24.791666772,-2.636103624,24.988354305,24.931421613,0.142790596
16,2020-01-01T16:00:00+00:00,distributed_committable,45,B5,202,206,true,175,32.333811044,-19.438476091,-31.706148257,16.267828198,37.727041885,35.635965984,0.215583096
16,2020-01-01T16:00:00+00:00,distributed_committable,46,B6,203,209,true,175,62.950907912,-16.263497554,-61.707924423,17.699414025,65.017829551,64.196083942,0.371530455
16,2020-01-01T16:00:00+00:00,distributed_committable,47,B7,203,224,true,400,-65.475422916,0.416087966,65.560241397,3.146288205,65.476744996,65.635694416,0.164089236
16,2020-01-01T16:00:00+00:00,distributed_committable,48,B8,204,209,true,175,-6.203768443,-3.646754865,6.215065069,0.780344966,7.196218725,6.263862393,0.04112125
16,2020-01-01T16:00:00+00:00,distributed_committable,49,B9,205,210,true,175,8.899281781,-22.553839495,-8.784863889,20.386118845,24.246090245,22.198371001,0.138549087
16,2020-01-01T16:00:00+00:00,distributed_committable,50,B10,206,210,true,175,-25.25843538,-137.156282794,25.341369619,-132.247511636,139.462663347,134.653590179,0.796929505
16,2020-01-01T16:00:00+00:00,distributed_committable,51,B11,207,208,true,175,-52.357154079,-10.471430816,52.838289077,10.677884723,53.394030065,53.90641905,0.30803668
16,2020-01-01T16:00:00+00:00,distributed_committable,52,B12-1,208,209,true,175,-67.198296356,-2.037975491,69.195036144,5.164583746,67.229192895,69.387505735,0.396500033
16,2020-01-01T16:00:00+00:00,distributed_committable,53,B13-2,208,210,true,175,-57.264579501,-23.299912374,58.911689539,24.95158893,61.823280259,63.977878633,0.365587878
16,2020-01-01T16:00:00+00:00,distributed_committable,54,B14,209,211,true,400,-37.477479973,-13.351991119,37.509672523,14.704078215,39.784886226,40.288775719,0.100721939
16,2020-01-01T16:00:00+00:00,distributed_committable,55,B15,209,212,true,400,-49.524712513,-25.371211993,49.587688586,28.01620703,55.645265275,56.954777812,0.142386945
16,2020-01-01T16:00:00+00:00,distributed_committable,56,B16,210,211,true,400,-72.117061049,41.169956655,72.245936558,-35.757185252,83.04116946,80.610493401,0.207602924
16,2020-01-01T16:00:00+00:00,distributed_committable,57,B17,210,212,true,400,-85.028294583,28.985557901,85.17911342,-22.651166741,89.833030933,88.139416368,0.224582577
16,2020-01-01T16:00:00+00:00,distributed_committable,58,B18,211,213,true,500,-26.854729679,-15.267685173,26.903860178,5.510345168,30.891401986,27.462366911,0.061782804
16,2020-01-01T16:00:00+00:00,distributed_committable,59,B19,211,214,true,500,-82.9008794,36.320792209,83.324003332,-41.533170594,90.508318689,93.101524107,0.186203048
16,2020-01-01T16:00:00+00:00,distributed_committable,60,B20,212,213,true,500,-4.388415127,4.308899269,4.394748736,-14.517418593,6.150187009,15.16803412,0.030336068
16,2020-01-01T16:00:00+00:00,distributed_committable,61,B21,212,223,true,500,-130.378386879,-9.673939558,132.358515243,4.305050248,130.736792341,132.428509072,0.264857018
16,2020-01-01T16:00:00+00:00,distributed_committable,62,B22,213,223,true,500,-142.295775564,-13.611217136,144.477862158,11.783434837,142.945279654,144.957586867,0.289915174
16,2020-01-01T16:00:00+00:00,distributed_committable,63,B23,214,216,true,500,-164.582306154,-22.734225654,165.976477204,30.91869223,166.145058654,168.831740245,0.33766348
16,2020-01-01T16:00:00+00:00,distributed_committable,64,B24,215,216,true,500,-1.320119748,-26.941149339,1.332460995,23.345292149,26.973472966,23.383287147,0.053946946
16,2020-01-01T16:00:00+00:00,distributed_committable,65,B25-1,215,221,true,500,-101.49588484,-7.194608,102.099885106,1.49824799,101.750562769,102.110877411,0.204221755
16,2020-01-01T16:00:00+00:00,distributed_committable,66,B25-2,215,221,true,500,-101.49588484,-7.194608,102.099885106,1.49824799,101.750562769,102.110877411,0.204221755
16,2020-01-01T16:00:00+00:00,distributed_committable,67,B26,215,224,true,500,65.856817494,-5.765920086,-65.56024135,-3.146288211,66.1087456,65.635694369,0.132217491
16,2020-01-01T16:00:00+00:00,distributed_committable,68,B27,216,217,true,500,-108.013020407,2.919408349,108.353040099,-5.661891528,108.052466527,108.500867805,0.217001736
16,2020-01-01T16:00:00+00:00,distributed_committable,69,B28,216,219,true,500,53.818359059,-39.738179982,-53.69394842,35.599201662,66.899467263,64.423157761,0.133798935
16,2020-01-01T16:00:00+00:00,distributed_committable,70,B29,217,218,true,500,-13.068627365,12.11323565,13.075527251,-15.169650393,17.819076831,20.027174188,0.040054348
16,2020-01-01T16:00:00+00:00,distributed_committable,71,B30,217,222,true,500,-56.788381243,-9.742566668,57.224344188,-10.070143235,57.618034065,58.103643195,0.116207286
16,2020-01-01T16:00:00+00:00,distributed_committable,72,B31-1,218,221,true,500,-76.277492563,-6.656320715,76.446844865,2.42202854,76.567372145,76.485203223,0.153134744
16,2020-01-01T16:00:00+00:00,distributed_committable,73,B31-2,218,221,true,500,-76.277492563,-6.656320715,76.446844865,2.42202854,76.567372145,76.485203223,0.153134744
16,2020-01-01T16:00:00+00:00,distributed_committable,74,B32-1,219,220,true,500,-11.059605147,-25.548459638,11.08693717,17.00662852,27.839516086,20.301369151,0.055679032
16,2020-01-01T16:00:00+00:00,distributed_committable,75,B32-2,219,220,true,500,-11.059605147,-25.548459638,11.08693717,17.00662852,27.839516086,20.301369151,0.055679032
16,2020-01-01T16:00:00+00:00,distributed_committable,76,B33-1,220,223,true,500,-37.893799959,-22.451772544,37.945541651,17.908566687,44.045682713,41.959276591,0.088091365
16,2020-01-01T16:00:00+00:00,distributed_committable,77,B33-2,220,223,true,500,-37.893799959,-22.451772544,37.945541651,17.908566687,44.045682713,41.959276591,0.088091365
16,2020-01-01T16:00:00+00:00,distributed_committable,78,B34,221,222,true,500,-55.905220029,-7.881610011,56.1756553,-4.93225972,56.458067651,56.391767434,0.112916135
16,2020-01-01T16:00:00+00:00,distributed_committable,79,C1,301,302,true,175,24.010896055,-30.897164985,-23.993141544,-17.43188222,39.130013205,29.657062547,0.223600075
16,2020-01-01T16:00:00+00:00,distributed_committable,80,C2,301,303,true,175,-74.322479076,21.200709143,77.522724746,-14.928861693,77.287133239,78.947094712,0.451126255
16,2020-01-01T16:00:00+00:00,distributed_committable,81,C3,301,305,true,175,-13.8529219,-3.374091457,13.894116732,1.107010971,14.257907923,13.938147404,0.08147376
16,2020-01-01T16:00:00+00:00,distributed_committable,82,C4,302,304,true,175,-27.212482036,14.491038421,27.528368173,-16.809675004,30.83033203,32.254863634,0.184313506
16,2020-01-01T16:00:00+00:00,distributed_committable,83,C5,302,306,true,175,-6.423607692,-8.941471927,6.461609944,3.54597638,11.009661939,7.370641191,0.062912354
16,2020-01-01T16:00:00+00:00,distributed_committable,84,C6,303,309,true,175,44.876810429,-10.613202163,-44.262962317,9.592133774,46.114728389,45.290383785,0.263512734
16,2020-01-01T16:00:00+00:00,distributed_committable,85,C7,303,324,true,400,-137.04037671,3.559779763,137.406623307,11.822577319,137.086603579,137.91429753,0.344785744
16,2020-01-01T16:00:00+00:00,distributed_committable,86,C8,304,309,true,175,-71.492936361,7.897938209,72.85743745,-5.557294828,71.927862317,73.069074974,0.417537571
16,2020-01-01T16:00:00+00:00,distributed_committable,87,C9,305,310,true,175,-56.07633756,-9.42463198,56.77316814,9.495947015,56.862811416,57.561841791,0.32892481
16,2020-01-01T16:00:00+00:00,distributed_committable,88,C10,306,310,true,175,-87.261356883,-128.275624324,88.250337553,-135.869692648,155.142451317,162.014491508,0.925797094
16,2020-01-01T16:00:00+00:00,distributed_committable,89,C11,307,308,true,175,-39.284315218,4.147103231,39.541515054,-4.830846793,39.502606083,39.83551799,0.227631531
16,2020-01-01T16:00:00+00:00,distributed_committable,90,C12-1,308,309,true,175,-83.418395087,4.267441907,86.482019243,2.906793373,83.527478709,86.530856346,0.494462036
16,2020-01-01T16:00:00+00:00,distributed_committable,91,C13-2,308,310,true,175,-57.716919427,-20.230647635,59.316851659,21.678492042,61.159806179,63.154144029,0.360880823
16,2020-01-01T16:00:00+00:00,distributed_committable,92,C14,309,311,true,400,-85.130682423,-17.97774079,85.283131994,24.380622773,87.008230954,88.699646953,0.221749117
16,2020-01-01T16:00:00+00:00,distributed_committable,93,C15,309,312,true,400,-96.016074559,-10.352059836,96.203881942,18.239969943,96.572520504,97.917737945,0.244794345
16,2020-01-01T16:00:00+00:00,distributed_committable,94,C16,310,311,true,400,-154.669904142,36.206663922,155.141493991,-16.399890279,158.851193763,156.005895911,0.397127984
16,2020-01-01T16:00:00+00:00,distributed_committable,95,C17,310,312,true,400,-165.523031543,44.723958216,166.072449488,-21.648404549,171.458760085,167.477496692,0.4286469
16,2020-01-01T16:00:00+00:00,distributed_committable,96,C18,311,313,true,500,-133.519167659,7.043701986,134.564139109,-9.047450192,133.70483114,134.867949821,0.2697359
16,2020-01-01T16:00:00+00:00,distributed_committable,97,C19,311,314,true,500,-106.905458326,-15.024434478,107.46441499,10.542067956,107.956058891,107.980256001,0.215960512
16,2020-01-01T16:00:00+00:00,distributed_committable,98,C20,312,313,true,500,-114.017679211,-8.06921274,114.782129005,3.876929281,114.302858087,114.847584736,0.229695169
16,2020-01-01T16:00:00+00:00,distributed_committable,99,C21,312,323,true,500,-148.258652184,11.47764734,150.898055361,-11.013810279,148.70226742,151.29946176,0.302598924
16,2020-01-01T16:00:00+00:00,distributed_committable,100,C22,313,323,true,500,-104.515817537,11.612491824,105.717573271,-20.99746262,105.15895626,107.782645796,0.215565292
16,2020-01-01T16:00:00+00:00,distributed_committable,101,C23,314,316,true,500,-222.722877521,10.337488177,225.087038759,8.831252127,222.962651207,225.260218484,0.450520437
16,2020-01-01T16:00:00+00:00,distributed_committable,102,C24,315,316,true,500,-32.36785088,-15.335457856,32.390809771,11.670445732,35.816951828,34.42911357,0.071633904
16,2020-01-01T16:00:00+00:00,distributed_committable,103,C25-1,315,321,true,500,-147.324239361,-16.246721613,148.548552169,15.060385581,148.217365603,149.310038394,0.298620077
16,2020-01-01T16:00:00+00:00,distributed_committable,104,C25-2,315,321,true,500,-147.324239361,-16.246721613,148.548552169,15.060385581,148.217365603,149.310038394,0.298620077
16,2020-01-01T16:00:00+00:00,distributed_committable,105,C26,315,324,true,500,138.681625334,9.805490762,-137.406623306,-11.822577319,139.027842011,137.914297529,0.278055684
16,2020-01-01T16:00:00+00:00,distributed_committable,106,C27,316,317,true,500,-172.565256141,8.443942793,173.399754691,-7.14269487,172.771721636,173.546803534,0.347093607
16,2020-01-01T16:00:00+00:00,distributed_committable,107,C28,316,319,true,500,110.675828974,39.172039225,-110.285294433,-41.384807781,117.403525399,117.794518052,0.235589036
16,2020-01-01T16:00:00+00:00,distributed_committable,108,C29,317,318,true,500,-126.431581313,23.594848444,126.738935897,-24.685449148,128.614391211,129.120599719,0.258241199
16,2020-01-01T16:00:00+00:00,distributed_committable,109,C30,317,322,true,500,-36.168173385,-16.452153569,36.340127397,-6.391859251,39.734243709,36.897977233,0.079468487
16,2020-01-01T16:00:00+00:00,distributed_committable,110,C31-1,318,321,true,500,-14.360713494,-44.64063569,14.414685272,39.106939135,46.893671714,41.678961599,0.093787343
16,2020-01-01T16:00:00+00:00,distributed_committable,111,C31-2,318,321,true,500,-14.360713494,-44.64063569,14.414685272,39.106939135,46.893671714,41.678961599,0.093787343
16,2020-01-01T16:00:00+00:00,distributed_committable,112,C32-1,319,320,true,500,1.375168553,9.701261845,-1.365666795,-18.293464192,9.798243207,18.344369107,0.036688738
16,2020-01-01T16:00:00+00:00,distributed_committable,113,C32-2,319,320,true,500,1.375168553,9.701261845,-1.365666795,-18.293464192,9.798243207,18.344369107,0.036688738
16,2020-01-01T16:00:00+00:00,distributed_committable,114,C33-1,320,323,true,500,-36.65774351,10.569958969,36.701406084,-15.01983417,38.151201709,39.655877585,0.079311755
16,2020-01-01T16:00:00+00:00,distributed_committable,115,C33-2,320,323,true,500,-36.65774351,10.569958969,36.701406084,-15.01983417,38.151201709,39.655877585,0.079311755
16,2020-01-01T16:00:00+00:00,distributed_committable,116,C34,321,322,true,500,-24.011882639,-4.465228616,24.059872603,-10.827680444,24.423529116,26.384012839,0.052768026
16,2020-01-01T16:00:00+00:00,distributed_committable,117,CA-1,325,121,true,500,-330.0184388,52.247929786,343.229067298,33.093406695,334.128741827,344.820774033,0.689641548
16,2020-01-01T16:00:00+00:00,distributed_committable,118,CB-1,318,223,true,500,-295.858065724,73.566847095,307.272539338,-5.746732178,304.867308915,307.326273465,0.614652547
16,2020-01-01T16:00:00+00:00,distributed_committable,119,C35,323,325,true,722,-330.018440723,62.050941244,330.018440723,-52.24793026,335.801266416,334.128743801,0.465098707
17,2020-01-01T17:00:00+00:00,distributed_committable,0,A1,101,102,true,175,4.821764084,-22.858035981,-4.821052079,-25.354815597,23.361062,25.809091753,0.147480524
17,2020-01-01T17:00:00+00:00,distributed_committable,1,A2,101,103,true,175,40.97156952,-10.938541056,-40.05581085,8.498432403,42.406617282,40.947421606,0.242323527
17,2020-01-01T17:00:00+00:00,distributed_committable,2,A3,101,105,true,175,75.108466842,-26.084883288,-73.792034167,28.748840488,79.509137384,79.194445108,0.454337928
17,2020-01-01T17:00:00+00:00,distributed_committable,3,A4,102,104,true,175,58.261708065,-9.708337028,-57.170530578,10.374178633,59.065035634,58.104157759,0.337514489
17,2020-01-01T17:00:00+00:00,distributed_committable,4,A5,102,106,true,175,54.990937034,-23.920001243,-53.329899954,24.758649776,59.968071632,58.79684488,0.342674695
17,2020-01-01T17:00:00+00:00,distributed_committable,5,A6,103,109,true,175,11.478082653,-9.121230642,-11.422396684,5.981083852,14.660942324,12.893584066,0.083776813
17,2020-01-01T17:00:00+00:00,distributed_committable,6,A7,103,124,true,400,-52.270861605,-15.996078553,52.329911787,18.476186208,54.663676258,55.495847813,0.13873962
17,2020-01-01T17:00:00+00:00,distributed_committable,7,A8,104,109,true,175,23.93277699,-17.111561117,-23.718918246,15.014196908,29.420797717,28.071572659,0.168118844
17,2020-01-01T17:00:00+00:00,distributed_committable,8,A9,105,110,true,175,41.901757078,-35.03706414,-41.273469176,34.845842024,54.620079731,54.016034325,0.312114741
17,2020-01-01T17:00:00+00:00,distributed_committable,9,A10,106,110,true,175,-7.755701235,-145.843429132,7.783404441,-122.999232931,146.049500932,123.245254214,0.834568577
17,2020-01-01T17:00:00+00:00,distributed_committable,10,A11,107,108,true,175,105.124966354,-0.128233399,-103.508467749,4.457497065,105.125044564,103.604402299,0.60071454
17,2020-01-01T17:00:00+00:00,distributed_committable,11,AB1,107,203,true,175,124.204025207,-4.005021005,-118.28008161,22.032565734,124.268580385,120.314636094,0.710106174
17,2020-01-01T17:00:00+00:00,distributed_committable,12,A12-1,108,109,true,175,13.500259661,-2.799867293,-13.426488253,-1.679976634,13.78754031,13.531182812,0.078785945
17,2020-01-01T17:00:00+00:00,distributed_committable,13,A13-2,108,110,true,175,13.202047772,-17.378188902,-13.040747152,13.124060209,21.82419563,18.501406504,0.124709689
17,2020-01-01T17:00:00+00:00,distributed_committable,14,A14,109,111,true,400,-5.272468395,-14.909094499,5.27750492,15.120628587,15.813918608,16.01516366,0.040037909
17,2020-01-01T17:00:00+00:00,distributed_committable,15,A15,109,112,true,400,-24.762524061,-20.575927592,24.783399851,21.452710762,32.195518231,32.778586108,0.081946465
17,2020-01-01T17:00:00+00:00,distributed_committable,16,A16,110,111,true,400,-10.397204548,31.423622762,10.417679084,-30.563692241,33.099032159,32.290359566,0.08274758
17,2020-01-01T17:00:00+00:00,distributed_committable,17,A17,110,112,true,400,-30.657955859,25.639354645,30.687807374,-24.385591018,39.96607016,39.196920424,0.099915175
17,2020-01-01T17:00:00+00:00,distributed_committable,18,A18,111,113,true,500,5.358979634,-7.181263206,-5.357030797,-2.995010018,8.960424318,6.137415089,0.017920849
17,2020-01-01T17:00:00+00:00,distributed_committable,19,A19,111,114,true,500,-21.054163631,22.624326859,21.111993618,-31.011359886,30.905306535,37.515606306,0.075031213
17,2020-01-01T17:00:00+00:00,distributed_committable,20,A20,112,113,true,500,40.580794329,0.061646419,-40.483223337,-9.527237444,40.580841153,41.589176778,0.083178354
17,2020-01-01T17:00:00+00:00,distributed_committable,21,A21,112,123,true,500,-96.052001541,2.871233836,97.148222612,-14.966423206,96.094906128,98.294307975,0.196588616
17,2020-01-01T17:00:00+00:00,distributed_committable,22,A22,113,123,true,500,-128.55652321,5.360714418,130.362169734,-9.781755058,128.668243631,130.728642729,0.261457285
17,2020-01-01T17:00:00+00:00,distributed_committable,23,AB2,113,215,true,500,-1.943747201,-17.093043915,1.952123606,0.931373819,17.203206197,2.162924817,0.034406412
17,2020-01-01T17:00:00+00:00,distributed_committable,24,A23,114,116,true,500,-108.248807041,-36.505820194,108.888480623,35.650408847,114.23869368,114.575969833,0.22915194
17,2020-01-01T17:00:00+00:00,distributed_committable,25,A24,115,116,true,500,51.275329029,30.290816315,-51.20644352,-33.51428341,59.554117575,61.198913802,0.122397828
17,2020-01-01T17:00:00+00:00,distributed_committable,26,A25-1,115,121,true,500,-45.619828283,-37.122795625,45.793559674,27.385692639,58.815565011,53.357532447,0.11763113
17,2020-01-01T17:00:00+00:00,distributed_committable,27,A25-2,115,121,true,500,-45.619828283,-37.122795625,45.793559674,27.385692639,58.815565011,53.357532447,0.11763113
17,2020-01-01T17:00:00+00:00,distributed_committable,28,A26,115,124,true,500,52.524658857,8.436387166,-52.329911743,-18.476186215,53.197861014,55.495847774,0.110991696
17,2020-01-01T17:00:00+00:00,distributed_committable,29,A27,116,117,true,500,-93.009770193,-36.350318726,93.288495429,32.917175116,99.860718117,98.925647823,0.199721436
17,2020-01-01T17:00:00+00:00,distributed_committable,30,A28,116,119,true,500,-9.58815004,25.231016637,9.612831962,-30.164825321,26.991421262,31.659488704,0.063318977
17,2020-01-01T17:00:00+00:00,distributed_committable,31,A29,117,118,true,500,46.78615005,-36.592625115,-46.722674052,33.79932047,59.396666988,57.666301553,0.118793334
17,2020-01-01T17:00:00+00:00,distributed_committable,32,A30,117,122,true,500,-140.074645523,3.675450004,142.66091679,-8.342210546,140.122857704,142.904617337,0.285809235
17,2020-01-01T17:00:00+00:00,distributed_committable,33,A31-1,118,121,true,500,-51.423608504,-32.171060533,51.520448163,27.001870023,60.657766587,58.167495766,0.121315533
17,2020-01-01T17:00:00+00:00,distributed_committable,34,A31-2,118,121,true,500,-51.423608504,-32.171060533,51.520448163,27.001870023,60.657766587,58.167495766,0.121315533
17,2020-01-01T17:00:00+00:00,distributed_committable,35,A32-1,119,120,true,500,-45.455290287,6.772974263,45.560592845,-14.541314131,45.957116918,47.824862122,0.095649724
17,2020-01-01T17:00:00+00:00,distributed_committable,36,A32-2,119,120,true,500,-45.455290287,6.772974263,45.560592845,-14.541314131,45.957116918,47.824862122,0.095649724
17,2020-01-01T17:00:00+00:00,distributed_committable,37,A33-1,120,123,true,500,-74.306758111,8.702249312,74.470291163,-12.265733669,74.814593791,75.473654266,0.150947309
17,2020-01-01T17:00:00+00:00,distributed_committable,38,A33-2,120,123,true,500,-74.306758111,8.702249312,74.470291163,-12.265733669,74.814593791,75.473654266,0.150947309
17,2020-01-01T17:00:00+00:00,distributed_committable,39,A34,121,122,true,500,-209.126633856,33.532815718,212.839083209,-21.132960756,211.798013961,213.885664249,0.427771328
17,2020-01-01T17:00:00+00:00,distributed_committable,40,AB3,123,217,true,500,107.238389251,-25.720278394,-106.097344202,18.030782975,110.279666529,107.618565226,0.220559333
17,2020-01-01T17:00:00+00:00,distributed_committable,41,B1,201,202,true,175,-37.91054972,-18.058092726,37.952484887,-30.463757047,41.991719338,48.666534729,0.278094484
17,2020-01-01T17:00:00+00:00,distributed_committable,42,B2,201,203,true,175,-36.882950936,13.740393354,37.737207117,-16.420464402,39.359248967,41.154932294,0.235171042
17,2020-01-01T17:00:00+00:00,distributed_committable,43,B3,201,205,true,175,39.296995089,-16.559165483,-38.926403489,15.549418206,42.643402591,41.917171841,0.243676586
17,2020-01-01T17:00:00+00:00,distributed_committable,44,B4,202,204,true,175,23.123059668,2.2389595,-22.951054245,-5.129124262,23.231203758,23.517202356,0.134384013
17,2020-01-01T17:00:00+00:00,distributed_committable,45,B5,202,206,true,175,33.05022614,-18.053815898,-32.422736856,14.886990141,37.659762564,35.677112281,0.215198643
17,2020-01-01T17:00:00+00:00,distributed_committable,46,B6,203,209,true,175,74.743228223,-20.819910325,-72.957825899,24.352700483,77.588780318,76.914877499,0.443364459
17,2020-01-01T17:00:00+00:00,distributed_committable,47,B7,203,224,true,400,-83.194529636,-3.085438287,83.33267071,8.887363386,83.251724852,83.805245872,0.209513115
17,2020-01-01T17:00:00+00:00,distributed_committable,48,B8,204,209,true,175,-13.635440323,-2.287057069,13.684248303,-0.428811607,13.82591273,13.690965306,0.079005216
17,2020-01-01T17:00:00+00:00,distributed_committable,49,B9,205,210,true,175,3.823145185,-22.471187448,-3.723156834,20.250828753,22.79409363,20.590239484,0.130251964
17,2020-01-01T17:00:00+00:00,distributed_committable,50,B10,206,210,true,175,-34.817307218,-137.501840951,34.975162686,-131.097062682,141.841464836,135.682356438,0.810522656
17,2020-01-01T17:00:00+00:00,distributed_committable,51,B11,207,208,true,175,-61.801511096,-12.360302219,62.49516809,13.424259597,63.02542221,63.920706976,0.365261183
17,2020-01-01T17:00:00+00:00,distributed_committable,52,B12-1,208,209,true,175,-79.876594716,-3.916956591,82.773303772,10.55620841,79.972576126,83.443713683,0.476821221
17,2020-01-01T17:00:00+00:00,distributed_committable,53,B13-2,208,210,true,175,-67.163040554,-26.811726113,69.486395186,31.114226588,72.316959793,76.134448262,0.43505399
17,2020-01-01T17:00:00+00:00,distributed_committable,54,B14,209,211,true,400,-48.004987325,-24.339504787,48.063989744,26.817606422,53.8227675,55.039359774,0.137598399
17,2020-01-01T17:00:00+00:00,distributed_committable,55,B15,209,212,true,400,-62.016854363,-27.9394277,62.111088724,31.89727084,68.019863608,69.82279878,0.174556997
17,2020-01-01T17:00:00+00:00,distributed_committable,56,B16,210,211,true,400,-91.200819634,31.606617471,91.374935935,-24.29373282,96.522369272,94.549269545,0.241305923
17,2020-01-01T17:00:00+00:00,distributed_committable,57,B17,210,212,true,400,-105.94793872,28.34890632,106.17274038,-18.907236582,109.675093839,107.843100822,0.274187735
17,2020-01-01T17:00:00+00:00,distributed_committable,58,B18,211,213,true,500,-33.6258385,-5.804558469,33.691932665,-3.959867938,34.123158028,33.923839417,0.068246316
17,2020-01-01T17:00:00+00:00,distributed_committable,59,B19,211,214,true,500,-105.813087186,3.280684869,106.361231188,-7.738916253,105.863933013,106.64240397,0.213284808
17,2020-01-01T17:00:00+00:00,distributed_committable,60,B20,212,213,true,500,-8.474320239,-1.056154026,8.479467619,-9.235106831,8.539880845,12.537486562,0.025074973
17,2020-01-01T17:00:00+00:00,distributed_committable,61,B21,212,223,true,500,-159.809508867,-11.933880231,162.771652533,14.216592649,160.254474576,163.391316706,0.326782633
17,2020-01-01T17:00:00+00:00,distributed_committable,62,B22,213,223,true,500,-173.190603805,-13.503278025,176.390210749,19.415332879,173.716216179,177.455520058,0.35491104
17,2020-01-01T17:00:00+00:00,distributed_committable,63,B23,214,216,true,500,-202.277176409,11.393756779,204.26975268,3.584735799,202.597812894,204.301204575,0.408602409
17,2020-01-01T17:00:00+00:00,distributed_committable,64,B24,215,216,true,500,18.377883804,-47.169194679,-18.331638108,43.813852318,50.622915165,47.494237658,0.10124583
17,2020-01-01T17:00:00+00:00,distributed_committable,65,B25-1,215,221,true,500,-103.585068366,-6.109209619,104.207809996,0.465150987,103.76506556,104.208848135,0.208417696
17,2020-01-01T17:00:00+00:00,distributed_committable,66,B25-2,215,221,true,500,-103.585068366,-6.109209619,104.207809996,0.465150987,103.76506556,104.208848135,0.208417696
17,2020-01-01T17:00:00+00:00,distributed_committable,67,B26,215,224,true,500,83.81149735,1.2680757,-83.332670479,-8.887363422,83.821089852,83.805245646,0.16764218
17,2020-01-01T17:00:00+00:00,distributed_committable,68,B27,216,217,true,500,-142.11392063,20.336460013,142.707155896,-20.956353969,143.561617582,144.237654985,0.28847531
17,2020-01-01T17:00:00+00:00,distributed_committable,69,B28,216,219,true,500,61.73459845,-44.209489732,-61.575955841,40.249061447,75.931809067,73.56347793,0.151863618
17,2020-01-01T17:00:00+00:00,distributed_committable,70,B29,217,218,true,500,15.326786865,13.098194811,-15.318184951,-16.170133499,20.161178113,22.273751538,0.044547503
17,2020-01-01T17:00:00+00:00,distributed_committable,71,B30,217,222,true,500,-51.936598557,-10.172623815,52.29774695,-10.404763555,52.923459307,53.322729118,0.106645458
17,2020-01-01T17:00:00+00:00,distributed_committable,72,B31-1,218,221,true,500,-74.660520301,-8.724944269,74.822041756,4.373761144,75.168596795,74.949767972,0.150337194
17,2020-01-01T17:00:00+00:00,distributed_committable,73,B31-2,218,221,true,500,-74.660520301,-8.724944269,74.822041756,4.373761144,75.168596795,74.949767972,0.150337194
17,2020-01-01T17:00:00+00:00,distributed_committable,74,B32-1,219,220,true,500,-13.95631611,-29.271154366,13.994485893,20.653713708,32.428062496,24.948377208,0.064856125
17,2020-01-01T17:00:00+00:00,distributed_committable,75,B32-2,219,220,true,500,-13.95631611,-29.271154366,13.994485893,20.653713708,32.428062496,24.948377208,0.064856125
17,2020-01-01T17:00:00+00:00,distributed_committable,76,B33-1,220,223,true,500,-45.636859572,-27.081070862,45.711106518,22.599698466,53.067008118,50.992662509,0.106134016
17,2020-01-01T17:00:00+00:00,distributed_committable,77,B33-2,220,223,true,500,-45.636859572,-27.081070862,45.711106518,22.599698466,53.067008118,50.992662509,0.106134016
17,2020-01-01T17:00:00+00:00,distributed_committable,78,B34,221,222,true,500,-54.844331866,-7.535061734,55.102253047,-5.500854658,55.359532993,55.376147327,0.110752295
17,2020-01-01T17:00:00+00:00,distributed_committable,79,C1,301,302,true,175,25.63253448,-31.737739461,-25.611637874,-15.816181585,40.79596708,30.101621128,0.233119812
17,2020-01-01T17:00:00+00:00,distributed_committable,80,C2,301,303,true,175,-81.003863219,23.268884441,84.862189035,-14.390525362,84.279694111,86.073679763,0.491849599
17,2020-01-01T17:00:00+00:00,distributed_committable,81,C3,301,305,true,175,-16.207285615,-6.111973829,16.268373089,3.953315149,17.321441369,16.741823784,0.098979665
17,2020-01-01T17:00:00+00:00,distributed_committable,82,C4,302,304,true,175,-31.039074157,13.160128514,31.417574555,-15.192845423,33.713693168,34.89823123,0.199418464
17,2020-01-01T17:00:00+00:00,distributed_committable,83,C5,302,306,true,175,-7.637487897,-10.599245884,7.695956267,5.346924484,13.064273217,9.371090881,0.07465299
17,2020-01-01T17:00:00+00:00,distributed_committable,84,C6,303,309,true,175,46.581303353,-16.710029716,-45.870639306,16.077003273,49.487805722,48.60643563,0.282787461
17,2020-01-01T17:00:00+00:00,distributed_committable,85,C7,303,324,true,400,-161.341182977,6.578252013,161.855224525,15.011492988,161.47523254,162.54986505,0.406374663
17,2020-01-01T17:00:00+00:00,distributed_committable,86,C8,304,309,true,175,-80.462180687,5.251371207,82.190154934,-1.499195009,80.633364189,82.20382688,0.469736154
17,2020-01-01T17:00:00+00:00,distributed_committable,87,C9,305,310,true,175,-63.324684377,-13.232024417,64.235318798,14.134364144,64.69236525,65.772003397,0.375840019
17,2020-01-01T17:00:00+00:00,distributed_committable,88,C10,306,310,true,175,-97.831989157,-131.151959935,99.081456646,-130.817251207,163.621314923,164.104504096,0.937740023
17,2020-01-01T17:00:00+00:00,distributed_committable,89,C11,307,308,true,175,-48.37015329,2.430868729,48.766526855,-2.543055675,48.431197095,48.83278892,0.279044508
17,2020-01-01T17:00:00+00:00,distributed_committable,90,C12-1,308,309,true,175,-95.392978233,2.469059919,99.473551998,8.651392761,95.424926267,99.8490568,0.570566039
17,2020-01-01T17:00:00+00:00,distributed_committable,91,C13-2,308,310,true,175,-66.706354683,-23.122777413,68.893570224,26.872311449,70.600287467,73.948936036,0.422565349
17,2020-01-01T17:00:00+00:00,distributed_committable,92,C14,309,311,true,400,-96.998655086,-31.474163037,97.207702604,40.254158805,101.977262305,105.212806952,0.263032017
17,2020-01-01T17:00:00+00:00,distributed_committable,93,C15,309,312,true,400,-107.878278392,-15.614576106,108.117120545,25.645946542,109.002467567,111.117173871,0.277792935
17,2020-01-01T17:00:00+00:00,distributed_committable,94,C16,310,311,true,400,-175.591371884,23.099348628,176.177565889,1.520799587,177.104234244,176.184129688,0.442760586
17,2020-01-01T17:00:00+00:00,distributed_committable,95,C17,310,312,true,400,-185.85813859,40.200629079,186.533916448,-11.817959062,190.156089197,186.907908184,0.475390223
17,2020-01-01T17:00:00+00:00,distributed_committable,96,C18,311,313,true,500,-140.809717866,-9.02060077,141.933800352,7.298334156,141.098362442,142.121319174,0.284242638
17,2020-01-01T17:00:00+00:00,distributed_committable,97,C19,311,314,true,500,-132.575550627,-32.754357622,133.442617051,30.54213181,136.561797613,136.893220654,0.273786441
17,2020-01-01T17:00:00+00:00,distributed_committable,98,C20,312,313,true,500,-120.138805861,-38.584662867,121.041202682,35.214696788,126.182839096,126.059698622,0.252365678
17,2020-01-01T17:00:00+00:00,distributed_committable,99,C21,312,323,true,500,-174.512231133,24.756675388,178.191147619,-16.035328396,176.25950128,178.911198215,0.357822396
17,2020-01-01T17:00:00+00:00,distributed_committable,100,C22,313,323,true,500,-134.112971572,42.697463252,136.218646502,-45.341055248,140.745737101,143.566468738,0.287132937
17,2020-01-01T17:00:00+00:00,distributed_committable,101,C23,314,316,true,500,-262.019016908,53.913064177,265.297689663,-24.155771931,267.508100271,266.395130319,0.535016201
17,2020-01-01T17:00:00+00:00,distributed_committable,102,C24,315,316,true,500,-29.122867153,-32.96263602,29.156809478,29.386918729,43.984960664,41.396986984,0.087969921
17,2020-01-01T17:00:00+00:00,distributed_committable,103,C25-1,315,321,true,500,-172.309337449,-13.170496336,173.981414789,15.650232373,172.811949083,174.683892976,0.349367786
17,2020-01-01T17:00:00+00:00,distributed_committable,104,C25-2,315,321,true,500,-172.309337449,-13.170496336,173.981414789,15.650232373,172.811949083,174.683892976,0.349367786
17,2020-01-01T17:00:00+00:00,distributed_committable,105,C26,315,324,true,500,163.645053622,16.886672039,-161.855224524,-15.011492988,164.514021493,162.549865049,0.329028043
17,2020-01-01T17:00:00+00:00,distributed_committable,106,C27,316,317,true,500,-293.160880018,18.107909792,295.562131943,-3.266414534,293.719590715,295.580180835,0.591160362
17,2020-01-01T17:00:00+00:00,distributed_committable,107,C28,316,319,true,500,124.550070427,43.405620309,-124.05992984,-44.868297769,131.896807838,131.924335649,0.263848671
17,2020-01-01T17:00:00+00:00,distributed_committable,108,C29,317,318,true,500,-13.533538616,14.699518342,13.541785712,-17.909932901,19.980803461,22.453188121,0.044906376
17,2020-01-01T17:00:00+00:00,distributed_committable,109,C30,317,322,true,500,-38.828593328,-11.433103808,39.022040795,-11.358565547,40.476851687,40.641563443,0.081283127
17,2020-01-01T17:00:00+00:00,distributed_committable,110,C31-1,318,321,true,500,-5.525344243,-31.349499355,5.548375308,25.526961977,31.832696066,26.122983297,0.063665392
17,2020-01-01T17:00:00+00:00,distributed_committable,111,C31-2,318,321,true,500,-5.525344243,-31.349499355,5.548375308,25.526961977,31.832696066,26.122983297,0.063665392
17,2020-01-01T17:00:00+00:00,distributed_committable,112,C32-1,319,320,true,500,2.04973715,10.172997352,-2.039489056,-18.769519436,10.377441761,18.879999351,0.037759999
17,2020-01-01T17:00:00+00:00,distributed_committable,113,C32-2,319,320,true,500,2.04973715,10.172997352,-2.039489056,-18.769519436,10.377441761,18.879999351,0.037759999
17,2020-01-01T17:00:00+00:00,distributed_committable,114,C33-1,320,323,true,500,-40.377467598,10.153575116,40.429051022,-14.551000738,41.634540675,42.967892536,0.085935785
17,2020-01-01T17:00:00+00:00,distributed_committable,115,C33-2,320,323,true,500,-40.377467598,10.153575116,40.429051022,-14.551000738,41.634540675,42.967892536,0.085935785
17,2020-01-01T17:00:00+00:00,distributed_committable,116,C34,321,322,true,500,-55.124318562,0.443124138,55.377959205,-14.182227779,55.126099589,57.165146292,0.114330293
17,2020-01-01T17:00:00+00:00,distributed_committable,117,CA-1,325,121,true,500,-395.267896103,76.204041702,414.498617836,57.69197671,402.546600608,418.494287135,0.836988574
17,2020-01-01T17:00:00+00:00,distributed_committable,118,CB-1,318,223,true,500,-223.191824803,35.540915165,229.415923302,-9.584069844,226.003865696,229.61602788,0.459232056
17,2020-01-01T17:00:00+00:00,distributed_committable,119,C35,323,325,true,722,-395.26789617,90.47838512,395.26789617,-76.204041725,405.491119405,402.546600678,0.561622049
18,2020-01-01T18:00:00+00:00,distributed_committable,0,A1,101,102,true,175,-3.961241041,-23.101696292,3.961716854,-24.923707121,23.438852407,25.236607876,0.144209188
18,2020-01-01T18:00:00+00:00,distributed_committable,1,A2,101,103,true,175,39.557176975,-10.260632862,-38.703035062,7.614316221,40.86625548,39.444932938,0.23352146
18,2020-01-01T18:00:00+00:00,distributed_committable,2,A3,101,105,true,175,68.429299069,-26.410305761,-67.30625827,28.33394467,73.348982416,73.027014337,0.419137042
18,2020-01-01T18:00:00+00:00,distributed_committable,3,A4,102,104,true,175,54.089472625,-9.779183793,-53.142429671,9.899435622,54.966385041,54.056606043,0.314093629
18,2020-01-01T18:00:00+00:00,distributed_committable,4,A5,102,106,true,175,50.860364176,-24.181322425,-49.397590566,24.268898128,56.316187712,55.037272553,0.321806787
18,2020-01-01T18:00:00+00:00,distributed_committable,5,A6,103,109,true,175,5.088203401,-9.710134992,-5.061069239,6.471786487,10.962505891,8.215743556,0.062642891
18,2020-01-01T18:00:00+00:00,distributed_committable,6,A7,103,124,true,400,-46.343109936,-14.339980335,46.38989302,16.304869873,48.511018074,49.171851256,0.122929628
18,2020-01-01T18:00:00+00:00,distributed_committable,7,A8,104,109,true,175,20.270831457,-16.562597422,-20.103426298,14.289827787,26.176826418,24.664689885,0.149581865
18,2020-01-01T18:00:00+00:00,distributed_committable,8,A9,105,110,true,175,35.767292417,-34.552895683,-35.248621412,33.944164301,49.731296052,48.935381899,0.284178835
18,2020-01-01T18:00:00+00:00,distributed_committable,9,A10,106,110,true,175,-11.015076421,-145.198389834,11.04872552,-123.597780688,145.615604655,124.090635129,0.832089169
18,2020-01-01T18:00:00+00:00,distributed_committable,10,A11,107,108,true,175,82.042746883,-4.685065255,-81.033667967,6.730240462,82.176408735,81.312677245,0.469579478
18,2020-01-01T18:00:00+00:00,distributed_committable,11,AB1,107,203,true,175,120.774010731,-8.447245489,-115.031438426,25.851235659,121.069061384,117.900458911,0.691823208
18,2020-01-01T18:00:00+00:00,distributed_committable,12,A12-1,108,109,true,175,2.954351137,-3.794033531,-2.949940198,-0.920787743,4.808625695,3.090306982,0.027477861
18,2020-01-01T18:00:00+00:00,distributed_committable,13,A13-2,108,110,true,175,2.119272334,-18.483584467,-2.011054492,14.054826985,18.604682474,14.197975269,0.106312471
18,2020-01-01T18:00:00+00:00,distributed_committable,14,A14,109,111,true,400,-14.146388363,-14.91375656,14.154905773,15.271487759,20.555788441,20.822576589,0.052056441
18,2020-01-01T18:00:00+00:00,distributed_committable,15,A15,109,112,true,400,-35.476063561,-20.918658292,35.510253734,22.354645537,41.184236675,41.960794765,0.104901987
18,2020-01-01T18:00:00+00:00,distributed_committable,16,A16,110,111,true,400,-19.115270123,31.983838681,19.141217019,-30.894069039,37.260696298,36.343220699,0.093151741
18,2020-01-01T18:00:00+00:00,distributed_committable,17,A17,110,112,true,400,-41.294882888,25.846519254,41.339237413,-23.983629194,48.716628684,47.792750698,0.121791572
18,2020-01-01T18:00:00+00:00,distributed_committable,18,A18,111,113,true,500,-30.53545534,-8.011103999,30.590908152,-1.759717599,31.568842552,30.641479527,0.063137685
18,2020-01-01T18:00:00+00:00,distributed_committable,19,A19,111,114,true,500,-2.760667437,23.633685277,2.799857061,-32.16171714,23.794376741,32.2833587,0.064566717
18,2020-01-01T18:00:00+00:00,distributed_committable,20,A20,112,113,true,500,7.754005617,-0.721608855,-7.749360748,-9.514914644,7.787510671,12.271356596,0.024542713
18,2020-01-01T18:00:00+00:00,distributed_committable,21,A21,112,123,true,500,-84.60349675,2.350592512,85.45655286,-16.385927385,84.636144451,87.013338305,0.174026677
18,2020-01-01T18:00:00+00:00,distributed_committable,22,A22,113,123,true,500,-98.250079123,3.062653303,99.302708117,-13.455937294,98.297802076,100.210229457,0.200420459
18,2020-01-01T18:00:00+00:00,distributed_committable,23,AB2,113,215,true,500,57.692673368,-15.775403542,-57.36212447,2.048094102,59.810600375,57.398676058,0.119621201
18,2020-01-01T18:00:00+00:00,distributed_committable,24,A23,114,116,true,500,-88.976749664,-35.162501724,89.423176928,32.072439592,95.672689459,95.000768172,0.191345379
18,2020-01-01T18:00:00+00:00,distributed_committable,25,A24,115,116,true,500,29.683512951,18.952934858,-29.658496459,-22.512119058,35.218243579,37.23468701,0.074469374
18,2020-01-01T18:00:00+00:00,distributed_committable,26,A25-1,115,121,true,500,-41.227558568,-42.916301163,41.404727163,33.310698078,59.510675437,53.140888569,0.119021351
18,2020-01-01T18:00:00+00:00,distributed_committable,27,A25-2,115,121,true,500,-41.227558568,-42.916301163,41.404727163,33.310698078,59.510675437,53.140888569,0.119021351
18,2020-01-01T18:00:00+00:00,distributed_committable,28,A26,115,124,true,500,46.543342333,6.078804119,-46.389893011,-16.304869874,46.93862562,49.171851249,0.098343702
18,2020-01-01T18:00:00+00:00,distributed_committable,29,A27,116,117,true,500,-76.644418726,-41.734372209,76.856705315,37.764780038,87.270411627,85.633706933,0.174540823
18,2020-01-01T18:00:00+00:00,distributed_committable,30,A28,116,119,true,500,-27.541340386,23.289835941,27.582349285,-28.064221862,36.068572031,39.349543082,0.078699086
18,2020-01-01T18:00:00+00:00,distributed_committable,31,A29,117,118,true,500,51.62999401,-35.383288159,-51.558766942,32.663972985,62.591000651,61.034757144,0.125182001
18,2020-01-01T18:00:00+00:00,distributed_committable,32,A30,117,122,true,500,-128.48669933,-2.381491878,130.660597558,-5.308271001,128.508767827,130.768381099,0.261536762
18,2020-01-01T18:00:00+00:00,distributed_committable,33,A31-1,118,121,true,500,-48.181712503,-31.435153239,48.269014816,26.222536672,57.529525279,54.931950819,0.115059051
18,2020-01-01T18:00:00+00:00,distributed_committable,34,A31-2,118,121,true,500,-48.181712503,-31.435153239,48.269014816,26.222536672,57.529525279,54.931950819,0.115059051
18,2020-01-01T18:00:00+00:00,distributed_committable,35,A32-1,119,120,true,500,-53.992250832,5.814211377,54.138230064,-13.214815763,54.304403172,55.727724789,0.11145545
18,2020-01-01T18:00:00+00:00,distributed_committable,36,A32-2,119,120,true,500,-53.992250832,5.814211377,54.138230064,-13.214815763,54.304403172,55.727724789,0.11145545
18,2020-01-01T18:00:00+00:00,distributed_committable,37,A33-1,120,123,true,500,-82.56772041,7.440075536,82.768848716,-10.711052368,82.902250739,83.459025639,0.166918051
18,2020-01-01T18:00:00+00:00,distributed_committable,38,A33-2,120,123,true,500,-82.56772041,7.440075536,82.768848716,-10.711052368,82.902250739,83.459025639,0.166918051
18,2020-01-01T18:00:00+00:00,distributed_committable,39,A34,121,122,true,500,-193.090752483,23.834537439,196.239402443,-15.641765013,194.556222901,196.861798945,0.393723598
18,2020-01-01T18:00:00+00:00,distributed_committable,40,AB3,123,217,true,500,134.178287603,-23.736021999,-132.410087521,20.772594827,136.261555856,134.029593647,0.272523112
18,2020-01-01T18:00:00+00:00,distributed_committable,41,B1,201,202,true,175,-42.606318757,-21.992940737,42.657985114,-26.553518061,47.947761577,50.24731849,0.287127534
18,2020-01-01T18:00:00+00:00,distributed_committable,42,B2,201,203,true,175,-38.716132308,16.616246068,39.696278983,-18.792298832,42.131206181,43.919757063,0.25097004
18,2020-01-01T18:00:00+00:00,distributed_committable,43,B3,201,205,true,175,36.494952256,-15.649232062,-36.174482321,14.444496889,39.708689279,38.95172219,0.226906796
18,2020-01-01T18:00:00+00:00,distributed_committable,44,B4,202,204,true,175,21.254017336,3.626580319,-21.104108738,-6.605195914,21.561199821,22.113616138,0.126363521
18,2020-01-01T18:00:00+00:00,distributed_committable,45,B5,202,206,true,175,31.452144784,-17.266312442,-30.88578685,13.858259635,35.879840536,33.852373468,0.20502766
18,2020-01-01T18:00:00+00:00,distributed_committable,46,B6,203,209,true,175,73.378228264,-23.216123273,-71.609969158,26.69899772,76.963320894,76.425284834,0.439790405
18,2020-01-01T18:00:00+00:00,distributed_committable,47,B7,203,224,true,400,-88.255566803,-2.386493706,88.412170806,8.9638618,88.287827156,88.865419399,0.222163548
18,2020-01-01T18:00:00+00:00,distributed_committable,48,B8,204,209,true,175,-15.983251559,-0.912512254,16.050147426,-1.730993288,16.009278841,16.143220564,0.092246975
18,2020-01-01T18:00:00+00:00,distributed_committable,49,B9,205,210,true,175,0.590663658,-21.461024513,-0.502795177,19.193891828,21.469151281,19.200476205,0.122680864
18,2020-01-01T18:00:00+00:00,distributed_committable,50,B10,206,210,true,175,-37.27476721,-136.690829619,37.454650685,-131.846770566,141.682007229,137.063568342,0.80961147
18,2020-01-01T18:00:00+00:00,distributed_committable,51,B11,207,208,true,175,-62.64756807,-12.529513614,63.363285344,13.68336191,63.888234414,64.82391783,0.370422388
18,2020-01-01T18:00:00+00:00,distributed_committable,52,B12-1,208,209,true,175,-80.952760237,-3.878044753,83.937836568,10.867300671,81.045595939,84.638399273,0.483647996
18,2020-01-01T18:00:00+00:00,distributed_committable,53,B13-2,208,210,true,175,-68.112398228,-27.346636217,70.51425043,31.957403562,73.397120548,77.41792529,0.442388145
18,2020-01-01T18:00:00+00:00,distributed_committable,54,B14,209,211,true,400,-50.612227398,-25.869588302,50.678140087,28.637921253,56.840418375,58.210002717,0.145525007
18,2020-01-01T18:00:00+00:00,distributed_committable,55,B15,209,212,true,400,-65.472382732,-28.008216406,65.575838827,32.353372404,71.21160781,73.122714281,0.182806786
18,2020-01-01T18:00:00+00:00,distributed_committable,56,B16,210,211,true,400,-94.801045806,31.171022297,94.987166038,-23.353972541,99.794142699,97.815999435,0.249485357
18,2020-01-01T18:00:00+00:00,distributed_committable,57,B17,210,212,true,400,-110.395266323,29.477231097,110.639268867,-19.22912423,114.262951037,112.297849642,0.285657378
18,2020-01-01T18:00:00+00:00,distributed_committable,58,B18,211,213,true,500,-36.572589054,-3.833013347,36.650744885,-5.840423928,36.772901184,37.113173568,0.074226347
18,2020-01-01T18:00:00+00:00,distributed_committable,59,B19,211,214,true,500,-109.092717072,-1.450935364,109.671945363,-2.777023408,109.10236538,109.707098488,0.219414197
18,2020-01-01T18:00:00+00:00,distributed_committable,60,B20,212,213,true,500,-10.03082273,-1.727011061,10.037350586,-8.547012929,10.178407137,13.183316608,0.026366633
18,2020-01-01T18:00:00+00:00,distributed_committable,61,B21,212,223,true,500,-166.184284964,-11.397237112,169.390521261,15.649248455,166.574648679,170.111868105,0.340223736
18,2020-01-01T18:00:00+00:00,distributed_committable,62,B22,213,223,true,500,-179.500939777,-12.67631255,182.937831607,20.454028602,179.947982152,184.077748572,0.368155497
18,2020-01-01T18:00:00+00:00,distributed_committable,63,B23,214,216,true,500,-206.900970989,21.477665374,208.993809356,-5.318768762,208.012744577,209.06147816,0.418122956
18,2020-01-01T18:00:00+00:00,distributed_committable,64,B24,215,216,true,500,24.268015926,-54.092081226,-24.20337169,50.915185409,59.286506461,56.375165688,0.118573013
18,2020-01-01T18:00:00+00:00,distributed_committable,65,B25-1,215,221,true,500,-93.417832912,-5.452046424,93.927851051,-1.026633401,93.576793684,93.933461445,0.187866923
18,2020-01-01T18:00:00+00:00,distributed_committable,66,B25-2,215,221,true,500,-93.417832912,-5.452046424,93.927851051,-1.026633401,93.576793684,93.933461445,0.187866923
18,2020-01-01T18:00:00+00:00,distributed_committable,67,B26,215,224,true,500,88.955542166,1.908502043,-88.412170657,-8.963861821,88.976012846,88.865419253,0.177952026
18,2020-01-01T18:00:00+00:00,distributed_committable,68,B27,216,217,true,500,-136.49904812,24.999600393,137.057011353,-25.889598992,138.769485685,139.480807629,0.278961615
18,2020-01-01T18:00:00+00:00,distributed_committable,69,B28,216,219,true,500,56.590556868,-49.141607007,-56.436103446,45.167509719,74.949240596,72.285114003,0.149898481
18,2020-01-01T18:00:00+00:00,distributed_committable,70,B29,217,218,true,500,25.753935578,15.080370115,-25.735831076,-18.060688499,29.84430868,31.440761286,0.062881523
18,2020-01-01T18:00:00+00:00,distributed_committable,71,B30,217,222,true,500,-30.400859415,-9.963365949,30.525758362,-12.12118439,31.991888256,32.84425421,0.065688508
18,2020-01-01T18:00:00+00:00,distributed_committable,72,B31-1,218,221,true,500,-70.578645113,-8.009794266,70.724108981,3.56986629,71.031696799,70.814147855,0.142063394
18,2020-01-01T18:00:00+00:00,distributed_committable,73,B31-2,218,221,true,500,-70.578645113,-8.009794266,70.724108981,3.56986629,71.031696799,70.814147855,0.142063394
18,2020-01-01T18:00:00+00:00,distributed_committable,74,B32-1,219,220,true,500,-17.138787552,-31.855594934,17.188096406,23.337741505,36.173429024,28.984148023,0.072346858
18,2020-01-01T18:00:00+00:00,distributed_committable,75,B32-2,219,220,true,500,-17.138787552,-31.855594934,17.188096406,23.337741505,36.173429024,28.984148023,0.072346858
18,2020-01-01T18:00:00+00:00,distributed_committable,76,B33-1,220,223,true,500,-49.263651256,-29.853088584,49.351390562,25.467518988,57.603074858,55.535162499,0.11520615
18,2020-01-01T18:00:00+00:00,distributed_committable,77,B33-2,220,223,true,500,-49.263651256,-29.853088584,49.351390562,25.467518988,57.603074858,55.535162499,0.11520615
18,2020-01-01T18:00:00+00:00,distributed_committable,78,B34,221,222,true,500,-25.219207623,-7.330420651,25.274241623,-7.056976715,26.262968226,26.24096435,0.052525936
18,2020-01-01T18:00:00+00:00,distributed_committable,79,C1,301,302,true,175,26.807073031,-32.248130236,-26.784165977,-15.32565401,41.935200824,30.858827228,0.239629719
18,2020-01-01T18:00:00+00:00,distributed_committable,80,C2,301,303,true,175,-81.123428844,24.031475605,85.01145651,-15.034500491,84.608052378,86.330666295,0.493318093
18,2020-01-01T18:00:00+00:00,distributed_committable,81,C3,301,305,true,175,-16.168933652,-6.14145989,16.229782012,3.980462775,17.296009512,16.710772216,0.09883434
18,2020-01-01T18:00:00+00:00,distributed_committable,82,C4,302,304,true,175,-28.767121121,12.877251862,29.099384097,-15.088445905,31.517786615,32.77858073,0.187306176
18,2020-01-01T18:00:00+00:00,distributed_committable,83,C5,302,306,true,175,-7.754945108,-10.604429235,7.814275668,5.351580567,13.137469049,9.471130808,0.075071252
18,2020-01-01T18:00:00+00:00,distributed_committable,84,C6,303,309,true,175,52.233717814,-17.642268706,-51.346877449,17.693361006,55.132666557,54.309822753,0.315043809
18,2020-01-01T18:00:00+00:00,distributed_committable,85,C7,303,324,true,400,-164.320656766,8.529031139,164.855553553,13.936633921,164.541856718,165.443595531,0.413608989
18,2020-01-01T18:00:00+00:00,distributed_committable,86,C8,304,309,true,175,-77.394860212,5.298822368,78.995210165,-2.034020298,77.576039508,79.021392468,0.451550814
18,2020-01-01T18:00:00+00:00,distributed_committable,87,C9,305,310,true,175,-62.56733342,-13.117444743,63.45592656,13.934695815,63.927604115,64.967917952,0.371245245
18,2020-01-01T18:00:00+00:00,distributed_committable,88,C10,306,310,true,175,-96.573529069,-130.953843963,97.790211238,-131.257417123,162.71249419,163.680893704,0.935319393
18,2020-01-01T18:00:00+00:00,distributed_committable,89,C11,307,308,true,175,-46.071205168,2.683959467,46.429720572,-2.946395907,46.149318349,46.523114699,0.26584637
18,2020-01-01T18:00:00+00:00,distributed_committable,90,C12-1,308,309,true,175,-91.779631491,2.564415664,95.546670079,7.352368332,91.815450684,95.829136922,0.547595068
18,2020-01-01T18:00:00+00:00,distributed_committable,91,C13-2,308,310,true,175,-66.251797402,-22.460474676,68.393152958,26.027490908,69.955511446,73.178232108,0.418161326
18,2020-01-01T18:00:00+00:00,distributed_committable,92,C14,309,311,true,400,-101.377509885,-31.534619893,101.604667237,41.07522867,106.168883211,109.593260808,0.273983152
18,2020-01-01T18:00:00+00:00,distributed_committable,93,C15,309,312,true,400,-112.029767506,-14.972185635,112.287214369,25.784953863,113.0258163,115.209732039,0.28802433
18,2020-01-01T18:00:00+00:00,distributed_committable,94,C16,310,311,true,400,-173.404305694,23.703322185,173.976763194,0.339892831,175.016858376,173.977095213,0.437542146
18,2020-01-01T18:00:00+00:00,distributed_committable,95,C17,310,312,true,400,-183.50009104,41.48624545,184.161554211,-13.704792294,188.13131577,184.670786485,0.470328289
18,2020-01-01T18:00:00+00:00,distributed_committable,96,C18,311,313,true,500,-142.206293428,-7.581927849,143.354000455,6.07009701,142.408270548,143.4824572,0.286964914
18,2020-01-01T18:00:00+00:00,distributed_committable,97,C19,311,314,true,500,-133.375137003,-33.833193652,134.256499824,31.75043357,137.599462801,137.95976869,0.275919537
18,2020-01-01T18:00:00+00:00,distributed_committable,98,C20,312,313,true,500,-121.759847214,-38.330581543,122.686544891,35.182323808,127.650671267,127.631438939,0.255301343
18,2020-01-01T18:00:00+00:00,distributed_committable,99,C21,312,323,true,500,-174.688921366,26.250419974,178.397139298,-17.210138774,176.650230107,179.225355869,0.358450712
18,2020-01-01T18:00:00+00:00,distributed_committable,100,C22,313,323,true,500,-133.53637499,44.180187518,135.6474201,-46.708250042,140.655083145,143.463874204,0.286927748
18,2020-01-01T18:00:00+00:00,distributed_committable,101,C23,314,316,true,500,-260.868964234,59.600263551,264.153593118,-29.740425199,267.590747067,265.822522838,0.535181494
18,2020-01-01T18:00:00+00:00,distributed_committable,102,C24,315,316,true,500,18.29356099,-31.667859779,-18.270596476,28.020972526,36.571952596,33.451301872,0.073143905
18,2020-01-01T18:00:00+00:00,distributed_committable,103,C25-1,315,321,true,500,-195.950062479,-13.256712136,198.121678538,19.841637853,196.397982174,199.112757249,0.398225514
18,2020-01-01T18:00:00+00:00,distributed_committable,104,C25-2,315,321,true,500,-195.950062479,-13.256712136,198.121678538,19.841637853,196.397982174,199.112757249,0.398225514
18,2020-01-01T18:00:00+00:00,distributed_committable,105,C26,315,324,true,500,166.719186555,16.412223627,-164.855553553,-13.936633921,167.525067527,165.443595531,0.335050135
18,2020-01-01T18:00:00+00:00,distributed_committable,106,C27,316,317,true,500,-397.25221888,27.26187032,401.694249606,5.289735926,398.186558008,401.729077206,0.803458154
18,2020-01-01T18:00:00+00:00,distributed_committable,107,C28,316,319,true,500,121.839954613,41.404747882,-121.370241762,-42.990727571,128.683051282,128.759225854,0.257518452
18,2020-01-01T18:00:00+00:00,distributed_committable,108,C29,317,318,true,500,22.594694226,4.87495784,-22.584551281,-8.070554605,23.114614881,23.983240152,0.04796648
18,2020-01-01T18:00:00+00:00,distributed_committable,109,C30,317,322,true,500,-49.088943832,-10.164693766,49.39884108,-11.740677651,50.130284319,50.77488564,0.101549771
18,2020-01-01T18:00:00+00:00,distributed_committable,110,C31-1,318,321,true,500,4.533355675,-32.239281337,-4.509189387,26.426201795,32.556452123,26.808150445,0.065112904
18,2020-01-01T18:00:00+00:00,distributed_committable,111,C31-2,318,321,true,500,4.533355675,-32.239281337,-4.509189387,26.426201795,32.556452123,26.808150445,0.065112904
18,2020-01-01T18:00:00+00:00,distributed_committable,112,C32-1,319,320,true,500,1.621058875,9.421494757,-1.611877012,-17.977244535,9.559936994,18.049361999,0.036098724
18,2020-01-01T18:00:00+00:00,distributed_committable,113,C32-2,319,320,true,500,1.621058875,9.421494757,-1.611877012,-17.977244535,9.559936994,18.049361999,0.036098724
18,2020-01-01T18:00:00+00:00,distributed_committable,114,C33-1,320,323,true,500,-40.157183412,9.492904136,40.208054859,-13.870396681,41.263962589,42.533229123,0.085066458
18,2020-01-01T18:00:00+00:00,distributed_committable,115,C33-2,320,323,true,500,-40.157183412,9.492904136,40.208054859,-13.870396681,41.263962589,42.533229123,0.085066458
18,2020-01-01T18:00:00+00:00,distributed_committable,116,C34,321,322,true,500,-82.432455126,5.268501738,83.00115892,-16.627128585,82.600646297,84.650184802,0.16930037
18,2020-01-01T18:00:00+00:00,distributed_committable,117,CA-1,325,121,true,500,-394.460669097,77.347969163,413.743268483,57.09897857,401.972546075,417.664680777,0.835329362
18,2020-01-01T18:00:00+00:00,distributed_committable,118,CB-1,318,223,true,500,-203.811802579,28.169490579,208.968865943,-10.765833019,205.749291785,209.246003771,0.418492008
18,2020-01-01T18:00:00+00:00,distributed_committable,119,C35,323,325,true,722,-394.460669115,91.659182178,394.460669115,-77.347969167,404.969906482,401.972546093,0.560900147
19,2020-01-01T19:00:00+00:00,reference_provider,0,A1,101,102,true,175,-2.909228651,-23.161347889,2.909494694,-24.935028562,23.343342678,25.104199026,0.143452566
19,2020-01-01T19:00:00+00:00,reference_provider,1,A2,101,103,true,175,37.601917439,-10.105778843,-36.829779813,7.133854503,38.936242257,37.514324746,0.222492813
19,2020-01-01T19:00:00+00:00,reference_provider,2,A3,101,105,true,175,70.120769889,-26.344931251,-68.950692138,28.447544325,74.906460152,74.588609884,0.428036915
19,2020-01-01T19:00:00+00:00,reference_provider,3,A4,102,104,true,175,54.795606261,-9.658852992,-53.826213623,9.861175675,55.64038018,54.722061901,0.31794503
19,2020-01-01T19:00:00+00:00,reference_provider,4,A5,102,106,true,175,51.914394339,-24.144351532,-50.402633597,24.41443516,57.254292856,56.00437588,0.327167388
19,2020-01-01T19:00:00+00:00,reference_provider,5,A6,103,109,true,175,10.52643991,-10.063902946,-10.472306109,6.925636771,14.563244133,12.555223611,0.083218538
19,2020-01-01T19:00:00+00:00,reference_provider,6,A7,103,124,true,400,-52.340895634,-13.235711083,52.398710614,15.663940212,53.988456208,54.689888434,0.136724721
19,2020-01-01T19:00:00+00:00,reference_provider,7,A8,104,109,true,175,21.494694569,-16.41486197,-21.315225256,14.187528397,27.045694447,25.605171152,0.154546825
19,2020-01-01T19:00:00+00:00,reference_provider,8,A9,105,110,true,175,37.929910343,-34.5643182,-37.376903647,34.085934564,51.31637352,50.585411546,0.29323642
19,2020-01-01T19:00:00+00:00,reference_provider,9,A10,106,110,true,175,-9.017455475,-145.206055569,9.045698299,-123.695411488,145.485783075,124.025721046,0.831347332
19,2020-01-01T19:00:00+00:00,reference_provider,10,A11,107,108,true,175,129.474137047,-0.769651828,-127.041327189,8.200740074,129.476424603,127.305738094,0.739865283
19,2020-01-01T19:00:00+00:00,reference_provider,11,AB1,107,203,true,175,164.473117223,0.27470346,-154.165041896,34.562175646,164.473346628,157.991785002,0.939847695
19,2020-01-01T19:00:00+00:00,reference_provider,12,A12-1,108,109,true,175,26.019605059,-4.25676491,-25.745355272,0.540412594,26.365505778,25.751026462,0.150660033
19,2020-01-01T19:00:00+00:00,reference_provider,13,A13-2,108,110,true,175,26.30969837,-19.235909851,-25.916487765,15.863566501,32.591723737,30.386133025,0.186238421
19,2020-01-01T19:00:00+00:00,reference_provider,14,A14,109,111,true,400,-2.703441228,-15.330771678,2.708326669,15.535960191,15.567310452,15.770259744,0.039425649
19,2020-01-01T19:00:00+00:00,reference_provider,15,A15,109,112,true,400,-16.223345574,-22.051653192,16.238454452,22.686226041,27.376492655,27.898965123,0.069747413
19,2020-01-01T19:00:00+00:00,reference_provider,16,A16,110,111,true,400,-8.435377382,31.586607826,8.455353363,-30.747616615,32.693567953,31.889009517,0.08173392
19,2020-01-01T19:00:00+00:00,reference_provider,17,A17,110,112,true,400,-22.514851337,24.682805812,22.535711116,-23.806695065,33.408972349,32.781351489,0.083522431
19,2020-01-01T19:00:00+00:00,reference_provider,18,A18,111,113,true,500,10.221150933,-10.515424591,-10.213260007,0.377175515,14.664449554,10.220222177,0.029328899
19,2020-01-01T19:00:00+00:00,reference_provider,19,A19,111,114,true,500,-21.384830963,25.727081014,21.452099543,-34.020407182,33.454352375,40.219158117,0.080438316
19,2020-01-01T19:00:00+00:00,reference_provider,20,A20,112,113,true,500,35.222168479,-0.734664304,-35.148787086,-8.940624856,35.229829463,36.26805766,0.072536115
19,2020-01-01T19:00:00+00:00,reference_provider,21,A21,112,123,true,500,-73.996334047,1.855133328,74.65170809,-17.463869004,74.019585057,76.667230557,0.153334461
19,2020-01-01T19:00:00+00:00,reference_provider,22,A22,113,123,true,500,-101.264848309,3.832315288,102.386977614,-13.626465199,101.337338348,103.289756214,0.206579512
19,2020-01-01T19:00:00+00:00,reference_provider,23,AB2,113,215,true,500,60.815103554,-18.862136608,-60.441883946,5.462793668,63.673047813,60.688248035,0.127346096
19,2020-01-01T19:00:00+00:00,reference_provider,24,A23,114,116,true,500,-106.21310895,-33.019167327,106.822004797,31.842954484,111.227199569,111.467100345,0.222934201
19,2020-01-01T19:00:00+00:00,reference_provider,25,A24,115,116,true,500,65.377422502,17.314373732,-65.28924808,-20.340156295,67.63131605,68.384266268,0.136768533
19,2020-01-01T19:00:00+00:00,reference_provider,26,A25-1,115,121,true,500,-66.234960208,-42.939247088,66.565068666,34.550062349,78.935726348,74.997434456,0.157871453
19,2020-01-01T19:00:00+00:00,reference_provider,27,A25-2,115,121,true,500,-66.234960208,-42.939247088,66.565068666,34.550062349,78.935726348,74.997434456,0.157871453
19,2020-01-01T19:00:00+00:00,reference_provider,28,A26,115,124,true,500,52.59126272,5.715447655,-52.39871061,-15.663940212,52.900919239,54.68988843,0.109379777
19,2020-01-01T19:00:00+00:00,reference_provider,29,A27,116,117,true,500,-121.879533422,-37.090214684,122.339959851,35.265674618,127.398213066,127.321379127,0.254796426
19,2020-01-01T19:00:00+00:00,reference_provider,30,A28,116,119,true,500,36.655535109,16.849168078,-36.606110244,-21.559663567,40.342567085,42.483248467,0.084966497
19,2020-01-01T19:00:00+00:00,reference_provider,31,A29,117,118,true,500,26.22562848,-39.070715407,-26.186548602,36.119052374,47.056395862,44.613016846,0.094112792
19,2020-01-01T19:00:00+00:00,reference_provider,32,A30,117,122,true,500,-148.565587962,3.805040769,151.484540705,-5.922709673,148.614307056,151.6002789,0.303200558
19,2020-01-01T19:00:00+00:00,reference_provider,33,A31-1,118,121,true,500,-59.652643121,-32.914548462,59.776418424,27.994848244,68.130795766,66.007058167,0.136261592
19,2020-01-01T19:00:00+00:00,reference_provider,34,A31-2,118,121,true,500,-59.652643121,-32.914548462,59.776418424,27.994848244,68.130795766,66.007058167,0.136261592
19,2020-01-01T19:00:00+00:00,reference_provider,35,A32-1,119,120,true,500,-21.237518854,2.69695202,21.261708028,-11.064435241,21.408076916,23.968353207,0.047936706
19,2020-01-01T19:00:00+00:00,reference_provider,36,A32-2,119,120,true,500,-21.237518854,2.69695202,21.261708028,-11.064435241,21.408076916,23.968353207,0.047936706
19,2020-01-01T19:00:00+00:00,reference_provider,37,A33-1,120,123,true,500,-49.224102884,5.384573786,49.296444172,-9.590154053,49.517733587,50.220617905,0.100441236
19,2020-01-01T19:00:00+00:00,reference_provider,38,A33-2,120,123,true,500,-49.224102884,5.384573786,49.296444172,-9.590154053,49.517733587,50.220617905,0.100441236
19,2020-01-01T19:00:00+00:00,reference_provider,39,A34,121,122,true,500,-215.378190832,33.444370164,219.315459327,-19.328525954,217.959379201,220.165534576,0.440331069
19,2020-01-01T19:00:00+00:00,reference_provider,40,AB3,123,217,true,500,144.866579425,-24.729308864,-142.800652761,24.004380925,146.962119443,144.804132305,0.293924239
19,2020-01-01T19:00:00+00:00,reference_provider,41,B1,201,202,true,175,-29.042511972,-26.127496542,29.066535256,-22.548231376,39.065503672,36.787038614,0.22323145
19,2020-01-01T19:00:00+00:00,reference_provider,42,B2,201,203,true,175,-47.44424022,20.289828517,48.897813554,-20.643598458,51.60070805,53.076871871,0.303296411
19,2020-01-01T19:00:00+00:00,reference_provider,43,B3,201,205,true,175,32.675245908,-15.01587028,-32.413430872,13.58441686,35.960367843,35.144941063,0.205487816
19,2020-01-01T19:00:00+00:00,reference_provider,44,B4,202,204,true,175,16.396204996,5.094029328,-16.297657179,-8.269537256,17.169294484,18.27563613,0.104432206
19,2020-01-01T19:00:00+00:00,reference_provider,45,B5,202,206,true,175,27.988962557,-16.722611387,-27.527162645,12.910746651,32.604106438,30.404474381,0.18630918
19,2020-01-01T19:00:00+00:00,reference_provider,46,B6,203,209,true,175,82.030687941,-24.635951772,-79.832587999,29.774955646,85.650241587,85.204401825,0.489429952
19,2020-01-01T19:00:00+00:00,reference_provider,47,B7,203,224,true,400,-65.615970201,-7.546752597,65.703783477,11.23491016,66.048535337,66.657410462,0.166643526
19,2020-01-01T19:00:00+00:00,reference_provider,48,B8,204,209,true,175,-20.230597181,0.865161372,20.339111906,-3.344904328,20.249088041,20.612322966,0.117784703
19,2020-01-01T19:00:00+00:00,reference_provider,49,B9,205,210,true,175,-2.6339483,-20.495167688,2.715013829,18.201716454,20.663726242,18.403091642,0.118078436
19,2020-01-01T19:00:00+00:00,reference_provider,50,B10,206,210,true,175,-39.60584537,-135.603695276,39.807949907,-132.925524526,141.269193952,138.758307666,0.807252537
19,2020-01-01T19:00:00+00:00,reference_provider,51,B11,207,208,true,175,-61.703132368,-12.340626474,62.395824804,13.403732732,62.925095199,63.819268283,0.364681533
19,2020-01-01T19:00:00+00:00,reference_provider,52,B12-1,208,209,true,175,-80.627905844,-3.029211856,83.583531975,9.906361678,80.684789925,84.168538178,0.480963075
19,2020-01-01T19:00:00+00:00,reference_provider,53,B13-2,208,210,true,175,-66.177804041,-27.651397939,68.464839779,31.818339062,71.722392288,75.497291254,0.431413093
19,2020-01-01T19:00:00+00:00,reference_provider,54,B14,209,211,true,400,-45.578694899,-27.049446519,45.636105406,29.46068783,53.000848914,54.319299002,0.135798248
19,2020-01-01T19:00:00+00:00,reference_provider,55,B15,209,212,true,400,-64.895746298,-27.057468599,64.996779924,31.300880877,70.310486377,72.141018458,0.180352546
19,2020-01-01T19:00:00+00:00,reference_provider,56,B16,210,211,true,400,-93.529205028,31.201395295,93.71088419,-23.570870506,98.596345072,96.629787085,0.246490863
19,2020-01-01T19:00:00+00:00,reference_provider,57,B17,210,212,true,400,-113.715484977,31.959071355,113.976243453,-21.007215349,118.121097884,115.896018777,0.295302745
19,2020-01-01T19:00:00+00:00,reference_provider,58,B18,211,213,true,500,-43.568163754,0.224264247,43.68064387,-9.605918428,43.568740943,44.724404051,0.089448808
19,2020-01-01T19:00:00+00:00,reference_provider,59,B19,211,214,true,500,-95.77882584,-6.114081571,96.225182451,0.762987775,95.973774922,96.228207341,0.192456415
19,2020-01-01T19:00:00+00:00,reference_provider,60,B20,212,213,true,500,-9.308511322,-2.081067831,9.314106652,-8.167294911,9.538303116,12.387787893,0.024775576
19,2020-01-01T19:00:00+00:00,reference_provider,61,B21,212,223,true,500,-169.664512054,-8.212597698,173.018107308,13.767333616,169.863160843,173.564987631,0.347129975
19,2020-01-01T19:00:00+00:00,reference_provider,62,B22,213,223,true,500,-183.805391141,-8.882539844,187.419044523,18.15588838,184.019893834,188.296400743,0.376592801
19,2020-01-01T19:00:00+00:00,reference_provider,63,B23,214,216,true,500,-191.988443887,21.17476249,193.790956962,-8.443862914,193.15261622,193.974827803,0.387949656
19,2020-01-01T19:00:00+00:00,reference_provider,64,B24,215,216,true,500,13.505088469,-44.222910942,-13.466621577,40.822945577,46.239088083,42.986774505,0.092478176
19,2020-01-01T19:00:00+00:00,reference_provider,65,B25-1,215,221,true,500,-73.523504985,-4.942877299,73.838928899,-3.122885909,73.689468863,73.904937842,0.147809876
19,2020-01-01T19:00:00+00:00,reference_provider,66,B25-2,215,221,true,500,-73.523504985,-4.942877299,73.838928899,-3.122885909,73.689468863,73.904937842,0.147809876
19,2020-01-01T19:00:00+00:00,reference_provider,67,B26,215,224,true,500,66.004661762,2.350556715,-65.703783476,-11.23491016,66.04650249,66.657410461,0.133314821
19,2020-01-01T19:00:00+00:00,reference_provider,68,B27,216,217,true,500,-118.568910399,23.194368028,118.993131515,-25.234960232,120.816245685,121.639502489,0.243279005
19,2020-01-01T19:00:00+00:00,reference_provider,69,B28,216,219,true,500,12.882069116,-38.33545882,-12.840437806,33.509134992,40.441996831,35.885080061,0.080883994
19,2020-01-01T19:00:00+00:00,reference_provider,70,B29,217,218,true,500,50.610925005,11.971120189,-50.557982258,-14.702138891,52.007436472,52.652278754,0.105304558
19,2020-01-01T19:00:00+00:00,reference_provider,71,B30,217,222,true,500,-26.803403757,-10.740540882,26.900486591,-11.518481673,28.875277858,29.262802308,0.058525605
19,2020-01-01T19:00:00+00:00,reference_provider,72,B31-1,218,221,true,500,-56.909581186,-9.432182559,57.005087736,4.570019849,57.685929814,57.187980461,0.11537186
19,2020-01-01T19:00:00+00:00,reference_provider,73,B31-2,218,221,true,500,-56.909581186,-9.432182559,57.005087736,4.570019849,57.685929814,57.187980461,0.11537186
19,2020-01-01T19:00:00+00:00,reference_provider,74,B32-1,219,220,true,500,-38.252848932,-25.886631086,38.343840949,17.74484601,46.188722871,42.250795242,0.092377446
19,2020-01-01T19:00:00+00:00,reference_provider,75,B32-2,219,220,true,500,-38.252848932,-25.886631086,38.343840949,17.74484601,46.188722871,42.250795242,0.092377446
19,2020-01-01T19:00:00+00:00,reference_provider,76,B33-1,220,223,true,500,-69.935844721,-24.161971776,70.084858709,20.257806839,73.992048606,72.953863216,0.147984097
19,2020-01-01T19:00:00+00:00,reference_provider,77,B33-2,220,223,true,500,-69.935844721,-24.161971776,70.084858709,20.257806839,73.992048606,72.953863216,0.147984097
19,2020-01-01T19:00:00+00:00,reference_provider,78,B34,221,222,true,500,-30.02136647,-7.122976335,30.099513409,-7.065860089,30.85480897,30.917747108,0.061835494
19,2020-01-01T19:00:00+00:00,reference_provider,79,C1,301,302,true,175,27.575224304,-32.816889599,-27.550926437,-14.893572899,42.864218626,31.318877075,0.244938392
19,2020-01-01T19:00:00+00:00,reference_provider,80,C2,301,303,true,175,-81.853060672,25.333846429,85.831124161,-15.997631385,85.683880143,87.309255435,0.498910031
19,2020-01-01T19:00:00+00:00,reference_provider,81,C3,301,305,true,175,-13.832888087,-6.391363666,13.879218416,4.167998641,15.238055071,14.491546381,0.0870746
19,2020-01-01T19:00:00+00:00,reference_provider,82,C4,302,304,true,175,-27.274752934,13.036648435,27.580954952,-15.356240189,30.230222461,31.567755524,0.180387174
19,2020-01-01T19:00:00+00:00,reference_provider,83,C5,302,306,true,175,-6.347841673,-10.756172658,6.398536146,5.456168937,12.489609448,8.408985925,0.071369197
19,2020-01-01T19:00:00+00:00,reference_provider,84,C6,303,309,true,175,58.129126997,-18.3521114,-57.041050988,19.180117003,60.957324402,60.179385058,0.348327568
19,2020-01-01T19:00:00+00:00,reference_provider,85,C7,303,324,true,400,-176.378125216,11.015513121,176.995671518,14.921431567,176.721771675,177.623525627,0.444058814
19,2020-01-01T19:00:00+00:00,reference_provider,86,C8,304,309,true,175,-74.249414306,5.896417347,75.723180429,-3.1188324,74.483174357,75.787381336,0.43307075
19,2020-01-01T19:00:00+00:00,reference_provider,87,C9,305,310,true,175,-58.655713201,-12.997166627,59.437980106,13.40472602,60.078440655,60.930781702,0.348175895
19,2020-01-01T19:00:00+00:00,reference_provider,88,C10,306,310,true,175,-92.167596581,-130.665696671,93.273698359,-132.301424798,159.901188694,161.875414468,0.925002368
19,2020-01-01T19:00:00+00:00,reference_provider,89,C11,307,308,true,175,-56.831857017,3.233622935,57.381774073,-2.755110718,56.923776134,57.447877514,0.328273586
19,2020-01-01T19:00:00+00:00,reference_provider,90,C12-1,308,309,true,175,-95.217365388,3.167203049,99.29483043,7.956167787,95.270025961,99.61307121,0.56921755
19,2020-01-01T19:00:00+00:00,reference_provider,91,C13-2,308,310,true,175,-70.006389085,-22.485012296,72.388872811,26.988486588,73.528703855,77.256244506,0.441464254
19,2020-01-01T19:00:00+00:00,reference_provider,92,C14,309,311,true,400,-100.530365907,-31.107123138,100.753934533,40.497005423,105.23311066,108.58804157,0.271470104
19,2020-01-01T19:00:00+00:00,reference_provider,93,C15,309,312,true,400,-103.811193761,-15.613904073,104.033683314,24.958465301,104.978845252,106.985663778,0.267464159
19,2020-01-01T19:00:00+00:00,reference_provider,94,C16,310,311,true,400,-172.782763086,25.207500817,173.352574252,-1.275431843,174.611859039,173.357266147,0.436529648
19,2020-01-01T19:00:00+00:00,reference_provider,95,C17,310,312,true,400,-175.295485128,41.474517125,175.901914207,-16.004495802,180.135067871,176.628500836,0.45033767
19,2020-01-01T19:00:00+00:00,reference_provider,96,C18,311,313,true,500,-108.582226075,-3.657832745,109.253008717,-1.594693542,108.643819704,109.264646438,0.218529293
19,2020-01-01T19:00:00+00:00,reference_provider,97,C19,311,314,true,500,-165.524279951,-35.563741169,166.868309019,37.362787605,169.301703887,171.000030563,0.342000061
19,2020-01-01T19:00:00+00:00,reference_provider,98,C20,312,313,true,500,-101.831972192,-31.492005823,102.477165156,26.164439446,106.590323159,105.764584195,0.213180646
19,2020-01-01T19:00:00+00:00,reference_provider,99,C21,312,323,true,500,-178.103624686,22.538036258,181.930094752,-12.587608321,179.523993395,182.36503848,0.364730077
19,2020-01-01T19:00:00+00:00,reference_provider,100,C22,313,323,true,500,-147.187044057,36.425469165,149.635624236,-36.233535379,151.627308695,153.960024443,0.307920049
19,2020-01-01T19:00:00+00:00,reference_provider,101,C23,314,316,true,500,-289.215350489,66.177874389,293.236677632,-27.65614792,296.69012457,294.537962963,0.593380249
19,2020-01-01T19:00:00+00:00,reference_provider,102,C24,315,316,true,500,-6.930794437,-33.677320803,6.950644574,29.992922738,34.383104107,30.787771506,0.068766208
19,2020-01-01T19:00:00+00:00,reference_provider,103,C25-1,315,321,true,500,-186.067308931,-13.110869395,188.021508555,17.908778384,186.528652891,188.872475556,0.377744951
19,2020-01-01T19:00:00+00:00,reference_provider,104,C25-2,315,321,true,500,-186.067308931,-13.110869395,188.021508555,17.908778384,186.528652891,188.872475556,0.377744951
19,2020-01-01T19:00:00+00:00,reference_provider,105,C26,315,324,true,500,179.147822958,19.53714881,-176.995671474,-14.921431565,180.209995988,177.623525583,0.360419992
19,2020-01-01T19:00:00+00:00,reference_provider,106,C27,316,317,true,500,-448.672339044,31.711322246,454.319206918,11.251032575,449.791591497,454.458499215,0.908916998
19,2020-01-01T19:00:00+00:00,reference_provider,107,C28,316,319,true,500,179.449531055,33.338792213,-178.515501666,-31.386818883,182.520161248,181.253735781,0.365040322
19,2020-01-01T19:00:00+00:00,reference_provider,108,C29,317,318,true,500,158.445746436,-3.696329484,-157.988237267,3.613901957,158.488855808,158.029564962,0.316977712
19,2020-01-01T19:00:00+00:00,reference_provider,109,C30,317,322,true,500,-44.364953535,-7.554703078,44.618663008,-14.854137789,45.003584755,47.02627455,0.094052549
19,2020-01-01T19:00:00+00:00,reference_provider,110,C31-1,318,321,true,500,18.20876216,-24.539695156,-18.186918836,18.69318283,30.557415757,26.08062693,0.061114832
19,2020-01-01T19:00:00+00:00,reference_provider,111,C31-2,318,321,true,500,18.20876216,-24.539695156,-18.186918836,18.69318283,30.557415757,26.08062693,0.061114832
19,2020-01-01T19:00:00+00:00,reference_provider,112,C32-1,319,320,true,500,32.183486521,4.026294622,-32.130827282,-12.281400686,32.434362226,34.398006695,0.068796013
19,2020-01-01T19:00:00+00:00,reference_provider,113,C32-2,319,320,true,500,32.183486521,4.026294622,-32.130827282,-12.281400686,32.434362226,34.398006695,0.068796013
19,2020-01-01T19:00:00+00:00,reference_provider,114,C33-1,320,323,true,500,-8.231083418,4.08288757,8.234246093,-8.840448447,9.188074072,12.08123907,0.024162478
19,2020-01-01T19:00:00+00:00,reference_provider,115,C33-2,320,323,true,500,-8.231083418,4.08288757,8.234246093,-8.840448447,9.188074072,12.08123907,0.024162478
19,2020-01-01T19:00:00+00:00,reference_provider,116,C34,321,322,true,500,-108.002512631,10.229264263,108.981337004,-18.489202177,108.485854295,110.538601458,0.221077203
19,2020-01-01T19:00:00+00:00,reference_provider,117,CA-1,325,121,true,500,-348.034209235,55.617422535,362.69521503,41.309659914,352.450150358,365.040144378,0.730080289
19,2020-01-01T19:00:00+00:00,reference_provider,118,CB-1,318,223,true,500,-88.437354075,2.580958137,89.393130737,-18.758047716,88.475007436,91.340003159,0.182680006
19,2020-01-01T19:00:00+00:00,reference_provider,119,C35,323,325,true,722,-348.034210487,66.502040646,348.034210487,-55.617422812,354.330824342,352.450151637,0.490762915
19,2020-01-01T19:00:00+00:00,distributed_committable,0,A1,101,102,true,175,-1.19696251,-23.224946382,1.197023851,-24.89637765,23.255770331,24.925137636,0.142429358
19,2020-01-01T19:00:00+00:00,distributed_committable,1,A2,101,103,true,175,34.044759394,-9.934286045,-33.408597674,6.431769652,35.464569381,34.022081938,0.202654682
19,2020-01-01T19:00:00+00:00,distributed_committable,2,A3,101,105,true,175,71.965661507,-26.452804011,-70.739835536,28.770008148,76.673380493,76.36646974,0.438133603
19,2020-01-01T19:00:00+00:00,distributed_committable,3,A4,102,104,true,175,55.334280854,-9.643498711,-54.346654883,9.914885876,56.168315847,55.243677095,0.320961805
19,2020-01-01T19:00:00+00:00,distributed_committable,4,A5,102,106,true,175,53.088190302,-24.198334945,-51.516993265,24.695486954,58.343083255,57.130269305,0.333389047
19,2020-01-01T19:00:00+00:00,distributed_committable,5,A6,103,109,true,175,18.107530673,-10.835333083,-17.984895365,7.955858707,21.101827174,19.666015079,0.12058187
19,2020-01-01T19:00:00+00:00,distributed_committable,6,A7,103,124,true,400,-63.343168535,-11.762196096,63.425295676,15.211536006,64.425975018,65.223914013,0.163059785
19,2020-01-01T19:00:00+00:00,distributed_committable,7,A8,104,109,true,175,22.015135829,-16.468572171,-21.829355349,14.265259275,27.493273267,26.077161984,0.157104419
19,2020-01-01T19:00:00+00:00,distributed_committable,8,A9,105,110,true,175,39.719053741,-34.886782023,-39.131275254,34.541281476,52.864835099,52.19537172,0.302084772
19,2020-01-01T19:00:00+00:00,distributed_committable,9,A10,106,110,true,175,-7.903095808,-145.484383449,7.929770347,-123.420567571,145.698883835,123.675049049,0.83256505
19,2020-01-01T19:00:00+00:00,distributed_committable,10,A11,107,108,true,175,71.489329852,-1.073672202,-70.728909072,2.16235109,71.497391943,70.761955462,0.408556525
19,2020-01-01T19:00:00+00:00,distributed_committable,11,AB1,107,203,true,175,113.103014079,-7.471681955,-108.096548876,22.031825387,113.349538266,110.31892498,0.647711647
19,2020-01-01T19:00:00+00:00,distributed_committable,12,A12-1,108,109,true,175,-2.296349793,-1.158235959,2.299101429,-3.572193869,2.571912306,4.248109746,0.024274913
19,2020-01-01T19:00:00+00:00,distributed_committable,13,A13-2,108,110,true,175,-1.686764894,-16.296049819,1.766971182,11.750432651,16.383113731,11.882544114,0.093617793
19,2020-01-01T19:00:00+00:00,distributed_committable,14,A14,109,111,true,400,-12.808427778,-14.015526822,12.81569482,14.320742582,18.986595646,19.217848522,0.048044621
19,2020-01-01T19:00:00+00:00,distributed_committable,15,A15,109,112,true,400,-26.136096375,-20.362244399,26.158224961,21.291645017,33.131805424,33.728131888,0.08432033
19,2020-01-01T19:00:00+00:00,distributed_committable,16,A16,110,111,true,400,-20.937661845,33.072998456,20.966297127,-31.870316605,39.143440197,38.148429793,0.0978586
19,2020-01-01T19:00:00+00:00,distributed_committable,17,A17,110,112,true,400,-34.825726261,26.579358202,34.861595724,-25.072840758,43.809741976,42.941567276,0.109524355
19,2020-01-01T19:00:00+00:00,distributed_committable,18,A18,111,113,true,500,1.074105975,-9.166618445,-1.073053115,-1.008342624,9.229333528,1.472480164,0.018458667
19,2020-01-01T19:00:00+00:00,distributed_committable,19,A19,111,114,true,500,-34.856097921,26.716192468,34.963712308,-34.658664046,43.916995596,49.230926986,0.098461854
19,2020-01-01T19:00:00+00:00,distributed_committable,20,A20,112,113,true,500,25.505687496,0.085804561,-25.466130003,-10.011329595,25.505831824,27.363305677,0.054726611
19,2020-01-01T19:00:00+00:00,distributed_committable,21,A21,112,123,true,500,-86.52550818,3.69539118,87.422608017,-17.32049793,86.604384887,89.121894285,0.178243789
19,2020-01-01T19:00:00+00:00,distributed_committable,22,A22,113,123,true,500,-109.883148503,5.091632455,111.207259743,-13.264017228,110.001050204,111.995485501,0.223990971
19,2020-01-01T19:00:00+00:00,distributed_committable,23,AB2,113,215,true,500,50.610539778,-17.665230897,-50.350434434,3.450661122,53.604916932,50.468537822,0.107209834
19,2020-01-01T19:00:00+00:00,distributed_committable,24,A23,114,116,true,500,-119.724721718,-32.3809003,120.48596269,33.003908824,124.026334682,124.924477998,0.249848956
19,2020-01-01T19:00:00+00:00,distributed_committable,25,A24,115,116,true,500,73.692244878,22.543641639,-73.578067614,-25.354461628,77.063368299,77.82403715,0.155648074
19,2020-01-01T19:00:00+00:00,distributed_committable,26,A25-1,115,121,true,500,-72.095134525,-38.404894919,72.45223893,30.226921843,81.686255734,78.504736991,0.163372511
19,2020-01-01T19:00:00+00:00,distributed_committable,27,A25-2,115,121,true,500,-72.095134525,-38.404894919,72.45223893,30.226921843,81.686255734,78.504736991,0.163372511
19,2020-01-01T19:00:00+00:00,distributed_committable,28,A26,115,124,true,500,63.703288276,5.875726848,-63.425295674,-15.211536006,63.973690711,65.223914011,0.130447828
19,2020-01-01T19:00:00+00:00,distributed_committable,29,A27,116,117,true,500,-130.446434718,-34.149733862,130.96311056,32.811572471,134.842414149,135.010872213,0.270021744
19,2020-01-01T19:00:00+00:00,distributed_committable,30,A28,116,119,true,500,39.847297683,17.762038273,-39.789849141,-22.412723284,43.626793788,45.667956596,0.091335913
19,2020-01-01T19:00:00+00:00,distributed_committable,31,A29,117,118,true,500,18.770023565,-36.840166416,-18.740235111,33.82468912,41.346241016,38.669186778,0.082692482
19,2020-01-01T19:00:00+00:00,distributed_committable,32,A30,117,122,true,500,-149.733134125,4.028593945,152.6992187,-5.79011307,149.787319304,152.808955239,0.30561791
19,2020-01-01T19:00:00+00:00,distributed_committable,33,A31-1,118,121,true,500,-63.37580031,-31.767366828,63.510503729,26.94650202,70.891873019,68.990564971,0.141783746
19,2020-01-01T19:00:00+00:00,distributed_committable,34,A31-2,118,121,true,500,-63.37580031,-31.767366828,63.510503729,26.94650202,70.891873019,68.990564971,0.141783746
19,2020-01-01T19:00:00+00:00,distributed_committable,35,A32-1,119,120,true,500,-19.645649406,3.123481878,19.666985213,-11.512082452,19.892402561,22.788557431,0.045577115
19,2020-01-01T19:00:00+00:00,distributed_committable,36,A32-2,119,120,true,500,-19.645649406,3.123481878,19.666985213,-11.512082452,19.892402561,22.788557431,0.045577115
19,2020-01-01T19:00:00+00:00,distributed_committable,37,A33-1,120,123,true,500,-47.62938007,5.832220996,47.697459628,-10.066245703,47.985129443,48.748096963,0.097496194
19,2020-01-01T19:00:00+00:00,distributed_committable,38,A33-2,120,123,true,500,-47.62938007,5.832220996,47.697459628,-10.066245703,47.985129443,48.748096963,0.097496194
19,2020-01-01T19:00:00+00:00,distributed_committable,39,A34,121,122,true,500,-214.208104645,32.445471975,218.100781299,-18.659985579,216.651380672,218.897569345,0.437795139
19,2020-01-01T19:00:00+00:00,distributed_committable,40,AB3,123,217,true,500,141.879116099,-24.282880918,-139.896356843,22.958311828,143.942147721,141.767678756,0.287884295
19,2020-01-01T19:00:00+00:00,distributed_committable,41,B1,201,202,true,175,-41.400145832,-21.828774436,41.448831764,-26.867075441,46.802430154,49.394791196,0.28225595
19,2020-01-01T19:00:00+00:00,distributed_committable,42,B2,201,203,true,175,-35.691361954,15.230051663,36.524916934,-17.989107832,38.804996995,40.714586546,0.23265478
19,2020-01-01T19:00:00+00:00,distributed_committable,43,B3,201,205,true,175,33.28000142,-14.260651857,-33.01491852,12.836319005,36.206693938,35.422534218,0.206895394
19,2020-01-01T19:00:00+00:00,distributed_committable,44,B4,202,204,true,175,19.516436289,4.272487233,-19.386616599,-7.33713053,19.978624391,20.728588654,0.118449078
19,2020-01-01T19:00:00+00:00,distributed_committable,45,B5,202,206,true,175,29.097144,-16.42374237,-28.610716202,12.697838923,33.41231962,31.30188804,0.190927541
19,2020-01-01T19:00:00+00:00,distributed_committable,46,B6,203,209,true,175,64.985522274,-20.546911236,-63.606700815,22.526222612,68.156391238,67.477722944,0.389465093
19,2020-01-01T19:00:00+00:00,distributed_committable,47,B7,203,224,true,400,-82.266400941,-1.759933499,82.401875649,7.449871259,82.285224005,82.737957989,0.206844895
19,2020-01-01T19:00:00+00:00,distributed_committable,48,B8,204,209,true,175,-17.141637763,-0.067245354,17.218826255,-2.541403603,17.141769662,17.405364399,0.099459225
19,2020-01-01T19:00:00+00:00,distributed_committable,49,B9,205,210,true,175,-2.032460666,-19.74706983,2.106717626,17.425622929,19.851389453,17.55250961,0.113436511
19,2020-01-01T19:00:00+00:00,distributed_committable,50,B10,206,210,true,175,-38.522291815,-135.4519152,38.713307717,-133.200775147,140.82325198,138.712532578,0.804704297
19,2020-01-01T19:00:00+00:00,distributed_committable,51,B11,207,208,true,175,-61.703132368,-12.340626474,62.394540177,13.395976997,62.925095199,63.816383818,0.36466505
19,2020-01-01T19:00:00+00:00,distributed_committable,52,B12-1,208,209,true,175,-79.403264614,-3.945606854,82.26584461,10.455173773,79.501234235,82.927557833,0.473871759
19,2020-01-01T19:00:00+00:00,distributed_committable,53,B13-2,208,210,true,175,-67.401160643,-26.727247206,69.737196433,31.078434585,72.506980348,76.348841921,0.436279097
19,2020-01-01T19:00:00+00:00,distributed_committable,54,B14,209,211,true,400,-50.644412218,-24.058471549,50.708474985,26.749107758,56.068409485,57.331180008,0.14332795
19,2020-01-01T19:00:00+00:00,distributed_committable,55,B15,209,212,true,400,-71.617943148,-24.152023356,71.734353508,29.041258472,75.580751603,77.390000432,0.193475001
19,2020-01-01T19:00:00+00:00,distributed_committable,56,B16,210,211,true,400,-92.460853786,32.164739639,92.639960249,-24.642268188,97.895760679,95.861377084,0.244739402
19,2020-01-01T19:00:00+00:00,distributed_committable,57,B17,210,212,true,400,-114.353254485,32.786975637,114.617733151,-21.678871673,118.960718654,116.649895969,0.297401797
19,2020-01-01T19:00:00+00:00,distributed_committable,58,B18,211,213,true,500,-47.859097297,1.074355057,47.995277474,-10.247887329,47.871154497,49.077141874,0.098154284
19,2020-01-01T19:00:00+00:00,distributed_committable,59,B19,211,214,true,500,-95.489337936,-3.181194626,95.933721954,-2.160081693,95.542313447,95.9580375,0.191916075
19,2020-01-01T19:00:00+00:00,distributed_committable,60,B20,212,213,true,500,-10.748800958,-1.138234772,10.756473985,-9.077574594,10.808899131,14.07494558,0.028149891
19,2020-01-01T19:00:00+00:00,distributed_committable,61,B21,212,223,true,500,-175.6032857,-6.224152026,179.201518013,13.786095783,175.713556726,179.731022628,0.359462045
19,2020-01-01T19:00:00+00:00,distributed_committable,62,B22,213,223,true,500,-189.56239208,-7.330291261,193.413676015,18.516267554,189.704068647,194.297972799,0.388595946
19,2020-01-01T19:00:00+00:00,distributed_committable,63,B23,214,216,true,500,-191.696983389,19.194555465,193.496772902,-6.470450501,192.655558965,193.604927244,0.387209854
19,2020-01-01T19:00:00+00:00,distributed_committable,64,B24,215,216,true,500,-4.992366668,-43.093866673,5.026016241,39.660555042,43.382082359,39.97774963,0.086764165
19,2020-01-01T19:00:00+00:00,distributed_committable,65,B25-1,215,221,true,500,-77.75439833,-5.444892307,78.107948285,-2.291961995,77.944809397,78.141568164,0.156283136
19,2020-01-01T19:00:00+00:00,distributed_committable,66,B25-2,215,221,true,500,-77.75439833,-5.444892307,78.107948285,-2.291961995,77.944809397,78.141568164,0.156283136
19,2020-01-01T19:00:00+00:00,distributed_committable,67,B26,215,224,true,500,82.872454094,-0.153962385,-82.401875642,-7.449871261,82.872597112,82.737957982,0.165745194
19,2020-01-01T19:00:00+00:00,distributed_committable,68,B27,216,217,true,500,-115.080804863,21.421019047,115.479730259,-23.672000898,117.057471803,117.881006644,0.235762013
19,2020-01-01T19:00:00+00:00,distributed_committable,69,B28,216,219,true,500,-0.796382042,-36.612285703,0.829862179,31.732918632,36.620946039,31.743767831,0.073241892
19,2020-01-01T19:00:00+00:00,distributed_committable,70,B29,217,218,true,500,51.137076405,11.618503874,-51.083217103,-14.339390422,52.440349118,53.057640235,0.10611528
19,2020-01-01T19:00:00+00:00,distributed_committable,71,B30,217,222,true,500,-26.720449822,-10.904814804,26.817021985,-11.333624638,28.859962311,29.11363453,0.058227269
19,2020-01-01T19:00:00+00:00,distributed_committable,72,B31-1,218,221,true,500,-56.646963762,-9.613556793,56.741784731,4.751831457,57.456931503,56.940407766,0.114913863
19,2020-01-01T19:00:00+00:00,distributed_committable,73,B31-2,218,221,true,500,-56.646963762,-9.613556793,56.741784731,4.751831457,57.456931503,56.940407766,0.114913863
19,2020-01-01T19:00:00+00:00,distributed_committable,74,B32-1,219,220,true,500,-45.087998924,-24.998522906,45.204371945,17.075469825,51.554377064,48.321909241,0.103108754
19,2020-01-01T19:00:00+00:00,distributed_committable,75,B32-2,219,220,true,500,-45.087998924,-24.998522906,45.204371945,17.075469825,51.554377064,48.321909241,0.103108754
19,2020-01-01T19:00:00+00:00,distributed_committable,76,B33-1,220,223,true,500,-76.796375717,-23.492595592,76.97288533,19.798237603,80.309310612,79.478269283,0.160618621
19,2020-01-01T19:00:00+00:00,distributed_committable,77,B33-2,220,223,true,500,-76.796375717,-23.492595592,76.97288533,19.798237603,80.309310612,79.478269283,0.160618621
19,2020-01-01T19:00:00+00:00,distributed_committable,78,B34,221,222,true,500,-30.104317784,-7.241386453,30.182978015,-6.929006199,30.963004166,30.968101148,0.061936202
19,2020-01-01T19:00:00+00:00,distributed_committable,79,C1,301,302,true,175,27.278339924,-32.663737282,-27.254604324,-15.065784351,42.556169497,31.141472588,0.243178111
19,2020-01-01T19:00:00+00:00,distributed_committable,80,C2,301,303,true,175,-81.248332584,24.982786452,85.162245822,-15.895519754,85.002536236,86.632994071,0.49504568
19,2020-01-01T19:00:00+00:00,distributed_committable,81,C3,301,305,true,175,-14.140731803,-6.193456006,14.188442916,3.974800234,15.437590266,14.734685245,0.088214802
19,2020-01-01T19:00:00+00:00,distributed_committable,82,C4,302,304,true,175,-27.375530797,13.089792658,27.683888901,-15.402151761,30.344066277,31.680024993,0.181028714
19,2020-01-01T19:00:00+00:00,distributed_committable,83,C5,302,306,true,175,-6.543385925,-10.637105429,6.5943536,5.337052988,12.488551208,8.483491852,0.07136315
19,2020-01-01T19:00:00+00:00,distributed_committable,84,C6,303,309,true,175,56.689040113,-17.933780333,-55.654889025,18.553364351,59.458117578,58.665952657,0.339760672
19,2020-01-01T19:00:00+00:00,distributed_committable,85,C7,303,324,true,400,-174.26916004,10.49507041,174.871499377,14.803181741,174.584898098,175.496938674,0.438742347
19,2020-01-01T19:00:00+00:00,distributed_committable,86,C8,304,309,true,175,-74.352348255,5.942328919,75.829932898,-3.150796311,74.589429305,75.895363763,0.433687793
19,2020-01-01T19:00:00+00:00,distributed_committable,87,C9,305,310,true,175,-58.964937702,-12.80396822,59.754041743,13.237478826,60.3390875,61.202747898,0.349729988
19,2020-01-01T19:00:00+00:00,distributed_committable,88,C10,306,310,true,175,-92.363414035,-130.554545394,93.47418848,-132.402008863,159.92338658,162.073180579,0.92613246
19,2020-01-01T19:00:00+00:00,distributed_committable,89,C11,307,308,true,175,-47.293829013,3.233616255,47.670916724,-3.43061891,47.404245979,47.794198889,0.273109708
19,2020-01-01T19:00:00+00:00,distributed_committable,90,C12-1,308,309,true,175,-90.450038303,3.385046938,94.101287405,6.084216155,90.513357975,94.297772919,0.538844417
19,2020-01-01T19:00:00+00:00,distributed_committable,91,C13-2,308,310,true,175,-65.062858821,-22.027347993,67.120209722,25.26517544,68.690462639,71.717861396,0.409816351
19,2020-01-01T19:00:00+00:00,distributed_committable,92,C14,309,311,true,400,-98.869485205,-29.128579516,99.083908792,38.134370146,103.071088329,106.168974601,0.265422437
19,2020-01-01T19:00:00+00:00,distributed_committable,93,C15,309,312,true,400,-101.771445897,-15.0617795,101.985074958,24.034200093,102.879951408,104.778806485,0.261947016
19,2020-01-01T19:00:00+00:00,distributed_committable,94,C16,310,311,true,400,-170.560092082,26.955364201,171.117344976,-3.550742628,172.676972032,171.154180565,0.43169243
19,2020-01-01T19:00:00+00:00,distributed_committable,95,C17,310,312,true,400,-172.766044811,41.717796151,173.356398421,-16.92294454,177.731484986,174.180443579,0.444328712
19,2020-01-01T19:00:00+00:00,distributed_committable,96,C18,311,313,true,500,-108.75889205,-1.134620272,109.434899624,-4.029600005,108.764810316,109.509063241,0.219018126
19,2020-01-01T19:00:00+00:00,distributed_committable,97,C19,311,314,true,500,-161.442361718,-33.449007247,162.721387244,34.743126896,164.871077642,166.389106413,0.332778213
19,2020-01-01T19:00:00+00:00,distributed_committable,98,C20,312,313,true,500,-102.814379147,-26.417179094,103.457890637,21.110711115,106.153963235,105.589759252,0.212307926
19,2020-01-01T19:00:00+00:00,distributed_committable,99,C21,312,323,true,500,-172.527094232,19.305923541,176.105541774,-11.368707681,173.603908159,176.472120625,0.352944241
19,2020-01-01T19:00:00+00:00,distributed_committable,100,C22,313,323,true,500,-139.750940774,30.030302647,141.934892862,-31.895561139,142.941052621,145.474536026,0.290949072
19,2020-01-01T19:00:00+00:00,distributed_committable,101,C23,314,316,true,500,-285.068429335,60.11962809,288.965147003,-23.044278786,291.33894193,289.882553748,0.582677884
19,2020-01-01T19:00:00+00:00,distributed_committable,102,C24,315,316,true,500,-8.126725001,-32.914449647,8.146009478,29.224804329,33.902870893,30.33886383,0.067805742
19,2020-01-01T19:00:00+00:00,distributed_committable,103,C25-1,315,321,true,500,-184.380691448,-13.232859161,186.299376292,17.739555372,184.854937561,187.142056822,0.374284114
19,2020-01-01T19:00:00+00:00,distributed_committable,104,C25-2,315,321,true,500,-184.380691448,-13.232859161,186.299376292,17.739555372,184.854937561,187.142056822,0.374284114
19,2020-01-01T19:00:00+00:00,distributed_committable,105,C26,315,324,true,500,176.970518501,19.018257177,-174.871499377,-14.803181741,177.989489927,175.496938674,0.35597898
19,2020-01-01T19:00:00+00:00,distributed_committable,106,C27,316,317,true,500,-442.668236285,29.96050098,448.162494405,11.678594767,443.680965373,448.314633898,0.896629268
19,2020-01-01T19:00:00+00:00,distributed_committable,107,C28,316,319,true,500,184.770854248,31.245850985,-183.786872047,-28.912779132,187.394161551,186.047206735,0.374788323
19,2020-01-01T19:00:00+00:00,distributed_committable,108,C29,317,318,true,500,164.919967366,-4.281663399,-164.424360574,4.465352546,164.975538422,164.484983277,0.329951077
19,2020-01-01T19:00:00+00:00,distributed_committable,109,C30,317,322,true,500,-44.682461771,-7.396931368,44.939916541,-14.986222252,45.29058383,47.372808193,0.094745616
19,2020-01-01T19:00:00+00:00,distributed_committable,110,C31-1,318,321,true,500,12.59926766,-23.610063992,-12.583249359,17.712627144,26.761477299,21.727294465,0.053522955
19,2020-01-01T19:00:00+00:00,distributed_committable,111,C31-2,318,321,true,500,12.59926766,-23.610063992,-12.583249359,17.712627144,26.761477299,21.727294465,0.053522955
19,2020-01-01T19:00:00+00:00,distributed_committable,112,C32-1,319,320,true,500,34.819171543,2.789274727,-34.759060172,-10.994081827,34.930713712,36.456303972,0.072912608
19,2020-01-01T19:00:00+00:00,distributed_committable,113,C32-2,319,320,true,500,34.819171543,2.789274727,-34.759060172,-10.994081827,34.930713712,36.456303972,0.072912608
19,2020-01-01T19:00:00+00:00,distributed_committable,114,C33-1,320,323,true,500,-5.602850621,2.795568698,5.60453061,-7.571817719,6.261560462,9.420360233,0.01884072
19,2020-01-01T19:00:00+00:00,distributed_committable,115,C33-2,320,323,true,500,-5.602850621,2.795568698,5.60453061,-7.571817719,6.261560462,9.420360233,0.01884072
19,2020-01-01T19:00:00+00:00,distributed_committable,116,C34,321,322,true,500,-107.687002212,10.16543505,108.660083459,-18.468765338,108.165736327,110.218460479,0.220436921
19,2020-01-01T19:00:00+00:00,distributed_committable,117,CA-1,325,121,true,500,-329.249495841,48.731648182,342.28261915,35.013110422,332.836302176,344.068756608,0.688137513
19,2020-01-01T19:00:00+00:00,distributed_committable,118,CB-1,318,223,true,500,-70.782241839,-0.12975478,71.394918336,-18.775413857,70.782360769,73.822425656,0.147644851
19,2020-01-01T19:00:00+00:00,distributed_committable,119,C35,323,325,true,722,-329.249495855,58.407904257,329.249495855,-48.731648185,334.390062353,332.83630219,0.463144131
20,2020-01-01T20:00:00+00:00,reference_provider,0,A1,101,102,true,175,-0.201480716,-23.736510409,0.201485173,-24.411544147,23.7373655,24.41237563,0.139499289
20,2020-01-01T20:00:00+00:00,reference_provider,1,A2,101,103,true,175,32.522550622,-8.75967971,-31.947964098,5.028784516,33.681571928,32.341321614,0.192466125
20,2020-01-01T20:00:00+00:00,reference_provider,2,A3,101,105,true,175,74.028756907,-26.802912797,-72.736371199,29.376143645,78.731524713,78.444486809,0.449894427
20,2020-01-01T20:00:00+00:00,reference_provider,3,A4,102,104,true,175,56.443501961,-9.607838446,-55.417462207,10.026034873,57.255388159,56.317106573,0.327173647
20,2020-01-01T20:00:00+00:00,reference_provider,4,A5,102,106,true,175,54.354394355,-24.434346704,-52.714141363,25.193018505,59.59393832,58.424899496,0.34053679
20,2020-01-01T20:00:00+00:00,reference_provider,5,A6,103,109,true,175,23.821319176,-12.994011616,-23.613502299,10.448806133,27.134840798,25.821987538,0.155056233
20,2020-01-01T20:00:00+00:00,reference_provider,6,A7,103,124,true,400,-67.956977049,-7.674184084,68.049811501,11.573231068,68.388915995,69.02692607,0.172567315
20,2020-01-01T20:00:00+00:00,reference_provider,7,A8,104,109,true,175,24.138639839,-16.366336704,-23.928025832,14.260463478,29.163863091,27.855183339,0.166650646
20,2020-01-01T20:00:00+00:00,reference_provider,8,A9,105,110,true,175,42.725609197,-35.293758688,-42.078330433,35.175366959,55.417750618,54.844255239,0.316672861
20,2020-01-01T20:00:00+00:00,reference_provider,9,A10,106,110,true,175,-4.771261909,-145.662767824,4.793053384,-123.360799924,145.740889493,123.453879318,0.832805083
20,2020-01-01T20:00:00+00:00,reference_provider,10,A11,107,108,true,175,91.982680135,1.898266129,-90.746420687,0.977017152,92.002265511,90.75168004,0.525727231
20,2020-01-01T20:00:00+00:00,reference_provider,11,AB1,107,203,true,175,126.774403868,-1.913516348,-120.615750173,20.847530483,126.788844229,122.404161355,0.724507681
20,2020-01-01T20:00:00+00:00,reference_provider,12,A12-1,108,109,true,175,8.642817607,-0.051311171,-8.610470051,-4.588996414,8.642969919,9.757001721,0.055754296
20,2020-01-01T20:00:00+00:00,reference_provider,13,A13-2,108,110,true,175,9.82416223,-15.719743591,-9.713680247,11.264013277,18.537111482,14.873922786,0.105926351
20,2020-01-01T20:00:00+00:00,reference_provider,14,A14,109,111,true,400,-10.027719075,-13.286453756,10.033311476,13.521334599,16.645870457,16.837274973,0.042093187
20,2020-01-01T20:00:00+00:00,reference_provider,15,A15,109,112,true,400,-7.790470768,-22.050543837,7.801509201,22.514158036,23.386276281,23.827523117,0.059568808
20,2020-01-01T20:00:00+00:00,reference_provider,16,A16,110,111,true,400,-18.839777941,34.569650916,18.868745681,-33.353005821,39.370013936,38.320393537,0.098425035
20,2020-01-01T20:00:00+00:00,reference_provider,17,A17,110,112,true,400,-16.585188567,25.444297221,16.602428708,-24.720211337,30.372368048,29.778003418,0.07593092
20,2020-01-01T20:00:00+00:00,reference_provider,18,A18,111,113,true,500,12.47253302,-12.602525744,-12.459968246,2.535585646,17.730982349,12.715345189,0.035461965
20,2020-01-01T20:00:00+00:00,reference_provider,19,A19,111,114,true,500,-41.37459016,32.434196964,41.526146001,-39.967266909,52.572177467,57.63508676,0.115270174
20,2020-01-01T20:00:00+00:00,reference_provider,20,A20,112,113,true,500,10.069397314,3.056842977,-10.05956121,-13.21974456,10.523167359,16.611936009,0.033223872
20,2020-01-01T20:00:00+00:00,reference_provider,21,A21,112,123,true,500,-34.473335208,-0.850789677,34.622697666,-18.731273705,34.483832203,39.364854989,0.07872971
20,2020-01-01T20:00:00+00:00,reference_provider,22,A22,113,123,true,500,-43.734509253,-2.844385169,43.945321195,-14.044781293,43.826907563,46.135096581,0.092270193
20,2020-01-01T20:00:00+00:00,reference_provider,23,AB2,113,215,true,500,54.242039814,-9.296542514,-53.953335378,-4.590519276,55.032940916,54.148271124,0.110065882
20,2020-01-01T20:00:00+00:00,reference_provider,24,A23,114,116,true,500,-123.527383005,-26.517514681,124.325519178,27.655386058,126.34157248,127.364261459,0.254728523
20,2020-01-01T20:00:00+00:00,reference_provider,25,A24,115,116,true,500,135.425693046,17.529781507,-135.066959936,-18.216445884,136.555525617,136.28984763,0.273111051
20,2020-01-01T20:00:00+00:00,reference_provider,26,A25-1,115,121,true,500,-106.89272054,-29.812537365,107.584049671,24.506542271,110.972253688,110.339921867,0.221944507
20,2020-01-01T20:00:00+00:00,reference_provider,27,A25-2,115,121,true,500,-106.89272054,-29.812537365,107.584049671,24.506542271,110.972253688,110.339921867,0.221944507
20,2020-01-01T20:00:00+00:00,reference_provider,28,A26,115,124,true,500,68.368035962,2.655731041,-68.049811488,-11.57323107,68.419596964,69.026926057,0.138053852
20,2020-01-01T20:00:00+00:00,reference_provider,29,A27,116,117,true,500,-198.075150043,-20.308521877,199.224534961,24.528954941,199.113538278,200.728884222,0.401457768
20,2020-01-01T20:00:00+00:00,reference_provider,30,A28,116,119,true,500,166.547911967,2.415845926,-165.740861023,-1.258764798,166.565432464,165.745640973,0.333130865
20,2020-01-01T20:00:00+00:00,reference_provider,31,A29,117,118,true,500,-20.057950371,-30.831329484,20.081780726,27.817826636,36.781683633,34.309027907,0.073563367
20,2020-01-01T20:00:00+00:00,reference_provider,32,A30,117,122,true,500,-179.166584603,6.302374545,183.466790217,2.102192124,179.277396688,183.47883345,0.366957667
20,2020-01-01T20:00:00+00:00,reference_provider,33,A31-1,118,121,true,500,-80.418240684,-28.280264136,80.618590878,24.110480318,85.2459194,84.146731704,0.170491839
20,2020-01-01T20:00:00+00:00,reference_provider,34,A31-2,118,121,true,500,-80.418240684,-28.280264136,80.618590878,24.110480318,85.2459194,84.146731704,0.170491839
20,2020-01-01T20:00:00+00:00,reference_provider,35,A32-1,119,120,true,500,44.617276136,-7.190323194,-44.519379066,-0.494932026,45.192942784,44.522130116,0.090385886
20,2020-01-01T20:00:00+00:00,reference_provider,36,A32-2,119,120,true,500,44.617276136,-7.190323194,-44.519379066,-0.494932026,45.192942784,44.522130116,0.090385886
20,2020-01-01T20:00:00+00:00,reference_provider,37,A33-1,120,123,true,500,17.467424588,-4.999996228,-17.45823797,0.377803323,18.16895385,17.4623254,0.036337908
20,2020-01-01T20:00:00+00:00,reference_provider,38,A33-2,120,123,true,500,17.467424588,-4.999996228,-17.45823797,0.377803323,18.16895385,17.4623254,0.036337908
20,2020-01-01T20:00:00+00:00,reference_provider,39,A34,121,122,true,500,-245.888853742,30.348630284,251.033209779,-6.997771896,247.754652337,251.130725367,0.502261451
20,2020-01-01T20:00:00+00:00,reference_provider,40,AB3,123,217,true,500,80.348457107,-17.979547498,-79.705278925,6.917383132,82.335525065,80.004885338,0.16467105
20,2020-01-01T20:00:00+00:00,reference_provider,41,B1,201,202,true,175,-33.719267433,-23.121808285,33.751495963,-25.630967511,40.885290931,42.380537694,0.242174501
20,2020-01-01T20:00:00+00:00,reference_provider,42,B2,201,203,true,175,-37.535079556,16.091461043,38.455665177,-18.512062292,40.838919131,42.679440419,0.243882517
20,2020-01-01T20:00:00+00:00,reference_provider,43,B3,201,205,true,175,28.585828169,-13.555755389,-28.384636933,11.884695667,31.63713129,30.772286313,0.180783607
20,2020-01-01T20:00:00+00:00,reference_provider,44,B4,202,204,true,175,15.590577294,4.998073826,-15.500637763,-8.215468068,16.372136156,17.543194881,0.100246828
20,2020-01-01T20:00:00+00:00,reference_provider,45,B5,202,206,true,175,25.315831127,-15.992680828,-24.931527822,11.873691152,29.944233931,27.614590729,0.171109908
20,2020-01-01T20:00:00+00:00,reference_provider,46,B6,203,209,true,175,62.423797433,-20.41456018,-61.143181452,22.019538977,65.677125039,64.987296719,0.375297857
20,2020-01-01T20:00:00+00:00,reference_provider,47,B7,203,224,true,400,-66.877910433,0.275062388,66.96750986,3.488113546,66.878476083,67.058290412,0.167645726
20,2020-01-01T20:00:00+00:00,reference_provider,48,B8,204,209,true,175,-20.107421432,0.997618231,20.214500924,-3.490611465,20.13215435,20.513664129,0.117220938
20,2020-01-01T20:00:00+00:00,reference_provider,49,B9,205,210,true,175,-5.779852294,-18.621355515,5.851715667,16.290430557,19.497732529,17.309555279,0.111415614
20,2020-01-01T20:00:00+00:00,reference_provider,50,B10,206,210,true,175,-40.510310699,-134.363778606,40.721073661,-134.306387732,140.337843343,140.343904839,0.801965171
20,2020-01-01T20:00:00+00:00,reference_provider,51,B11,207,208,true,175,-60.14874864,-12.029749728,60.802230624,12.933184717,61.339928607,62.162516968,0.355214383
20,2020-01-01T20:00:00+00:00,reference_provider,52,B12-1,208,209,true,175,-77.573402283,-3.434702189,80.293933564,9.391568061,77.649403867,80.841309476,0.46195034
20,2020-01-01T20:00:00+00:00,reference_provider,53,B13-2,208,210,true,175,-65.51231648,-26.340132148,67.716778463,30.177848529,70.609249905,74.136796715,0.423638838
20,2020-01-01T20:00:00+00:00,reference_provider,54,B14,209,211,true,400,-47.938907772,-22.735719858,47.996297534,25.146089859,53.057062073,54.184595709,0.135461489
20,2020-01-01T20:00:00+00:00,reference_provider,55,B15,209,212,true,400,-75.634593351,-22.507615326,75.761545412,27.839601906,78.912511422,80.714652929,0.201786632
20,2020-01-01T20:00:00+00:00,reference_provider,56,B16,210,211,true,400,-89.609348376,33.700554673,89.780642559,-26.506198974,95.736945332,93.611657193,0.239342363
20,2020-01-01T20:00:00+00:00,reference_provider,57,B17,210,212,true,400,-118.512267294,34.889954408,118.797505834,-22.909935743,123.541355092,120.986414726,0.308853388
20,2020-01-01T20:00:00+00:00,reference_provider,58,B18,211,213,true,500,-59.791864617,2.848764566,60.005231311,-11.375323689,59.859690393,61.073936943,0.122147874
20,2020-01-01T20:00:00+00:00,reference_provider,59,B19,211,214,true,500,-77.985075477,-1.488655451,78.282717101,-5.042901641,77.999282639,78.444978512,0.156889957
20,2020-01-01T20:00:00+00:00,reference_provider,60,B20,212,213,true,500,-10.898048073,-0.800335835,10.906087945,-9.384738672,10.927396271,14.388053176,0.028776106
20,2020-01-01T20:00:00+00:00,reference_provider,61,B21,212,223,true,500,-183.661003171,-4.129330329,187.609473984,14.568628972,183.707418072,188.174280067,0.37634856
20,2020-01-01T20:00:00+00:00,reference_provider,62,B22,213,223,true,500,-198.42666637,-5.224197053,202.659943699,19.475529455,198.495426047,203.593587884,0.407187176
20,2020-01-01T20:00:00+00:00,reference_provider,63,B23,214,216,true,500,-171.633574975,21.353829562,173.096038504,-12.527351829,172.956844605,173.548762858,0.347097526
20,2020-01-01T20:00:00+00:00,reference_provider,64,B24,215,216,true,500,-24.89199383,-41.169273181,24.934822992,37.86303936,48.109462802,45.336024828,0.096218926
20,2020-01-01T20:00:00+00:00,reference_provider,65,B25-1,215,221,true,500,-56.536215056,-4.321707989,56.72571172,-4.591874954,56.701153188,56.911261502,0.113822523
20,2020-01-01T20:00:00+00:00,reference_provider,66,B25-2,215,221,true,500,-56.536215056,-4.321707989,56.72571172,-4.591874954,56.701153188,56.911261502,0.113822523
20,2020-01-01T20:00:00+00:00,reference_provider,67,B26,215,224,true,500,67.280533251,-5.174117859,-66.967509697,-3.488113569,67.479194202,67.05829025,0.134958388
20,2020-01-01T20:00:00+00:00,reference_provider,68,B27,216,217,true,500,-59.34413533,13.685725695,59.454999194,-18.358860259,60.901769153,62.224952223,0.124449904
20,2020-01-01T20:00:00+00:00,reference_provider,69,B28,216,219,true,500,-62.805724015,-37.711647591,62.957173906,33.792169029,73.257950647,71.45289661,0.146515901
20,2020-01-01T20:00:00+00:00,reference_provider,70,B29,217,218,true,500,46.885149768,19.832965006,-46.833196774,-22.523494843,50.907403879,51.967837553,0.103935675
20,2020-01-01T20:00:00+00:00,reference_provider,71,B30,217,222,true,500,-26.634870035,-8.391487878,26.733206319,-13.480317844,27.925496783,29.939660808,0.059879322
20,2020-01-01T20:00:00+00:00,reference_provider,72,B31-1,218,221,true,500,-56.701534783,-5.098712209,56.796797456,0.333163283,56.930316291,56.797774596,0.113860633
20,2020-01-01T20:00:00+00:00,reference_provider,73,B31-2,218,221,true,500,-56.701534783,-5.098712209,56.796797456,0.333163283,56.930316291,56.797774596,0.113860633
20,2020-01-01T20:00:00+00:00,reference_provider,74,B32-1,219,220,true,500,-75.026280965,-25.798099313,75.317080845,19.328355783,79.337789001,77.757623448,0.158675578
20,2020-01-01T20:00:00+00:00,reference_provider,75,B32-2,219,220,true,500,-75.026280965,-25.798099313,75.317080845,19.328355783,79.337789001,77.757623448,0.158675578
20,2020-01-01T20:00:00+00:00,reference_provider,76,B33-1,220,223,true,500,-106.113240149,-25.583825641,106.443128702,23.029849388,109.153799152,108.905985193,0.218307598
20,2020-01-01T20:00:00+00:00,reference_provider,77,B33-2,220,223,true,500,-106.113240149,-25.583825641,106.443128702,23.029849388,109.153799152,108.905985193,0.218307598
20,2020-01-01T20:00:00+00:00,reference_provider,78,B34,221,222,true,500,-28.99254157,-6.890406871,29.066793665,-7.054642624,29.800086804,29.910641526,0.059821283
20,2020-01-01T20:00:00+00:00,reference_provider,79,C1,301,302,true,175,33.916018884,-33.536230599,-33.88051777,-14.571226015,47.696699044,36.881026449,0.272552566
20,2020-01-01T20:00:00+00:00,reference_provider,80,C2,301,303,true,175,-94.282345278,27.098193175,99.428116482,-13.384624243,98.099300224,100.324964556,0.573285512
20,2020-01-01T20:00:00+00:00,reference_provider,81,C3,301,305,true,175,-4.652338591,-6.806505443,4.663484144,4.428511596,8.244560068,6.431158474,0.047111772
20,2020-01-01T20:00:00+00:00,reference_provider,82,C4,302,304,true,175,-23.964326893,13.480896816,24.218637024,-16.026765958,27.495882281,29.041343054,0.165950532
20,2020-01-01T20:00:00+00:00,reference_provider,83,C5,302,306,true,175,-0.551548889,-10.950164316,0.584001148,5.54380092,10.964046002,5.574476297,0.062651691
20,2020-01-01T20:00:00+00:00,reference_provider,84,C6,303,309,true,175,90.060466341,-13.021000187,-87.669213473,18.810077388,90.996890296,89.664429972,0.51998223
20,2020-01-01T20:00:00+00:00,reference_provider,85,C7,303,324,true,400,-124.953024465,4.130711426,125.254552127,8.533450357,125.021282588,125.544902738,0.313862257
20,2020-01-01T20:00:00+00:00,reference_provider,86,C8,304,309,true,175,-68.768463032,6.996395821,70.031885383,-5.03720073,69.123447992,70.212807674,0.401216044
20,2020-01-01T20:00:00+00:00,reference_provider,87,C9,305,310,true,175,-47.407236125,-12.856857057,47.92478217,12.243907111,49.119698802,49.464108275,0.282652047
20,2020-01-01T20:00:00+00:00,reference_provider,88,C10,306,310,true,175,-82.459357055,-130.385389133,83.341638541,-134.090190499,154.272146758,157.879726067,0.902169863
20,2020-01-01T20:00:00+00:00,reference_provider,89,C11,307,308,true,175,-53.253084474,3.949380703,53.731625798,-3.760291223,53.399331587,53.863042997,0.307788817
20,2020-01-01T20:00:00+00:00,reference_provider,90,C12-1,308,309,true,175,-92.862966037,4.870246854,96.715017498,5.36811216,92.990589662,96.863879944,0.553507885
20,2020-01-01T20:00:00+00:00,reference_provider,91,C13-2,308,310,true,175,-63.81487932,-22.180819283,65.801230759,25.143833852,67.559807332,70.44156692,0.40252324
20,2020-01-01T20:00:00+00:00,reference_provider,92,C14,309,311,true,400,-77.606522289,-24.99424168,77.740746331,30.631651459,81.532106675,83.557894368,0.208894736
20,2020-01-01T20:00:00+00:00,reference_provider,93,C15,309,312,true,400,-79.425485383,-15.819635467,79.557916082,21.381724845,80.98560733,82.381066809,0.205952667
20,2020-01-01T20:00:00+00:00,reference_provider,94,C16,310,311,true,400,-156.582241908,31.493265562,157.05899218,-11.469754159,159.717952205,157.477243705,0.399294881
20,2020-01-01T20:00:00+00:00,reference_provider,95,C17,310,312,true,400,-157.880221342,41.128196943,158.377676447,-20.235082532,163.149296274,159.66510878,0.407873241
20,2020-01-01T20:00:00+00:00,reference_provider,96,C18,311,313,true,500,-94.645839069,6.847737396,95.170842647,-13.060281233,94.893236642,96.062793193,0.192125586
20,2020-01-01T20:00:00+00:00,reference_provider,97,C19,311,314,true,500,-140.153899442,-26.009634696,141.120049069,24.814221852,142.546892726,143.285078969,0.286570158
20,2020-01-01T20:00:00+00:00,reference_provider,98,C20,312,313,true,500,-91.317150622,-9.681791719,91.806523671,3.261223068,91.828966501,91.864429266,0.183728859
20,2020-01-01T20:00:00+00:00,reference_provider,99,C21,312,323,true,500,-146.618441906,8.535149406,149.177312455,-8.848130542,146.866661575,149.439485965,0.298878972
20,2020-01-01T20:00:00+00:00,reference_provider,100,C22,313,323,true,500,-114.847238601,9.882950637,116.278998194,-17.540993204,115.271683112,117.59460814,0.235189216
20,2020-01-01T20:00:00+00:00,reference_provider,101,C23,314,316,true,500,-257.912836172,36.19920785,261.081052201,-7.636287923,260.44080654,261.19270417,0.522385408
20,2020-01-01T20:00:00+00:00,reference_provider,102,C24,315,316,true,500,28.623791242,-22.364086979,-28.600670503,18.697878823,36.324562096,34.170294492,0.072649124
20,2020-01-01T20:00:00+00:00,reference_provider,103,C25-1,315,321,true,500,-172.885587524,-10.488462979,174.562920925,12.99798698,173.20344751,175.046168274,0.350092337
20,2020-01-01T20:00:00+00:00,reference_provider,104,C25-2,315,321,true,500,-172.885587524,-10.488462979,174.562920925,12.99798698,173.20344751,175.046168274,0.350092337
20,2020-01-01T20:00:00+00:00,reference_provider,105,C26,315,324,true,500,126.305561581,4.811433686,-125.254552127,-8.533450357,126.397170777,125.544902738,0.252794342
20,2020-01-01T20:00:00+00:00,reference_provider,106,C27,316,317,true,500,-459.991756686,30.716769312,465.923339072,14.70783609,461.01619943,466.155422938,0.932310846
20,2020-01-01T20:00:00+00:00,reference_provider,107,C28,316,319,true,500,191.30890741,26.181140786,-190.26523703,-23.395567582,193.092076966,191.698234224,0.386184154
20,2020-01-01T20:00:00+00:00,reference_provider,108,C29,317,318,true,500,216.221999724,-8.330917916,-215.370790917,10.999671605,216.382433109,215.651502094,0.432764866
20,2020-01-01T20:00:00+00:00,reference_provider,109,C30,317,322,true,500,-46.045338797,-6.376918174,46.319537068,-15.899056405,46.484818062,48.972232017,0.097944464
20,2020-01-01T20:00:00+00:00,reference_provider,110,C31-1,318,321,true,500,0.860123712,-20.175081136,-0.852018364,14.206036229,20.193407629,14.231563535,0.040386815
20,2020-01-01T20:00:00+00:00,reference_provider,111,C31-2,318,321,true,500,0.860123712,-20.175081136,-0.852018364,14.206036229,20.193407629,14.231563535,0.040386815
20,2020-01-01T20:00:00+00:00,reference_provider,112,C32-1,319,320,true,500,40.649385356,0.560327289,-40.569773709,-8.631484341,40.65324706,41.477814079,0.082955628
20,2020-01-01T20:00:00+00:00,reference_provider,113,C32-2,319,320,true,500,40.649385356,0.560327289,-40.569773709,-8.631484341,40.65324706,41.477814079,0.082955628
20,2020-01-01T20:00:00+00:00,reference_provider,114,C33-1,320,323,true,500,2.040194459,0.805163556,-2.039779391,-5.606913972,2.193326647,5.966421394,0.011932843
20,2020-01-01T20:00:00+00:00,reference_provider,115,C33-2,320,323,true,500,2.040194459,0.805163556,-2.039779391,-5.606913972,2.193326647,5.966421394,0.011932843
20,2020-01-01T20:00:00+00:00,reference_provider,116,C34,321,322,true,500,-115.755138322,11.81848114,116.880462932,-18.971528479,116.356901576,118.410141069,0.236820282
20,2020-01-01T20:00:00+00:00,reference_provider,117,CA-1,325,121,true,500,-261.376751849,31.590171346,269.483572584,12.415822287,263.27883571,269.769435881,0.539538872
20,2020-01-01T20:00:00+00:00,reference_provider,118,CB-1,318,223,true,500,13.176326458,-11.587187287,-13.155675096,-12.045218658,17.546466543,17.837014317,0.035674029
20,2020-01-01T20:00:00+00:00,reference_provider,119,C35,323,325,true,722,-261.376751866,37.60295169,261.376751866,-31.590171349,264.067772346,263.278835727,0.365744837
20,2020-01-01T20:00:00+00:00,distributed_committable,0,A1,101,102,true,175,1.288263178,-23.518906842,-1.288205412,-24.704378209,23.554163136,24.73794203,0.141359669
20,2020-01-01T20:00:00+00:00,distributed_committable,1,A2,101,103,true,175,29.40771999,-9.219683713,-28.932613305,5.084567572,30.819094127,29.37599258,0.176109109
20,2020-01-01T20:00:00+00:00,distributed_committable,2,A3,101,105,true,175,75.653842904,-26.558217124,-74.315070842,29.307834244,80.180065122,79.885411073,0.458171801
20,2020-01-01T20:00:00+00:00,distributed_committable,3,A4,102,104,true,175,56.899790181,-9.47494909,-55.859624443,9.943188576,57.683279925,56.737682734,0.329618742
20,2020-01-01T20:00:00+00:00,distributed_committable,4,A5,102,106,true,175,55.387795636,-24.271777629,-53.699217049,25.211286487,60.472531737,59.322970913,0.345557324
20,2020-01-01T20:00:00+00:00,distributed_committable,5,A6,103,109,true,175,30.581964532,-12.195987598,-30.27144025,10.03417206,32.92413504,31.891138326,0.188137915
20,2020-01-01T20:00:00+00:00,distributed_committable,6,A7,103,124,true,400,-77.732972537,-8.527991211,77.853630519,13.59562648,78.199371183,79.03182172,0.197579554
20,2020-01-01T20:00:00+00:00,distributed_committable,7,A8,104,109,true,175,24.5808026,-16.283490495,-24.365415675,14.19379508,29.485045687,28.198179015,0.168485975
20,2020-01-01T20:00:00+00:00,distributed_committable,8,A9,105,110,true,175,44.304309452,-35.225449382,-43.628713604,35.214505921,56.601273132,56.067156856,0.323435846
20,2020-01-01T20:00:00+00:00,distributed_committable,9,A10,106,110,true,175,-3.786185818,-145.70742207,3.80692399,-123.35317599,145.756605509,123.411906626,0.832894889
20,2020-01-01T20:00:00+00:00,distributed_committable,10,A11,107,108,true,175,43.038300697,-3.694925821,-42.755289852,2.994338128,43.196617966,42.860014829,0.246837817
20,2020-01-01T20:00:00+00:00,distributed_committable,11,AB1,107,203,true,175,81.752964383,-10.871218295,-79.054440412,16.639714005,82.472604982,80.786661219,0.471272028
20,2020-01-01T20:00:00+00:00,distributed_committable,12,A12-1,108,109,true,175,-15.510347088,-1.09614793,15.610268119,-3.231599521,15.549032351,15.941257987,0.091092903
20,2020-01-01T20:00:00+00:00,distributed_committable,13,A13-2,108,110,true,175,-14.013803504,-16.69222786,14.179800778,12.504118474,21.794888381,18.90554757,0.124542219
20,2020-01-01T20:00:00+00:00,distributed_committable,14,A14,109,111,true,400,-18.76047881,-13.817752767,18.771429705,14.277690328,23.299911088,23.584295925,0.05896074
20,2020-01-01T20:00:00+00:00,distributed_committable,15,A15,109,112,true,400,-16.18312122,-22.395339273,16.198521145,23.042136124,27.630501869,28.166152105,0.07041538
20,2020-01-01T20:00:00+00:00,distributed_committable,16,A16,110,111,true,400,-29.688999636,33.831272894,29.726863171,-32.241004444,45.011017818,43.853948073,0.112527545
20,2020-01-01T20:00:00+00:00,distributed_committable,17,A17,110,112,true,400,-27.09293499,24.895807099,27.118236538,-23.833142102,36.794406334,36.102872674,0.091986016
20,2020-01-01T20:00:00+00:00,distributed_committable,18,A18,111,113,true,500,4.577375606,-13.167651955,-4.572273913,3.013866178,13.940567616,5.476228454,0.027881135
20,2020-01-01T20:00:00+00:00,distributed_committable,19,A19,111,114,true,500,-53.075668342,31.130966058,53.276705201,-38.276605757,61.531809803,65.601111769,0.131202224
20,2020-01-01T20:00:00+00:00,distributed_committable,20,A20,112,113,true,500,1.371888331,2.220269714,-1.368614031,-12.460996142,2.609918619,12.535929531,0.025071859
20,2020-01-01T20:00:00+00:00,distributed_committable,21,A21,112,123,true,500,-44.688645904,-1.429263747,44.930739243,-17.479682665,44.711495922,48.211104893,0.09642221
20,2020-01-01T20:00:00+00:00,distributed_committable,22,A22,113,123,true,500,-50.364978342,-3.190017183,50.641740692,-13.262591817,50.465901885,52.34961549,0.104699231
20,2020-01-01T20:00:00+00:00,distributed_committable,23,AB2,113,215,true,500,44.293867459,-10.187939454,-44.101665011,-4.498829877,45.450421392,44.330534928,0.090900843
20,2020-01-01T20:00:00+00:00,distributed_committable,24,A23,114,116,true,500,-135.277941737,-28.208131198,136.229735544,31.10556753,138.187626748,139.735812081,0.279471624
20,2020-01-01T20:00:00+00:00,distributed_committable,25,A24,115,116,true,500,144.150769526,28.423644857,-143.739852525,-28.705054144,146.926335086,146.578052031,0.29385267
20,2020-01-01T20:00:00+00:00,distributed_committable,26,A25-1,115,121,true,500,-112.417437041,-23.117449463,113.153155597,18.073621676,114.769754816,114.58748807,0.22953951
20,2020-01-01T20:00:00+00:00,distributed_committable,27,A25-2,115,121,true,500,-112.417437041,-23.117449463,113.153155597,18.073621676,114.769754816,114.58748807,0.22953951
20,2020-01-01T20:00:00+00:00,distributed_committable,28,A26,115,124,true,500,78.267712013,5.273234881,-77.853629915,-13.59562655,78.44515122,79.031821137,0.158063642
20,2020-01-01T20:00:00+00:00,distributed_committable,29,A27,116,117,true,500,-206.126269997,-15.417272758,207.355662222,20.288730641,206.702035505,208.345874081,0.416691748
20,2020-01-01T20:00:00+00:00,distributed_committable,30,A28,116,119,true,500,171.367708886,4.563023552,-170.519659958,-3.131032551,171.428448143,170.548403092,0.342856896
20,2020-01-01T20:00:00+00:00,distributed_committable,31,A29,117,118,true,500,-27.144426227,-30.028343514,27.173519259,27.031311012,40.478652267,38.328734964,0.080957305
20,2020-01-01T20:00:00+00:00,distributed_committable,32,A30,117,122,true,500,-180.211236489,9.739612924,184.551813416,-1.106947417,180.474235881,184.555133139,0.369110266
20,2020-01-01T20:00:00+00:00,distributed_committable,33,A31-1,118,121,true,500,-83.964109674,-27.887006324,84.178924908,23.80498955,88.47404611,87.480105888,0.176948092
20,2020-01-01T20:00:00+00:00,distributed_committable,34,A31-2,118,121,true,500,-83.964109674,-27.887006324,84.178924908,23.80498955,88.47404611,87.480105888,0.176948092
20,2020-01-01T20:00:00+00:00,distributed_committable,35,A32-1,119,120,true,500,47.006675848,-6.25418933,-46.899076826,-1.411097027,47.420907398,46.920300532,0.094841815
20,2020-01-01T20:00:00+00:00,distributed_committable,36,A32-2,119,120,true,500,47.006675848,-6.25418933,-46.899076826,-1.411097027,47.420907398,46.920300532,0.094841815
20,2020-01-01T20:00:00+00:00,distributed_committable,37,A33-1,120,123,true,500,19.847122466,-4.083831231,-19.835516121,-0.549048062,20.262920513,19.843113505,0.040525841
20,2020-01-01T20:00:00+00:00,distributed_committable,38,A33-2,120,123,true,500,19.847122466,-4.083831231,-19.835516121,-0.549048062,20.262920513,19.843113505,0.040525841
20,2020-01-01T20:00:00+00:00,distributed_committable,39,A34,121,122,true,500,-244.846799851,35.034793145,249.948186465,-12.057238242,247.340639863,250.238831741,0.500477663
20,2020-01-01T20:00:00+00:00,distributed_committable,40,AB3,123,217,true,500,75.822632096,-18.159572477,-75.251819439,6.46492575,77.966926389,75.529011604,0.155933853
20,2020-01-01T20:00:00+00:00,distributed_committable,41,B1,201,202,true,175,-45.664479921,-19.358299954,45.72421176,-29.272647442,49.598271175,54.291725238,0.31023843
20,2020-01-01T20:00:00+00:00,distributed_committable,42,B2,201,203,true,175,-26.327687529,12.405827108,26.810712922,-16.505188573,29.104152227,31.483893933,0.179907965
20,2020-01-01T20:00:00+00:00,distributed_committable,43,B3,201,205,true,175,29.323648662,-13.633293317,-29.113252643,11.997289301,32.337950732,31.488353879,0.18478829
20,2020-01-01T20:00:00+00:00,distributed_committable,44,B4,202,204,true,175,18.729621709,3.881632356,-18.610526973,-6.988317281,19.127618751,19.879343365,0.113596248
20,2020-01-01T20:00:00+00:00,distributed_committable,45,B5,202,206,true,175,26.494283683,-16.220208189,-26.078356906,12.222894285,31.065128707,28.800691721,0.177515021
20,2020-01-01T20:00:00+00:00,distributed_committable,46,B6,203,209,true,175,46.774126009,-18.235737668,-46.031590845,17.772981143,50.203197032,49.343552917,0.286875412
20,2020-01-01T20:00:00+00:00,distributed_committable,47,B7,203,224,true,400,-81.144596147,0.29718256,81.276533291,5.244177468,81.145140343,81.445541689,0.203613854
20,2020-01-01T20:00:00+00:00,distributed_committable,48,B8,204,209,true,175,-16.997532202,-0.229532559,17.073257523,-2.387776384,16.999081921,17.239419901,0.098510971
20,2020-01-01T20:00:00+00:00,distributed_committable,49,B9,205,210,true,175,-5.051236566,-18.733949151,5.122234247,16.399543539,19.40298538,17.180870524,0.110874202
20,2020-01-01T20:00:00+00:00,distributed_committable,50,B10,206,210,true,175,-39.3634816,-134.70555505,39.562539936,-134.006476477,140.339125852,139.724479974,0.801937862
20,2020-01-01T20:00:00+00:00,distributed_committable,51,B11,207,208,true,175,-60.14874864,-12.029749728,60.80155912,12.929031148,61.339928607,62.160996113,0.355205692
20,2020-01-01T20:00:00+00:00,distributed_committable,52,B12-1,208,209,true,175,-76.360952353,-4.140284731,78.995583999,9.761753267,76.473112935,79.596445386,0.454836831
20,2020-01-01T20:00:00+00:00,distributed_committable,53,B13-2,208,210,true,175,-66.724094905,-25.630396037,68.983415576,29.67651071,71.477423302,75.095984663,0.429119912
20,2020-01-01T20:00:00+00:00,distributed_committable,54,B14,209,211,true,400,-52.540496694,-21.354874165,52.605968594,24.104693958,56.714499411,57.865570096,0.144663925
20,2020-01-01T20:00:00+00:00,distributed_committable,55,B15,209,212,true,400,-81.705002059,-21.114923472,81.849959697,27.203144261,84.389260897,86.252112787,0.215630282
20,2020-01-01T20:00:00+00:00,distributed_committable,56,B16,210,211,true,400,-88.541387515,33.787396383,88.709235522,-26.737780102,94.769011061,92.651159473,0.236922528
20,2020-01-01T20:00:00+00:00,distributed_committable,57,B17,210,212,true,400,-118.958850107,34.89542628,119.246077755,-22.831865079,123.971362798,121.412195116,0.309928407
20,2020-01-01T20:00:00+00:00,distributed_committable,58,B18,211,213,true,500,-63.623625984,3.0619899,63.864997652,-11.363235539,63.697264977,64.868027926,0.129736056
20,2020-01-01T20:00:00+00:00,distributed_committable,59,B19,211,214,true,500,-77.691578125,-0.428903756,77.987443111,-6.11077772,77.692762018,78.226484564,0.156452969
20,2020-01-01T20:00:00+00:00,distributed_committable,60,B20,212,213,true,500,-12.180118765,-0.608747099,12.189986953,-9.562372922,12.195321486,15.493055147,0.03098611
20,2020-01-01T20:00:00+00:00,distributed_committable,61,B21,212,223,true,500,-188.915918657,-3.762532087,193.093536436,16.028422815,188.95338306,193.75764282,0.387515286
20,2020-01-01T20:00:00+00:00,distributed_committable,62,B22,213,223,true,500,-203.570331691,-5.058650953,208.025738513,21.044015212,203.633174838,209.087442139,0.418174884
20,2020-01-01T20:00:00+00:00,distributed_committable,63,B23,214,216,true,500,-171.338300648,15.464651812,172.784625707,-6.846412066,172.034789286,172.920213506,0.345840427
20,2020-01-01T20:00:00+00:00,distributed_committable,64,B24,215,216,true,500,-41.683167265,-37.383308793,41.742104096,34.192838848,55.991054728,53.958812837,0.111982109
20,2020-01-01T20:00:00+00:00,distributed_committable,65,B25-1,215,221,true,500,-60.294397386,-4.99652672,60.508568563,-3.785216147,60.501071358,60.626848267,0.121253697
20,2020-01-01T20:00:00+00:00,distributed_committable,66,B25-2,215,221,true,500,-60.294397386,-4.99652672,60.508568563,-3.785216147,60.501071358,60.626848267,0.121253697
20,2020-01-01T20:00:00+00:00,distributed_committable,67,B26,215,224,true,500,81.73640267,-2.370523812,-81.27653329,-5.244177468,81.770770478,81.445541689,0.163541541
20,2020-01-01T20:00:00+00:00,distributed_committable,68,B27,216,217,true,500,-55.191997432,11.138701869,55.28619887,-15.989750853,56.304771199,57.552027921,0.115104056
20,2020-01-01T20:00:00+00:00,distributed_committable,69,B28,216,219,true,500,-75.556785224,-32.64106136,75.749038501,29.010755362,82.305933444,81.114368398,0.164611867
20,2020-01-01T20:00:00+00:00,distributed_committable,70,B29,217,218,true,500,46.634601436,18.43644257,-46.584552493,-21.160715671,50.146669538,51.165383011,0.102330766
20,2020-01-01T20:00:00+00:00,distributed_committable,71,B30,217,222,true,500,-26.668980863,-8.911617471,26.766607069,-13.121941941,28.11852532,29.810008626,0.059620017
20,2020-01-01T20:00:00+00:00,distributed_committable,72,B31-1,218,221,true,500,-56.825856563,-5.780101797,56.920983306,0.973890964,57.119064688,56.929314102,0.114238129
20,2020-01-01T20:00:00+00:00,distributed_committable,73,B31-2,218,221,true,500,-56.825856563,-5.780101797,56.920983306,0.973890964,57.119064688,56.929314102,0.114238129
20,2020-01-01T20:00:00+00:00,distributed_committable,74,B32-1,219,220,true,500,-81.422213192,-23.40739248,81.754848295,17.243266689,84.720026108,83.553488652,0.169440052
20,2020-01-01T20:00:00+00:00,distributed_committable,75,B32-2,219,220,true,500,-81.422213192,-23.40739248,81.754848295,17.243266689,84.720026108,83.553488652,0.169440052
20,2020-01-01T20:00:00+00:00,distributed_committable,76,B33-1,220,223,true,500,-112.551007586,-23.498736545,112.916689264,21.194874898,114.977910609,114.888647987,0.229955821
20,2020-01-01T20:00:00+00:00,distributed_committable,77,B33-2,220,223,true,500,-112.551007586,-23.498736545,112.916689264,21.194874898,114.977910609,114.888647987,0.229955821
20,2020-01-01T20:00:00+00:00,distributed_committable,78,B34,221,222,true,500,-28.959845871,-7.093042046,29.03339263,-6.963156591,29.81583335,29.856715113,0.05971343
20,2020-01-01T20:00:00+00:00,distributed_committable,79,C1,301,302,true,175,33.635105241,-33.394269694,-33.600240184,-14.732043112,47.397231491,36.68799851,0.270841323
20,2020-01-01T20:00:00+00:00,distributed_committable,80,C2,301,303,true,175,-93.709989621,26.772021742,98.787272797,-13.323664208,97.459239187,99.681719962,0.569609828
20,2020-01-01T20:00:00+00:00,distributed_committable,81,C3,301,305,true,175,-4.943780606,-6.622294916,4.955082453,4.244295611,8.264124674,6.524330414,0.04722357
20,2020-01-01T20:00:00+00:00,distributed_committable,82,C4,302,304,true,175,-24.059522129,13.530442331,24.315674073,-16.070258252,27.60314248,29.146272591,0.166550129
20,2020-01-01T20:00:00+00:00,distributed_committable,83,C5,302,306,true,175,-0.736631238,-10.838892735,0.768312558,5.428497569,10.86389531,5.482598841,0.062079402
20,2020-01-01T20:00:00+00:00,distributed_committable,84,C6,303,309,true,175,88.686841522,-12.709122473,-86.369978782,18.211420821,89.592843761,88.269072064,0.511959107
20,2020-01-01T20:00:00+00:00,distributed_committable,85,C7,303,324,true,400,-122.93855596,3.757873677,123.230254716,8.493474058,122.995976179,123.522608372,0.308806521
20,2020-01-01T20:00:00+00:00,distributed_committable,86,C8,304,309,true,175,-68.865500082,7.039888115,70.132290887,-5.068459532,69.2243969,70.31520111,0.401801149
20,2020-01-01T20:00:00+00:00,distributed_committable,87,C9,305,310,true,175,-47.698834434,-12.672641072,48.221400443,12.078691095,49.353567633,49.711148038,0.284063703
20,2020-01-01T20:00:00+00:00,distributed_committable,88,C10,306,310,true,175,-82.643668465,-130.278109749,83.529903462,-134.190108295,154.280140709,158.064005822,0.90322289
20,2020-01-01T20:00:00+00:00,distributed_committable,89,C11,307,308,true,175,-44.276512621,3.949348548,44.604878547,-4.347989969,44.452299422,44.81629399,0.256093109
20,2020-01-01T20:00:00+00:00,distributed_committable,90,C12-1,308,309,true,175,-88.391764522,5.037098779,91.858881484,3.707180916,88.53517041,91.933657046,0.525335183
20,2020-01-01T20:00:00+00:00,distributed_committable,91,C13-2,308,310,true,175,-59.159333584,-21.759972462,60.870815847,23.651819575,63.03430139,65.304401009,0.373168006
20,2020-01-01T20:00:00+00:00,distributed_committable,92,C14,309,311,true,400,-76.104123286,-23.137770665,76.231849426,28.502268556,79.543661045,81.385958124,0.203464895
20,2020-01-01T20:00:00+00:00,distributed_committable,93,C15,309,312,true,400,-77.471388567,-15.385259869,77.597324704,20.674577612,78.984316594,80.304314707,0.200760787
20,2020-01-01T20:00:00+00:00,distributed_committable,94,C16,310,311,true,400,-154.547000221,33.124635399,155.01388636,-13.515417553,158.057004741,155.601964885,0.395142512
20,2020-01-01T20:00:00+00:00,distributed_committable,95,C17,310,312,true,400,-155.46993131,41.253975195,155.953465012,-20.945559716,160.850209857,157.353740728,0.402125525
20,2020-01-01T20:00:00+00:00,distributed_committable,96,C18,311,313,true,500,-94.785289513,8.866991291,95.316451211,-14.989154358,95.199131522,96.487826278,0.192975653
20,2020-01-01T20:00:00+00:00,distributed_committable,97,C19,311,314,true,500,-136.460446272,-23.853842295,137.376091884,22.272431041,138.529632891,139.169866731,0.278339733
20,2020-01-01T20:00:00+00:00,distributed_committable,98,C20,312,313,true,500,-92.29399601,-5.085470134,92.793042291,-1.228452697,92.433996484,92.80117345,0.185602347
20,2020-01-01T20:00:00+00:00,distributed_committable,99,C21,312,323,true,500,-141.256793691,5.356452235,143.623854375,-7.237865407,141.358315441,143.806113365,0.287612227
20,2020-01-01T20:00:00+00:00,distributed_committable,100,C22,313,323,true,500,-107.828763152,3.939355942,109.080937461,-12.995156404,107.900698274,109.85228722,0.219704574
20,2020-01-01T20:00:00+00:00,distributed_committable,101,C23,314,316,true,500,-254.168878985,30.577836923,257.243941988,-3.091955214,256.00160772,257.262523265,0.514525047
20,2020-01-01T20:00:00+00:00,distributed_committable,102,C24,315,316,true,500,27.736557064,-21.927373166,-27.71470598,18.249759823,35.357125049,33.18371078,0.07071425
20,2020-01-01T20:00:00+00:00,distributed_committable,103,C25-1,315,321,true,500,-171.412637114,-10.556668449,173.061221451,12.830235321,171.737402482,173.536167149,0.347072334
20,2020-01-01T20:00:00+00:00,distributed_committable,104,C25-2,315,321,true,500,-171.412637114,-10.556668449,173.061221451,12.830235321,171.737402482,173.536167149,0.347072334
20,2020-01-01T20:00:00+00:00,distributed_committable,105,C26,315,324,true,500,124.24689494,4.511130814,-123.230254716,-8.493474058,124.328762575,123.522608371,0.248657525
20,2020-01-01T20:00:00+00:00,distributed_committable,106,C27,316,317,true,500,-454.662004542,29.213835253,460.454291396,15.002527032,455.599590149,460.69863282,0.921397266
20,2020-01-01T20:00:00+00:00,distributed_committable,107,C28,316,319,true,500,196.773935173,23.587807981,-195.675221787,-20.383152054,198.1826588,196.733996323,0.396365318
20,2020-01-01T20:00:00+00:00,distributed_committable,108,C29,317,318,true,500,222.004365895,-8.801478896,-221.10715591,11.791552282,222.178767004,221.421351951,0.444357534
20,2020-01-01T20:00:00+00:00,distributed_committable,109,C30,317,322,true,500,-46.358657294,-6.201048136,46.636743861,-16.048596273,46.771552295,49.320820353,0.098641641
20,2020-01-01T20:00:00+00:00,distributed_committable,110,C31-1,318,321,true,500,-4.328307626,-19.188937584,4.336002514,13.21577802,19.671033845,13.908907451,0.039342068
20,2020-01-01T20:00:00+00:00,distributed_committable,111,C31-2,318,321,true,500,-4.328307626,-19.188937584,4.336002514,13.21577802,19.671033845,13.908907451,0.039342068
20,2020-01-01T20:00:00+00:00,distributed_committable,112,C32-1,319,320,true,500,43.354377741,-0.945880475,-43.264664611,-7.057398545,43.364694847,43.836492539,0.087672985
20,2020-01-01T20:00:00+00:00,distributed_committable,113,C32-2,319,320,true,500,43.354377741,-0.945880475,-43.264664611,-7.057398545,43.364694847,43.836492539,0.087672985
20,2020-01-01T20:00:00+00:00,distributed_committable,114,C33-1,320,323,true,500,4.735085369,-0.768922241,-4.734366099,-4.04119954,4.797111096,6.224589631,0.012449179
20,2020-01-01T20:00:00+00:00,distributed_committable,115,C33-2,320,323,true,500,4.735085369,-0.768922241,-4.734366099,-4.04119954,4.797111096,6.224589631,0.012449179
20,2020-01-01T20:00:00+00:00,distributed_committable,116,C34,321,322,true,500,-115.444010192,11.753952384,116.563256139,-18.952926927,116.040832838,118.094056247,0.236188112
20,2020-01-01T20:00:00+00:00,distributed_committable,117,CA-1,325,121,true,500,-243.236059014,23.157454668,250.182636827,11.358097942,244.335932911,250.440328539,0.500880657
20,2020-01-01T20:00:00+00:00,distributed_committable,118,CB-1,318,223,true,500,29.289554129,-14.351355067,-29.186893534,-8.65390342,32.616550605,30.442811936,0.065233101
20,2020-01-01T20:00:00+00:00,distributed_committable,119,C35,323,325,true,722,-243.236059599,28.315420898,243.236059599,-23.157454763,244.878630651,244.335933502,0.339167078
22,2020-01-01T22:00:00+00:00,reference_provider,0,A1,101,102,true,175,14.966812357,-24.120344786,-14.960399997,-24.142059972,28.386554999,28.401630723,0.162295033
22,2020-01-01T22:00:00+00:00,reference_provider,1,A2,101,103,true,175,28.922783961,-7.791955218,-28.471652596,3.570781395,29.953998033,28.694694306,0.171165703
22,2020-01-01T22:00:00+00:00,reference_provider,2,A3,101,105,true,175,69.033214175,-26.047854489,-67.903257761,27.984987211,73.783977819,73.443937284,0.42162273
22,2020-01-01T22:00:00+00:00,reference_provider,3,A4,102,104,true,175,51.628259399,-8.87207803,-50.772369962,8.625513769,52.385025886,51.499835333,0.299343005
22,2020-01-01T22:00:00+00:00,reference_provider,4,A5,102,106,true,175,49.568368535,-24.222364848,-48.174395993,24.015967498,55.170156045,53.828794564,0.315258035
22,2020-01-01T22:00:00+00:00,reference_provider,5,A6,103,109,true,175,26.682193496,-11.986835865,-26.438307911,9.579114868,29.251045858,28.120162994,0.167148833
22,2020-01-01T22:00:00+00:00,reference_provider,6,A7,103,124,true,400,-63.339190075,-4.971501194,63.419134187,8.329153877,63.533997384,63.963750557,0.159909376
22,2020-01-01T22:00:00+00:00,reference_provider,7,A8,104,109,true,175,23.997258633,-14.052901201,-23.805689636,11.871666723,27.809215272,26.601641487,0.158909802
22,2020-01-01T22:00:00+00:00,reference_provider,8,A9,105,110,true,175,42.213623918,-33.050548814,-41.610082903,32.760159002,53.612767334,52.958729375,0.30635867
22,2020-01-01T22:00:00+00:00,reference_provider,9,A10,106,110,true,175,-1.033916719,-143.254065899,1.044696051,-126.398367567,143.257796927,126.402684755,0.818615982
22,2020-01-01T22:00:00+00:00,reference_provider,10,A11,107,108,true,175,80.330823534,-4.711367814,-79.370797746,6.554958803,80.468864763,79.641013427,0.459822084
22,2020-01-01T22:00:00+00:00,reference_provider,11,AB1,107,203,true,175,155.16366631,-2.281679718,-145.782438015,33.651723702,155.180441438,149.616034373,0.88674538
22,2020-01-01T22:00:00+00:00,reference_provider,12,A12-1,108,109,true,175,8.323736832,-1.583632076,-8.295349772,-3.052180046,8.473044636,8.839040155,0.050508801
22,2020-01-01T22:00:00+00:00,reference_provider,13,A13-2,108,110,true,175,9.174844262,-17.635230741,-9.046231448,13.264944838,19.879112921,16.055935506,0.113594931
22,2020-01-01T22:00:00+00:00,reference_provider,14,A14,109,111,true,400,-6.366187631,-11.598385188,6.369726394,11.747013258,13.230679647,13.362849053,0.033407123
22,2020-01-01T22:00:00+00:00,reference_provider,15,A15,109,112,true,400,1.586014931,-19.825946195,-1.57801796,20.161818963,19.889283192,20.223478548,0.050558696
22,2020-01-01T22:00:00+00:00,reference_provider,16,A16,110,111,true,400,-14.57584652,37.259028412,14.605761647,-36.002593078,40.008630318,38.852477162,0.100021576
22,2020-01-01T22:00:00+00:00,reference_provider,17,A17,110,112,true,400,-6.368571775,28.641202162,6.384660613,-27.965470975,29.340708372,28.685038923,0.073351771
22,2020-01-01T22:00:00+00:00,reference_provider,18,A18,111,113,true,500,31.865796423,-9.713709342,-31.804130659,0.11056297,33.313437692,31.804322837,0.066626875
22,2020-01-01T22:00:00+00:00,reference_provider,19,A19,111,114,true,500,-52.841284454,33.969289162,53.052715179,-40.958833659,62.81810208,67.024000497,0.134048001
22,2020-01-01T22:00:00+00:00,reference_provider,20,A20,112,113,true,500,19.559854804,5.85638294,-19.530352597,-15.785145721,20.417765331,25.111859708,0.050223719
22,2020-01-01T22:00:00+00:00,reference_provider,21,A21,112,123,true,500,-24.366497447,1.947269071,24.453985992,-21.827778545,24.44418243,32.778794168,0.065557588
22,2020-01-01T22:00:00+00:00,reference_provider,22,A22,113,123,true,500,-37.614312678,-1.138959095,37.77545127,-15.92837451,37.631552533,40.996314873,0.08199263
22,2020-01-01T22:00:00+00:00,reference_provider,23,AB2,113,215,true,500,93.064951321,-2.725052906,-92.204766088,-6.612668632,93.104839175,92.441583045,0.186209678
22,2020-01-01T22:00:00+00:00,reference_provider,24,A23,114,116,true,500,-123.246925952,-23.152361312,124.038170081,24.262856181,125.402697702,126.388899145,0.252777798
22,2020-01-01T22:00:00+00:00,reference_provider,25,A24,115,116,true,500,103.782563719,25.018099064,-103.560761642,-26.840404531,106.755448634,106.982422235,0.213964844
22,2020-01-01T22:00:00+00:00,reference_provider,26,A25-1,115,121,true,500,-141.088031473,-23.66230573,142.259898663,22.353662732,143.058510189,144.005433943,0.288010868
22,2020-01-01T22:00:00+00:00,reference_provider,27,A25-2,115,121,true,500,-141.088031473,-23.66230573,142.259898663,22.353662732,143.058510189,144.005433943,0.288010868
22,2020-01-01T22:00:00+00:00,reference_provider,28,A26,115,124,true,500,63.694711576,-0.850340651,-63.41913418,-8.329153878,63.700387456,63.96375055,0.127927501
22,2020-01-01T22:00:00+00:00,reference_provider,29,A27,116,117,true,500,-250.545855891,-8.583646525,252.386947703,18.84985935,250.692849703,253.08988239,0.506179765
22,2020-01-01T22:00:00+00:00,reference_provider,30,A28,116,119,true,500,193.885864635,3.924678297,-192.782698877,-0.450889388,193.925582647,192.783226157,0.387851165
22,2020-01-01T22:00:00+00:00,reference_provider,31,A29,117,118,true,500,-19.76124916,-39.420419727,19.796122769,36.510453634,44.096218203,41.531911842,0.088192436
22,2020-01-01T22:00:00+00:00,reference_provider,32,A30,117,122,true,500,-232.625698541,20.570560379,240.00919504,11.068622404,233.533431388,240.264288036,0.480528576
22,2020-01-01T22:00:00+00:00,reference_provider,33,A31-1,118,121,true,500,-70.142061851,-30.557304995,70.303388108,26.08944132,76.509200292,74.988167919,0.153018401
22,2020-01-01T22:00:00+00:00,reference_provider,34,A31-2,118,121,true,500,-70.142061851,-30.557304995,70.303388108,26.08944132,76.509200292,74.988167919,0.153018401
22,2020-01-01T22:00:00+00:00,reference_provider,35,A32-1,119,120,true,500,63.646111951,-6.468333139,-63.445478642,-0.300067908,63.973954857,63.44618823,0.12794791
22,2020-01-01T22:00:00+00:00,reference_provider,36,A32-2,119,120,true,500,63.646111951,-6.468333139,-63.445478642,-0.300067908,63.973954857,63.44618823,0.12794791
22,2020-01-01T22:00:00+00:00,reference_provider,37,A33-1,120,123,true,500,40.28862561,-4.403667866,-40.240134457,0.130772016,40.528578117,40.240346948,0.081057156
22,2020-01-01T22:00:00+00:00,reference_provider,38,A33-2,120,123,true,500,40.28862561,-4.403667866,-40.240134457,0.130772016,40.528578117,40.240346948,0.081057156
22,2020-01-01T22:00:00+00:00,reference_provider,39,A34,121,122,true,500,-334.415537539,54.347274479,344.090804939,3.287201043,338.802860068,344.106506382,0.688213013
22,2020-01-01T22:00:00+00:00,reference_provider,40,AB3,123,217,true,500,111.250831654,-12.505372803,-110.017700304,6.110611189,111.95147115,110.187267637,0.223902942
22,2020-01-01T22:00:00+00:00,reference_provider,41,B1,201,202,true,175,30.245532592,-40.604700026,-30.211853975,-7.83186092,50.631352994,31.21048167,0.289322017
22,2020-01-01T22:00:00+00:00,reference_provider,42,B2,201,203,true,175,-66.907006033,30.787577256,69.842298588,-25.402835935,73.650677999,74.318576047,0.424677577
22,2020-01-01T22:00:00+00:00,reference_provider,43,B3,201,205,true,175,-0.121101724,-9.529306991,0.135566779,7.147597132,9.530076461,7.148882648,0.05445758
22,2020-01-01T22:00:00+00:00,reference_provider,44,B4,202,204,true,175,-12.413838196,12.045513989,12.521904754,-15.17339898,17.29733465,19.673081489,0.112417609
22,2020-01-01T22:00:00+00:00,reference_provider,45,B5,202,206,true,175,1.416342253,-12.710426248,-1.368340441,7.309425793,12.789095385,7.436401078,0.073080545
22,2020-01-01T22:00:00+00:00,reference_provider,46,B6,203,209,true,175,73.503289473,-27.331072201,-71.640361186,31.213671041,78.4201573,78.144958959,0.448115185
22,2020-01-01T22:00:00+00:00,reference_provider,47,B7,203,224,true,400,-74.034108613,3.36315404,74.146256494,1.347056998,74.110458393,74.158491858,0.18539623
22,2020-01-01T22:00:00+00:00,reference_provider,48,B8,204,209,true,175,-43.959965516,8.800819096,44.49450538,-9.629911305,44.832276152,45.524676834,0.26014101
22,2020-01-01T22:00:00+00:00,reference_provider,49,B9,205,210,true,175,-30.299111564,-13.095338357,30.527103007,11.364315975,33.00793917,32.573788474,0.188616795
22,2020-01-01T22:00:00+00:00,reference_provider,50,B10,206,210,true,175,-56.409717176,-128.476632543,56.821824416,-139.62971478,140.315007399,150.74872132,0.861421265
22,2020-01-01T22:00:00+00:00,reference_provider,51,B11,207,208,true,175,-53.104832368,-10.620966474,53.603837187,10.907898673,54.156515303,54.702409587,0.312585198
22,2020-01-01T22:00:00+00:00,reference_provider,52,B12-1,208,209,true,175,-71.430933951,0.380569496,73.706448627,3.852789333,71.431947743,73.807076591,0.421754723
22,2020-01-01T22:00:00+00:00,reference_provider,53,B13-2,208,210,true,175,-54.820313915,-26.157821232,56.415112029,27.62457797,60.741241586,62.81546126,0.358945493
22,2020-01-01T22:00:00+00:00,reference_provider,54,B14,209,211,true,400,-50.466273184,-19.642532818,50.52646356,22.170528586,54.154167195,55.176587948,0.13794147
22,2020-01-01T22:00:00+00:00,reference_provider,55,B15,209,212,true,400,-70.441084952,-21.088207973,70.552051549,25.748805025,73.52998684,75.103880978,0.187759702
22,2020-01-01T22:00:00+00:00,reference_provider,56,B16,210,211,true,400,-102.815054924,42.145199415,103.045809506,-32.453506992,111.117745445,108.03549867,0.277794364
22,2020-01-01T22:00:00+00:00,reference_provider,57,B17,210,212,true,400,-123.792523022,41.502075061,124.111112722,-28.121307646,130.564202561,127.257126499,0.326410506
22,2020-01-01T22:00:00+00:00,reference_provider,58,B18,211,213,true,500,-53.991088594,1.281321067,54.166367319,-10.00056351,54.006290663,55.0818175,0.110163635
22,2020-01-01T22:00:00+00:00,reference_provider,59,B19,211,214,true,500,-99.581184472,9.001657339,100.080260192,-13.713530728,99.98720986,101.015441419,0.202030883
22,2020-01-01T22:00:00+00:00,reference_provider,60,B20,212,213,true,500,-18.70935336,1.457416429,18.732536971,-11.418520427,18.766032234,21.938335172,0.04387667
22,2020-01-01T22:00:00+00:00,reference_provider,61,B21,212,223,true,500,-175.953810909,0.915086192,179.623107429,7.603586686,175.956190446,179.783968287,0.359567937
22,2020-01-01T22:00:00+00:00,reference_provider,62,B22,213,223,true,500,-185.481148909,-1.522203646,189.224530582,12.210409591,185.487395002,189.618082145,0.379236164
22,2020-01-01T22:00:00+00:00,reference_provider,63,B23,214,216,true,500,-182.498959984,30.518163498,184.203798204,-18.656017529,185.033047584,185.146121382,0.370292243
22,2020-01-01T22:00:00+00:00,reference_provider,64,B24,215,216,true,500,15.10725003,-41.11742272,-15.071323528,37.841024034,43.804925004,40.731902641,0.08760985
22,2020-01-01T22:00:00+00:00,reference_provider,65,B25-1,215,221,true,500,-52.408061129,-1.497334076,52.575554135,-7.334374668,52.429446694,53.084667695,0.106169335
22,2020-01-01T22:00:00+00:00,reference_provider,66,B25-2,215,221,true,500,-52.408061129,-1.497334076,52.575554135,-7.334374668,52.429446694,53.084667695,0.106169335
22,2020-01-01T22:00:00+00:00,reference_provider,67,B26,215,224,true,500,74.539785372,-6.462166269,-74.146256428,-1.347057007,74.819377144,74.158491792,0.149638754
22,2020-01-01T22:00:00+00:00,reference_provider,68,B27,216,217,true,500,-87.39722643,16.581554561,87.637266479,-19.996904524,88.956299042,89.889747282,0.179779495
22,2020-01-01T22:00:00+00:00,reference_provider,69,B28,216,219,true,500,-12.822376272,-49.967762211,12.894939505,45.561718447,51.586728852,47.35134267,0.103173458
22,2020-01-01T22:00:00+00:00,reference_provider,70,B29,217,218,true,500,47.108466832,20.876360814,-47.053913616,-23.473606711,51.526984077,52.584037488,0.105168075
22,2020-01-01T22:00:00+00:00,reference_provider,71,B30,217,222,true,500,-24.72803195,-6.990067553,24.816166488,-14.375384346,25.697015556,28.679152607,0.057358305
22,2020-01-01T22:00:00+00:00,reference_provider,72,B31-1,218,221,true,500,-47.208679082,-2.707711067,47.276283018,-2.154043637,47.28626735,47.325329793,0.09465066
22,2020-01-01T22:00:00+00:00,reference_provider,73,B31-2,218,221,true,500,-47.208679082,-2.707711067,47.276283018,-2.154043637,47.28626735,47.325329793,0.09465066
22,2020-01-01T22:00:00+00:00,reference_provider,74,B32-1,219,220,true,500,-44.895368371,-30.640374415,45.027778824,23.091553346,54.354637755,50.603564121,0.108709276
22,2020-01-01T22:00:00+00:00,reference_provider,75,B32-2,219,220,true,500,-44.895368371,-30.640374415,45.027778824,23.091553346,54.354637755,50.603564121,0.108709276
22,2020-01-01T22:00:00+00:00,reference_provider,76,B33-1,220,223,true,500,-72.217452991,-28.614455912,72.386052559,24.98310521,77.679776027,76.576080802,0.155359552
22,2020-01-01T22:00:00+00:00,reference_provider,77,B33-2,220,223,true,500,-72.217452991,-28.614455912,72.386052559,24.98310521,77.679776027,76.576080802,0.155359552
22,2020-01-01T22:00:00+00:00,reference_provider,78,B34,221,222,true,500,-29.70367658,-5.95447871,29.783834393,-7.556328638,30.2946236,30.727429011,0.061454858
22,2020-01-01T22:00:00+00:00,reference_provider,79,C1,301,302,true,175,36.90994656,-34.576850898,-36.868610122,-14.228123081,50.575713274,39.518779064,0.289004076
22,2020-01-01T22:00:00+00:00,reference_provider,80,C2,301,303,true,175,-94.891011133,29.145922533,100.087713926,-15.304528081,99.26625204,101.25106942,0.57857754
22,2020-01-01T22:00:00+00:00,reference_provider,81,C3,301,305,true,175,2.460659633,-5.878783752,-2.4549158,3.449247205,6.372985504,4.233664827,0.03641706
22,2020-01-01T22:00:00+00:00,reference_provider,82,C4,302,304,true,175,-16.537280073,14.347646323,16.70317325,-17.274287817,21.89375681,24.029086878,0.137309068
22,2020-01-01T22:00:00+00:00,reference_provider,83,C5,302,306,true,175,3.540341315,-10.401079713,-3.507019127,4.932780685,10.987104979,6.052396917,0.062783457
22,2020-01-01T22:00:00+00:00,reference_provider,84,C6,303,309,true,175,111.188779719,-9.900762095,-107.607928234,20.254389,111.628714162,109.497518203,0.637878367
22,2020-01-01T22:00:00+00:00,reference_provider,85,C7,303,324,true,400,-47.110501877,6.184410707,47.153731058,-4.368785095,47.514695863,47.355682193,0.11878674
22,2020-01-01T22:00:00+00:00,reference_provider,86,C8,304,309,true,175,-54.74493219,9.563120464,55.559231595,-9.335750855,55.573922603,56.338126162,0.321932149
22,2020-01-01T22:00:00+00:00,reference_provider,87,C9,305,310,true,175,-34.044609669,-10.646336734,34.312743774,9.065965922,35.670435004,35.490225745,0.203831057
22,2020-01-01T22:00:00+00:00,reference_provider,88,C10,306,310,true,175,-66.407564871,-128.249639906,66.978517736,-138.735446419,144.422764161,154.057281331,0.880327322
22,2020-01-01T22:00:00+00:00,reference_provider,89,C11,307,308,true,175,-64.259727939,-12.851945588,65.015905265,14.16541847,65.532321339,66.541167843,0.380235245
22,2020-01-01T22:00:00+00:00,reference_provider,90,C12-1,308,309,true,175,-88.5993195,-2.676243781,92.183483221,11.961228102,88.639729787,92.956256145,0.531178607
22,2020-01-01T22:00:00+00:00,reference_provider,91,C13-2,308,310,true,175,-64.323893585,-29.481898512,66.554839401,33.442830157,70.758360819,74.484693304,0.425626819
22,2020-01-01T22:00:00+00:00,reference_provider,92,C14,309,311,true,400,-58.929738402,-25.36761562,59.013390215,28.880991772,64.157852133,65.701536591,0.164253841
22,2020-01-01T22:00:00+00:00,reference_provider,93,C15,309,312,true,400,-69.868667294,-16.019052274,69.973088853,20.404757737,71.68152276,72.887497569,0.182218744
22,2020-01-01T22:00:00+00:00,reference_provider,94,C16,310,311,true,400,-128.618600681,32.651444331,128.947690734,-18.829662092,132.698384534,130.315245156,0.331745961
22,2020-01-01T22:00:00+00:00,reference_provider,95,C17,310,312,true,400,-139.472675814,43.012093069,139.870799002,-26.290919208,145.954333437,142.320247492,0.364885834
22,2020-01-01T22:00:00+00:00,reference_provider,96,C18,311,313,true,500,-103.840374612,13.407982836,104.487289663,-18.539071384,104.702423101,106.119229496,0.212238459
22,2020-01-01T22:00:00+00:00,reference_provider,97,C19,311,314,true,500,-84.120706337,-23.459312515,84.480868553,17.289926531,87.330593599,86.232005142,0.174661187
22,2020-01-01T22:00:00+00:00,reference_provider,98,C20,312,313,true,500,-84.674281944,-4.96614977,85.097056932,-1.885384999,84.819789356,85.117940383,0.170235881
22,2020-01-01T22:00:00+00:00,reference_provider,99,C21,312,323,true,500,-125.169605909,10.852311242,127.070217834,-16.186255585,125.63917742,128.096975492,0.256193951
22,2020-01-01T22:00:00+00:00,reference_provider,100,C22,313,323,true,500,-94.148303023,10.894854704,95.139523669,-21.717739736,94.776583717,97.586828943,0.195173658
22,2020-01-01T22:00:00+00:00,reference_provider,101,C23,314,316,true,500,-184.211966313,41.910545268,185.917289262,-30.361306754,188.91940699,188.380061032,0.377838814
22,2020-01-01T22:00:00+00:00,reference_provider,102,C24,315,316,true,500,13.142936862,-0.880977195,-13.139578143,-2.812472311,13.172429926,13.437206342,0.026874413
22,2020-01-01T22:00:00+00:00,reference_provider,103,C25-1,315,321,true,500,-111.708065339,-8.76222543,112.432631076,3.924530514,112.051186769,112.501104308,0.225002209
22,2020-01-01T22:00:00+00:00,reference_provider,104,C25-2,315,321,true,500,-111.708065339,-8.76222543,112.432631076,3.924530514,112.051186769,112.501104308,0.225002209
22,2020-01-01T22:00:00+00:00,reference_provider,105,C26,315,324,true,500,47.310523765,-14.495552649,-47.153731058,4.368785095,49.48137736,47.355682193,0.098962755
22,2020-01-01T22:00:00+00:00,reference_provider,106,C27,316,317,true,500,-407.082328352,10.481662178,411.897995796,25.491730704,407.217248282,412.686063825,0.825372128
22,2020-01-01T22:00:00+00:00,reference_provider,107,C28,316,319,true,500,82.896834885,12.410560418,-82.690871751,-15.867349293,83.820685059,84.199483635,0.168398967
22,2020-01-01T22:00:00+00:00,reference_provider,108,C29,317,318,true,500,263.705071346,0.172563039,-262.395344245,5.824264579,263.705127807,262.4599755,0.527410256
22,2020-01-01T22:00:00+00:00,reference_provider,109,C30,317,322,true,500,-34.984217393,-25.664293743,35.171146905,3.149051246,43.388379089,35.311840767,0.086776758
22,2020-01-01T22:00:00+00:00,reference_provider,110,C31-1,318,321,true,500,48.789168958,-11.695003386,-48.719092966,6.51013759,50.171267792,49.152130278,0.100342536
22,2020-01-01T22:00:00+00:00,reference_provider,111,C31-2,318,321,true,500,48.789168958,-11.695003386,-48.719092966,6.51013759,50.171267792,49.152130278,0.100342536
22,2020-01-01T22:00:00+00:00,reference_provider,112,C32-1,319,320,true,500,-5.178607152,-1.576765089,5.180266541,-6.885747101,5.413331708,8.61676706,0.017233534
22,2020-01-01T22:00:00+00:00,reference_provider,113,C32-2,319,320,true,500,-5.178607152,-1.576765089,5.180266541,-6.885747101,5.413331708,8.61676706,0.017233534
22,2020-01-01T22:00:00+00:00,reference_provider,114,C33-1,320,323,true,500,-38.081247245,0.202735395,38.124075081,-4.585226639,38.081786898,38.398820348,0.076797641
22,2020-01-01T22:00:00+00:00,reference_provider,115,C33-2,320,323,true,500,-38.081247245,0.202735395,38.124075081,-4.585226639,38.081786898,38.398820348,0.076797641
22,2020-01-01T22:00:00+00:00,reference_provider,116,C34,321,322,true,500,-127.42707622,-20.869336207,128.828853096,16.149174076,129.124703088,129.837087202,0.259674174
22,2020-01-01T22:00:00+00:00,reference_provider,117,CA-1,325,121,true,500,-298.457891612,39.031856153,309.288963821,27.306964384,300.999333654,310.492082742,0.620984165
22,2020-01-01T22:00:00+00:00,reference_provider,118,CB-1,318,223,true,500,-6.370908897,-17.391549806,6.380256876,-5.62527068,18.521730071,8.505959559,0.03704346
22,2020-01-01T22:00:00+00:00,reference_provider,119,C35,323,325,true,722,-298.457891663,47.074448599,298.457891663,-39.031856165,302.147508358,300.999333707,0.418486854
22,2020-01-01T22:00:00+00:00,distributed_committable,0,A1,101,102,true,175,3.389519766,-23.941578258,-3.389189292,-24.612788487,24.180322862,24.845038964,0.141971651
22,2020-01-01T22:00:00+00:00,distributed_committable,1,A2,101,103,true,175,32.011599392,-8.278584722,-31.462038226,4.405750178,33.064746493,31.769017673,0.188941409
22,2020-01-01T22:00:00+00:00,distributed_committable,2,A3,101,105,true,175,77.521690961,-25.739979651,-76.140974844,28.637401325,81.68328545,81.348317775,0.466761631
22,2020-01-01T22:00:00+00:00,distributed_committable,3,A4,102,104,true,175,58.664942069,-8.714334004,-57.571490225,9.368069362,59.308642247,58.328699714,0.338906527
22,2020-01-01T22:00:00+00:00,distributed_committable,4,A5,102,106,true,175,56.116272501,-23.909368446,-54.408374663,24.891018597,60.997491251,59.831714335,0.348557093
22,2020-01-01T22:00:00+00:00,distributed_committable,5,A6,103,109,true,175,33.407107058,-11.672330643,-33.046447935,9.704315548,35.387541659,34.441856242,0.202214524
22,2020-01-01T22:00:00+00:00,distributed_committable,6,A7,103,124,true,400,-67.073717676,-6.120975166,67.163142498,9.876817689,67.352430838,67.885486209,0.169713716
22,2020-01-01T22:00:00+00:00,distributed_committable,7,A8,104,109,true,175,30.796378906,-14.795456794,-30.503287864,13.001520184,34.166101555,33.158559944,0.195234866
22,2020-01-01T22:00:00+00:00,distributed_committable,8,A9,105,110,true,175,50.451341024,-33.702962932,-49.675219021,34.070453456,60.673120255,60.236394177,0.346703544
22,2020-01-01T22:00:00+00:00,distributed_committable,9,A10,106,110,true,175,5.200061963,-144.197303138,-5.183856916,-125.515324396,144.29103533,125.62232696,0.824520202
22,2020-01-01T22:00:00+00:00,distributed_committable,10,A11,107,108,true,175,25.679329573,-8.363923971,-25.568557568,7.028420365,27.007095207,26.516972469,0.154326258
22,2020-01-01T22:00:00+00:00,distributed_committable,11,AB1,107,203,true,175,112.081352782,-13.932670109,-106.920584435,29.218270622,112.944007977,110.840961354,0.645394331
22,2020-01-01T22:00:00+00:00,distributed_committable,12,A12-1,108,109,true,175,-18.172054408,-1.997381501,18.309346112,-2.166335244,18.281495953,18.437059512,0.105354626
22,2020-01-01T22:00:00+00:00,distributed_committable,13,A13-2,108,110,true,175,-18.13160414,-17.694942942,18.36638667,13.787359635,25.33507597,22.965527319,0.144771863
22,2020-01-01T22:00:00+00:00,distributed_committable,14,A14,109,111,true,400,-12.847176744,-12.697003072,12.853769296,12.973890293,18.062774906,18.263110755,0.045657777
22,2020-01-01T22:00:00+00:00,distributed_committable,15,A15,109,112,true,400,-5.231953308,-20.868227291,5.241305874,21.261035089,21.514094117,21.897554666,0.054743887
22,2020-01-01T22:00:00+00:00,distributed_committable,16,A16,110,111,true,400,-20.960657085,35.868392156,20.992912064,-34.513683008,41.543840714,40.396740855,0.103859602
22,2020-01-01T22:00:00+00:00,distributed_committable,17,A17,110,112,true,400,-13.102690123,27.316085986,13.119843702,-26.595635675,30.296023536,29.655659421,0.075740059
22,2020-01-01T22:00:00+00:00,distributed_committable,18,A18,111,113,true,500,25.821810883,-10.821133566,-25.780305825,1.021474256,27.997550767,25.800534454,0.055995102
22,2020-01-01T22:00:00+00:00,distributed_committable,19,A19,111,114,true,500,-59.668491927,32.360926263,59.911385036,-39.119120506,67.878998795,71.551936704,0.143103873
22,2020-01-01T22:00:00+00:00,distributed_committable,20,A20,112,113,true,500,13.947905294,4.579358813,-13.931008938,-14.643490118,14.680415158,20.211501994,0.040423004
22,2020-01-01T22:00:00+00:00,distributed_committable,21,A21,112,123,true,500,-32.309054817,0.75524177,32.445800865,-20.335303374,32.317880706,38.291703502,0.076583407
22,2020-01-01T22:00:00+00:00,distributed_committable,22,A22,113,123,true,500,-43.401725809,-1.814714914,43.611943815,-14.968779735,43.439647713,46.10928334,0.092218567
22,2020-01-01T22:00:00+00:00,distributed_committable,23,AB2,113,215,true,500,87.229196421,-4.101863987,-86.477645321,-6.139891745,87.325586149,86.695336731,0.174651172
22,2020-01-01T22:00:00+00:00,distributed_committable,24,A23,114,116,true,500,-130.105594967,-24.992067359,130.9846339,27.084952096,132.48422273,133.755631463,0.267511263
22,2020-01-01T22:00:00+00:00,distributed_committable,25,A24,115,116,true,500,105.951516115,27.990949576,-105.719751342,-29.760266813,109.586573198,109.828681612,0.219657363
22,2020-01-01T22:00:00+00:00,distributed_committable,26,A25-1,115,121,true,500,-144.060517959,-25.996579838,145.275648531,24.930685812,146.387345758,147.399298341,0.294798597
22,2020-01-01T22:00:00+00:00,distributed_committable,27,A25-2,115,121,true,500,-144.060517959,-25.996579838,145.275648531,24.930685812,146.387345758,147.399298341,0.294798597
22,2020-01-01T22:00:00+00:00,distributed_committable,28,A26,115,124,true,500,67.470735738,0.845356851,-67.163141905,-9.876817773,67.476031369,67.885485635,0.135770971
22,2020-01-01T22:00:00+00:00,distributed_committable,29,A27,116,117,true,500,-253.954700871,-9.468889165,255.831372653,19.996013805,254.131166834,256.611636139,0.513223272
22,2020-01-01T22:00:00+00:00,distributed_committable,30,A28,116,119,true,500,192.507237946,4.907687202,-191.427989936,-1.656707401,192.569784897,191.435158762,0.38513957
22,2020-01-01T22:00:00+00:00,distributed_committable,31,A29,117,118,true,500,-22.946664383,-44.754229436,22.991995266,41.888040799,50.294039992,47.783258661,0.10058808
22,2020-01-01T22:00:00+00:00,distributed_committable,32,A30,117,122,true,500,-232.884708974,24.758215816,240.260247834,6.721900535,234.197047215,240.354260699,0.480708521
22,2020-01-01T22:00:00+00:00,distributed_committable,33,A31-1,118,121,true,500,-71.739996818,-33.246098579,71.910419796,28.794530349,79.069148309,77.461173843,0.158138297
22,2020-01-01T22:00:00+00:00,distributed_committable,34,A31-2,118,121,true,500,-71.739996818,-33.246098579,71.910419796,28.794530349,79.069148309,77.461173843,0.158138297
22,2020-01-01T22:00:00+00:00,distributed_committable,35,A32-1,119,120,true,500,62.968758122,-5.865424173,-62.774000328,-1.013129311,63.241344864,62.782175402,0.12648269
22,2020-01-01T22:00:00+00:00,distributed_committable,36,A32-2,119,120,true,500,62.968758122,-5.865424173,-62.774000328,-1.013129311,63.241344864,62.782175402,0.12648269
22,2020-01-01T22:00:00+00:00,distributed_committable,37,A33-1,120,123,true,500,39.617147566,-3.690606477,-39.570670542,-0.630346435,39.78867876,39.575690818,0.079577358
22,2020-01-01T22:00:00+00:00,distributed_committable,38,A33-2,120,123,true,500,39.617147566,-3.690606477,-39.570670542,-0.630346435,39.78867876,39.575690818,0.079577358
22,2020-01-01T22:00:00+00:00,distributed_committable,39,A34,121,122,true,500,-334.188291861,63.052291016,343.839750839,-5.683762119,340.084409845,343.886724676,0.687773449
22,2020-01-01T22:00:00+00:00,distributed_committable,40,AB3,123,217,true,500,109.311329921,-13.435196028,-108.128194573,6.549624661,110.133879172,108.326377419,0.220267758
22,2020-01-01T22:00:00+00:00,distributed_committable,41,B1,201,202,true,175,27.27025312,-39.496895577,-27.242543883,-9.059557667,47.996577643,28.709437165,0.274266158
22,2020-01-01T22:00:00+00:00,distributed_committable,42,B2,201,203,true,175,-60.751366447,28.227000785,63.184524205,-24.779491541,66.988746059,67.869781936,0.387827325
22,2020-01-01T22:00:00+00:00,distributed_committable,43,B3,201,205,true,175,-3.301461753,-8.076537625,3.313560799,5.682168203,8.725257,6.577744344,0.049858611
22,2020-01-01T22:00:00+00:00,distributed_committable,44,B4,202,204,true,175,-13.347597652,12.391653585,13.466031385,-15.485805911,18.212947089,20.521797825,0.117267416
22,2020-01-01T22:00:00+00:00,distributed_committable,45,B5,202,206,true,175,-0.619208375,-11.828869097,0.658371485,6.387674157,11.845064927,6.421513385,0.067686085
22,2020-01-01T22:00:00+00:00,distributed_committable,46,B6,203,209,true,175,59.707190846,-24.940824188,-58.447068296,26.503991596,64.70698069,64.175706953,0.369754175
22,2020-01-01T22:00:00+00:00,distributed_committable,47,B7,203,224,true,400,-92.442088588,4.783014637,92.61674502,2.552555517,92.56574405,92.651913082,0.231629783
22,2020-01-01T22:00:00+00:00,distributed_committable,48,B8,204,209,true,175,-44.904092143,9.113226027,45.461438845,-9.85917658,45.819519637,46.51823067,0.265818461
22,2020-01-01T22:00:00+00:00,distributed_committable,49,B9,205,210,true,175,-33.477105588,-11.629909426,33.741536467,10.037121545,35.439686678,35.202771085,0.202512495
22,2020-01-01T22:00:00+00:00,distributed_committable,50,B10,206,210,true,175,-58.436429104,-127.603227509,58.879677007,-140.426877513,140.347425759,152.271219515,0.870121254
22,2020-01-01T22:00:00+00:00,distributed_committable,51,B11,207,208,true,175,-53.104832367,-10.620966474,53.60333564,10.904397409,54.156515301,54.701220046,0.3125784
22,2020-01-01T22:00:00+00:00,distributed_committable,52,B12-1,208,209,true,175,-70.648730239,-0.152710714,72.871513077,4.177896706,70.648895285,72.991179186,0.417092452
22,2020-01-01T22:00:00+00:00,distributed_committable,53,B13-2,208,210,true,175,-55.60201608,-25.621039758,57.222308468,27.183522609,61.221090079,63.350899661,0.362005141
22,2020-01-01T22:00:00+00:00,distributed_committable,54,B14,209,211,true,400,-56.832985859,-17.236022193,56.905259768,20.271526364,59.389129836,60.408139935,0.15102035
22,2020-01-01T22:00:00+00:00,distributed_committable,55,B15,209,212,true,400,-77.399662966,-18.880881282,77.529724686,24.343473547,79.669288344,81.261694015,0.203154235
22,2020-01-01T22:00:00+00:00,distributed_committable,56,B16,210,211,true,400,-105.550592395,43.552675692,105.794253706,-33.318900626,114.183024635,110.916965592,0.285457562
22,2020-01-01T22:00:00+00:00,distributed_committable,57,B17,210,212,true,400,-127.136468061,42.660011314,127.472560787,-28.544116845,134.102789219,130.629324273,0.335256973
22,2020-01-01T22:00:00+00:00,distributed_committable,58,B18,211,213,true,500,-57.825615861,1.519102871,58.026858354,-10.014348704,57.84556615,58.884662437,0.117769325
22,2020-01-01T22:00:00+00:00,distributed_committable,59,B19,211,214,true,500,-104.873897552,11.528271384,105.431112697,-15.729872711,105.505617997,106.598069495,0.213196139
22,2020-01-01T22:00:00+00:00,distributed_committable,60,B20,212,213,true,500,-21.572754445,2.126341199,21.603319135,-12.015139155,21.677293679,24.71976874,0.049439537
22,2020-01-01T22:00:00+00:00,distributed_committable,61,B21,212,223,true,500,-183.429531044,2.074302102,187.423839569,9.073898574,183.441259231,187.643361924,0.375286724
22,2020-01-01T22:00:00+00:00,distributed_committable,62,B22,213,223,true,500,-192.212422094,-0.911799724,196.238792713,13.842698349,192.214584738,196.726419332,0.393452839
22,2020-01-01T22:00:00+00:00,distributed_committable,63,B23,214,216,true,500,-187.849812299,22.527925463,189.633906351,-9.747693758,189.19582291,189.884269942,0.37976854
22,2020-01-01T22:00:00+00:00,distributed_committable,64,B24,215,216,true,500,2.017956122,-40.86783719,-1.987196184,37.521806864,40.917627785,37.574392064,0.081835256
22,2020-01-01T22:00:00+00:00,distributed_committable,65,B25-1,215,221,true,500,-58.071152374,-3.233602973,58.274627617,-5.388463445,58.161111804,58.523224126,0.117046448
22,2020-01-01T22:00:00+00:00,distributed_committable,66,B25-2,215,221,true,500,-58.071152374,-3.233602973,58.274627617,-5.388463445,58.161111804,58.523224126,0.117046448
22,2020-01-01T22:00:00+00:00,distributed_committable,67,B26,215,224,true,500,93.228138243,-3.68825261,-92.616744504,-2.552555612,93.301066272,92.651912569,0.186602133
22,2020-01-01T22:00:00+00:00,distributed_committable,68,B27,216,217,true,500,-87.668758071,14.386014203,87.906100123,-17.868347438,88.841254755,89.703736149,0.179407472
22,2020-01-01T22:00:00+00:00,distributed_committable,69,B28,216,219,true,500,-17.397935255,-43.570663492,17.457174844,39.033039534,46.915784852,42.758988866,0.09383157
22,2020-01-01T22:00:00+00:00,distributed_committable,70,B29,217,218,true,500,45.23757373,19.345882621,-45.188222566,-22.005778879,49.200622469,50.261613213,0.100523226
22,2020-01-01T22:00:00+00:00,distributed_committable,71,B30,217,222,true,500,-25.015478985,-8.027159867,25.103925466,-13.546562669,26.271838238,28.52571531,0.057051431
22,2020-01-01T22:00:00+00:00,distributed_committable,72,B31-1,218,221,true,500,-48.141525032,-3.441624965,48.211208209,-1.452750232,48.264388682,48.233091133,0.096528777
22,2020-01-01T22:00:00+00:00,distributed_committable,73,B31-2,218,221,true,500,-48.141525032,-3.441624965,48.211208209,-1.452750232,48.264388682,48.233091133,0.096528777
22,2020-01-01T22:00:00+00:00,distributed_committable,74,B32-1,219,220,true,500,-47.176485969,-27.376034963,47.310605468,19.812169991,54.544185013,51.291475603,0.10908837
22,2020-01-01T22:00:00+00:00,distributed_committable,75,B32-2,219,220,true,500,-47.176485969,-27.376034963,47.310605468,19.812169991,54.544185013,51.291475603,0.10908837
22,2020-01-01T22:00:00+00:00,distributed_committable,76,B33-1,220,223,true,500,-74.500279575,-25.335072562,74.673465628,21.729937193,78.690263428,77.770924125,0.157380527
22,2020-01-01T22:00:00+00:00,distributed_committable,77,B33-2,220,223,true,500,-74.500279575,-25.335072562,74.673465628,21.729937193,78.690263428,77.770924125,0.157380527
22,2020-01-01T22:00:00+00:00,distributed_committable,78,B34,221,222,true,500,-29.418289946,-6.906204497,29.496074372,-6.764420376,30.21806486,30.261787561,0.060523575
22,2020-01-01T22:00:00+00:00,distributed_committable,79,C1,301,302,true,175,36.700840875,-34.447200205,-36.660031938,-14.377168828,50.334494365,39.378432234,0.287625682
22,2020-01-01T22:00:00+00:00,distributed_committable,80,C2,301,303,true,175,-94.461533865,28.84867586,99.604480411,-15.21657048,98.768555112,100.760093961,0.575771965
22,2020-01-01T22:00:00+00:00,distributed_committable,81,C3,301,305,true,175,2.240288052,-5.711187772,-2.235078772,3.278929667,6.134864002,3.968243551,0.035056366
22,2020-01-01T22:00:00+00:00,distributed_committable,82,C4,302,304,true,175,-16.605689293,14.394411446,16.772706322,-17.31781371,21.976077852,24.108719358,0.137764111
22,2020-01-01T22:00:00+00:00,distributed_committable,83,C5,302,306,true,175,3.400172351,-10.298799088,-3.368054658,4.824724405,10.845572123,5.884025643,0.061974698
22,2020-01-01T22:00:00+00:00,distributed_committable,84,C6,303,309,true,175,110.158595603,-9.585140388,-106.64716173,19.670800721,110.574821282,108.446104153,0.631856122
22,2020-01-01T22:00:00+00:00,distributed_committable,85,C7,303,324,true,400,-45.597084243,5.7808314,45.637508365,-4.08301827,45.962072442,45.819790571,0.114905181
22,2020-01-01T22:00:00+00:00,distributed_committable,86,C8,304,309,true,175,-54.814465262,9.606646358,55.630782328,-9.372239009,55.649916947,56.414739267,0.322369939
22,2020-01-01T22:00:00+00:00,distributed_committable,87,C9,305,310,true,175,-34.264446697,-10.476019196,34.535081836,8.904989512,35.830144929,35.664698451,0.204743685
22,2020-01-01T22:00:00+00:00,distributed_committable,88,C10,306,310,true,175,-66.546529339,-128.150426229,67.119972421,-138.834681704,144.398657575,154.208169504,0.88118954
22,2020-01-01T22:00:00+00:00,distributed_committable,89,C11,307,308,true,175,-64.259727939,-12.851945588,65.015793256,14.164764945,65.532321339,66.54091928,0.380233824
22,2020-01-01T22:00:00+00:00,distributed_committable,90,C12-1,308,309,true,175,-88.549459663,-2.731056409,92.129114157,11.997899609,88.591565488,92.907067925,0.530897531
22,2020-01-01T22:00:00+00:00,distributed_committable,91,C13-2,308,310,true,175,-64.373641413,-29.426432359,66.605803179,33.391730565,70.780510242,74.507319689,0.425756113
22,2020-01-01T22:00:00+00:00,distributed_committable,92,C14,309,311,true,400,-59.355818781,-24.555317789,59.439651472,28.07629082,64.23454565,65.736977975,0.164342445
22,2020-01-01T22:00:00+00:00,distributed_committable,93,C15,309,312,true,400,-70.420535087,-16.247945179,70.526655778,20.705014202,72.27065438,73.503107338,0.183757768
22,2020-01-01T22:00:00+00:00,distributed_committable,94,C16,310,311,true,400,-128.730213638,33.347367371,129.060698884,-19.466987054,132.979377401,130.520602134,0.332448444
22,2020-01-01T22:00:00+00:00,distributed_committable,95,C17,310,312,true,400,-139.775819382,42.627481316,140.174909055,-25.865715083,146.131385566,142.541363629,0.365328464
22,2020-01-01T22:00:00+00:00,distributed_committable,96,C18,311,313,true,500,-108.031167509,13.69261054,108.731065559,-18.39088892,108.895457833,110.275425245,0.22055085
22,2020-01-01T22:00:00+00:00,distributed_committable,97,C19,311,314,true,500,-80.46918284,-22.301914306,80.798536128,15.889900478,83.502483608,82.346174032,0.167004967
22,2020-01-01T22:00:00+00:00,distributed_committable,98,C20,312,313,true,500,-88.622858703,-2.889131919,89.085953032,-3.639941077,88.669939483,89.160283752,0.178320568
22,2020-01-01T22:00:00+00:00,distributed_committable,99,C21,312,323,true,500,-122.078706055,8.049832789,123.874925374,-14.280753474,122.34381995,124.695377044,0.249390754
22,2020-01-01T22:00:00+00:00,distributed_committable,100,C22,313,323,true,500,-88.309454234,6.643256179,89.170876114,-18.527938433,88.558977861,91.075406392,0.182150813
22,2020-01-01T22:00:00+00:00,distributed_committable,101,C23,314,316,true,500,-180.529633857,37.865938839,182.158449372,-27.214414229,184.458065763,184.180142848,0.368916132
22,2020-01-01T22:00:00+00:00,distributed_committable,102,C24,315,316,true,500,11.956560575,-1.014630004,-11.953785599,-2.688374018,11.999533942,12.252360793,0.024504722
22,2020-01-01T22:00:00+00:00,distributed_committable,103,C25-1,315,321,true,500,-110.351749207,-8.794417416,111.058013877,3.795684191,110.701627498,111.122858426,0.222245717
22,2020-01-01T22:00:00+00:00,distributed_committable,104,C25-2,315,321,true,500,-110.351749207,-8.794417416,111.058013877,3.795684191,110.701627498,111.122858426,0.222245717
22,2020-01-01T22:00:00+00:00,distributed_committable,105,C26,315,324,true,500,45.784267797,-14.297515866,-45.63750836,4.083018269,47.96475933,45.819790566,0.095929519
22,2020-01-01T22:00:00+00:00,distributed_committable,106,C27,316,317,true,500,-404.06771123,10.195999901,408.806120252,25.101131534,404.196330602,409.576013408,0.819152027
22,2020-01-01T22:00:00+00:00,distributed_committable,107,C28,316,319,true,500,82.455265163,9.425231882,-82.254007759,-12.927977918,82.992202942,83.26376406,0.166527528
22,2020-01-01T22:00:00+00:00,distributed_committable,108,C29,317,318,true,500,266.775010203,0.058048182,-265.43602024,6.140380074,266.775016519,265.507034009,0.533550033
22,2020-01-01T22:00:00+00:00,distributed_committable,109,C30,317,322,true,500,-34.962280765,-25.159179709,35.146949877,2.614710303,43.073720526,35.244074617,0.086147441
22,2020-01-01T22:00:00+00:00,distributed_committable,110,C31-1,318,321,true,500,47.397258167,-11.496168765,-47.331165285,6.271097917,48.771528354,47.744799469,0.097543057
22,2020-01-01T22:00:00+00:00,distributed_committable,111,C31-2,318,321,true,500,47.397258167,-11.496168765,-47.331165285,6.271097917,48.771528354,47.744799469,0.097543057
22,2020-01-01T22:00:00+00:00,distributed_committable,112,C32-1,319,320,true,500,-5.397039134,-3.046450775,5.39853141,-5.444831786,6.197490923,7.667485544,0.015334971
22,2020-01-01T22:00:00+00:00,distributed_committable,113,C32-2,319,320,true,500,-5.397039134,-3.046450775,5.39853141,-5.444831786,6.197490923,7.667485544,0.015334971
22,2020-01-01T22:00:00+00:00,distributed_committable,114,C33-1,320,323,true,500,-38.299512075,-1.238179922,38.342511351,-3.162470601,38.319521326,38.472709769,0.07694542
22,2020-01-01T22:00:00+00:00,distributed_committable,115,C33-2,320,323,true,500,-38.299512075,-1.238179922,38.342511351,-3.162470601,38.319521326,38.472709769,0.07694542
22,2020-01-01T22:00:00+00:00,distributed_committable,116,C34,321,322,true,500,-127.453697188,-20.133564212,128.853050127,15.387857611,129.034124691,129.768619816,0.25953724
22,2020-01-01T22:00:00+00:00,distributed_committable,117,CA-1,325,121,true,500,-289.73082086,31.63689558,299.816144541,28.490642901,291.452983718,301.16679309,0.602333586
22,2020-01-01T22:00:00+00:00,distributed_committable,118,CB-1,318,223,true,500,-0.546411284,-18.105334522,0.551864841,-4.964564253,18.113577875,4.995142944,0.036227156
22,2020-01-01T22:00:00+00:00,distributed_committable,119,C35,323,325,true,722,-289.730824014,39.133633127,289.730824014,-31.636896252,292.361747883,291.452986926,0.404933169
23,2020-01-01T23:00:00+00:00,reference_provider,0,A1,101,102,true,175,2.304345118,-24.855955208,-2.304188559,-23.931967785,24.962542253,24.042636439,0.142643099
23,2020-01-01T23:00:00+00:00,reference_provider,1,A2,101,103,true,175,30.272351798,-7.37407106,-29.786232204,3.237055911,31.157538532,29.961611437,0.178043077
23,2020-01-01T23:00:00+00:00,reference_provider,2,A3,101,105,true,175,81.86912334,-25.167401644,-80.35658683,28.565649184,85.650169071,85.282925373,0.489429538
23,2020-01-01T23:00:00+00:00,reference_provider,3,A4,102,104,true,175,61.484507217,-8.023634123,-60.293655636,9.039873614,62.00583305,60.967566992,0.354319046
23,2020-01-01T23:00:00+00:00,reference_provider,4,A5,102,106,true,175,59.090464183,-23.488369263,-57.23766737,25.008530919,63.587628105,62.462606291,0.363357875
23,2020-01-01T23:00:00+00:00,reference_provider,5,A6,103,109,true,175,42.624122877,-12.286625295,-42.053196983,11.123284106,44.359632688,43.499411787,0.253483615
23,2020-01-01T23:00:00+00:00,reference_provider,6,A7,103,124,true,400,-75.428192474,-3.816214887,75.540377827,8.527999718,75.524669585,76.020230607,0.190050577
23,2020-01-01T23:00:00+00:00,reference_provider,7,A8,104,109,true,175,34.562087169,-14.255732113,-34.209350059,12.689834452,37.386679012,36.48714198,0.213638166
23,2020-01-01T23:00:00+00:00,reference_provider,8,A9,105,110,true,175,55.66819005,-33.433783783,-54.77845869,34.232989489,64.936625116,64.595488278,0.371066429
23,2020-01-01T23:00:00+00:00,reference_provider,9,A10,106,110,true,175,9.947217154,-144.089106991,-9.922624644,-125.794940002,144.432052822,126.185678307,0.825326016
23,2020-01-01T23:00:00+00:00,reference_provider,10,A11,107,108,true,175,-67.396648769,7.37757832,68.13915025,-6.246910235,67.799239871,68.424905438,0.39099946
23,2020-01-01T23:00:00+00:00,reference_provider,11,AB1,107,203,true,175,23.931161387,-16.070675796,-23.607508308,12.881646444,28.826500063,26.893331211,0.164722858
23,2020-01-01T23:00:00+00:00,reference_provider,12,A12-1,108,109,true,175,-63.430234792,4.962133626,65.170986557,-2.908484916,63.624032062,65.235854967,0.372776314
23,2020-01-01T23:00:00+00:00,reference_provider,13,A13-2,108,110,true,175,-64.169702196,-10.885559858,65.960183459,13.010174525,65.08645092,67.231022922,0.384177274
23,2020-01-01T23:00:00+00:00,reference_provider,14,A14,109,111,true,400,-28.287969132,-12.433321413,28.307277451,13.244270817,30.899784448,31.252402566,0.078131006
23,2020-01-01T23:00:00+00:00,reference_provider,15,A15,109,112,true,400,-21.4721527,-20.9893726,21.490385397,21.755145837,30.026773115,30.579781472,0.076449454
23,2020-01-01T23:00:00+00:00,reference_provider,16,A16,110,111,true,400,-38.04227009,36.799414983,38.094625354,-34.600493904,52.928359664,51.462555895,0.132320899
23,2020-01-01T23:00:00+00:00,reference_provider,17,A17,110,112,true,400,-31.022990334,27.843405038,31.055465664,-26.479441191,41.685502676,40.811796743,0.104213757
23,2020-01-01T23:00:00+00:00,reference_provider,18,A18,111,113,true,500,4.059751339,-12.207813804,-4.055742596,2.090910845,12.865158328,4.562998594,0.025730317
23,2020-01-01T23:00:00+00:00,reference_provider,19,A19,111,114,true,500,-70.461654144,33.56403689,70.778448445,-39.701422109,78.047352787,81.152890778,0.162305782
23,2020-01-01T23:00:00+00:00,reference_provider,20,A20,112,113,true,500,-6.715243016,3.731373019,6.722472602,-13.892827049,7.682293497,15.433803203,0.030867606
23,2020-01-01T23:00:00+00:00,reference_provider,21,A21,112,123,true,500,-45.830608044,0.992922335,46.091545695,-19.614867903,45.841362638,50.091652272,0.100183305
23,2020-01-01T23:00:00+00:00,reference_provider,22,A22,113,123,true,500,-47.201071929,-1.512532322,47.448283105,-15.049024504,47.225299843,49.777632609,0.099555265
23,2020-01-01T23:00:00+00:00,reference_provider,23,AB2,113,215,true,500,52.387508675,-5.462642024,-52.117286949,-8.495440123,52.671543769,52.805152228,0.105610304
23,2020-01-01T23:00:00+00:00,reference_provider,24,A23,114,116,true,500,-138.236884861,-23.859779918,139.223872047,27.224165975,140.280880499,141.860642043,0.283721284
23,2020-01-01T23:00:00+00:00,reference_provider,25,A24,115,116,true,500,102.151691133,26.25433982,-101.936911088,-28.168159529,105.471599782,105.757170222,0.21151434
23,2020-01-01T23:00:00+00:00,reference_provider,26,A25-1,115,121,true,500,-144.154414475,-24.304310486,145.367636915,23.234665755,146.188900812,147.212769673,0.294425539
23,2020-01-01T23:00:00+00:00,reference_provider,27,A25-2,115,121,true,500,-144.154414475,-24.304310486,145.367636915,23.234665755,146.188900812,147.212769673,0.294425539
23,2020-01-01T23:00:00+00:00,reference_provider,28,A26,115,124,true,500,75.928661817,0.099951613,-75.540377828,-8.527999718,75.928727605,76.020230607,0.152040461
23,2020-01-01T23:00:00+00:00,reference_provider,29,A27,116,117,true,500,-255.099307323,-7.258576388,256.991486156,17.920795624,255.202553921,257.615564111,0.515231128
23,2020-01-01T23:00:00+00:00,reference_provider,30,A28,116,119,true,500,183.039956459,1.248091962,-182.06566276,1.191245749,183.044211583,182.069559847,0.366088423
23,2020-01-01T23:00:00+00:00,reference_provider,31,A29,117,118,true,500,-21.919146939,-43.224621223,21.961170796,40.337942709,48.464594111,45.928669093,0.096929188
23,2020-01-01T23:00:00+00:00,reference_provider,32,A30,117,122,true,500,-235.072339217,25.303825599,242.593653471,7.276791051,236.430303166,242.702765523,0.485405531
23,2020-01-01T23:00:00+00:00,reference_provider,33,A31-1,118,121,true,500,-68.87661459,-31.991583922,69.033801971,27.433826865,75.94372574,74.285130888,0.151887451
23,2020-01-01T23:00:00+00:00,reference_provider,34,A31-2,118,121,true,500,-68.87661459,-31.991583922,69.033801971,27.433826865,75.94372574,74.285130888,0.151887451
23,2020-01-01T23:00:00+00:00,reference_provider,35,A32-1,119,120,true,500,59.563818516,-7.028515007,-59.389709425,-0.040595028,59.977066445,59.389723299,0.119954133
23,2020-01-01T23:00:00+00:00,reference_provider,36,A32-2,119,120,true,500,59.563818516,-7.028515007,-59.389709425,-0.040595028,59.977066445,59.389723299,0.119954133
23,2020-01-01T23:00:00+00:00,reference_provider,37,A33-1,120,123,true,500,37.135379886,-4.479815659,-37.094603009,0.09914167,37.404614523,37.094735495,0.074809229
23,2020-01-01T23:00:00+00:00,reference_provider,38,A33-2,120,123,true,500,37.135379886,-4.479815659,-37.094603009,0.09914167,37.404614523,37.094735495,0.074809229
23,2020-01-01T23:00:00+00:00,reference_provider,39,A34,121,122,true,500,-338.684515945,63.24818227,348.606346529,-3.82282031,344.539597,348.62730644,0.697254613
23,2020-01-01T23:00:00+00:00,reference_provider,40,AB3,123,217,true,500,73.649377218,-15.534362705,-73.110109461,3.768882996,75.26982921,73.207189432,0.150539658
23,2020-01-01T23:00:00+00:00,reference_provider,41,B1,201,202,true,175,20.538139418,-36.933626256,-20.521927285,-12.125856161,42.260003776,23.836650082,0.241485736
23,2020-01-01T23:00:00+00:00,reference_provider,42,B2,201,203,true,175,-45.635904868,22.311956668,47.043598962,-22.853308925,50.798220672,52.300802404,0.298861728
23,2020-01-01T23:00:00+00:00,reference_provider,43,B3,201,205,true,175,-8.747835064,-4.167245993,8.765436661,1.776159667,9.689714004,8.943579989,0.055369794
23,2020-01-01T23:00:00+00:00,reference_provider,44,B4,202,204,true,175,-14.020934987,13.600197511,14.155221896,-16.661433431,19.533355837,21.862608968,0.124929194
23,2020-01-01T23:00:00+00:00,reference_provider,45,B5,202,206,true,175,-4.208278931,-9.464267371,4.237552651,3.950138488,10.357700924,5.793137884,0.059186862
23,2020-01-01T23:00:00+00:00,reference_provider,46,B6,203,209,true,175,30.92494554,-16.653109531,-30.565758787,14.738211301,35.123757113,33.933471419,0.200707184
23,2020-01-01T23:00:00+00:00,reference_provider,47,B7,203,224,true,400,-126.270370383,11.843408873,126.595246161,1.801373783,126.824574789,126.608061742,0.317061437
23,2020-01-01T23:00:00+00:00,reference_provider,48,B8,204,209,true,175,-43.717948174,10.668988915,44.253438827,-11.513058475,45.000959068,45.726549875,0.261294571
23,2020-01-01T23:00:00+00:00,reference_provider,49,B9,205,210,true,175,-37.129674035,-7.369107881,37.432931291,5.918043621,37.853882825,37.897857266,0.216559184
23,2020-01-01T23:00:00+00:00,reference_provider,50,B10,206,210,true,175,-58.569049594,-124.845175605,59.019663957,-143.631196186,137.900875422,155.284388306,0.887339362
23,2020-01-01T23:00:00+00:00,reference_provider,51,B11,207,208,true,175,-49.937037632,-9.987407526,50.372347068,10.012145218,50.925985867,51.35772971,0.293472741
23,2020-01-01T23:00:00+00:00,reference_provider,52,B12-1,208,209,true,175,-64.911122443,-0.449270189,66.769134947,3.046734352,64.912677194,66.838611384,0.381934922
23,2020-01-01T23:00:00+00:00,reference_provider,53,B13-2,208,210,true,175,-53.775092105,-23.545245566,55.25020587,24.529332822,58.703825426,60.450586576,0.345431923
23,2020-01-01T23:00:00+00:00,reference_provider,54,B14,209,211,true,400,-65.306462214,-7.898145971,65.394879601,11.611676205,65.782328301,66.417778511,0.166044446
23,2020-01-01T23:00:00+00:00,reference_provider,55,B15,209,212,true,400,-85.062205457,-12.755608045,85.213370096,19.104522869,86.013279985,87.328696527,0.218321741
23,2020-01-01T23:00:00+00:00,reference_provider,56,B16,210,211,true,400,-104.401118139,50.824507606,104.653095272,-40.24146804,116.115132701,112.123352161,0.290287832
23,2020-01-01T23:00:00+00:00,reference_provider,57,B17,210,212,true,400,-125.203461685,46.379460094,125.536627782,-32.386484011,133.51764354,129.64694081,0.333794109
23,2020-01-01T23:00:00+00:00,reference_provider,58,B18,211,213,true,500,-60.171148758,-0.395132751,60.390122044,-7.849804481,60.172446126,60.898163116,0.121796326
23,2020-01-01T23:00:00+00:00,reference_provider,59,B19,211,214,true,500,-109.876826114,29.024924586,110.537728873,-32.189582643,113.64577935,115.129313101,0.230258626
23,2020-01-01T23:00:00+00:00,reference_provider,60,B20,212,213,true,500,-25.501544009,6.144089316,25.547660195,-15.827712067,26.231251978,30.053276206,0.060106552
23,2020-01-01T23:00:00+00:00,reference_provider,61,B21,212,223,true,500,-185.248453869,7.137871827,189.365657897,5.218309299,185.385918762,189.437544174,0.378875088
23,2020-01-01T23:00:00+00:00,reference_provider,62,B22,213,223,true,500,-191.804302019,2.104716291,195.858823849,11.27118659,191.815849459,196.182870115,0.39236574
23,2020-01-01T23:00:00+00:00,reference_provider,63,B23,214,216,true,500,-188.040011277,-3.0877093,189.838357513,16.122346019,188.06536042,190.521736356,0.381043473
23,2020-01-01T23:00:00+00:00,reference_provider,64,B24,215,216,true,500,-6.681017188,-24.893316932,6.692506332,21.357283893,25.774274355,22.381313998,0.051548549
23,2020-01-01T23:00:00+00:00,reference_provider,65,B25-1,215,221,true,500,-83.837505995,-5.634334721,84.257021985,-1.357022079,84.02662161,84.267949202,0.168535898
23,2020-01-01T23:00:00+00:00,reference_provider,66,B25-2,215,221,true,500,-83.837505995,-5.634334721,84.257021985,-1.357022079,84.02662161,84.267949202,0.168535898
23,2020-01-01T23:00:00+00:00,reference_provider,67,B26,215,224,true,500,127.732988693,-0.603804707,-126.595246161,-1.801373783,127.734415803,126.608061742,0.255468832
23,2020-01-01T23:00:00+00:00,reference_provider,68,B27,216,217,true,500,-95.794666875,3.891203451,96.06763874,-7.107254271,95.873665132,96.33018362,0.192660367
23,2020-01-01T23:00:00+00:00,reference_provider,69,B28,216,219,true,500,-16.685827076,-27.156843848,16.712091109,22.362044031,31.873358671,27.916930391,0.063746717
23,2020-01-01T23:00:00+00:00,reference_provider,70,B29,217,218,true,500,7.704933807,12.869491716,-7.699688378,-15.87524332,14.999660729,17.643938097,0.035287876
23,2020-01-01T23:00:00+00:00,reference_provider,71,B30,217,222,true,500,-30.662463085,-9.531120441,30.792372918,-12.022241957,32.109638729,33.056081613,0.066112163
23,2020-01-01T23:00:00+00:00,reference_provider,72,B31-1,218,221,true,500,-62.666289936,-5.645252576,62.782948903,1.075186963,62.920050628,62.792154764,0.125840101
23,2020-01-01T23:00:00+00:00,reference_provider,73,B31-2,218,221,true,500,-62.666289936,-5.645252576,62.782948903,1.075186963,62.920050628,62.792154764,0.125840101
23,2020-01-01T23:00:00+00:00,reference_provider,74,B32-1,219,220,true,500,-44.5104608,-18.571703585,44.617013632,10.842361315,48.229547942,45.915517032,0.096459096
23,2020-01-01T23:00:00+00:00,reference_provider,75,B32-2,219,220,true,500,-44.5104608,-18.571703585,44.617013632,10.842361315,48.229547942,45.915517032,0.096459096
23,2020-01-01T23:00:00+00:00,reference_provider,76,B33-1,220,223,true,500,-70.184776899,-16.035813229,70.331943108,12.297456129,71.993403964,71.398947111,0.143986808
23,2020-01-01T23:00:00+00:00,reference_provider,77,B33-2,220,223,true,500,-70.184776899,-16.035813229,70.331943108,12.297456129,71.993403964,71.398947111,0.143986808
23,2020-01-01T23:00:00+00:00,reference_provider,78,B34,221,222,true,500,-24.952553959,-7.295938712,25.007627082,-6.771144546,25.997320454,25.908103186,0.051994641
23,2020-01-01T23:00:00+00:00,reference_provider,79,C1,301,302,true,175,26.330093949,-32.209875206,-26.309139243,-17.156718834,41.602282488,31.408976565,0.237727329
23,2020-01-01T23:00:00+00:00,reference_provider,80,C2,301,303,true,175,-70.93054185,23.619510143,73.874972132,-18.412150347,74.75976877,76.134872351,0.435056413
23,2020-01-01T23:00:00+00:00,reference_provider,81,C3,301,305,true,175,-5.572914971,-1.630134781,5.579316682,-0.815996969,5.806437864,5.638672334,0.033179645
23,2020-01-01T23:00:00+00:00,reference_provider,82,C4,302,304,true,175,-16.944210112,15.750748166,17.127466243,-18.639269894,23.134224087,25.313484195,0.144648481
23,2020-01-01T23:00:00+00:00,reference_provider,83,C5,302,306,true,175,-1.809763594,-7.885392827,1.823382952,2.300964497,8.090405694,2.935841107,0.04623089
23,2020-01-01T23:00:00+00:00,reference_provider,84,C6,303,309,true,175,66.800334435,-8.330868263,-65.486956027,9.999745054,67.317813739,66.246028641,0.384673221
23,2020-01-01T23:00:00+00:00,reference_provider,85,C7,303,324,true,400,-83.197578019,9.553996144,83.333436882,-3.847923928,83.744348052,83.422228579,0.20936087
23,2020-01-01T23:00:00+00:00,reference_provider,86,C8,304,309,true,175,-51.505511173,11.670747273,52.238441466,-11.766787046,52.81121115,53.547287926,0.305984502
23,2020-01-01T23:00:00+00:00,reference_provider,87,C9,305,310,true,175,-38.563657088,-5.687957477,38.885716816,4.306149562,38.980873622,39.123418771,0.223562393
23,2020-01-01T23:00:00+00:00,reference_provider,88,C10,306,310,true,175,-65.004654716,-124.781543825,65.557369649,-142.959221262,140.69839663,157.273989137,0.898708509
23,2020-01-01T23:00:00+00:00,reference_provider,89,C11,307,308,true,175,-58.071021842,-11.614204368,58.674519847,12.314010529,59.221054709,59.952765862,0.342587233
23,2020-01-01T23:00:00+00:00,reference_provider,90,C12-1,308,309,true,175,-78.004467376,-2.281858323,80.734379762,8.250774045,78.037835747,81.15488493,0.4637422
23,2020-01-01T23:00:00+00:00,reference_provider,91,C13-2,308,310,true,175,-60.111210351,-26.292038322,61.99369767,28.878446555,65.609670697,68.389935124,0.390799629
23,2020-01-01T23:00:00+00:00,reference_provider,92,C14,309,311,true,400,-68.634802288,-14.434990795,68.734740177,18.632382154,70.136331843,71.21537876,0.178038447
23,2020-01-01T23:00:00+00:00,reference_provider,93,C15,309,312,true,400,-80.050493493,-8.773195549,80.18224556,14.306782361,80.529811056,81.448612785,0.203621532
23,2020-01-01T23:00:00+00:00,reference_provider,94,C16,310,311,true,400,-122.6932329,42.394481275,123.008157899,-29.16763131,129.811099071,126.418976526,0.324527748
23,2020-01-01T23:00:00+00:00,reference_provider,95,C17,310,312,true,400,-134.334345309,48.797416881,134.716101453,-32.763658824,142.92272116,138.643013998,0.357306803
23,2020-01-01T23:00:00+00:00,reference_provider,96,C18,311,313,true,500,-109.194579445,20.780413603,109.938962966,-24.930837015,111.15431512,112.730307425,0.225460615
23,2020-01-01T23:00:00+00:00,reference_provider,97,C19,311,314,true,500,-82.548318631,-10.245164448,82.885654583,4.084177364,83.181658455,82.986217171,0.166363317
23,2020-01-01T23:00:00+00:00,reference_provider,98,C20,312,313,true,500,-89.304430911,9.025361275,89.791389094,-15.195526654,89.75933671,91.068093126,0.182136186
23,2020-01-01T23:00:00+00:00,reference_provider,99,C21,312,323,true,500,-125.593916102,9.431515188,127.519597348,-14.382747731,125.947549562,128.328138536,0.256656277
23,2020-01-01T23:00:00+00:00,reference_provider,100,C22,313,323,true,500,-91.174251565,1.342699557,92.095121786,-12.44611501,91.184137823,92.932326106,0.185864652
23,2020-01-01T23:00:00+00:00,reference_provider,101,C23,314,316,true,500,-173.011880482,22.034522891,174.499455425,-12.907858391,174.409377577,174.976206245,0.349952412
23,2020-01-01T23:00:00+00:00,reference_provider,102,C24,315,316,true,500,-19.055034558,6.923282326,19.06359447,-10.548186897,20.273780609,21.78726419,0.043574528
23,2020-01-01T23:00:00+00:00,reference_provider,103,C25-1,315,321,true,500,-106.013542891,-12.595186071,106.67246888,7.269472879,106.759121337,106.919880532,0.213839761
23,2020-01-01T23:00:00+00:00,reference_provider,104,C25-2,315,321,true,500,-106.013542891,-12.595186071,106.67246888,7.269472879,106.759121337,106.919880532,0.213839761
23,2020-01-01T23:00:00+00:00,reference_provider,105,C26,315,324,true,500,83.814008949,-11.465273368,-83.333436882,3.847923928,84.594565958,83.422228579,0.169189132
23,2020-01-01T23:00:00+00:00,reference_provider,106,C27,316,317,true,500,-404.384292376,2.06614515,409.166357359,33.64552131,404.389570682,410.547353053,0.821094706
23,2020-01-01T23:00:00+00:00,reference_provider,107,C28,316,319,true,500,64.364425007,12.098536643,-64.237050916,-16.124152551,65.491631491,66.229804513,0.132459609
23,2020-01-01T23:00:00+00:00,reference_provider,108,C29,317,318,true,500,265.930869949,0.938455218,-264.594741837,5.253459014,265.932525822,264.646889722,0.531865052
23,2020-01-01T23:00:00+00:00,reference_provider,109,C30,317,322,true,500,18.346851567,-34.583976528,-18.233075374,11.556424289,39.149181281,21.586940032,0.078298363
23,2020-01-01T23:00:00+00:00,reference_provider,110,C31-1,318,321,true,500,77.913347208,-15.18497117,-77.735353524,10.954119215,79.379298451,78.503362446,0.158758597
23,2020-01-01T23:00:00+00:00,reference_provider,111,C31-2,318,321,true,500,77.913347208,-15.18497117,-77.735353524,10.954119215,79.379298451,78.503362446,0.158758597
23,2020-01-01T23:00:00+00:00,reference_provider,112,C32-1,319,320,true,500,-9.924894356,-0.532434957,9.930411161,-7.845454596,9.939165707,12.655600485,0.025311201
23,2020-01-01T23:00:00+00:00,reference_provider,113,C32-2,319,320,true,500,-9.924894356,-0.532434957,9.930411161,-7.845454596,9.939165707,12.655600485,0.025311201
23,2020-01-01T23:00:00+00:00,reference_provider,114,C33-1,320,323,true,500,-39.662774345,1.806068324,39.709835687,-6.125591595,39.703873256,40.179521185,0.080359042
23,2020-01-01T23:00:00+00:00,reference_provider,115,C33-2,320,323,true,500,-39.662774345,1.806068324,39.709835687,-6.125591595,39.703873256,40.179521185,0.080359042
23,2020-01-01T23:00:00+00:00,reference_provider,116,C34,321,322,true,500,-57.874230712,-36.44718419,58.233075374,23.870133244,68.394618326,62.935477504,0.136789237
23,2020-01-01T23:00:00+00:00,reference_provider,117,CA-1,325,121,true,500,-299.034390507,31.01061335,309.881638172,35.414814848,300.638029608,311.898763683,0.623797527
23,2020-01-01T23:00:00+00:00,reference_provider,118,CB-1,318,223,true,500,-45.933154766,-6.474152555,46.197754664,-14.311940484,46.387168033,48.363872636,0.096727745
23,2020-01-01T23:00:00+00:00,reference_provider,119,C35,323,325,true,722,-299.034390507,39.08004593,299.034390507,-31.01061335,301.577215147,300.638029608,0.417696974
23,2020-01-01T23:00:00+00:00,distributed_committable,0,A1,101,102,true,175,2.666884989,-25.174852637,-2.66666886,-23.720405501,25.315716083,23.869829492,0.144661235
23,2020-01-01T23:00:00+00:00,distributed_committable,1,A2,101,103,true,175,29.528239478,-6.839641986,-29.06854601,2.592915982,30.310025226,29.183961014,0.173200144
23,2020-01-01T23:00:00+00:00,distributed_committable,2,A3,101,105,true,175,82.25069826,-24.59082092,-80.734148964,28.000573319,85.848039219,85.451945064,0.490560224
23,2020-01-01T23:00:00+00:00,distributed_committable,3,A4,102,104,true,175,61.601381315,-7.485523873,-60.410712766,8.49550629,62.05451835,61.005146046,0.354597248
23,2020-01-01T23:00:00+00:00,distributed_committable,4,A5,102,106,true,175,59.336069874,-23.089411032,-57.48152802,24.60864543,63.670166404,62.527685815,0.363829522
23,2020-01-01T23:00:00+00:00,distributed_committable,5,A6,103,109,true,175,44.172044172,-12.226409536,-43.562103106,11.212332256,45.832898408,44.981921054,0.261902277
23,2020-01-01T23:00:00+00:00,distributed_committable,6,A7,103,124,true,400,-77.693799972,-3.232290715,77.812657682,8.224314549,77.761007307,78.246080064,0.1956152
23,2020-01-01T23:00:00+00:00,distributed_committable,7,A8,104,109,true,175,34.679144555,-13.71136484,-34.328158341,12.137875178,37.291347426,36.41085647,0.213093414
23,2020-01-01T23:00:00+00:00,distributed_committable,8,A9,105,110,true,175,56.045752171,-32.868707916,-55.15568764,33.667785021,64.972904325,64.61942144,0.371273739
23,2020-01-01T23:00:00+00:00,distributed_committable,9,A10,106,110,true,175,10.191078021,-143.746546284,-10.166868277,-126.209647355,144.107347626,126.618483232,0.823470558
23,2020-01-01T23:00:00+00:00,distributed_committable,10,A11,107,108,true,175,-68.573408712,7.634683592,69.342979703,-6.39958919,68.997107011,69.637659179,0.397929481
23,2020-01-01T23:00:00+00:00,distributed_committable,11,AB1,107,203,true,175,25.10792133,-16.327781068,-24.756524478,13.248497288,29.950027515,28.078607241,0.171143014
23,2020-01-01T23:00:00+00:00,distributed_committable,12,A12-1,108,109,true,175,-64.110705413,5.113795118,65.890619157,-2.907726273,64.314333154,65.954746341,0.376884265
23,2020-01-01T23:00:00+00:00,distributed_committable,13,A13-2,108,110,true,175,-64.693061028,-10.884542395,66.513534028,13.125714049,65.602327766,67.796272598,0.387407272
23,2020-01-01T23:00:00+00:00,distributed_committable,14,A14,109,111,true,400,-28.093470926,-12.182865509,28.112438231,12.979492312,30.621321341,30.964114778,0.077410287
23,2020-01-01T23:00:00+00:00,distributed_committable,15,A15,109,112,true,400,-20.758569035,-20.777676036,20.776018509,21.510553932,29.370563662,29.90563284,0.074764082
23,2020-01-01T23:00:00+00:00,distributed_committable,16,A16,110,111,true,400,-38.276958922,37.255886629,38.33028069,-35.016372364,53.414667207,51.91682532,0.133536668
23,2020-01-01T23:00:00+00:00,distributed_committable,17,A17,110,112,true,400,-30.720179476,28.251305688,30.752733011,-26.884057217,41.735664606,40.847069908,0.104339162
23,2020-01-01T23:00:00+00:00,distributed_committable,18,A18,111,113,true,500,8.061648642,-12.165919019,-8.054790515,2.081574261,14.594511448,8.319411136,0.029189023
23,2020-01-01T23:00:00+00:00,distributed_committable,19,A19,111,114,true,500,-74.504367533,34.202799068,74.852783049,-40.068127829,81.980072247,84.902261442,0.169804523
23,2020-01-01T23:00:00+00:00,distributed_committable,20,A20,112,113,true,500,-3.586109948,3.893613872,3.591623828,-14.059174125,5.293431169,14.510690501,0.029021381
23,2020-01-01T23:00:00+00:00,distributed_committable,21,A21,112,123,true,500,-47.942641566,1.479889412,48.228249454,-19.886004335,47.965476678,52.167204389,0.104334409
23,2020-01-01T23:00:00+00:00,distributed_committable,22,A22,113,123,true,500,-51.240628544,-0.989350313,51.532042879,-15.203019796,51.250178806,53.727862923,0.107455726
23,2020-01-01T23:00:00+00:00,distributed_committable,23,AB2,113,215,true,500,63.556961983,-5.810140371,-63.159226422,-7.164518279,63.82198013,63.564284031,0.12764396
23,2020-01-01T23:00:00+00:00,distributed_committable,24,A23,114,116,true,500,-142.311219463,-23.492398032,143.356114867,27.544595302,144.237221099,145.97835593,0.291956712
23,2020-01-01T23:00:00+00:00,distributed_committable,25,A24,115,116,true,500,106.440237649,26.985176512,-106.207554811,-28.746248673,109.807667957,110.029048491,0.220058097
23,2020-01-01T23:00:00+00:00,distributed_committable,26,A25-1,115,121,true,500,-147.446620081,-24.605542489,148.71555486,23.985776114,149.485579553,150.637424676,0.301274849
23,2020-01-01T23:00:00+00:00,distributed_committable,27,A25-2,115,121,true,500,-147.446620081,-24.605542489,148.71555486,23.985776114,149.485579553,150.637424676,0.301274849
23,2020-01-01T23:00:00+00:00,distributed_committable,28,A26,115,124,true,500,78.224526515,-0.028421072,-77.812657683,-8.22431455,78.224531678,78.246080065,0.15649216
23,2020-01-01T23:00:00+00:00,distributed_committable,29,A27,116,117,true,500,-259.719576613,-7.330587554,261.681592603,18.598716564,259.82300897,262.341701155,0.524683402
23,2020-01-01T23:00:00+00:00,distributed_committable,30,A28,116,119,true,500,187.798626638,1.577762946,-186.772607362,1.260726217,187.805254194,186.776862302,0.375610508
23,2020-01-01T23:00:00+00:00,distributed_committable,31,A29,117,118,true,500,-26.047274823,-44.173634252,26.094567369,41.32282747,51.281287901,48.872308277,0.102562576
23,2020-01-01T23:00:00+00:00,distributed_committable,32,A30,117,122,true,500,-235.634317789,25.574917689,243.192603921,7.281680759,237.018159926,243.301593658,0.486603187
23,2020-01-01T23:00:00+00:00,distributed_committable,33,A31-1,118,121,true,500,-70.943312875,-32.484026303,71.10935111,27.998828859,78.026698037,76.422995445,0.156053396
23,2020-01-01T23:00:00+00:00,distributed_committable,34,A31-2,118,121,true,500,-70.943312875,-32.484026303,71.10935111,27.998828859,78.026698037,76.422995445,0.156053396
23,2020-01-01T23:00:00+00:00,distributed_committable,35,A32-1,119,120,true,500,61.917290819,-7.063255241,-61.729042463,0.113732884,62.318861326,61.729147237,0.124637723
23,2020-01-01T23:00:00+00:00,distributed_committable,36,A32-2,119,120,true,500,61.917290819,-7.063255241,-61.729042463,0.113732884,62.318861326,61.729147237,0.124637723
23,2020-01-01T23:00:00+00:00,distributed_committable,37,A33-1,120,123,true,500,39.474712926,-4.634143571,-39.428594927,0.296736367,39.74579534,39.429711518,0.079491591
23,2020-01-01T23:00:00+00:00,distributed_committable,38,A33-2,120,123,true,500,39.474712926,-4.634143571,-39.428594927,0.296736367,39.74579534,39.429711518,0.079491591
23,2020-01-01T23:00:00+00:00,distributed_committable,39,A34,121,122,true,500,-338.120072462,63.735466589,348.007396076,-4.577596385,344.074691169,348.037501015,0.696075002
23,2020-01-01T23:00:00+00:00,distributed_committable,40,AB3,123,217,true,500,91.315603269,-15.504013879,-90.488981335,5.894483224,92.622426263,90.680762433,0.185244853
23,2020-01-01T23:00:00+00:00,distributed_committable,41,B1,201,202,true,175,19.990778237,-36.823512979,-19.97526536,-12.235707909,41.899908384,23.424853772,0.239428048
23,2020-01-01T23:00:00+00:00,distributed_committable,42,B2,201,203,true,175,-44.497794547,22.054566853,45.845884216,-22.822203559,49.663443685,51.212284413,0.292641625
23,2020-01-01T23:00:00+00:00,distributed_committable,43,B3,201,205,true,175,-9.338584203,-4.01994618,9.358220405,1.636879698,10.167060648,9.500298116,0.058097489
23,2020-01-01T23:00:00+00:00,distributed_committable,44,B4,202,204,true,175,-14.188259479,13.622786381,14.324230189,-16.677391405,19.669443709,21.984516246,0.125625807
23,2020-01-01T23:00:00+00:00,distributed_committable,45,B5,202,206,true,175,-4.587616363,-9.377004493,4.617913448,3.867059677,10.439082198,6.023227968,0.059651898
23,2020-01-01T23:00:00+00:00,distributed_committable,46,B6,203,209,true,175,28.486250621,-16.454293247,-28.17265181,14.365509382,32.896964004,31.623822821,0.187982651
23,2020-01-01T23:00:00+00:00,distributed_committable,47,B7,203,224,true,400,-121.484944548,11.24663638,121.785818272,1.390060022,122.004420337,121.793751067,0.305011051
23,2020-01-01T23:00:00+00:00,distributed_committable,48,B8,204,209,true,175,-43.886956467,10.684946889,44.426406756,-11.513832413,45.168938862,45.894160348,0.262252345
23,2020-01-01T23:00:00+00:00,distributed_committable,49,B9,205,210,true,175,-37.72245778,-7.229827912,38.034879657,5.81390114,38.409038423,38.476661978,0.21986664
23,2020-01-01T23:00:00+00:00,distributed_committable,50,B10,206,210,true,175,-58.949410391,-124.759858367,59.40595065,-143.687937261,137.98570667,155.484051552,0.888480295
23,2020-01-01T23:00:00+00:00,distributed_committable,51,B11,207,208,true,175,-49.937037632,-9.987407526,50.372327937,10.012001969,50.925985867,51.357683021,0.293472474
23,2020-01-01T23:00:00+00:00,distributed_committable,52,B12-1,208,209,true,175,-64.758567074,-0.513537047,66.607687433,3.076648248,64.760603223,66.678705669,0.381021175
23,2020-01-01T23:00:00+00:00,distributed_committable,53,B13-2,208,210,true,175,-53.927628343,-23.480835459,55.408706862,24.487717835,58.817843658,60.578652353,0.346163728
23,2020-01-01T23:00:00+00:00,distributed_committable,54,B14,209,211,true,400,-65.307247442,-7.865639874,65.395651196,11.57859753,65.779212971,66.412763202,0.166031908
23,2020-01-01T23:00:00+00:00,distributed_committable,55,B15,209,212,true,400,-87.466047621,-12.444552181,87.625516551,19.142247252,88.346909202,89.692010685,0.224230027
23,2020-01-01T23:00:00+00:00,distributed_committable,56,B16,210,211,true,400,-103.724677172,50.748170752,103.973878292,-40.281723736,115.473743722,111.504191106,0.288684359
23,2020-01-01T23:00:00+00:00,distributed_committable,57,B17,210,212,true,400,-127.026638702,46.658295492,127.368883916,-32.283996528,135.324659535,131.396685734,0.338311649
23,2020-01-01T23:00:00+00:00,distributed_committable,58,B18,211,213,true,500,-64.484135616,0.151476291,64.735756089,-8.135868277,64.484313528,65.245003403,0.130490007
23,2020-01-01T23:00:00+00:00,distributed_committable,59,B19,211,214,true,500,-104.885393871,28.551649915,105.491006525,-32.179455184,108.702081675,110.289935142,0.22057987
23,2020-01-01T23:00:00+00:00,distributed_committable,60,B20,212,213,true,500,-25.647685543,5.956941398,25.694002226,-15.639201333,26.330380258,30.079334579,0.060158669
23,2020-01-01T23:00:00+00:00,distributed_committable,61,B21,212,223,true,500,-189.346714924,7.184807878,193.647008317,6.629001029,189.482980546,193.760438389,0.387520877
23,2020-01-01T23:00:00+00:00,distributed_committable,62,B22,213,223,true,500,-196.296278093,2.202269353,200.542000674,12.664019662,196.308631455,200.941462691,0.401882925
23,2020-01-01T23:00:00+00:00,distributed_committable,63,B23,214,216,true,500,-182.993288929,-3.410121361,184.696890561,15.332428453,183.025060362,185.332201048,0.370664402
23,2020-01-01T23:00:00+00:00,distributed_committable,64,B24,215,216,true,500,-31.624041788,-25.14782173,31.654845266,21.781865816,40.404120542,38.424977648,0.080808241
23,2020-01-01T23:00:00+00:00,distributed_committable,65,B25-1,215,221,true,500,-63.398462526,-5.955503667,63.638917635,-2.46085264,63.677571206,63.686479204,0.127372958
23,2020-01-01T23:00:00+00:00,distributed_committable,66,B25-2,215,221,true,500,-63.398462526,-5.955503667,63.638917635,-2.46085264,63.677571206,63.686479204,0.127372958
23,2020-01-01T23:00:00+00:00,distributed_committable,67,B26,215,224,true,500,122.83986584,-1.620672855,-121.785818267,-1.390060022,122.85055645,121.793751062,0.245701113
23,2020-01-01T23:00:00+00:00,distributed_committable,68,B27,216,217,true,500,-75.089680656,4.516924266,75.258351896,-8.625993312,75.225412899,75.75108772,0.151502175
23,2020-01-01T23:00:00+00:00,distributed_committable,69,B28,216,219,true,500,-37.459371101,-26.985420974,37.518749544,22.446798004,46.167276598,43.720879542,0.092334553
23,2020-01-01T23:00:00+00:00,distributed_committable,70,B29,217,218,true,500,40.754972637,12.552327206,-40.718285497,-15.327522953,42.644210779,43.507605469,0.087015211
23,2020-01-01T23:00:00+00:00,distributed_committable,71,B30,217,222,true,500,-25.524343189,-9.820817119,25.614605077,-11.954141011,27.34850168,28.266755749,0.056533511
23,2020-01-01T23:00:00+00:00,distributed_committable,72,B31-1,218,221,true,500,-46.156991377,-5.919112759,46.220699194,0.91527128,46.534973394,46.229760496,0.093069947
23,2020-01-01T23:00:00+00:00,distributed_committable,73,B31-2,218,221,true,500,-46.156991377,-5.919112759,46.220699194,0.91527128,46.534973394,46.229760496,0.093069947
23,2020-01-01T23:00:00+00:00,distributed_committable,74,B32-1,219,220,true,500,-54.913790017,-18.614080571,55.070794356,11.282012367,57.982827885,56.214555002,0.115965656
23,2020-01-01T23:00:00+00:00,distributed_committable,75,B32-2,219,220,true,500,-54.913790017,-18.614080571,55.070794356,11.282012367,57.982827885,56.214555002,0.115965656
23,2020-01-01T23:00:00+00:00,distributed_committable,76,B33-1,220,223,true,500,-80.638557624,-16.47546428,80.831207047,13.062235129,82.30442211,81.879826693,0.164608844
23,2020-01-01T23:00:00+00:00,distributed_committable,77,B33-2,220,223,true,500,-80.638557624,-16.47546428,80.831207047,13.062235129,82.30442211,81.879826693,0.164608844
23,2020-01-01T23:00:00+00:00,distributed_committable,78,B34,221,222,true,500,-30.10483044,-7.276248188,30.185394923,-6.53419021,30.971674213,30.884522148,0.061943348
23,2020-01-01T23:00:00+00:00,distributed_committable,79,C1,301,302,true,175,25.989232252,-32.035894809,-25.968860396,-17.352373731,41.252136299,31.232780606,0.235726493
23,2020-01-01T23:00:00+00:00,distributed_committable,80,C2,301,303,true,175,-70.228108822,23.220522376,73.109754117,-18.257496777,73.967424777,75.35497552,0.43059986
23,2020-01-01T23:00:00+00:00,distributed_committable,81,C3,301,305,true,175,-5.934486301,-1.405127411,5.941712206,-1.038547181,6.098566282,6.031792784,0.03484895
23,2020-01-01T23:00:00+00:00,distributed_committable,82,C4,302,304,true,175,-17.053469802,15.809727086,17.238445735,-18.692854992,23.254425446,25.428071871,0.145303268
23,2020-01-01T23:00:00+00:00,distributed_committable,83,C5,302,306,true,175,-2.040782752,-7.748716849,2.054166717,2.162107265,8.012952455,2.982332766,0.0457883
23,2020-01-01T23:00:00+00:00,distributed_committable,84,C6,303,309,true,175,65.197567118,-7.834834516,-63.948627471,9.254628222,65.666638333,64.614821047,0.375237933
23,2020-01-01T23:00:00+00:00,distributed_committable,85,C7,303,324,true,400,-80.829592688,8.903308827,80.957599414,-3.527026327,81.318460156,81.034392807,0.20329615
23,2020-01-01T23:00:00+00:00,distributed_committable,86,C8,304,309,true,175,-51.616490666,11.724332371,52.352528973,-11.809255741,52.931295829,53.66792162,0.306673838
23,2020-01-01T23:00:00+00:00,distributed_committable,87,C9,305,310,true,175,-38.926052612,-5.465407265,39.25364493,4.104520942,39.307864971,39.467654256,0.225529453
23,2020-01-01T23:00:00+00:00,distributed_committable,88,C10,306,310,true,175,-65.235438482,-124.652270113,65.792305224,-143.082185638,140.690621145,157.483774636,0.899907284
23,2020-01-01T23:00:00+00:00,distributed_committable,89,C11,307,308,true,175,-58.071021842,-11.614204368,58.674416037,12.313345849,59.221054709,59.952527747,0.342585873
23,2020-01-01T23:00:00+00:00,distributed_committable,90,C12-1,308,309,true,175,-77.918351799,-2.35664522,80.641801958,8.299765458,77.953982091,81.067788484,0.463244506
23,2020-01-01T23:00:00+00:00,distributed_committable,91,C13-2,308,310,true,175,-60.197222118,-26.216586744,62.08240217,28.812972169,65.658319893,68.442764587,0.391101512
23,2020-01-01T23:00:00+00:00,distributed_committable,92,C14,309,311,true,400,-69.266146685,-13.651454671,69.367378569,17.903193791,70.5985927,71.640474297,0.179101186
23,2020-01-01T23:00:00+00:00,distributed_committable,93,C15,309,312,true,400,-80.978987354,-8.818137558,81.113756183,14.478428385,81.45769419,82.395790733,0.205989477
23,2020-01-01T23:00:00+00:00,distributed_committable,94,C16,310,311,true,400,-122.865721117,43.017030347,123.18243145,-29.715196356,130.178532506,126.715840811,0.325446331
23,2020-01-01T23:00:00+00:00,distributed_committable,95,C17,310,312,true,400,-134.853425281,48.56493519,135.237369807,-32.439265085,143.331780286,139.073549288,0.358329451
23,2020-01-01T23:00:00+00:00,distributed_committable,96,C18,311,313,true,500,-115.47584951,21.115404608,116.305471547,-24.578006482,117.390511252,118.874055683,0.237748111
23,2020-01-01T23:00:00+00:00,distributed_committable,97,C19,311,314,true,500,-77.073960508,-9.303402044,77.368041093,2.794213058,77.633425005,77.418482348,0.15526685
23,2020-01-01T23:00:00+00:00,distributed_committable,98,C20,312,313,true,500,-95.073227761,10.736995842,95.626337654,-16.379356838,95.677592552,97.018966103,0.194037932
23,2020-01-01T23:00:00+00:00,distributed_committable,99,C21,312,323,true,500,-121.277898229,7.223840857,123.066004597,-13.318798318,121.492849483,123.7846189,0.247569238
23,2020-01-01T23:00:00+00:00,distributed_committable,100,C22,313,323,true,500,-83.044315086,-1.96129715,83.80409592,-10.438247993,83.067472302,84.451663774,0.168903328
23,2020-01-01T23:00:00+00:00,distributed_committable,101,C23,314,316,true,500,-167.494266991,17.836888318,168.884030781,-9.85945991,168.441337147,169.17158391,0.338343168
23,2020-01-01T23:00:00+00:00,distributed_committable,102,C24,315,316,true,500,-21.376351052,7.525817149,21.386936007,-11.138249371,22.662442676,24.113515522,0.048227031
23,2020-01-01T23:00:00+00:00,distributed_committable,103,C25-1,315,321,true,500,-103.651103797,-12.946133473,104.280586691,7.36617959,104.456467919,104.540429319,0.209080859
23,2020-01-01T23:00:00+00:00,distributed_committable,104,C25-2,315,321,true,500,-103.651103797,-12.946133473,104.280586691,7.36617959,104.456467919,104.540429319,0.209080859
23,2020-01-01T23:00:00+00:00,distributed_committable,105,C26,315,324,true,500,81.410447254,-11.365913387,-80.957599414,3.527026327,82.200029862,81.034392807,0.16440006
23,2020-01-01T23:00:00+00:00,distributed_committable,106,C27,316,317,true,500,-398.949878923,0.663862181,403.598236937,33.881806212,398.950431264,405.017917691,0.810035835
23,2020-01-01T23:00:00+00:00,distributed_committable,107,C28,316,319,true,500,62.222094662,11.042483605,-62.103662908,-15.144302919,63.194347123,63.923507863,0.127847016
23,2020-01-01T23:00:00+00:00,distributed_committable,108,C29,317,318,true,500,271.442442751,0.091513427,-270.05221202,6.474940153,271.442458178,270.129824467,0.542884916
23,2020-01-01T23:00:00+00:00,distributed_committable,109,C30,317,322,true,500,18.403399186,-33.973319639,-18.293224796,10.903756945,38.637695957,21.296337454,0.077275392
23,2020-01-01T23:00:00+00:00,distributed_committable,110,C31-1,318,321,true,500,75.477928971,-14.721793299,-75.311172058,10.386038105,76.900253314,76.023959541,0.153800507
23,2020-01-01T23:00:00+00:00,distributed_committable,111,C31-2,318,321,true,500,75.477928971,-14.721793299,-75.311172058,10.386038105,76.900253314,76.023959541,0.153800507
23,2020-01-01T23:00:00+00:00,distributed_committable,112,C32-1,319,320,true,500,-10.991588359,-1.022359773,10.998028351,-7.365627862,11.039032302,13.236657486,0.026473315
23,2020-01-01T23:00:00+00:00,distributed_committable,113,C32-2,319,320,true,500,-10.991588359,-1.022359773,10.998028351,-7.365627862,11.039032302,13.236657486,0.026473315
23,2020-01-01T23:00:00+00:00,distributed_committable,114,C33-1,320,323,true,500,-40.730391534,1.326241591,40.779768677,-5.640247706,40.751978004,41.167972109,0.082335944
23,2020-01-01T23:00:00+00:00,distributed_committable,115,C33-2,320,323,true,500,-40.730391534,1.326241591,40.779768677,-5.640247706,40.751978004,41.167972109,0.082335944
23,2020-01-01T23:00:00+00:00,distributed_committable,116,C34,321,322,true,500,-57.938829264,-35.504435389,58.293224796,22.884503475,67.95198944,62.624280885,0.135903979
23,2020-01-01T23:00:00+00:00,distributed_committable,117,CA-1,325,121,true,500,-288.429637866,27.56681711,298.470260005,32.29516501,289.743999774,300.212381141,0.600424762
23,2020-01-01T23:00:00+00:00,distributed_committable,118,CB-1,318,223,true,500,-35.60484811,-8.621989436,35.762776681,-13.057854308,36.633917492,38.072086298,0.076144173
23,2020-01-01T23:00:00+00:00,distributed_committable,119,C35,323,325,true,722,-288.429637871,35.037541723,288.429637871,-27.56681711,290.549970457,289.743999779,0.402423782
